year,country,article_group,article,unit,value,quantity,value_inf,engines_agree,section,tier,volume,own_year,row_seq
1872,British North America,BRISTLES,,Lbs,4804.0,27980.0,,0,exact01,B,as_1872,1,82
1872,British North America,CHICORY,Raw or Kiln dried and roasted in Bond,Cwts,1398.0,1099.0,,0,mod,D,as_1872,1,147
1872,British North America,COFFEE,,,13469.0,420560.0,,0,gross,D,as_1872,1,207
1872,British North America,"CORDAGE, TWINE, and CABLE YARN",,,2135.0,,,0,exact01,B,as_1872,1,234
1872,British North America,FRUIT,Currants,Cwts,13862.0,10183.0,13962.0,0,exact01,D,as_1872,1,417
1872,British North America,FRUIT,Figs and Fig Cake,Cwts,3687.0,1735.0,3687.0,1,exact01,A,as_1872,1,424
1872,British North America,FRUIT,Oranges and Lemons,Bushels,9919.0,14183.0,9919.0,1,exact01,A,as_1872,1,436
1872,British North America,FRUIT,Raisins,Cwts,5624.0,3367.0,5624.0,1,exact01,A,as_1872,1,446
1872,British North America,"GOODS, UNENUMERATED",Manufactured,,13137.0,,13137.0,1,within5,C,as_1872,1,1437
1872,British North America,HEMP,Rough or Undressed,Cwts,14837.0,7934.0,,0,exact01,B,as_1872,1,554
1872,British North America,IRON,"Bars, Unwrought",Tons,18112.0,1297.0,,0,within5,D,as_1872,1,627
1872,British North America,IRON,"STEEL, UNWROUGHT",Tons,4665.0,182.0,,0,exact01,B,as_1872,1,633
1872,British North America,LIQUORICE,,Cwts,2715.0,1044.0,,0,exact01,B,as_1872,1,698
1872,British North America,RICE,"Not Rough, nor in the Husk",,43128.0,69791.0,43128.0,1,gross,D,as_1872,1,916
1872,British North America,SALTPETRE,,,5986.0,3898.0,,0,within5,D,as_1872,1,937
1872,British North America,SILK,"Broad Stuffs, Silk or Satin",,34920.0,,34920.0,1,exact01,A,as_1872,1,993
1872,British North America,SILK MANUFACTURES,"Of Countries in Europe : Ribbons, Silk or Satin",,2582.0,,,0,exact01,B,as_1872,1,998
1872,British North America,"SKINS, FURS AND PELTS","Sheep and Lamb, Undressed",No,67849.0,320894.0,67849.0,1,exact01,A,as_1872,1,1025
1872,British North America,SPICES,Pepper,Lbs,4122.0,138276.0,4122.0,1,gross,D,as_1872,1,1068
1872,British North America,SPICES,Unenumerated,Lbs,6659.0,115401.0,6659.0,1,exact01,A,as_1872,1,1076
1872,British North America,SPIRITS,Brandy,Gallons,10207.0,26243.0,10207.0,1,mod,D,as_1872,1,1095
1872,British North America,SPIRITS,"Perfumed, in Bond",,2914.0,692.0,,0,exact01,B,as_1872,1,1126
1872,British North America,SPIRITS,Rum,Gallons,7476.0,42083.0,7476.0,1,within5,C,as_1872,1,1085
1872,British North America,TEA,,,556714.0,7446055.0,,0,exact01,B,as_1872,1,1187
1872,British North America,WINE,Red,Gallons,9748.0,26013.0,,0,within5,D,as_1872,1,1277
1872,British North America,WINE,"Red and White, Mixed",Gallons,344.0,1692.0,314.0,0,exact01,D,as_1872,1,1313
1872,British North America,WINE,Total of all Kinds,Gallons,26718.0,59013.0,26718.0,1,exact01,A,as_1872,1,1334
1872,British North America,WINE,White,Gallons,16626.0,31278.0,16626.0,1,exact01,A,as_1872,1,1300
1872,British North America,WOOL,Sheep and Lambs,Lbs,89033.0,1310793.0,89033.0,1,exact01,A,as_1872,1,1380
1872,British North America,ZINC,"Manufactures, Unenumerated",Cwts,3185.0,2283.0,,0,exact01,B,as_1872,1,1411
1873,British North America,BRISTLES,,Lbs,5659.0,25010.0,,0,exact01,B,as_1873,1,80
1873,British North America,CHICORY,Raw or Kiln dried and roasted in Bond,Cwts,1410.0,1013.0,1410.0,1,exact01,A,as_1873,1,134
1873,British North America,COFFEE,,Cwts,18638.0,4616.0,,0,mod,D,as_1873,1,188
1873,British North America,"FARINACEOUS SUBSTANCES, and Manufactures thereof, Unenumerated",,,6076.0,,,0,gross,D,as_1873,1,358
1873,British North America,FRUIT,Currants,Cwts,19967.0,14657.0,19967.0,1,exact01,A,as_1873,1,406
1873,British North America,FRUIT,Figs and Fig Cake,Cwts,4199.0,2016.0,4199.0,1,exact01,A,as_1873,1,412
1873,British North America,FRUIT,"Nuts, principally used as Fruit",,3505.0,,3505.0,1,exact01,A,as_1873,1,417
1873,British North America,FRUIT,Oranges and Lemons,Bushels,12586.0,16806.0,12586.0,1,exact01,A,as_1873,1,424
1873,British North America,FRUIT,Raisins,Cwts,6967.0,3844.0,6967.0,1,within5,C,as_1873,1,434
1873,British North America,"GOODS, UNENUMERATED",Manufactured,,2987.0,,,0,within5,D,as_1873,1,1329
1873,British North America,HEMP,Rough or Undressed,Cwts,18136.0,9509.0,18136.0,1,exact01,A,as_1873,1,540
1873,British North America,HORS,,Cwts,2431.0,517.0,,0,exact01,B,as_1873,1,582
1873,British North America,IRON,"Bars, Unwrought",Tons,11302.0,620.0,,0,exact01,B,as_1873,1,608
1873,British North America,IRON,"Steel, Unwrought",Tons,2020.0,68.0,,0,exact01,B,as_1873,1,614
1873,British North America,LIQUORICE,,Cwts,5771.0,2419.0,,0,exact01,B,as_1873,1,670
1873,British North America,OIL,Olive,Tuns,9644.0,220.0,,0,exact01,B,as_1873,1,735
1873,British North America,RICE,"Not Rough, nor in the Husk",Cwts,41153.0,73995.0,41153.0,1,exact01,A,as_1873,1,879
1873,British North America,SALTPETRE,,Cwts,3040.0,2165.0,,0,exact01,B,as_1873,1,901
1873,British North America,SILK MANUFACTURES,"Broad Stuffs, Silk or Satin",,5394.0,,5394.0,1,mod,D,as_1873,1,956
1873,British North America,SILK MANUFACTURES,"Of Countries in Europe : Ribbons, Silk or Satin",,2576.0,,,0,exact01,B,as_1873,1,962
1873,British North America,"SKINS, FURS, AND PELTS","Sheep and Lamb, Undressed",No,4269.0,16625.0,,0,exact01,B,as_1873,1,990
1873,British North America,SPICES,Pepper,Lbs,8567.0,284560.0,,0,exact01,B,as_1873,1,1031
1873,British North America,SPICES,Unenumerated,Lbs,11828.0,177132.0,,0,exact01,B,as_1873,1,1040
1873,British North America,SPIRITS,Brandy,Proof Gallons,9341.0,23238.0,,0,exact01,B,as_1873,1,1058
1873,British North America,SPIRITS,"Perfumed, in Bond",,2294.0,592.0,,0,within5,D,as_1873,1,1085
1873,British North America,SUGAR,"Refined, and Candy",,4667.0,2501.0,,0,exact01,B,as_1873,1,1105
1873,British North America,TEA,,,371334.0,5052919.0,,0,exact01,B,as_1873,1,1139
1873,British North America,WINE,Red,Gallons,8411.0,25086.0,8411.0,1,exact01,A,as_1873,1,1190
1873,British North America,WINE,"Red and White, Mixed",Gallons,50.0,238.0,50.0,1,exact01,A,as_1873,1,1217
1873,British North America,WINE,Total of all Kinds,Gallons,26442.0,61613.0,26442.0,1,exact01,A,as_1873,1,1234
1873,British North America,WINE,White,Gallons,17981.0,39319.0,17981.0,1,exact01,A,as_1873,1,1208
1874,British North America,BRISTLES,,Lbs,3374.0,16796.0,418252.0,0,exact01,D,as_1874,1,84
1874,British North America,BUTTER,,Cwts,4090.0,1266.0,,0,exact01,B,as_1874,1,90
1874,British North America,CHICORY,Raw or Kiln dried and roasted in Bond,Cwts,2342.0,1746.0,2342.0,1,exact01,A,as_1874,1,135
1874,British North America,COFFEE,,Cwts,17518.0,3581.0,,0,exact01,B,as_1874,1,186
1874,British North America,"CORDAGE, TWINE, AND CABLE YARN",,,4490.0,,4238.0,0,exact01,D,as_1874,1,224
1874,British North America,Cotton,Flax and Linseed,Qrs,4131.0,1414.0,4131.0,1,exact01,A,as_1874,1,937
1874,British North America,FRUIT,Currants,Cwts,19265.0,15373.0,19265.0,1,within5,C,as_1874,1,408
1874,British North America,FRUIT,Figs and Fig Cake,Cwts,3498.0,1700.0,3498.0,1,exact01,A,as_1874,1,414
1874,British North America,FRUIT,"Nuts, principally used as Fruit",,5169.0,,5169.0,1,exact01,A,as_1874,1,421
1874,British North America,FRUIT,Oranges and Lemons,Bushels,18674.0,24873.0,18674.0,1,exact01,A,as_1874,1,428
1874,British North America,FRUIT,Raisins,Cwts,9621.0,5404.0,9621.0,1,exact01,A,as_1874,1,436
1874,British North America,"GOODS, UNENUMERATED",Manufactured,,10944.0,,10944.0,1,exact01,A,as_1874,1,1413
1874,British North America,HEMP,Rough or Undressed,Cwts,23560.0,14159.0,23560.0,1,exact01,A,as_1874,1,545
1874,British North America,LIQUORICE,,Cwts,2842.0,1117.0,,0,exact01,B,as_1874,1,676
1874,British North America,OIL,Olive,Tuns,6846.0,157.0,,0,exact01,B,as_1874,1,756
1874,British North America,"PAINTERS' COLOURS AND PIGMENTS, Unenumerated",Manufactured,,1176.0,,10944.0,0,exact01,D,as_1874,1,805
1874,British North America,RICE,Not in the Husk,Cwts,56381.0,91399.0,56381.0,1,exact01,A,as_1874,1,903
1874,British North America,SAGO AND SAGO FLOUR,,Cwts,2030.0,2251.0,,0,mod,D,as_1874,1,923
1874,British North America,SALTPETRE,,Cwts,3018.0,2605.0,,0,exact01,B,as_1874,1,930
1874,British North America,"SKINS, FURS, AND PELTS","Sheep and Lamb, Undressed",No,10731.0,29447.0,,0,exact01,B,as_1874,1,1018
1874,British North America,SPIRITS,"Perfumed, in Bond",,3269.0,685.0,,0,exact01,B,as_1874,1,1126
1874,British North America,SUGAR,"Unrefined, of all Kinds",,18870.0,22830.0,,0,exact01,B,as_1874,1,1158
1874,British North America,Spirits,Brandy,Proof Gallons,6868.0,15516.0,6868.0,1,exact01,A,as_1874,1,1098
1874,British North America,Spirits,Ginger (Raw),Owts,3756.0,1176.0,,0,exact01,B,as_1874,1,1059
1874,British North America,Spirits,Pepper,Lbs,8854.0,312626.0,8854.0,1,exact01,A,as_1874,1,1071
1874,British North America,Spirits,Rum,Proof Gallons,7976.0,43341.0,7976.0,1,exact01,A,as_1874,1,1090
1874,British North America,Spirits,Unenumerated,Lbs,14613.0,209658.0,14613.0,1,exact01,A,as_1874,1,1080
1874,British North America,TAN,,,4096.0,2694.0,17518.0,0,gross,D,as_1874,1,1175
1874,British North America,TEA,,,418252.0,5947640.0,17518.0,0,within5,D,as_1874,1,1187
1874,British North America,WINE,Red,Gallons,9417.0,23945.0,9417.0,1,exact01,A,as_1874,1,1277
1874,British North America,WINE,Total of all Kinds,Gallons,26954.0,52908.0,26954.0,1,exact01,A,as_1874,1,1317
1874,British North America,WINE,White,Gallons,17537.0,28963.0,17537.0,1,exact01,A,as_1874,1,1293
1874,British North America,ZINC,"Manufactures, Unenumerated",Cwts,5513.0,3297.0,,0,exact01,B,as_1874,1,1392
1875,British North America,BEADS,Of Glass,Lbs,2158.0,53807.0,2158.0,1,exact01,A,as_1875,1,73
1875,British North America,BRISTLES,,Lbs,2719.0,17024.0,,0,exact01,B,as_1875,1,95
1875,British North America,CHICORY,Raw or Kiln dried and roasted in Bond,Cwts,1268.0,989.0,1268.0,1,exact01,A,as_1875,1,143
1875,British North America,"CORDAGE, TWINE, AND CABLE YARN",,,3053.0,,3053.0,1,exact01,A,as_1875,1,224
1875,British North America,FRUIT,Currants,Cwts,12120.0,10586.0,12120.0,1,exact01,A,as_1875,1,397
1875,British North America,FRUIT,Figs and Fig Cake,Cwts,2405.0,1316.0,2105.0,0,exact01,D,as_1875,1,404
1875,British North America,FRUIT,"Nuts, principally used as Fruit",,2184.0,,2184.0,1,exact01,A,as_1875,1,411
1875,British North America,FRUIT,Oranges and Lemons,Bushels,14569.0,23213.0,,0,within5,D,as_1875,1,418
1875,British North America,FRUIT,Raisins,Cwts,9177.0,5110.0,9177.0,1,exact01,A,as_1875,1,428
1875,British North America,FURNITURE AND HARDWOODS,"House Frames, Fittings, and Joiners' Work",Cwts,2642.0,1814.0,,0,exact01,B,as_1875,1,1345
1875,British North America,HEMP,Rough or Undressed,Cwts,8665.0,5093.0,8665.0,1,exact01,A,as_1875,1,533
1875,British North America,OIL,Olive,Tuns,9877.0,241.0,,0,exact01,B,as_1875,1,723
1875,British North America,RICE,Not in the Husk,Cwts,39023.0,72635.0,39023.0,1,exact01,A,as_1875,1,853
1875,British North America,SALT,SALTPETRE,Cwts,2494.0,2468.0,2494.0,1,exact01,A,as_1875,1,875
1875,British North America,SILK MANUFACTURES,"Sheep and Lamb, Undressed",No,5869.0,15560.0,5869.0,1,exact01,A,as_1875,1,972
1875,British North America,SPICES,Pepper,Lbs,8084.0,370203.0,8084.0,1,exact01,A,as_1875,1,1019
1875,British North America,SPICES,Unenumerated,Lbs,11204.0,151499.0,11204.0,1,exact01,A,as_1875,1,1028
1875,British North America,SPIRITS,Brandy,Proof Gallons,7570.0,17749.0,7570.0,1,exact01,A,as_1875,1,1046
1875,British North America,SPIRITS,"Perfumed, in Bond",Gallons,2425.0,556.0,2425.0,1,exact01,A,as_1875,1,1075
1875,British North America,SPIRITS,Rum,Proof Gallons,5888.0,35134.0,5888.0,1,exact01,A,as_1875,1,1037
1875,British North America,TEA,,Lbs,324451.0,4865993.0,,0,exact01,B,as_1875,1,1135
1875,British North America,WINE,Red,Gallons,5430.0,15363.0,,0,mod,D,as_1875,1,1228
1875,British North America,WINE,"Red and White, Mixed",Gallons,100.0,418.0,100.0,1,exact01,A,as_1875,1,1256
1875,British North America,WINE,Total of all Kinds,Gallons,17817.0,37562.0,17817.0,1,exact01,A,as_1875,1,1273
1875,British North America,WINE,White,Gallons,12287.0,21691.0,12287.0,1,exact01,A,as_1875,1,1246
1876,British North America,BRISTLES,,Lbs,3937.0,22512.0,,0,exact01,B,as_1876,1,82
1876,British North America,BUTTER,,Cwts,2041.0,679.0,,0,exact01,B,as_1876,1,100
1876,British North America,CHEMICAL MANUFACTURES AND PRODUCTS,,,3027.0,,,0,exact01,B,as_1876,1,152
1876,British North America,CHICORY,Roasted or Ground in Bond,Lbs,1354.0,120908.0,1354.0,1,exact01,A,as_1876,1,160
1876,British North America,Drugs,Unenumerated,,5812.0,,5812.0,1,exact01,A,as_1876,1,384
1876,British North America,FRUIT,Currants,Cwts,9073.0,6222.0,9073.0,1,exact01,A,as_1876,1,475
1876,British North America,FRUIT,Figs and Fig Cake,Cwts,3011.0,1250.0,3011.0,1,exact01,A,as_1876,1,484
1876,British North America,FRUIT,Oranges and Lemons,Bushels,18651.0,29278.0,18651.0,1,within5,C,as_1876,1,497
1876,British North America,FRUIT,Raisins,Cwts,14545.0,9086.0,14545.0,1,mod,D,as_1876,1,508
1876,British North America,OIL,Olive,Tuns,8409.0,180.0,8409.0,1,within5,C,as_1876,1,750
1876,British North America,RICE,Not in the Husk,Cwts,33251.0,62889.0,,0,exact01,B,as_1876,1,880
1876,British North America,"SKINS, FURS, AND PELTS","Sheep and Lamb, Undressed",No,5102.0,19193.0,5102.0,1,exact01,A,as_1876,1,1002
1876,British North America,SPICES,Pepper,Lbs,7918.0,467675.0,7918.0,1,exact01,A,as_1876,1,1051
1876,British North America,SPICES,Unenumerated,Lbs,14067.0,195184.0,14067.0,1,exact01,A,as_1876,1,1068
1876,British North America,SPRITS,Brandy,Proof Gallons,6284.0,14052.0,,0,mod,D,as_1876,1,1093
1876,British North America,SPRITS,Rum,Proof Gallons,5973.0,33102.0,,0,mod,D,as_1876,1,1080
1876,British North America,SUGAR,"Refined, and Candy",Cwts,26391.0,21165.0,,0,exact01,B,as_1876,1,1148
1876,British North America,SUGAR,"Unrefined, of all Kinds",Cwts,12306.0,10562.0,,0,exact01,B,as_1876,1,1158
1876,British North America,TEA,,Lbs,339303.0,5467594.0,,0,within5,D,as_1876,1,1190
1876,British North America,WINE,,Gallons,10851.0,21919.0,,0,exact01,B,as_1876,1,1288
1876,British North America,WINE,Total of all Kinds,Gallons,19574.0,45310.0,19574.0,1,mod,D,as_1876,1,1311
1876,British North America,ZINC,"Manufactures, Unenumerated",Cwts,11197.0,8101.0,11197.0,1,exact01,A,as_1876,1,1390
1877,British North America,CHEMICAL MANUFACTURES AND PRODUCTS,,,2624.0,,,0,exact01,B,as_1877,1,152
1877,British North America,CORN,Manufactured,Lbs,909.0,16206.0,,0,exact01,B,as_1877,1,269
1877,British North America,Drugs,Unenumerated,,11426.0,,11426.0,1,mod,D,as_1877,1,374
1877,British North America,FRUIT,Currants,Cwts,12811.0,8490.0,12811.0,1,exact01,A,as_1877,1,458
1877,British North America,FRUIT,Figs and Fig Cake,Cwts,3325.0,1535.0,3925.0,0,exact01,D,as_1877,1,466
1877,British North America,FRUIT,Oranges and Lemons,Bushels,23297.0,39206.0,23297.0,1,exact01,A,as_1877,1,480
1877,British North America,Fruit,Raisins,,10594.0,7626.0,,0,gross,D,as_1877,1,491
1877,British North America,Fruit,"Raw, Unenumerated",,2487.0,3288.0,2487.0,1,gross,D,as_1877,1,497
1877,British North America,HEMP,Dressed,Cwts,3018.0,1510.0,3018.0,1,exact01,A,as_1877,1,589
1877,British North America,HIDES,"Not Tanned, &c., Dry",Cwts,18920.0,5622.0,18920.0,1,exact01,A,as_1877,1,610
1877,British North America,IRON,Bars,Tons,5343.0,401.0,,0,exact01,B,as_1877,1,677
1877,British North America,LIQUORICE,,Cwts,3961.0,1897.0,,0,exact01,B,as_1877,1,745
1877,British North America,RICE,Not in the Husk,Cwts,38854.0,62152.0,38854.0,1,exact01,A,as_1877,1,967
1877,British North America,"SKINS, FURS, AND PELTS","Unenumerated, being Furs",,9219.0,62816.0,,0,within5,D,as_1877,1,1087
1877,British North America,"SKINS, FURS, AND PELTS","Unenumerated, in any way dressed, not Leather",,4050.0,14360.0,,0,exact01,B,as_1877,1,1082
1877,British North America,SPICES,Ginger (Raw),,2692.0,1125.0,,0,within5,D,as_1877,1,1184
1877,British North America,SPICES,Pepper,,5935.0,338049.0,,0,exact01,B,as_1877,1,1197
1877,British North America,SPICES,Unenumerated,,9911.0,151351.0,11426.0,0,exact01,D,as_1877,1,1214
1877,British North America,SPIRITS,Brandy,,4634.0,9441.0,,0,within5,D,as_1877,1,1239
1877,British North America,SPIRITS,Brandy,,4634.0,9441.0,,0,within5,D,as_1877,1,1252
1877,British North America,SPIRITS,Brandy,,4634.0,9441.0,,0,within5,D,as_1877,1,1265
1877,British North America,SPIRITS,Brandy,,4634.0,9441.0,,0,within5,D,as_1877,1,1278
1877,British North America,SPIRITS,Brandy,,4634.0,9441.0,,0,within5,D,as_1877,1,1291
1877,British North America,SPIRITS,Rum,,4170.0,23527.0,,0,exact01,B,as_1877,1,1227
1877,British North America,SUGAR,"Refined, and Candy",Cwts,13486.0,10585.0,13486.0,1,exact01,A,as_1877,1,1345
1877,British North America,TEA,,Lbs,321180.0,5497987.0,,0,exact01,B,as_1877,1,1392
1877,British North America,WINE,Red,Gallons,5214.0,16774.0,5214.0,1,exact01,A,as_1877,1,1494
1877,British North America,WINE,Total of all Kinds,Gallons,14942.0,35475.0,14942.0,1,exact01,A,as_1877,1,1539
1877,British North America,WINE,White,Gallons,9668.0,18348.0,9668.0,1,within5,C,as_1877,1,1517
1877,British North America,ZINC,"Manufactures, Unenumerated",Cwts,3915.0,3072.0,,0,exact01,B,as_1877,1,1618
1878,British North America,CHEMICAL MANUFACTURES AND PRODUCTS,,,3255.0,,,0,exact01,B,as_1878,1,23
1878,British North America,Drugs,Unenumerated,,5850.0,,5850.0,1,exact01,A,as_1878,1,229
1878,British North America,"FISH, FRESH (not of British taking)",Cured or Salted,Cwts,6901.0,1317.0,6901.0,1,exact01,A,as_1878,1,290
1878,British North America,FRUIT,Curraunts,Cwts,12942.0,16979.0,,0,mod,D,as_1878,1,322
1878,British North America,FRUIT,Figs and Fig Cake,Cwts,3174.0,1512.0,3174.0,1,exact01,A,as_1878,1,328
1878,British North America,FRUIT,Oranges and Lemons,Bushels,34908.0,57662.0,34908.0,1,exact01,A,as_1878,1,341
1878,British North America,FRUIT,Raisins,Cwts,21333.0,16293.0,21333.0,1,exact01,A,as_1878,1,350
1878,British North America,FRUIT,"Raw, Unenumerated",Bushels,3996.0,4761.0,3996.0,1,exact01,A,as_1878,1,359
1878,British North America,GLASS,Flint,Cwts,4190.0,4488.0,,0,exact01,B,as_1878,1,391
1878,British North America,GLASS,"Window and German Sheet, including Shades and Cylinders",Cwts,4190.0,4488.0,,0,exact01,B,as_1878,1,385
1878,British North America,HEMP,Rough or Undressed,Cwts,6673.0,4880.0,6673.0,1,exact01,A,as_1878,1,473
1878,British North America,HIDES,"Not Tanned, &c., Dry",Cwts,17230.0,6163.0,17230.0,1,exact01,A,as_1878,1,491
1878,British North America,IRON,Bars,Tons,7391.0,729.0,7391.0,1,exact01,A,as_1878,1,553
1878,British North America,RICE,,,63803.0,102512.0,,0,within5,D,as_1878,1,847
1878,British North America,SPICES,Ginger (Raw),Cwts,2874.0,1378.0,2874.0,1,exact01,A,as_1878,1,983
1878,British North America,SPICES,Pepper,Lbs,5671.0,385715.0,,0,exact01,B,as_1878,1,997
1878,British North America,SPICES,Unenumerated,Lbs,11589.0,185413.0,,0,exact01,B,as_1878,1,1013
1878,British North America,SPIRITS,Brandy,Proof Gallons,3591.0,7182.0,3591.0,1,exact01,A,as_1878,1,1040
1878,British North America,SPIRITS,Rum,Proof Gallons,3270.0,19738.0,3270.0,1,exact01,A,as_1878,1,1028
1878,British North America,SUGAR,"Refined, and Candy",Cwts,6359.0,5695.0,6359.0,1,exact01,A,as_1878,1,1100
1878,British North America,TEA,,Lbs,287456.0,4465959.0,,0,exact01,B,as_1878,1,1146
1878,British North America,WINE,Red,Gallons,5998.0,17232.0,5998.0,1,exact01,A,as_1878,1,1248
1878,British North America,WINE,Total of all Kinds,Gallons,9731.0,18391.0,15729.0,0,within5,D,as_1878,1,1273
1878,British North America,WINE,Total of all Kinds,Gallons,15729.0,35623.0,15729.0,1,exact01,A,as_1878,1,1295
1879,British North America,CHEMICAL MANUFACTURES AND PRODUCTS,,,4094.0,,4094.0,1,exact01,A,as_1879,1,149
1879,British North America,DRUGS,Unenumerated,,5798.0,,5798.0,1,exact01,A,as_1879,1,349
1879,British North America,"FISH, FRESH (not of British taking)",Cured or Salted,,5366.0,1160.0,,0,exact01,B,as_1879,1,412
1879,British North America,FRUIT,Oranges and Lemons,,27152.0,55210.0,,0,within5,D,as_1879,1,452
1879,British North America,FRUIT,Raisins,Cwts,7546.0,5160.0,7546.0,1,exact01,A,as_1879,1,466
1879,British North America,FRUIT,"Raw, Unenumerated",Bushels,3992.0,5550.0,3992.0,1,exact01,A,as_1879,1,475
1879,British North America,GLASS,"Window and German Sheet, including Shades and Cylinders",Cwts,5481.0,6025.0,5481.0,1,exact01,A,as_1879,1,501
1879,British North America,HEMP,Rough or Undressed,Cwts,8986.0,6553.0,8986.0,1,exact01,A,as_1879,1,580
1879,British North America,OIL,Olive,Tuns,4165.0,95.0,,0,exact01,B,as_1879,1,813
1879,British North America,RICE,,Cwts,49153.0,76709.0,,0,within5,D,as_1879,1,951
1879,British North America,SPICES,Pepper,Lbs,6283.0,136600.0,6283.0,1,exact01,A,as_1879,1,1113
1879,British North America,SPICES,Unenumerated,Lbs,12724.0,278100.0,,0,within5,D,as_1879,1,1128
1879,British North America,SPIRITS,Brandy,Proof Gallons,3710.0,9418.0,,0,within5,D,as_1879,1,1142
1879,British North America,SPIRITS,Rum,Proof Gallons,3917.0,27612.0,,0,exact01,B,as_1879,1,1160
1879,British North America,SUGAR,"Refined, and Candy",Cwts,329.0,253.0,329.0,1,mod,D,as_1879,1,1216
1879,British North America,TEA,,Lbs,384163.0,6065816.0,,0,exact01,B,as_1879,1,1259
1879,British North America,TOBACCO,"Manufactured, Cigars",Lbs,2573.0,5192.0,2573.0,1,within5,C,as_1879,1,1297
1879,British North America,WINE,Red,,3131.0,9612.0,,0,within5,D,as_1879,1,1358
1879,British North America,WINE,Total of all Kinds,,6549.0,12258.0,,0,mod,D,as_1879,1,1389
1879,British North America,WINE,Total of all Kinds,,9761.0,22251.0,,0,mod,D,as_1879,1,1415
1879,British North America,ZINC,Manufactured,,10524.0,,,0,within5,D,as_1879,1,1521
1880,British North America,CHEMICAL MANUFACTURES AND PRODUCTS,,,5198.0,,5198.0,1,exact01,A,as_1880,1,168
1880,British North America,"FISH, FRESH (not of British taking)",Cured or Salted,Cwts,4989.0,991.0,4989.0,1,exact01,A,as_1880,1,431
1880,British North America,FRUIT,Oranges and Lemons,Bushels,27848.0,51986.0,,0,exact01,B,as_1880,1,476
1880,British North America,FRUIT,Raisins,Cwts,9508.0,6864.0,9508.0,1,exact01,A,as_1880,1,492
1880,British North America,GLASS,"Window and German Sheet, including Shades and Cylinders",Cwts,7542.0,7053.0,7542.0,1,exact01,A,as_1880,1,525
1880,British North America,HEMP,Rough or Undressed,Cwts,38297.0,25625.0,38297.0,1,exact01,A,as_1880,1,612
1880,British North America,IRON,"Manufactures of Iron or Steel, Unenumerated",Cwts,11911.0,18382.0,,0,exact01,B,as_1880,1,709
1880,British North America,OIL,Olive,Tuns,4084.0,91.0,,0,exact01,B,as_1880,1,862
1880,British North America,"SKINS, FURS, AND PELTS","Sheep and Lamb, Undressed",No,7258.0,67656.0,7258.0,1,exact01,A,as_1880,1,1051
1880,British North America,SPICES,Pepper,,5039.0,280159.0,5039.0,1,gross,D,as_1880,1,1111
1880,British North America,SPICES,Unenumerated,,10475.0,200846.0,10475.0,1,gross,D,as_1880,1,1124
1880,British North America,SPIRITS,Brandy,,5627.0,44831.0,,0,mod,D,as_1880,1,1138
1880,British North America,SPIRITS,"Perfumed, in Bond",,,587.0,,0,none,X,as_1880,1,1184
1880,British North America,SPIRITS,"Perfumed, in Bond",,2610.0,652.0,,0,mod,D,as_1880,1,1187
1880,British North America,SPIRITS,Rum,,6405.0,354779.0,,0,within5,D,as_1880,1,1153
1880,British North America,SUGAR,Molasses,Cwts,9165.0,13457.0,9165.0,1,exact01,A,as_1880,1,1232
1880,British North America,TEA,,Lbs,406913.0,6257384.0,,0,exact01,B,as_1880,1,1256
1880,British North America,TOBACCO,"Manufactured, Cigars",Lbs,2472.0,5717.0,2172.0,0,exact01,D,as_1880,1,1293
1880,British North America,WINE,Red,Gallons,4011.0,12010.0,,0,exact01,B,as_1880,1,1345
1880,British North America,WINE,Total of all Kinds,Gallons,9136.0,21058.0,9136.0,1,exact01,A,as_1880,1,1398
1880,British North America,WINE,White,Gallons,5125.0,9018.0,,0,within5,D,as_1880,1,1372
1880,British North America,ZINC,Manufactured,,11286.0,,,0,within5,D,as_1880,1,1509
1881,British North America,BRISTLES,,,2963.0,22897.0,,0,exact01,B,as_1881,1,104
1881,British North America,CHEMICAL MANUFACTURES AND PRODUCTS,,,7733.0,,,0,exact01,B,as_1881,1,176
1881,British North America,Cotton,"Manufactures, Unenumerated",,4577.0,,4577.0,1,exact01,A,as_1881,1,363
1881,British North America,"FISH, FRESH (not of British taking)",Cured or Salted,Cwts,9382.0,1726.0,,0,exact01,B,as_1881,1,444
1881,British North America,FRUIT,Currants,Cwts,7545.0,5926.0,7545.0,1,mod,D,as_1881,1,475
1881,British North America,FRUIT,Oranges and Lemons,Bushels,18510.0,37405.0,18510.0,1,exact01,A,as_1881,1,493
1881,British North America,FRUIT,Raisins,Cwts,9879.0,5735.0,9579.0,0,exact01,D,as_1881,1,506
1881,British North America,FRUIT,"Raw, Unenumerated",Bushels,4461.0,5781.0,4161.0,0,exact01,D,as_1881,1,516
1881,British North America,HEMP,Rough or Undressed,Cwts,56508.0,30314.0,56808.0,0,exact01,D,as_1881,1,633
1881,British North America,Ice,INDIGO,Cwts,15119.0,22921.0,15119.0,1,within5,C,as_1881,1,727
1881,British North America,Ice,INDIGO,Tons,10426.0,1057.0,10426.0,1,exact01,A,as_1881,1,707
1881,British North America,LIQUORICE,,Cwts,5285.0,2572.0,,0,exact01,B,as_1881,1,780
1881,British North America,RICE,,Cwts,50845.0,98667.0,,0,exact01,B,as_1881,1,1036
1881,British North America,"SKINS, FURS, AND PELTS","Unenumerated, being Furs",No,6864.0,37256.0,6864.0,1,exact01,A,as_1881,1,1168
1881,British North America,SPICES,Pepper,Lbs,4874.0,214576.0,,0,gross,D,as_1881,1,1212
1881,British North America,SPICES,Unenumerated,Lbs,14425.0,276178.0,,0,within5,D,as_1881,1,1228
1881,British North America,SPIRITS,Brandy,Proof Gallons,5933.0,12336.0,5933.0,1,exact01,A,as_1881,1,1239
1881,British North America,SPIRITS,Rum,Proof Gallons,6663.0,42794.0,6663.0,1,exact01,A,as_1881,1,1253
1881,British North America,TEA,,Lbs,414678.0,6640771.0,414678.0,1,exact01,A,as_1881,1,1359
1881,British North America,TOBACCO,"Manufactured, Cigars",Lbs,4501.0,12792.0,4501.0,1,exact01,A,as_1881,1,1402
1881,British North America,WINE,Red,Gallons,6311.0,21906.0,6311.0,1,exact01,A,as_1881,1,1458
1881,British North America,WINE,Total of all Kinds,Gallons,14143.0,36516.0,14143.0,1,exact01,A,as_1881,1,1508
1881,British North America,WINE,White,Gallons,7832.0,14640.0,,0,exact01,B,as_1881,1,1483
1881,British North America,WOOLLEN MANUFACTURES,Unenumerated,,4440.0,,,0,exact01,B,as_1881,1,1580
1881,British North America,WOOLLEN MANUFACTURES,Unenumerated,Cwts,17826.0,,,0,exact01,B,as_1881,1,1625
1882,British North America,CHEMICAL MANUFACTURES AND PRODUCTS,,,13220.0,,13220.0,1,exact01,A,as_1882,1,156
1882,British North America,Cotton,"Manufactures, Unenumerated",,4323.0,,4323.0,1,within5,C,as_1882,1,344
1882,British North America,Cotton,"Manufactures, Unenumerated",,4323.0,,4323.0,1,within5,C,as_1882,1,353
1882,British North America,EMBROIDERY AND NEEDLEWORK,,,8791.0,,8791.0,1,exact01,A,as_1882,1,467
1882,British North America,"FISH, FRESH (not of British taking)",Cured or Salted,Cwts,7985.0,1491.0,7985.0,1,exact01,A,as_1882,1,508
1882,British North America,FRUIT,Currants,Cwts,8843.0,7095.0,8843.0,1,exact01,A,as_1882,1,535
1882,British North America,FRUIT,Oranges or Lemons,Bushels,26059.0,51951.0,26059.0,1,exact01,A,as_1882,1,553
1882,British North America,FRUIT,Raisins,Cwts,8107.0,4664.0,8107.0,1,exact01,A,as_1882,1,565
1882,British North America,FRUIT,"Unenumerated, Raw",Bushels,7208.0,13014.0,7208.0,1,exact01,A,as_1882,1,570
1882,British North America,HEMP,,Cwts,24461.0,14966.0,,0,exact01,B,as_1882,1,677
1882,British North America,Iron,Bars,Tons,8675.0,890.0,,0,exact01,B,as_1882,1,730
1882,British North America,Iron,"Manufactures of, Unenumerated",Cwts,6984.0,9743.0,,0,exact01,B,as_1882,1,756
1882,British North America,LIQUORICE,,Cwts,8207.0,3856.0,,0,exact01,B,as_1882,1,837
1882,British North America,"OIL, FISH",Castor,Cwts,3083.0,2025.0,3083.0,1,exact01,A,as_1882,1,919
1882,British North America,"PAINTERS' COLOURS AND PIGMENTS, Unenumerated",,,10745.0,,13220.0,0,within5,D,as_1882,1,1000
1882,British North America,RAGS and other Materials used for making Paper,,Cwts,21759.0,52585.0,,0,within5,D,as_1882,1,1110
1882,British North America,SALTPETRE,,Cwts,5048.0,4289.0,,0,exact01,B,as_1882,1,1125
1882,British North America,SILK,"Manufacturers, viz., Broad Stuffs, Silk or Satin",,4803.0,,4803.0,1,exact01,A,as_1882,1,1181
1882,British North America,SILK,"Manufactures of Silk, or of Silk mixed   » with other Materials, Unenumerated",,4273.0,,4273.0,1,exact01,A,as_1882,1,1198
1882,British North America,SPICES,Pepper,Lbs,11380.0,476941.0,,0,exact01,B,as_1882,1,1266
1882,British North America,SPICES,Unenumerated,Lbs,15182.0,319484.0,,0,mod,D,as_1882,1,1281
1882,British North America,SPIRITS,Brandy,Proof Gallons,3290.0,6212.0,3290.0,1,within5,C,as_1882,1,1293
1882,British North America,SPIRITS,Rum,Proof Gallons,7696.0,50964.0,7896.0,0,exact01,D,as_1882,1,1309
1882,British North America,TALLOW AND STEARINE,TRF,Lbs,458805.0,7644027.0,,0,within5,D,as_1882,1,1439
1882,British North America,TOBACCO,"Manufactured, Cigars",Lbs,7906.0,16572.0,7906.0,1,within5,C,as_1882,1,1473
1882,British North America,WINE,Red,Gallons,10436.0,38905.0,10136.0,0,exact01,D,as_1882,1,1529
1882,British North America,WINE,Total of all Kinds,,17356.0,53682.0,,0,exact01,B,as_1882,1,1580
1882,British North America,WINE,White,Gallons,6830.0,14036.0,,0,within5,D,as_1882,1,1554
1882,British North America,WOOLLEN MANUFACTURES,Manufactured,,19459.0,,,0,within5,D,as_1882,1,1693
1882,British North America,WOOLLEN MANUFACTURES,Unenumerated,,10052.0,,10052.0,1,exact01,A,as_1882,1,1655
1883,British North America,CHEMICAL MANUFACTURES AND PRO- DUCTS,,,10599.0,,10599.0,1,exact01,A,as_1883,1,138
1883,British North America,COFFEE,,Cwts,10504.0,2855.0,10504.0,1,none,X,as_1883,1,193
1883,British North America,COTTON,"Hosiery, of all Sorts",,8414.0,,4342.0,0,gross,D,as_1883,1,308
1883,British North America,DYE WOODS,Logwood,Tons,2526.0,428.0,2526.0,1,exact01,A,as_1883,1,418
1883,British North America,EMBROIDERY AND NEEDLEWORK,,,11031.0,,10599.0,0,exact01,D,as_1883,1,428
1883,British North America,FRUIT,Currants,Cwts,7255.0,5626.0,,0,exact01,B,as_1883,1,498
1883,British North America,FRUIT,Oranges and Lemons,Bushels,30996.0,78409.0,,0,exact01,B,as_1883,1,515
1883,British North America,FRUIT,Raisins,Cwts,6503.0,3984.0,,0,exact01,B,as_1883,1,526
1883,British North America,FRUIT,"Unenumerated, Raw",Bushels,8958.0,14710.0,,0,exact01,B,as_1883,1,531
1883,British North America,"Fish, Fresh (not of British taking)",Cured or Salted,Cwts,15745.0,3896.0,,0,exact01,B,as_1883,1,470
1883,British North America,HEMP,Dressed or Undressed,Cwts,36013.0,19311.0,36013.0,1,exact01,A,as_1883,1,639
1883,British North America,IRON,"Bar, &c.",Tons,10536.0,1132.0,10536.0,1,exact01,A,as_1883,1,697
1883,British North America,IRON,"Manufactures of, Unenumerated",Cwts,14408.0,24034.0,14408.0,1,exact01,A,as_1883,1,723
1883,British North America,"PAINTERS' COLOURS AND PIGMENTS, Unenumerated",,,4305.0,,10599.0,0,exact01,D,as_1883,1,955
1883,British North America,Rice,,Cwts,15097.0,29779.0,10504.0,0,gross,D,as_1883,1,1065
1883,British North America,SILK,"Manufactures of Silk, or of Silk mixed with other Materials, Unenumerated",,4282.0,,4282.0,1,exact01,A,as_1883,1,1160
1883,British North America,"SKINS, FURS, AND PELTS",Furs,No,12840.0,61916.0,,0,exact01,B,as_1883,1,1198
1883,British North America,SPICES,Brandy,Proof Gallons,2963.0,5857.0,,0,exact01,B,as_1883,1,1259
1883,British North America,SPICES,Pepper,Lbs,12753.0,515707.0,,0,exact01,B,as_1883,1,1232
1883,British North America,SPICES,Unenumerated,Lbs,7252.0,177293.0,,0,exact01,B,as_1883,1,1248
1883,British North America,SPIRITS,Rum,Proof Gallons,6316.0,41436.0,,0,exact01,B,as_1883,1,1274
1883,British North America,"SUGAR, Refined, in Lumps and Loaves","Unrefined, Beetroot",,25157.0,27558.0,,0,mod,D,as_1883,1,1354
1883,British North America,TEA,,Lbs,448529.0,7906308.0,448529.0,1,exact01,A,as_1883,1,1403
1883,British North America,TOBACCO,"Manufactured, Cigars",Lbs,3843.0,8882.0,3843.0,1,within5,C,as_1883,1,1437
1883,British North America,WINE,Red,Gallons,5815.0,18669.0,,0,exact01,B,as_1883,1,1492
1883,British North America,WINE,Total of all Kinds,,13082.0,31400.0,13082.0,1,exact01,A,as_1883,1,1542
1883,British North America,WINE,White,Gallons,7267.0,12731.0,7267.0,1,exact01,A,as_1883,1,1516
1883,British North America,WOOLLEN MANUFACTURES,Unenumerated,,11064.0,,11064.0,1,exact01,A,as_1883,1,1613
1883,British North America,ZINC,"Manufactured, Unenumerated",,22132.0,,22132.0,1,exact01,A,as_1883,1,1654
1884,British North America,CHEMICAL MANUFACTURES AND PRODUCTS,,,15214.0,,15214.0,1,exact01,A,as_1884,1,137
1884,British North America,COFFEE,,Cwts,16736.0,4042.0,16736.0,1,exact01,A,as_1884,1,192
1884,British North America,"CORDAGE, TWINE, AND CABLE YARN",,,4963.0,,4963.0,1,exact01,A,as_1884,1,239
1884,British North America,COTTON,"Hosiery, of all Sorts",,3935.0,,3935.0,1,exact01,A,as_1884,1,325
1884,British North America,COTTON,Piece Goods other than Muslins,Yds,4916.0,170899.0,4916.0,1,exact01,A,as_1884,1,319
1884,British North America,Cotton,"Unenumerated, other Sorts",Cwts,7009.0,8167.0,7009.0,1,exact01,A,as_1884,1,1167
1884,British North America,EMBROIDERY AND NEEDLEWORK,,,10773.0,,10773.0,1,exact01,A,as_1884,1,453
1884,British North America,"Fish, Fresh (not of British taking)",Cured or Salted,Cwts,9476.0,2950.0,9476.0,1,exact01,A,as_1884,1,499
1884,British North America,Fruit,Currants,Cwts,11015.0,10108.0,11015.0,1,exact01,A,as_1884,1,529
1884,British North America,Fruit,Figs and Fig Cake,Cwts,5773.0,2796.0,5773.0,1,exact01,A,as_1884,1,534
1884,British North America,Fruit,"Nuts, used as Fruit",,5544.0,,5544.0,1,exact01,A,as_1884,1,542
1884,British North America,Fruit,Oranges and Lemons,Bushels,31430.0,77343.0,31430.0,1,exact01,A,as_1884,1,549
1884,British North America,Fruit,Raisins,Cwts,23237.0,18849.0,23237.0,1,exact01,A,as_1884,1,559
1884,British North America,Fruit,"Unenumerated, Raw",Bushels,5500.0,8699.0,5500.0,1,exact01,A,as_1884,1,564
1884,British North America,GLASS,"Window and German Sheet, in-     cluding Shades and Cylinders",Cwts,4496.0,6199.0,,0,exact01,B,as_1884,1,589
1884,British North America,HEMP,Dressed or Undressed,Cwts,44130.0,25663.0,44130.0,1,exact01,A,as_1884,1,676
1884,British North America,IRON,"Manufactures of, Unenumerated",Cwts,16247.0,27874.0,,0,within5,D,as_1884,1,765
1884,British North America,LEATHER MANUFACTURES,Gloves,Dozen Pairs,5927.0,4685.0,5927.0,1,exact01,A,as_1884,1,842
1884,British North America,"OIL, FISH",Castor,Cwts,6312.0,4170.0,6312.0,1,within5,C,as_1884,1,933
1884,British North America,"PAINTERS' COLOURS AND PIGMENTS, Unenumerated",,,2878.0,,15214.0,0,exact01,D,as_1884,1,1010
1884,British North America,RICE,,Cwts,15016.0,30908.0,16736.0,0,gross,D,as_1884,1,1119
1884,British North America,SILK,"Manufactures of Silk, or of Silk   mixed with other Materials,   Unenumerated",,12917.0,,12917.0,1,exact01,A,as_1884,1,1215
1884,British North America,SILK,"Manufactures, viz., Broad Stuffs,   Silk or Satin",,32659.0,,32659.0,1,exact01,A,as_1884,1,1197
1884,British North America,SILK,"Ribbons, Silk or Satin",,12503.0,,12503.0,1,exact01,A,as_1884,1,1206
1884,British North America,"SKINS, FURS, AND PELTS",Furs,No,14811.0,49003.0,14811.0,1,exact01,A,as_1884,1,1254
1884,British North America,SPICES,Brandy,,3414.0,6273.0,3414.0,1,exact01,A,as_1884,1,1319
1884,British North America,SPICES,Pepper,,12068.0,424205.0,12068.0,1,within5,C,as_1884,1,1290
1884,British North America,SPICES,Unenumerated,,10218.0,220362.0,10218.0,1,exact01,A,as_1884,1,1306
1884,British North America,"SUGAR, Refined, in Lumps and Loaves","Unrefined, Beetroot",Cwts,16219.0,18099.0,16219.0,1,exact01,A,as_1884,1,1421
1884,British North America,"Spirits, not Sweetened",Rum,,3457.0,21316.0,3457.0,1,within5,C,as_1884,1,1334
1884,British North America,TEA,,Lbs,443490.0,8262494.0,443490.0,1,within5,C,as_1884,1,1476
1884,British North America,TOBACCO,"Manufactured, Cigars",Lbs,3585.0,7153.0,3585.0,1,exact01,A,as_1884,1,1511
1884,British North America,WINE,Red,Gallons,5204.0,16500.0,5204.0,1,exact01,A,as_1884,1,1577
1884,British North America,WINE,Total of all Kinds,Gallons,12665.0,29242.0,12665.0,1,exact01,A,as_1884,1,1632
1884,British North America,WINE,White,Gallons,7406.0,12154.0,,0,exact01,B,as_1884,1,1603
1884,British North America,WOOLLEN MANUFACTURES,Manufactured,,23036.0,,23036.0,1,exact01,A,as_1884,1,1749
1884,British North America,WOOLLEN MANUFACTURES,Stuffs,Yards,20262.0,376705.0,,0,within5,D,as_1884,1,1695
1884,British North America,WOOLLEN MANUFACTURES,Unenumerated,,11637.0,,11637.0,1,within5,C,as_1884,1,1704
1885,British North America,CHEMICAL MANUFACTURES AND PRODUCTS,Unenumerated,,8704.0,,8704.0,1,exact01,A,as_1885,1,197
1885,British North America,COFFEE,,Cwts,9991.0,3158.0,,0,exact01,B,as_1885,1,274
1885,British North America,COTTON,"Hosiery, of all Sorts",,10498.0,,10498.0,1,exact01,A,as_1885,1,449
1885,Canada,COTTON,Piece Goods other than Muslins,Yds,4684.0,79020.0,,0,exact01,B,as_1885,1,440
1885,Canada,"Dyeing, viz.",Indigo,Cwts,8855.0,400.0,8855.0,1,exact01,A,as_1885,1,553
1885,Canada,EMBROIDERY AND NEEDLEWORK,,,9593.0,,9593.0,1,exact01,A,as_1885,1,605
1885,British North America,"FISH, FRESH (not of British taking)",Cured or Salted,,9944.0,3773.0,,0,exact01,B,as_1885,1,664
1885,British North America,Fruit,Currants,Cwts,7091.0,6422.0,7091.0,1,exact01,A,as_1885,1,710
1885,British North America,Fruit,"Nuts, used as Fruit",,6726.0,,6726.0,1,exact01,A,as_1885,1,727
1885,British North America,Fruit,Oranges and Lemons,Bushels,20840.0,43820.0,20840.0,1,exact01,A,as_1885,1,737
1885,British North America,Fruit,Raisins,Cwts,16706.0,12184.0,16706.0,1,exact01,A,as_1885,1,756
1885,British North America,Fruit,"Unenumerated, Raw",Bushels,5269.0,9100.0,5269.0,1,exact01,A,as_1885,1,764
1885,British North America,GLASS,"Window and German Sheet, in- cluding Shades and Cylinders",Cwts,6975.0,12575.0,,0,mod,D,as_1885,1,795
1885,British North America,HEMP,Dressed or Undressed,Cwts,74783.0,43533.0,,0,exact01,B,as_1885,1,918
1885,British North America,IRON,"Manufactures of, Unenumerated",Cwts,28731.0,59065.0,28731.0,1,exact01,A,as_1885,1,1026
1885,British North America,"OIL, FISH",Castor,Cwts,4127.0,3044.0,4127.0,1,gross,D,as_1885,1,1269
1885,British North America,"PAINTERS' COLOURS AND PIGMENTS, Unenumerated",,,5382.0,,,0,exact01,B,as_1885,1,1357
1885,British North America,Rice,,Cwts,12004.0,26263.0,,0,gross,D,as_1885,1,1511
1885,Canada,SEEDS,"Unenumerated, other Sorts",Cwts,4500.0,8350.0,4500.0,1,exact01,A,as_1885,1,1585
1885,British North America,SILK MANUFACTURES,"Broad Stuffs, Silk or Satin",,39371.0,,39371.0,1,exact01,A,as_1885,1,1623
1885,British North America,SILK MANUFACTURES,"Ribbons, Silk or Satin",,8612.0,,8612.0,1,mod,D,as_1885,1,1636
1885,British North America,SILK MANUFACTURES,Unenumerated,,7972.0,,7972.0,1,exact01,A,as_1885,1,1650
1885,Canada,"SKINS, FURS, AND PELTS",Furs,No,13510.0,37520.0,,0,exact01,B,as_1885,1,1703
1885,Canada,"SKINS, FURS, AND PELTS","Sheep, Undressed",No,8390.0,25070.0,,0,exact01,B,as_1885,1,1684
1885,British North America,SPIRITS,Pepper,Lbs,11396.0,373618.0,11396.0,1,exact01,A,as_1885,1,1751
1885,British North America,SPIRITS,Unenumerated,Lbs,8019.0,197928.0,8019.0,1,exact01,A,as_1885,1,1769
1885,British North America,"SPIRITS, not Sweetened",Rum,,3447.0,22589.0,,0,exact01,B,as_1885,1,1799
1885,British North America,TEA,,Lbs,492104.0,9737646.0,192104.0,0,exact01,D,as_1885,1,1973
1885,British North America,TOBACCO,"Manufactured, Cigars",Lbs,4502.0,8523.0,,0,exact01,B,as_1885,1,2016
1885,British North America,WINE,Red,Gallons,4551.0,14282.0,4551.0,1,exact01,A,as_1885,1,2109
1885,British North America,WINE,Total of all Kinds,Gallons,9523.0,23808.0,9523.0,1,exact01,A,as_1885,1,2163
1885,British North America,WINE,White,Gallons,4972.0,9526.0,4972.0,1,exact01,A,as_1885,1,2134
1885,Canada,WOOL,Sheep and Lambs',Lbs,61943.0,1391869.0,61943.0,1,exact01,A,as_1885,1,2221
1885,Canada,WOOLLEN MANUFACTURES,Cloths,Yards,7303.0,34680.0,7303.0,1,exact01,A,as_1885,1,2248
1885,British North America,WOOLLEN MANUFACTURES,Stuffs,Yards,16598.0,387782.0,16598.0,1,exact01,A,as_1885,1,2258
1885,British North America,WOOLLEN MANUFACTURES,Unenumerated,,16555.0,,16555.0,1,exact01,A,as_1885,1,2270
1885,British North America,ZINO,Manufactured,,27534.0,,27534.0,1,exact01,A,as_1885,1,2332
1885,British North America,ZINO,"Manufactures, Unenumerated",Cwts,4929.0,6066.0,4929.0,1,exact01,A,as_1885,1,2289
1885,British North America,ZINO,Unmanufactured,,3785.0,,3785.0,1,exact01,A,as_1885,1,2302
1886,British North America,CHEMICAL MANUFACTURES AND PRODUCTS,Unenumerated,,8974.0,,8974.0,1,exact01,A,as_1886,1,211
1886,British North America,COFFEE,,Cwts,10911.0,3297.0,10911.0,1,mod,D,as_1886,1,293
1886,Canada,DYE STUFFS,,Tons,20.0,1.0,,0,exact01,B,as_1886,1,613
1886,British North America,EMBROIDERY AND NEEDLEWORK,,,5105.0,,5105.0,1,mod,D,as_1886,1,641
1886,British North America,"ETHER, SULPHURIC",erated,,5759.0,,,0,within5,D,as_1886,1,660
1886,Canada,FEATHERS,Ornamental,Lbs,10845.0,5640.0,10845.0,1,exact01,A,as_1886,1,678
1886,British North America,"FISH, FRESH (not of British Taking)",Cured or Salted,Cwts,11700.0,3122.0,11700.0,1,exact01,A,as_1886,1,703
1886,British North America,FRUIT,Currants,,8128.0,7203.0,,0,exact01,B,as_1886,1,743
1886,British North America,FRUIT,"Nuts, used as Fruit",,4995.0,,4995.0,1,exact01,A,as_1886,1,759
1886,British North America,FRUIT,Oranges and Lemons,,24926.0,70212.0,,0,exact01,B,as_1886,1,770
1886,British North America,FRUIT,"Unenumerated, Dried",Cwts,5642.0,5891.0,5642.0,1,exact01,A,as_1886,1,801
1886,British North America,FRUIT,"Unenumerated, Raw",,5838.0,10912.0,,0,exact01,B,as_1886,1,792
1886,British North America,Fish,Castor,Cwts,5741.0,4545.0,,0,gross,D,as_1886,1,1292
1886,British North America,GLASS,"Window and German Sheet, in-   cluding Shades and Cylinders",Cwts,15972.0,28231.0,15972.0,1,exact01,A,as_1886,1,822
1886,British North America,HEMP,Dressed or Undressed,Cwts,64490.0,42281.0,64490.0,1,exact01,A,as_1886,1,938
1886,Canada,"HIDES, Raw and Pieces thereof, viz.",Dry,Cwts,26653.0,9759.0,26653.0,1,exact01,A,as_1886,1,965
1886,Canada,IRON,"Bar, Angle, Bolt, and Rod",Tons,13294.0,1525.0,13294.0,1,exact01,A,as_1886,1,1011
1886,Canada,IRON,Manufactures of Unenumerated,Cwts,67632.0,140169.0,147046.0,0,exact01,D,as_1886,1,1046
1886,British North America,LIQUORICE,,Cwts,9340.0,4196.0,10911.0,0,exact01,D,as_1886,1,1170
1886,British North America,"ORE, Unenumerated",Unenumerated,,5919.0,,8974.0,0,exact01,D,as_1886,1,1371
1886,British North America,RICE,,Cwts,10245.0,22175.0,10911.0,0,exact01,D,as_1886,1,1517
1886,Canada,SILK MANUFACTURES,"Broad Stuffs, Silk or Satin",,44079.0,,44079.0,1,exact01,A,as_1886,1,1623
1886,Canada,SILK MANUFACTURES,"Ribbons, Silk or Satin",,11552.0,,11552.0,1,exact01,A,as_1886,1,1634
1886,Canada,"SKINS, FURS, and PELTS",Furs,No,22721.0,69299.0,22721.0,1,exact01,A,as_1886,1,1691
1886,British North America,SPICES,Pepper,Lbs,14293.0,461471.0,14293.0,1,exact01,A,as_1886,1,1737
1886,British North America,SPICES,Unenumerated,Lbs,8671.0,198085.0,8671.0,1,exact01,A,as_1886,1,1755
1886,British North America,"SPIRITS, not Sweetened",Rum,,5469.0,36839.0,,0,exact01,B,as_1886,1,1782
1886,British North America,TEA,,Lbs,376375.0,7801138.0,,0,exact01,B,as_1886,1,1968
1886,British North America,WINE,Red,Gallons,5462.0,14949.0,5462.0,1,exact01,A,as_1886,1,2098
1886,British North America,WINE,Total of all kinds,Gallons,14148.0,28620.0,14148.0,1,exact01,A,as_1886,1,2152
1886,British North America,WINE,White,Gallons,8674.0,13600.0,8674.0,1,exact01,A,as_1886,1,2123
1886,Canada,WOOL,Sheep and Lambs',Lbs,75604.0,2242201.0,75604.0,1,exact01,A,as_1886,1,2224
1886,Canada,WOOLLEN MANUFACTURES,Stuffs,Yards,23790.0,574361.0,23790.0,1,exact01,A,as_1886,1,2253
1886,British North America,WOOLLEN MANUFACTURES,Unenumerated,,11454.0,,11454.0,1,exact01,A,as_1886,1,2266
1886,British North America,ZINC ORE,Manufactured,,26633.0,,26633.0,1,exact01,A,as_1886,1,2321
1886,British North America,ZINC ORE,"Manufactures, Unenumerated",Cwts,5098.0,6139.0,5098.0,1,gross,D,as_1886,1,2280
1887,British North America,CHEMICAL MANUFACTURES AND PRODUCTS,Unenumerated,,9966.0,,,0,exact01,B,as_1887,1,188
1887,British North America,COFFEE,,Cwts,34422.0,7779.0,,0,exact01,B,as_1887,1,270
1887,British North America,EMBROIDERY AND NEEDLEWORK,,,5054.0,,5054.0,1,exact01,A,as_1887,1,618
1887,British North America,"FARINACEOUS SUBSTANCES, and Manufactures thereof, unenum- erated",,,6661.0,,5054.0,0,exact01,D,as_1887,1,639
1887,British North America,FEATHERS,Ornamental,Lbs,5587.0,1610.0,5587.0,1,exact01,A,as_1887,1,655
1887,British North America,FISH,Cured or Salted,Cwts,10542.0,3464.0,,0,exact01,B,as_1887,1,680
1887,British North America,FRUIT,Almonds,Cwts,7194.0,3115.0,,0,within5,D,as_1887,1,707
1887,British North America,FRUIT,Currants,Cwts,4785.0,4070.0,,0,exact01,B,as_1887,1,720
1887,British North America,FRUIT,Figs and Fig Cake,Cwts,3411.0,2749.0,,0,within5,D,as_1887,1,728
1887,British North America,FRUIT,"Nuts, used as Fruit",,3656.0,,,0,exact01,B,as_1887,1,738
1887,British North America,FRUIT,Oranges and Lemons,Bushels,25855.0,79509.0,,0,exact01,B,as_1887,1,748
1887,British North America,FRUIT,Raisins,Cwts,12291.0,10677.0,,0,exact01,B,as_1887,1,768
1887,British North America,FRUIT,"Unenumerated, Dried",Cwts,6830.0,9154.0,6830.0,1,exact01,A,as_1887,1,789
1887,British North America,FRUIT,"Unenumerated, Raw",Bushels,8013.0,16478.0,,0,exact01,B,as_1887,1,777
1887,British North America,GLASS,"Window and German Sheet, in-     cluding Shades and Cylinders",Cwts,9770.0,13429.0,,0,exact01,B,as_1887,1,812
1887,British North America,HEMP,Dressed or Undressed,Cwts,74830.0,47666.0,74830.0,1,exact01,A,as_1887,1,920
1887,Canada,"HIDES, Raw or Pieces thereof, viz.",Dry,Cwts,9555.0,2762.0,9555.0,1,exact01,A,as_1887,1,947
1887,Canada,"HIDES, Raw or Pieces thereof, viz.",Wet,Cwts,5724.0,2836.0,5721.0,1,within5,C,as_1887,1,958
1887,British North America,IRON,"Bar, Angle, Bolt, and Rod",Tons,13048.0,1560.0,13048.0,1,exact01,A,as_1887,1,994
1887,British North America,IRON,Manufactures of Unenumerated,,33830.0,63991.0,33830.0,1,exact01,A,as_1887,1,1040
1887,British North America,LIQUORICE,,Cwts,6690.0,3177.0,,0,exact01,B,as_1887,1,1174
1887,British North America,"PAINTERS' COLOURS AND PIGMENTS, Unenumerated",,,7398.0,,5054.0,0,within5,D,as_1887,1,1396
1887,British North America,RICE,,Cwts,8627.0,19254.0,,0,exact01,B,as_1887,1,1546
1887,British North America,SILK MANUFACTURES,"Broad Stuffs, Silk or Satin",,28225.0,,28225.0,1,exact01,A,as_1887,1,1647
1887,British North America,SILK MANUFACTURES,"Ribbons, Silk or Satin",,13479.0,,13479.0,1,mod,D,as_1887,1,1661
1887,Canada,"SKINS, FURS, and PELTS",Furs,No,21443.0,68763.0,21443.0,1,exact01,A,as_1887,1,1721
1887,British North America,SPICES,Ginger,Cwts,4774.0,3081.0,,0,exact01,B,as_1887,1,1749
1887,British North America,SPICES,Pepper,Lbs,21110.0,735204.0,,0,exact01,B,as_1887,1,1765
1887,British North America,SPICES,Unenumerated,Lbs,18872.0,380008.0,,0,exact01,B,as_1887,1,1783
1887,British North America,"SPIRITS, not Sweetened",Rum,Proof Gallons,4098.0,26129.0,4098.0,1,exact01,A,as_1887,1,1811
1887,Canada,SPONGE,,Lbs,5037.0,11674.0,,0,within5,D,as_1887,1,1880
1887,British North America,TEA,,Lbs,357781.0,7673458.0,,0,exact01,B,as_1887,1,2002
1887,Canada,"WATCHES, and Parts thereof",,,6066.0,,,0,exact01,B,as_1887,1,2104
1887,British North America,WINE,Red,,3206.0,12275.0,3206.0,1,exact01,A,as_1887,1,2138
1887,British North America,WINE,Total of all kinds,,8641.0,20799.0,,0,exact01,B,as_1887,1,2197
1887,British North America,WINE,White,,5435.0,8524.0,5435.0,1,exact01,A,as_1887,1,2166
1887,Canada,WOOL,Sheep and Lambs',Lbs,69849.0,2025228.0,69849.0,1,exact01,A,as_1887,1,2260
1887,British North America,WOOLLEN MANUFACTURES,Stuffs,Yards,23116.0,645219.0,,0,exact01,B,as_1887,1,2305
1887,British North America,"ZINC, Ore of",Manufactured,,31610.0,,31610.0,1,exact01,A,as_1887,1,2375
1887,British North America,"ZINC, Ore of",Manufactures. Unenumerated,Cwts,5249.0,5969.0,5249.0,1,gross,D,as_1887,1,2336
1887,British North America,"ZINC, Ore of",Unmanufactured,,3050.0,,3050.0,1,exact01,A,as_1887,1,2350
1888,British North America,CHEMICAL MANUFACTURES AND PRODUCTS,Unenumerated,,12669.0,,4449.0,0,exact01,D,as_1888,1,178
1888,British North America,COFFEE,,Cwts,35652.0,9378.0,,0,exact01,B,as_1888,1,264
1888,British North America,DRUGS,Unenumerated,,4449.0,,4449.0,1,exact01,A,as_1888,1,495
1888,Canada,EMBROIDERY AND NEEDLEWORK,,,5084.0,,,0,exact01,B,as_1888,1,607
1888,British North America,"FARINACEOUS SUBSTANCES, and Manufactures thereof, unenum- erated",,,9620.0,,,0,exact01,B,as_1888,1,630
1888,Canada,FEATHERS,,,5781.0,1578.0,,0,exact01,B,as_1888,1,647
1888,British North America,"FISH, Fresh (not of British Taking)",Cured or Salted,Cwts,8312.0,2649.0,,0,exact01,B,as_1888,1,671
1888,British North America,FRUIT,Almonds,Cwts,6375.0,2472.0,6375.0,1,exact01,A,as_1888,1,696
1888,British North America,FRUIT,Currants,,8763.0,7512.0,,0,exact01,B,as_1888,1,709
1888,British North America,FRUIT,Figs and Fig Cake,Cwts,3493.0,2228.0,3493.0,1,exact01,A,as_1888,1,717
1888,British North America,FRUIT,Oranges and Lemons,Bushels,21247.0,71473.0,21247.0,1,exact01,A,as_1888,1,737
1888,British North America,FRUIT,Raisins,Cwts,17530.0,15048.0,17530.0,1,exact01,A,as_1888,1,757
1888,British North America,FRUIT,"Unenumerated, Dried",Cwts,4930.0,6879.0,4930.0,1,exact01,A,as_1888,1,776
1888,British North America,Fish,Castor,Cwts,5206.0,4818.0,,0,exact01,B,as_1888,1,1327
1888,British North America,GLASS,"Window and German Sheet, including Shades and Cylinders",Cwts,4516.0,9909.0,4516.0,1,exact01,A,as_1888,1,799
1888,British North America,HATS OR BONNETS,Dressed or Undressed,Cwts,160544.0,91201.0,160544.0,1,exact01,A,as_1888,1,910
1888,Canada,"HIDES, Raw, or Pieces thereof, viz.",Dry,Cwts,6388.0,1426.0,,0,exact01,B,as_1888,1,936
1888,Canada,IRON,"Bar, Angle, Bolt, and Rod",Tons,10562.0,1303.0,,0,within5,D,as_1888,1,984
1888,British North America,IRON,"Manufactures, of Unenumerated",Cwts,28515.0,,28515.0,1,exact01,A,as_1888,1,1000868
1888,Canada,JUTE,,,6590.0,419.0,,0,exact01,B,as_1888,1,1061
1888,Canada,LEAD,Pig or Sheet,Tons,16286.0,1174.0,16286.0,1,exact01,A,as_1888,1,1096
1888,Canada,LEATHER,Undressed,Lbs,8881.0,91520.0,8881.0,1,exact01,A,as_1888,1,1115
1888,British North America,LIQUORICE,,Cwts,9131.0,4944.0,,0,exact01,B,as_1888,1,1171
1888,Canada,"PAINTERS' COLOURS AND PIGMENTS, Unenumerated",,,11288.0,,,0,exact01,B,as_1888,1,1426
1888,British North America,RICE,,Cwts,7735.0,17245.0,,0,exact01,B,as_1888,1,1582
1888,Canada,SILK MANUFACTURES,"Broad Stuffs, Silk or Satin",,23910.0,,23910.0,1,exact01,A,as_1888,1,1692
1888,British North America,SILK MANUFACTURES,"Ribbons, Silk or Satin",,17890.0,,17890.0,1,exact01,A,as_1888,1,1711
1888,Canada,SILK MANUFACTURES,"Velvet, Plain or Figured",,8958.0,,8958.0,1,exact01,A,as_1888,1,1701
1888,Canada,"SKINE, FURS, and PELTS",Furs,No,21040.0,82340.0,21040.0,1,exact01,A,as_1888,1,1772
1888,British North America,SPICES,Pepper,Lbs,18898.0,602722.0,18898.0,1,exact01,A,as_1888,1,1817
1888,British North America,SPICES,Unenumerated,Lbs,14318.0,339384.0,14318.0,1,exact01,A,as_1888,1,1834
1888,British North America,"SPIRITS, not Sweetened",Rum,Proof Gallons,4670.0,35856.0,4670.0,1,exact01,A,as_1888,1,1863
1888,British North America,SPONGE,,Lbs,3651.0,9768.0,,0,exact01,B,as_1888,1,1935
1888,British North America,TEA,,,344902.0,7616235.0,,0,exact01,B,as_1888,1,2056
1888,Canada,TIN,"In Blocks, Ingots, Bars or Slabs",,9833.0,2172.0,9833.0,1,exact01,A,as_1888,1,2019
1888,British North America,"WATCHES, and Parts thereof",,,3931.0,,,0,exact01,B,as_1888,1,2151
1888,British North America,WINE,Total of,Gallons,3736.0,13041.0,3786.0,0,exact01,D,as_1888,1,2227
1888,British North America,WINE,Total of all Kinds,,9229.0,13994.0,,0,exact01,B,as_1888,1,2323
1888,British North America,WINE,Total of all kinds,Gallons,13165.0,27644.0,13165.0,1,exact01,A,as_1888,1,2356
1888,British North America,WINE,"White, in Bottles, Sparkling Champagne, exported subsequent to 29th June",Gallons,3480.0,2742.0,,0,exact01,B,as_1888,1,2276
1888,British North America,WINE,"White, in Casks and Bottles, exported prior to 29th June",Gallons,4019.0,7526.0,4019.0,1,exact01,A,as_1888,1,2246
1888,Canada,WOOL,Sheep and Lambs',Lbs,16909.0,479407.0,16909.0,1,exact01,A,as_1888,1,2444
1888,Canada,WOOLLEN MANUFACTURES,Stuffs,Yards,25895.0,568753.0,,0,within5,D,as_1888,1,2490
1888,Canada,WOOLLEN MANUFACTURES,Unenumerated,,11852.0,,,0,exact01,B,as_1888,1,2503
1888,British North America,ZINC,Manufactured,,29468.0,,29468.0,1,exact01,A,as_1888,1,2561
1889,British North America,CHEMICAL MANUFACTURES AND PRODUCTS,Unenumerated,,14302.0,,14302.0,1,exact01,A,as_1889,1,198
1889,British North America,COFFEE,,Cwts,36557.0,8614.0,,0,exact01,B,as_1889,1,279
1889,Canada,COTTON,Hosiery of all sorts,,2939.0,,2989.0,0,exact01,D,as_1889,1,465
1889,British North America,DRUGS,Unenumerated,,5501.0,,5501.0,1,exact01,A,as_1889,1,513
1889,Canada,EMBROIDERY AND NEEDLEWORK,,,8366.0,,,0,exact01,B,as_1889,1,629
1889,British North America,"FARINACEOUS SUBSTANCES, and Manufactures thereof, unenumerated",,,9687.0,,,0,exact01,B,as_1889,1,653
1889,British North America,"FISH, Fresh (not of British Taking)","Cured, Sardines",Cwts,7775.0,2469.0,,0,exact01,B,as_1889,1,685
1889,British North America,FRUIT,Almonds,Cwts,2132.0,992.0,,0,exact01,B,as_1889,1,736
1889,British North America,FRUIT,Currants,Cwts,6138.0,5594.0,,0,exact01,B,as_1889,1,749
1889,British North America,FRUIT,Figs and Fig Cake,Cwts,4130.0,2840.0,,0,exact01,B,as_1889,1,758
1889,British North America,FRUIT,Oranges and Lemons,Bushels,20632.0,67282.0,,0,exact01,B,as_1889,1,778
1889,British North America,FRUIT,Raisins,Cwts,13090.0,10101.0,13090.0,1,exact01,A,as_1889,1,798
1889,British North America,FRUIT,"Unenumerated, Dried",Cwts,4686.0,6217.0,,0,exact01,B,as_1889,1,818
1889,British North America,Fish,Castor,Cwts,4317.0,2925.0,4317.0,1,gross,D,as_1889,1,1370
1889,British North America,GLASS,"Window and German Sheet, including Shades and Cylinders",Cwts,4469.0,10402.0,4469.0,1,exact01,A,as_1889,1,843
1889,British North America,HEMP,Dressed or Undressed,Cwts,225595.0,102597.0,225595.0,1,exact01,A,as_1889,1,955
1889,Canada,"HIDES, Raw, or Pieces thereof, viz.",Dry,Cwts,4540.0,1076.0,4540.0,1,exact01,A,as_1889,1,985
1889,Canada,IRON,"Bar, Angle, Bolt, and Rod",Tons,8172.0,1005.0,8172.0,1,exact01,A,as_1889,1,1035
1889,British North America,IRON,"Manufactures, of Unenumerated",Cwts,15475.0,27233.0,,0,exact01,B,as_1889,1,1083
1889,Canada,JUTE,,Tons,9789.0,636.0,,0,exact01,B,as_1889,1,1120
1889,Canada,"LACE, and Articles thereof",,,11441.0,,,0,exact01,B,as_1889,1,1134
1889,Canada,LEAD,Pig or Sheet,Tons,8580.0,683.0,8580.0,1,exact01,A,as_1889,1,1156
1889,British North America,LIQUORICE,,Cwts,3874.0,2219.0,,0,exact01,B,as_1889,1,1224
1889,Canada,"PAINTERS' COLOURS AND PIGMENTS, Unenumerated",,,10930.0,,,0,exact01,B,as_1889,1,1463
1889,Canada,SILK MANUFACTURES,"Broad Stuffs, Silk or Satin",,39899.0,,39899.0,1,exact01,A,as_1889,1,1736
1889,British North America,SILK MANUFACTURES,"Ribbons, Silk or Satin",,40290.0,,40290.0,1,exact01,A,as_1889,1,1756
1889,Canada,SILK MANUFACTURES,"Ribbons, other Kinds",,11945.0,,11945.0,1,gross,D,as_1889,1,1761
1889,Canada,SILK MANUFACTURES,"Velvet, Plain or Figured",,13558.0,,13558.0,1,exact01,A,as_1889,1,1745
1889,Canada,"SKINS, FURS, and PELTS",Furs,No,16335.0,135774.0,16335.0,1,exact01,A,as_1889,1,1821
1889,British North America,SPICES,Pepper,Lbs,18759.0,673468.0,18759.0,1,exact01,A,as_1889,1,1869
1889,British North America,SPICES,Unenumerated,Lbs,13049.0,300474.0,13049.0,1,exact01,A,as_1889,1,1887
1889,British North America,"SPIRITS, not Sweetened",Rum,Proof Gallons,4719.0,349352.0,,0,exact01,B,as_1889,1,1913
1889,British North America,SUGAR,Cane and other sorts,Cwts,10749.0,21632.0,,0,exact01,B,as_1889,1,2039
1889,British North America,TEA,,Lbs,359912.0,8172232.0,,0,exact01,B,as_1889,1,2093
1889,Canada,TIN,"In Blocks, Ingots, Bars or Slabs",Cwts,6043.0,1303.0,6043.0,1,exact01,A,as_1889,1,2109
1889,British North America,"WINE,","Total of Wine in Bottles, Sparkling",Gallons,6892.0,5487.0,6892.0,1,exact01,A,as_1889,1,2447
1889,British North America,"WINE,","Total of Wine in Bottles, Still and Sparkling",,7407.0,6154.0,,0,exact01,B,as_1889,1,2465
1889,British North America,"WINE,",Total of Wine of all kinds in Casks and Bottles,,14303.0,25461.0,,0,exact01,B,as_1889,1,2492
1889,British North America,"WINE, Red","Total of, in Casks and Bottles",Gallons,3979.0,11523.0,3979.0,1,exact01,A,as_1889,1,2274
1889,British North America,"WINE, Red",in Casks,Gallons,3177.0,7780.0,3177.0,1,exact01,A,as_1889,1,2293
1889,British North America,"WINE, White","Total in Bottles, Sparkling",Gallons,6876.0,5477.0,6876.0,1,exact01,A,as_1889,1,2344
1889,British North America,"WINE, White","Total in Bottles, Still and Sparkling",,6997.0,5670.0,6997.0,1,exact01,A,as_1889,1,2361
1889,British North America,"WINE, White",Total of Wine in Casks,,6896.0,19307.0,6896.0,1,exact01,A,as_1889,1,2419
1889,British North America,"WINE, White","Total of, in Casks and Bottles",Gallons,10324.0,13938.0,3979.0,0,exact01,D,as_1889,1,2389
1889,British North America,"WINE, White","in Bottles, Sparkling Champagne",Gallons,6693.0,5188.0,6693.0,1,exact01,A,as_1889,1,2315
1889,Canada,WOOL,Sheep and Lambs',Lbs,42591.0,1143303.0,,0,exact01,B,as_1889,1,2576
1889,Canada,WOOLLEN MANUFACTURES,Stuffs,Yards,46977.0,965689.0,,0,exact01,B,as_1889,1,2617
1889,British North America,WOOLLEN MANUFACTURES,Unenumerated,,14981.0,,14302.0,0,exact01,D,as_1889,1,2630
1889,British North America,"ZINC, Ore of",Manufactured,,37552.0,,37552.0,1,exact01,A,as_1889,1,2686
1889,British North America,"ZINC, Ore of",Unmanufactured,,3332.0,,3332.0,1,exact01,A,as_1889,1,2658
1890,British North America,CHEMICAL MANUFACTURES AND PRODUCTS,Unenumerated,,8624.0,,8624.0,1,exact01,A,as_1890,1,148
1890,British North America,COFFEE,,Cwts,25342.0,5245.0,,0,exact01,B,as_1890,1,232
1890,Canada,EMBROIDERY AND NEEDLEWORK,,,6734.0,,2174.0,0,exact01,D,as_1890,1,577
1890,British North America,"FARINACEOUS SUBSTANCES, and Manufactures thereof, unenum- erated",,,6667.0,,,0,exact01,B,as_1890,1,600
1890,British North America,"FISH, Fresh (not of British Taking)","Cured, Sardines",Cwts,6803.0,1618.0,,0,within5,D,as_1890,1,635
1890,British North America,FRUIT,Figs and Fig Cake,Owts,6544.0,4238.0,,0,exact01,B,as_1890,1,700
1890,British North America,FRUIT,Oranges and Lemons,Bushels,21759.0,65638.0,,0,exact01,B,as_1890,1,718
1890,British North America,FRUIT,Raisins,Cwts,13712.0,10044.0,13712.0,1,exact01,A,as_1890,1,738
1890,British North America,FRUIT,"Unenumerated, Dried",Cwts,4427.0,5615.0,,0,exact01,B,as_1890,1,757
1890,British North America,Fish,Castor,Cwts,8559.0,5166.0,8539.0,0,gross,D,as_1890,1,1309
1890,British North America,HEMP,Dressed or Undressed,Cwts,45349.0,24894.0,45349.0,1,exact01,A,as_1890,1,894
1890,Canada,IRON,"Bar, Angle, Bolt, and Rod",Tons,13150.0,1453.0,,0,exact01,B,as_1890,1,974
1890,British North America,IRON,"Manufactures, of Unenumerated",Cwts,7632.0,11418.0,,0,exact01,B,as_1890,1,1021
1890,Canada,JUTE,,Tons,9691.0,611.0,,0,exact01,B,as_1890,1,1058
1890,Canada,"LACE, and Articles thereof",,,5050.0,,2174.0,0,exact01,D,as_1890,1,1072
1890,Canada,"PAINTERS' COLOURS AND PIGMENTS, Unenumerated",,,2174.0,,2174.0,1,exact01,A,as_1890,1,1404
1890,British North America,SILK MANUFACTURES,"Broad Stuffs, Silk or Satin",,31510.0,,31510.0,1,exact01,A,as_1890,1,1673
1890,British North America,SILK MANUFACTURES,"Ribbons, Silk or Satin",,48905.0,,48905.0,1,exact01,A,as_1890,1,1695
1890,British North America,SILK MANUFACTURES,"Ribbons, other Kinds",,5410.0,,5410.0,1,gross,D,as_1890,1,1701
1890,British North America,SILK MANUFACTURES,"Velvet, Plain or Figured",,9989.0,,9989.0,1,exact01,A,as_1890,1,1683
1890,Canada,"SKINS, FURS, and PELTS",Furs,No,7807.0,88110.0,7807.0,1,exact01,A,as_1890,1,1762
1890,British North America,SPICES,Pepper,Lbs,16002.0,698121.0,16002.0,1,exact01,A,as_1890,1,1809
1890,British North America,SPICES,Unenumerated,Lbs,12462.0,297010.0,,0,exact01,B,as_1890,1,1826
1890,British North America,"SPIRITS, not Sweetened",Brandy,Proof Gallons,5843.0,40259.0,,0,exact01,B,as_1890,1,1854
1890,British North America,SUGAR,Cane and other sorts,Cwts,28056.0,52670.0,28056.0,1,exact01,A,as_1890,1,1994
1890,British North America,TEA,,Lbs,341237.0,8116861.0,,0,exact01,B,as_1890,1,2051
1890,Canada,TIN,"In Blocks, Ingots, Bars or Slabs",Cwts,7744.0,1562.0,,0,mod,D,as_1890,1,2066
1890,British North America,"WINE,",Sparkling,,7501.0,5632.0,,0,exact01,B,as_1890,1,2343
1890,British North America,"WINE,","Total of Wine in Bottles, Still and Sparkling",Gallons,8161.0,6626.0,,0,exact01,B,as_1890,1,2359
1890,British North America,"WINE,",Total of Wine of all kinds in Casks and Bottles,Gallons,14662.0,27245.0,,0,within5,D,as_1890,1,2387
1890,British North America,"WINE, White","Total in Bottles, Sparkling",Gallons,7485.0,5608.0,7485.0,1,exact01,A,as_1890,1,2245
1890,British North America,"WINE, White","Total in Bottles, Still and Sparkling",Gallons,7721.0,5996.0,7721.0,1,exact01,A,as_1890,1,2261
1890,British North America,"WINE, White",Total of Wine in Casks,Gallons,6501.0,20619.0,6501.0,1,exact01,A,as_1890,1,2317
1890,British North America,"WINE, White","Total of, in Casks and Bottles",Gallons,10689.0,14448.0,3973.0,0,exact01,D,as_1890,1,2288
1890,Canada,WOOL,Sheep and Lambs',Lbs,52910.0,1314032.0,,0,exact01,B,as_1890,1,2474
1890,British North America,WOOLLEN MANUFACTURES,Stuffs,Yards,46711.0,873996.0,,0,exact01,B,as_1890,1,2513
1890,British North America,WOOLLEN MANUFACTURES,Unenumerated,,11471.0,,8624.0,0,exact01,D,as_1890,1,2526
1890,British North America,"ZINC, Ore of",Manufactured,,39413.0,,39413.0,1,exact01,A,as_1890,1,2587
1890,British North America,"ZINC, Ore of",Unmanufactured,,2177.0,,2177.0,1,exact01,A,as_1890,1,2558
1891,British North America,CHEMICAL MANUFACTURES AND PRODUCTS,Unenumerated,,10746.0,,10746.0,1,exact01,A,as_1891,1,190
1891,British North America,COFFEE,Raw,,18266.0,3797.0,,0,exact01,B,as_1891,1,274
1891,Canada,DRUGS,"Unenumerated, including Medi-   „ cinal Preparations",,3224.0,,,0,exact01,B,as_1891,1,526
1891,Canada,EMBROIDERY AND NEEDLEWORK,,,8123.0,,,0,exact01,B,as_1891,1,639
1891,British North America,"FARINACEOUS SUBSTANCES, and Manufactures thereof, unenume- rated",,,6953.0,,6953.0,1,exact01,A,as_1891,1,664
1891,British North America,"FISH, Fresh (not of British Taking)","Cured, Sardines",Cwts,7195.0,1751.0,,0,exact01,B,as_1891,1,701
1891,British North America,FRUIT,"Apples, Raw",Bushels,5754.0,4733.0,,0,exact01,B,as_1891,1,760
1891,British North America,FRUIT,Figs and Fig Cake,Cwts,3303.0,2101.0,,0,exact01,B,as_1891,1,770
1891,British North America,FRUIT,Oranges and Lemons,Bushels,15627.0,50317.0,,0,exact01,B,as_1891,1,790
1891,British North America,FRUIT,Raisins,Cwts,8530.0,7192.0,8530.0,1,exact01,A,as_1891,1,810
1891,British North America,FRUIT,"Unenumerated, Dried",Cwts,3081.0,4116.0,,0,within5,D,as_1891,1,831
1891,British North America,Fish,Castor,Cwts,6326.0,4216.0,,0,gross,D,as_1891,1,1393
1891,British North America,HEMP,Dressed or Undressed,Cwts,100613.0,55321.0,100613.0,1,exact01,A,as_1891,1,974
1891,Canada,IRON,"Bar, Angle, Bolt, and Rod",Tons,9150.0,925.0,9150.0,1,exact01,A,as_1891,1,1050
1891,British North America,IRON,Manufactures of Unenumerated,Cwts,4627.0,5100.0,,0,exact01,B,as_1891,1,1099
1891,British North America,"PICTURES AND DRAWINGS, by hand",,Number,10507.0,76.0,,0,exact01,B,as_1891,1,1553
1891,British North America,SILK MANUFACTURES,"Broad Stuffs, Silk or Satin",,40480.0,,40480.0,1,exact01,A,as_1891,1,1772
1891,British North America,SILK MANUFACTURES,"Ribbons, Silk or Satin",,41355.0,,41355.0,1,exact01,A,as_1891,1,1792
1891,Canada,SILK MANUFACTURES,Unenumerated,,6985.0,,6985.0,1,exact01,A,as_1891,1,1807
1891,British North America,SILK MANUFACTURES,"Velvet, Plain or Figured",,10241.0,,10241.0,1,exact01,A,as_1891,1,1781
1891,Canada,"SKINS, FURS, AND PELTS",Furs,Number,24618.0,128182.0,,0,exact01,B,as_1891,1,1860
1891,British North America,SPICES,Pepper,Lbs,10523.0,575219.0,,0,exact01,B,as_1891,1,1907
1891,British North America,SPICES,Unenumerated,Lbs,9465.0,262490.0,9465.0,1,exact01,A,as_1891,1,1924
1891,British North America,"SPIRITS, not Sweetened",Rum,Proof Gallons,7489.0,44556.0,,0,exact01,B,as_1891,1,1950
1891,British North America,TEA,,Lbs,333918.0,7456120.0,,0,exact01,B,as_1891,1,2152
1891,Canada,TIN,"In Blocks, Ingots, Bars or Slabs",Cwts,6370.0,1381.0,,0,exact01,B,as_1891,1,2171
1891,British North America,WINE'd),Sparkling,,7923.0,5575.0,7425.0,0,exact01,D,as_1891,1,2533
1891,British North America,WINE'd),"Total of Wine in Bottles, Still and Sparkling",Gallons,8381.0,6187.0,8381.0,1,exact01,A,as_1891,1,2553
1891,British North America,WINE'd),Total of Wine of all kinds in Casks and Bottles'd),Gallons,14939.0,25617.0,,0,mod,D,as_1891,1,2586
1891,British North America,"WINE, Red","Total of, in Casks and Bottles",Gallons,3201.0,9076.0,3201.0,1,within5,C,as_1891,1,2350
1891,British North America,"WINE, Red",in Casks,Gallons,3599.0,10644.0,3599.0,1,exact01,A,as_1891,1,2371
1891,British North America,"WINE, White",,,11735.0,16571.0,6953.0,0,exact01,D,as_1891,1,2474
1891,British North America,"WINE, White","Total in Bottles, Sparkling",Gallons,7891.0,5543.0,,0,exact01,B,as_1891,1,2424
1891,British North America,"WINE, White","Total in Bottles, Still and Sparkling",,8116.0,5876.0,8116.0,1,exact01,A,as_1891,1,2444
1891,British North America,"WINE, White",Total of Wine in Casks,,6555.0,19460.0,6555.0,1,exact01,A,as_1891,1,2505
1891,British North America,"WINE, White","in Bottles, Sparkling Champagne",Gallons,7513.0,4979.0,7513.0,1,exact01,A,as_1891,1,2393
1891,Canada,WOOL,Sheep or Lambs',Lbs,25812.0,692380.0,,0,exact01,B,as_1891,1,2675
1891,British North America,WOOLLEN MANUFACTURES,Stuffs,Yards,47163.0,959811.0,,0,exact01,B,as_1891,1,2712
1891,British North America,WOOLLEN MANUFACTURES,Unenumerated,,15692.0,,15692.0,1,exact01,A,as_1891,1,2726
1891,British North America,"ZINC, Ore of",Manufactured,,36579.0,,36579.0,1,exact01,A,as_1891,1,2795
1891,British North America,"ZINC, Ore of","Manufactures, Unenumerated",Cwts,3225.0,2710.0,,0,gross,D,as_1891,1,2748
1891,British North America,"ZINC, Ore of",Unmanufactured,,2808.0,,2808.0,1,exact01,A,as_1891,1,2764
1892,Canada,"ANIMALS, LIVING","Horses, Stallions",Number,260.0,4.0,260.0,1,gross,D,as_1892,1,13
1892,British North America,CHEMICAL MANUFACTURES AND PRODUCTS,,,10949.0,,1428.0,0,exact01,D,as_1892,1,229
1892,British North America,COFFEE,Raw,Cwts,19382.0,4259.0,19382.0,1,exact01,A,as_1892,1,312
1892,British North America,COTTON,Hosiery,,3081.0,,,0,exact01,B,as_1892,1,523
1892,Canada,EMBROIDERY AND NEEDLEWORK,,,15853.0,,15853.0,1,gross,D,as_1892,1,687
1892,British North America,"FARINACEOUS SUBSTANCES, and Manufactures thereof, unenumerated",,,1428.0,,1428.0,1,mod,D,as_1892,1,711
1892,Canada,FEATHERS AND DOWN,,Cwts,16694.0,5031.0,,0,within5,D,as_1892,1,729
1892,British North America,"FISH, Fresh (not of British Taking)",Cured Sardines,Cwts,8821.0,2178.0,8821.0,1,exact01,A,as_1892,1,745
1892,British North America,Fish,Castor,Cwts,9187.0,7034.0,9187.0,1,gross,D,as_1892,1,1519
1892,British North America,Fruit,Currants,Cwts,3097.0,3417.0,3097.0,1,gross,D,as_1892,1,811
1892,British North America,Fruit,Figs and Fig Cake,Cwts,3022.0,2084.0,3022.0,1,gross,D,as_1892,1,821
1892,British North America,Fruit,"Grapes, Raw",Bushels,6429.0,8827.0,6429.0,1,gross,D,as_1892,1,830
1892,British North America,Fruit,Oranges and Lemons,Bushels,10705.0,38886.0,10705.0,1,exact01,A,as_1892,1,849
1892,British North America,Fruit,Raisins,Cwts,6554.0,6556.0,6551.0,1,gross,D,as_1892,1,872
1892,British North America,Fruit,"Unenumerated, Dried",Cwts,1920.0,2730.0,1920.0,1,gross,D,as_1892,1,891
1892,British North America,GLASS,"Window and German Sheet, in- cluding Shades and Cylinders",Cwts,2028.0,1520.0,,0,mod,D,as_1892,1,913
1892,Canada,HAIR,"Cow, Ox, Bull, or Elk",,79.0,36.0,,0,gross,D,as_1892,1,1004
1892,British North America,HEMP,Dressed or Undressed,Cwts,80420.0,57360.0,80420.0,1,exact01,A,as_1892,1,1053
1892,Canada,IRON,"Bar, Angle, Bolt, and Rod",Tons,8620.0,1130.0,8620.0,1,exact01,A,as_1892,1,1137
1892,British North America,IRON,Manufactures of. Unenumerated,Cwts,13961.0,22691.0,,0,mod,D,as_1892,1,1184
1892,Canada,JUTE,,Tons,,7.0,,0,none,X,as_1892,1,1222
1892,Canada,"LACE, and Articles thereof",Of Cotton,,4995.0,,4995.0,1,exact01,A,as_1892,1,1241
1892,Canada,"LACE, and Articles thereof",Of Silk,,1693.0,,1693.0,1,mod,D,as_1892,1,1231
1892,Canada,LEATHER,Undressed,Lbs,6352.0,221721.0,6352.0,1,exact01,A,as_1892,1,1294
1892,British North America,LEATHER MANUFACTURES,Gloves,Dozen Pairs,13185.0,10402.0,13185.0,1,gross,D,as_1892,1,1331
1892,British North America,LIQUORICE,,Cwts,14028.0,8315.0,,0,gross,D,as_1892,1,1354
1892,Canada,"ORE, Unenumerated",Unenumerated,,15165.0,,9626.0,0,exact01,D,as_1892,1,1629
1892,Canada,PAPER,Unenumerated,,2599.0,1504.0,9626.0,0,exact01,D,as_1892,1,1650
1892,Canada,RAGS and other Materials used for making Paper,Linen and Cotton Rags,Tons,845.0,97.0,845.0,1,gross,D,as_1892,1,1771
1892,Canada,RAGS and other Materials used for making Paper,"Woollen, applicable to other uses than Manure",Tons,22.0,1.0,22.0,1,exact01,A,as_1892,1,1786
1892,British North America,SILK MANUFACTURES,"Broad Stuffs, Silk or Satin",,50094.0,,50094.0,1,exact01,A,as_1892,1,1907
1892,British North America,SILK MANUFACTURES,"Ribbons, Silk or Satin",,49851.0,,49851.0,1,exact01,A,as_1892,1,1930
1892,Canada,SILK MANUFACTURES,Unenumerated,,9626.0,,9626.0,1,exact01,A,as_1892,1,1946
1892,Canada,SILK MANUFACTURES,"Velvet, Plain or Figured",,9539.0,,9539.0,1,exact01,A,as_1892,1,1918
1892,Canada,"SKINS, FURS, AND PELTS",Furs,Number,48160.0,255641.0,48160.0,1,exact01,A,as_1892,1,2003
1892,Canada,"SKINS, FURS, AND PELTS","Goat, Undressed",Number,2297.0,26062.0,2297.0,1,gross,D,as_1892,1,1966
1892,Canada,"SKINS, FURS, AND PELTS","Sheep, Undressed",Number,10524.0,57329.0,10524.0,1,gross,D,as_1892,1,1983
1892,Canada,"SKINS, FURS, AND PELTS","Unenumerated, Undressed",Number,1385.0,14479.0,1385.0,1,gross,D,as_1892,1,1994
1892,British North America,SPICES,Ginger,Cwts,2385.0,1027.0,2385.0,1,exact01,A,as_1892,1,2038
1892,British North America,SPICES,Pepper,Lbs,12409.0,875747.0,12409.0,1,exact01,A,as_1892,1,2059
1892,British North America,SPICES,Unenumerated,Lbs,9961.0,241675.0,9961.0,1,exact01,A,as_1892,1,2077
1892,British North America,"SPIRITS, not Sweetened",Rum,Proof Gallons,6443.0,47623.0,6443.0,1,exact01,A,as_1892,1,2107
1892,Canada,STRAW-PLATTING for making Hats or Bonnets,,Lbs,8792.0,53184.0,,0,exact01,B,as_1892,1,2202
1892,British North America,TEA,,,308393.0,7335342.0,308393.0,1,exact01,A,as_1892,1,2317
1892,British North America,WINE,"Total of Wine in Bottles, Sparkling",,5662.0,3972.0,,0,exact01,B,as_1892,1,2728
1892,British North America,WINE,"Total of Wine in Bottles, Still and Sparkling",,6342.0,4984.0,,0,exact01,B,as_1892,1,2750
1892,British North America,WINE,Total of Wine in Casks,Gallons,6772.0,17891.0,6772.0,1,exact01,A,as_1892,1,2695
1892,British North America,WINE,Total of Wine of all kinds in Casks and Bottles,,13114.0,22875.0,,0,within5,D,as_1892,1,2782
1892,British North America,"WINE, Red",,,3518.0,9565.0,1428.0,0,exact01,D,as_1892,1,2475
1892,British North America,"WINE, Red","Total of, in Casks and Bottles",Gallons,4073.0,10942.0,4073.0,1,exact01,A,as_1892,1,2529
1892,British North America,"WINE, Red",in Casks,Gallons,3119.0,7576.0,3518.0,0,exact01,D,as_1892,1,2550
1892,British North America,"WINE, White","Total in Bottles, Sparkling",Gallons,5660.0,3968.0,5660.0,1,exact01,A,as_1892,1,2610
1892,British North America,"WINE, White","Total in Bottles, Still and Sparkling",Gallons,5922.0,4357.0,5922.0,1,exact01,A,as_1892,1,2632
1892,British North America,"WINE, White","Total of, in Casks and Bottles",Gallons,9041.0,11933.0,4073.0,0,exact01,D,as_1892,1,2663
1892,British North America,"WINE, White","in Bottles, Sparkling Champagne",Gallons,5422.0,3550.0,5422.0,1,exact01,A,as_1892,1,2575
1892,Canada,WOOL,Other kinds and Flocks,Lbs,114.0,6000.0,114.0,1,gross,D,as_1892,1,2860
1892,Canada,WOOL,Sheep or Lambs',Lbs,53208.0,1352370.0,53208.0,1,exact01,A,as_1892,1,2853
1892,British North America,WOOLLEN MANUFACTURES,Stuffs,Yards,44947.0,879947.0,,0,exact01,B,as_1892,1,2897
1892,British North America,WOOLLEN MANUFACTURES,Unenumerated,,13946.0,,13946.0,1,exact01,A,as_1892,1,2911
1892,British North America,"ZINC, Ore of",Manufactured,,37760.0,,37760.0,1,exact01,A,as_1892,1,2980
1892,British North America,"ZINC, Ore of","Manufactures, Unenumerated",Cwts. —,1927.0,1550.0,,0,gross,D,as_1892,1,2931
1892,British North America,"ZINC, Ore of",Unmanufactured,,3766.0,,3766.0,1,exact01,A,as_1892,1,2947
1893,Canada,"ANIMALS, LIVING","Horses, Mares",Number,20.0,1.0,,0,exact01,B,as_1893,1,12
1893,Canada,"ARMS: Swords, Cutlasses, Matchets, and Bayonets","Muskets, Rifles, Carbines, Fowling-pieces, or Guns of any other sort unenumerated, and parts thereof, and Pistols",Muskets,173.0,,,0,gross,D,as_1897,0,146
1893,Canada,BEADS OF ALL SORTS,,Lbs,1811.0,48728.0,,0,within5,D,as_1897,0,381
1893,Canada,BOOKS,,Cwts,779.0,69.0,,0,exact01,B,as_1897,0,615
1893,Canada,BRISTLES,,Lbs,5417.0,24113.0,,0,exact01,B,as_1893,1,131
1893,Canada,BRISTLES,,Lbs,5417.0,21113.0,,0,exact01,B,as_1897,0,831
1893,Canada,BUTTER,MARGARINE (including all kinds of Artificial or Imitation Butter),Cwts,707.0,8224.0,,0,within5,D,as_1897,0,1043
1893,Canada,CAOUTCHOUÇ,,Cwts,12.0,1.0,,0,within5,D,as_1897,0,1242
1893,British North America,CHEMICAL MANUFACTURES AND PRODUCTS,,,15332.0,,34327.0,0,exact01,D,as_1893,1,232
1893,Canada,"CHEMICAL MANUFACTURES AND PRODUCTS, not enumerated",,,15101.0,,,0,within5,D,as_1897,0,1555
1893,Newfoundland,CHICORY,"Roasted and Ground, Mixed",,219.0,6910.0,219.0,1,within5,C,as_1897,0,19414
1893,Newfoundland,CHICORY,"Roasted and Ground, Mixed in Bond",,1573.0,56976.0,457.0,0,mod,D,as_1897,0,19500
1893,Canada,CHICORY,"Roasted and Ground, Mixed in Bond",,1923.0,42957.0,21255.0,0,within5,D,as_1897,0,19675
1893,Canada,CHICORY,"Roasted and Ground, Mixed in Bond",,332.0,2771.0,21255.0,0,within5,D,as_1897,0,19844
1893,Newfoundland,CHICORY,"Roasted and Ground, Mixed in Bond",,332.0,2278.0,457.0,0,within5,D,as_1897,0,19849
1893,Canada,CHICORY,"Roasted and Ground, Mixed in Bond",,21253.0,4441.0,21255.0,1,exact01,A,as_1897,0,20025
1893,Newfoundland,CHICORY,"Roasted and Ground, Mixed in Bond",,457.0,97.0,457.0,1,exact01,A,as_1897,0,20030
1893,Canada,CHICORY,"Roasted or Ground, in Bond",Lbs,502.0,54196.0,502.0,1,within5,C,as_1897,0,19359
1893,British North America,COFFEE,Raw,Cwts,21742.0,4538.0,21742.0,1,exact01,A,as_1893,1,315
1893,Canada,"CONFECTIONERY, in the manufacture of which Spirit has been used",Currants,Cwtts,1105.0,1519.0,,0,within5,D,as_1897,0,20369
1893,Newfoundland,"CONFECTIONERY, in the manufacture of which Spirit has been used",Currants,Cwtts,2255.0,2626.0,,0,within5,D,as_1897,0,20374
1893,Canada,"CONFECTIONERY, in the manufacture of which Spirit has been used",Currants,Cwtts,3479.0,2779.0,,0,gross,D,as_1897,0,20454
1893,Canada,"CONFECTIONERY, in the manufacture of which Spirit has been used",Raisins,Cwts,5758.0,5815.0,,0,exact01,B,as_1897,0,20786
1893,Newfoundland,"CONFECTIONERY, in the manufacture of which Spirit has been used",Raisins,Cwts,3034.0,3320.0,,0,exact01,B,as_1897,0,20791
1893,Canada,COPPER,,,3686.0,80.0,,0,within5,D,as_1897,0,1892
1893,Newfoundland,"CORDAGE CABLES (not of iron), Twine, and Cable Yarn",,,817.0,,,0,exact01,B,as_1897,0,2068
1893,British North America,CORK,Manufactured,,2855.0,42009.0,44027.0,0,exact01,D,as_1893,1,392
1893,Canada,CORK,Manufactured,,2831.0,41785.0,,0,within5,D,as_1897,0,2206
1893,Canada,"CORN; Grain, Meal, and Flour",Wheat Meal or Flour,Cwts,1271.0,2200.0,1271.0,1,exact01,A,as_1897,0,2685
1893,British North America,COTTON,Hosiery,,10627.0,,10627.0,1,mod,D,as_1893,1,508
1893,British North America,COTTON,Piece Goods other than Muslins,,3545.0,109004.0,3545.0,1,exact01,A,as_1893,1,502
1893,British North America,COTTON,Unenumerated,,4651.0,,4651.0,1,exact01,A,as_1893,1,520
1893,Canada,COTTON MANUFACTURES,"Hosiery, of all sorts",,10612.0,,10612.0,1,mod,D,as_1897,0,3289
1893,Canada,COTTON MANUFACTURES,"Piece Goods, other than Muslins",Yards,3536.0,108823.0,,0,within5,D,as_1897,0,3215
1893,Canada,COTTON MANUFACTURES,Unenumerated,,4612.0,,4012.0,0,within5,D,as_1897,0,3429
1893,British North America,DRUGS,"Unenumerated, including Medi-   cinal Preparations",,3068.0,,,0,exact01,B,as_1893,1,562
1893,Canada,DRUGS,"Unenumerated, including Medicinal Preparations",,3050.0,,,0,within5,D,as_1897,0,3676
1893,Canada,"DYE STUFFS (other than Dye Woods), and Substances used in Tanning or Dyeing",Cutch and Gambier,Tons,2297.0,76.0,2297.0,1,exact01,A,as_1897,0,3828
1893,Canada,"DYE STUFFS (other than Dye Woods), and Substances used in Tanning or Dyeing","Dyes obtained from Coal Tar, viz.:—Aniline",,1203.0,,,0,mod,D,as_1897,0,3874
1893,Canada,"DYE STUFFS (other than Dye Woods), and Substances used in Tanning or Dyeing",Ornamental,Lbs,5951.0,2263.0,5951.0,1,mod,D,as_1897,0,4657
1893,Canada,"DYE STUFFS (other than Dye Woods), and Substances used in Tanning or Dyeing",Sumach,Tons,34234.0,,,0,within5,D,as_1897,0,4452
1893,Canada,"DYE STUFFS (other than Dye Woods), and Substances used in Tanning or Dyeing",Sumach,Tons,5084.0,,,0,within5,D,as_1897,0,4557
1893,British North America,EMBROIDERY AND NEEDLEWORK,,,34327.0,,34327.0,1,exact01,A,as_1893,1,664
1893,British North America,"FARINACEOUS SUBSTANCES, and Manufactures thereof, unenum- erated",,,5174.0,,34327.0,0,exact01,D,as_1893,1,690
1893,Canada,FEATHERS AND DOWN,Ornamental,Lbs,5951.0,2263.0,5951.0,1,exact01,A,as_1893,1,709
1893,Canada,FISH,,Cwts,5600.0,2310.0,,0,within5,D,as_1897,0,4835
1893,Canada,FISH,"Cured or Salted, unenumerated",Cwts,4648.0,2161.0,4048.0,0,within5,D,as_1897,0,5020
1893,Canada,FRUIT,,Cwts,2594.0,5101.0,,0,within5,D,as_1897,0,5653
1893,British North America,FRUIT,Almonds,Cwts,3675.0,1578.0,3675.0,1,exact01,A,as_1893,1,781
1893,British North America,FRUIT,Currants,Cwts,3360.0,4145.0,3860.0,0,exact01,D,as_1893,1,795
1893,British North America,FRUIT,Figs and Fig Cake,Cwts,3539.0,2830.0,3539.0,1,exact01,A,as_1893,1,804
1893,British North America,FRUIT,"Grapes, Raw",Bushels,8051.0,15664.0,8051.0,1,within5,C,as_1893,1,813
1893,British North America,FRUIT,Oranges,Bushels,9706.0,41857.0,9706.0,1,exact01,A,as_1893,1,838
1893,Canada,FRUIT,"Preserved without sugar, other than Dried",Lbs,587.0,47504.0,557.0,0,within5,D,as_1897,0,5713
1893,British North America,FRUIT,Raisins,Cwts,8792.0,9165.0,8792.0,1,exact01,A,as_1893,1,863
1893,British North America,FRUIT,"Unenumerated, Dried",Cwts,2362.0,3180.0,2362.0,1,exact01,A,as_1893,1,876
1893,Canada,FRUIT,served in Sugar,,380.0,188.0,,0,within5,D,as_1897,0,5798
1893,Canada,"FRUIT, Almonds",,Cwts,3668.0,1520.0,,0,gross,D,as_1897,0,5214
1893,Canada,"FRUIT, Almonds","Grapes, Raw",Bushels,7236.0,14194.0,7236.0,1,mod,D,as_1897,0,5320
1893,Newfoundland,"FRUIT, Almonds","Grapes, Raw",Bushels,735.0,1476.0,725.0,0,mod,D,as_1897,0,5325
1893,Canada,"FRUIT, Almonds",Lemons,Bushels,765.0,2766.0,765.0,1,within5,C,as_1897,0,5375
1893,Canada,"FRUIT, Almonds","Nuts, used as Fruit",,2724.0,,2724.0,1,gross,D,as_1897,0,5435
1893,Canada,"FRUIT, Almonds",Oranges,,5223.0,32126.0,,0,gross,D,as_1897,0,5510
1893,Newfoundland,"FRUIT, Almonds",Oranges,,1315.0,3721.0,,0,gross,D,as_1897,0,5515
1893,British North America,Fish,Castor,Cwts,4988.0,4208.0,4988.0,1,gross,D,as_1893,1,1498
1893,British North America,"Fish, Fresh (not of British Taking)","Cured or Salted, unenumerated",Cwts,5106.0,2591.0,5106.0,1,exact01,A,as_1893,1,753
1893,British North America,"Fish, Fresh (not of British Taking)","Cured, Sardines",Cwts,8743.0,2341.0,8743.0,1,exact01,A,as_1893,1,726
1893,British North America,GLASS,"Window and German Sheet, including Shades and Cylinders",Cwts,2675.0,6347.0,2675.0,1,mod,D,as_1893,1,896
1893,Canada,"GLASS, Window and German Sheet, including Shades and Cyinders",,Cwts,4298.0,5419.0,,0,gross,D,as_1897,0,5903
1893,Canada,"GLASS, Window and German Sheet, including Shades and Cyinders","Lac, Seed, Shell, Stick, and Dye",Cwts,375.0,707.0,,0,gross,D,as_1897,0,6241
1893,Canada,"GLASS, Window and German Sheet, including Shades and Cyinders","Lac, Seed, Shell, Stick, and Dye",Cwts,599.0,154.0,,0,gross,D,as_1897,0,6331
1893,Canada,GOLD'd),"Ore of, or ore of which the greater part in value is Gold",Tons,200.0,1.0,200.0,1,exact01,A,as_1893,1,919
1893,Canada,"GOODS UNENUMERATED, Unmanufactured",,,1302.0,,,0,within5,D,as_1897,0,18795
1893,Canada,"GOODS UNENUMERATED, Unmanufactured",Manufactured,,43407.0,,,0,within5,D,as_1897,0,19122
1893,Newfoundland,"GOODS UNENUMERATED, Unmanufactured",Manufactured,,620.0,,,0,within5,D,as_1897,0,19127
1893,Canada,HAIR,Horse,Cwts,39.0,4.0,39.0,1,gross,D,as_1893,1,989
1893,Canada,"HAIR: Cow, Ox, Bull, or Elk",Dressed or Undressed,Tons,33260.0,1210.0,33200.0,0,exact01,D,as_1897,0,7021
1893,Newfoundland,"HAIR: Cow, Ox, Bull, or Elk",Dressed or Undressed,Tons,6200.0,222.0,6200.0,1,exact01,A,as_1897,0,7026
1893,Canada,"HAIR: Cow, Ox, Bull, or Elk",Dressed or Undressed,Tons,1022.0,31.0,33200.0,0,exact01,D,as_1897,0,7111
1893,Canada,"HAIR: Cow, Ox, Bull, or Elk",Dressed or Undressed,Tons,6161.0,2156.0,33200.0,0,exact01,D,as_1897,0,7225
1893,Canada,"HAIR: Cow, Ox, Bull, or Elk",Dressed or Undressed,Cwts,2726.0,353.0,,0,gross,D,as_1897,0,7409
1893,British North America,HEMP,Dressed or Undressed,Tons,39460.0,1432.0,39460.0,1,exact01,A,as_1893,1,1028
1893,Canada,HEMP,"Tow, or Codilla of",Tons,150.0,8.0,150.0,1,exact01,A,as_1893,1,1033
1893,Canada,IRON,"Bar, Angle, Bolt, and Rod",Tons,8334.0,1000.0,8334.0,1,exact01,A,as_1893,1,1109
1893,Canada,IRON,"Manufactures of Iron or Steel, Unenumerated",Cwtts,2344.0,15298.0,,0,mod,D,as_1897,0,8155
1893,Newfoundland,IRON,"Manufactures of Iron or Steel, Unenumerated",Cwtts,1274.0,1763.0,,0,mod,D,as_1897,0,8160
1893,British North America,IRON,"Manufactures of, Unenumerated",Cwts,10618.0,17061.0,,0,exact01,B,as_1893,1,1160
1893,Canada,IRON: Ore of (including Chrome),"Bar, Angle, Bolt, and Rod",Tons,8731.0,1090.0,4731.0,0,within5,D,as_1897,0,7641
1893,Canada,IRON: Ore of (including Chrome),"Bar, Angle, Bolt, and Rod",Tons,1275.0,179.0,4731.0,0,mod,D,as_1897,0,7844
1893,Canada,JUTE,"Manufactures of, including Piece Goods, Sacks, and Bags",,22630.0,,,0,within5,D,as_1897,0,8501
1893,Canada,JUTE,"Manufactures of, including Piece Goods, Sacks, and Bags",,13307.0,,,0,within5,D,as_1897,0,8595
1893,Canada,LACE and Articles thereof,Of Cotton,,13307.0,,13307.0,1,exact01,A,as_1893,1,1204
1893,British North America,"LACE, and Articles thereof",Of Silk,,23432.0,,,0,exact01,B,as_1893,1,1192
1893,Canada,"LEAD, Pig and Sheet",,Tons,196.0,10.0,,0,mod,D,as_1897,0,8864
1893,Canada,LEATHER,Gloves,Dozen Pairs,21977.0,21172.0,21077.0,0,gross,D,as_1897,0,9264
1893,British North America,LEATHER MANUFACTURES,Gloves,Dozen Pairs,21501.0,21577.0,21501.0,1,gross,D,as_1893,1,1299
1893,Canada,LINEN,,,5315.0,5255.0,,0,gross,D,as_1897,0,9463
1893,Canada,LINEN,"Manufactures, including Manu- factures of Linen mixed with Cotton",,160.0,,,0,gross,D,as_1897,0,9398
1893,British North America,LIQUORICE,,Cwts,8691.0,5403.0,,0,gross,D,as_1893,1,1324
1893,Canada,"MEAT, Unenumerated","MEAT, Preserved, otherwise than by Salting",,1654.0,884.0,1654.0,1,within5,C,as_1897,0,9936
1893,Canada,"METAL: Leaf, not Gold","Unenumerated, Unwrought",Tons,1705.0,14.0,,0,mod,D,as_1897,0,10175
1893,Canada,MUSICAL INSTRUMENTS,,Tuns,4949.0,4192.0,,0,gross,D,as_1897,0,10760
1893,Canada,MUSICAL INSTRUMENTS,,Tuns,2037.0,54.0,,0,within5,D,as_1897,0,10915
1893,Canada,MUSICAL INSTRUMENTS,Palm,Cwts,1153.0,851.0,1153.0,1,within5,C,as_1897,0,11020
1893,Canada,MUSICAL INSTRUMENTS,Seed,Tons,1319.0,47.0,1319.0,1,exact01,A,as_1897,0,11114
1893,Canada,MUSICAL INSTRUMENTS,Unenumerated,,2109.0,13914.0,4012.0,0,gross,D,as_1897,0,11516
1893,Canada,MUSICAL INSTRUMENTS,Unenumerated,,9006.0,,4012.0,0,exact01,D,as_1897,0,11651
1893,British North America,OIL,Olive,,2505.0,189.0,,0,gross,D,as_1893,1,1519
1893,Canada,"PAINTERS' COLOURS AND PIGMENTS, Unenumerated",,,9006.0,,,0,exact01,B,as_1893,1,1609
1893,Canada,PAPER,Unenumerated,Cwts,951.0,355.0,951.0,1,exact01,A,as_1897,0,11733
1893,Canada,PAPER,Unprinted,,596.0,1677.0,,0,mod,D,as_1897,0,11875
1893,Canada,PARAFFINE,,Cwts,16351.0,53.0,,0,exact01,B,as_1897,0,12376
1893,Canada,PARAFFINE,,Cwts,169.0,,,0,gross,D,as_1897,0,12476
1893,Canada,"PICTURES AND DRAWINGS, by hand",,Number,16381.0,53.0,,0,exact01,B,as_1893,1,1688
1893,Canada,PLATINA,Wrought or Unwrought,Oz. Troy,816.0,382.0,816.0,1,exact01,A,as_1893,1,1710
1893,Canada,RABBITS (dead),,Cwts,3998.0,5551.0,,0,within5,D,as_1897,0,13293
1893,Newfoundland,RABBITS (dead),,Cwts,1859.0,4211.0,,0,within5,D,as_1897,0,13298
1893,British North America,RICE,,Cwts,5857.0,13062.0,,0,exact01,B,as_1893,1,1787
1893,Canada,"SAGO, and Flour or Meal thereof",,Cwts,1258.0,2195.0,,0,within5,D,as_1897,0,13412
1893,Canada,SALTPETRE (Nitrate of Potash),,Cwts,561.0,741.0,,0,exact01,B,as_1897,0,13476
1893,Canada,"SAUCES or CONDIMENTS, Unenumerated",Rape,Quarters,949.0,27910.0,,0,within5,D,as_1897,0,13781
1893,Canada,SILK,Cinnamon,Lbs,3166.0,1316.0,,0,mod,D,as_1897,0,15150
1893,Canada,SILK,Cinnamon,Lbs,9042.0,600524.0,,0,exact01,B,as_1897,0,15300
1893,Canada,SILK,"Furs Unenumerated (including Rabbit Skins, prior to 1894)",Number,91528.0,630158.0,91528.0,1,exact01,A,as_1897,0,14914
1893,Canada,SILK,"Furs Unenumerated (including Rabbit Skins, prior to 1894)",Number,4926.0,,91528.0,0,mod,D,as_1897,0,14969
1893,Canada,SILK,"Manufactures of Silk, or of Silk mixed with other Materials, unenumerated",,18641.0,,18641.0,1,exact01,A,as_1897,0,14518
1893,Canada,SILK,"Manufactures of Silk, or of Silk mixed with other Materials, unenumerated",Number,5284.0,55223.0,,0,gross,D,as_1897,0,14601
1893,Canada,SILK,"Manufactures of Silk, or of Silk mixed with other Materials, unenumerated",Number,36296.0,266526.0,,0,within5,D,as_1897,0,14668
1893,Canada,SILK,"Manufactures of Silk, or of Silk mixed with other Materials, unenumerated",Number,4261.0,32963.0,,0,mod,D,as_1897,0,14759
1893,Canada,SILK,"Manufactures of Silk, or of Silk mixed with other Materials, unenumerated",Number,2889.0,107258.0,,0,gross,D,as_1897,0,14808
1893,Canada,SILK,"Manufactures of Silk, or of Silk mixed with other Materials, unenumerated",Number,20074.0,8255.0,,0,exact01,B,as_1897,0,14850
1893,Canada,SILK,"Manufactures:—Broadstuffs, Silk and Satin",,62239.0,,62239.0,1,within5,C,as_1897,0,14147
1893,Canada,SILK,"Manufactures:—Broadstuffs, Silk and Satin",,12437.0,,62239.0,0,within5,D,as_1897,0,14211
1893,Canada,SILK,"Manufactures:—Broadstuffs, Silk and Satin",,79367.0,,62239.0,0,within5,D,as_1897,0,14327
1893,Newfoundland,SILK,"Manufactures:—Broadstuffs, Silk and Satin",,854.0,,854.0,1,within5,C,as_1897,0,14332
1893,Canada,SILK,"Ribbons, other kinds",,1761.0,,1761.0,1,mod,D,as_1897,0,14371
1893,Canada,SILK,Unenumerated,Lbs,6048.0,143757.0,,0,exact01,B,as_1897,0,15445
1893,British North America,SILK MANUFACTURES,"Broad Stuffs, Silk or Satin",,63171.0,,63171.0,1,exact01,A,as_1893,1,1886
1893,British North America,SILK MANUFACTURES,"Ribbons, Silk or Satin",,80221.0,,80221.0,1,exact01,A,as_1893,1,1907
1893,British North America,SILK MANUFACTURES,Unenumerated,,18809.0,,18809.0,1,exact01,A,as_1893,1,1924
1893,British North America,SILK MANUFACTURES,"Velvet, Plain or Figured",,12518.0,,12518.0,1,exact01,A,as_1893,1,1895
1893,Canada,"SKINS, FURS and PELTS",Furs,Number,91528.0,630158.0,91528.0,1,exact01,A,as_1893,1,1988
1893,Canada,"SKINS, FURS, AND PELTS","Goat, Undressed",Number,5284.0,55228.0,5284.0,1,exact01,A,as_1893,1,1945
1893,Canada,"SKINS, FURS, and PELTS",Seal,Number,20074.0,8255.0,20074.0,1,gross,D,as_1893,1,1954
1893,Canada,"SKINS, FURS, and PELTS","Sheep, Undressed",Number,36396.0,266526.0,36396.0,1,exact01,A,as_1893,1,1964
1893,Canada,"SKINS, FURS, and PELTS","Unenumerated, in any way dressed, not Leather",Number,4961.0,32968.0,4961.0,1,gross,D,as_1893,1,1970
1893,British North America,SPICES,Ginger,,3276.0,1365.0,,0,exact01,B,as_1893,1,2021
1893,British North America,SPICES,Pepper,,9142.0,696390.0,,0,exact01,B,as_1893,1,2041
1893,British North America,SPICES,Unenumerated,,3365.0,142816.0,4651.0,0,gross,D,as_1893,1,2055
1893,Canada,SPIRITS,Rum,,3432.0,20525.0,,0,within5,D,as_1897,0,21047
1893,Newfoundland,SPIRITS,Rum,,1233.0,15950.0,,0,within5,D,as_1897,0,21052
1893,Canada,SPIRITS,Rum,,1460.0,2000.0,,0,mod,D,as_1897,0,21216
1893,Canada,"SPIRITS, Geneva",,Proof Gallons,70.0,370.0,,0,gross,D,as_1897,0,21281
1893,Canada,"SPIRITS, Unenumerated","Liqueurs, Cordials, &c., not tested for ascertaining the Strength",Gallons,225.0,151.0,225.0,1,gross,D,as_1897,0,21630
1893,Canada,"SPIRITS, Unenumerated",Perfumed,Gallons,733.0,507.0,733.0,1,mod,D,as_1897,0,21724
1893,Canada,"SPIRITS, Unenumerated",Perfumed in Bond,Gallons,1523.0,275.0,,0,within5,D,as_1897,0,21885
1893,Canada,"SPIRITS, Unenumerated",Perfumed in Bond,Gallons,22597.0,631271.0,,0,mod,D,as_1897,0,22034
1893,Newfoundland,"SPIRITS, Unenumerated",Perfumed in Bond,Gallons,2236.0,14764.0,,0,mod,D,as_1897,0,22039
1893,Canada,"SPIRITS, Unenumerated",Perfumed in Bond,Gallons,25282.0,738941.0,,0,mod,D,as_1897,0,22199
1893,Newfoundland,"SPIRITS, Unenumerated",Perfumed in Bond,Gallons,2049.0,52910.0,,0,mod,D,as_1897,0,22204
1893,Canada,"SPIRITS, Unenumerated",of China,Lbs,149934.0,3453201.0,,0,within5,D,as_1897,0,22429
1893,Newfoundland,"SPIRITS, Unenumerated",of China,Lbs,32255.0,726550.0,,0,within5,D,as_1897,0,22434
1893,Canada,"SPIRITS, Unenumerated",of other Countries,Lbs,1654.0,43173.0,,0,exact01,B,as_1897,0,22553
1893,Newfoundland,"SPIRITS, Unenumerated",of other Countries,Lbs,43.0,1923.0,,0,exact01,B,as_1897,0,22558
1893,British North America,"SPIRITS, not Sweetened",Rum,,4665.0,36485.0,4665.0,1,exact01,A,as_1893,1,2085
1893,Canada,SPONGE,,,2566.0,7820.0,,0,within5,D,as_1897,0,15550
1893,Canada,SPONGE,,,2605.0,18137.0,,0,exact01,B,as_1897,0,15787
1893,Canada,SPONGE,,,16.0,17.0,,0,within5,D,as_1897,0,15997
1893,Canada,SPONGE,,,22066.0,43000.0,,0,gross,D,as_1897,0,16110
1893,British North America,"SUGAR, Refined, or rendered by any process equal thereto, in Lumps and Loaves",Cane and other sorts,Cwts,22996.0,43030.0,,0,exact01,B,as_1893,1,2235
1893,British North America,TEA,Of British East India,,35283.0,729035.0,,0,exact01,B,as_1893,1,2286
1893,British North America,TEA,Of Ceylon,Lbs,38182.0,791981.0,,0,exact01,B,as_1893,1,2302
1893,British North America,TEA,Of China,Lbs,181319.0,4216660.0,181319.0,1,exact01,A,as_1893,1,2329
1893,British North America,TEA,Total,Lbs,256481.0,5781872.0,256481.0,1,exact01,A,as_1893,1,2366
1893,Canada,TIN,"In Blocks, Ingots, Bars or Slabs",Cwts,17090.0,4038.0,17090.0,1,exact01,A,as_1893,1,2385
1893,Canada,TIN: Ore of,"In Blocks, Ingots, Bars or Slabs",Cwts,17090.0,4033.0,17090.0,1,exact01,A,as_1897,0,16514
1893,Canada,TOBACCO,Negrohead,,492.0,1249.0,,0,mod,D,as_1897,0,23469
1893,Canada,TOBACCO,Negrohead,,2072.0,4819.0,,0,exact01,B,as_1897,0,23669
1893,Canada,TOBACCO,Negrohead,Gallons,1943.0,5359.0,,0,within5,D,as_1897,0,23924
1893,Canada,TOBACCO,Total of Wine of all kinds,Gallons,9192.0,14059.0,9192.0,1,exact01,A,as_1897,0,25362
1893,Newfoundland,TOBACCO,Total of Wine of all kinds,Gallons,1285.0,2650.0,1255.0,0,exact01,D,as_1897,0,25367
1893,Canada,TOBACCO,"White, in Bottles, Sparkling Champagne",Gallons,4537.0,3017.0,,0,mod,D,as_1897,0,24447
1893,Newfoundland,TOBACCO,"White, in Bottles, Sparkling Champagne",Gallons,743.0,482.0,,0,mod,D,as_1897,0,24452
1893,Canada,TOBACCO,"White, in Bottles, Sparkling Saumur",Gallons,2229.0,5004.0,,0,gross,D,as_1897,0,24807
1893,Canada,TOBACCO,"White, in Bottles, Sparkling Saumur",Gallons,6572.0,9055.0,,0,within5,D,as_1897,0,25077
1893,Newfoundland,TOBACCO,"White, in Bottles, Sparkling Saumur",Gallons,571.0,872.0,,0,within5,D,as_1897,0,25082
1893,Canada,TOTAL,,Lbs,218267.0,4255225.0,,0,within5,D,as_1897,0,22783
1893,Newfoundland,TOTAL,,Lbs,37514.0,826586.0,,0,within5,D,as_1897,0,22788
1893,Canada,TOYS,,,183.0,,,0,mod,D,as_1897,0,16703
1893,British North America,WINE'd),"Total of Wine in Bottles, Sparkling",Gallons,5515.0,3872.0,5515.0,1,exact01,A,as_1893,1,2807
1893,British North America,WINE'd),"Total of Wine in Bottles, Still and Sparkling",Gallons,5900.0,4368.0,5900.0,1,exact01,A,as_1893,1,2830
1893,British North America,WINE'd),Total of Wine in Casks'd),Gallons,4580.0,12371.0,,0,exact01,B,as_1893,1,2773
1893,British North America,WINE'd),Total of Wine of all kinds in Casks and Bottles,Gallons,10480.0,16739.0,10480.0,1,exact01,A,as_1893,1,2866
1893,British North America,"WINE, Red","Total of, in Casks and Bottles",Gallons,2637.0,6782.0,7843.0,0,exact01,D,as_1893,1,2600
1893,British North America,"WINE, Red",in Casks,Gallons,2464.0,6553.0,2464.0,1,exact01,A,as_1893,1,2545
1893,British North America,"WINE, Red",in Casks,Gallons,2071.0,5749.0,2464.0,0,exact01,D,as_1893,1,2622
1893,British North America,"WINE, White","Total in Bottles, Sparkling",Gallons,5479.0,3836.0,,0,exact01,B,as_1893,1,2684
1893,British North America,"WINE, White","Total in Bottles, Still and Sparkling",Gallons,5727.0,4139.0,,0,exact01,B,as_1893,1,2707
1893,British North America,"WINE, White","Total of, in Casks and Bottles",Gallons,7843.0,9957.0,7843.0,1,exact01,A,as_1893,1,2738
1893,British North America,"WINE, White","in Bottles, Sparkling Champagne",Gallons,5280.0,3499.0,,0,exact01,B,as_1893,1,2647
1893,Canada,WOOD and TIMBER,,Lbs,413.0,,,0,exact01,B,as_1897,0,18059
1893,Canada,WOOD and TIMBER,"For fancy purposes, including Berlin Wool and Zephyr Yarn",Lbs,2143.0,23905.0,2143.0,1,mod,D,as_1897,0,17931
1893,Canada,WOOD and TIMBER,"For fancy purposes, including Berlin Wool and Zephyr Yarn : Of Wool other than Goats', or of Wool mixed with Cotton: Cloths",Yards,5204.0,45132.0,5204.0,1,exact01,A,as_1897,0,18140
1893,Canada,WOOD and TIMBER,Sheep or Lambs',Lbs,67585.0,1823415.0,67585.0,1,exact01,A,as_1897,0,17831
1893,Canada,WOOD and TIMBER,Stuffs,Yards,89346.0,1683411.0,50346.0,0,within5,D,as_1897,0,18295
1893,Newfoundland,WOOD and TIMBER,Stuffs,Yards,1055.0,20406.0,1055.0,1,within5,C,as_1897,0,18300
1893,Canada,WOOD and TIMBER,Unenumerated,,37206.0,,4012.0,0,within5,D,as_1897,0,18475
1893,British North America,WOOL,Sheep or Lambs',Lbs,68130.0,1831815.0,68130.0,1,exact01,A,as_1893,1,2959
1893,Canada,WOOLLEN MANUFACTURES,Cloths,Yards,5204.0,45132.0,5201.0,1,gross,D,as_1893,1,2987
1893,British North America,WOOLLEN MANUFACTURES,Stuffs,Yards,90401.0,1703817.0,90401.0,1,gross,D,as_1893,1,2999
1893,British North America,WOOLLEN MANUFACTURES,Unenumerated,,38386.0,,38386.0,1,exact01,A,as_1893,1,3012
1893,Canada,ZINC,"Manufactures of, Unenumerated",Cwts,1431.0,1173.0,1431.0,1,within5,C,as_1897,0,18635
1893,British North America,"ZINC, Ore of",Manufactured,,44027.0,,44027.0,1,exact01,A,as_1893,1,3080
1893,British North America,"ZINC, Ore of","Manufactures, Unenumerated",Cwts,1750.0,1479.0,1750.0,1,gross,D,as_1893,1,3032
1894,Canada,"ARMS: Swords, Cutlasses, Matchets, and Bayonets","Muskets, Rifles, Carbines, Fowling-pieces, or Guns of any other sort unenumerated, and parts thereof, and Pistols",Muskets,445.0,,,0,gross,D,as_1897,0,147
1894,Canada,"ARMS: Swords, Cutlasses, Matchets, and Bayonets","Muskets, Rifles, Carbines, Fowling-pieces, or Guns of any other sort unenumerated, and parts thereof, and Pistols",Muskets,1000.0,140.0,,0,within5,D,as_1897,0,192
1894,Canada,"ARMS: Swords, Cutlasses, Matchets, and Bayonets","Muskets, Rifles, Carbines, Fowling-pieces, or Guns of any other sort unenumerated, and parts thereof, and Pistols",Muskets,702.0,,,0,exact01,B,as_1898,0,165
1894,Canada,"ARMS: Swords, Cutlasses, Matchets, and Bayonets","Muskets, Rifles, Carbines, Fowling-pieces, or Guns of any other sort unenumerated, and parts thereof, and Pistols",Muskets,169.0,38.0,,0,gross,D,as_1898,0,210
1894,Canada,BEADS OF ALL SORTS,,Lbs,680.0,12110.0,,0,mod,D,as_1897,0,382
1894,Canada,BEADS OF ALL SORTS,,Lbs,680.0,12110.0,,0,exact01,B,as_1898,0,404
1894,Canada,BOOKS,,Cwts,1248.0,114.0,,0,within5,D,as_1897,0,616
1894,Canada,BOOKS,,,1218.0,114.0,957.0,0,mod,D,as_1898,0,643
1894,Canada,BRISTLES,,Lbs,3196.0,16569.0,,0,exact01,B,as_1897,0,832
1894,Canada,BRISTLES,,Lbs,3190.0,16569.0,,0,mod,D,as_1898,0,870
1894,Canada,BUTTER,MARGARINE (including all kinds of Artificial or Imitation Butter),Cwts,353.0,4475.0,,0,exact01,B,as_1897,0,1044
1894,Canada,BUTTER,MARGARINE (including all kinds of Artificial or Imitation Butter),Cwts,383.0,4475.0,,0,exact01,B,as_1898,0,1097
1894,British North America,CHEMICAL MANUFACTURES AND PRODUCTS,,,7755.0,,7755.0,1,exact01,A,as_1894,1,216
1894,Canada,"CHEMICAL MANUFACTURES AND PRODUCTS, not enumerated",,,7459.0,,,0,within5,D,as_1897,0,1556
1894,Canada,"CHEMICAL MANUFACTURES AND PRODUCTS, not enumerated",,,7480.0,,957.0,0,exact01,D,as_1898,0,1648
1894,Newfoundland,CHICORY,"Roasted and Ground, Mixed",,177.0,6464.0,177.0,1,within5,C,as_1897,0,19415
1894,Newfoundland,CHICORY,"Roasted and Ground, Mixed",,177.0,6464.0,,0,exact01,B,as_1898,0,19631
1894,Newfoundland,CHICORY,"Roasted and Ground, Mixed in Bond",,1574.0,50538.0,532.0,0,within5,D,as_1897,0,19501
1894,Canada,CHICORY,"Roasted and Ground, Mixed in Bond",,1933.0,57268.0,21146.0,0,exact01,D,as_1897,0,19676
1894,Canada,CHICORY,"Roasted and Ground, Mixed in Bond",,484.0,3752.0,21146.0,0,within5,D,as_1897,0,19845
1894,Newfoundland,CHICORY,"Roasted and Ground, Mixed in Bond",,308.0,2225.0,532.0,0,within5,D,as_1897,0,19850
1894,Canada,CHICORY,"Roasted and Ground, Mixed in Bond",,21146.0,4454.0,21146.0,1,within5,C,as_1897,0,20026
1894,Newfoundland,CHICORY,"Roasted and Ground, Mixed in Bond",,552.0,120.0,532.0,0,within5,D,as_1897,0,20031
1894,Newfoundland,CHICORY,"Roasted and Ground, Mixed in Bond",,1874.0,50538.0,,0,gross,D,as_1898,0,19700
1894,Canada,CHICORY,"Roasted and Ground, Mixed in Bond",,1933.0,57968.0,,0,exact01,B,as_1898,0,19867
1894,Canada,CHICORY,"Roasted or Ground, in Bond",Lbs,502.0,54492.0,502.0,1,mod,D,as_1897,0,19360
1894,Canada,CHICORY,"Roasted or Ground, in Bond",Lbs,502.0,54102.0,502.0,1,within5,C,as_1898,0,19586
1894,Canada,CHICORY,"or CHOCOLATE, Ground, Pre- pared, or in any way Manu- factured",Lbs,484.0,3752.0,,0,within5,D,as_1898,0,20020
1894,Newfoundland,CHICORY,"or CHOCOLATE, Ground, Pre- pared, or in any way Manu- factured",Lbs,308.0,2928.0,,0,within5,D,as_1898,0,20025
1894,Canada,CHICORY,"or CHOCOLATE, in the manu- facture of which Spirit has been used",Cwts,21146.0,4454.0,,0,exact01,B,as_1898,0,20228
1894,Newfoundland,CHICORY,"or CHOCOLATE, in the manu- facture of which Spirit has been used",Cwts,552.0,120.0,,0,exact01,B,as_1898,0,20233
1894,Canada,"CHINA OR PORCELAIN, AND EARTHENWARE",,Cwts,702.0,199.0,2213.0,0,exact01,D,as_1898,0,1713
1894,Canada,"CLOCKS, and parts thereof",,,75.0,,957.0,0,within5,D,as_1898,0,1784
1894,British North America,COFFEE,Raw,Cwts,21698.0,4574.0,21698.0,1,within5,C,as_1894,1,302
1894,Canada,"CONFECTIONERY, in the manufacture of which Spirit has been used",Currants,Cwtts,2370.0,3076.0,,0,within5,D,as_1897,0,20370
1894,Newfoundland,"CONFECTIONERY, in the manufacture of which Spirit has been used",Currants,Cwtts,958.0,2051.0,,0,within5,D,as_1897,0,20375
1894,Canada,"CONFECTIONERY, in the manufacture of which Spirit has been used",Currants,Cwtts,3089.0,3183.0,,0,gross,D,as_1897,0,20455
1894,Canada,"CONFECTIONERY, in the manufacture of which Spirit has been used",Raisins,Cwts,5132.0,6333.0,,0,within5,D,as_1897,0,20787
1894,Newfoundland,"CONFECTIONERY, in the manufacture of which Spirit has been used",Raisins,Cwts,3605.0,1209.0,,0,within5,D,as_1897,0,20792
1894,Newfoundland,"CORDAGE CABLES (not of iron), Twine, and Cable Yarn",,,709.0,,,0,within5,D,as_1897,0,2069
1894,Newfoundland,"CORDAGE CABLES (not of iron), Twine, and Cable Yarn",,,709.0,,,0,exact01,B,as_1898,0,2198
1894,Canada,CORK,Manufactured,,1266.0,17564.0,,0,within5,D,as_1897,0,2207
1894,Canada,CORK,Manufactured,Lbs,1366.0,17364.0,1366.0,1,exact01,A,as_1898,0,2369
1894,Canada,CORK,Unmanufactured,Tons,13.0,1.0,13.0,1,exact01,A,as_1898,0,2256
1894,Canada,"CORN ; Grain, Meal, and Flour",Wheat Meal or Flour,Cwts,1801.0,3330.0,1801.0,1,within5,C,as_1898,0,2869
1894,Canada,"CORN; Grain, Meal, and Flour",Wheat Meal or Flour,Cwts,1501.0,3330.0,1501.0,1,within5,C,as_1897,0,2686
1894,Canada,COTTON,Hosiery,,7340.0,,7340.0,1,mod,D,as_1894,1,488
1894,Canada,COTTON,Piece Goods other than Muslins,,3468.0,137491.0,3468.0,1,exact01,A,as_1894,1,482
1894,Canada,COTTON,Raw,,172.0,89.0,172.0,1,exact01,A,as_1898,0,3101
1894,British North America,COTTON,Unenumerated,,4896.0,,4896.0,1,exact01,A,as_1894,1,498
1894,Canada,COTTON MANUFACTURES,,,4804.0,,957.0,0,within5,D,as_1898,0,3624
1894,Canada,COTTON MANUFACTURES,"Hosiery, of all sorts",,7940.0,,7340.0,0,gross,D,as_1897,0,3290
1894,Canada,COTTON MANUFACTURES,"Hosiery, of all sorts",,7340.0,,7310.0,0,gross,D,as_1898,0,3487
1894,Canada,COTTON MANUFACTURES,"Piece Goods, other than Muslins",Yards,3468.0,137491.0,,0,within5,D,as_1897,0,3216
1894,Canada,COTTON MANUFACTURES,"Piece Goods, other than Muslins",Yards,3468.0,137491.0,3408.0,0,mod,D,as_1898,0,3408
1894,Canada,COTTON MANUFACTURES,Unenumerated,,4504.0,,4504.0,1,within5,C,as_1897,0,3430
1894,Canada,DRUGS,"Unenumerated, including Medicinal Preparations",,2572.0,,,0,mod,D,as_1897,0,3677
1894,Canada,DRUGS,"Unenumerated, including Medicinal Preparations",,2872.0,,2872.0,1,exact01,A,as_1898,0,3881
1894,Canada,"DYE STUFFS (other than Dye Woods), and Substances used in Tanning or Dyeing",Cutch and Gambier,Tons,3795.0,165.0,3705.0,0,within5,D,as_1897,0,3829
1894,Canada,"DYE STUFFS (other than Dye Woods), and Substances used in Tanning or Dyeing",Cutch and Gambier,Tons,3795.0,165.0,3705.0,0,exact01,D,as_1898,0,4039
1894,Canada,"DYE STUFFS (other than Dye Woods), and Substances used in Tanning or Dyeing","Dyes obtained from Coal Tar,     viz. :—Aniline",,1720.0,,,0,exact01,B,as_1898,0,4086
1894,Canada,"DYE STUFFS (other than Dye Woods), and Substances used in Tanning or Dyeing","Dyes obtained from Coal Tar, viz.:—Aniline",,1729.0,,,0,mod,D,as_1897,0,3875
1894,Canada,"DYE STUFFS (other than Dye Woods), and Substances used in Tanning or Dyeing",Ornamental,Lbs,2997.0,1183.0,2297.0,0,within5,D,as_1897,0,4658
1894,Canada,"DYE STUFFS (other than Dye Woods), and Substances used in Tanning or Dyeing",Sumach,Tons,19859.0,,,0,mod,D,as_1897,0,4453
1894,Canada,"DYE STUFFS (other than Dye Woods), and Substances used in Tanning or Dyeing",Sumach,Tons,6242.0,,,0,within5,D,as_1897,0,4558
1894,Canada,EGGS,,Gt. hundreds,19850.0,,,0,gross,D,as_1898,0,4665
1894,Canada,EGGS,,Gt. hundreds,6242.0,,,0,exact01,B,as_1898,0,4775
1894,Canada,EGGS,Ornamental,Lbs,2997.0,1183.0,2997.0,1,exact01,A,as_1898,0,4875
1894,Canada,EMBROIDERY AND NEEDLEWORK,,,19859.0,,8022.0,0,exact01,D,as_1894,1,637
1894,British North America,"FARINACEOUS SUBSTANCES, and Manufactures thereof, unenum- erated",,,6369.0,,7755.0,0,exact01,D,as_1894,1,662
1894,Canada,FISH,,Cwts,6477.0,1505.0,,0,exact01,B,as_1897,0,4836
1894,Canada,FISH,,Cwts,6477.0,1505.0,2213.0,0,exact01,D,as_1898,0,5065
1894,Canada,FISH,"Cured or Salted, unenumerated",Cwts,567.0,163.0,567.0,1,exact01,A,as_1897,0,5021
1894,Canada,FISH,"Cured or Salted, unenumerated",Cwts,567.0,168.0,,0,exact01,B,as_1898,0,5250
1894,British North America,"FISH, Fresh (not of British Taking)","Cured, Sardines",Cwts,6524.0,1822.0,6524.0,1,exact01,A,as_1894,1,695
1894,Canada,"FLOWERS, Artificial",,,8922.0,,8022.0,0,gross,D,as_1894,1,739
1894,Canada,"FLOWERS, Artificial",,,8922.0,,957.0,0,gross,D,as_1898,0,5383
1894,Canada,FRUIT,,Cwts,5095.0,7849.0,,0,within5,D,as_1897,0,5654
1894,Canada,FRUIT,,,5095.0,7819.0,957.0,0,exact01,D,as_1898,0,5911
1894,British North America,FRUIT,Almonds,Cwts,3713.0,1193.0,3713.0,1,exact01,A,as_1894,1,750
1894,Canada,FRUIT,Brandy,,990.0,2341.0,,0,exact01,B,as_1898,0,21404
1894,British North America,FRUIT,Currants,Cwts,3328.0,5127.0,8328.0,0,exact01,D,as_1894,1,765
1894,Canada,FRUIT,Currants,,2370.0,3076.0,,0,within5,D,as_1898,0,20561
1894,Newfoundland,FRUIT,Currants,,958.0,2051.0,,0,within5,D,as_1898,0,20566
1894,British North America,FRUIT,Figs and Fig Cake,Cwts,3158.0,3227.0,3158.0,1,exact01,A,as_1894,1,774
1894,Canada,FRUIT,Figs and Fig Cake,Cwts,3089.0,3183.0,,0,gross,D,as_1898,0,20646
1894,British North America,FRUIT,"Grapes, Raw",Bushels,7654.0,13850.0,7654.0,1,exact01,A,as_1894,1,783
1894,Canada,FRUIT,"Liqueurs, Cordials, &c., not   tested for ascertaining the   Strength",Gallons,147.0,84.0,147.0,1,gross,D,as_1898,0,21594
1894,British North America,FRUIT,Oranges,Bushels,15739.0,73081.0,15739.0,1,exact01,A,as_1894,1,808
1894,Newfoundland,FRUIT,"Pears, Raw",Bushels,11.0,26.0,11.0,1,exact01,A,as_1894,1,813
1894,Canada,FRUIT,Perfumed,Gallons,341.0,149.0,128017.0,0,within5,D,as_1898,0,21689
1894,Canada,FRUIT,Perfumed in Bond,Gallons,1605.0,241.0,,0,within5,D,as_1898,0,21816
1894,Canada,FRUIT,Perfumed in Bond,Gallons,128017.0,3159774.0,,0,within5,D,as_1898,0,22024
1894,Newfoundland,FRUIT,Perfumed in Bond,Gallons,30704.0,750235.0,,0,within5,D,as_1898,0,22029
1894,Canada,FRUIT,"Preserved without sugar, other than Dried",Lbs,555.0,64563.0,565.0,0,mod,D,as_1897,0,5714
1894,Canada,FRUIT,"Preserved without sugar, other than Dried",Lbs,565.0,64568.0,565.0,1,within5,C,as_1898,0,5971
1894,British North America,FRUIT,Raisins,Cwts,8847.0,10542.0,8847.0,1,exact01,A,as_1894,1,834
1894,Canada,FRUIT,Raisins,Cwts,5182.0,6333.0,,0,within5,D,as_1898,0,20974
1894,Newfoundland,FRUIT,Raisins,Cwts,3665.0,4209.0,,0,within5,D,as_1898,0,20979
1894,Canada,FRUIT,Rum,Proof Gallons,3030.0,26687.0,990.0,0,mod,D,as_1898,0,21235
1894,Newfoundland,FRUIT,Rum,Proof Gallons,842.0,12399.0,812.0,0,mod,D,as_1898,0,21240
1894,Canada,FRUIT,Tea: of British East India,Lbs,34018.0,711281.0,,0,within5,D,as_1898,0,22184
1894,Newfoundland,FRUIT,Tea: of British East India,Lbs,2502.0,56407.0,,0,within5,D,as_1898,0,22189
1894,British North America,FRUIT,"Unenumerated, Dried",Cwts,5143.0,7910.0,5143.0,1,exact01,A,as_1894,1,853
1894,Canada,FRUIT,of Ceylon,Lbs,42756.0,957843.0,,0,gross,D,as_1898,0,22349
1894,Newfoundland,FRUIT,of Ceylon,Lbs,4810.0,102472.0,,0,gross,D,as_1898,0,22354
1894,Canada,FRUIT,of Ceylon,Lbs,1468.0,36608.0,,0,exact01,B,as_1898,0,22478
1894,Newfoundland,FRUIT,of Ceylon,Lbs,19.0,392.0,,0,exact01,B,as_1898,0,22483
1894,Canada,FRUIT,of Ceylon,Lbs,206259.0,4865509.0,,0,within5,D,as_1898,0,22703
1894,Newfoundland,FRUIT,of Ceylon,Lbs,38125.0,909446.0,,0,within5,D,as_1898,0,22708
1894,Canada,FRUIT,served in Sugar,,1977.0,758.0,,0,mod,D,as_1897,0,5799
1894,Canada,FRUIT,served in Sugar,Cwts,1077.0,758.0,,0,within5,D,as_1898,0,6056
1894,Canada,"FRUIT, Almonds",,Cwts,3459.0,1692.0,,0,gross,D,as_1897,0,5215
1894,Canada,"FRUIT, Almonds",,Cwts,3459.0,1092.0,2213.0,0,gross,D,as_1898,0,5463
1894,Canada,"FRUIT, Almonds","Grapes, Raw",Bushels,6765.0,12161.0,6765.0,1,mod,D,as_1897,0,5321
1894,Newfoundland,"FRUIT, Almonds","Grapes, Raw",Bushels,586.0,1559.0,556.0,0,mod,D,as_1897,0,5326
1894,Canada,"FRUIT, Almonds","Grapes, Raw",Bushels,6768.0,12191.0,6768.0,1,within5,C,as_1898,0,5574
1894,Newfoundland,"FRUIT, Almonds","Grapes, Raw",Bushels,836.0,1659.0,886.0,0,within5,D,as_1898,0,5579
1894,Canada,"FRUIT, Almonds",Lemons,Bushels,1577.0,5625.0,1577.0,1,exact01,A,as_1897,0,5376
1894,Canada,"FRUIT, Almonds",Lemons,Bushels,1877.0,5628.0,1877.0,1,gross,D,as_1898,0,5634
1894,Canada,"FRUIT, Almonds","Nuts, used as Fruit",,1405.0,,1405.0,1,gross,D,as_1897,0,5436
1894,Canada,"FRUIT, Almonds","Nuts, used as Fruit",,1405.0,,1405.0,1,mod,D,as_1898,0,5694
1894,Canada,"FRUIT, Almonds",Oranges,,14233.0,62148.0,,0,gross,D,as_1897,0,5511
1894,Newfoundland,"FRUIT, Almonds",Oranges,,1351.0,3935.0,,0,gross,D,as_1897,0,5516
1894,Canada,"FRUIT, Almonds",Oranges,,14388.0,69146.0,,0,exact01,B,as_1898,0,5769
1894,Newfoundland,"FRUIT, Almonds",Oranges,,1351.0,3935.0,,0,exact01,B,as_1898,0,5774
1894,British North America,Fish,Castor,Cwts,3747.0,3305.0,,0,gross,D,as_1894,1,1448
1894,Canada,"GLASS, Window and German Sheet, including Shades and Cyinders",,Cwts,810.0,2255.0,,0,mod,D,as_1897,0,5904
1894,Canada,"GLASS, Window and German Sheet, including Shades and Cyinders","Lac, Seed, Shell, Stick, and Dye",Cwts,545.0,763.0,,0,gross,D,as_1897,0,6242
1894,Canada,"GLASS, Window and German Sheet, including Shades and Cyinders","Lac, Seed, Shell, Stick, and Dye",Cwts,2455.0,442.0,,0,within5,D,as_1897,0,6332
1894,Canada,"GLASS, Window and German Sheet, including Shades and Cylinders",,Cwts,810.0,2385.0,2213.0,0,mod,D,as_1898,0,6161
1894,Canada,"GLASS, Window and German Sheet, including Shades and Cylinders","Lac, Seed, Shell, Stick, and Dye",Cwts,2488.0,442.0,2488.0,1,exact01,A,as_1898,0,6618
1894,Canada,"GLASS, Window and German Sheet, including Shades and Cylinders","Manufactures, unenumerated",Cwts,518.0,168.0,,0,gross,D,as_1898,0,6528
1894,Canada,"GOODS UNENUMERATED, Unmanufactured",,,1325.0,,,0,within5,D,as_1897,0,18796
1894,Canada,"GOODS UNENUMERATED, Unmanufactured",,,1325.0,,957.0,0,gross,D,as_1898,0,19034
1894,Canada,"GOODS UNENUMERATED, Unmanufactured",Manufactured,,35774.0,,,0,mod,D,as_1897,0,19123
1894,Newfoundland,"GOODS UNENUMERATED, Unmanufactured",Manufactured,,575.0,,,0,mod,D,as_1897,0,19128
1894,Canada,GUM,Kowrie,Cwts,548.0,168.0,,0,gross,D,as_1894,1,917
1894,Canada,"HAIR: Cow, Ox, Bull, or Elk",Dressed or Undressed,Tons,20218.0,503.0,20215.0,1,within5,C,as_1897,0,7022
1894,Newfoundland,"HAIR: Cow, Ox, Bull, or Elk",Dressed or Undressed,Tons,2010.0,101.0,2010.0,1,within5,C,as_1897,0,7027
1894,Canada,"HAIR: Cow, Ox, Bull, or Elk",Dressed or Undressed,Tons,52.0,1.0,20215.0,0,within5,D,as_1897,0,7112
1894,Canada,"HAIR: Cow, Ox, Bull, or Elk",Dressed or Undressed,Tons,9415.0,3620.0,20215.0,0,within5,D,as_1897,0,7226
1894,Canada,"HAIR: Cow, Ox, Bull, or Elk",Dressed or Undressed,Cwts,2578.0,605.0,,0,gross,D,as_1897,0,7410
1894,British North America,HEMP,Dressed or Undressed,Tons,22228.0,904.0,22228.0,1,exact01,A,as_1894,1,998
1894,Canada,HEMP,Dressed or Undressed,Tons,20218.0,803.0,20218.0,1,within5,C,as_1898,0,7277
1894,Newfoundland,HEMP,Dressed or Undressed,Tons,2010.0,101.0,2010.0,1,within5,C,as_1898,0,7282
1894,Canada,HEMP,Dressed or Undressed,Tons,52.0,1.0,20218.0,0,within5,D,as_1898,0,7368
1894,Canada,HEMP,Dressed or Undressed,Cwts,9448.0,3620.0,,0,exact01,B,as_1898,0,7483
1894,Canada,HEMP,Dressed or Undressed,Cwts,2578.0,608.0,,0,exact01,B,as_1898,0,7677
1894,Canada,HEMP,"Tow, or Codilla of",Tons,38.0,2.0,38.0,1,exact01,A,as_1894,1,1003
1894,Canada,"HIDES, Raw, and Pieces thereof",Dry,Cwt,9448.0,3620.0,,0,exact01,B,as_1894,1,1027
1894,Canada,IRON,"Bar, Angle, Bolt, and Rod",Tons,3374.0,407.0,3374.0,1,exact01,A,as_1894,1,1079
1894,Canada,IRON,"Manufactures of Iron or Steel, Unenumerated",Cwtts,6292.0,11643.0,,0,mod,D,as_1897,0,8156
1894,Newfoundland,IRON,"Manufactures of Iron or Steel, Unenumerated",Cwtts,837.0,1492.0,,0,mod,D,as_1897,0,8161
1894,Canada,IRON,"Manufactures of Iron or Steel, Unenumerated",Cwts,6302.0,11643.0,6302.0,1,within5,C,as_1898,0,8497
1894,Newfoundland,IRON,"Manufactures of Iron or Steel, Unenumerated",Cwts,857.0,1409.0,857.0,1,within5,C,as_1898,0,8502
1894,British North America,IRON,Unenumerated,Cwts,7159.0,13142.0,2384.0,0,gross,D,as_1894,1,1125
1894,Canada,IRON: Ore of (including Chrome),"Bar, Angle, Bolt, and Rod",Tons,6374.0,407.0,4374.0,0,mod,D,as_1897,0,7642
1894,Canada,IRON: Ore of (including Chrome),"Bar, Angle, Bolt, and Rod",Tons,170.0,40.0,4374.0,0,exact01,D,as_1897,0,7845
1894,Canada,IRON: Ore of (including Chrome),"Bar, Angle, Bolt, and Rod",Tons,3374.0,407.0,,0,within5,D,as_1898,0,7908
1894,Canada,IRON: Ore of (including Chrome),"Girders, Beams, and Pillars",Tons,170.0,,170.0,1,exact01,A,as_1898,0,8116
1894,Canada,JUTE,"Manufactures of, including Piece Goods, Sacks, and Bags",,25736.0,,,0,mod,D,as_1897,0,8502
1894,Canada,JUTE,"Manufactures of, including Piece Goods, Sacks, and Bags",,7021.0,,,0,within5,D,as_1897,0,8596
1894,British North America,LACE and Articles thereof,Of Cotton,,7103.0,,7103.0,1,gross,D,as_1894,1,1176
1894,British North America,"LACE, and Articles thereof",Of Silk,,25751.0,,25731.0,1,gross,D,as_1894,1,1167
1894,Canada,LEATHER,,Cwts,2213.0,172.0,2213.0,1,within5,C,as_1898,0,9372
1894,Canada,LEATHER,Gloves,Dozen Pairs,10893.0,25553.0,10603.0,0,mod,D,as_1897,0,9265
1894,Canada,LEATHER,Gloves,Dozen Pairs,10693.0,9853.0,10693.0,1,mod,D,as_1898,0,9542
1894,British North America,LEATHER MANUFACTURES,Gloves,,11224.0,10341.0,,0,mod,D,as_1894,1,1262
1894,Canada,LINEN,,,739.0,351.0,,0,gross,D,as_1897,0,9464
1894,Canada,LINEN,"Manufactures, including Manu-     factures of Linen mixed with     Cotton",,516.0,,,0,gross,D,as_1898,0,9680
1894,Canada,LINEN,"Manufactures, including Manu-     factures of Linen mixed with     Cotton",,749.0,354.0,,0,gross,D,as_1898,0,9745
1894,Canada,LINEN,"Manufactures, including Manu- factures of Linen mixed with Cotton",,516.0,,,0,gross,D,as_1897,0,9399
1894,Canada,"MEAT, Unenumerated","MEAT, Preserved, otherwise than by Salting",,987.0,104.0,987.0,1,exact01,A,as_1897,0,9937
1894,Canada,"MEAT, Unenumerated","MEAT, Preserved, otherwise than by Salting",,987.0,104.0,,0,within5,D,as_1898,0,10270
1894,Canada,"METAL: Leaf, not Gold","Unenumerated, Unwrought",Tons,761.0,7.0,,0,mod,D,as_1897,0,10176
1894,Canada,MUSICAL INSTRUMENTS,,Tuns,3723.0,3294.0,,0,gross,D,as_1897,0,10761
1894,Canada,MUSICAL INSTRUMENTS,,Tuns,1839.0,48.0,,0,exact01,B,as_1897,0,10916
1894,Canada,MUSICAL INSTRUMENTS,Palm,Cwts,769.0,689.0,769.0,1,exact01,A,as_1897,0,11021
1894,Canada,MUSICAL INSTRUMENTS,Seed,Tons,431.0,19.0,431.0,1,exact01,A,as_1897,0,11115
1894,Newfoundland,MUSICAL INSTRUMENTS,Seed,Tons,488.0,12.0,488.0,1,exact01,A,as_1897,0,11119
1894,Canada,MUSICAL INSTRUMENTS,Unenumerated,,3154.0,22193.0,4504.0,0,gross,D,as_1897,0,11517
1894,Canada,MUSICAL INSTRUMENTS,Unenumerated,,2119.0,,4504.0,0,exact01,D,as_1897,0,11652
1894,Canada,OILS,"Fish, Sperm or Head Matter",Tuns,3723.0,3294.0,,0,gross,D,as_1898,0,11145
1894,Canada,OILS,"Fish, Sperm or Head Matter",Tuns,1830.0,48.0,,0,mod,D,as_1898,0,11310
1894,Canada,OILS,Palm,Cwts,769.0,689.0,769.0,1,exact01,A,as_1898,0,11415
1894,Canada,OILS,Seed,Tons,431.0,19.0,131.0,0,within5,D,as_1898,0,11503
1894,Newfoundland,OILS,Seed,Tons,488.0,12.0,488.0,1,within5,C,as_1898,0,11507
1894,Canada,"ONIONS, Raw",,Bushels,3154.0,22193.0,,0,gross,D,as_1898,0,11867
1894,Canada,Other sorts,"Unenumerated, Unwrought",Tons,761.0,7.0,,0,within5,D,as_1898,0,10519
1894,Canada,"PAINTERS' Colours and Pigments, Unenumerated",,,2119.0,,957.0,0,exact01,D,as_1898,0,12002
1894,Canada,PAPER,Paper-hangings,Cwts,2270.0,636.0,,0,exact01,B,as_1898,0,12053
1894,British North America,PAPER,Unenumerated,Cwts,2384.0,669.0,2384.0,1,exact01,A,as_1894,1,1571
1894,Canada,PAPER,Unenumerated,Cwts,2279.0,636.0,2279.0,1,within5,C,as_1897,0,11734
1894,Canada,PAPER,Unprinted,,581.0,1510.0,,0,exact01,B,as_1897,0,11876
1894,Canada,PAPER,Unprinted,,581.0,1510.0,581.0,1,exact01,A,as_1898,0,12232
1894,Newfoundland,PAPER-MAKING MATERIALS,Other Materials,Tons,1405.0,93013.0,,0,within5,D,as_1898,0,12645
1894,Canada,PAPER-MAKING MATERIALS,Other Materials,Tons,1446.0,23.0,,0,exact01,B,as_1898,0,12731
1894,Newfoundland,PARAFFINE,,Cwts,1405.0,93013.0,,0,exact01,B,as_1897,0,12290
1894,Canada,PARAFFINE,,Cwts,1446.0,23.0,,0,mod,D,as_1897,0,12377
1894,Canada,PARAFFINE,,Cwts,1232.0,,,0,gross,D,as_1897,0,12477
1894,Canada,RABBITS,"LAGS, Woollen, applicable to other uses than Manure",Tons,40.0,2.0,,0,exact01,B,as_1894,1,1696
1894,Canada,RABBITS (dead),,Cwts,4674.0,10228.0,,0,gross,D,as_1897,0,13294
1894,Newfoundland,RABBITS (dead),,Cwts,1657.0,3997.0,,0,gross,D,as_1897,0,13299
1894,Canada,RICE,,Cwts,4074.0,10258.0,2213.0,0,exact01,D,as_1898,0,13522
1894,Newfoundland,RICE,,Cwts,1687.0,3997.0,,0,exact01,B,as_1898,0,13527
1894,Canada,"SAGO, and Flour or Meal thereof",,Cwts,921.0,1771.0,,0,within5,D,as_1897,0,13413
1894,Canada,"SAGO, and Flour or Meal thereof",,Cwts,921.0,1771.0,2213.0,0,exact01,D,as_1898,0,13641
1894,Canada,SALTPETRE (Nitrate of Potash),,Cwts,960.0,1090.0,,0,within5,D,as_1897,0,13477
1894,Canada,SALTPETRE (Nitrate of Potash),,Cwts,900.0,1000.0,2213.0,0,exact01,D,as_1898,0,13706
1894,Canada,"SAUCES or CONDIMENTS, Unenumerated","Garden, Unenumerated",Lbs,65.0,1249.0,65.0,1,exact01,A,as_1898,0,14018
1894,Canada,"SAUCES or CONDIMENTS, Unenumerated",Rape,Quarters,65.0,1249.0,,0,within5,D,as_1897,0,13782
1894,Canada,"SAUCES or CONDIMENTS, Unenumerated","Unenumerated, Other Sorts",Cwts,1078.0,1747.0,1078.0,1,exact01,A,as_1898,0,14202
1894,Canada,SILK,Cinnamon,Lbs,2922.0,1264.0,,0,within5,D,as_1897,0,15151
1894,Canada,SILK,Cinnamon,Lbs,7439.0,654204.0,,0,within5,D,as_1897,0,15301
1894,Canada,SILK,"Furs Unenumerated (including Rabbit Skins, prior to 1894)",Number,47740.0,251416.0,47740.0,1,exact01,A,as_1897,0,14915
1894,Canada,SILK,"Furs Unenumerated (including Rabbit Skins, prior to 1894)",Number,6226.0,,47740.0,0,exact01,D,as_1897,0,14970
1894,Canada,SILK,"Furs, Rabbit Skins",Number,2889.0,107278.0,2439.0,0,exact01,D,as_1898,0,15269
1894,Canada,SILK,Ginger,Cwts,2922.0,1264.0,,0,within5,D,as_1898,0,15620
1894,Canada,SILK,"Manufactures of Silk, or of Silk mixed with other Materials, unenumerated",,15926.0,,15026.0,0,exact01,D,as_1897,0,14519
1894,Canada,SILK,"Manufactures of Silk, or of Silk mixed with other Materials, unenumerated",Number,7570.0,99957.0,,0,gross,D,as_1897,0,14602
1894,Canada,SILK,"Manufactures of Silk, or of Silk mixed with other Materials, unenumerated",Number,6670.0,28906.0,,0,exact01,B,as_1897,0,14669
1894,Canada,SILK,"Manufactures of Silk, or of Silk mixed with other Materials, unenumerated",Number,2168.0,11428.0,,0,exact01,B,as_1897,0,14760
1894,Canada,SILK,"Manufactures of Silk, or of Silk mixed with other Materials, unenumerated",Number,1357.0,46660.0,,0,gross,D,as_1897,0,14809
1894,Canada,SILK,"Manufactures of Silk, or of Silk mixed with other Materials, unenumerated",Number,10037.0,4704.0,,0,exact01,B,as_1897,0,14851
1894,Canada,SILK,"Manufactures of Silk, or of Silk mixed with other Materials, unenumerated",,15926.0,,15026.0,0,exact01,D,as_1898,0,14952
1894,Canada,SILK,"Manufactures of Silk, or of Silk mixed with other Materials, unenumerated",Number,7579.0,99957.0,,0,within5,D,as_1898,0,15057
1894,Canada,SILK,"Manufactures of Silk, or of Silk mixed with other Materials, unenumerated",Number,6679.0,28906.0,,0,exact01,B,as_1898,0,15122
1894,Canada,SILK,"Manufactures:—Broadstuffs, Silk and Satin",,49834.0,,43834.0,0,within5,D,as_1897,0,14148
1894,Canada,SILK,"Manufactures:—Broadstuffs, Silk and Satin",,3145.0,,43834.0,0,mod,D,as_1897,0,14212
1894,Canada,SILK,"Manufactures:—Broadstuffs, Silk and Satin",,88235.0,,43834.0,0,exact01,D,as_1897,0,14328
1894,Newfoundland,SILK,"Manufactures:—Broadstuffs, Silk and Satin",,524.0,,524.0,1,exact01,A,as_1897,0,14333
1894,Canada,SILK,"Manufactures:—Broadstuffs, Silk and Satin",,19834.0,,19831.0,1,mod,D,as_1898,0,14568
1894,Canada,SILK,"Manufactures:—Broadstuffs, Silk and Satin",,3145.0,,19831.0,0,exact01,D,as_1898,0,14632
1894,Canada,SILK,"Manufactures:—Broadstuffs, Silk and Satin",,88298.0,,19831.0,0,exact01,D,as_1898,0,14753
1894,Newfoundland,SILK,"Manufactures:—Broadstuffs, Silk and Satin",,521.0,,524.0,0,exact01,D,as_1898,0,14758
1894,Canada,SILK,Pepper,Lbs,7439.0,634204.0,,0,exact01,B,as_1898,0,15765
1894,Canada,SILK,Pepper,Lbs,5841.0,157912.0,,0,within5,D,as_1898,0,15910
1894,Canada,SILK,Pepper,Lbs,2082.0,7162.0,,0,exact01,B,as_1898,0,16020
1894,Canada,SILK,Pepper,Lbs,2592.0,19693.0,,0,within5,D,as_1898,0,16261
1894,Canada,SILK,Pepper,Lbs,488.0,663.0,,0,exact01,B,as_1898,0,16465
1894,Canada,SILK,"Ribbons, other kinds",,1275.0,,1275.0,1,mod,D,as_1897,0,14372
1894,Canada,SILK,"Ribbons, other kinds",,1275.0,,1275.0,1,mod,D,as_1898,0,14797
1894,Canada,SILK,Seal Skins,Number,10037.0,1704.0,,0,exact01,B,as_1898,0,15314
1894,Canada,SILK,Seal Skins,Number,47740.0,251416.0,,0,within5,D,as_1898,0,15379
1894,Canada,SILK,Seal Skins,Number,6226.0,,,0,exact01,B,as_1898,0,15434
1894,Canada,SILK,"Skins, in any way Dressed     (not Leather)",Number,2168.0,11428.0,2168.0,1,gross,D,as_1898,0,15212
1894,Canada,SILK,Unenumerated,Lbs,5841.0,157912.0,,0,exact01,B,as_1897,0,15446
1894,Canada,SILK,"Unrefined, Beetroot : Cane and Other Sorts",Cwts,1999.0,2992.0,1999.0,1,gross,D,as_1898,0,16586
1894,British North America,SILK MANUFACTURES,,,50283.0,,7755.0,0,exact01,D,as_1894,1,1842
1894,British North America,SILK MANUFACTURES,,,16119.0,,7755.0,0,exact01,D,as_1894,1,1876
1894,British North America,SILK MANUFACTURES,"Broad Stuffs, Velvet, Plain or Figured",,3151.0,,3151.0,1,gross,D,as_1894,1,1848
1894,British North America,SILK MANUFACTURES,"Ribbons, Silk or Satin",,88822.0,,88822.0,1,gross,D,as_1894,1,1860
1894,Canada,"SKINS, FURS and PELTS",Furs,Number,47740.0,251416.0,47740.0,1,exact01,A,as_1894,1,1944
1894,British North America,"SKINS, FURS and PELTS","Manufactures of, including Rugs",,6236.0,,6236.0,1,exact01,A,as_1894,1,1953
1894,Canada,"SKINS, FURS, AND PELTS","Goat, Undressed",Number,7570.0,99957.0,7570.0,1,gross,D,as_1894,1,1895
1894,Canada,"SKINS, FURS, AND PELTS",Rabbit,Number,2889.0,107258.0,2889.0,1,gross,D,as_1894,1,1904
1894,Canada,"SKINS, FURS, and PELTS",Seal,Number,10037.0,4704.0,10037.0,1,exact01,A,as_1894,1,1913
1894,Canada,"SKINS, FURS, and PELTS","Sheep, Undressed",Number,6679.0,28906.0,6679.0,1,gross,D,as_1894,1,1923
1894,British North America,SPICES,Ginger,,3092.0,1445.0,,0,exact01,B,as_1894,1,1978
1894,British North America,SPICES,Pepper,,7510.0,689094.0,,0,exact01,B,as_1894,1,1994
1894,British North America,SPICES,Unenumerated,,5996.0,164380.0,4896.0,0,mod,D,as_1894,1,2010
1894,Canada,SPIRITS,Rum,,3009.0,26657.0,,0,within5,D,as_1897,0,21048
1894,Newfoundland,SPIRITS,Rum,,842.0,12229.0,,0,within5,D,as_1897,0,21053
1894,Canada,SPIRITS,Rum,,990.0,2341.0,,0,within5,D,as_1897,0,21217
1894,Canada,"SPIRITS, Geneva",,Proof Gallons,214.0,1145.0,,0,mod,D,as_1897,0,21282
1894,Canada,"SPIRITS, Unenumerated","Liqueurs, Cordials, &c., not tested for ascertaining the Strength",Gallons,147.0,84.0,147.0,1,gross,D,as_1897,0,21631
1894,Canada,"SPIRITS, Unenumerated",Perfumed,Gallons,341.0,110.0,341.0,1,within5,C,as_1897,0,21725
1894,Canada,"SPIRITS, Unenumerated",Perfumed in Bond,Gallons,1095.0,241.0,,0,within5,D,as_1897,0,21886
1894,Canada,"SPIRITS, Unenumerated",Perfumed in Bond,Gallons,31918.0,711231.0,,0,mod,D,as_1897,0,22035
1894,Newfoundland,"SPIRITS, Unenumerated",Perfumed in Bond,Gallons,2502.0,26497.0,,0,mod,D,as_1897,0,22040
1894,Canada,"SPIRITS, Unenumerated",Perfumed in Bond,Gallons,42736.0,957843.0,,0,mod,D,as_1897,0,22200
1894,Newfoundland,"SPIRITS, Unenumerated",Perfumed in Bond,Gallons,4810.0,192472.0,,0,mod,D,as_1897,0,22205
1894,Canada,"SPIRITS, Unenumerated",of China,Lbs,128017.0,3159774.0,,0,exact01,B,as_1897,0,22430
1894,Newfoundland,"SPIRITS, Unenumerated",of China,Lbs,30704.0,750235.0,,0,exact01,B,as_1897,0,22435
1894,Canada,"SPIRITS, Unenumerated",of other Countries,Lbs,1468.0,36968.0,,0,within5,D,as_1897,0,22554
1894,Newfoundland,"SPIRITS, Unenumerated",of other Countries,Lbs,19.0,282.0,,0,within5,D,as_1897,0,22559
1894,British North America,"SPIRITS, not Sweetened",Rum,,3872.0,39086.0,,0,exact01,B,as_1894,1,2037
1894,Canada,SPONGE,,,2082.0,7162.0,,0,within5,D,as_1897,0,15551
1894,Canada,SPONGE,,,2502.0,12003.0,,0,exact01,B,as_1897,0,15788
1894,Canada,SPONGE,,,488.0,658.0,,0,within5,D,as_1897,0,15998
1894,Canada,SPONGE,,,1099.0,2092.0,,0,gross,D,as_1897,0,16111
1894,Canada,TALLOW and STEARINE,,Cwts,2831.0,1071.0,,0,within5,D,as_1897,0,16356
1894,Canada,TALLOW and STEARINE,,Cwts,2331.0,1971.0,2213.0,0,mod,D,as_1898,0,16820
1894,British North America,TEA,,,36610.0,767691.0,7755.0,0,exact01,D,as_1894,1,2222
1894,British North America,TEA,Of Ceylon,,47566.0,1060315.0,,0,exact01,B,as_1894,1,2240
1894,British North America,TEA,Of China,Lbs,158721.0,3910009.0,158721.0,1,exact01,A,as_1894,1,2267
1894,British North America,TEA,Total,Lbs,244384.0,5774955.0,244384.0,1,exact01,A,as_1894,1,2301
1894,Canada,TIN,"In Blocks, Ingots, Bars or Slabs",Cwts,8630.0,2383.0,8630.0,1,exact01,A,as_1894,1,2318
1894,Canada,TIN: Ore of,"In Blocks, Ingots, Bars or Slabs",Cwts,8620.0,2383.0,8620.0,1,within5,C,as_1897,0,16515
1894,Canada,TIN: Ore of,"In Blocks, Ingots, Bars or Slabs",Cwts,8630.0,2383.0,8630.0,1,exact01,A,as_1898,0,16984
1894,Canada,TOBACCO,Imported in Casks,Gallons,3880.0,11160.0,2638.0,0,mod,D,as_1898,0,23612
1894,Canada,TOBACCO,"In Bottles, Sparkling Saumur",Gallons,7121.0,14416.0,7121.0,1,exact01,A,as_1898,0,24418
1894,Newfoundland,TOBACCO,"In Bottles, Sparkling Saumur",Gallons,850.0,1702.0,850.0,1,exact01,A,as_1898,0,24423
1894,Canada,TOBACCO,Negrohead,,576.0,2292.0,,0,mod,D,as_1897,0,23470
1894,Canada,TOBACCO,Negrohead,,1878.0,5831.0,,0,within5,D,as_1897,0,23670
1894,Canada,TOBACCO,Negrohead,Gallons,2002.0,5329.0,,0,exact01,B,as_1897,0,23925
1894,Canada,TOBACCO,Negrohead : Other Sorts,Lbs,576.0,2203.0,,0,mod,D,as_1898,0,23382
1894,Canada,TOBACCO,Total of Wine of all kinds,Gallons,7121.0,14446.0,7121.0,1,mod,D,as_1897,0,25363
1894,Newfoundland,TOBACCO,Total of Wine of all kinds,Gallons,850.0,1702.0,850.0,1,mod,D,as_1897,0,25368
1894,Canada,TOBACCO,"White, in Bottles, Sparkling Champagne",Gallons,2638.0,1823.0,,0,within5,D,as_1897,0,24448
1894,Newfoundland,TOBACCO,"White, in Bottles, Sparkling Champagne",Gallons,451.0,242.0,,0,within5,D,as_1897,0,24453
1894,Canada,TOBACCO,"White, in Bottles, Sparkling Saumur",Gallons,2123.0,6283.0,,0,within5,D,as_1897,0,24808
1894,Canada,TOBACCO,"White, in Bottles, Sparkling Saumur",Gallons,4828.0,7691.0,,0,within5,D,as_1897,0,25078
1894,Newfoundland,TOBACCO,"White, in Bottles, Sparkling Saumur",Gallons,365.0,657.0,,0,within5,D,as_1897,0,25083
1894,Canada,TOBACCO,"in Bottles, Sparkling Champagne",Gallons,2638.0,1553.0,,0,within5,D,as_1898,0,24008
1894,Newfoundland,TOBACCO,"in Bottles, Sparkling Champagne",Gallons,451.0,312.0,,0,within5,D,as_1898,0,24013
1894,Canada,TOBACCO,"in Casks, mixed in Bond",Gallons,159.0,753.0,,0,within5,D,as_1898,0,23711
1894,Canada,TOTAL,,Lbs,306220.0,4975569.0,,0,gross,D,as_1897,0,22784
1894,Newfoundland,TOTAL,,Lbs,33125.0,290446.0,,0,gross,D,as_1897,0,22789
1894,Canada,TOYS,,,1203.0,,,0,within5,D,as_1897,0,16704
1894,Canada,TOYS,,,1203.0,,957.0,0,exact01,D,as_1898,0,17152
1894,British North America,"WINE, Red","Total of, in Casks and Bottles",Gallons,2438.0,7328.0,4403.0,0,exact01,D,as_1894,1,2517
1894,British North America,"WINE, Red",in Casks,Gallons,2133.0,6743.0,2133.0,1,exact01,A,as_1894,1,2469
1894,British North America,"WINE, Red",in Casks,Gallons,2095.0,5614.0,2133.0,0,within5,D,as_1894,1,2540
1894,British North America,"WINE, White","Total in Bottles, Sparkling",Gallons,3172.0,2309.0,,0,exact01,B,as_1894,1,2602
1894,British North America,"WINE, White","Total in Bottles, Still and Sparkling",Gallons,3279.0,2453.0,,0,exact01,B,as_1894,1,2625
1894,British North America,"WINE, White","Total of Wine in Bottles, Sparkling",Gallons,3172.0,2309.0,,0,exact01,B,as_1894,1,2720
1894,British North America,"WINE, White","Total of Wine in Bottles, Still and Sparkling",Gallons,3568.0,2921.0,3568.0,1,exact01,A,as_1894,1,2744
1894,British North America,"WINE, White",Total of Wine in Casks,Gallons,4403.0,13227.0,,0,exact01,B,as_1894,1,2687
1894,British North America,"WINE, White",Total of Wine of all kinds in Casks and Bottles,Gallons,7971.0,16148.0,7971.0,1,exact01,A,as_1894,1,2778
1894,British North America,"WINE, White","Total of, in Casks and Bottles",Gallons,5423.0,8148.0,4403.0,0,within5,D,as_1894,1,2656
1894,British North America,"WINE, White","in Bottles, Sparkling Champagne",Gallons,3039.0,2195.0,,0,exact01,B,as_1894,1,2566
1894,Canada,WOOD and TIMBER,,Lbs,1391.0,,,0,exact01,B,as_1897,0,18060
1894,Canada,WOOD and TIMBER,"For fancy purposes, including Berlin Wool and Zephyr Yarn",Lbs,1565.0,14003.0,1565.0,1,mod,D,as_1897,0,17932
1894,Canada,WOOD and TIMBER,"For fancy purposes, including Berlin Wool and Zephyr Yarn",Lbs,1565.0,14003.0,1565.0,1,mod,D,as_1898,0,18196
1894,Canada,WOOD and TIMBER,"For fancy purposes, including Berlin Wool and Zephyr Yarn : For Weaving, mixed or not with Silk",Lbs,40.0,2.0,,0,gross,D,as_1898,0,18297
1894,Canada,WOOD and TIMBER,"For fancy purposes, including Berlin Wool and Zephyr Yarn : For Weaving, mixed or not with Silk",Lbs,1391.0,,,0,gross,D,as_1898,0,18323
1894,Canada,WOOD and TIMBER,"For fancy purposes, including Berlin Wool and Zephyr Yarn : Of Wool other than Goats', or of Wool mixed with Cotton: Cloths",Yards,1743.0,26522.0,1743.0,1,exact01,A,as_1897,0,18141
1894,Canada,WOOD and TIMBER,"For fancy purposes, including Berlin Wool and Zephyr Yarn : Of Wool other than Goats', or of Wool mixed with Cotton: Cloths",Yards,1713.0,26522.0,1713.0,1,within5,C,as_1898,0,18395
1894,Canada,WOOD and TIMBER,"For fancy purposes, including Berlin Wool and Zephyr Yarn : Unenumerated",Lbs,40.0,2.0,40.0,1,gross,D,as_1897,0,18034
1894,Canada,WOOD and TIMBER,"House Frames, Fittings, Joiners' and Cabinet Work",,259.0,,259.0,1,within5,C,as_1898,0,17902
1894,Canada,WOOD and TIMBER,Sheep or Lambs',Lbs,34570.0,898200.0,34870.0,0,within5,D,as_1897,0,17832
1894,Canada,WOOD and TIMBER,Sheep or Lambs',Lbs,34870.0,898200.0,31870.0,0,exact01,D,as_1898,0,18100
1894,Canada,WOOD and TIMBER,Stuffs,Yards,83326.0,1651897.0,53326.0,0,within5,D,as_1897,0,18296
1894,Newfoundland,WOOD and TIMBER,Stuffs,Yards,530.0,9887.0,530.0,1,within5,C,as_1897,0,18301
1894,Canada,WOOD and TIMBER,Stuffs,Yards,83326.0,1651897.0,83326.0,1,mod,D,as_1898,0,18555
1894,Canada,WOOD and TIMBER,Unenumerated,Loads,1212.0,82.0,,0,exact01,B,as_1897,0,17134
1894,Canada,WOOD and TIMBER,Unenumerated,,32694.0,,4504.0,0,within5,D,as_1897,0,18476
1894,Canada,WOOD and TIMBER,Unenumerated,Loads,1212.0,82.0,,0,exact01,B,as_1898,0,17592
1894,Canada,WOOL,Sheep or Lambs',Lbs,34870.0,898200.0,34870.0,1,exact01,A,as_1894,1,2873
1894,Canada,WOOLLEN MANUFACTURES,Carpets and Rugs,Woollen Manufactures,32004.0,,,0,within5,D,as_1898,0,18725
1894,Canada,WOOLLEN MANUFACTURES,"Manufactures of, Unenumerated",Cwts,128.0,132.0,128.0,1,exact01,A,as_1898,0,18875
1894,British North America,WOOLLEN MANUFACTURES,Stuffs,Yards,83856.0,1661284.0,32434.0,0,exact01,D,as_1894,1,2908
1894,British North America,WOOLLEN MANUFACTURES,Unenumerated,,32434.0,,4896.0,0,exact01,D,as_1894,1,2921
1894,Canada,ZINC,"Manufactures of, Unenumerated",Cwts,123.0,132.0,125.0,0,exact01,D,as_1897,0,18636
1894,British North America,ZINC Ore of,Manufactured,,36649.0,,36649.0,1,mod,D,as_1894,1,2983
1895,Canada,"ARMS: Swords, Cutlasses, Matchets, and Bayonets","Muskets, Rifles, Carbines, Fowling-pieces, or Guns of any other sort unenumerated, and parts thereof, and Pistols",Muskets,1240.0,,,0,gross,D,as_1897,0,148
1895,Canada,"ARMS: Swords, Cutlasses, Matchets, and Bayonets","Muskets, Rifles, Carbines, Fowling-pieces, or Guns of any other sort unenumerated, and parts thereof, and Pistols",Muskets,206.0,,,0,exact01,B,as_1898,0,166
1895,Canada,"ARMS: Swords, Cutlasses, Matchets, and Bayonets","Muskets, Rifles, Carbines, Fowling-pieces, or Guns of any other sort unenumerated, and parts thereof, and Pistols",Muskets,182.0,51.0,,0,gross,D,as_1898,0,211
1895,Canada,"ARMS: Swords, Cutlasses, Matchets, and Bayonets","Muskets, Rifles, Carbines, Fowling-pieces, or Guns of any other sort unenumerated, and parts thereof, and Pistols",Muskets,1240.0,,,0,gross,D,as_1899,0,335
1895,Canada,BEADS OF ALL SORTS,,Lbs,335.0,7561.0,,0,gross,D,as_1897,0,383
1895,Canada,BEADS OF ALL SORTS,,Lbs,385.0,7561.0,,0,mod,D,as_1898,0,405
1895,Canada,BEADS OF ALL SORTS,,Lbs,335.0,7561.0,,0,within5,D,as_1899,0,580
1895,Canada,BOOKS,,Cwts,1805.0,252.0,,0,within5,D,as_1897,0,617
1895,Canada,BOOKS,,,1905.0,252.0,221.0,0,within5,D,as_1898,0,644
1895,Canada,"BOOKS, bound and unbound, including Maps and Charts",,Cwts,1905.0,252.0,2125.0,0,exact01,D,as_1899,0,818
1895,Canada,BRISTLES,,Lbs,4562.0,22421.0,,0,mod,D,as_1897,0,833
1895,Canada,BRISTLES,,Lbs,4562.0,22421.0,,0,exact01,B,as_1898,0,871
1895,Canada,BRISTLES,,Lbs,4562.0,22421.0,,0,exact01,B,as_1899,0,1046
1895,Canada,BUTTER,MARGARINE (including all kinds of Artificial or Imitation Butter),Cwts,931.0,7817.0,,0,exact01,B,as_1897,0,1045
1895,Canada,BUTTER,MARGARINE (including all kinds of Artificial or Imitation Butter),Cwts,931.0,7817.0,,0,exact01,B,as_1898,0,1098
1895,Canada,"BUTTONS AND STUDS, not of Metal",,Gross,931.0,7817.0,,0,exact01,B,as_1899,0,1271
1895,Canada,CAOUTCHOU,,Cwts,2126.0,217.0,4012.0,0,exact01,D,as_1898,0,1310
1895,Canada,CAOUTCHOU,,Cwts,2123.0,217.0,2125.0,1,within5,C,as_1899,0,1481
1895,Canada,CAOUTCHOU,Manufactures of,Lbs,10240.0,,,0,within5,D,as_1899,0,1822
1895,Canada,CAOUTCHOU,Manufactures of,Lbs,619.0,205.0,,0,exact01,B,as_1899,0,1887
1895,Canada,CAOUTCHOUÇ,,Cwts,2126.0,217.0,,0,exact01,B,as_1897,0,1243
1895,British North America,CHEMICAL MANUFACTURES AND PRODUCTS,Unenumerated,,10503.0,,10503.0,1,exact01,A,as_1895,1,173
1895,Canada,"CHEMICAL MANUFACTURES AND PRODUCTS, not enumerated",,,10240.0,,,0,within5,D,as_1897,0,1557
1895,Canada,"CHEMICAL MANUFACTURES AND PRODUCTS, not enumerated",,,10240.0,,221.0,0,within5,D,as_1898,0,1649
1895,Newfoundland,CHICORY,"Roasted and Ground, Mixed",,55.0,1442.0,55.0,1,within5,C,as_1897,0,19416
1895,Newfoundland,CHICORY,"Roasted and Ground, Mixed",,55.0,1442.0,,0,mod,D,as_1898,0,19632
1895,Newfoundland,CHICORY,"Roasted and Ground, Mixed",,55.0,1442.0,,0,exact01,B,as_1899,0,20240
1895,Newfoundland,CHICORY,"Roasted and Ground, Mixed in Bond",,775.0,21469.0,331.0,0,within5,D,as_1897,0,19502
1895,Canada,CHICORY,"Roasted and Ground, Mixed in Bond",,2416.0,72310.0,18630.0,0,exact01,D,as_1897,0,19677
1895,Canada,CHICORY,"Roasted and Ground, Mixed in Bond",,518.0,4500.0,18630.0,0,within5,D,as_1897,0,19846
1895,Newfoundland,CHICORY,"Roasted and Ground, Mixed in Bond",,345.0,3711.0,331.0,0,within5,D,as_1897,0,19851
1895,Canada,CHICORY,"Roasted and Ground, Mixed in Bond",,18639.0,3912.0,18630.0,1,within5,C,as_1897,0,20027
1895,Newfoundland,CHICORY,"Roasted and Ground, Mixed in Bond",,334.0,70.0,331.0,0,within5,D,as_1897,0,20032
1895,Newfoundland,CHICORY,"Roasted and Ground, Mixed in Bond",,775.0,21400.0,,0,within5,D,as_1898,0,19701
1895,Canada,CHICORY,"Roasted and Ground, Mixed in Bond",,2416.0,79310.0,,0,exact01,B,as_1898,0,19868
1895,Newfoundland,CHICORY,"Roasted and Ground, Mixed in Bond",,775.0,21400.0,,0,within5,D,as_1899,0,20293
1895,Canada,CHICORY,"Roasted and Ground, Mixed in Bond",,2416.0,79310.0,,0,exact01,B,as_1899,0,20456
1895,Canada,CHICORY,"Roasted or Ground, in Bond",Lbs,485.0,56013.0,485.0,1,within5,C,as_1897,0,19361
1895,Canada,CHICORY,"Roasted or Ground, in Bond",Lbs,485.0,56013.0,485.0,1,mod,D,as_1898,0,19587
1895,Canada,CHICORY,"Roasted or Ground, in Bond",Lbs,485.0,50013.0,485.0,1,within5,C,as_1899,0,20201
1895,Canada,CHICORY,"or CHOCOLATE, Ground, Pre- pared, or in any way Manu- factured",Lbs,518.0,4500.0,,0,exact01,B,as_1898,0,20021
1895,Newfoundland,CHICORY,"or CHOCOLATE, Ground, Pre- pared, or in any way Manu- factured",Lbs,315.0,3931.0,,0,exact01,B,as_1898,0,20026
1895,Canada,CHICORY,"or CHOCOLATE, Ground, Pre- pared, or in any way Manu- factured",Lbs,518.0,4500.0,,0,exact01,B,as_1899,0,20608
1895,Newfoundland,CHICORY,"or CHOCOLATE, Ground, Pre- pared, or in any way Manu- factured",Lbs,345.0,3931.0,,0,exact01,B,as_1899,0,20613
1895,Canada,CHICORY,"or CHOCOLATE, in the manu- facture of which Spirit has been used",Cwts,18630.0,3012.0,,0,within5,D,as_1898,0,20229
1895,Newfoundland,CHICORY,"or CHOCOLATE, in the manu- facture of which Spirit has been used",Cwts,334.0,70.0,,0,within5,D,as_1898,0,20234
1895,Canada,CHICORY,"or CHOCOLATE, in the manufacture of which Spirit has been used",Lbs,18639.0,3912.0,,0,mod,D,as_1899,0,20817
1895,Newfoundland,CHICORY,"or CHOCOLATE, in the manufacture of which Spirit has been used",Lbs,334.0,70.0,,0,mod,D,as_1899,0,20822
1895,Canada,"CHINA OR PORCELAIN, AND EARTHENWARE",,Cwts,619.0,265.0,4012.0,0,exact01,D,as_1898,0,1714
1895,Canada,"CLOCKS, and parts thereof",,,102.0,,221.0,0,within5,D,as_1898,0,1785
1895,Canada,"CLOCKS, and parts thereof",,,102.0,,4042.0,0,exact01,D,as_1899,0,1949
1895,British North America,COFFEE,Raw,Cwts,18964.0,3982.0,18964.0,1,exact01,A,as_1895,1,264
1895,Canada,"CONFECTIONERY, in the manufacture of which Spirit has been used",Currants,Cwtts,975.0,1546.0,,0,within5,D,as_1897,0,20371
1895,Newfoundland,"CONFECTIONERY, in the manufacture of which Spirit has been used",Currants,Cwtts,918.0,1532.0,,0,within5,D,as_1897,0,20376
1895,Canada,"CONFECTIONERY, in the manufacture of which Spirit has been used",Currants,Cwtts,2456.0,2738.0,,0,gross,D,as_1897,0,20456
1895,Canada,"CONFECTIONERY, in the manufacture of which Spirit has been used",Raisins,Cwts,7604.0,6267.0,,0,within5,D,as_1897,0,20788
1895,Newfoundland,"CONFECTIONERY, in the manufacture of which Spirit has been used",Raisins,Cwts,3210.0,2857.0,,0,within5,D,as_1897,0,20793
1895,Canada,COPPER,,,627.0,16.0,,0,within5,D,as_1897,0,1893
1895,Canada,COPPER,,,697.0,16.0,221.0,0,exact01,D,as_1898,0,1997
1895,Canada,"COPPER, Ore of",Manufactured,,2235.0,24568.0,,0,within5,D,as_1899,0,2518
1895,Newfoundland,"COPPER, Ore of","Manufactures of, not otherwise enumerated or described, including Copper plates engraved",Cordage,1681.0,,1681.0,1,gross,D,as_1899,0,2341
1895,Canada,"COPPER, Ore of",Unmanufactured,Tons,333.0,10.0,333.0,1,exact01,A,as_1899,0,2405
1895,Canada,"COPPER, Ore of","Unwrought, in Bars, Blocks or Slabs, Cakes or Ingots",Tons,697.0,16.0,697.0,1,exact01,A,as_1899,0,2170
1895,Newfoundland,"CORDAGE CABLES (not of iron), Twine, and Cable Yarn",,,1004.0,,,0,within5,D,as_1897,0,2070
1895,Newfoundland,"CORDAGE CABLES (not of iron), Twine, and Cable Yarn",,,1094.0,,,0,mod,D,as_1898,0,2199
1895,Canada,CORK,Manufactured,,2235.0,24568.0,,0,within5,D,as_1897,0,2208
1895,Canada,CORK,Manufactured,Lbs,2235.0,24568.0,2235.0,1,exact01,A,as_1898,0,2370
1895,Canada,CORK,Unmanufactured,Tons,333.0,10.0,333.0,1,within5,C,as_1898,0,2257
1895,Canada,"CORN ; Grain, Meal, and Flour",Wheat Meal or Flour,Cwts,1600.0,2950.0,2000.0,0,within5,D,as_1898,0,2870
1895,Canada,"CORN; Grain, Meal, and Flour",Wheat Meal or Flour,Cwts,1000.0,2950.0,1000.0,1,within5,C,as_1897,0,2687
1895,Canada,"CORN; Grain, Meal, and Flour—cont.",Wheat Meal or Flour,Cwts,1600.0,2050.0,1600.0,1,mod,D,as_1899,0,3024
1895,British North America,COTTON,Unenumerated,,6953.0,,6953.0,1,gross,D,as_1895,1,453
1895,Canada,COTTON MANUFACTURES,,,6806.0,,221.0,0,within5,D,as_1898,0,3625
1895,Canada,COTTON MANUFACTURES,,,6896.0,,4042.0,0,exact01,D,as_1899,0,3780
1895,Canada,COTTON MANUFACTURES,"Hosiery, of all sorts",,3660.0,,3600.0,0,within5,D,as_1897,0,3291
1895,Canada,COTTON MANUFACTURES,"Hosiery, of all sorts",,3660.0,,3060.0,0,exact01,D,as_1898,0,3488
1895,Canada,COTTON MANUFACTURES,"Hosiery, of all sorts",,3660.0,,,0,within5,D,as_1899,0,3642
1895,Canada,COTTON MANUFACTURES,"Piece Goods, other than Muslins",Yards,3503.0,149100.0,,0,within5,D,as_1897,0,3217
1895,Canada,COTTON MANUFACTURES,"Piece Goods, other than Muslins",Yards,3503.0,149100.0,3503.0,1,exact01,A,as_1898,0,3409
1895,Canada,COTTON MANUFACTURES,"Piece Goods, other than Muslins",Yards,3503.0,149100.0,3503.0,1,within5,C,as_1899,0,3568
1895,Canada,COTTON MANUFACTURES,Unenumerated,,6826.0,,6826.0,1,mod,D,as_1897,0,3431
1895,Canada,Cotton,"Garden, Unenumerated",Lbs,2883.0,277888.0,2883.0,1,within5,C,as_1899,0,14394
1895,Canada,Cotton,"Unenumerated, Other Sorts",Cwts,1790.0,3041.0,1700.0,0,exact01,D,as_1899,0,14578
1895,Canada,DRUGS,Opium,Lbs,11353.0,21177.0,402.0,0,gross,D,as_1899,0,3901
1895,Canada,DRUGS,"Unenumerated, including Medicinal Preparations",,2503.0,,,0,exact01,B,as_1897,0,3678
1895,Canada,DRUGS,"Unenumerated, including Medicinal Preparations",,2503.0,,2503.0,1,within5,C,as_1898,0,3882
1895,Canada,DRUGS,"Unenumerated, including Medicinal Preparations not liable to Duty",,2503.0,,,0,gross,D,as_1899,0,4040
1895,Canada,"DYE STUFFS (other than Dye Woods), and Substances used in Tanning or Dyeing",Cutch and Gambier,Tons,2315.0,55.0,2315.0,1,within5,C,as_1897,0,3830
1895,Canada,"DYE STUFFS (other than Dye Woods), and Substances used in Tanning or Dyeing",Cutch and Gambier,Tons,2345.0,85.0,2345.0,1,exact01,A,as_1898,0,4040
1895,Canada,"DYE STUFFS (other than Dye Woods), and Substances used in Tanning or Dyeing",Cutch and Gambier,Tons,2345.0,85.0,,0,exact01,B,as_1899,0,4198
1895,Canada,"DYE STUFFS (other than Dye Woods), and Substances used in Tanning or Dyeing","Dyes obtained from Coal Tar,     viz. :—Aniline",,1816.0,,,0,within5,D,as_1898,0,4087
1895,Canada,"DYE STUFFS (other than Dye Woods), and Substances used in Tanning or Dyeing","Dyes obtained from Coal Tar, viz.:—Aniline",,1549.0,,,0,gross,D,as_1897,0,3876
1895,Canada,"DYE STUFFS (other than Dye Woods), and Substances used in Tanning or Dyeing","Dyes obtained from Coal Tar, viz.:—Aniline",,1846.0,,,0,exact01,B,as_1899,0,4245
1895,Canada,"DYE STUFFS (other than Dye Woods), and Substances used in Tanning or Dyeing",Ornamental,Lbs,845.0,1259.0,845.0,1,exact01,A,as_1897,0,4659
1895,Canada,"DYE STUFFS (other than Dye Woods), and Substances used in Tanning or Dyeing",Sumach,Tons,25015.0,,,0,mod,D,as_1897,0,4454
1895,Canada,"DYE STUFFS (other than Dye Woods), and Substances used in Tanning or Dyeing",Sumach,Tons,6619.0,,,0,exact01,B,as_1897,0,4559
1895,Canada,EGGS,,Gt. hundreds,25015.0,,,0,gross,D,as_1898,0,4666
1895,Canada,EGGS,,Gt. hundreds,6619.0,,,0,within5,D,as_1898,0,4776
1895,Canada,EGGS,Ornamental,Lbs,848.0,1259.0,848.0,1,exact01,A,as_1898,0,4876
1895,Canada,EMBROIDERY AND NEEDLEWORK,,,25019.0,,25019.0,1,mod,D,as_1895,1,581
1895,Canada,EMBROIDERY AND NEEDLEWORK,,,25015.0,,4042.0,0,exact01,D,as_1899,0,4841
1895,Canada,EMBROIDERY AND NEEDLEWORK,,,6619.0,,4042.0,0,exact01,D,as_1899,0,4951
1895,Canada,EMBROIDERY AND NEEDLEWORK,,,848.0,259.0,4042.0,0,exact01,D,as_1899,0,5051
1895,British North America,"FAMINACEOUS SUBSTANCES, and Manufactures thereof, unenum- erated",,,6717.0,,6717.0,1,exact01,A,as_1895,1,604
1895,Canada,FISH,,Cwts,5880.0,1274.0,,0,exact01,B,as_1897,0,4837
1895,Canada,FISH,,Cwts,5880.0,1274.0,4012.0,0,within5,D,as_1898,0,5066
1895,Canada,FISH,,Cwts,5880.0,1274.0,2125.0,0,exact01,D,as_1899,0,5236
1895,Canada,FISH,"Cured or Salted, unenumerated",Cwts,463.0,223.0,463.0,1,within5,C,as_1897,0,5022
1895,Canada,FISH,"Cured or Salted, unenumerated",Cwts,463.0,223.0,,0,exact01,B,as_1898,0,5251
1895,Canada,FISH,"Cured or Salted, unenumerated",Cwts,463.0,223.0,,0,within5,D,as_1899,0,5421
1895,British North America,"FISH, Fresh (not of British taking)","Cured, Sardines",Cwts,5895.0,1280.0,5895.0,1,exact01,A,as_1895,1,638
1895,Canada,"FLOWERS, Artificial",,,6088.0,,6088.0,1,gross,D,as_1895,1,678
1895,Canada,"FLOWERS, Artificial",,,6088.0,,221.0,0,gross,D,as_1898,0,5384
1895,Canada,"FLOWERS, Artificial",,,6088.0,,4042.0,0,gross,D,as_1899,0,5551
1895,Canada,FRUIT,,Cwts,2784.0,4848.0,,0,within5,D,as_1897,0,5655
1895,Canada,FRUIT,,,2784.0,4818.0,221.0,0,within5,D,as_1898,0,5912
1895,British North America,FRUIT,Almonds,Cwts,5450.0,1784.0,5450.0,1,exact01,A,as_1895,1,688
1895,Canada,FRUIT,Brandy,,536.0,2163.0,,0,exact01,B,as_1898,0,21405
1895,Canada,FRUIT,Currants,,975.0,1546.0,,0,exact01,B,as_1898,0,20562
1895,Newfoundland,FRUIT,Currants,,918.0,1532.0,,0,exact01,B,as_1898,0,20567
1895,Canada,FRUIT,Currants,,975.0,1546.0,,0,within5,D,as_1899,0,21146
1895,Newfoundland,FRUIT,Currants,,918.0,1532.0,,0,within5,D,as_1899,0,21151
1895,British North America,FRUIT,Figs and Fig Cake,Cwts,2468.0,2747.0,2468.0,1,exact01,A,as_1895,1,708
1895,Canada,FRUIT,Figs and Fig Cake,Cwts,2456.0,2738.0,,0,gross,D,as_1898,0,20647
1895,Canada,FRUIT,Figs and Fig-Cake,Cwts,2456.0,2738.0,,0,gross,D,as_1899,0,21231
1895,British North America,FRUIT,"Grapes, Raw",Bushels,8252.0,12816.0,8252.0,1,exact01,A,as_1895,1,717
1895,Canada,FRUIT,"Liqueurs, Cordials, &c., not   tested for ascertaining the   Strength",Gallons,432.0,339.0,432.0,1,gross,D,as_1898,0,21595
1895,British North America,FRUIT,Oranges,Bushels,25815.0,100233.0,25815.0,1,exact01,A,as_1895,1,742
1895,Canada,FRUIT,Perfumed,Gallons,380.0,162.0,86601.0,0,mod,D,as_1898,0,21690
1895,Canada,FRUIT,Perfumed in Bond,Gallons,1216.0,188.0,,0,within5,D,as_1898,0,21817
1895,Canada,FRUIT,Perfumed in Bond,Gallons,86601.0,2206456.0,,0,within5,D,as_1898,0,22025
1895,Newfoundland,FRUIT,Perfumed in Bond,Gallons,19172.0,512452.0,,0,within5,D,as_1898,0,22030
1895,Newfoundland,FRUIT,"Plums, Raw",Bushels,14.0,20.0,14.0,1,exact01,A,as_1895,1,750
1895,Canada,FRUIT,"Preserved without sugar,     other than Dried",Lbs,497.0,58017.0,497.0,1,within5,C,as_1899,0,6136
1895,Canada,FRUIT,"Preserved without sugar, other than Dried",Lbs,497.0,58617.0,497.0,1,exact01,A,as_1897,0,5715
1895,Canada,FRUIT,"Preserved without sugar, other than Dried",Lbs,497.0,58017.0,497.0,1,within5,C,as_1898,0,5972
1895,British North America,FRUIT,Raisins,Cwts,10814.0,9124.0,10814.0,1,gross,D,as_1895,1,766
1895,Canada,FRUIT,Raisins,Cwts,7601.0,6267.0,,0,mod,D,as_1898,0,20975
1895,Newfoundland,FRUIT,Raisins,Cwts,3210.0,2857.0,,0,mod,D,as_1898,0,20980
1895,Canada,FRUIT,Raisins,Cwts,7004.0,6267.0,7001.0,1,within5,C,as_1899,0,21559
1895,Newfoundland,FRUIT,Raisins,Cwts,3210.0,2857.0,3210.0,1,within5,C,as_1899,0,21564
1895,Canada,FRUIT,Rum,Proof Gallons,3725.0,25308.0,536.0,0,within5,D,as_1898,0,21236
1895,Newfoundland,FRUIT,Rum,Proof Gallons,777.0,11018.0,777.0,1,within5,C,as_1898,0,21241
1895,Canada,FRUIT,Tea: of British East India,Lbs,38045.0,780225.0,,0,within5,D,as_1898,0,22185
1895,Newfoundland,FRUIT,Tea: of British East India,Lbs,2318.0,42982.0,,0,within5,D,as_1898,0,22190
1895,Canada,FRUIT,"Unenumerated, Dried",Cwts,2784.0,4848.0,2784.0,1,gross,D,as_1899,0,6076
1895,Canada,FRUIT,of Ceylon,Lbs,45346.0,1033646.0,,0,within5,D,as_1898,0,22350
1895,Newfoundland,FRUIT,of Ceylon,Lbs,4202.0,85354.0,,0,within5,D,as_1898,0,22355
1895,Canada,FRUIT,of Ceylon,Lbs,2160.0,69804.0,,0,exact01,B,as_1898,0,22479
1895,Newfoundland,FRUIT,of Ceylon,Lbs,712.0,15941.0,,0,exact01,B,as_1898,0,22484
1895,Canada,FRUIT,of Ceylon,Lbs,172152.0,4051191.0,,0,mod,D,as_1898,0,22704
1895,Newfoundland,FRUIT,of Ceylon,Lbs,26704.0,656729.0,,0,mod,D,as_1898,0,22709
1895,Canada,FRUIT,served in Sugar,,764.0,528.0,,0,mod,D,as_1897,0,5800
1895,Canada,FRUIT,served in Sugar,Cwts,764.0,528.0,,0,exact01,B,as_1898,0,6057
1895,Canada,"FRUIT, Almonds",,Cwts,5401.0,1755.0,,0,gross,D,as_1897,0,5216
1895,Canada,"FRUIT, Almonds",,Cwts,5404.0,1755.0,4012.0,0,gross,D,as_1898,0,5464
1895,Canada,"FRUIT, Almonds",,Cwts,5404.0,1755.0,2125.0,0,gross,D,as_1899,0,5631
1895,Canada,"FRUIT, Almonds","Grapes, Raw",Bushels,7629.0,11513.0,7629.0,1,gross,D,as_1897,0,5322
1895,Newfoundland,"FRUIT, Almonds","Grapes, Raw",Bushels,613.0,1623.0,613.0,1,gross,D,as_1897,0,5327
1895,Canada,"FRUIT, Almonds","Grapes, Raw",Bushels,7639.0,11813.0,7639.0,1,within5,C,as_1898,0,5575
1895,Newfoundland,"FRUIT, Almonds","Grapes, Raw",Bushels,613.0,1003.0,613.0,1,within5,C,as_1898,0,5580
1895,Canada,"FRUIT, Almonds","Grapes, Raw",Bushels,7639.0,11813.0,7630.0,0,exact01,D,as_1899,0,5741
1895,Newfoundland,"FRUIT, Almonds","Grapes, Raw",Bushels,613.0,1003.0,613.0,1,exact01,A,as_1899,0,5746
1895,Canada,"FRUIT, Almonds",Lemons,Bushels,2787.0,5149.0,2757.0,0,exact01,D,as_1897,0,5377
1895,Canada,"FRUIT, Almonds",Lemons,Bushels,2787.0,5149.0,2787.0,1,gross,D,as_1898,0,5635
1895,Canada,"FRUIT, Almonds",Lemons,Bushels,2787.0,5149.0,2787.0,1,gross,D,as_1899,0,5801
1895,Canada,"FRUIT, Almonds","Nuts, used as Fruit",,3042.0,,3042.0,1,gross,D,as_1897,0,5437
1895,Canada,"FRUIT, Almonds","Nuts, used as Fruit",,3012.0,,3012.0,1,within5,C,as_1898,0,5695
1895,Canada,"FRUIT, Almonds","Nuts, used as Fruit",,3042.0,,3042.0,1,gross,D,as_1899,0,5861
1895,Canada,"FRUIT, Almonds",Oranges,,24503.0,96738.0,,0,gross,D,as_1897,0,5512
1895,Newfoundland,"FRUIT, Almonds",Oranges,,1222.0,3475.0,,0,gross,D,as_1897,0,5517
1895,Canada,"FRUIT, Almonds",Oranges,,24593.0,96758.0,,0,exact01,B,as_1898,0,5770
1895,Newfoundland,"FRUIT, Almonds",Oranges,,1222.0,3475.0,,0,exact01,B,as_1898,0,5775
1895,Canada,"FRUIT, Almonds",Oranges,,24593.0,90758.0,,0,exact01,B,as_1899,0,5936
1895,Newfoundland,"FRUIT, Almonds",Oranges,,1222.0,3175.0,,0,exact01,B,as_1899,0,5941
1895,Canada,"FRUITS and VEGETABLES, Pre- served in Sugar",,Cwts,764.0,528.0,2125.0,0,within5,D,as_1899,0,6221
1895,British North America,Fish,Castor,Cwts,3749.0,3712.0,,0,gross,D,as_1895,1,1351
1895,Canada,"GLASS, Window and German Sheet, including Shades and Cyinders",,Cwts,786.0,1825.0,,0,mod,D,as_1897,0,5905
1895,Canada,"GLASS, Window and German Sheet, including Shades and Cyinders","Lac, Seed, Shell, Stick, and Dye",Cwts,2291.0,420.0,,0,exact01,B,as_1897,0,6333
1895,Canada,"GLASS, Window and German Sheet, including Shades and Cyinders","Manufactures, unenumerated",Cwts,753.0,229.0,,0,gross,D,as_1897,0,6243
1895,Canada,"GLASS, Window and German Sheet, including Shades and Cylinders",,Cwts,786.0,1895.0,4012.0,0,mod,D,as_1898,0,6162
1895,Canada,"GLASS, Window and German Sheet, including Shades and Cylinders",,Cwts,736.0,1895.0,2125.0,0,mod,D,as_1899,0,6325
1895,Canada,"GLASS, Window and German Sheet, including Shades and Cylinders","Lac, Seed, Shell, Stick, and Dye",Cwts,2861.0,490.0,2861.0,1,within5,C,as_1898,0,6619
1895,Canada,"GLASS, Window and German Sheet, including Shades and Cylinders","Manufactures, unenumerated",Cwts,785.0,229.0,,0,gross,D,as_1898,0,6529
1895,Canada,"GOODS UNENUMERATED, Unmanufactured",,,5629.0,,,0,exact01,B,as_1897,0,18797
1895,Canada,"GOODS UNENUMERATED, Unmanufactured",,,5820.0,,221.0,0,within5,D,as_1898,0,19035
1895,Canada,"GOODS UNENUMERATED, Unmanufactured",,Goods,5820.0,,,0,within5,D,as_1899,0,19666
1895,Canada,"GOODS UNENUMERATED, Unmanufactured",,Goods,34294.0,,,0,exact01,B,as_1899,0,19992
1895,Newfoundland,"GOODS UNENUMERATED, Unmanufactured",,Goods,454.0,,,0,exact01,B,as_1899,0,19997
1895,Canada,"GOODS UNENUMERATED, Unmanufactured",Manufactured,,34294.0,,,0,within5,D,as_1897,0,19124
1895,Newfoundland,"GOODS UNENUMERATED, Unmanufactured",Manufactured,,454.0,,,0,within5,D,as_1897,0,19129
1895,Canada,GUM,Kowrie,Cwts,785.0,229.0,785.0,1,gross,D,as_1895,1,854
1895,Canada,"GUM, Arabic",Kowrie,Cwts,785.0,229.0,,0,gross,D,as_1899,0,6691
1895,Canada,"GUM, Arabic","Lac, Seed, Shell, Stick, and Dye",Cwts,2861.0,490.0,,0,exact01,B,as_1899,0,6780
1895,Canada,"HAIR: Cow, Ox, Bull, or Elk",Dressed or Undressed,Tons,50475.0,2528.0,50475.0,1,mod,D,as_1897,0,7023
1895,Newfoundland,"HAIR: Cow, Ox, Bull, or Elk",Dressed or Undressed,Tons,1785.0,74.0,1785.0,1,mod,D,as_1897,0,7028
1895,Canada,"HAIR: Cow, Ox, Bull, or Elk",Dressed or Undressed,Tons,1205.0,94.0,50475.0,0,gross,D,as_1897,0,7113
1895,Canada,"HAIR: Cow, Ox, Bull, or Elk",Dressed or Undressed,Tons,15015.0,5237.0,50475.0,0,within5,D,as_1897,0,7227
1895,Canada,"HAIR: Cow, Ox, Bull, or Elk",Dressed or Undressed,Cwts,2644.0,362.0,,0,gross,D,as_1897,0,7411
1895,Canada,HAMS,Dressed or Undressed,Tons,50475.0,2528.0,50475.0,1,exact01,A,as_1899,0,7460
1895,Newfoundland,HAMS,Dressed or Undressed,Tons,1785.0,74.0,1785.0,1,exact01,A,as_1899,0,7465
1895,Canada,HAMS,Dressed or Undressed,Tons,1993.0,91.0,50475.0,0,exact01,D,as_1899,0,7548
1895,Canada,HAMS,Dressed or Undressed,Cwts,15045.0,5287.0,,0,exact01,B,as_1899,0,7663
1895,Canada,HAMS,Dressed or Undressed,Cwts,1466.0,1067.0,,0,gross,D,as_1899,0,7753
1895,Canada,HAMS,Dressed or Undressed,Cwts,2644.0,392.0,,0,exact01,B,as_1899,0,7848
1895,British North America,HEMP,Dressed or Undressed,Tons,52260.0,2602.0,,0,exact01,B,as_1895,1,932
1895,Canada,HEMP,Dressed or Undressed,Tons,50475.0,2528.0,50475.0,1,within5,C,as_1898,0,7278
1895,Newfoundland,HEMP,Dressed or Undressed,Tons,1785.0,74.0,1785.0,1,within5,C,as_1898,0,7283
1895,Canada,HEMP,Dressed or Undressed,Tons,1933.0,94.0,50475.0,0,within5,D,as_1898,0,7369
1895,Canada,HEMP,Dressed or Undressed,Cwts,15048.0,5237.0,,0,exact01,B,as_1898,0,7484
1895,Canada,HEMP,Dressed or Undressed,Cwts,1466.0,1967.0,,0,gross,D,as_1898,0,7573
1895,Canada,HEMP,Dressed or Undressed,Cwts,2644.0,392.0,,0,within5,D,as_1898,0,7678
1895,Canada,"HIDES, Raw, or Pieces thereof, viz.",Dry,Cwts,15048.0,5287.0,,0,exact01,B,as_1895,1,957
1895,Canada,IRON,"Bar, Angle, Bolt, and Rod",Tons,1760.0,214.0,1760.0,1,exact01,A,as_1899,0,8079
1895,Canada,IRON,"Manufactures of Iron or Steel, Unenumerated",Cwtts,18152.0,51181.0,,0,within5,D,as_1897,0,8157
1895,Newfoundland,IRON,"Manufactures of Iron or Steel, Unenumerated",Cwtts,1729.0,4239.0,,0,within5,D,as_1897,0,8162
1895,Canada,IRON,"Manufactures of Iron or Steel, Unenumerated",Cwts,18153.0,51181.0,18153.0,1,mod,D,as_1898,0,8498
1895,Newfoundland,IRON,"Manufactures of Iron or Steel, Unenumerated",Cwts,1730.0,4399.0,1730.0,1,mod,D,as_1898,0,8503
1895,British North America,IRON,Unenumerated,Cwts,19883.0,55530.0,19883.0,1,mod,D,as_1895,1,1044
1895,Canada,IRON: Ore of (including Chrome),"Bar, Angle, Bolt, and Rod",Tons,1760.0,214.0,1760.0,1,within5,C,as_1897,0,7643
1895,Canada,IRON: Ore of (including Chrome),"Bar, Angle, Bolt, and Rod",Tons,1760.0,214.0,,0,exact01,B,as_1898,0,7909
1895,Canada,"Iron:—Manufactures of Iron or Steel, Unenumerated",,Cwts,18153.0,51181.0,2125.0,0,within5,D,as_1899,0,8706
1895,Newfoundland,"Iron:—Manufactures of Iron or Steel, Unenumerated",,Cwts,1730.0,4399.0,,0,within5,D,as_1899,0,8711
1895,Canada,JUTE,"Manufactures of, including Piece Goods, Sacks, and Bags",,4286.0,,,0,within5,D,as_1897,0,8503
1895,Canada,JUTE,"Manufactures of, including Piece Goods, Sacks, and Bags",,7562.0,,,0,within5,D,as_1897,0,8597
1895,Canada,JUTE,Of Silk,,4986.0,,4986.0,1,exact01,A,as_1895,1,1084
1895,British North America,LACE and Articles thereof,Of Cotton,,7689.0,,,0,exact01,B,as_1895,1,1095
1895,Canada,"LACE, and Articles thereof",Of Cotton,,7562.0,,7562.0,1,within5,C,as_1899,0,9221
1895,Canada,"LACE, and Articles thereof",Of Silk,,4986.0,,4986.0,1,mod,D,as_1899,0,9126
1895,Canada,"LEAD, Pig and Sheet",,Tons,3289.0,215.0,,0,within5,D,as_1897,0,8865
1895,Canada,"LEAD, Pig and Sheet",,Tons,3280.0,315.0,,0,exact01,B,as_1898,0,9146
1895,Canada,"LEAD, Pig and Sheet",,Tons,3250.0,315.0,,0,within5,D,as_1899,0,9493
1895,Canada,LEATHER,,Cwts,4042.0,475.0,4012.0,0,within5,D,as_1898,0,9373
1895,Canada,LEATHER,,Cwts,4042.0,475.0,2125.0,0,exact01,D,as_1899,0,9721
1895,Canada,LEATHER,Dressed,Lbs,4042.0,53149.0,4042.0,1,exact01,A,as_1895,1,1157
1895,Canada,LEATHER,Gloves,Dozen Pairs,25522.0,35419.0,9532.0,0,gross,D,as_1897,0,9266
1895,Canada,LEATHER,Gloves,Dozen Pairs,9582.0,8549.0,9582.0,1,gross,D,as_1898,0,9543
1895,Canada,LEATHER,Gloves,,9582.0,8549.0,,0,gross,D,as_1899,0,9891
1895,British North America,LEATHER MANUFACTURES,Gloves,Dozen Pairs,9830.0,8803.0,9830.0,1,exact01,A,as_1895,1,1176
1895,British North America,LIGUORICE,,Cwts,4212.0,1665.0,,0,gross,D,as_1895,1,1196
1895,Canada,LINEN,,,3591.0,1453.0,,0,gross,D,as_1897,0,9465
1895,Canada,LINEN,,,374.0,,4042.0,0,exact01,D,as_1899,0,10026
1895,Canada,LINEN,"Manufactures, including Manu-     factures of Linen mixed with     Cotton",,374.0,,,0,gross,D,as_1898,0,9681
1895,Canada,LINEN,"Manufactures, including Manu-     factures of Linen mixed with     Cotton",,3891.0,1453.0,,0,gross,D,as_1898,0,9746
1895,Canada,LINEN,"Manufactures, including Manu- factures of Linen mixed with Cotton",,374.0,,,0,gross,D,as_1897,0,9400
1895,Canada,LIQUORICE,,Cwts,3891.0,1453.0,2125.0,0,gross,D,as_1899,0,10091
1895,Canada,"MEAT, Preserved, otherwise than by Salting",,Cwts,221.0,50.0,2125.0,0,within5,D,as_1899,0,10625
1895,Canada,"MEAT, Unenumerated","MEAT, Preserved, otherwise than by Salting",,221.0,50.0,221.0,1,within5,C,as_1897,0,9938
1895,Canada,"MEAT, Unenumerated","MEAT, Preserved, otherwise than by Salting",,221.0,50.0,,0,exact01,B,as_1898,0,10271
1895,Canada,"METAL: Leaf, not Gold","Unenumerated, Unwrought",Tons,1482.0,25.0,,0,exact01,B,as_1897,0,10177
1895,Canada,"METAL: Leaf, not Gold","Unenumerated, Unwrought",Tons,1482.0,25.0,,0,mod,D,as_1899,0,10879
1895,Canada,"METHYLIC ALCOHOL, not purified so as to be potable",MICA and TALC,Cwts,1035.0,71.0,1035.0,1,gross,D,as_1895,1,1289
1895,Canada,MUSICAL INSTRUMENTS,,Tuns,3713.0,3691.0,,0,gross,D,as_1897,0,10762
1895,Canada,MUSICAL INSTRUMENTS,,Tuns,1299.0,34.0,,0,within5,D,as_1897,0,10917
1895,Canada,MUSICAL INSTRUMENTS,Palm,Cwts,837.0,832.0,837.0,1,exact01,A,as_1897,0,11022
1895,Canada,MUSICAL INSTRUMENTS,Seed,Tons,1318.0,73.0,1318.0,1,within5,C,as_1897,0,11116
1895,Newfoundland,MUSICAL INSTRUMENTS,Seed,Tons,1029.0,26.0,1029.0,1,within5,C,as_1897,0,11120
1895,Canada,MUSICAL INSTRUMENTS,Unenumerated,,3212.0,24587.0,6826.0,0,gross,D,as_1897,0,11518
1895,Canada,MUSICAL INSTRUMENTS,Unenumerated,,2338.0,,6826.0,0,exact01,D,as_1897,0,11653
1895,Canada,OILS,Castor,Cwts,3713.0,3691.0,3713.0,1,gross,D,as_1899,0,11490
1895,Canada,OILS,"Chemical, Essential, or Per- fumed : Seed Cake of other Sorts",Tons,3312.0,24887.0,,0,exact01,B,as_1899,0,12231
1895,Canada,OILS,"Fish, Sperm or Head Matter",Tuns,3713.0,3691.0,,0,gross,D,as_1898,0,11146
1895,Canada,OILS,"Fish, Sperm or Head Matter",Tuns,1309.0,31.0,,0,within5,D,as_1898,0,11311
1895,Canada,OILS,Olive,Tuns,1399.0,34.0,1309.0,0,exact01,D,as_1899,0,11654
1895,Canada,OILS,Palm,Cwts,837.0,832.0,837.0,1,exact01,A,as_1898,0,11416
1895,Canada,OILS,Palm,Cwts,837.0,832.0,837.0,1,exact01,A,as_1899,0,11759
1895,Canada,OILS,Seed,Tons,1315.0,73.0,1316.0,1,within5,C,as_1898,0,11504
1895,Newfoundland,OILS,Seed,Tons,1029.0,26.0,1029.0,1,within5,C,as_1898,0,11508
1895,Canada,OILS,Seed,Tons,1318.0,73.0,1318.0,1,mod,D,as_1899,0,11848
1895,Newfoundland,OILS,Seed,Tons,1029.0,26.0,1029.0,1,mod,D,as_1899,0,11852
1895,Canada,"ONIONS, Raw",,Bushels,3312.0,24887.0,,0,gross,D,as_1898,0,11868
1895,Canada,Other sorts,"Unenumerated, Unwrought",Tons,1482.0,25.0,,0,exact01,B,as_1898,0,10520
1895,Canada,"PAINTERS' Colours and Pigments, Unenumerated",,,2338.0,,221.0,0,mod,D,as_1898,0,12003
1895,Canada,"PAINTERS' Colours and Pigments, Unenumerated",,,2338.0,,4042.0,0,gross,D,as_1899,0,12367
1895,Canada,PAPER,Unprinted,,1102.0,498.0,1102.0,1,within5,C,as_1897,0,11809
1895,Canada,PAPER,Unprinted,,1242.0,5146.0,1102.0,0,exact01,D,as_1897,0,11877
1895,Canada,PAPER,Unprinted,,1102.0,498.0,1242.0,0,exact01,D,as_1898,0,12150
1895,Canada,PAPER,Unprinted,,1242.0,5146.0,1242.0,1,exact01,A,as_1898,0,12233
1895,Canada,PAPER,Unprinted,Cwts,1102.0,498.0,1242.0,0,within5,D,as_1899,0,12502
1895,Canada,"PAPER, Printed or Coated",Strawboard and Millboard,Cwts,1242.0,5146.0,,0,exact01,B,as_1899,0,12597
1895,Canada,PAPER-MAKING MATERIALS,Other Materials,Tons,340.0,7.0,,0,exact01,B,as_1898,0,12732
1895,Canada,PARAFFINE,,Cwts,340.0,7.0,,0,exact01,B,as_1897,0,12378
1895,Canada,PARAFFINE,,Cwts,623.0,,,0,gross,D,as_1897,0,12478
1895,Canada,"PETROLEUM, Illuminating",,,340.0,7.0,4042.0,0,exact01,D,as_1899,0,13115
1895,Canada,RABBITS (dead),,Cwts,17337.0,51597.0,,0,exact01,B,as_1897,0,13295
1895,Newfoundland,RABBITS (dead),,Cwts,1201.0,3076.0,,0,exact01,B,as_1897,0,13300
1895,British North America,RICE,,Cwts,18538.0,54673.0,,0,exact01,B,as_1895,1,1609
1895,Canada,RICE,,Cwts,17337.0,51597.0,4012.0,0,within5,D,as_1898,0,13523
1895,Newfoundland,RICE,,Cwts,1201.0,3076.0,,0,within5,D,as_1898,0,13528
1895,Canada,RICE,,Cwts,17337.0,51597.0,2125.0,0,exact01,D,as_1899,0,13900
1895,Newfoundland,RICE,,Cwts,1201.0,3076.0,,0,exact01,B,as_1899,0,13905
1895,Canada,"SAGO, and Flour or Meal thereof",,Cwts,1635.0,2419.0,,0,gross,D,as_1897,0,13414
1895,Canada,"SAGO, and Flour or Meal thereof",,Cwts,1038.0,2419.0,4012.0,0,exact01,D,as_1898,0,13642
1895,Canada,"SAGO, and Flour or Meal thereof",,Cwts,1038.0,2419.0,2125.0,0,exact01,D,as_1899,0,14018
1895,Canada,"SAGO, and Flour or Meal thereof",,Cwts,1765.0,2022.0,2125.0,0,exact01,D,as_1899,0,14084
1895,Canada,SALTPETRE (Nitrate of Potash),,Cwts,1765.0,2022.0,,0,exact01,B,as_1897,0,13478
1895,Canada,SALTPETRE (Nitrate of Potash),,Cwts,1765.0,2022.0,4012.0,0,exact01,D,as_1898,0,13707
1895,Canada,"SAUCES or CONDIMENTS, Unenumerated","Garden, Unenumerated",Lbs,2883.0,277888.0,2883.0,1,exact01,A,as_1898,0,14019
1895,Canada,"SAUCES or CONDIMENTS, Unenumerated",Rape,Quarters,2583.0,277588.0,,0,within5,D,as_1897,0,13783
1895,Canada,"SAUCES or CONDIMENTS, Unenumerated","Unenumerated, Other Sorts",Cwts,1790.0,3041.0,1790.0,1,exact01,A,as_1898,0,14203
1895,Canada,SILK,Cinnamon,Lbs,3138.0,1574.0,,0,mod,D,as_1897,0,15152
1895,Canada,SILK,Cinnamon,Lbs,6480.0,633500.0,,0,within5,D,as_1897,0,15302
1895,Canada,SILK,"Furs Unenumerated (including Rabbit Skins, prior to 1894)",Number,44688.0,260955.0,44655.0,1,exact01,A,as_1897,0,14916
1895,Canada,SILK,"Furs Unenumerated (including Rabbit Skins, prior to 1894)",Number,5799.0,,44655.0,0,exact01,D,as_1897,0,14971
1895,Canada,SILK,"Furs, Rabbit Skins",Number,1387.0,46639.0,1287.0,0,exact01,D,as_1898,0,15270
1895,Canada,SILK,Ginger,Cwts,3133.0,1574.0,,0,gross,D,as_1898,0,15621
1895,Canada,SILK,"Manufactures of Silk, or of Silk mixed with other Materials, unenumerated",,9145.0,,9145.0,1,within5,C,as_1897,0,14520
1895,Canada,SILK,"Manufactures of Silk, or of Silk mixed with other Materials, unenumerated",Number,8220.0,93736.0,,0,gross,D,as_1897,0,14603
1895,Canada,SILK,"Manufactures of Silk, or of Silk mixed with other Materials, unenumerated",Number,623.0,7370.0,,0,exact01,B,as_1897,0,14670
1895,Canada,SILK,"Manufactures of Silk, or of Silk mixed with other Materials, unenumerated",Number,609.0,7982.0,,0,mod,D,as_1897,0,14761
1895,Canada,SILK,"Manufactures of Silk, or of Silk mixed with other Materials, unenumerated",Number,392.0,9856.0,,0,gross,D,as_1897,0,14810
1895,Canada,SILK,"Manufactures of Silk, or of Silk mixed with other Materials, unenumerated",Number,5788.0,5616.0,,0,exact01,B,as_1897,0,14852
1895,Canada,SILK,"Manufactures of Silk, or of Silk mixed with other Materials, unenumerated",,9145.0,,9145.0,1,exact01,A,as_1898,0,14953
1895,Canada,SILK,"Manufactures of Silk, or of Silk mixed with other Materials, unenumerated",Number,8229.0,93786.0,,0,exact01,B,as_1898,0,15058
1895,Canada,SILK,"Manufactures of Silk, or of Silk mixed with other Materials, unenumerated",Number,623.0,7370.0,,0,exact01,B,as_1898,0,15123
1895,Canada,SILK,"Manufactures:—Broadstuffs, Silk and Satin",,44847.0,,44547.0,0,within5,D,as_1897,0,14149
1895,Canada,SILK,"Manufactures:—Broadstuffs, Silk and Satin",,455.0,,44547.0,0,within5,D,as_1897,0,14213
1895,Canada,SILK,"Manufactures:—Broadstuffs, Silk and Satin",,104641.0,,44547.0,0,mod,D,as_1897,0,14329
1895,Newfoundland,SILK,"Manufactures:—Broadstuffs, Silk and Satin",,493.0,,495.0,0,mod,D,as_1897,0,14334
1895,Canada,SILK,"Manufactures:—Broadstuffs, Silk and Satin",,44817.0,,44817.0,1,within5,C,as_1898,0,14569
1895,Canada,SILK,"Manufactures:—Broadstuffs, Silk and Satin",,485.0,,44817.0,0,within5,D,as_1898,0,14633
1895,Canada,SILK,"Manufactures:—Broadstuffs, Silk and Satin",,104641.0,,44817.0,0,within5,D,as_1898,0,14754
1895,Newfoundland,SILK,"Manufactures:—Broadstuffs, Silk and Satin",,498.0,,498.0,1,within5,C,as_1898,0,14759
1895,Canada,SILK,Pepper,Lbs,6480.0,633800.0,,0,gross,D,as_1898,0,15766
1895,Canada,SILK,Pepper,Lbs,7459.0,239200.0,,0,exact01,B,as_1898,0,15911
1895,Canada,SILK,Pepper,Lbs,2463.0,4564.0,,0,exact01,B,as_1898,0,16021
1895,Canada,SILK,Pepper,Lbs,3114.0,31590.0,,0,exact01,B,as_1898,0,16262
1895,Canada,SILK,Pepper,Lbs,1246.0,2245.0,,0,within5,D,as_1898,0,16466
1895,Canada,SILK,Raw,Lbs,1526.0,,,0,gross,D,as_1899,0,14949
1895,Canada,SILK,Raw,Lbs,48.0,,,0,mod,D,as_1899,0,15008
1895,Canada,SILK,Raw,Lbs,101641.0,,,0,mod,D,as_1899,0,15120
1895,Newfoundland,SILK,Raw,Lbs,493.0,,,0,mod,D,as_1899,0,15125
1895,Canada,SILK,Raw,Lbs,4145.0,,,0,gross,D,as_1899,0,15316
1895,Canada,SILK,Seal Skins,Number,5788.0,5616.0,,0,exact01,B,as_1898,0,15315
1895,Canada,SILK,Seal Skins,Number,44889.0,251259.0,,0,within5,D,as_1898,0,15380
1895,Canada,SILK,Seal Skins,Number,5729.0,,,0,within5,D,as_1898,0,15435
1895,Canada,SILK,"Skins, Goat, Undressed",Number,8220.0,93786.0,8220.0,1,gross,D,as_1899,0,15415
1895,Canada,SILK,"Skins, Goat, Undressed : Sheep, Undressed",Number,623.0,7370.0,623.0,1,gross,D,as_1899,0,15480
1895,Canada,SILK,"Skins, Goat, Undressed : Unenumerated: Undressed",Number,669.0,7982.0,,0,exact01,B,as_1899,0,15571
1895,Canada,SILK,"Skins, Goat, Undressed : Unenumerated: Undressed",Number,1387.0,46000.0,,0,gross,D,as_1899,0,15627
1895,Canada,SILK,"Skins, Goat, Undressed : Unenumerated: Undressed",Number,5788.0,6016.0,,0,exact01,B,as_1899,0,15672
1895,Canada,SILK,"Skins, Goat, Undressed : Unenumerated: Undressed",Number,44688.0,260256.0,,0,exact01,B,as_1899,0,15736
1895,Canada,SILK,"Skins, Goat, Undressed : Unenumerated: Undressed",Number,5700.0,,,0,within5,D,as_1899,0,15791
1895,Canada,SILK,"Skins, Goat, Undressed : Unenumerated: Undressed",Lbs,8060.0,3075.0,,0,gross,D,as_1899,0,15975
1895,Canada,SILK,"Skins, Goat, Undressed : Unenumerated: Undressed",Lbs,6480.0,633890.0,,0,within5,D,as_1899,0,16120
1895,Canada,SILK,"Skins, Goat, Undressed : Unenumerated: Undressed",Lbs,7459.0,230300.0,,0,exact01,B,as_1899,0,16265
1895,Canada,SILK,"Skins, in any way Dressed     (not Leather)",Number,669.0,7582.0,699.0,0,gross,D,as_1898,0,15213
1895,Canada,SILK,Unenumerated,Lbs,7459.0,239260.0,,0,mod,D,as_1897,0,15447
1895,Canada,SILK,"Unrefined, Beetroot",Cwts,470.0,940.0,470.0,1,gross,D,as_1898,0,16506
1895,Canada,SILK,"Unrefined, Beetroot : Cane and Other Sorts",Cwts,9193.0,22535.0,9193.0,1,gross,D,as_1898,0,16587
1895,British North America,SILK MANUFACTURES,,,45071.0,,6717.0,0,exact01,D,as_1895,1,1713
1895,British North America,SILK MANUFACTURES,"Ribbons, Silk or Satin",,105139.0,,105139.0,1,exact01,A,as_1895,1,1728
1895,British North America,SILK MANUFACTURES,Unenumerated,,9157.0,,9157.0,1,exact01,A,as_1895,1,1746
1895,Canada,"SKINS, FURS and PELTS",Furs,Number,44688.0,260256.0,44688.0,1,exact01,A,as_1895,1,1809
1895,Canada,"SKINS, FURS, AND PELTS","Goat, Undressed",Number,8220.0,93786.0,8220.0,1,exact01,A,as_1895,1,1761
1895,Canada,"SKINS, FURS, AND PELTS",Rabbit,Number,1387.0,46660.0,1387.0,1,gross,D,as_1895,1,1770
1895,British North America,SPICES,Ginger,Cwts,3160.0,1581.0,3160.0,1,exact01,A,as_1895,1,1841
1895,British North America,SPICES,Pepper,Lbs,6521.0,636500.0,6521.0,1,exact01,A,as_1895,1,1854
1895,British North America,SPICES,Unenumerated,Lbs,7539.0,241800.0,7539.0,1,exact01,A,as_1895,1,1869
1895,Canada,SPIRITS,Rum,,3723.0,25305.0,,0,within5,D,as_1897,0,21049
1895,Newfoundland,SPIRITS,Rum,,777.0,11015.0,,0,within5,D,as_1897,0,21054
1895,Canada,SPIRITS,Rum,,536.0,2163.0,,0,within5,D,as_1897,0,21218
1895,Canada,SPIRITS,Rum,,3725.0,25308.0,,0,exact01,B,as_1899,0,21820
1895,Newfoundland,SPIRITS,Rum,,777.0,11018.0,,0,exact01,B,as_1899,0,21825
1895,Canada,SPIRITS,Rum,,536.0,2163.0,,0,exact01,B,as_1899,0,21990
1895,Canada,"SPIRITS, Geneva",,Proof Gallons,27.0,158.0,,0,within5,D,as_1897,0,21283
1895,Canada,"SPIRITS, Geneva",,Proof Gallons,27.0,158.0,,0,exact01,B,as_1899,0,22054
1895,Canada,"SPIRITS, Geneva",Perfumed in Bond,Gallons,1216.0,188.0,,0,within5,D,as_1899,0,22577
1895,Canada,"SPIRITS, Geneva",Perfumed in Bond,Gallons,86601.0,2206456.0,,0,exact01,B,as_1899,0,22779
1895,Newfoundland,"SPIRITS, Geneva",Perfumed in Bond,Gallons,19472.0,512452.0,,0,exact01,B,as_1899,0,22784
1895,Canada,"SPIRITS, Geneva",Sweetened or Mixed (Tested),Proof Gallons,432.0,339.0,,0,exact01,B,as_1899,0,22390
1895,Canada,"SPIRITS, Geneva",Sweetened or Mixed (Tested),Proof Gallons,380.0,162.0,,0,exact01,B,as_1899,0,22484
1895,Canada,"SPIRITS, Unenumerated","Liqueurs, Cordials, &c., not tested for ascertaining the Strength",Gallons,432.0,339.0,432.0,1,gross,D,as_1897,0,21632
1895,Canada,"SPIRITS, Unenumerated",Perfumed,Gallons,330.0,162.0,330.0,1,mod,D,as_1897,0,21726
1895,Canada,"SPIRITS, Unenumerated",Perfumed in Bond,Gallons,1216.0,188.0,,0,within5,D,as_1897,0,21887
1895,Canada,"SPIRITS, Unenumerated",Perfumed in Bond,Gallons,38945.0,739225.0,,0,mod,D,as_1897,0,22036
1895,Newfoundland,"SPIRITS, Unenumerated",Perfumed in Bond,Gallons,2315.0,42952.0,,0,mod,D,as_1897,0,22041
1895,Canada,"SPIRITS, Unenumerated",Perfumed in Bond,Gallons,45245.0,1033645.0,,0,within5,D,as_1897,0,22201
1895,Newfoundland,"SPIRITS, Unenumerated",Perfumed in Bond,Gallons,4292.0,55254.0,,0,within5,D,as_1897,0,22206
1895,Canada,"SPIRITS, Unenumerated",of China,Lbs,86991.0,2206456.0,,0,within5,D,as_1897,0,22431
1895,Newfoundland,"SPIRITS, Unenumerated",of China,Lbs,19472.0,512452.0,,0,within5,D,as_1897,0,22436
1895,Canada,"SPIRITS, Unenumerated",of other Countries,Lbs,2199.0,64961.0,,0,mod,D,as_1897,0,22555
1895,Newfoundland,"SPIRITS, Unenumerated",of other Countries,Lbs,712.0,15941.0,,0,mod,D,as_1897,0,22560
1895,British North America,"SPIRITS, not Sweetened",Rum,Proof Gallons,4502.0,36326.0,4502.0,1,exact01,A,as_1895,1,1895
1895,Canada,SPONGE,,,2468.0,4564.0,,0,exact01,B,as_1897,0,15552
1895,Canada,SPONGE,,,3114.0,31890.0,,0,within5,D,as_1897,0,15789
1895,Canada,SPONGE,,,1246.0,2245.0,,0,within5,D,as_1897,0,15999
1895,Canada,SPONGE,,,9193.0,22685.0,,0,gross,D,as_1897,0,16112
1895,Canada,SPONGE,,Lbs,2468.0,4564.0,,0,exact01,B,as_1899,0,16375
1895,Canada,STRAW PLATTING,For making Hats or Bonnets,,3114.0,31800.0,,0,mod,D,as_1899,0,16615
1895,British North America,SUGAR. Unrefined,Cane and other sorts,Cwts,9207.0,22602.0,9207.0,1,exact01,A,as_1895,1,2033
1895,Canada,"SUGAR: Refined, or rendered by any process equal thereto, in lumps and loaves","Refined, Other Sorts, including Candy",Cwts,1246.0,2245.0,1246.0,1,exact01,A,as_1899,0,16818
1895,Canada,Sponge,,Lbs,2468.0,4564.0,,0,exact01,B,as_1895,1,1965
1895,Canada,TALLOW and STEARINE,,Cwts,594.0,1687.0,,0,exact01,B,as_1897,0,16357
1895,Canada,TALLOW and STEARINE,,Cwts,594.0,1637.0,4012.0,0,exact01,D,as_1898,0,16821
1895,Canada,TALLOW and STEARINE,,Cwts,594.0,1887.0,2125.0,0,exact01,D,as_1899,0,17173
1895,Canada,TALLOW and STEARINE,,Cwts,2565.0,799.0,2125.0,0,exact01,D,as_1899,0,17334
1895,British North America,TEA,Of British East India,Lbs,40363.0,823207.0,10363.0,0,exact01,D,as_1895,1,2080
1895,British North America,TEA,Of Ceylon,Lbs,49548.0,1119000.0,49548.0,1,exact01,A,as_1895,1,2097
1895,British North America,TEA,Of China,Lbs,106073.0,2718908.0,106073.0,1,exact01,A,as_1895,1,2121
1895,British North America,TEA,Total,Lbs,198856.0,4737929.0,198856.0,1,exact01,A,as_1895,1,2158
1895,Canada,TIN: Ore of,"In Blocks, Ingots, Bars or Slabs",Cwts,2565.0,799.0,2565.0,1,exact01,A,as_1897,0,16516
1895,Canada,TIN: Ore of,"In Blocks, Ingots, Bars or Slabs",Cwts,2565.0,799.0,2565.0,1,exact01,A,as_1898,0,16985
1895,Canada,TOBACCO,Imported in Casks,Gallons,3203.0,8868.0,2222.0,0,within5,D,as_1898,0,23613
1895,Canada,TOBACCO,Imported in Casks,Gallons,3203.0,8868.0,3203.0,1,within5,C,as_1899,0,24376
1895,Canada,TOBACCO,"In Bottles, Sparkling Saumur",Gallons,5920.0,11650.0,5920.0,1,exact01,A,as_1898,0,24419
1895,Newfoundland,TOBACCO,"In Bottles, Sparkling Saumur",Gallons,446.0,1374.0,446.0,1,exact01,A,as_1898,0,24424
1895,Canada,TOBACCO,"Manufactured, other Sorts",,75.0,324.0,,0,exact01,B,as_1899,0,24146
1895,Canada,TOBACCO,Negrohead,,75.0,224.0,,0,mod,D,as_1897,0,23471
1895,Canada,TOBACCO,Negrohead,,1614.0,4155.0,,0,within5,D,as_1897,0,23671
1895,Canada,TOBACCO,Negrohead,Gallons,1529.0,4710.0,,0,within5,D,as_1897,0,23926
1895,Canada,TOBACCO,Negrohead : Other Sorts,Lbs,75.0,324.0,,0,exact01,B,as_1898,0,23383
1895,Canada,TOBACCO,Total of Wine of all kinds,Gallons,5924.0,11650.0,5924.0,1,within5,C,as_1897,0,25364
1895,Newfoundland,TOBACCO,Total of Wine of all kinds,Gallons,446.0,1374.0,446.0,1,within5,C,as_1897,0,25369
1895,Canada,TOBACCO,"White, in Bottles, Sparkling Champagne",Gallons,2223.0,1551.0,,0,within5,D,as_1897,0,24449
1895,Newfoundland,TOBACCO,"White, in Bottles, Sparkling Champagne",Gallons,82.0,60.0,,0,within5,D,as_1897,0,24454
1895,Canada,TOBACCO,"White, in Bottles, Sparkling Saumur",Gallons,1561.0,4459.0,,0,within5,D,as_1897,0,24809
1895,Canada,TOBACCO,"White, in Bottles, Sparkling Saumur",Gallons,3950.0,6476.0,,0,within5,D,as_1897,0,25079
1895,Newfoundland,TOBACCO,"White, in Bottles, Sparkling Saumur",Gallons,227.0,465.0,,0,within5,D,as_1897,0,25084
1895,Canada,TOBACCO,"in Bottles, Sparkling Champagne",Gallons,2222.0,1551.0,,0,exact01,B,as_1898,0,24009
1895,Newfoundland,TOBACCO,"in Bottles, Sparkling Champagne",Gallons,82.0,60.0,,0,exact01,B,as_1898,0,24014
1895,Canada,TOBACCO,"in Bottles, Sparkling Champagne",Gallons,2223.0,1551.0,,0,exact01,B,as_1899,0,24772
1895,Newfoundland,TOBACCO,"in Bottles, Sparkling Champagne",Gallons,82.0,60.0,,0,exact01,B,as_1899,0,24777
1895,Canada,TOBACCO,"in Casks, mixed in Bond",Gallons,101.0,696.0,,0,within5,D,as_1898,0,23712
1895,Canada,TOBACCO,"in Casks, mixed in Bond",Gallons,104.0,606.0,2223.0,0,exact01,D,as_1899,0,24475
1895,Canada,TOTAL,,Lbs,172152.0,4961191.0,,0,exact01,B,as_1897,0,22785
1895,Newfoundland,TOTAL,,Lbs,26764.0,656729.0,,0,exact01,B,as_1897,0,22790
1895,Canada,TOYS,,,1866.0,,,0,exact01,B,as_1897,0,16705
1895,Canada,TOYS,,,1866.0,,221.0,0,exact01,D,as_1898,0,17153
1895,Canada,TOYS,,,732.0,,4042.0,0,within5,D,as_1899,0,17464
1895,Canada,Tea: of British East India,,Lbs,38045.0,780225.0,,0,exact01,B,as_1899,0,22939
1895,Newfoundland,Tea: of British East India,,Lbs,2318.0,42082.0,,0,exact01,B,as_1899,0,22944
1895,Canada,Tea: of British East India,Total,Lbs,172152.0,4081191.0,172152.0,1,exact01,A,as_1899,0,23463
1895,Newfoundland,Tea: of British East India,Total,Lbs,26704.0,656729.0,26704.0,1,exact01,A,as_1899,0,23468
1895,Canada,Tea: of British East India,of Ceylon,Lbs,45316.0,1033646.0,,0,within5,D,as_1899,0,23104
1895,Newfoundland,Tea: of British East India,of Ceylon,Lbs,4202.0,85354.0,,0,within5,D,as_1899,0,23109
1895,Canada,Tea: of British East India,of other Countries,Lbs,2160.0,60864.0,2160.0,1,exact01,A,as_1899,0,23233
1895,Newfoundland,Tea: of British East India,of other Countries,Lbs,712.0,15941.0,712.0,1,exact01,A,as_1899,0,23238
1895,Canada,Total of Wine of all kinds,,Gallons,5920.0,11650.0,,0,exact01,B,as_1899,0,25172
1895,Newfoundland,Total of Wine of all kinds,,Gallons,446.0,1374.0,,0,exact01,B,as_1899,0,25177
1895,Canada,"Unrefined, Beetroot",,Cwts,470.0,940.0,2125.0,0,gross,D,as_1899,0,16859
1895,Canada,"Unrefined, Beetroot",Cane and Other Sorts,Cwts,9193.0,22535.0,,0,gross,D,as_1899,0,16940
1895,Canada,"VEGETABLES, Raw, unenumerated",,,1866.0,,4042.0,0,within5,D,as_1899,0,17575
1895,British North America,WINE,,,3613.0,10808.0,6717.0,0,exact01,D,as_1895,1,2483
1895,British North America,WINE,"Total of Wine in Bottles, Sparkling",Gallons,2398.0,1741.0,,0,exact01,B,as_1895,1,2513
1895,British North America,WINE,"Total of Wine in Bottles, Still and Sparkling",Gallons,2753.0,2216.0,,0,exact01,B,as_1895,1,2534
1895,British North America,WINE,Total of Wine of all kinds in Casks and Bottles,Gallons,6366.0,13024.0,,0,exact01,B,as_1895,1,2565
1895,British North America,"WINE, Red","Total of, in Casks and Bottles",Gallons,2080.0,5399.0,2080.0,1,gross,D,as_1895,1,2348
1895,British North America,"WINE, Red",in Casks,Gallons,1693.0,5067.0,1693.0,1,exact01,A,as_1895,1,2368
1895,British North America,"WINE, White","Total in Bottles, Sparkling",Gallons,2386.0,1731.0,2386.0,1,exact01,A,as_1895,1,2421
1895,British North America,"WINE, White","Total in Bottles, Still and Sparkling",Gallons,2489.0,1862.0,2489.0,1,exact01,A,as_1895,1,2438
1895,British North America,"WINE, White","in Bottles, Sparkling Champagne",Gallons,2305.0,1611.0,2305.0,1,exact01,A,as_1895,1,2390
1895,Canada,WOOD and TIMBER,,Lbs,143.0,,,0,exact01,B,as_1897,0,18061
1895,Canada,WOOD and TIMBER,"For fancy purposes, including Berlin Wool and Zephyr Yarn",Lbs,1036.0,21000.0,1036.0,1,gross,D,as_1897,0,17933
1895,Canada,WOOD and TIMBER,"For fancy purposes, including Berlin Wool and Zephyr Yarn",Lbs,1936.0,21000.0,1936.0,1,gross,D,as_1898,0,18197
1895,Canada,WOOD and TIMBER,"For fancy purposes, including Berlin Wool and Zephyr Yarn : For Weaving, mixed or not with Silk",Lbs,486.0,5300.0,486.0,1,exact01,A,as_1897,0,17975
1895,Canada,WOOD and TIMBER,"For fancy purposes, including Berlin Wool and Zephyr Yarn : For Weaving, mixed or not with Silk",Lbs,486.0,5300.0,486.0,1,gross,D,as_1898,0,18238
1895,Canada,WOOD and TIMBER,"For fancy purposes, including Berlin Wool and Zephyr Yarn : For Weaving, mixed or not with Silk",Lbs,143.0,,486.0,0,gross,D,as_1898,0,18324
1895,Canada,WOOD and TIMBER,"For fancy purposes, including Berlin Wool and Zephyr Yarn : Of Wool other than Goats', or of Wool mixed with Cotton: Cloths",Yards,2451.0,28500.0,2451.0,1,exact01,A,as_1897,0,18142
1895,Canada,WOOD and TIMBER,"For fancy purposes, including Berlin Wool and Zephyr Yarn : Of Wool other than Goats', or of Wool mixed with Cotton: Cloths",Yards,2151.0,28500.0,2151.0,1,mod,D,as_1898,0,18396
1895,Canada,WOOD and TIMBER,"House Frames, Fittings, Joiners' and Cabinet Work",,379.0,,379.0,1,exact01,A,as_1898,0,17903
1895,Canada,WOOD and TIMBER,Mahogany,Tons,379.0,,,0,gross,D,as_1899,0,18515
1895,Canada,WOOD and TIMBER,Sheep or Lambs',Lbs,40735.0,1249500.0,40735.0,1,exact01,A,as_1897,0,17833
1895,Canada,WOOD and TIMBER,Sheep or Lambs',Lbs,40735.0,1249800.0,40735.0,1,exact01,A,as_1898,0,18101
1895,Canada,WOOD and TIMBER,Sheep or Lambs',Lbs,40735.0,1240500.0,40735.0,1,exact01,A,as_1899,0,18733
1895,Canada,WOOD and TIMBER,Stuffs,Yards,59946.0,1327500.0,59946.0,1,within5,C,as_1897,0,18297
1895,Newfoundland,WOOD and TIMBER,Stuffs,Yards,151.0,3700.0,151.0,1,within5,C,as_1897,0,18302
1895,Canada,WOOD and TIMBER,Stuffs,Yards,59916.0,1327500.0,59016.0,0,exact01,D,as_1898,0,18556
1895,Canada,WOOD and TIMBER,Unenumerated,,32769.0,,6826.0,0,within5,D,as_1897,0,18477
1895,Canada,WOOL,Goats' Wool or Hair,Lbs,100.0,3900.0,100.0,1,gross,D,as_1895,1,2639
1895,Canada,WOOL,Other kinds and Flocks,Lbs,110.0,2200.0,110.0,1,gross,D,as_1895,1,2657
1895,British North America,WOOL,Sheep or Lambs',Lbs,42312.0,1325500.0,42312.0,1,exact01,A,as_1895,1,2651
1895,Canada,WOOLLEN MANUFACTURES,Carpets and Rugs,Woollen Manufactures,32799.0,,,0,within5,D,as_1898,0,18726
1895,Canada,WOOLLEN MANUFACTURES,"Manufactures of, Unenumerated",Cwts,1266.0,1142.0,1266.0,1,within5,C,as_1898,0,18876
1895,British North America,WOOLLEN MANUFACTURES,Stuffs,Yards,60127.0,1331200.0,60127.0,1,exact01,A,as_1895,1,2685
1895,British North America,WOOLLEN MANUFACTURES,Unenumerated,,33051.0,,33051.0,1,exact01,A,as_1895,1,2696
1895,Canada,WOOLLEN YARN,Carpets and Rugs,Woollen Manufactures,32799.0,,,0,exact01,B,as_1899,0,19364
1895,Canada,WOOLLEN YARN,"For fancy purposes, including Berlin Wool and Zephyr Yarn",Lbs,1936.0,21060.0,1936.0,1,gross,D,as_1899,0,18827
1895,Canada,WOOLLEN YARN,"For fancy purposes, including Berlin Wool and Zephyr Yarn : For Weaving, mixed or not with Silk",Lbs,486.0,5300.0,,0,gross,D,as_1899,0,18868
1895,Canada,WOOLLEN YARN,"For fancy purposes, including Berlin Wool and Zephyr Yarn : For Weaving, mixed or not with Silk",Lbs,143.0,,,0,gross,D,as_1899,0,18957
1895,Canada,WOOLLEN YARN,"For fancy purposes, including Berlin Wool and Zephyr Yarn : For Weaving, mixed or not with Silk",Lbs,2451.0,28500.0,,0,exact01,B,as_1899,0,19027
1895,Canada,WOOLLEN YARN,"For fancy purposes, including Berlin Wool and Zephyr Yarn : For Weaving, mixed or not with Silk",Lbs,59946.0,1327500.0,,0,exact01,B,as_1899,0,19187
1895,British North America,YEAST,Manufactured,,34748.0,,34748.0,1,exact01,A,as_1895,1,2750
1895,British North America,YEAST,Unmanufactured,,5847.0,,5847.0,1,exact01,A,as_1895,1,2717
1895,Canada,ZINC,"Manufactures of, Unenumerated",Cwts,1295.0,1142.0,1206.0,0,mod,D,as_1897,0,18637
1895,Canada,ZINC: Ore of,"Manufactures of, Unenumerated",Cwts,1266.0,1142.0,1266.0,1,exact01,A,as_1899,0,19516
1896,Canada,"ARMS: Swords, Cutlasses, Matchets, and Bayonets","Muskets, Rifles, Carbines, Fowling-pieces, or Guns of any other sort unenumerated, and parts thereof, and Pistols",Muskets,40.0,,,0,gross,D,as_1897,0,149
1896,Canada,"ARMS: Swords, Cutlasses, Matchets, and Bayonets","Muskets, Rifles, Carbines, Fowling-pieces, or Guns of any other sort unenumerated, and parts thereof, and Pistols",Muskets,140.0,,,0,mod,D,as_1898,0,167
1896,Canada,"ARMS: Swords, Cutlasses, Matchets, and Bayonets","Muskets, Rifles, Carbines, Fowling-pieces, or Guns of any other sort unenumerated, and parts thereof, and Pistols",Muskets,188.0,50.0,,0,gross,D,as_1898,0,212
1896,Canada,"ARMS: Swords, Cutlasses, Matchets, and Bayonets","Muskets, Rifles, Carbines, Fowling-pieces, or Guns of any other sort unenumerated, and parts thereof, and Pistols",Muskets,40.0,,,0,gross,D,as_1899,0,336
1896,Canada,BEADS OF ALL SORTS,,Lbs,1377.0,26920.0,,0,exact01,B,as_1896,1,87
1896,Canada,BEADS OF ALL SORTS,,Lbs,1377.0,26920.0,,0,exact01,B,as_1897,0,384
1896,Canada,BEADS OF ALL SORTS,,Lbs,1377.0,26920.0,,0,exact01,B,as_1898,0,406
1896,Canada,BEADS OF ALL SORTS,,Lbs,1377.0,20920.0,,0,exact01,B,as_1899,0,581
1896,Canada,BOOKS,,Cwts,2567.0,325.0,,0,within5,D,as_1897,0,618
1896,Canada,BOOKS,,,2867.0,323.0,850.0,0,mod,D,as_1898,0,645
1896,Canada,"BOOKS, bound and unbound, including Maps and Charts",,Cwts,2807.0,328.0,3300.0,0,within5,D,as_1899,0,819
1896,Canada,BRISTLES,,Lbs,3857.0,22286.0,,0,exact01,B,as_1897,0,834
1896,Canada,BRISTLES,,Lbs,3857.0,22386.0,,0,exact01,B,as_1898,0,872
1896,Canada,BRISTLES,,Lbs,3857.0,22386.0,,0,exact01,B,as_1899,0,1047
1896,Canada,BUTTER,MARGARINE (including all kinds of Artificial or Imitation Butter),Cwts,1222.0,16242.0,,0,mod,D,as_1897,0,1046
1896,Canada,BUTTER,MARGARINE (including all kinds of Artificial or Imitation Butter),Cwts,1223.0,10242.0,,0,exact01,B,as_1898,0,1099
1896,Canada,"BUTTONS AND STUDS, not of Metal",,Gross,1223.0,16242.0,,0,exact01,B,as_1899,0,1272
1896,Canada,CAOUTCHOU,,Cwts,3300.0,403.0,1079.0,0,exact01,D,as_1898,0,1311
1896,Canada,CAOUTCHOU,,Cwts,3300.0,403.0,3300.0,1,exact01,A,as_1899,0,1482
1896,Canada,CAOUTCHOU,Manufactures of,Lbs,9098.0,,,0,within5,D,as_1899,0,1823
1896,Canada,CAOUTCHOU,Manufactures of,Lbs,783.0,215.0,,0,exact01,B,as_1899,0,1888
1896,Canada,CAOUTCHOUÇ,,Cwts,3209.0,403.0,,0,within5,D,as_1897,0,1244
1896,British North America,CHEMICAL MANUFACTURES AND PRODUCTS,,,9470.0,,9470.0,1,exact01,A,as_1896,1,238
1896,Canada,"CHEMICAL MANUFACTURES AND PRODUCTS, not enumerated",,,9003.0,,,0,within5,D,as_1897,0,1558
1896,Canada,"CHEMICAL MANUFACTURES AND PRODUCTS, not enumerated",,,9093.0,,850.0,0,exact01,D,as_1898,0,1650
1896,Newfoundland,CHICORY,"Roasted and Ground, Mixed",,65.0,1712.0,65.0,1,within5,C,as_1897,0,19417
1896,Newfoundland,CHICORY,"Roasted and Ground, Mixed",,65.0,1712.0,,0,exact01,B,as_1898,0,19633
1896,Newfoundland,CHICORY,"Roasted and Ground, Mixed",,65.0,1712.0,,0,exact01,B,as_1899,0,20241
1896,Newfoundland,CHICORY,"Roasted and Ground, Mixed in Bond",,926.0,28695.0,565.0,0,within5,D,as_1897,0,19503
1896,Canada,CHICORY,"Roasted and Ground, Mixed in Bond",,2824.0,83478.0,16830.0,0,mod,D,as_1897,0,19678
1896,Canada,CHICORY,"Roasted and Ground, Mixed in Bond",,491.0,5169.0,16830.0,0,mod,D,as_1897,0,19847
1896,Newfoundland,CHICORY,"Roasted and Ground, Mixed in Bond",,374.0,2938.0,565.0,0,mod,D,as_1897,0,19852
1896,Canada,CHICORY,"Roasted and Ground, Mixed in Bond",,16829.0,3771.0,16830.0,1,within5,C,as_1897,0,20028
1896,Newfoundland,CHICORY,"Roasted and Ground, Mixed in Bond",,565.0,128.0,565.0,1,within5,C,as_1897,0,20033
1896,Newfoundland,CHICORY,"Roasted and Ground, Mixed in Bond",,998.0,28095.0,,0,within5,D,as_1898,0,19702
1896,Canada,CHICORY,"Roasted and Ground, Mixed in Bond",,2820.0,83473.0,,0,within5,D,as_1898,0,19869
1896,Newfoundland,CHICORY,"Roasted and Ground, Mixed in Bond",,998.0,28695.0,,0,exact01,B,as_1899,0,20294
1896,Canada,CHICORY,"Roasted and Ground, Mixed in Bond",,2820.0,83478.0,,0,within5,D,as_1899,0,20457
1896,Canada,CHICORY,"Roasted or Ground, in Bond",Lbs,396.0,46558.0,336.0,0,within5,D,as_1897,0,19362
1896,Canada,CHICORY,"Roasted or Ground, in Bond",Lbs,356.0,46558.0,356.0,1,mod,D,as_1898,0,19588
1896,Canada,CHICORY,"Roasted or Ground, in Bond",Lbs,386.0,46858.0,386.0,1,exact01,A,as_1899,0,20202
1896,Canada,CHICORY,"or CHOCOLATE, Ground, Pre- pared, or in any way Manu- factured",Lbs,491.0,5169.0,,0,within5,D,as_1898,0,20022
1896,Newfoundland,CHICORY,"or CHOCOLATE, Ground, Pre- pared, or in any way Manu- factured",Lbs,374.0,2636.0,,0,within5,D,as_1898,0,20027
1896,Canada,CHICORY,"or CHOCOLATE, Ground, Pre- pared, or in any way Manu- factured",Lbs,491.0,5169.0,,0,exact01,B,as_1899,0,20609
1896,Newfoundland,CHICORY,"or CHOCOLATE, Ground, Pre- pared, or in any way Manu- factured",Lbs,374.0,2986.0,,0,exact01,B,as_1899,0,20614
1896,Canada,CHICORY,"or CHOCOLATE, in the manu- facture of which Spirit has been used",Cwts,16830.0,3771.0,,0,exact01,B,as_1898,0,20230
1896,Newfoundland,CHICORY,"or CHOCOLATE, in the manu- facture of which Spirit has been used",Cwts,565.0,138.0,,0,exact01,B,as_1898,0,20235
1896,Canada,CHICORY,"or CHOCOLATE, in the manufacture of which Spirit has been used",Lbs,16839.0,3771.0,,0,within5,D,as_1899,0,20818
1896,Newfoundland,CHICORY,"or CHOCOLATE, in the manufacture of which Spirit has been used",Lbs,565.0,138.0,,0,within5,D,as_1899,0,20823
1896,Canada,"CHINA OR PORCELAIN, AND EARTHENWARE",,Cwts,783.0,215.0,1079.0,0,within5,D,as_1898,0,1715
1896,Canada,"CLOCKS, and parts thereof",,,75.0,,850.0,0,within5,D,as_1898,0,1786
1896,Canada,"CLOCKS, and parts thereof",,,75.0,,1070.0,0,exact01,D,as_1899,0,1950
1896,British North America,COFFEE,Raw,Cwts,17404.0,3909.0,17404.0,1,within5,C,as_1896,1,332
1896,Canada,"CONFECTIONERY, in the manufacture of which Spirit has been used",Currants,Cwtts,1759.0,2209.0,,0,within5,D,as_1897,0,20372
1896,Newfoundland,"CONFECTIONERY, in the manufacture of which Spirit has been used",Currants,Cwtts,1456.0,2343.0,,0,within5,D,as_1897,0,20377
1896,Canada,"CONFECTIONERY, in the manufacture of which Spirit has been used",Currants,Cwtts,622.0,529.0,,0,gross,D,as_1897,0,20457
1896,Canada,"CONFECTIONERY, in the manufacture of which Spirit has been used",Raisins,Cwts,4111.0,3559.0,,0,exact01,B,as_1897,0,20789
1896,Newfoundland,"CONFECTIONERY, in the manufacture of which Spirit has been used",Raisins,Cwts,1655.0,1282.0,,0,exact01,B,as_1897,0,20794
1896,Canada,COPPER,,,14.0,,,0,exact01,B,as_1897,0,1894
1896,Canada,COPPER,,,14.0,,850.0,0,exact01,D,as_1898,0,1998
1896,Canada,"COPPER, Ore of",Manufactured,,2083.0,23337.0,,0,exact01,B,as_1899,0,2519
1896,Newfoundland,"COPPER, Ore of","Manufactures of, not otherwise enumerated or described, including Copper plates engraved",Cordage,2078.0,,2078.0,1,gross,D,as_1899,0,2342
1896,Canada,"COPPER, Ore of",Unmanufactured,Tons,1130.0,28.0,1130.0,1,exact01,A,as_1899,0,2406
1896,Canada,"COPPER, Ore of","Unwrought, in Bars, Blocks or Slabs, Cakes or Ingots",Tons,14.0,,14.0,1,exact01,A,as_1899,0,2171
1896,Newfoundland,"CORDAGE CABLES (not of iron), Twine, and Cable Yarn",,,2069.0,,,0,mod,D,as_1897,0,2071
1896,Newfoundland,"CORDAGE CABLES (not of iron), Twine, and Cable Yarn",,,2069.0,,,0,mod,D,as_1898,0,2200
1896,British North America,CORK,Manufactured,Lbs,2087.0,23372.0,2087.0,1,exact01,A,as_1896,1,414
1896,Canada,CORK,Manufactured,,2083.0,23237.0,,0,within5,D,as_1897,0,2209
1896,Canada,CORK,Manufactured,Lbs,2083.0,23337.0,2083.0,1,exact01,A,as_1898,0,2371
1896,Canada,CORK,Unmanufactured,Tons,1130.0,28.0,1130.0,1,exact01,A,as_1898,0,2258
1896,Canada,"CORN ; Grain, Meal, and Flour",Wheat Meal or Flour,Cwts,1753.0,4125.0,1753.0,1,mod,D,as_1898,0,2871
1896,Canada,"CORN; Grain, Meal, and Flour",Wheat Meal or Flour,Cwts,1753.0,4125.0,1753.0,1,within5,C,as_1897,0,2688
1896,Canada,"CORN; Grain, Meal, and Flour—cont.",Wheat Meal or Flour,Cwts,1753.0,4125.0,1753.0,1,within5,C,as_1899,0,3025
1896,British North America,COTTON,Hosiery,,9452.0,,9432.0,0,gross,D,as_1896,1,536
1896,British North America,COTTON,Piece Goods other than Muslins,Yards,4550.0,172300.0,,0,exact01,B,as_1896,1,530
1896,British North America,COTTON,Unenumerated,,3968.0,,3968.0,1,exact01,A,as_1896,1,548
1896,Canada,COTTON MANUFACTURES,,,3946.0,,850.0,0,within5,D,as_1898,0,3626
1896,Canada,COTTON MANUFACTURES,,,3946.0,,1070.0,0,exact01,D,as_1899,0,3781
1896,Canada,COTTON MANUFACTURES,"Hosiery, of all sorts",,9209.0,,9200.0,1,mod,D,as_1897,0,3292
1896,Canada,COTTON MANUFACTURES,"Hosiery, of all sorts",,9299.0,,9200.0,0,within5,D,as_1898,0,3489
1896,Canada,COTTON MANUFACTURES,"Hosiery, of all sorts",,9299.0,,,0,within5,D,as_1899,0,3643
1896,Canada,COTTON MANUFACTURES,"Piece Goods, other than Muslins",Yards,4575.0,172100.0,,0,exact01,B,as_1897,0,3218
1896,Canada,COTTON MANUFACTURES,"Piece Goods, other than Muslins",Yards,4576.0,172100.0,4576.0,1,within5,C,as_1898,0,3410
1896,Canada,COTTON MANUFACTURES,"Piece Goods, other than Muslins",Yards,4575.0,172100.0,4575.0,1,exact01,A,as_1899,0,3569
1896,Canada,COTTON MANUFACTURES,Unenumerated,,3946.0,,3916.0,0,within5,D,as_1897,0,3432
1896,Canada,Cotton,"Garden, Unenumerated",Lbs,301.0,16480.0,301.0,1,exact01,A,as_1899,0,14395
1896,Canada,Cotton,"Unenumerated, Other Sorts",Cwts,1441.0,2940.0,1441.0,1,exact01,A,as_1899,0,14579
1896,Canada,DRUGS,Opium,Lbs,3548.0,8666.0,3628.0,0,gross,D,as_1899,0,3902
1896,British North America,DRUGS,"Unenumerated, including Medi-   cinal Preparations",,3641.0,,,0,exact01,B,as_1896,1,585
1896,Canada,DRUGS,"Unenumerated, including Medicinal Preparations",,3625.0,,,0,within5,D,as_1897,0,3679
1896,Canada,DRUGS,"Unenumerated, including Medicinal Preparations",,3628.0,,3628.0,1,exact01,A,as_1898,0,3883
1896,Canada,DRUGS,"Unenumerated, including Medicinal Preparations not liable to Duty",,3628.0,,,0,gross,D,as_1899,0,4041
1896,Canada,"DYE STUFFS (other than Dye Woods), and Substances used in Tanning or Dyeing",Cutch and Gambier,Tons,2252.0,75.0,2252.0,1,within5,C,as_1897,0,3831
1896,Canada,"DYE STUFFS (other than Dye Woods), and Substances used in Tanning or Dyeing",Cutch and Gambier,Tons,2252.0,75.0,2252.0,1,exact01,A,as_1898,0,4041
1896,Canada,"DYE STUFFS (other than Dye Woods), and Substances used in Tanning or Dyeing",Cutch and Gambier,Tons,2252.0,75.0,,0,exact01,B,as_1899,0,4199
1896,Canada,"DYE STUFFS (other than Dye Woods), and Substances used in Tanning or Dyeing","Dyes obtained from Coal Tar,     viz. :—Aniline",,1936.0,,,0,exact01,B,as_1898,0,4088
1896,Canada,"DYE STUFFS (other than Dye Woods), and Substances used in Tanning or Dyeing","Dyes obtained from Coal Tar, viz.:—Aniline",,1996.0,,,0,within5,D,as_1897,0,3877
1896,Canada,"DYE STUFFS (other than Dye Woods), and Substances used in Tanning or Dyeing","Dyes obtained from Coal Tar, viz.:—Aniline",,1936.0,,,0,exact01,B,as_1899,0,4246
1896,Canada,"DYE STUFFS (other than Dye Woods), and Substances used in Tanning or Dyeing",Ornamental,Lbs,1226.0,4793.0,1226.0,1,within5,C,as_1897,0,4660
1896,Canada,"DYE STUFFS (other than Dye Woods), and Substances used in Tanning or Dyeing",Sumach,Tons,26620.0,,,0,mod,D,as_1897,0,4455
1896,Canada,"DYE STUFFS (other than Dye Woods), and Substances used in Tanning or Dyeing",Sumach,Tons,6551.0,,,0,within5,D,as_1897,0,4560
1896,Canada,EGGS,,Gt. hundreds,26620.0,,,0,mod,D,as_1898,0,4667
1896,Canada,EGGS,,Gt. hundreds,6851.0,,,0,within5,D,as_1898,0,4777
1896,Canada,EGGS,Ornamental,Lbs,1226.0,4793.0,1226.0,1,exact01,A,as_1898,0,4877
1896,British North America,EMBROIDERY AND NEEDLEWORK,,,26630.0,,26630.0,1,exact01,A,as_1896,1,688
1896,Canada,EMBROIDERY AND NEEDLEWORK,,,26620.0,,1070.0,0,within5,D,as_1899,0,4842
1896,Canada,EMBROIDERY AND NEEDLEWORK,,,6851.0,,1070.0,0,exact01,D,as_1899,0,4952
1896,Canada,EMBROIDERY AND NEEDLEWORK,,,1226.0,4703.0,1070.0,0,exact01,D,as_1899,0,5052
1896,British North America,"FABINACEOUS SUBSTANCES, and Manufactures thereof, unenum- erated",,,7019.0,,9470.0,0,exact01,D,as_1896,1,714
1896,Canada,FEATHERS AND DOWN,For Beds,Cwts,20.0,2.0,20.0,1,gross,D,as_1896,1,721
1896,Canada,FISH,,Cwts,6394.0,1461.0,,0,within5,D,as_1897,0,4838
1896,Canada,FISH,,Cwts,6304.0,1461.0,1079.0,0,within5,D,as_1898,0,5067
1896,Canada,FISH,,Cwts,6304.0,1461.0,3300.0,0,exact01,D,as_1899,0,5237
1896,Canada,FISH,"Cured or Salted, unenumerated",Cwts,1020.0,304.0,1026.0,0,mod,D,as_1897,0,5023
1896,Canada,FISH,"Cured or Salted, unenumerated",Cwts,1026.0,391.0,,0,mod,D,as_1898,0,5252
1896,Canada,FISH,"Cured or Salted, unenumerated",Cwts,1026.0,394.0,,0,exact01,B,as_1899,0,5422
1896,British North America,"FISH, Fresh (not of British taking)","Cured, Sardines",Cwts,6321.0,1467.0,6321.0,1,exact01,A,as_1896,1,748
1896,British North America,"FLOWERS, Artificial",,,7554.0,,7854.0,0,gross,D,as_1896,1,800
1896,Canada,"FLOWERS, Artificial",,,7535.0,,850.0,0,gross,D,as_1898,0,5385
1896,Canada,"FLOWERS, Artificial",,,7538.0,,1070.0,0,gross,D,as_1899,0,5552
1896,Canada,FRUIT,,Cwts,3245.0,4092.0,,0,within5,D,as_1897,0,5656
1896,Canada,FRUIT,,,3245.0,4602.0,850.0,0,exact01,D,as_1898,0,5913
1896,British North America,FRUIT,Almonds,Cwts,3455.0,1225.0,,0,gross,D,as_1896,1,812
1896,Canada,FRUIT,Brandy,,582.0,1095.0,,0,within5,D,as_1898,0,21406
1896,British North America,FRUIT,Currants,Cwts,3215.0,4552.0,3215.0,1,exact01,A,as_1896,1,830
1896,Canada,FRUIT,Currants,,1739.0,2209.0,,0,within5,D,as_1898,0,20563
1896,Newfoundland,FRUIT,Currants,,1456.0,2313.0,,0,within5,D,as_1898,0,20568
1896,Canada,FRUIT,Currants,,1759.0,2200.0,,0,exact01,B,as_1899,0,21147
1896,Newfoundland,FRUIT,Currants,,1456.0,2343.0,,0,exact01,B,as_1899,0,21152
1896,Canada,FRUIT,Figs and Fig Cake,Cwts,622.0,529.0,,0,gross,D,as_1898,0,20648
1896,Canada,FRUIT,Figs and Fig-Cake,Cwts,622.0,529.0,,0,gross,D,as_1899,0,21232
1896,British North America,FRUIT,"Grapes, Raw",Bushels,4865.0,9144.0,4865.0,1,exact01,A,as_1896,1,845
1896,Canada,FRUIT,"Liqueurs, Cordials, &c., not   tested for ascertaining the   Strength",Gallons,150.0,133.0,150.0,1,gross,D,as_1898,0,21596
1896,British North America,FRUIT,Oranges,Bushels,29143.0,104850.0,29143.0,1,gross,D,as_1896,1,871
1896,Canada,FRUIT,Perfumed,Gallons,381.0,138.0,72917.0,0,within5,D,as_1898,0,21691
1896,Canada,FRUIT,Perfumed in Bond,Gallons,1500.0,211.0,,0,exact01,B,as_1898,0,21818
1896,Canada,FRUIT,Perfumed in Bond,Gallons,72917.0,1918209.0,,0,exact01,B,as_1898,0,22026
1896,Newfoundland,FRUIT,Perfumed in Bond,Gallons,22156.0,505066.0,,0,exact01,B,as_1898,0,22031
1896,Canada,FRUIT,"Preserved without sugar,     other than Dried",Lbs,909.0,38462.0,900.0,0,mod,D,as_1899,0,6137
1896,Canada,FRUIT,"Preserved without sugar, other than Dried",Lbs,900.0,38402.0,900.0,1,within5,C,as_1897,0,5716
1896,Canada,FRUIT,"Preserved without sugar, other than Dried",Lbs,900.0,38462.0,900.0,1,exact01,A,as_1898,0,5973
1896,British North America,FRUIT,Raisins,Cwts,5766.0,4841.0,5766.0,1,exact01,A,as_1896,1,893
1896,Canada,FRUIT,Raisins,Cwts,4111.0,3559.0,,0,exact01,B,as_1898,0,20976
1896,Newfoundland,FRUIT,Raisins,Cwts,1655.0,1282.0,,0,exact01,B,as_1898,0,20981
1896,Canada,FRUIT,Raisins,Cwts,4111.0,3559.0,4111.0,1,exact01,A,as_1899,0,21560
1896,Newfoundland,FRUIT,Raisins,Cwts,1655.0,1282.0,1055.0,0,exact01,D,as_1899,0,21565
1896,Canada,FRUIT,Rum,Proof Gallons,2446.0,12783.0,582.0,0,within5,D,as_1898,0,21237
1896,Newfoundland,FRUIT,Rum,Proof Gallons,906.0,11821.0,906.0,1,within5,C,as_1898,0,21242
1896,Canada,FRUIT,Tea: of British East India,Lbs,40200.0,817362.0,,0,within5,D,as_1898,0,22186
1896,Newfoundland,FRUIT,Tea: of British East India,Lbs,2908.0,58235.0,,0,within5,D,as_1898,0,22191
1896,British North America,FRUIT,"Unenumerated, Dried",Cwts,3265.0,4627.0,3266.0,1,exact01,A,as_1896,1,911
1896,Canada,FRUIT,"Unenumerated, Dried",Cwts,3245.0,4602.0,3245.0,1,exact01,A,as_1899,0,6077
1896,British North America,FRUIT,"Unenumerated, Preserved (with-     out Sugar)",Lbs,1156.0,61813.0,,0,exact01,B,as_1896,1,922
1896,Canada,FRUIT,of Ceylon,Lbs,54625.0,1205906.0,,0,exact01,B,as_1898,0,22351
1896,Newfoundland,FRUIT,of Ceylon,Lbs,7131.0,154114.0,,0,exact01,B,as_1898,0,22356
1896,Canada,FRUIT,of Ceylon,Lbs,1190.0,30857.0,,0,within5,D,as_1898,0,22480
1896,Newfoundland,FRUIT,of Ceylon,Lbs,110.0,2709.0,,0,within5,D,as_1898,0,22485
1896,Canada,FRUIT,of Ceylon,Lbs,168962.0,4062334.0,,0,within5,D,as_1898,0,22705
1896,Newfoundland,FRUIT,of Ceylon,Lbs,32365.0,789124.0,,0,within5,D,as_1898,0,22710
1896,Canada,FRUIT,served in Sugar,,3134.0,1093.0,,0,within5,D,as_1897,0,5801
1896,Canada,FRUIT,served in Sugar,Cwts,3190.0,1003.0,,0,exact01,B,as_1898,0,6058
1896,British North America,"FRUIT AND VEGETABLES, Preserved in Sugar",,Cwts,3314.0,1201.0,,0,within5,D,as_1896,1,934
1896,Canada,"FRUIT, Almonds",,Cwts,3349.0,1171.0,,0,gross,D,as_1897,0,5217
1896,Canada,"FRUIT, Almonds",,Cwts,3349.0,1171.0,1079.0,0,gross,D,as_1898,0,5465
1896,Canada,"FRUIT, Almonds",,Cwts,3349.0,1171.0,3300.0,0,gross,D,as_1899,0,5632
1896,Canada,"FRUIT, Almonds","Grapes, Raw",Bushels,4225.0,8235.0,4225.0,1,exact01,A,as_1897,0,5323
1896,Newfoundland,"FRUIT, Almonds","Grapes, Raw",Bushels,619.0,936.0,619.0,1,exact01,A,as_1897,0,5328
1896,Canada,"FRUIT, Almonds","Grapes, Raw",Bushels,4255.0,8238.0,4255.0,1,within5,C,as_1898,0,5576
1896,Newfoundland,"FRUIT, Almonds","Grapes, Raw",Bushels,616.0,906.0,610.0,0,within5,D,as_1898,0,5581
1896,Canada,"FRUIT, Almonds","Grapes, Raw",Bushels,4255.0,8238.0,4255.0,1,exact01,A,as_1899,0,5742
1896,Newfoundland,"FRUIT, Almonds","Grapes, Raw",Bushels,610.0,906.0,610.0,1,exact01,A,as_1899,0,5747
1896,Canada,"FRUIT, Almonds",Lemons,Bushels,2313.0,6207.0,2313.0,1,exact01,A,as_1897,0,5378
1896,Canada,"FRUIT, Almonds",Lemons,Bushels,2313.0,6207.0,2313.0,1,gross,D,as_1898,0,5636
1896,Canada,"FRUIT, Almonds",Lemons,Bushels,2313.0,6207.0,2313.0,1,gross,D,as_1899,0,5802
1896,Canada,"FRUIT, Almonds","Nuts, used as Fruit",,3720.0,,3729.0,0,gross,D,as_1897,0,5438
1896,Canada,"FRUIT, Almonds","Nuts, used as Fruit",,3729.0,,3729.0,1,within5,C,as_1898,0,5696
1896,Canada,"FRUIT, Almonds","Nuts, used as Fruit",,3729.0,,3729.0,1,gross,D,as_1899,0,5862
1896,Canada,"FRUIT, Almonds",Oranges,,27530.0,101482.0,,0,gross,D,as_1897,0,5513
1896,Newfoundland,"FRUIT, Almonds",Oranges,,1233.0,3698.0,,0,gross,D,as_1897,0,5518
1896,Canada,"FRUIT, Almonds",Oranges,,27890.0,191182.0,,0,exact01,B,as_1898,0,5771
1896,Newfoundland,"FRUIT, Almonds",Oranges,,1253.0,3668.0,,0,exact01,B,as_1898,0,5776
1896,Canada,"FRUIT, Almonds",Oranges,,27890.0,101182.0,,0,exact01,B,as_1899,0,5937
1896,Newfoundland,"FRUIT, Almonds",Oranges,,1253.0,3668.0,,0,exact01,B,as_1899,0,5942
1896,Canada,"FRUITS and VEGETABLES, Pre- served in Sugar",,Cwts,3199.0,1093.0,3300.0,0,mod,D,as_1899,0,6222
1896,Canada,"GLASS, Window and German Sheet, including Shades and Cyinders",,Cwts,620.0,1636.0,,0,within5,D,as_1897,0,5906
1896,Canada,"GLASS, Window and German Sheet, including Shades and Cyinders","Lac, Seed, Shell, Stick, and Dye",Cwts,271.0,73.0,,0,gross,D,as_1897,0,6244
1896,Canada,"GLASS, Window and German Sheet, including Shades and Cyinders","Lac, Seed, Shell, Stick, and Dye",Cwts,1811.0,377.0,,0,exact01,B,as_1897,0,6334
1896,Canada,"GLASS, Window and German Sheet, including Shades and Cylinders",,Cwts,620.0,1656.0,1079.0,0,mod,D,as_1898,0,6163
1896,Canada,"GLASS, Window and German Sheet, including Shades and Cylinders",,Cwts,626.0,1656.0,3300.0,0,mod,D,as_1899,0,6326
1896,Canada,"GLASS, Window and German Sheet, including Shades and Cylinders","Lac, Seed, Shell, Stick, and Dye",Cwts,271.0,73.0,1811.0,0,gross,D,as_1898,0,6530
1896,Canada,"GLASS, Window and German Sheet, including Shades and Cylinders","Lac, Seed, Shell, Stick, and Dye",Cwts,1811.0,377.0,1811.0,1,exact01,A,as_1898,0,6620
1896,Canada,"GOODS UNENUMERATED, Unmanufactured",,,1654.0,,,0,within5,D,as_1897,0,18798
1896,Canada,"GOODS UNENUMERATED, Unmanufactured",,,1654.0,,850.0,0,exact01,D,as_1898,0,19036
1896,Canada,"GOODS UNENUMERATED, Unmanufactured",,Goods,1854.0,,,0,within5,D,as_1899,0,19667
1896,Canada,"GOODS UNENUMERATED, Unmanufactured",,Goods,36846.0,,,0,within5,D,as_1899,0,19993
1896,Newfoundland,"GOODS UNENUMERATED, Unmanufactured",,Goods,609.0,,,0,within5,D,as_1899,0,19998
1896,Canada,"GOODS UNENUMERATED, Unmanufactured",Manufactured,,36545.0,,,0,within5,D,as_1897,0,19125
1896,Newfoundland,"GOODS UNENUMERATED, Unmanufactured",Manufactured,,600.0,,,0,within5,D,as_1897,0,19130
1896,Canada,GUM,Kowrie,Cwts,274.0,73.0,,0,gross,D,as_1896,1,988
1896,Canada,"GUM, Arabic",Kowrie,Cwts,274.0,73.0,,0,gross,D,as_1899,0,6692
1896,Canada,"GUM, Arabic","Lac, Seed, Shell, Stick, and Dye",Cwts,1811.0,377.0,,0,within5,D,as_1899,0,6781
1896,Canada,"HAIR: Cow, Ox, Bull, or Elk",Dressed or Undressed,Tons,54558.0,2644.0,54455.0,0,exact01,D,as_1897,0,7024
1896,Newfoundland,"HAIR: Cow, Ox, Bull, or Elk",Dressed or Undressed,Tons,5517.0,270.0,5517.0,1,exact01,A,as_1897,0,7029
1896,Canada,"HAIR: Cow, Ox, Bull, or Elk",Dressed or Undressed,Tons,49.0,1.0,54455.0,0,within5,D,as_1897,0,7114
1896,Canada,"HAIR: Cow, Ox, Bull, or Elk",Dressed or Undressed,Tons,10447.0,5321.0,54455.0,0,gross,D,as_1897,0,7228
1896,Canada,"HAIR: Cow, Ox, Bull, or Elk",Dressed or Undressed,Cwts,570.0,260.0,,0,gross,D,as_1897,0,7412
1896,Canada,HAMS,Dressed or Undressed,Tons,54558.0,2644.0,54558.0,1,exact01,A,as_1899,0,7461
1896,Newfoundland,HAMS,Dressed or Undressed,Tons,5517.0,279.0,5517.0,1,exact01,A,as_1899,0,7466
1896,Canada,HAMS,Dressed or Undressed,Tons,10.0,1.0,54558.0,0,mod,D,as_1899,0,7549
1896,Canada,HAMS,Dressed or Undressed,Cwts,16447.0,5324.0,,0,exact01,B,as_1899,0,7664
1896,Canada,HAMS,Dressed or Undressed,Cwts,58.0,33.0,,0,gross,D,as_1899,0,7754
1896,Canada,HAMS,Dressed or Undressed,Cwts,570.0,200.0,,0,exact01,B,as_1899,0,7849
1896,British North America,HEMP,Dressed or Undressed,Tons,60075.0,2923.0,60075.0,1,exact01,A,as_1896,1,1062
1896,Canada,HEMP,Dressed or Undressed,Tons,54558.0,2644.0,54558.0,1,exact01,A,as_1898,0,7279
1896,Newfoundland,HEMP,Dressed or Undressed,Tons,5517.0,279.0,5517.0,1,exact01,A,as_1898,0,7284
1896,Canada,HEMP,Dressed or Undressed,Tons,40.0,1.0,54558.0,0,exact01,D,as_1898,0,7370
1896,Canada,HEMP,Dressed or Undressed,Cwts,16447.0,5324.0,,0,exact01,B,as_1898,0,7485
1896,Canada,HEMP,Dressed or Undressed,Cwts,58.0,33.0,,0,gross,D,as_1898,0,7574
1896,Canada,HEMP,Dressed or Undressed,Cwts,570.0,200.0,,0,within5,D,as_1898,0,7679
1896,Canada,HEMP,"Tow, or Codilla of",,30.0,2.0,,0,exact01,B,as_1896,1,1067
1896,Canada,"HIDES, Raw, and Pieces thereof",Dry,Cwts,16447.0,5324.0,16447.0,1,exact01,A,as_1896,1,1089
1896,Canada,IRON,"Bar, Angle, Bolt, and Rod",Tons,2289.0,273.0,2289.0,1,exact01,A,as_1899,0,8080
1896,Canada,IRON,"Girders, Beams, and Pillars",Tons,424.0,41.0,424.0,1,exact01,A,as_1899,0,8287
1896,Canada,IRON,"Manufactures of Iron or Steel, Unenumerated",Cwtts,15637.0,43652.0,,0,mod,D,as_1897,0,8158
1896,Newfoundland,IRON,"Manufactures of Iron or Steel, Unenumerated",Cwtts,1979.0,1566.0,,0,mod,D,as_1897,0,8163
1896,Canada,IRON,"Manufactures of Iron or Steel, Unenumerated",Cwts,15637.0,43652.0,15637.0,1,within5,C,as_1898,0,8499
1896,Newfoundland,IRON,"Manufactures of Iron or Steel, Unenumerated",Cwts,1079.0,1868.0,1079.0,1,within5,C,as_1898,0,8504
1896,British North America,IRON,Unenumerated,Cwts,16716.0,45520.0,16716.0,1,exact01,A,as_1896,1,1189
1896,Canada,IRON: Ore of (including Chrome),"Bar, Angle, Bolt, and Rod",Tons,2289.0,279.0,2289.0,1,within5,C,as_1897,0,7644
1896,Canada,IRON: Ore of (including Chrome),"Bar, Angle, Bolt, and Rod",Tons,424.0,41.0,2289.0,0,exact01,D,as_1897,0,7846
1896,Canada,IRON: Ore of (including Chrome),"Bar, Angle, Bolt, and Rod",Tons,2289.0,273.0,,0,exact01,B,as_1898,0,7910
1896,Canada,IRON: Ore of (including Chrome),"Girders, Beams, and Pillars",Tons,424.0,41.0,424.0,1,exact01,A,as_1898,0,8117
1896,Canada,"Iron:—Manufactures of Iron or Steel, Unenumerated",,Cwts,15037.0,43652.0,3300.0,0,within5,D,as_1899,0,8707
1896,Newfoundland,"Iron:—Manufactures of Iron or Steel, Unenumerated",,Cwts,1076.0,1868.0,,0,within5,D,as_1899,0,8712
1896,Canada,JUTE,"Manufactures of, including Piece Goods, Sacks, and Bags",,2761.0,,,0,mod,D,as_1897,0,8504
1896,Canada,JUTE,"Manufactures of, including Piece Goods, Sacks, and Bags",,6846.0,,,0,mod,D,as_1897,0,8598
1896,British North America,"LACE, and Articles thereof",Of Cotton,,5980.0,,5980.0,1,gross,D,as_1896,1,1244
1896,Canada,"LACE, and Articles thereof",Of Cotton,,5896.0,,5896.0,1,within5,C,as_1899,0,9222
1896,British North America,"LACE, and Articles thereof",Of Silk,,2772.0,,2772.0,1,mod,D,as_1896,1,1232
1896,Canada,"LACE, and Articles thereof",Of Silk,,2761.0,,2761.0,1,exact01,A,as_1899,0,9127
1896,Canada,"LEAD, Pig and Sheet",,Tons,445.0,49.0,,0,mod,D,as_1897,0,8866
1896,Canada,"LEAD, Pig and Sheet",,Tons,448.0,40.0,,0,exact01,B,as_1898,0,9147
1896,Canada,"LEAD, Pig and Sheet",,Tons,448.0,40.0,,0,exact01,B,as_1899,0,9494
1896,Canada,LEATHER,,Cwts,1079.0,90.0,1079.0,1,within5,C,as_1898,0,9374
1896,Canada,LEATHER,,Cwts,1079.0,99.0,3300.0,0,exact01,D,as_1899,0,9722
1896,Canada,LEATHER,Gloves,Dozen Pairs,19254.0,25512.0,10221.0,0,gross,D,as_1897,0,9267
1896,Canada,LEATHER,Gloves,Dozen Pairs,10224.0,9812.0,10224.0,1,gross,D,as_1898,0,9544
1896,Canada,LEATHER,Gloves,,10224.0,9812.0,,0,gross,D,as_1899,0,9892
1896,British North America,LEATHER MANUFACTURES,Gloves,Dozen Pairs,10584.0,10167.0,10584.0,1,gross,D,as_1896,1,1332
1896,Canada,LINEN,,,5563.0,2175.0,,0,gross,D,as_1897,0,9466
1896,Canada,LINEN,,,176.0,,1070.0,0,within5,D,as_1899,0,10027
1896,Canada,LINEN,"Manufactures, including Manu-     factures of Linen mixed with     Cotton",,176.0,,,0,gross,D,as_1898,0,9682
1896,Canada,LINEN,"Manufactures, including Manu-     factures of Linen mixed with     Cotton",,5258.0,2175.0,,0,gross,D,as_1898,0,9747
1896,Canada,LINEN,"Manufactures, including Manu- factures of Linen mixed with Cotton",,176.0,,,0,gross,D,as_1897,0,9401
1896,British North America,LIQUORICE,,Cwts,6440.0,2467.0,,0,exact01,B,as_1896,1,1357
1896,Canada,LIQUORICE,,Cwts,5958.0,2175.0,3300.0,0,gross,D,as_1899,0,10092
1896,Canada,"MEAT, Preserved, otherwise than by Salting",,Cwts,850.0,106.0,3300.0,0,within5,D,as_1899,0,10626
1896,Canada,"MEAT, Unenumerated","MEAT, Preserved, otherwise than by Salting",,850.0,106.0,850.0,1,mod,D,as_1897,0,9939
1896,Canada,"MEAT, Unenumerated","MEAT, Preserved, otherwise than by Salting",,850.0,106.0,,0,within5,D,as_1898,0,10272
1896,Canada,"METAL: Leaf, not Gold","Unenumerated, Unwrought",Tons,1226.0,10.0,,0,mod,D,as_1897,0,10178
1896,Canada,"METAL: Leaf, not Gold","Unenumerated, Unwrought",Tons,1226.0,10.0,,0,exact01,B,as_1899,0,10880
1896,Canada,MUSICAL INSTRUMENTS,,Tuns,2217.0,1925.0,,0,gross,D,as_1897,0,10763
1896,Canada,MUSICAL INSTRUMENTS,,Tuns,2623.0,43.0,,0,gross,D,as_1897,0,10918
1896,Canada,MUSICAL INSTRUMENTS,Palm,Cwts,739.0,747.0,739.0,1,within5,C,as_1897,0,11023
1896,Canada,MUSICAL INSTRUMENTS,Seed,Tons,1778.0,85.0,1778.0,1,exact01,A,as_1897,0,11117
1896,Newfoundland,MUSICAL INSTRUMENTS,Seed,Tons,836.0,28.0,836.0,1,exact01,A,as_1897,0,11121
1896,Canada,MUSICAL INSTRUMENTS,Unenumerated,,2910.0,26524.0,3916.0,0,gross,D,as_1897,0,11519
1896,Canada,MUSICAL INSTRUMENTS,Unenumerated,,3655.0,,3916.0,0,mod,D,as_1897,0,11654
1896,Canada,OILS,Castor,Cwts,2217.0,1925.0,2217.0,1,gross,D,as_1899,0,11491
1896,Canada,OILS,"Chemical, Essential, or Per- fumed : Seed Cake of other Sorts",Tons,2910.0,26524.0,,0,within5,D,as_1899,0,12232
1896,Canada,OILS,"Fish, Sperm or Head Matter",Tuns,2217.0,1925.0,,0,gross,D,as_1898,0,11147
1896,Canada,OILS,"Fish, Sperm or Head Matter",Tuns,2098.0,43.0,,0,within5,D,as_1898,0,11312
1896,Canada,OILS,Olive,Tuns,2098.0,43.0,2008.0,0,exact01,D,as_1899,0,11655
1896,Canada,OILS,Palm,Cwts,739.0,747.0,739.0,1,exact01,A,as_1898,0,11417
1896,Canada,OILS,Palm,Cwts,739.0,747.0,730.0,0,exact01,D,as_1899,0,11760
1896,Canada,OILS,Seed,Tons,1778.0,85.0,1778.0,1,exact01,A,as_1898,0,11505
1896,Newfoundland,OILS,Seed,Tons,836.0,23.0,836.0,1,exact01,A,as_1898,0,11509
1896,Canada,OILS,Seed,Tons,1778.0,85.0,1778.0,1,exact01,A,as_1899,0,11849
1896,Newfoundland,OILS,Seed,Tons,836.0,28.0,836.0,1,exact01,A,as_1899,0,11853
1896,Canada,"ONIONS, Raw",,Bushels,2910.0,26521.0,,0,gross,D,as_1898,0,11869
1896,British North America,"ORE, Unenumerated",Unenumerated,,3062.0,,3968.0,0,exact01,D,as_1896,1,1624
1896,Canada,Other sorts,"Unenumerated, Unwrought",Tons,1226.0,10.0,,0,within5,D,as_1898,0,10521
1896,Canada,"PAINTERS' Colours and Pigments, Unenumerated",,,3055.0,,850.0,0,exact01,D,as_1898,0,12004
1896,Canada,"PAINTERS' Colours and Pigments, Unenumerated",,,3055.0,,1070.0,0,exact01,D,as_1899,0,12368
1896,Canada,PAPER,Unprinted,,1725.0,815.0,1725.0,1,within5,C,as_1897,0,11810
1896,Canada,PAPER,Unprinted,,976.0,3741.0,1725.0,0,exact01,D,as_1897,0,11878
1896,Canada,PAPER,Unprinted,,1725.0,815.0,976.0,0,exact01,D,as_1898,0,12151
1896,Canada,PAPER,Unprinted,,976.0,3741.0,976.0,1,within5,C,as_1898,0,12234
1896,Canada,PAPER,Unprinted,Cwts,1725.0,815.0,976.0,0,within5,D,as_1899,0,12503
1896,Canada,"PAPER, Printed or Coated",Strawboard and Millboard,Cwts,976.0,3741.0,,0,exact01,B,as_1899,0,12598
1896,Canada,PAPER-MAKING MATERIALS,Other Materials,Tons,149.0,5.0,,0,exact01,B,as_1898,0,12733
1896,Canada,PARAFFINE,,Cwts,149.0,5.0,,0,within5,D,as_1897,0,12379
1896,Canada,PARAFFINE,,Cwts,520.0,,,0,gross,D,as_1897,0,12479
1896,Canada,"PETROLEUM, Illuminating",,,149.0,5.0,1070.0,0,exact01,D,as_1899,0,13116
1896,Canada,RABBITS (dead),,Cwts,11044.0,24567.0,,0,within5,D,as_1897,0,13296
1896,Newfoundland,RABBITS (dead),,Cwts,1319.0,3211.0,,0,within5,D,as_1897,0,13301
1896,Canada,RICE,,Cwts,11044.0,24867.0,1079.0,0,exact01,D,as_1898,0,13524
1896,Newfoundland,RICE,,Cwts,1319.0,3211.0,,0,exact01,B,as_1898,0,13529
1896,Canada,RICE,,Cwts,11044.0,24867.0,3300.0,0,within5,D,as_1899,0,13901
1896,Newfoundland,RICE,,Cwts,1319.0,3211.0,,0,within5,D,as_1899,0,13906
1896,Canada,"SAGO, and Flour or Meal thereof",,Cwts,788.0,1684.0,,0,within5,D,as_1897,0,13415
1896,Canada,"SAGO, and Flour or Meal thereof",,Cwts,788.0,1684.0,1079.0,0,within5,D,as_1898,0,13643
1896,Canada,"SAGO, and Flour or Meal thereof",,Cwts,788.0,1684.0,3300.0,0,within5,D,as_1899,0,14019
1896,Canada,"SAGO, and Flour or Meal thereof",,Cwts,32.0,23.0,3300.0,0,exact01,D,as_1899,0,14085
1896,Canada,SALTPETRE (Nitrate of Potash),,Cwts,32.0,23.0,,0,within5,D,as_1897,0,13479
1896,Canada,SALTPETRE (Nitrate of Potash),,Cwts,32.0,23.0,1079.0,0,exact01,D,as_1898,0,13708
1896,Canada,"SAUCES or CONDIMENTS, Unenumerated","Garden, Unenumerated",Lbs,301.0,16480.0,301.0,1,exact01,A,as_1898,0,14020
1896,Canada,"SAUCES or CONDIMENTS, Unenumerated",Rape,Quarters,291.0,16489.0,,0,gross,D,as_1897,0,13784
1896,Canada,"SAUCES or CONDIMENTS, Unenumerated","Unenumerated, Other Sorts",Cwts,1141.0,2940.0,1141.0,1,within5,C,as_1898,0,14204
1896,Canada,SILK,"Broad Stuffs, Silk or Satin",Number,5429.0,,,0,within5,D,as_1897,0,14972
1896,Canada,SILK,Cinnamon,Lbs,3020.0,1607.0,,0,within5,D,as_1897,0,15153
1896,Canada,SILK,Cinnamon,Lbs,5052.0,418300.0,,0,within5,D,as_1897,0,15303
1896,Canada,SILK,"Furs Unenumerated (including Rabbit Skins, prior to 1894)",Number,24675.0,251627.0,24675.0,1,exact01,A,as_1897,0,14917
1896,Canada,SILK,"Furs, Rabbit Skins",Number,292.0,9856.0,292.0,1,exact01,A,as_1898,0,15271
1896,Canada,SILK,Ginger,Cwts,3020.0,1697.0,,0,within5,D,as_1898,0,15622
1896,Canada,SILK,"Manufactures of Silk, or of Silk mixed with other Materials, unenumerated",,9363.0,,9363.0,1,within5,C,as_1897,0,14521
1896,Canada,SILK,"Manufactures of Silk, or of Silk mixed with other Materials, unenumerated",Number,10474.0,119418.0,,0,gross,D,as_1897,0,14604
1896,Canada,SILK,"Manufactures of Silk, or of Silk mixed with other Materials, unenumerated",Number,1920.0,12706.0,,0,within5,D,as_1897,0,14671
1896,Canada,SILK,"Manufactures of Silk, or of Silk mixed with other Materials, unenumerated",Number,1562.0,11132.0,,0,mod,D,as_1897,0,14762
1896,Canada,SILK,"Manufactures of Silk, or of Silk mixed with other Materials, unenumerated",Number,961.0,15022.0,,0,gross,D,as_1897,0,14811
1896,Canada,SILK,"Manufactures of Silk, or of Silk mixed with other Materials, unenumerated",Number,1513.0,1329.0,,0,exact01,B,as_1897,0,14853
1896,Canada,SILK,"Manufactures of Silk, or of Silk mixed with other Materials, unenumerated",,9363.0,,9363.0,1,mod,D,as_1898,0,14954
1896,Canada,SILK,"Manufactures of Silk, or of Silk mixed with other Materials, unenumerated",Number,10774.0,119418.0,,0,exact01,B,as_1898,0,15059
1896,Canada,SILK,"Manufactures of Silk, or of Silk mixed with other Materials, unenumerated",Number,1950.0,12706.0,,0,within5,D,as_1898,0,15124
1896,Canada,SILK,"Manufactures:—Broadstuffs, Silk and Satin",,51422.0,,51422.0,1,within5,C,as_1897,0,14150
1896,Canada,SILK,"Manufactures:—Broadstuffs, Silk and Satin",,2193.0,,51422.0,0,within5,D,as_1897,0,14214
1896,Canada,SILK,"Manufactures:—Broadstuffs, Silk and Satin",,70673.0,,51422.0,0,mod,D,as_1897,0,14330
1896,Newfoundland,SILK,"Manufactures:—Broadstuffs, Silk and Satin",,1510.0,,1510.0,1,mod,D,as_1897,0,14335
1896,Canada,SILK,"Manufactures:—Broadstuffs, Silk and Satin",,51422.0,,51122.0,0,within5,D,as_1898,0,14570
1896,Canada,SILK,"Manufactures:—Broadstuffs, Silk and Satin",,2193.0,,51122.0,0,exact01,D,as_1898,0,14634
1896,Canada,SILK,"Manufactures:—Broadstuffs, Silk and Satin",,70673.0,,51122.0,0,within5,D,as_1898,0,14755
1896,Newfoundland,SILK,"Manufactures:—Broadstuffs, Silk and Satin",,1510.0,,1510.0,1,within5,C,as_1898,0,14760
1896,Canada,SILK,Pepper,Lbs,5032.0,418300.0,,0,exact01,B,as_1898,0,15767
1896,Canada,SILK,Pepper,Lbs,7614.0,239100.0,,0,exact01,B,as_1898,0,15912
1896,Canada,SILK,Pepper,Lbs,1217.0,4155.0,,0,within5,D,as_1898,0,16022
1896,Canada,SILK,Pepper,Lbs,1703.0,13500.0,,0,exact01,B,as_1898,0,16263
1896,Canada,SILK,Pepper,Lbs,695.0,941.0,,0,within5,D,as_1898,0,16467
1896,Canada,SILK,Raw,Lbs,2399.0,,,0,gross,D,as_1899,0,14950
1896,Canada,SILK,Raw,Lbs,57.0,,,0,mod,D,as_1899,0,15009
1896,Canada,SILK,Raw,Lbs,70673.0,,,0,mod,D,as_1899,0,15121
1896,Newfoundland,SILK,Raw,Lbs,1510.0,,,0,mod,D,as_1899,0,15126
1896,Canada,SILK,Raw,Lbs,173.0,,,0,within5,D,as_1899,0,15164
1896,Canada,SILK,Raw,Lbs,9363.0,,,0,exact01,B,as_1899,0,15317
1896,Canada,SILK,"Ribbons, other kinds",,175.0,,175.0,1,within5,C,as_1897,0,14373
1896,Canada,SILK,"Ribbons, other kinds",,175.0,,175.0,1,within5,C,as_1898,0,14798
1896,Canada,SILK,Seal Skins,Number,1513.0,1329.0,,0,exact01,B,as_1898,0,15316
1896,Canada,SILK,Seal Skins,Number,24775.0,251627.0,,0,within5,D,as_1898,0,15381
1896,Canada,SILK,Seal Skins,Number,5419.0,,,0,within5,D,as_1898,0,15436
1896,Canada,SILK,"Skins, Goat, Undressed",Number,10774.0,110418.0,10774.0,1,gross,D,as_1899,0,15416
1896,Canada,SILK,"Skins, Goat, Undressed : Sheep, Undressed",Number,1080.0,12700.0,1080.0,1,gross,D,as_1899,0,15481
1896,Canada,SILK,"Skins, Goat, Undressed : Unenumerated: Undressed",Number,1802.0,11133.0,,0,within5,D,as_1899,0,15572
1896,Canada,SILK,"Skins, Goat, Undressed : Unenumerated: Undressed",Number,302.0,9856.0,,0,gross,D,as_1899,0,15628
1896,Canada,SILK,"Skins, Goat, Undressed : Unenumerated: Undressed",Number,1613.0,1820.0,,0,exact01,B,as_1899,0,15673
1896,Canada,SILK,"Skins, Goat, Undressed : Unenumerated: Undressed",Number,24676.0,231627.0,,0,gross,D,as_1899,0,15737
1896,Canada,SILK,"Skins, Goat, Undressed : Unenumerated: Undressed",Number,5430.0,,,0,within5,D,as_1899,0,15792
1896,Canada,SILK,"Skins, Goat, Undressed : Unenumerated: Undressed",Lbs,6307.0,2705.0,,0,gross,D,as_1899,0,15976
1896,Canada,SILK,"Skins, Goat, Undressed : Unenumerated: Undressed",Lbs,5032.0,418300.0,,0,within5,D,as_1899,0,16121
1896,Canada,SILK,"Skins, Goat, Undressed : Unenumerated: Undressed",Lbs,7614.0,239100.0,,0,exact01,B,as_1899,0,16266
1896,Canada,SILK,"Skins, in any way Dressed     (not Leather)",Number,1882.0,11123.0,1562.0,0,gross,D,as_1898,0,15214
1896,Canada,SILK,Unenumerated,Lbs,7614.0,239100.0,,0,within5,D,as_1897,0,15448
1896,Canada,SILK,"Unrefined, Beetroot : Cane and Other Sorts",Cwts,3163.0,4736.0,3163.0,1,gross,D,as_1898,0,16588
1896,British North America,SILK MANUFACTURES,,,52004.0,,9470.0,0,exact01,D,as_1896,1,1893
1896,British North America,SILK MANUFACTURES,"Ribbons, Silk or Satin",,72183.0,,72183.0,1,mod,D,as_1896,1,1911
1896,British North America,SILK MANUFACTURES,Unenumerated,,9521.0,,9521.0,1,mod,D,as_1896,1,1929
1896,Canada,"SKINS, FURS and PELTS","Furs, Unenumerated",Number,24675.0,251627.0,24675.0,1,exact01,A,as_1896,1,1998
1896,Canada,"SKINS, FURS and PELTS","Manufactures of, including Rugs",,5439.0,,5439.0,1,exact01,A,as_1896,1,2007
1896,British North America,"SKINS, FURS, AND PELTS","Goat, Undressed",,10787.0,119506.0,,0,gross,D,as_1896,1,1947
1896,Canada,"SKINS, FURS, and PELTS",Furs : Rabbit Skins,Number,392.0,9856.0,392.0,1,gross,D,as_1896,1,1980
1896,British North America,SPICES,Ginger,,5307.0,2705.0,,0,mod,D,as_1896,1,2034
1896,British North America,SPICES,Pepper,,4726.0,253338.0,,0,gross,D,as_1896,1,2048
1896,British North America,SPICES,Unenumerated,,3662.0,233256.0,3968.0,0,mod,D,as_1896,1,2065
1896,Canada,SPIRITS,Rum,,2446.0,12783.0,,0,within5,D,as_1897,0,21050
1896,Newfoundland,SPIRITS,Rum,,905.0,11521.0,,0,within5,D,as_1897,0,21055
1896,Canada,SPIRITS,Rum,,582.0,1095.0,,0,within5,D,as_1897,0,21219
1896,Canada,SPIRITS,Rum,,2446.0,12783.0,,0,within5,D,as_1899,0,21821
1896,Newfoundland,SPIRITS,Rum,,966.0,11821.0,,0,within5,D,as_1899,0,21826
1896,Canada,SPIRITS,Rum,,582.0,1005.0,,0,exact01,B,as_1899,0,21991
1896,Canada,"SPIRITS, Geneva",,Proof Gallons,14.0,35.0,,0,within5,D,as_1897,0,21284
1896,Canada,"SPIRITS, Geneva",,Proof Gallons,14.0,38.0,,0,exact01,B,as_1899,0,22055
1896,Canada,"SPIRITS, Geneva",Perfumed in Bond,Gallons,1509.0,211.0,,0,within5,D,as_1899,0,22578
1896,Canada,"SPIRITS, Geneva",Perfumed in Bond,Gallons,72947.0,1018209.0,,0,within5,D,as_1899,0,22780
1896,Newfoundland,"SPIRITS, Geneva",Perfumed in Bond,Gallons,22156.0,505060.0,,0,within5,D,as_1899,0,22785
1896,Canada,"SPIRITS, Geneva",Sweetened or Mixed (Tested),Proof Gallons,150.0,133.0,,0,mod,D,as_1899,0,22391
1896,Canada,"SPIRITS, Geneva",Sweetened or Mixed (Tested),Proof Gallons,381.0,138.0,,0,exact01,B,as_1899,0,22485
1896,Canada,"SPIRITS, Unenumerated","Liqueurs, Cordials, &c., not tested for ascertaining the Strength",Gallons,150.0,133.0,150.0,1,gross,D,as_1897,0,21633
1896,Canada,"SPIRITS, Unenumerated",Perfumed,Gallons,331.0,135.0,331.0,1,mod,D,as_1897,0,21727
1896,Canada,"SPIRITS, Unenumerated",Perfumed in Bond,Gallons,1500.0,211.0,,0,within5,D,as_1897,0,21888
1896,Canada,"SPIRITS, Unenumerated",Perfumed in Bond,Gallons,49259.0,347362.0,,0,mod,D,as_1897,0,22037
1896,Newfoundland,"SPIRITS, Unenumerated",Perfumed in Bond,Gallons,2968.0,58225.0,,0,mod,D,as_1897,0,22042
1896,Canada,"SPIRITS, Unenumerated",Perfumed in Bond,Gallons,54925.0,1205596.0,,0,within5,D,as_1897,0,22202
1896,Newfoundland,"SPIRITS, Unenumerated",Perfumed in Bond,Gallons,7131.0,154111.0,,0,within5,D,as_1897,0,22207
1896,Canada,"SPIRITS, Unenumerated",of China,Lbs,72947.0,1918290.0,,0,within5,D,as_1897,0,22432
1896,Newfoundland,"SPIRITS, Unenumerated",of China,Lbs,22156.0,505666.0,,0,within5,D,as_1897,0,22437
1896,Canada,"SPIRITS, Unenumerated",of other Countries,Lbs,1199.0,29557.0,,0,within5,D,as_1897,0,22556
1896,Newfoundland,"SPIRITS, Unenumerated",of other Countries,Lbs,110.0,2709.0,,0,within5,D,as_1897,0,22561
1896,British North America,"SPIRITS, not Sweetened","Perfumed, in Bond",Gallons,1664.0,229.0,1664.0,1,exact01,A,as_1896,1,2143
1896,British North America,"SPIRITS, not Sweetened",Rum,,3412.0,250260.0,,0,mod,D,as_1896,1,2091
1896,Canada,SPONGE,,,1217.0,4155.0,,0,exact01,B,as_1897,0,15553
1896,Canada,SPONGE,,,1703.0,13599.0,,0,exact01,B,as_1897,0,15790
1896,Canada,SPONGE,,,695.0,941.0,,0,within5,D,as_1897,0,16000
1896,Canada,SPONGE,,,3163.0,4750.0,,0,gross,D,as_1897,0,16113
1896,Canada,SPONGE,,Lbs,1217.0,4155.0,,0,exact01,B,as_1899,0,16376
1896,Canada,STRAW PLATTING,For making Hats or Bonnets,,1703.0,13500.0,,0,exact01,B,as_1899,0,16616
1896,Canada,"SUGAR: Refined, or rendered by any process equal thereto, in lumps and loaves","Refined, Other Sorts, including Candy",Cwts,695.0,941.0,695.0,1,exact01,A,as_1899,0,16819
1896,Canada,TALLOW and STEARINE,,Cwts,103.0,376.0,,0,mod,D,as_1897,0,16358
1896,Canada,TALLOW and STEARINE,,Cwts,103.0,375.0,1079.0,0,within5,D,as_1898,0,16822
1896,Canada,TALLOW and STEARINE,,Cwts,103.0,375.0,3300.0,0,within5,D,as_1899,0,17174
1896,Canada,TALLOW and STEARINE,,Cwts,5116.0,1099.0,3300.0,0,exact01,D,as_1899,0,17335
1896,British North America,TEA,Of British East India,,43168.0,905597.0,,0,exact01,B,as_1896,1,2270
1896,British North America,TEA,Of Ceylon,Lbs,61766.0,1420020.0,,0,exact01,B,as_1896,1,2288
1896,British North America,TEA,Of China,Lbs. -,95103.0,2483275.0,,0,exact01,B,as_1896,1,2316
1896,British North America,TEA,Total,Lbs,4842458.0,,201327.0,0,within5,D,as_1896,1,2444
1896,Canada,TIN: Ore of,"In Blocks, Ingots, Bars or Slabs",Cwts,5116.0,1699.0,5116.0,1,exact01,A,as_1897,0,16517
1896,Canada,TIN: Ore of,"In Blocks, Ingots, Bars or Slabs",Cwts,5116.0,1699.0,5116.0,1,exact01,A,as_1898,0,16986
1896,Canada,TOBACCO,"Cavendish, Manufactured in Bond",,647.0,2425.0,,0,mod,D,as_1899,0,24147
1896,Canada,TOBACCO,Imported in Casks,Gallons,3685.0,8157.0,3406.0,0,within5,D,as_1898,0,23614
1896,Canada,TOBACCO,Imported in Casks,Gallons,3685.0,8187.0,3635.0,0,exact01,D,as_1899,0,24377
1896,Canada,TOBACCO,"In Bottles, Sparkling Saumur",Gallons,7446.0,11218.0,7446.0,1,within5,C,as_1898,0,24420
1896,Newfoundland,TOBACCO,"In Bottles, Sparkling Saumur",Gallons,599.0,1192.0,590.0,0,within5,D,as_1898,0,24425
1896,Canada,TOBACCO,Negrohead,,547.0,2425.0,,0,within5,D,as_1897,0,23472
1896,Canada,TOBACCO,Negrohead,,2315.0,4968.0,,0,within5,D,as_1897,0,23672
1896,Canada,TOBACCO,Negrohead,Gallons,1267.0,3219.0,,0,within5,D,as_1897,0,23927
1896,Canada,TOBACCO,Negrohead : Other Sorts,Lbs,547.0,2425.0,,0,within5,D,as_1898,0,23384
1896,Canada,TOBACCO,Total of Wine of all kinds,Gallons,7446.0,11215.0,7116.0,0,within5,D,as_1897,0,25365
1896,Newfoundland,TOBACCO,Total of Wine of all kinds,Gallons,739.0,1192.0,390.0,0,within5,D,as_1897,0,25370
1896,Canada,TOBACCO,"White, in Bottles, Sparkling Champagne",Gallons,3406.0,2251.0,,0,within5,D,as_1897,0,24450
1896,Newfoundland,TOBACCO,"White, in Bottles, Sparkling Champagne",Gallons,165.0,97.0,,0,within5,D,as_1897,0,24455
1896,Canada,TOBACCO,"White, in Bottles, Sparkling Saumur",Gallons,2489.0,5159.0,,0,within5,D,as_1897,0,24810
1896,Canada,TOBACCO,"White, in Bottles, Sparkling Saumur",Gallons,4277.0,6619.0,,0,within5,D,as_1897,0,25080
1896,Newfoundland,TOBACCO,"White, in Bottles, Sparkling Saumur",Gallons,379.0,535.0,,0,within5,D,as_1897,0,25085
1896,Canada,TOBACCO,"in Bottles, Sparkling Champagne",Gallons,3406.0,2251.0,,0,within5,D,as_1898,0,24010
1896,Newfoundland,TOBACCO,"in Bottles, Sparkling Champagne",Gallons,165.0,97.0,,0,within5,D,as_1898,0,24015
1896,Canada,TOBACCO,"in Bottles, Sparkling Champagne",Gallons,3406.0,2251.0,,0,exact01,B,as_1899,0,24773
1896,Newfoundland,TOBACCO,"in Bottles, Sparkling Champagne",Gallons,165.0,97.0,,0,exact01,B,as_1899,0,24778
1896,Canada,TOBACCO,"in Casks, mixed in Bond",Gallons,65.0,324.0,,0,within5,D,as_1898,0,23713
1896,Canada,TOBACCO,"in Casks, mixed in Bond",Gallons,65.0,324.0,3406.0,0,within5,D,as_1899,0,24476
1896,Canada,TOTAL,,Lbs,168922.0,4992227.0,,0,within5,D,as_1897,0,22786
1896,Newfoundland,TOTAL,,Lbs,22265.0,789122.0,,0,within5,D,as_1897,0,22791
1896,Canada,TOYS,,,905.0,,,0,mod,D,as_1897,0,16706
1896,Canada,TOYS,,,965.0,,850.0,0,exact01,D,as_1898,0,17154
1896,Canada,TOYS,,,1248.0,,1070.0,0,within5,D,as_1899,0,17465
1896,Canada,Tea: of British East India,,Lbs,40200.0,847362.0,,0,exact01,B,as_1899,0,22940
1896,Newfoundland,Tea: of British East India,,Lbs,2968.0,58235.0,,0,exact01,B,as_1899,0,22945
1896,Canada,Tea: of British East India,Total,Lbs,168962.0,4002334.0,168962.0,1,within5,C,as_1899,0,23464
1896,Newfoundland,Tea: of British East India,Total,Lbs,32305.0,780124.0,32365.0,0,within5,D,as_1899,0,23469
1896,Canada,Tea: of British East India,of Ceylon,Lbs,51025.0,1205966.0,,0,within5,D,as_1899,0,23105
1896,Newfoundland,Tea: of British East India,of Ceylon,Lbs,7131.0,151114.0,,0,within5,D,as_1899,0,23110
1896,Canada,Tea: of British East India,of other Countries,Lbs,1190.0,30857.0,1190.0,1,exact01,A,as_1899,0,23234
1896,Newfoundland,Tea: of British East India,of other Countries,Lbs,110.0,2709.0,110.0,1,exact01,A,as_1899,0,23239
1896,Canada,Total of Wine of all kinds,,Gallons,7446.0,11218.0,,0,within5,D,as_1899,0,25173
1896,Newfoundland,Total of Wine of all kinds,,Gallons,599.0,1192.0,,0,within5,D,as_1899,0,25178
1896,Canada,"Unrefined, Beetroot",Cane and Other Sorts,Cwts,3163.0,4786.0,,0,gross,D,as_1899,0,16941
1896,Canada,"VEGETABLES, Raw, unenumerated",,,965.0,,1070.0,0,within5,D,as_1899,0,17576
1896,British North America,"WINE, Red","Total of, in Casks and Bottles",Gallons,2719.0,5856.0,2719.0,1,exact01,A,as_1896,1,2647
1896,British North America,"WINE, Red",in Casks,Gallons,2488.0,5528.0,2488.0,1,exact01,A,as_1896,1,2598
1896,British North America,"WINE, Red",in Casks,Gallons,1515.0,3561.0,2488.0,0,exact01,D,as_1896,1,2674
1896,British North America,"WINE, White","Total in Bottles, Sparkling",Gallons,3622.0,2438.0,3622.0,1,exact01,A,as_1896,1,2739
1896,British North America,"WINE, White","Total in Bottles, Still and Sparkling",Gallons,3746.0,2669.0,3746.0,1,exact01,A,as_1896,1,2762
1896,British North America,"WINE, White","Total of Wine in Bottles, Still and Sparkling",Gallons,3977.0,2997.0,3977.0,1,exact01,A,as_1896,1,2864
1896,British North America,"WINE, White",Total of Wine in Casks,Gallons,4068.0,9413.0,,0,exact01,B,as_1896,1,2828
1896,British North America,"WINE, White",Total of Wine of all kinds in Casks and Bottles,Gallons,8045.0,12410.0,,0,exact01,B,as_1896,1,2901
1896,British North America,"WINE, White","Total of, in Casks and Bottles",Gallons,5326.0,73804.0,2719.0,0,mod,D,as_1896,1,2793
1896,British North America,"WINE, White","in Bottles, Sparkling Champagne",Gallons,3571.0,2348.0,3571.0,1,exact01,A,as_1896,1,2701
1896,Canada,WOOD and TIMBER,,Lbs,36.0,,,0,exact01,B,as_1897,0,18062
1896,Canada,WOOD and TIMBER,,,19527.0,,,0,within5,D,as_1897,0,18478
1896,Canada,WOOD and TIMBER,"For fancy purposes, including Berlin Wool and Zephyr Yarn",Lbs,2564.0,21556.0,2561.0,0,gross,D,as_1897,0,17934
1896,Canada,WOOD and TIMBER,"For fancy purposes, including Berlin Wool and Zephyr Yarn",Lbs,2564.0,24556.0,2504.0,0,gross,D,as_1898,0,18198
1896,Canada,WOOD and TIMBER,"For fancy purposes, including Berlin Wool and Zephyr Yarn : For Weaving, mixed or not with Silk",Lbs,205.0,2500.0,205.0,1,exact01,A,as_1897,0,17976
1896,Canada,WOOD and TIMBER,"For fancy purposes, including Berlin Wool and Zephyr Yarn : For Weaving, mixed or not with Silk",Lbs,205.0,2500.0,205.0,1,gross,D,as_1898,0,18239
1896,Canada,WOOD and TIMBER,"For fancy purposes, including Berlin Wool and Zephyr Yarn : For Weaving, mixed or not with Silk",Lbs,36.0,,205.0,0,gross,D,as_1898,0,18325
1896,Canada,WOOD and TIMBER,"For fancy purposes, including Berlin Wool and Zephyr Yarn : Of Wool other than Goats', or of Wool mixed with Cotton: Cloths",Yards,5734.0,48870.0,5734.0,1,within5,C,as_1897,0,18143
1896,Canada,WOOD and TIMBER,"For fancy purposes, including Berlin Wool and Zephyr Yarn : Of Wool other than Goats', or of Wool mixed with Cotton: Cloths",Yards,5731.0,48870.0,5731.0,1,within5,C,as_1898,0,18397
1896,Canada,WOOD and TIMBER,"House Frames, Fittings, Joiners' and Cabinet Work",,78.0,,78.0,1,within5,C,as_1898,0,17904
1896,Canada,WOOD and TIMBER,Mahogany,Tons,78.0,,,0,gross,D,as_1899,0,18516
1896,Canada,WOOD and TIMBER,Sheep or Lambs',Lbs,22583.0,752200.0,22583.0,1,exact01,A,as_1897,0,17834
1896,Canada,WOOD and TIMBER,Sheep or Lambs',Lbs,22583.0,752200.0,22583.0,1,exact01,A,as_1898,0,18102
1896,Canada,WOOD and TIMBER,Sheep or Lambs',Lbs,22583.0,752200.0,22583.0,1,exact01,A,as_1899,0,18734
1896,Canada,WOOD and TIMBER,Stuffs,Yards,40723.0,834000.0,40728.0,1,within5,C,as_1897,0,18298
1896,Newfoundland,WOOD and TIMBER,Stuffs,Yards,348.0,6810.0,348.0,1,within5,C,as_1897,0,18303
1896,Canada,WOOD and TIMBER,Stuffs,Yards,6728.0,894000.0,728.0,0,mod,D,as_1898,0,18557
1896,Canada,WOOL,Sheep or Lambs',,22583.0,752200.0,,0,gross,D,as_1896,1,2996
1896,Canada,WOOLLEN MANUFACTURES,Carpets and Rugs,Woollen Manufactures,10627.0,,,0,mod,D,as_1898,0,18727
1896,Canada,WOOLLEN MANUFACTURES,"Manufactures of, Unenumerated",Cwts,611.0,574.0,611.0,1,exact01,A,as_1898,0,18877
1896,British North America,WOOLLEN MANUFACTURES,Stuffs,Yards,41076.0,900800.0,41076.0,1,exact01,A,as_1896,1,3037
1896,British North America,WOOLLEN MANUFACTURES,Unenumerated,,19701.0,,19701.0,1,exact01,A,as_1896,1,3052
1896,Canada,WOOLLEN YARN,Carpets and Rugs,Woollen Manufactures,19527.0,,,0,within5,D,as_1899,0,19365
1896,Canada,WOOLLEN YARN,"For fancy purposes, including Berlin Wool and Zephyr Yarn",Lbs,2561.0,24256.0,2561.0,1,gross,D,as_1899,0,18828
1896,Canada,WOOLLEN YARN,"For fancy purposes, including Berlin Wool and Zephyr Yarn : For Weaving, mixed or not with Silk",Lbs,205.0,2500.0,,0,gross,D,as_1899,0,18869
1896,Canada,WOOLLEN YARN,"For fancy purposes, including Berlin Wool and Zephyr Yarn : For Weaving, mixed or not with Silk",Lbs,36.0,,,0,gross,D,as_1899,0,18958
1896,Canada,WOOLLEN YARN,"For fancy purposes, including Berlin Wool and Zephyr Yarn : For Weaving, mixed or not with Silk",Lbs,5734.0,48870.0,,0,exact01,B,as_1899,0,19028
1896,Canada,WOOLLEN YARN,"For fancy purposes, including Berlin Wool and Zephyr Yarn : For Weaving, mixed or not with Silk",Lbs,40728.0,894000.0,,0,within5,D,as_1899,0,19188
1896,Canada,ZINC,"Manufactures of, Unenumerated",Cwts,741.0,574.0,71.0,0,mod,D,as_1897,0,18638
1896,British North America,ZINC. Ore of,Manufactured,,37455.0,,37455.0,1,exact01,A,as_1896,1,3119
1896,Canada,ZINC: Ore of,"Manufactures of, Unenumerated",Cwts,611.0,574.0,611.0,1,within5,C,as_1899,0,19517
1897,Canada,"ARMS: Swords, Cutlasses, Matchets, and Bayonets","Muskets, Rifles, Carbines, Fowling-pieces, or Guns of any other sort unenumerated, and parts thereof, and Pistols",Muskets,2057.0,,,0,gross,D,as_1897,0,150
1897,Canada,"ARMS: Swords, Cutlasses, Matchets, and Bayonets","Muskets, Rifles, Carbines, Fowling-pieces, or Guns of any other sort unenumerated, and parts thereof, and Pistols",Muskets,2149.0,,,0,exact01,B,as_1898,0,168
1897,Canada,"ARMS: Swords, Cutlasses, Matchets, and Bayonets","Muskets, Rifles, Carbines, Fowling-pieces, or Guns of any other sort unenumerated, and parts thereof, and Pistols",Muskets,944.0,270.0,,0,gross,D,as_1898,0,213
1897,Canada,"ARMS: Swords, Cutlasses, Matchets, and Bayonets","Muskets, Rifles, Carbines, Fowling-pieces, or Guns of any other sort unenumerated, and parts thereof, and Pistols",Muskets,2057.0,,,0,gross,D,as_1899,1,337
1897,Canada,BEADS OF ALL SORTS,,Lbs,618.0,12672.0,,0,exact01,B,as_1897,0,385
1897,Canada,BEADS OF ALL SORTS,,Lbs,618.0,12672.0,,0,within5,D,as_1898,0,407
1897,Canada,BEADS OF ALL SORTS,,Lbs,618.0,12672.0,,0,within5,D,as_1899,1,582
1897,Canada,BOOKS,,Cwts,2324.0,242.0,,0,within5,D,as_1897,0,619
1897,Canada,BOOKS,,,2394.0,242.0,711.0,0,exact01,D,as_1898,0,646
1897,Canada,"BOOKS, bound and unbound, including Maps and Charts",,Cwts,2391.0,242.0,3433.0,0,mod,D,as_1899,1,820
1897,Canada,BRISTLES,,Lbs,5733.0,22079.0,,0,exact01,B,as_1897,0,835
1897,Canada,BRISTLES,,Lbs,5733.0,29079.0,,0,exact01,B,as_1898,0,873
1897,Canada,BRISTLES,,Lbs,5733.0,29079.0,,0,exact01,B,as_1899,1,1048
1897,Canada,BUTTER,MARGARINE (including all kinds of Artificial or Imitation Butter),Cwts,607.0,10595.0,,0,within5,D,as_1897,0,1047
1897,Canada,BUTTER,MARGARINE (including all kinds of Artificial or Imitation Butter),Cwts,607.0,10595.0,,0,within5,D,as_1898,0,1100
1897,Canada,"BUTTONS AND STUDS, not of Metal",,Gross,607.0,10595.0,,0,exact01,B,as_1899,1,1273
1897,Canada,CAOUTCHOU,,Cwts,3433.0,239.0,5627.0,0,within5,D,as_1898,0,1312
1897,Canada,CAOUTCHOU,,Cwts,3433.0,239.0,3433.0,1,within5,C,as_1899,1,1483
1897,Canada,CAOUTCHOU,Manufactures of,Lbs,7321.0,,,0,exact01,B,as_1899,1,1824
1897,Canada,CAOUTCHOU,Manufactures of,Lbs,1352.0,525.0,,0,exact01,B,as_1899,1,1889
1897,Canada,CAOUTCHOUÇ,,Cwts,3433.0,229.0,,0,within5,D,as_1897,0,1245
1897,Canada,"CHEMICAL MANUFACTURES AND PRODUCTS, not enumerated",,,7321.0,,,0,mod,D,as_1897,0,1559
1897,Canada,"CHEMICAL MANUFACTURES AND PRODUCTS, not enumerated",,,7321.0,,711.0,0,within5,D,as_1898,0,1651
1897,Newfoundland,CHICORY,"Roasted and Ground, Mixed",,2.0,1553.0,365.0,0,gross,D,as_1897,0,19418
1897,Canada,CHICORY,"Roasted and Ground, Mixed",,2337.0,68113.0,12712.0,0,gross,D,as_1897,0,19679
1897,Canada,CHICORY,"Roasted and Ground, Mixed",,666.0,6157.0,12712.0,0,mod,D,as_1897,0,19848
1897,Newfoundland,CHICORY,"Roasted and Ground, Mixed",,325.0,3492.0,365.0,0,mod,D,as_1897,0,19853
1897,Canada,CHICORY,"Roasted and Ground, Mixed",,12712.0,3978.0,12712.0,1,within5,C,as_1897,0,20029
1897,Newfoundland,CHICORY,"Roasted and Ground, Mixed",,365.0,91.0,365.0,1,within5,C,as_1897,0,20034
1897,Newfoundland,CHICORY,"Roasted and Ground, Mixed",,58.0,1553.0,,0,exact01,B,as_1898,0,19634
1897,Canada,CHICORY,"Roasted and Ground, Mixed",,2337.0,68113.0,,0,exact01,B,as_1898,0,19870
1897,Newfoundland,CHICORY,"Roasted and Ground, Mixed",,58.0,1553.0,,0,exact01,B,as_1899,1,20242
1897,Canada,CHICORY,"Roasted and Ground, Mixed",,2337.0,68113.0,,0,exact01,B,as_1899,1,20458
1897,Canada,CHICORY,"or CHOCOLATE, Ground, Pre- pared, or in any way Manu- factured",Lbs,668.0,6137.0,,0,within5,D,as_1898,0,20023
1897,Newfoundland,CHICORY,"or CHOCOLATE, Ground, Pre- pared, or in any way Manu- factured",Lbs,395.0,3492.0,,0,within5,D,as_1898,0,20028
1897,Canada,CHICORY,"or CHOCOLATE, Ground, Pre- pared, or in any way Manu- factured",Lbs,668.0,6187.0,,0,exact01,B,as_1899,1,20610
1897,Newfoundland,CHICORY,"or CHOCOLATE, Ground, Pre- pared, or in any way Manu- factured",Lbs,395.0,3492.0,,0,exact01,B,as_1899,1,20615
1897,Canada,CHICORY,"or CHOCOLATE, in the manu- facture of which Spirit has been used",Cwts,12712.0,3078.0,,0,within5,D,as_1898,0,20231
1897,Newfoundland,CHICORY,"or CHOCOLATE, in the manu- facture of which Spirit has been used",Cwts,365.0,91.0,,0,within5,D,as_1898,0,20236
1897,Canada,CHICORY,"or CHOCOLATE, in the manufacture of which Spirit has been used",Lbs,12712.0,2078.0,,0,exact01,B,as_1899,1,20819
1897,Newfoundland,CHICORY,"or CHOCOLATE, in the manufacture of which Spirit has been used",Lbs,365.0,91.0,,0,exact01,B,as_1899,1,20824
1897,Canada,"CHINA OR PORCELAIN, AND EARTHENWARE",,Cwts,2343.0,697.0,5627.0,0,within5,D,as_1898,0,1717
1897,Canada,"CLOCKS, and parts thereof",,,1329.0,,711.0,0,within5,D,as_1898,0,1788
1897,Canada,"CLOCKS, and parts thereof",,,1081.0,,5627.0,0,exact01,D,as_1899,1,1951
1897,Canada,"CONFECTIONERY, in the manufacture of which Spirit has been used",Currants,Cwtts,1534.0,1910.0,,0,within5,D,as_1897,0,20373
1897,Newfoundland,"CONFECTIONERY, in the manufacture of which Spirit has been used",Currants,Cwtts,1741.0,1957.0,,0,within5,D,as_1897,0,20378
1897,Canada,"CONFECTIONERY, in the manufacture of which Spirit has been used",Currants,Cwtts,54.0,26.0,,0,gross,D,as_1897,0,20458
1897,Canada,"CONFECTIONERY, in the manufacture of which Spirit has been used",Raisins,Cwts,2410.0,2221.0,,0,within5,D,as_1897,0,20790
1897,Newfoundland,"CONFECTIONERY, in the manufacture of which Spirit has been used",Raisins,Cwts,694.0,617.0,,0,within5,D,as_1897,0,20795
1897,Canada,"COPPER, Ore of",Manufactured,,1639.0,18071.0,,0,exact01,B,as_1899,1,2520
1897,Newfoundland,"COPPER, Ore of","Manufactures of, not otherwise enumerated or described, including Copper plates engraved",Cordage,2203.0,,2203.0,1,gross,D,as_1899,1,2343
1897,Canada,"COPPER, Ore of",Unmanufactured,Tons,2620.0,73.0,2620.0,1,exact01,A,as_1899,1,2407
1897,Newfoundland,"CORDAGE CABLES (not of iron), Twine, and Cable Yarn",,,2276.0,,,0,exact01,B,as_1897,0,2072
1897,Newfoundland,"CORDAGE CABLES (not of iron), Twine, and Cable Yarn",,,2276.0,,,0,exact01,B,as_1898,0,2201
1897,Canada,CORK,Manufactured,,1639.0,16971.0,,0,within5,D,as_1897,0,2210
1897,Canada,CORK,Manufactured,Lbs,1659.0,16971.0,1639.0,0,within5,D,as_1898,0,2372
1897,Canada,CORK,Unmanufactured,Tons,2620.0,73.0,2020.0,0,exact01,D,as_1898,0,2259
1897,Canada,"CORN ; Grain, Meal, and Flour",Wheat Meal or Flour,Cwts,2042.0,4060.0,2042.0,1,within5,C,as_1898,0,2872
1897,Canada,"CORN; Grain, Meal, and Flour",Wheat Meal or Flour,Cwts,2042.0,4980.0,2452.0,0,within5,D,as_1897,0,2689
1897,Canada,"CORN; Grain, Meal, and Flour—cont.",Raw,Cwts,3264.0,1340.0,3204.0,0,exact01,D,as_1899,1,3262
1897,Canada,"CORN; Grain, Meal, and Flour—cont.",Wheat Meal or Flour,Cwts,2042.0,4000.0,2042.0,1,exact01,A,as_1899,1,3026
1897,Canada,COTTON,Raw,,3264.0,1310.0,3264.0,1,exact01,A,as_1898,0,3102
1897,Canada,COTTON MANUFACTURES,,,4067.0,,711.0,0,within5,D,as_1898,0,3627
1897,Canada,COTTON MANUFACTURES,,,4067.0,,5627.0,0,within5,D,as_1899,1,3782
1897,Canada,COTTON MANUFACTURES,"Hosiery, of all sorts",,4778.0,,4778.0,1,within5,C,as_1897,0,3293
1897,Canada,COTTON MANUFACTURES,"Hosiery, of all sorts",,4778.0,,4778.0,1,exact01,A,as_1898,0,3490
1897,Canada,COTTON MANUFACTURES,"Hosiery, of all sorts",,4778.0,,,0,within5,D,as_1899,1,3644
1897,Canada,COTTON MANUFACTURES,"Piece Goods, other than Muslins",Yards,1269.0,169670.0,,0,within5,D,as_1897,0,3219
1897,Canada,COTTON MANUFACTURES,"Piece Goods, other than Muslins",Yards,1269.0,160670.0,1269.0,1,within5,C,as_1898,0,3411
1897,Canada,COTTON MANUFACTURES,"Piece Goods, other than Muslins",Yards,4269.0,160670.0,4269.0,1,exact01,A,as_1899,1,3570
1897,Canada,COTTON MANUFACTURES,Unenumerated,,4567.0,,4567.0,1,within5,C,as_1897,0,3433
1897,Canada,Cotton,"Garden, Unenumerated",Lbs,51.0,2620.0,51.0,1,within5,C,as_1899,1,14396
1897,Canada,Cotton,"Unenumerated, Other Sorts",Cwts,1531.0,3374.0,1531.0,1,exact01,A,as_1899,1,14580
1897,Canada,DRUGS,Opium,Lbs,18587.0,44495.0,181.0,0,gross,D,as_1899,1,3903
1897,Canada,DRUGS,"Unenumerated, including Medicinal Preparations",,3997.0,,,0,within5,D,as_1897,0,3680
1897,Canada,DRUGS,"Unenumerated, including Medicinal Preparations",,3997.0,,3097.0,0,within5,D,as_1898,0,3884
1897,Canada,DRUGS,"Unenumerated, including Medicinal Preparations not liable to Duty",,3997.0,,,0,exact01,B,as_1899,1,4042
1897,Canada,"DYE STUFFS (other than Dye Woods), and Substances used in Tanning or Dyeing",Cutch and Gambier,Tons,2536.0,89.0,2536.0,1,exact01,A,as_1897,0,3832
1897,Canada,"DYE STUFFS (other than Dye Woods), and Substances used in Tanning or Dyeing",Cutch and Gambier,Tons,2536.0,89.0,2536.0,1,exact01,A,as_1898,0,4042
1897,Canada,"DYE STUFFS (other than Dye Woods), and Substances used in Tanning or Dyeing",Cutch and Gambier,Tons,2536.0,89.0,,0,exact01,B,as_1899,1,4200
1897,Canada,"DYE STUFFS (other than Dye Woods), and Substances used in Tanning or Dyeing","Dyes obtained from Coal Tar,     viz. :—Aniline",,1755.0,,,0,exact01,B,as_1898,0,4089
1897,Canada,"DYE STUFFS (other than Dye Woods), and Substances used in Tanning or Dyeing","Dyes obtained from Coal Tar, viz.:—Aniline",,1755.0,,,0,exact01,B,as_1897,0,3878
1897,Canada,"DYE STUFFS (other than Dye Woods), and Substances used in Tanning or Dyeing","Dyes obtained from Coal Tar, viz.:—Aniline",,1755.0,,,0,exact01,B,as_1899,1,4247
1897,Canada,"DYE STUFFS (other than Dye Woods), and Substances used in Tanning or Dyeing",Ornamental,Lbs,1303.0,3079.0,1303.0,1,within5,C,as_1897,0,4661
1897,Canada,"DYE STUFFS (other than Dye Woods), and Substances used in Tanning or Dyeing",Sumach,Tons,8206.0,,,0,within5,D,as_1897,0,4456
1897,Canada,"DYE STUFFS (other than Dye Woods), and Substances used in Tanning or Dyeing",Sumach,Tons,5615.0,,,0,within5,D,as_1897,0,4561
1897,Canada,EGGS,,Gt. hundreds,8266.0,,,0,gross,D,as_1898,0,4668
1897,Canada,EGGS,,Gt. hundreds,5613.0,,,0,within5,D,as_1898,0,4778
1897,Canada,EGGS,Ornamental,Lbs,1303.0,3030.0,1303.0,1,within5,C,as_1898,0,4878
1897,Canada,EMBROIDERY AND NEEDLEWORK,,,8306.0,,5627.0,0,exact01,D,as_1899,1,4843
1897,Canada,EMBROIDERY AND NEEDLEWORK,,,5618.0,,5627.0,0,exact01,D,as_1899,1,4953
1897,Canada,EMBROIDERY AND NEEDLEWORK,,,1303.0,3030.0,5627.0,0,exact01,D,as_1899,1,5053
1897,Canada,FISH,,Cwts,8782.0,2793.0,,0,within5,D,as_1897,0,4839
1897,Canada,FISH,,Cwts,8782.0,2702.0,5627.0,0,within5,D,as_1898,0,5068
1897,Canada,FISH,,Cwts,8782.0,2793.0,3433.0,0,exact01,D,as_1899,1,5238
1897,Canada,FISH,"Cured or Salted, unenumerated",Cwts,1124.0,490.0,1131.0,0,within5,D,as_1897,0,5024
1897,Canada,FISH,"Cured or Salted, unenumerated",Cwts,1124.0,490.0,,0,within5,D,as_1898,0,5253
1897,Canada,FISH,"Cured or Salted, unenumerated",Cwts,1124.0,490.0,,0,exact01,B,as_1899,1,5423
1897,Canada,"FLOWERS, Artificial",,,5512.0,,711.0,0,gross,D,as_1898,0,5386
1897,Canada,"FLOWERS, Artificial",,,5512.0,,5627.0,0,gross,D,as_1899,1,5553
1897,Canada,FRUIT,,Cwts,4587.0,6049.0,,0,gross,D,as_1897,0,5657
1897,Canada,FRUIT,,,4567.0,6019.0,711.0,0,within5,D,as_1898,0,5914
1897,Canada,FRUIT,Brandy,,610.0,1587.0,,0,mod,D,as_1898,0,21407
1897,Canada,FRUIT,Currants,,1534.0,1910.0,,0,within5,D,as_1898,0,20564
1897,Newfoundland,FRUIT,Currants,,1741.0,1957.0,,0,within5,D,as_1898,0,20569
1897,Canada,FRUIT,Currants,,1534.0,1910.0,,0,within5,D,as_1899,1,21148
1897,Newfoundland,FRUIT,Currants,,1741.0,1957.0,,0,within5,D,as_1899,1,21153
1897,Canada,FRUIT,Figs and Fig Cake,Cwts,54.0,26.0,,0,gross,D,as_1898,0,20649
1897,Canada,FRUIT,Figs and Fig-Cake,Cwts,54.0,23.0,,0,gross,D,as_1899,1,21233
1897,Canada,FRUIT,"Liqueurs, Cordials, &c., not   tested for ascertaining the   Strength",Gallons,170.0,231.0,170.0,1,gross,D,as_1898,0,21597
1897,Canada,FRUIT,Perfumed,Gallons,392.0,135.0,53167.0,0,exact01,D,as_1898,0,21692
1897,Canada,FRUIT,Perfumed in Bond,Gallons,53167.0,1367796.0,,0,within5,D,as_1898,0,22027
1897,Newfoundland,FRUIT,Perfumed in Bond,Gallons,12271.0,344213.0,,0,within5,D,as_1898,0,22032
1897,Canada,FRUIT,"Preserved without sugar,     other than Dried",Lbs,622.0,55816.0,622.0,1,within5,C,as_1899,1,6138
1897,Canada,FRUIT,"Preserved without sugar, other than Dried",Lbs,622.0,55516.0,622.0,1,exact01,A,as_1897,0,5717
1897,Canada,FRUIT,"Preserved without sugar, other than Dried",Lbs,622.0,55816.0,622.0,1,within5,C,as_1898,0,5974
1897,Canada,FRUIT,Raisins,Cwts,2410.0,2221.0,,0,exact01,B,as_1898,0,20977
1897,Newfoundland,FRUIT,Raisins,Cwts,694.0,647.0,,0,exact01,B,as_1898,0,20982
1897,Canada,FRUIT,Raisins,Cwts,2410.0,2221.0,2410.0,1,exact01,A,as_1899,1,21561
1897,Newfoundland,FRUIT,Raisins,Cwts,694.0,617.0,604.0,0,exact01,D,as_1899,1,21566
1897,Canada,FRUIT,Rum,Proof Gallons,2664.0,15089.0,610.0,0,within5,D,as_1898,0,21238
1897,Newfoundland,FRUIT,Rum,Proof Gallons,599.0,8616.0,599.0,1,within5,C,as_1898,0,21243
1897,Canada,FRUIT,Tea: of British East India,Lbs,51075.0,1132850.0,,0,within5,D,as_1898,0,22187
1897,Newfoundland,FRUIT,Tea: of British East India,Lbs,2362.0,47328.0,,0,within5,D,as_1898,0,22192
1897,Canada,FRUIT,"Unenumerated, Dried",Cwts,4567.0,6049.0,4507.0,0,exact01,D,as_1899,1,6078
1897,Canada,FRUIT,of Ceylon,Lbs,62105.0,1376679.0,,0,within5,D,as_1898,0,22352
1897,Newfoundland,FRUIT,of Ceylon,Lbs,8557.0,185215.0,,0,within5,D,as_1898,0,22357
1897,Canada,FRUIT,of Ceylon,Lbs,456.0,10815.0,,0,exact01,B,as_1898,0,22481
1897,Newfoundland,FRUIT,of Ceylon,Lbs,60.0,1625.0,,0,exact01,B,as_1898,0,22486
1897,Canada,FRUIT,of Ceylon,Lbs,167706.0,3883140.0,,0,exact01,B,as_1898,0,22706
1897,Newfoundland,FRUIT,of Ceylon,Lbs,23239.0,578381.0,,0,exact01,B,as_1898,0,22711
1897,Canada,FRUIT,served in Sugar,,1465.0,733.0,,0,gross,D,as_1897,0,5802
1897,Canada,FRUIT,served in Sugar,Cwts,1465.0,733.0,,0,exact01,B,as_1898,0,6059
1897,Canada,"FRUIT, Almonds",,Cwts,2113.0,656.0,,0,gross,D,as_1897,0,5218
1897,Canada,"FRUIT, Almonds",,Cwts,2113.0,656.0,5627.0,0,gross,D,as_1898,0,5466
1897,Canada,"FRUIT, Almonds",,Cwts,2113.0,650.0,3433.0,0,gross,D,as_1899,1,5633
1897,Canada,"FRUIT, Almonds","Grapes, Raw",Bushels,5154.0,2139.0,5224.0,0,exact01,D,as_1897,0,5324
1897,Newfoundland,"FRUIT, Almonds","Grapes, Raw",Bushels,583.0,1949.0,523.0,0,exact01,D,as_1897,0,5329
1897,Canada,"FRUIT, Almonds","Grapes, Raw",Bushels,5154.0,9139.0,5154.0,1,exact01,A,as_1898,0,5577
1897,Newfoundland,"FRUIT, Almonds","Grapes, Raw",Bushels,583.0,1019.0,583.0,1,exact01,A,as_1898,0,5582
1897,Canada,"FRUIT, Almonds","Grapes, Raw",Bushels,5154.0,9139.0,5154.0,1,exact01,A,as_1899,1,5743
1897,Newfoundland,"FRUIT, Almonds","Grapes, Raw",Bushels,583.0,1049.0,583.0,1,exact01,A,as_1899,1,5748
1897,Canada,"FRUIT, Almonds",Lemons,Bushels,2115.0,6945.0,2255.0,0,exact01,D,as_1897,0,5379
1897,Canada,"FRUIT, Almonds",Lemons,Bushels,2010.0,6043.0,2010.0,1,gross,D,as_1898,0,5637
1897,Canada,"FRUIT, Almonds",Lemons,Bushels,2010.0,6943.0,2010.0,1,gross,D,as_1899,1,5803
1897,Canada,"FRUIT, Almonds","Nuts, used as Fruit",,2157.0,,2457.0,0,gross,D,as_1897,0,5439
1897,Canada,"FRUIT, Almonds","Nuts, used as Fruit",,2157.0,,2157.0,1,exact01,A,as_1898,0,5697
1897,Canada,"FRUIT, Almonds","Nuts, used as Fruit",,2157.0,,2157.0,1,gross,D,as_1899,1,5863
1897,Canada,"FRUIT, Almonds",Oranges,,24365.0,23729.0,,0,gross,D,as_1897,0,5514
1897,Newfoundland,"FRUIT, Almonds",Oranges,,1185.0,3731.0,,0,gross,D,as_1897,0,5519
1897,Canada,"FRUIT, Almonds",Oranges,,24365.0,98789.0,,0,within5,D,as_1898,0,5772
1897,Newfoundland,"FRUIT, Almonds",Oranges,,1185.0,3784.0,,0,within5,D,as_1898,0,5777
1897,Canada,"FRUIT, Almonds",Oranges,,24365.0,98789.0,,0,within5,D,as_1899,1,5938
1897,Newfoundland,"FRUIT, Almonds",Oranges,,1185.0,3784.0,,0,within5,D,as_1899,1,5943
1897,Canada,"FRUITS and VEGETABLES, Pre- served in Sugar",,Cwts,1465.0,733.0,3433.0,0,within5,D,as_1899,1,6223
1897,Canada,"GLASS, Window and German Sheet, including Shades and Cyinders",,Cwts,175.0,351.0,,0,mod,D,as_1897,0,5907
1897,Canada,"GLASS, Window and German Sheet, including Shades and Cyinders","Lac, Seed, Shell, Stick, and Dye",Cwts,1473.0,297.0,,0,exact01,B,as_1897,0,6335
1897,Canada,"GLASS, Window and German Sheet, including Shades and Cyinders","Manufactures, unenumerated",Cwts,458.0,68.0,,0,gross,D,as_1897,0,6245
1897,Canada,"GLASS, Window and German Sheet, including Shades and Cylinders",,Cwts,178.0,381.0,5627.0,0,mod,D,as_1898,0,6164
1897,Canada,"GLASS, Window and German Sheet, including Shades and Cylinders",,Cwts,178.0,381.0,3433.0,0,mod,D,as_1899,1,6327
1897,Canada,"GLASS, Window and German Sheet, including Shades and Cylinders","Lac, Seed, Shell, Stick, and Dye",Cwts,458.0,68.0,1473.0,0,gross,D,as_1898,0,6531
1897,Canada,"GLASS, Window and German Sheet, including Shades and Cylinders","Lac, Seed, Shell, Stick, and Dye",Cwts,1473.0,397.0,1473.0,1,exact01,A,as_1898,0,6621
1897,Canada,"GOODS UNENUMERATED, Unmanufactured",,,3218.0,,,0,within5,D,as_1897,0,18799
1897,Canada,"GOODS UNENUMERATED, Unmanufactured",,,3218.0,,711.0,0,within5,D,as_1898,0,19037
1897,Canada,"GOODS UNENUMERATED, Unmanufactured",,Goods,3218.0,,,0,exact01,B,as_1899,1,19668
1897,Canada,"GOODS UNENUMERATED, Unmanufactured",,Goods,36917.0,,,0,within5,D,as_1899,1,19994
1897,Newfoundland,"GOODS UNENUMERATED, Unmanufactured",,Goods,388.0,,,0,within5,D,as_1899,1,19999
1897,Canada,"GOODS UNENUMERATED, Unmanufactured",Manufactured,,26225.0,,,0,gross,D,as_1897,0,19126
1897,Newfoundland,"GOODS UNENUMERATED, Unmanufactured",Manufactured,,335.0,,,0,gross,D,as_1897,0,19131
1897,Canada,"GUM, Arabic",Kowrie,Cwts,458.0,68.0,,0,gross,D,as_1899,1,6693
1897,Canada,"GUM, Arabic","Lac, Seed, Shell, Stick, and Dye",Cwts,1473.0,397.0,,0,exact01,B,as_1899,1,6782
1897,Canada,"HAIR: Cow, Ox, Bull, or Elk",Dressed or Undressed,Tons,77683.0,1145.0,77053.0,0,gross,D,as_1897,0,7025
1897,Newfoundland,"HAIR: Cow, Ox, Bull, or Elk",Dressed or Undressed,Tons,1708.0,91.0,1755.0,0,gross,D,as_1897,0,7030
1897,Canada,"HAIR: Cow, Ox, Bull, or Elk",Dressed or Undressed,Tons,16.0,,77053.0,0,gross,D,as_1897,0,7115
1897,Canada,"HAIR: Cow, Ox, Bull, or Elk",Dressed or Undressed,Tons,15761.0,5996.0,77053.0,0,exact01,D,as_1897,0,7229
1897,Canada,"HAIR: Cow, Ox, Bull, or Elk",Dressed or Undressed,Cwts,373.0,113.0,,0,gross,D,as_1897,0,7413
1897,Canada,HAMS,Dressed or Undressed,Tons,77683.0,4145.0,77083.0,0,exact01,D,as_1899,1,7462
1897,Newfoundland,HAMS,Dressed or Undressed,Tons,1708.0,91.0,1708.0,1,exact01,A,as_1899,1,7467
1897,Canada,HAMS,Dressed or Undressed,Tons,16.0,,77083.0,0,exact01,D,as_1899,1,7550
1897,Canada,HAMS,Dressed or Undressed,Cwts,18761.0,5996.0,,0,exact01,B,as_1899,1,7665
1897,Canada,HAMS,Dressed or Undressed,Cwts,1502.0,695.0,,0,gross,D,as_1899,1,7755
1897,Canada,HAMS,Dressed or Undressed,Cwts,372.0,113.0,,0,exact01,B,as_1899,1,7850
1897,Canada,HEMP,Dressed or Undressed,Tons,77683.0,4145.0,77683.0,1,within5,C,as_1898,0,7280
1897,Newfoundland,HEMP,Dressed or Undressed,Tons,1708.0,91.0,1708.0,1,within5,C,as_1898,0,7285
1897,Canada,HEMP,Dressed or Undressed,Tons,16.0,,77683.0,0,exact01,D,as_1898,0,7371
1897,Canada,HEMP,Dressed or Undressed,Cwts,18761.0,5996.0,,0,exact01,B,as_1898,0,7486
1897,Canada,HEMP,Dressed or Undressed,Cwts,1592.0,695.0,,0,gross,D,as_1898,0,7575
1897,Canada,HEMP,Dressed or Undressed,Cwts,372.0,113.0,,0,exact01,B,as_1898,0,7680
1897,Canada,IRON,"Bar, Angle, Bolt, and Rod",Tons,6782.0,915.0,6782.0,1,exact01,A,as_1899,1,8081
1897,Canada,IRON,Cycles and parts     thereof : Machinery,,2021.0,,,0,mod,D,as_1899,1,8458
1897,Canada,IRON,"Girders, Beams, and Pillars",Tons,230.0,37.0,230.0,1,exact01,A,as_1899,1,8288
1897,Canada,IRON,"Manufactures of Iron or Steel, Unenumerated",Cwtts,2761.0,3126.0,,0,within5,D,as_1897,0,8159
1897,Newfoundland,IRON,"Manufactures of Iron or Steel, Unenumerated",Cwtts,481.0,944.0,,0,within5,D,as_1897,0,8164
1897,Canada,IRON,"Manufactures of Iron or Steel, Unenumerated",Cwts,2761.0,3136.0,2761.0,1,exact01,A,as_1898,0,8500
1897,Newfoundland,IRON,"Manufactures of Iron or Steel, Unenumerated",Cwts,481.0,941.0,481.0,1,exact01,A,as_1898,0,8505
1897,Canada,IRON,Tyres and Axles : Machinery,,2921.0,,2021.0,0,within5,D,as_1898,0,8252
1897,Canada,IRON,thereof : Machinery,,2621.0,,,0,mod,D,as_1897,0,7924
1897,Canada,IRON: Ore of (including Chrome),"Bar, Angle, Bolt, and Rod",Tons,6782.0,915.0,6782.0,1,exact01,A,as_1897,0,7645
1897,Canada,IRON: Ore of (including Chrome),"Bar, Angle, Bolt, and Rod",Tons,231.0,37.0,6782.0,0,mod,D,as_1897,0,7847
1897,Canada,IRON: Ore of (including Chrome),"Bar, Angle, Bolt, and Rod",Tons,6782.0,915.0,,0,exact01,B,as_1898,0,7911
1897,Canada,IRON: Ore of (including Chrome),"Girders, Beams, and Pillars",Tons,230.0,37.0,230.0,1,exact01,A,as_1898,0,8118
1897,Canada,"Iron:—Manufactures of Iron or Steel, Unenumerated",,Cwts,2761.0,3136.0,3433.0,0,within5,D,as_1899,1,8708
1897,Newfoundland,"Iron:—Manufactures of Iron or Steel, Unenumerated",,Cwts,481.0,944.0,,0,within5,D,as_1899,1,8713
1897,Canada,JUTE,"Manufactures of, including Piece Goods, Sacks, and Bags",,3265.0,,3905.0,0,mod,D,as_1897,0,8450
1897,Canada,JUTE,"Manufactures of, including Piece Goods, Sacks, and Bags",,2614.0,,3905.0,0,gross,D,as_1897,0,8505
1897,Canada,JUTE,"Manufactures of, including Piece Goods, Sacks, and Bags",,20620.0,,3905.0,0,gross,D,as_1897,0,8599
1897,Canada,JUTE,"Manufactures of, including Piece Goods, Sacks, and Bags",,3938.0,,7108.0,0,gross,D,as_1898,0,8825
1897,Canada,JUTE YARN,"Manufactures of, including Piece Goods, Sacks, and Bags",,3938.0,,,0,exact01,B,as_1899,1,9063
1897,Canada,"LACE, and Articles thereof",Of Cotton,,20629.0,,20629.0,1,exact01,A,as_1899,1,9223
1897,Canada,"LACE, and Articles thereof",Of Silk,,2674.0,,2674.0,1,within5,C,as_1899,1,9128
1897,Canada,LEATHER,,Cwts,5627.0,771.0,5627.0,1,exact01,A,as_1898,0,9375
1897,Canada,LEATHER,,Cwts,5627.0,771.0,3433.0,0,exact01,D,as_1899,1,9723
1897,Canada,LEATHER,Gloves,Dozen Pairs,6943.0,6146.0,6943.0,1,gross,D,as_1897,0,9268
1897,Canada,LEATHER,Gloves,Dozen Pairs,6943.0,6146.0,6913.0,0,gross,D,as_1898,0,9545
1897,Canada,LEATHER,Gloves,,6943.0,6146.0,,0,gross,D,as_1899,1,9893
1897,Canada,LINEN,,,1533.0,1963.0,,0,gross,D,as_1897,0,9467
1897,Canada,LINEN,,,1523.0,,5627.0,0,mod,D,as_1899,1,10028
1897,Canada,LINEN,"Manufactures, including Manu-     factures of Linen mixed with     Cotton",,1523.0,,,0,gross,D,as_1898,0,9683
1897,Canada,LINEN,"Manufactures, including Manu-     factures of Linen mixed with     Cotton",,1533.0,1063.0,,0,gross,D,as_1898,0,9748
1897,Canada,LINEN,"Manufactures, including Manu- factures of Linen mixed with Cotton",,1523.0,,,0,gross,D,as_1897,0,9402
1897,Canada,LIQUORICE,,Cwts,1593.0,1063.0,3433.0,0,gross,D,as_1899,1,10093
1897,Canada,"MEAT, Preserved, otherwise than by Salting",,Cwts,711.0,23.0,3433.0,0,within5,D,as_1899,1,10627
1897,Canada,"MEAT, Unenumerated","MEAT, Preserved, otherwise than by Salting",,711.0,28.0,711.0,1,within5,C,as_1897,0,9940
1897,Canada,"MEAT, Unenumerated","MEAT, Preserved, otherwise than by Salting",,711.0,28.0,,0,within5,D,as_1898,0,10273
1897,Canada,"METAL: Leaf, not Gold","Unenumerated, Unwrought",Tons,872.0,8.0,,0,within5,D,as_1897,0,10179
1897,Canada,"METAL: Leaf, not Gold","Unenumerated, Unwrought",Tons,872.0,8.0,,0,exact01,B,as_1899,1,10881
1897,Canada,MUSICAL INSTRUMENTS,,Tuns,4536.0,3137.0,,0,gross,D,as_1897,0,10764
1897,Canada,MUSICAL INSTRUMENTS,,Tuns,54.0,14.0,,0,mod,D,as_1897,0,10919
1897,Canada,MUSICAL INSTRUMENTS,Palm,Cwts,549.0,760.0,540.0,0,exact01,D,as_1897,0,11024
1897,Canada,MUSICAL INSTRUMENTS,Seed,Tons,116.0,5.0,116.0,1,within5,C,as_1897,0,11118
1897,Newfoundland,MUSICAL INSTRUMENTS,Seed,Tons,774.0,20.0,774.0,1,within5,C,as_1897,0,11122
1897,Canada,MUSICAL INSTRUMENTS,Unenumerated,,4032.0,26688.0,4567.0,0,gross,D,as_1897,0,11520
1897,Canada,MUSICAL INSTRUMENTS,Unenumerated,,4127.0,,4567.0,0,within5,D,as_1897,0,11655
1897,Canada,OILS,Castor,Cwts,4536.0,3137.0,4536.0,1,gross,D,as_1899,1,11492
1897,Canada,OILS,"Chemical, Essential, or Per- fumed : Seed Cake of other Sorts",Tons,4092.0,26688.0,,0,exact01,B,as_1899,1,12233
1897,Canada,OILS,"Fish, Sperm or Head Matter",Tuns,4536.0,3137.0,,0,gross,D,as_1898,0,11148
1897,Canada,OILS,"Fish, Sperm or Head Matter",Tuns,549.0,14.0,,0,within5,D,as_1898,0,11313
1897,Canada,OILS,Olive,Tuns,540.0,14.0,540.0,1,exact01,A,as_1899,1,11656
1897,Canada,OILS,Palm,Cwts,549.0,560.0,549.0,1,exact01,A,as_1898,0,11418
1897,Canada,OILS,Palm,Cwts,549.0,560.0,549.0,1,exact01,A,as_1899,1,11761
1897,Canada,OILS,Seed,Tons,116.0,5.0,116.0,1,exact01,A,as_1898,0,11506
1897,Newfoundland,OILS,Seed,Tons,774.0,10.0,774.0,1,exact01,A,as_1898,0,11510
1897,Canada,OILS,Seed,Tons,116.0,5.0,116.0,1,exact01,A,as_1899,1,11850
1897,Newfoundland,OILS,Seed,Tons,774.0,20.0,774.0,1,exact01,A,as_1899,1,11854
1897,Canada,"ONIONS, Raw",,Bushels,4092.0,26688.0,,0,gross,D,as_1898,0,11870
1897,Canada,Other sorts,"Unenumerated, Unwrought",Tons,872.0,8.0,,0,mod,D,as_1898,0,10522
1897,Canada,"PAINTERS' Colours and Pigments, Unenumerated",,,4427.0,,711.0,0,exact01,D,as_1898,0,12005
1897,Canada,"PAINTERS' Colours and Pigments, Unenumerated",,,4427.0,,5627.0,0,exact01,D,as_1899,1,12369
1897,Canada,PAPER,Unprinted,,1289.0,505.0,1259.0,0,exact01,D,as_1897,0,11811
1897,Canada,PAPER,Unprinted,,206.0,822.0,1259.0,0,exact01,D,as_1897,0,11879
1897,Canada,PAPER,Unprinted,,1289.0,505.0,206.0,0,within5,D,as_1898,0,12152
1897,Canada,PAPER,Unprinted,,206.0,822.0,206.0,1,exact01,A,as_1898,0,12235
1897,Canada,PAPER,Unprinted,Cwts,1289.0,505.0,206.0,0,exact01,D,as_1899,1,12504
1897,Canada,"PAPER, Printed or Coated",Strawboard and Millboard,Cwts,206.0,822.0,,0,exact01,B,as_1899,1,12599
1897,Canada,PAPER-MAKING MATERIALS,Other Materials,Tons,837.0,6.0,,0,exact01,B,as_1898,0,12734
1897,Canada,PARAFFINE,,Cwts,837.0,6.0,,0,gross,D,as_1897,0,12380
1897,Canada,PARAFFINE,,Cwts,182.0,,,0,gross,D,as_1897,0,12480
1897,Canada,"PETROLEUM, Illuminating",,,837.0,6.0,5627.0,0,exact01,D,as_1899,1,13117
1897,Canada,RABBITS (dead),,Cwts,29654.0,92175.0,,0,mod,D,as_1897,0,13297
1897,Newfoundland,RABBITS (dead),,Cwts,1729.0,3778.0,,0,mod,D,as_1897,0,13302
1897,Canada,RICE,,Cwts,39034.0,92175.0,5627.0,0,exact01,D,as_1898,0,13525
1897,Newfoundland,RICE,,Cwts,1729.0,3778.0,,0,exact01,B,as_1898,0,13530
1897,Canada,RICE,,Cwts,39034.0,92175.0,3433.0,0,exact01,D,as_1899,1,13902
1897,Newfoundland,RICE,,Cwts,1729.0,3778.0,,0,exact01,B,as_1899,1,13907
1897,Canada,"SAGO, and Flour or Meal thereof",,Cwts,599.0,1327.0,,0,within5,D,as_1897,0,13416
1897,Canada,"SAGO, and Flour or Meal thereof",,Cwts,599.0,1327.0,5627.0,0,within5,D,as_1898,0,13644
1897,Canada,"SAGO, and Flour or Meal thereof",,Cwts,599.0,1327.0,3433.0,0,exact01,D,as_1899,1,14020
1897,Canada,"SAGO, and Flour or Meal thereof",,Cwts,1153.0,1060.0,3433.0,0,exact01,D,as_1899,1,14086
1897,Canada,SALTPETRE (Nitrate of Potash),,Cwts,1153.0,1060.0,,0,exact01,B,as_1897,0,13480
1897,Canada,SALTPETRE (Nitrate of Potash),,Cwts,1153.0,1060.0,5627.0,0,exact01,D,as_1898,0,13709
1897,Canada,"SAUCES or CONDIMENTS, Unenumerated","Garden, Unenumerated",Lbs,51.0,2620.0,51.0,1,within5,C,as_1898,0,14021
1897,Canada,"SAUCES or CONDIMENTS, Unenumerated",Rape,Quarters,54.0,2629.0,,0,within5,D,as_1897,0,13785
1897,Canada,"SAUCES or CONDIMENTS, Unenumerated","Unenumerated, Other Sorts",Cwts,1534.0,3374.0,1534.0,1,exact01,A,as_1898,0,14205
1897,Canada,SILK,"Broad Stuffs, Silk or Satin",Number,3559.0,,,0,mod,D,as_1897,0,14973
1897,Canada,SILK,Cinnamon,Lbs,2377.0,1543.0,,0,exact01,B,as_1897,0,15154
1897,Canada,SILK,Cinnamon,Lbs,7482.0,525200.0,,0,within5,D,as_1897,0,15304
1897,Canada,SILK,"Furs Unenumerated (including Rabbit Skins, prior to 1894)",Number,25997.0,299004.0,25077.0,0,within5,D,as_1897,0,14918
1897,Canada,SILK,"Furs, Rabbit Skins",Number,961.0,15284.0,291.0,0,exact01,D,as_1898,0,15272
1897,Canada,SILK,Ginger,Cwts,2377.0,1543.0,,0,within5,D,as_1898,0,15623
1897,Canada,SILK,"Manufactures of Silk, or of Silk mixed with other Materials, unenumerated",,6772.0,,6772.0,1,exact01,A,as_1897,0,14522
1897,Canada,SILK,"Manufactures of Silk, or of Silk mixed with other Materials, unenumerated",Number,14135.0,148526.0,,0,gross,D,as_1897,0,14605
1897,Canada,SILK,"Manufactures of Silk, or of Silk mixed with other Materials, unenumerated",Number,154.0,15530.0,,0,exact01,B,as_1897,0,14672
1897,Canada,SILK,"Manufactures of Silk, or of Silk mixed with other Materials, unenumerated",Number,2629.0,15230.0,,0,exact01,B,as_1897,0,14763
1897,Canada,SILK,"Manufactures of Silk, or of Silk mixed with other Materials, unenumerated",Number,1853.0,1094.0,,0,exact01,B,as_1897,0,14854
1897,Canada,SILK,"Manufactures of Silk, or of Silk mixed with other Materials, unenumerated",,6772.0,,6772.0,1,within5,C,as_1898,0,14955
1897,Canada,SILK,"Manufactures of Silk, or of Silk mixed with other Materials, unenumerated",Number,14158.0,148596.0,,0,exact01,B,as_1898,0,15060
1897,Canada,SILK,"Manufactures of Silk, or of Silk mixed with other Materials, unenumerated",Number,1964.0,15890.0,,0,exact01,B,as_1898,0,15125
1897,Canada,SILK,"Manufactures:—Broadstuffs, Silk and Satin",,62438.0,,62435.0,1,exact01,A,as_1897,0,14151
1897,Canada,SILK,"Manufactures:—Broadstuffs, Silk and Satin",,2217.0,,62435.0,0,exact01,D,as_1897,0,14215
1897,Canada,SILK,"Manufactures:—Broadstuffs, Silk and Satin",,51663.0,,62435.0,0,mod,D,as_1897,0,14331
1897,Newfoundland,SILK,"Manufactures:—Broadstuffs, Silk and Satin",,626.0,,626.0,1,mod,D,as_1897,0,14336
1897,Canada,SILK,"Manufactures:—Broadstuffs, Silk and Satin",,62438.0,,62438.0,1,exact01,A,as_1898,0,14571
1897,Canada,SILK,"Manufactures:—Broadstuffs, Silk and Satin",,2217.0,,62438.0,0,exact01,D,as_1898,0,14635
1897,Canada,SILK,"Manufactures:—Broadstuffs, Silk and Satin",,51663.0,,62438.0,0,mod,D,as_1898,0,14756
1897,Newfoundland,SILK,"Manufactures:—Broadstuffs, Silk and Satin",,626.0,,626.0,1,mod,D,as_1898,0,14761
1897,Canada,SILK,Pepper,Lbs,7482.0,525200.0,,0,within5,D,as_1898,0,15768
1897,Canada,SILK,Pepper,Lbs,4677.0,171500.0,,0,exact01,B,as_1898,0,15913
1897,Canada,SILK,Pepper,Lbs,923.0,2151.0,,0,mod,D,as_1898,0,16023
1897,Canada,SILK,Pepper,Lbs,1217.0,16776.0,,0,mod,D,as_1898,0,16264
1897,Canada,SILK,Pepper,Lbs,2292.0,5500.0,,0,within5,D,as_1898,0,16468
1897,Canada,SILK,Raw,Lbs,1095.0,,,0,gross,D,as_1899,1,14951
1897,Canada,SILK,Raw,Lbs,44.0,,,0,within5,D,as_1899,1,15010
1897,Canada,SILK,Raw,Lbs,51663.0,,,0,mod,D,as_1899,1,15122
1897,Newfoundland,SILK,Raw,Lbs,620.0,,,0,mod,D,as_1899,1,15127
1897,Canada,SILK,Raw,Lbs,102.0,,,0,within5,D,as_1899,1,15165
1897,Canada,SILK,Raw,Lbs,6772.0,,,0,within5,D,as_1899,1,15318
1897,Canada,SILK,"Ribbons, other kinds",,102.0,,102.0,1,mod,D,as_1897,0,14374
1897,Canada,SILK,"Ribbons, other kinds",,102.0,,102.0,1,mod,D,as_1898,0,14799
1897,Canada,SILK,Seal Skins,Number,1853.0,1094.0,,0,exact01,B,as_1898,0,15317
1897,Canada,SILK,Seal Skins,Number,25297.0,295401.0,,0,within5,D,as_1898,0,15382
1897,Canada,SILK,Seal Skins,Number,3859.0,,,0,exact01,B,as_1898,0,15437
1897,Canada,SILK,"Skins, Goat, Undressed",Number,14158.0,148526.0,14158.0,1,gross,D,as_1899,1,15417
1897,Canada,SILK,"Skins, Goat, Undressed : Sheep, Undressed",Number,1964.0,15890.0,1981.0,0,gross,D,as_1899,1,15482
1897,Canada,SILK,"Skins, Goat, Undressed : Unenumerated: Undressed",Number,2620.0,15230.0,,0,exact01,B,as_1899,1,15573
1897,Canada,SILK,"Skins, Goat, Undressed : Unenumerated: Undressed",Number,961.0,15092.0,,0,gross,D,as_1899,1,15629
1897,Canada,SILK,"Skins, Goat, Undressed : Unenumerated: Undressed",Number,1353.0,1094.0,,0,gross,D,as_1899,1,15674
1897,Canada,SILK,"Skins, Goat, Undressed : Unenumerated: Undressed",Number,25097.0,200004.0,,0,within5,D,as_1899,1,15738
1897,Canada,SILK,"Skins, Goat, Undressed : Unenumerated: Undressed",Number,3559.0,,,0,exact01,B,as_1899,1,15793
1897,Canada,SILK,"Skins, Goat, Undressed : Unenumerated: Undressed",Lbs,2377.0,2500.0,,0,gross,D,as_1899,1,15977
1897,Canada,SILK,"Skins, Goat, Undressed : Unenumerated: Undressed",Lbs,7482.0,525200.0,,0,mod,D,as_1899,1,16122
1897,Canada,SILK,"Skins, Goat, Undressed : Unenumerated: Undressed",Lbs,4677.0,171500.0,,0,exact01,B,as_1899,1,16267
1897,Canada,SILK,"Skins, in any way Dressed     (not Leather)",Number,2629.0,15229.0,2024.0,0,gross,D,as_1898,0,15215
1897,Canada,SILK,Unenumerated,Lbs,4677.0,171500.0,,0,within5,D,as_1897,0,15449
1897,Canada,SILK,"Unrefined, Beetroot : Cane and Other Sorts",Cwts,9732.0,18707.0,9732.0,1,gross,D,as_1898,0,16589
1897,Canada,SPIRITS,Rum,,2634.0,15069.0,,0,gross,D,as_1897,0,21051
1897,Newfoundland,SPIRITS,Rum,,509.0,8616.0,,0,gross,D,as_1897,0,21056
1897,Canada,SPIRITS,Rum,,640.0,1587.0,,0,exact01,B,as_1897,0,21220
1897,Canada,SPIRITS,Rum,,2664.0,15939.0,,0,within5,D,as_1899,1,21822
1897,Newfoundland,SPIRITS,Rum,,599.0,8646.0,,0,within5,D,as_1899,1,21827
1897,Canada,SPIRITS,Rum,,640.0,1687.0,,0,exact01,B,as_1899,1,21992
1897,Canada,"SPIRITS, Geneva",,Proof Gallons,8.0,180.0,,0,mod,D,as_1897,0,21285
1897,Canada,"SPIRITS, Geneva",,Proof Gallons,49.0,189.0,,0,exact01,B,as_1899,1,22056
1897,Canada,"SPIRITS, Geneva",Perfumed in Bond,Gallons,63167.0,1367706.0,,0,within5,D,as_1899,1,22781
1897,Newfoundland,"SPIRITS, Geneva",Perfumed in Bond,Gallons,12271.0,344213.0,,0,within5,D,as_1899,1,22786
1897,Canada,"SPIRITS, Geneva",Sweetened or Mixed (Tested),Proof Gallons,170.0,231.0,,0,within5,D,as_1899,1,22392
1897,Canada,"SPIRITS, Geneva",Sweetened or Mixed (Tested),Proof Gallons,392.0,135.0,,0,exact01,B,as_1899,1,22486
1897,Canada,"SPIRITS, Unenumerated","Liqueurs, Cordials, &c., not tested for ascertaining the Strength",Gallons,170.0,231.0,170.0,1,gross,D,as_1897,0,21634
1897,Canada,"SPIRITS, Unenumerated",Perfumed,Gallons,39.0,135.0,392.0,0,gross,D,as_1897,0,21728
1897,Canada,"SPIRITS, Unenumerated",Perfumed in Bond,Gallons,51575.0,1152520.0,,0,within5,D,as_1897,0,22038
1897,Newfoundland,"SPIRITS, Unenumerated",Perfumed in Bond,Gallons,2292.0,47528.0,,0,within5,D,as_1897,0,22043
1897,Canada,"SPIRITS, Unenumerated",Perfumed in Bond,Gallons,62481.0,1209679.0,,0,mod,D,as_1897,0,22203
1897,Newfoundland,"SPIRITS, Unenumerated",Perfumed in Bond,Gallons,8555.0,185215.0,,0,mod,D,as_1897,0,22208
1897,Canada,"SPIRITS, Unenumerated",of China,Lbs,53107.0,1207736.0,,0,mod,D,as_1897,0,22433
1897,Newfoundland,"SPIRITS, Unenumerated",of China,Lbs,12271.0,344213.0,,0,mod,D,as_1897,0,22438
1897,Canada,"SPIRITS, Unenumerated",of other Countries,Lbs,456.0,19815.0,,0,mod,D,as_1897,0,22557
1897,Newfoundland,"SPIRITS, Unenumerated",of other Countries,Lbs,60.0,1925.0,,0,mod,D,as_1897,0,22562
1897,Canada,SPONGE,,,923.0,2151.0,,0,within5,D,as_1897,0,15554
1897,Canada,SPONGE,,,1217.0,16776.0,,0,exact01,B,as_1897,0,15791
1897,Canada,SPONGE,,,3292.0,5530.0,,0,within5,D,as_1897,0,16001
1897,Canada,SPONGE,,,9732.0,18707.0,,0,gross,D,as_1897,0,16114
1897,Canada,SPONGE,,Lbs,923.0,2151.0,,0,within5,D,as_1899,1,16377
1897,Canada,STRAW PLATTING,For making Hats or Bonnets,,1217.0,16776.0,,0,exact01,B,as_1899,1,16617
1897,Canada,"SUGAR: Refined, or rendered by any process equal thereto, in lumps and loaves","Refined, Other Sorts, including Candy",Cwts,3292.0,5500.0,3202.0,0,exact01,D,as_1899,1,16820
1897,Canada,TALLOW and STEARINE,,Cwts,2526.0,811.0,3433.0,0,exact01,D,as_1899,1,17336
1897,Canada,TIN: Ore of,"In Blocks, Ingots, Bars or Slabs",Cwts,2526.0,811.0,2526.0,1,exact01,A,as_1897,0,16518
1897,Canada,TIN: Ore of,"In Blocks, Ingots, Bars or Slabs",Cwts,2526.0,811.0,2526.0,1,exact01,A,as_1898,0,16987
1897,Canada,TOBACCO,Imported in Casks,Gallons,3735.0,8799.0,2264.0,0,within5,D,as_1898,0,23615
1897,Canada,TOBACCO,Imported in Casks,Gallons,3735.0,8790.0,3735.0,1,exact01,A,as_1899,1,24378
1897,Canada,TOBACCO,"In Bottles, Sparkling Saumur",Gallons,6853.0,11682.0,6853.0,1,within5,C,as_1898,0,24421
1897,Newfoundland,TOBACCO,"In Bottles, Sparkling Saumur",Gallons,702.0,1049.0,702.0,1,within5,C,as_1898,0,24426
1897,Canada,TOBACCO,"Manufactured, other Sorts",,629.0,1003.0,,0,within5,D,as_1899,1,24148
1897,Canada,TOBACCO,Negrohead,,529.0,1662.0,,0,mod,D,as_1897,0,23473
1897,Canada,TOBACCO,Negrohead,,2156.0,4709.0,,0,within5,D,as_1897,0,23673
1897,Canada,TOBACCO,Negrohead,Gallons,1549.0,4981.0,,0,within5,D,as_1897,0,23928
1897,Canada,TOBACCO,Negrohead : Other Sorts,Lbs,529.0,1693.0,,0,mod,D,as_1898,0,23385
1897,Canada,TOBACCO,Total of Wine of all kinds,Gallons,6853.0,11652.0,6853.0,1,within5,C,as_1897,0,25366
1897,Newfoundland,TOBACCO,Total of Wine of all kinds,Gallons,702.0,1049.0,702.0,1,within5,C,as_1897,0,25371
1897,Canada,TOBACCO,"White, in Bottles, Sparkling Champagne",Gallons,2264.0,1474.0,,0,within5,D,as_1897,0,24451
1897,Newfoundland,TOBACCO,"White, in Bottles, Sparkling Champagne",Gallons,176.0,112.0,,0,within5,D,as_1897,0,24456
1897,Canada,TOBACCO,"White, in Bottles, Sparkling Saumur",Gallons,2457.0,5699.0,,0,gross,D,as_1897,0,24811
1897,Canada,TOBACCO,"White, in Bottles, Sparkling Saumur",Gallons,424.0,6592.0,,0,gross,D,as_1897,0,25081
1897,Newfoundland,TOBACCO,"White, in Bottles, Sparkling Saumur",Gallons,34.0,455.0,,0,gross,D,as_1897,0,25086
1897,Canada,TOBACCO,"in Bottles, Sparkling Champagne",Gallons,2264.0,1474.0,,0,within5,D,as_1898,0,24011
1897,Newfoundland,TOBACCO,"in Bottles, Sparkling Champagne",Gallons,176.0,112.0,,0,within5,D,as_1898,0,24016
1897,Canada,TOBACCO,"in Bottles, Sparkling Champagne",Gallons,2264.0,1474.0,,0,within5,D,as_1899,1,24774
1897,Newfoundland,TOBACCO,"in Bottles, Sparkling Champagne",Gallons,176.0,112.0,,0,within5,D,as_1899,1,24779
1897,Canada,TOTAL,,Lbs,167544.0,3588140.0,,0,within5,D,as_1897,0,22787
1897,Newfoundland,TOTAL,,Lbs,21250.0,578281.0,,0,within5,D,as_1897,0,22792
1897,Canada,TOYS,,,807.0,,,0,within5,D,as_1897,0,16707
1897,Canada,TOYS,,,807.0,,711.0,0,within5,D,as_1898,0,17155
1897,Canada,TOYS,,,807.0,,5627.0,0,mod,D,as_1899,1,17466
1897,Canada,Tea: of British East India,,Lbs,51975.0,1132850.0,,0,exact01,B,as_1899,1,22941
1897,Newfoundland,Tea: of British East India,,Lbs,2362.0,47328.0,,0,exact01,B,as_1899,1,22946
1897,Canada,Tea: of British East India,Total,Lbs,167700.0,3888140.0,167700.0,1,exact01,A,as_1899,1,23465
1897,Newfoundland,Tea: of British East India,Total,Lbs,23250.0,578381.0,23250.0,1,exact01,A,as_1899,1,23470
1897,Canada,Tea: of British East India,of Ceylon,Lbs,62105.0,1376679.0,,0,exact01,B,as_1899,1,23106
1897,Newfoundland,Tea: of British East India,of Ceylon,Lbs,8557.0,185215.0,,0,exact01,B,as_1899,1,23111
1897,Canada,Tea: of British East India,of other Countries,Lbs,456.0,10815.0,456.0,1,within5,C,as_1899,1,23235
1897,Newfoundland,Tea: of British East India,of other Countries,Lbs,60.0,1625.0,60.0,1,within5,C,as_1899,1,23240
1897,Canada,Total of Wine of all kinds,,Gallons,6853.0,11682.0,,0,within5,D,as_1899,1,25174
1897,Newfoundland,Total of Wine of all kinds,,Gallons,702.0,1049.0,,0,within5,D,as_1899,1,25179
1897,Canada,"Unrefined, Beetroot",Cane and Other Sorts,Cwts,9732.0,18707.0,,0,gross,D,as_1899,1,16942
1897,Canada,"VEGETABLES, Raw, unenumerated",,,897.0,,5627.0,0,exact01,D,as_1899,1,17577
1897,Canada,WOOD and TIMBER,"For fancy purposes, including Berlin Wool and Zephyr Yarn",Lbs,1696.0,21820.0,154.0,0,gross,D,as_1897,0,17935
1897,Canada,WOOD and TIMBER,"For fancy purposes, including Berlin Wool and Zephyr Yarn",Lbs,1696.0,21820.0,1696.0,1,gross,D,as_1898,0,18199
1897,Canada,WOOD and TIMBER,"For fancy purposes, including Berlin Wool and Zephyr Yarn : For Weaving, mixed or not with Silk",Lbs,938.0,10600.0,938.0,1,exact01,A,as_1897,0,17977
1897,Canada,WOOD and TIMBER,"For fancy purposes, including Berlin Wool and Zephyr Yarn : For Weaving, mixed or not with Silk",Lbs,938.0,10600.0,938.0,1,gross,D,as_1898,0,18240
1897,Canada,WOOD and TIMBER,"For fancy purposes, including Berlin Wool and Zephyr Yarn : For Weaving, mixed or not with Silk",Lbs,76.0,2.0,938.0,0,gross,D,as_1898,0,18298
1897,Canada,WOOD and TIMBER,"For fancy purposes, including Berlin Wool and Zephyr Yarn : Of Wool other than Goats', or of Wool mixed with Cotton: Cloths",Yards,4997.0,26700.0,4927.0,0,exact01,D,as_1897,0,18144
1897,Canada,WOOD and TIMBER,"For fancy purposes, including Berlin Wool and Zephyr Yarn : Of Wool other than Goats', or of Wool mixed with Cotton: Cloths",Yards,4997.0,30700.0,4907.0,0,exact01,D,as_1898,0,18398
1897,Canada,WOOD and TIMBER,"For fancy purposes, including Berlin Wool and Zephyr Yarn : Unenumerated",Lbs,76.0,2.0,76.0,1,gross,D,as_1897,0,18035
1897,Canada,WOOD and TIMBER,"House Frames, Fittings, Joiners' and Cabinet Work",,123.0,,123.0,1,within5,C,as_1898,0,17905
1897,Canada,WOOD and TIMBER,Mahogany,Tons,123.0,,,0,gross,D,as_1899,1,18517
1897,Canada,WOOD and TIMBER,Sheep or Lambs',Lbs,22.0,2074500.0,23225.0,0,exact01,D,as_1897,0,17835
1897,Canada,WOOD and TIMBER,Sheep or Lambs',Lbs,63627.0,2074500.0,63027.0,0,within5,D,as_1898,0,18103
1897,Canada,WOOD and TIMBER,Sheep or Lambs',Lbs,63027.0,2074500.0,63027.0,1,exact01,A,as_1899,1,18735
1897,Canada,WOOD and TIMBER,Stuffs,Yards,34873.0,712621.0,34573.0,0,within5,D,as_1897,0,18299
1897,Newfoundland,WOOD and TIMBER,Stuffs,Yards,221.0,3300.0,251.0,0,within5,D,as_1897,0,18304
1897,Canada,WOOD and TIMBER,Stuffs,Yards,34873.0,712621.0,34873.0,1,exact01,A,as_1898,0,18558
1897,Canada,WOOD and TIMBER,Unenumerated,,17576.0,,4567.0,0,within5,D,as_1897,0,18479
1897,Canada,WOOLLEN MANUFACTURES,Carpets and Rugs,Woollen Manufactures,17876.0,,,0,mod,D,as_1898,0,18728
1897,Canada,WOOLLEN MANUFACTURES,"Manufactures of, Unenumerated",Cwts,1716.0,1563.0,1716.0,1,within5,C,as_1898,0,18878
1897,Canada,WOOLLEN YARN,Carpets and Rugs,Woollen Manufactures,17876.0,,,0,mod,D,as_1899,1,19366
1897,Canada,WOOLLEN YARN,"For fancy purposes, including Berlin Wool and Zephyr Yarn",Lbs,1696.0,21820.0,1606.0,0,gross,D,as_1899,1,18829
1897,Canada,WOOLLEN YARN,"For fancy purposes, including Berlin Wool and Zephyr Yarn : For Weaving, mixed or not with Silk",Lbs,938.0,10900.0,,0,gross,D,as_1899,1,18870
1897,Canada,WOOLLEN YARN,"For fancy purposes, including Berlin Wool and Zephyr Yarn : For Weaving, mixed or not with Silk",Lbs,76.0,2.0,,0,gross,D,as_1899,1,18930
1897,Canada,WOOLLEN YARN,"For fancy purposes, including Berlin Wool and Zephyr Yarn : For Weaving, mixed or not with Silk",Lbs,4997.0,33700.0,,0,exact01,B,as_1899,1,19029
1897,Canada,WOOLLEN YARN,"For fancy purposes, including Berlin Wool and Zephyr Yarn : For Weaving, mixed or not with Silk",Lbs,34873.0,712621.0,,0,within5,D,as_1899,1,19189
1897,Canada,ZINC,"Manufactures of, Unenumerated",Cwts,1716.0,1563.0,1726.0,0,mod,D,as_1897,0,18639
1897,Canada,ZINC: Ore of,"Manufactures of, Unenumerated",Cwts,1716.0,1563.0,1716.0,1,exact01,A,as_1899,1,19518
1898,Canada,"ARMS: Swords, Cutlasses, Matchets, and Bayonets","Muskets, Rifles, Carbines, Fowling-pieces, or Guns of any other sort unenumerated, and parts thereof, and Pistols",Muskets,99.0,,,0,gross,D,as_1898,0,169
1898,Canada,"ARMS: Swords, Cutlasses, Matchets, and Bayonets","Muskets, Rifles, Carbines, Fowling-pieces, or Guns of any other sort unenumerated, and parts thereof, and Pistols",Muskets,1061.0,285.0,,0,gross,D,as_1898,0,214
1898,Canada,BEADS OF ALL SORTS,,Lbs,649.0,13790.0,,0,exact01,B,as_1898,0,408
1898,Canada,BEADS OF ALL SORTS,,Lbs,649.0,13790.0,,0,exact01,B,as_1899,1,583
1898,Canada,BOOKS,,,4639.0,563.0,413.0,0,exact01,D,as_1898,0,647
1898,Canada,"BOOKS, bound and unbound, including Maps and Charts",,Cwts,4630.0,503.0,1167.0,0,within5,D,as_1899,1,821
1898,Canada,BRISTLES,,Lbs,6082.0,34935.0,,0,exact01,B,as_1898,0,874
1898,Canada,BRISTLES,,Lbs,6082.0,34935.0,,0,exact01,B,as_1899,1,1049
1898,Canada,BUTTER,MARGARINE (including all kinds of Artificial or Imitation Butter),Cwts,537.0,5051.0,,0,within5,D,as_1898,0,1101
1898,Canada,"BUTTONS AND STUDS, not of Metal",,Gross,537.0,5651.0,,0,within5,D,as_1899,1,1274
1898,Canada,CAOUTCHOU,,Cwts,1167.0,103.0,2673.0,0,gross,D,as_1898,0,1313
1898,Canada,CAOUTCHOU,,Cwts,1167.0,103.0,1167.0,1,within5,C,as_1899,1,1484
1898,Canada,CAOUTCHOU,Manufactures of,Lbs,9185.0,,,0,within5,D,as_1899,1,1825
1898,Canada,CAOUTCHOU,Manufactures of,Lbs,2343.0,697.0,,0,exact01,B,as_1899,1,1890
1898,Canada,"CHEMICAL MANUFACTURES AND PRODUCTS, not enumerated",,,9185.0,,413.0,0,exact01,D,as_1898,0,1652
1898,Newfoundland,CHICORY,"Roasted and Ground, Mixed",,4.0,106.0,,0,exact01,B,as_1898,0,19635
1898,Canada,CHICORY,"Roasted and Ground, Mixed",,2979.0,61866.0,,0,mod,D,as_1898,0,19871
1898,Newfoundland,CHICORY,"Roasted and Ground, Mixed",,4.0,106.0,,0,exact01,B,as_1899,1,20243
1898,Canada,CHICORY,"Roasted and Ground, Mixed",,2620.0,61866.0,,0,exact01,B,as_1899,1,20459
1898,Canada,CHICORY,"or CHOCOLATE, Ground, Pre- pared, or in any way Manu- factured",Lbs,89.0,8144.0,,0,exact01,B,as_1898,0,20024
1898,Newfoundland,CHICORY,"or CHOCOLATE, Ground, Pre- pared, or in any way Manu- factured",Lbs,351.0,2522.0,,0,exact01,B,as_1898,0,20029
1898,Canada,CHICORY,"or CHOCOLATE, Ground, Pre- pared, or in any way Manu- factured",Lbs,899.0,8144.0,,0,within5,D,as_1899,1,20611
1898,Newfoundland,CHICORY,"or CHOCOLATE, Ground, Pre- pared, or in any way Manu- factured",Lbs,351.0,2522.0,,0,within5,D,as_1899,1,20616
1898,Canada,CHICORY,"or CHOCOLATE, in the manu- facture of which Spirit has been used",Cwts,10500.0,2691.0,,0,mod,D,as_1898,0,20232
1898,Newfoundland,CHICORY,"or CHOCOLATE, in the manu- facture of which Spirit has been used",Cwts,410.0,125.0,,0,mod,D,as_1898,0,20237
1898,Canada,CHICORY,"or CHOCOLATE, in the manufacture of which Spirit has been used",Lbs,10500.0,2691.0,,0,exact01,B,as_1899,1,20820
1898,Newfoundland,CHICORY,"or CHOCOLATE, in the manufacture of which Spirit has been used",Lbs,440.0,125.0,,0,exact01,B,as_1899,1,20825
1898,Canada,"CHINA OR PORCELAIN, AND EARTHENWARE",,Cwts,,525.0,2673.0,0,none,X,as_1898,0,1716
1898,Canada,"CLOCKS, and parts thereof",,,1051.0,,413.0,0,mod,D,as_1898,0,1787
1898,Canada,"CLOCKS, and parts thereof",,,1329.0,,2873.0,0,exact01,D,as_1899,1,1952
1898,Canada,"COPPER, Ore of",Manufactured,,2358.0,45473.0,,0,within5,D,as_1899,1,2521
1898,Newfoundland,"COPPER, Ore of","Manufactures of, not otherwise enumerated or described, including Copper plates engraved",Cordage,2560.0,,2560.0,1,gross,D,as_1899,1,2344
1898,Canada,"COPPER, Ore of",Unmanufactured,Tons,34.0,4.0,34.0,1,exact01,A,as_1899,1,2408
1898,Newfoundland,"CORDAGE CABLES (not of iron), Twine, and Cable Yarn",,,335.0,,,0,mod,D,as_1898,0,2202
1898,Canada,CORK,Manufactured,Lbs,2858.0,45473.0,2558.0,0,within5,D,as_1898,0,2373
1898,Canada,CORK,Unmanufactured,Tons,34.0,4.0,34.0,1,exact01,A,as_1898,0,2260
1898,Canada,"CORN ; Grain, Meal, and Flour",Wheat Meal or Flour,Cwts,2333.0,3010.0,2831.0,0,within5,D,as_1898,0,2873
1898,Canada,"CORN; Grain, Meal, and Flour—cont.",Raw,Cwts,3934.0,1557.0,3034.0,0,within5,D,as_1899,1,3263
1898,Canada,"CORN; Grain, Meal, and Flour—cont.",Wheat Meal or Flour,Cwts,2333.0,3010.0,2333.0,1,within5,C,as_1899,1,3027
1898,Canada,COTTON,Raw,,3931.0,1587.0,3931.0,1,exact01,A,as_1898,0,3103
1898,Canada,COTTON MANUFACTURES,,,9470.0,,413.0,0,exact01,D,as_1898,0,3628
1898,Canada,COTTON MANUFACTURES,,,9470.0,,2873.0,0,exact01,D,as_1899,1,3783
1898,Canada,COTTON MANUFACTURES,"Hosiery, of all sorts",,7537.0,,7537.0,1,exact01,A,as_1898,0,3491
1898,Canada,COTTON MANUFACTURES,"Hosiery, of all sorts",,7537.0,,,0,within5,D,as_1899,1,3645
1898,Canada,COTTON MANUFACTURES,"Piece Goods, other than Muslins",Yards,6120.0,201400.0,6120.0,1,exact01,A,as_1898,0,3412
1898,Canada,COTTON MANUFACTURES,"Piece Goods, other than Muslins",Yards,6120.0,294400.0,6120.0,1,exact01,A,as_1899,1,3571
1898,Canada,Cotton,"Garden, Unenumerated",Lbs,823.0,45502.0,828.0,0,within5,D,as_1899,1,14397
1898,Canada,Cotton,"Unenumerated, Other Sorts",Cwts,1025.0,2444.0,1025.0,1,exact01,A,as_1899,1,14581
1898,Canada,DRUGS,Opium,Lbs,2131.0,4817.0,451.0,0,gross,D,as_1899,1,3904
1898,Canada,DRUGS,"Unenumerated, including Medicinal Preparations",,3570.0,,3970.0,0,within5,D,as_1898,0,3885
1898,Canada,DRUGS,"Unenumerated, including Medicinal Preparations not liable to Duty",,3970.0,,,0,exact01,B,as_1899,1,4043
1898,Canada,"DYE STUFFS (other than Dye Woods), and Substances used in Tanning or Dyeing",Cutch and Gambier,Tons,2250.0,81.0,2250.0,1,exact01,A,as_1898,0,4043
1898,Canada,"DYE STUFFS (other than Dye Woods), and Substances used in Tanning or Dyeing",Cutch and Gambier,Tons,2250.0,81.0,,0,exact01,B,as_1899,1,4201
1898,Canada,"DYE STUFFS (other than Dye Woods), and Substances used in Tanning or Dyeing","Dyes obtained from Coal Tar,     viz. :—Aniline",,1716.0,,,0,exact01,B,as_1898,0,4090
1898,Canada,"DYE STUFFS (other than Dye Woods), and Substances used in Tanning or Dyeing","Dyes obtained from Coal Tar, viz.:—Aniline",,1718.0,,,0,exact01,B,as_1899,1,4248
1898,Canada,EGGS,,Gt. hundreds,,,,0,none,X,as_1898,0,4669
1898,Canada,EGGS,,Gt. hundreds,,,,0,none,X,as_1898,0,4779
1898,Canada,EGGS,Ornamental,Lbs,1009.0,3854.0,1009.0,1,within5,C,as_1898,0,4879
1898,Canada,EMBROIDERY AND NEEDLEWORK,,,22808.0,,2873.0,0,exact01,D,as_1899,1,4844
1898,Canada,EMBROIDERY AND NEEDLEWORK,,,5466.0,,2873.0,0,exact01,D,as_1899,1,4954
1898,Canada,EMBROIDERY AND NEEDLEWORK,,,1009.0,3854.0,2873.0,0,within5,D,as_1899,1,5054
1898,Canada,FISH,,Cwts,7257.0,2353.0,2673.0,0,within5,D,as_1898,0,5069
1898,Canada,FISH,,Cwts,7357.0,2353.0,1167.0,0,within5,D,as_1899,1,5239
1898,Canada,FISH,"Cured or Salted, unenumerated",Cwts,376.0,136.0,,0,exact01,B,as_1898,0,5254
1898,Canada,FISH,"Cured or Salted, unenumerated",Cwts,376.0,136.0,,0,exact01,B,as_1899,1,5424
1898,Canada,"FLOWERS, Artificial",,,6290.0,,413.0,0,gross,D,as_1898,0,5387
1898,Canada,"FLOWERS, Artificial",,,6200.0,,2873.0,0,gross,D,as_1899,1,5554
1898,Canada,FRUIT,,,2311.0,5817.0,413.0,0,within5,D,as_1898,0,5915
1898,Canada,FRUIT,Brandy,,934.0,1635.0,,0,exact01,B,as_1898,0,21408
1898,Canada,FRUIT,Currants,,815.0,973.0,,0,exact01,B,as_1898,0,20565
1898,Newfoundland,FRUIT,Currants,,2272.0,2347.0,,0,exact01,B,as_1898,0,20570
1898,Canada,FRUIT,Currants,,815.0,973.0,,0,exact01,B,as_1899,1,21149
1898,Newfoundland,FRUIT,Currants,,2272.0,2347.0,,0,exact01,B,as_1899,1,21154
1898,Canada,FRUIT,Figs and Fig Cake,Cwts,28.0,8.0,,0,gross,D,as_1898,0,20650
1898,Canada,FRUIT,Figs and Fig-Cake,Cwts,28.0,8.0,,0,gross,D,as_1899,1,21234
1898,Canada,FRUIT,"Liqueurs, Cordials, &c., not   tested for ascertaining the   Strength",Gallons,517.0,454.0,517.0,1,gross,D,as_1898,0,21598
1898,Canada,FRUIT,Perfumed,Gallons,445.0,216.0,30692.0,0,exact01,D,as_1898,0,21693
1898,Canada,FRUIT,Perfumed in Bond,Gallons,39692.0,891687.0,,0,mod,D,as_1898,0,22028
1898,Newfoundland,FRUIT,Perfumed in Bond,Gallons,11439.0,317477.0,,0,mod,D,as_1898,0,22033
1898,Canada,FRUIT,"Preserved without sugar,     other than Dried",Lbs,457.0,24373.0,457.0,1,exact01,A,as_1899,1,6139
1898,Canada,FRUIT,"Preserved without sugar, other than Dried",Lbs,457.0,24373.0,457.0,1,exact01,A,as_1898,0,5975
1898,Canada,FRUIT,Raisins,Cwts,1599.0,1457.0,,0,exact01,B,as_1898,0,20978
1898,Newfoundland,FRUIT,Raisins,Cwts,1418.0,1061.0,,0,exact01,B,as_1898,0,20983
1898,Canada,FRUIT,Raisins,Cwts,1599.0,1457.0,1590.0,0,within5,D,as_1899,1,21562
1898,Newfoundland,FRUIT,Raisins,Cwts,1418.0,1061.0,1418.0,1,within5,C,as_1899,1,21567
1898,Canada,FRUIT,Rum,Proof Gallons,4603.0,35736.0,934.0,0,within5,D,as_1898,0,21239
1898,Newfoundland,FRUIT,Rum,Proof Gallons,1141.0,13623.0,1141.0,1,within5,C,as_1898,0,21244
1898,Canada,FRUIT,Tea: of British East India,Lbs,60720.0,1459183.0,,0,exact01,B,as_1898,0,22188
1898,Newfoundland,FRUIT,Tea: of British East India,Lbs,2260.0,47014.0,,0,exact01,B,as_1898,0,22193
1898,Canada,FRUIT,"Unenumerated, Dried",Cwts,2314.0,3817.0,2314.0,1,exact01,A,as_1899,1,6079
1898,Canada,FRUIT,of Ceylon,Lbs,75133.0,1865450.0,,0,within5,D,as_1898,0,22353
1898,Newfoundland,FRUIT,of Ceylon,Lbs,9069.0,200380.0,,0,within5,D,as_1898,0,22358
1898,Canada,FRUIT,of Ceylon,Lbs,4144.0,109224.0,,0,exact01,B,as_1898,0,22482
1898,Newfoundland,FRUIT,of Ceylon,Lbs,507.0,13018.0,,0,exact01,B,as_1898,0,22487
1898,Canada,FRUIT,of Ceylon,Lbs,170929.0,4238144.0,,0,within5,D,as_1898,0,22707
1898,Newfoundland,FRUIT,of Ceylon,Lbs,23275.0,578489.0,,0,within5,D,as_1898,0,22712
1898,Canada,FRUIT,served in Sugar,Cwts,1941.0,900.0,,0,gross,D,as_1898,0,6060
1898,Canada,"FRUIT, Almonds",,Cwts,6060.0,1910.0,2673.0,0,gross,D,as_1898,0,5467
1898,Canada,"FRUIT, Almonds",,Cwts,6060.0,1910.0,1167.0,0,gross,D,as_1899,1,5634
1898,Canada,"FRUIT, Almonds","Grapes, Raw",Bushels,5352.0,8526.0,5332.0,0,exact01,D,as_1898,0,5578
1898,Newfoundland,"FRUIT, Almonds","Grapes, Raw",Bushels,553.0,814.0,533.0,0,exact01,D,as_1898,0,5583
1898,Canada,"FRUIT, Almonds","Grapes, Raw",Bushels,5352.0,8526.0,5352.0,1,within5,C,as_1899,1,5744
1898,Newfoundland,"FRUIT, Almonds","Grapes, Raw",Bushels,653.0,814.0,553.0,0,within5,D,as_1899,1,5749
1898,Canada,"FRUIT, Almonds",Lemons,Bushels,2244.0,7212.0,2241.0,0,gross,D,as_1898,0,5638
1898,Canada,"FRUIT, Almonds",Lemons,Bushels,2244.0,7212.0,2244.0,1,gross,D,as_1899,1,5804
1898,Canada,"FRUIT, Almonds","Nuts, used as Fruit",,1972.0,,1972.0,1,exact01,A,as_1898,0,5698
1898,Canada,"FRUIT, Almonds","Nuts, used as Fruit",,1972.0,,1072.0,0,gross,D,as_1899,1,5864
1898,Canada,"FRUIT, Almonds",Oranges,,17063.0,70114.0,,0,exact01,B,as_1898,0,5773
1898,Newfoundland,"FRUIT, Almonds",Oranges,,939.0,2896.0,,0,exact01,B,as_1898,0,5778
1898,Canada,"FRUIT, Almonds",Oranges,,17063.0,70114.0,,0,exact01,B,as_1899,1,5939
1898,Newfoundland,"FRUIT, Almonds",Oranges,,939.0,2896.0,,0,exact01,B,as_1899,1,5944
1898,Canada,"FRUITS and VEGETABLES, Pre- served in Sugar",,Cwts,1041.0,900.0,1167.0,0,within5,D,as_1899,1,6224
1898,Canada,"GLASS, Window and German Sheet, including Shades and Cylinders",,Cwts,1249.0,2720.0,2673.0,0,mod,D,as_1898,0,6165
1898,Canada,"GLASS, Window and German Sheet, including Shades and Cylinders",,Cwts,1249.0,2729.0,1167.0,0,mod,D,as_1899,1,6328
1898,Canada,"GLASS, Window and German Sheet, including Shades and Cylinders","Lac, Seed, Shell, Stick, and Dye",Cwts,305.0,121.0,2445.0,0,gross,D,as_1898,0,6532
1898,Canada,"GLASS, Window and German Sheet, including Shades and Cylinders","Lac, Seed, Shell, Stick, and Dye",Cwts,2445.0,695.0,2445.0,1,exact01,A,as_1898,0,6622
1898,Canada,"GOODS UNENUMERATED, Unmanufactured",,,2055.0,,413.0,0,within5,D,as_1898,0,19038
1898,Canada,"GOODS UNENUMERATED, Unmanufactured",,Goods,2055.0,,,0,within5,D,as_1899,1,19669
1898,Canada,"GOODS UNENUMERATED, Unmanufactured",,Goods,67750.0,,,0,exact01,B,as_1899,1,19995
1898,Newfoundland,"GOODS UNENUMERATED, Unmanufactured",,Goods,226.0,,,0,exact01,B,as_1899,1,20000
1898,Canada,"GUM, Arabic",Kowrie,Cwts,305.0,121.0,,0,gross,D,as_1899,1,6694
1898,Canada,"GUM, Arabic","Lac, Seed, Shell, Stick, and Dye",Cwts,2445.0,695.0,,0,exact01,B,as_1899,1,6783
1898,Canada,HAMS,Dressed or Undressed,Tons,87456.0,3553.0,87456.0,1,exact01,A,as_1899,1,7463
1898,Newfoundland,HAMS,Dressed or Undressed,Tons,2275.0,101.0,2275.0,1,exact01,A,as_1899,1,7468
1898,Canada,HAMS,Dressed or Undressed,Tons,409.0,30.0,87456.0,0,exact01,D,as_1899,1,7551
1898,Canada,HAMS,Dressed or Undressed,Cwts,22832.0,7433.0,,0,exact01,B,as_1899,1,7666
1898,Canada,HAMS,Dressed or Undressed,Cwts,8431.0,3997.0,,0,gross,D,as_1899,1,7756
1898,Canada,HAMS,Dressed or Undressed,Cwts,21.0,14.0,,0,exact01,B,as_1899,1,7851
1898,Canada,HEMP,Dressed or Undressed,Tons,87456.0,3553.0,87456.0,1,within5,C,as_1898,0,7281
1898,Newfoundland,HEMP,Dressed or Undressed,Tons,2575.0,101.0,2575.0,1,within5,C,as_1898,0,7286
1898,Canada,HEMP,Dressed or Undressed,Tons,469.0,20.0,87456.0,0,within5,D,as_1898,0,7372
1898,Canada,HEMP,Dressed or Undressed,Cwts,22832.0,7433.0,,0,within5,D,as_1898,0,7487
1898,Canada,HEMP,Dressed or Undressed,Cwts,8432.0,3997.0,,0,gross,D,as_1898,0,7576
1898,Canada,HEMP,Dressed or Undressed,Cwts,21.0,14.0,,0,mod,D,as_1898,0,7681
1898,Canada,IRON,"Bar, Angle, Bolt, and Rod",Tons,2693.0,322.0,2693.0,1,exact01,A,as_1899,1,8082
1898,Canada,IRON,Cycles and parts     thereof : Machinery,,3053.0,,,0,within5,D,as_1899,1,8459
1898,Canada,IRON,"Manufactures of Iron or Steel, Unenumerated",Cwts,2236.0,3111.0,2236.0,1,within5,C,as_1898,0,8501
1898,Newfoundland,IRON,"Manufactures of Iron or Steel, Unenumerated",Cwts,489.0,761.0,489.0,1,within5,C,as_1898,0,8506
1898,Canada,IRON,Tyres and Axles : Machinery,,3953.0,,3053.0,0,mod,D,as_1898,0,8253
1898,Canada,IRON: Ore of (including Chrome),"Bar, Angle, Bolt, and Rod",Tons,2693.0,322.0,,0,exact01,B,as_1898,0,7912
1898,Canada,"Iron:—Manufactures of Iron or Steel, Unenumerated",,Cwts,2236.0,3111.0,1167.0,0,within5,D,as_1899,1,8709
1898,Newfoundland,"Iron:—Manufactures of Iron or Steel, Unenumerated",,Cwts,469.0,764.0,,0,within5,D,as_1899,1,8714
1898,Canada,JUTE,"Manufactures of, including Piece Goods, Sacks, and Bags",,2744.0,,11779.0,0,gross,D,as_1898,0,8826
1898,Canada,JUTE YARN,"Manufactures of, including Piece Goods, Sacks, and Bags",,2744.0,,,0,within5,D,as_1899,1,9064
1898,Canada,"LACE, and Articles thereof",Of Cotton,,29944.0,,29944.0,1,mod,D,as_1899,1,9224
1898,Canada,"LACE, and Articles thereof",Of Silk,,7642.0,,7642.0,1,exact01,A,as_1899,1,9129
1898,Canada,"LEAD, Pig and Sheet",,Tons,1308.0,99.0,,0,exact01,B,as_1898,0,9148
1898,Canada,"LEAD, Pig and Sheet",,Tons,1308.0,99.0,,0,exact01,B,as_1899,1,9495
1898,Canada,LEATHER,,Cwts,2673.0,379.0,2673.0,1,mod,D,as_1898,0,9376
1898,Canada,LEATHER,,Cwts,2873.0,379.0,1167.0,0,exact01,D,as_1899,1,9724
1898,Canada,LEATHER,Gloves,Dozen Pairs,14756.0,13914.0,14756.0,1,gross,D,as_1898,0,9546
1898,Canada,LEATHER,Gloves,,14756.0,13914.0,,0,gross,D,as_1899,1,9894
1898,Canada,LINEN,,,2417.0,,2873.0,0,within5,D,as_1899,1,10029
1898,Canada,LINEN,"Manufactures, including Manu-     factures of Linen mixed with     Cotton",,2417.0,,,0,gross,D,as_1898,0,9684
1898,Canada,LINEN,"Manufactures, including Manu-     factures of Linen mixed with     Cotton",,825.0,425.0,,0,gross,D,as_1898,0,9749
1898,Canada,LIQUORICE,,Cwts,825.0,428.0,1167.0,0,gross,D,as_1899,1,10094
1898,Canada,"MEAT, Preserved, otherwise than by Salting",,Cwts,413.0,122.0,1167.0,0,within5,D,as_1899,1,10628
1898,Canada,"MEAT, Unenumerated","MEAT, Preserved, otherwise than by Salting",,413.0,122.0,,0,exact01,B,as_1898,0,10274
1898,Canada,"METAL: Leaf, not Gold","Unenumerated, Unwrought",Tons,1021.0,8.0,,0,exact01,B,as_1899,1,10882
1898,Canada,OILS,Castor,Cwts,4683.0,3239.0,1683.0,0,gross,D,as_1899,1,11493
1898,Canada,OILS,"Chemical, Essential, or Per- fumed : Seed Cake of other Sorts",Tons,3756.0,26885.0,,0,exact01,B,as_1899,1,12234
1898,Canada,OILS,"Fish, Sperm or Head Matter",Tuns,4583.0,3239.0,,0,gross,D,as_1898,0,11149
1898,Canada,OILS,"Fish, Sperm or Head Matter",Tuns,755.0,16.0,,0,mod,D,as_1898,0,11314
1898,Canada,OILS,Olive,Tuns,720.0,16.0,720.0,1,exact01,A,as_1899,1,11657
1898,Canada,OILS,Palm,Cwts,837.0,592.0,587.0,0,exact01,D,as_1898,0,11419
1898,Canada,OILS,Palm,Cwts,837.0,892.0,837.0,1,exact01,A,as_1899,1,11762
1898,Newfoundland,OILS,Seed,Tons,574.0,18.0,574.0,1,exact01,A,as_1898,0,11511
1898,Newfoundland,OILS,Seed,Tons,574.0,18.0,574.0,1,exact01,A,as_1899,1,11855
1898,Canada,"ONIONS, Raw",,Bushels,3756.0,26835.0,,0,gross,D,as_1898,0,11871
1898,Canada,Other sorts,"Unenumerated, Unwrought",Tons,1021.0,8.0,,0,within5,D,as_1898,0,10523
1898,Canada,"PAINTERS' Colours and Pigments, Unenumerated",,,7142.0,,413.0,0,exact01,D,as_1898,0,12006
1898,Canada,"PAINTERS' Colours and Pigments, Unenumerated",,,7142.0,,2873.0,0,exact01,D,as_1899,1,12370
1898,Canada,PAPER,Unprinted,,877.0,479.0,282.0,0,exact01,D,as_1898,0,12153
1898,Canada,PAPER,Unprinted,,282.0,917.0,282.0,1,within5,C,as_1898,0,12236
1898,Canada,PAPER,Unprinted,Cwts,877.0,479.0,282.0,0,within5,D,as_1899,1,12505
1898,Canada,"PAPER, Printed or Coated",Strawboard and Millboard,Cwts,282.0,917.0,,0,exact01,B,as_1899,1,12600
1898,Canada,PAPER-MAKING MATERIALS,Other Materials,Tons,3534.0,38.0,,0,within5,D,as_1898,0,12735
1898,Canada,"PETROLEUM, Illuminating",,,3524.0,38.0,2873.0,0,exact01,D,as_1899,1,13118
1898,Canada,RICE,,Cwts,25529.0,58493.0,2673.0,0,exact01,D,as_1898,0,13526
1898,Newfoundland,RICE,,Cwts,1954.0,4003.0,,0,exact01,B,as_1898,0,13531
1898,Canada,RICE,,Cwts,25529.0,55493.0,1167.0,0,exact01,D,as_1899,1,13903
1898,Newfoundland,RICE,,Cwts,1954.0,4003.0,,0,exact01,B,as_1899,1,13908
1898,Canada,"SAGO, and Flour or Meal thereof",,Cwts,911.0,2161.0,2673.0,0,within5,D,as_1898,0,13645
1898,Canada,"SAGO, and Flour or Meal thereof",,Cwts,914.0,2161.0,1167.0,0,within5,D,as_1899,1,14021
1898,Canada,"SAGO, and Flour or Meal thereof",,Cwts,7855.0,10923.0,1167.0,0,exact01,D,as_1899,1,14087
1898,Canada,SALTPETRE (Nitrate of Potash),,Cwts,7835.0,10923.0,2673.0,0,within5,D,as_1898,0,13710
1898,Canada,"SAUCES or CONDIMENTS, Unenumerated","Garden, Unenumerated",Lbs,828.0,45502.0,325.0,0,mod,D,as_1898,0,14022
1898,Canada,"SAUCES or CONDIMENTS, Unenumerated","Unenumerated, Other Sorts",Cwts,1025.0,2444.0,1025.0,1,exact01,A,as_1898,0,14206
1898,Canada,SILK,"Furs, Rabbit Skins",Number,2405.0,69204.0,246.0,0,exact01,D,as_1898,0,15273
1898,Canada,SILK,Ginger,Cwts,2474.0,1614.0,,0,mod,D,as_1898,0,15624
1898,Canada,SILK,"Manufactures of Silk, or of Silk mixed with other Materials, unenumerated",,10052.0,,10052.0,1,exact01,A,as_1898,0,14956
1898,Canada,SILK,"Manufactures of Silk, or of Silk mixed with other Materials, unenumerated",Number,21791.0,253410.0,,0,exact01,B,as_1898,0,15061
1898,Canada,SILK,"Manufactures of Silk, or of Silk mixed with other Materials, unenumerated",Number,15451.0,126177.0,,0,exact01,B,as_1898,0,15126
1898,Canada,SILK,"Manufactures:—Broadstuffs, Silk and Satin",,132430.0,,132430.0,1,within5,C,as_1898,0,14572
1898,Canada,SILK,"Manufactures:—Broadstuffs, Silk and Satin",,3047.0,,132430.0,0,exact01,D,as_1898,0,14636
1898,Canada,SILK,"Manufactures:—Broadstuffs, Silk and Satin",,75226.0,,132430.0,0,gross,D,as_1898,0,14757
1898,Newfoundland,SILK,"Manufactures:—Broadstuffs, Silk and Satin",,474.0,,474.0,1,gross,D,as_1898,0,14762
1898,Canada,SILK,Pepper,Lbs,12135.0,610800.0,,0,exact01,B,as_1898,0,15769
1898,Canada,SILK,Pepper,Lbs,6261.0,177900.0,,0,within5,D,as_1898,0,15914
1898,Canada,SILK,Pepper,Lbs,1625.0,3831.0,,0,within5,D,as_1898,0,16024
1898,Canada,SILK,Pepper,Lbs,1359.0,10944.0,,0,within5,D,as_1898,0,16265
1898,Canada,SILK,Pepper,Lbs,13499.0,24925.0,,0,exact01,B,as_1898,0,16469
1898,Canada,SILK,Raw,Lbs,477.0,,,0,mod,D,as_1899,1,14952
1898,Canada,SILK,Raw,Lbs,14.0,,,0,mod,D,as_1899,1,15011
1898,Canada,SILK,Raw,Lbs,73236.0,,,0,mod,D,as_1899,1,15123
1898,Newfoundland,SILK,Raw,Lbs,474.0,,,0,mod,D,as_1899,1,15128
1898,Canada,SILK,Raw,Lbs,42.0,,,0,gross,D,as_1899,1,15166
1898,Canada,SILK,Raw,Lbs,10032.0,,,0,mod,D,as_1899,1,15319
1898,Canada,SILK,"Ribbons, other kinds",,42.0,,42.0,1,gross,D,as_1898,0,14800
1898,Canada,SILK,Seal Skins,Number,1633.0,718.0,,0,within5,D,as_1898,0,15318
1898,Canada,SILK,Seal Skins,Number,26199.0,249884.0,,0,gross,D,as_1898,0,15383
1898,Canada,SILK,Seal Skins,Number,6560.0,,,0,mod,D,as_1898,0,15438
1898,Canada,SILK,"Skins, Goat, Undressed",Number,21701.0,253410.0,21701.0,1,gross,D,as_1899,1,15418
1898,Canada,SILK,"Skins, Goat, Undressed : Sheep, Undressed",Number,15451.0,120177.0,15451.0,1,gross,D,as_1899,1,15483
1898,Canada,SILK,"Skins, Goat, Undressed : Unenumerated: Undressed",Number,8805.0,43707.0,,0,exact01,B,as_1899,1,15574
1898,Canada,SILK,"Skins, Goat, Undressed : Unenumerated: Undressed",Number,2316.0,69534.0,,0,gross,D,as_1899,1,15630
1898,Canada,SILK,"Skins, Goat, Undressed : Unenumerated: Undressed",Number,1653.0,718.0,,0,exact01,B,as_1899,1,15675
1898,Canada,SILK,"Skins, Goat, Undressed : Unenumerated: Undressed",Number,36109.0,240804.0,,0,within5,D,as_1899,1,15739
1898,Canada,SILK,"Skins, Goat, Undressed : Unenumerated: Undressed",Number,6860.0,,,0,mod,D,as_1899,1,15794
1898,Canada,SILK,"Skins, Goat, Undressed : Unenumerated: Undressed",Lbs,2474.0,2603.0,,0,gross,D,as_1899,1,15978
1898,Canada,SILK,"Skins, Goat, Undressed : Unenumerated: Undressed",Lbs,12135.0,610800.0,,0,within5,D,as_1899,1,16123
1898,Canada,SILK,"Skins, Goat, Undressed : Unenumerated: Undressed",Lbs,6361.0,177000.0,,0,exact01,B,as_1899,1,16268
1898,Canada,SILK,"Skins, in any way Dressed     (not Leather)",Number,8954.0,43707.0,5895.0,0,gross,D,as_1898,0,15216
1898,Canada,SILK,"Unrefined, Beetroot",Cwts,18410.0,38760.0,15410.0,0,mod,D,as_1898,0,16507
1898,Canada,SILK,"Unrefined, Beetroot : Cane and Other Sorts",Cwts,2973.0,5409.0,2573.0,0,gross,D,as_1898,0,16590
1898,Canada,SPIRITS,Rum,,4693.0,35736.0,,0,within5,D,as_1899,1,21823
1898,Newfoundland,SPIRITS,Rum,,1144.0,13628.0,,0,within5,D,as_1899,1,21828
1898,Canada,SPIRITS,Rum,,934.0,1635.0,,0,exact01,B,as_1899,1,21993
1898,Canada,"SPIRITS, Geneva",,Proof Gallons,157.0,524.0,,0,exact01,B,as_1899,1,22057
1898,Canada,"SPIRITS, Geneva",Perfumed in Bond,Gallons,30692.0,804587.0,,0,exact01,B,as_1899,1,22782
1898,Newfoundland,"SPIRITS, Geneva",Perfumed in Bond,Gallons,11430.0,317477.0,,0,exact01,B,as_1899,1,22787
1898,Canada,"SPIRITS, Geneva",Sweetened or Mixed (Tested),Proof Gallons,517.0,454.0,,0,exact01,B,as_1899,1,22393
1898,Canada,"SPIRITS, Geneva",Sweetened or Mixed (Tested),Proof Gallons,445.0,216.0,,0,exact01,B,as_1899,1,22487
1898,Canada,SPONGE,,Lbs,1426.0,3831.0,,0,within5,D,as_1899,1,16378
1898,Canada,STRAW PLATTING,For making Hats or Bonnets,,1339.0,10044.0,,0,mod,D,as_1899,1,16618
1898,Canada,"SUGAR: Refined, or rendered by any process equal thereto, in lumps and loaves","Refined, Other Sorts, including Candy",Cwts,13460.0,24925.0,13400.0,0,exact01,D,as_1899,1,16821
1898,Canada,TALLOW and STEARINE,,Cwts,38.0,20.0,2673.0,0,exact01,D,as_1898,0,16823
1898,Canada,TALLOW and STEARINE,,Cwts,38.0,20.0,1167.0,0,exact01,D,as_1899,1,17175
1898,Canada,TALLOW and STEARINE,,Cwts,4972.0,1470.0,1167.0,0,exact01,D,as_1899,1,17337
1898,Canada,TIN: Ore of,"In Blocks, Ingots, Bars or Slabs",Cwts,1972.0,1476.0,1972.0,1,gross,D,as_1898,0,16988
1898,Canada,TOBACCO,Imported in Casks,Gallons,4704.0,12973.0,6513.0,0,exact01,D,as_1898,0,23616
1898,Canada,TOBACCO,Imported in Casks,Gallons,4704.0,12973.0,4704.0,1,within5,C,as_1899,1,24379
1898,Canada,TOBACCO,"In Bottles, Sparkling Saumur",Gallons,12559.0,20119.0,12370.0,0,within5,D,as_1898,0,24422
1898,Newfoundland,TOBACCO,"In Bottles, Sparkling Saumur",Gallons,503.0,1410.0,393.0,0,within5,D,as_1898,0,24427
1898,Canada,TOBACCO,"Manufactured, other Sorts",,428.0,1820.0,,0,mod,D,as_1899,1,24149
1898,Canada,TOBACCO,Negrohead : Other Sorts,Lbs,428.0,1526.0,,0,mod,D,as_1898,0,23386
1898,Canada,TOBACCO,"in Bottles, Sparkling Champagne",Gallons,6513.0,4327.0,,0,within5,D,as_1898,0,24012
1898,Newfoundland,TOBACCO,"in Bottles, Sparkling Champagne",Gallons,186.0,120.0,,0,within5,D,as_1898,0,24017
1898,Canada,TOBACCO,"in Bottles, Sparkling Champagne",Gallons,6513.0,4327.0,,0,within5,D,as_1899,1,24775
1898,Newfoundland,TOBACCO,"in Bottles, Sparkling Champagne",Gallons,186.0,120.0,,0,within5,D,as_1899,1,24780
1898,Canada,TOBACCO,"in Casks, mixed in Bond",Gallons,120.0,839.0,,0,exact01,B,as_1898,0,23714
1898,Canada,TOBACCO,"in Casks, mixed in Bond",Gallons,120.0,830.0,6513.0,0,exact01,D,as_1899,1,24477
1898,Canada,TOYS,,,2143.0,,413.0,0,exact01,D,as_1898,0,17156
1898,Canada,TOYS,,,2191.0,,2873.0,0,within5,D,as_1899,1,17467
1898,Canada,Tea: of British East India,,Lbs,60720.0,1459183.0,,0,within5,D,as_1899,1,22942
1898,Newfoundland,Tea: of British East India,,Lbs,2260.0,47014.0,,0,within5,D,as_1899,1,22947
1898,Canada,Tea: of British East India,Total,Lbs,170989.0,4238444.0,170089.0,0,within5,D,as_1899,1,23466
1898,Newfoundland,Tea: of British East India,Total,Lbs,23275.0,578489.0,23275.0,1,within5,C,as_1899,1,23471
1898,Canada,Tea: of British East India,of Ceylon,Lbs,75433.0,1865450.0,,0,exact01,B,as_1899,1,23107
1898,Newfoundland,Tea: of British East India,of Ceylon,Lbs,9069.0,200350.0,,0,exact01,B,as_1899,1,23112
1898,Canada,Tea: of British East India,of other Countries,Lbs,4141.0,109224.0,4141.0,1,exact01,A,as_1899,1,23236
1898,Newfoundland,Tea: of British East India,of other Countries,Lbs,507.0,13618.0,507.0,1,exact01,A,as_1899,1,23241
1898,Canada,Total of Wine of all kinds,,Gallons,12370.0,20119.0,,0,within5,D,as_1899,1,25175
1898,Newfoundland,Total of Wine of all kinds,,Gallons,563.0,1410.0,,0,within5,D,as_1899,1,25180
1898,Canada,"Unrefined, Beetroot",,Cwts,18410.0,38760.0,1167.0,0,mod,D,as_1899,1,16860
1898,Canada,"Unrefined, Beetroot",Cane and Other Sorts,Cwts,2973.0,5409.0,,0,gross,D,as_1899,1,16943
1898,Canada,"VEGETABLES, Raw, unenumerated",,,2143.0,,2873.0,0,within5,D,as_1899,1,17578
1898,Canada,WOOD and TIMBER,"For fancy purposes, including Berlin Wool and Zephyr Yarn",Lbs,3584.0,36363.0,3384.0,0,mod,D,as_1898,0,18200
1898,Canada,WOOD and TIMBER,"For fancy purposes, including Berlin Wool and Zephyr Yarn : For Weaving, mixed or not with Silk",Lbs,405.0,4580.0,495.0,0,gross,D,as_1898,0,18241
1898,Canada,WOOD and TIMBER,"For fancy purposes, including Berlin Wool and Zephyr Yarn : For Weaving, mixed or not with Silk",Lbs,530.0,26.0,495.0,0,gross,D,as_1898,0,18299
1898,Canada,WOOD and TIMBER,"For fancy purposes, including Berlin Wool and Zephyr Yarn : Of Wool other than Goats', or of Wool mixed with Cotton: Cloths",Yards,8759.0,79972.0,8759.0,1,within5,C,as_1898,0,18399
1898,Canada,WOOD and TIMBER,"House Frames, Fittings, Joiners' and Cabinet Work",,1253.0,,1253.0,1,exact01,A,as_1898,0,17906
1898,Canada,WOOD and TIMBER,Mahogany,Tons,1258.0,,,0,gross,D,as_1899,1,18518
1898,Canada,WOOD and TIMBER,Sheep or Lambs',Lbs,99267.0,2913000.0,99207.0,1,exact01,A,as_1898,0,18104
1898,Canada,WOOD and TIMBER,Sheep or Lambs',Lbs,99307.0,2913000.0,90307.0,0,exact01,D,as_1899,1,18736
1898,Canada,WOOD and TIMBER,Stuffs,Yards,75032.0,1393145.0,75032.0,1,exact01,A,as_1898,0,18559
1898,Canada,WOOLLEN MANUFACTURES,Carpets and Rugs,,4582.0,,4552.0,0,exact01,D,as_1898,0,18587
1898,Canada,WOOLLEN MANUFACTURES,Carpets and Rugs,Woollen Manufactures,25096.0,,,0,exact01,B,as_1898,0,18729
1898,Canada,WOOLLEN MANUFACTURES,"Manufactures of, Unenumerated",Cwts,949.0,811.0,939.0,0,within5,D,as_1898,0,18879
1898,Canada,WOOLLEN YARN,Carpets and Rugs,,4582.0,,,0,exact01,B,as_1899,1,19228
1898,Canada,WOOLLEN YARN,Carpets and Rugs,Woollen Manufactures,25006.0,,,0,exact01,B,as_1899,1,19367
1898,Canada,WOOLLEN YARN,"For fancy purposes, including Berlin Wool and Zephyr Yarn",Lbs,3584.0,36263.0,3584.0,1,mod,D,as_1899,1,18830
1898,Canada,WOOLLEN YARN,"For fancy purposes, including Berlin Wool and Zephyr Yarn : For Weaving, mixed or not with Silk",Lbs,405.0,4580.0,,0,gross,D,as_1899,1,18871
1898,Canada,WOOLLEN YARN,"For fancy purposes, including Berlin Wool and Zephyr Yarn : For Weaving, mixed or not with Silk",Lbs,520.0,26.0,,0,gross,D,as_1899,1,18931
1898,Canada,WOOLLEN YARN,"For fancy purposes, including Berlin Wool and Zephyr Yarn : For Weaving, mixed or not with Silk",Lbs,8759.0,70972.0,,0,exact01,B,as_1899,1,19030
1898,Canada,WOOLLEN YARN,"For fancy purposes, including Berlin Wool and Zephyr Yarn : For Weaving, mixed or not with Silk",Lbs,75032.0,1398145.0,,0,within5,D,as_1899,1,19190
1898,Canada,ZINC: Ore of,"Manufactures of, Unenumerated",Cwts,949.0,841.0,949.0,1,exact01,A,as_1899,1,19519
1899,Canada,"ARMS: Swords, Cutlasses, Matchets, and Bayonets","Muskets, Rifles, Carbines, Fowling-pieces, or Guns of any other sort unenumerated, and parts thereof, and Pistols",Muskets,80.0,,,0,gross,D,as_1899,1,338
1899,Canada,BEADS OF ALL SORTS,,Lbs,615.0,12441.0,,0,exact01,B,as_1899,1,584
1899,Canada,"BOOKS, bound and unbound, including Maps and Charts",,Cwts,5769.0,608.0,617.0,0,within5,D,as_1899,1,822
1899,Canada,BRISTLES,,Lbs,7550.0,47761.0,,0,exact01,B,as_1899,1,1050
1899,Canada,"BUTTONS AND STUDS, not of Metal",,Gross,692.0,6711.0,,0,within5,D,as_1899,1,1275
1899,Canada,CAOUTCHOU,,Cwts,6617.0,493.0,617.0,0,within5,D,as_1899,1,1485
1899,Canada,CAOUTCHOU,Manufactures of,Lbs,10525.0,,,0,within5,D,as_1899,1,1826
1899,Canada,CAOUTCHOU,Manufactures of,Lbs,2651.0,899.0,,0,within5,D,as_1899,1,1891
1899,Newfoundland,CHICORY,"Roasted and Ground, Mixed",,22.0,671.0,,0,exact01,B,as_1899,1,20244
1899,Canada,CHICORY,"Roasted and Ground, Mixed",,3639.0,107344.0,,0,within5,D,as_1899,1,20460
1899,Canada,CHICORY,"or CHOCOLATE, Ground, Pre- pared, or in any way Manu- factured",Lbs,1690.0,9622.0,,0,within5,D,as_1899,1,20612
1899,Newfoundland,CHICORY,"or CHOCOLATE, Ground, Pre- pared, or in any way Manu- factured",Lbs,434.0,3719.0,,0,within5,D,as_1899,1,20617
1899,Canada,CHICORY,"or CHOCOLATE, in the manufacture of which Spirit has been used",Lbs,10925.0,3174.0,,0,exact01,B,as_1899,1,20821
1899,Newfoundland,CHICORY,"or CHOCOLATE, in the manufacture of which Spirit has been used",Lbs,343.0,115.0,,0,exact01,B,as_1899,1,20826
1899,Canada,"CLOCKS, Complete",,Number,451.0,1833.0,,0,exact01,B,as_1899,1,1973
1899,Canada,"COPPER, Ore of",Manufactured,,1376.0,17139.0,,0,exact01,B,as_1899,1,2522
1899,Newfoundland,"COPPER, Ore of","Manufactures of, not otherwise enumerated or described, including Copper plates engraved",Cordage,2703.0,,2763.0,0,gross,D,as_1899,1,2345
1899,Canada,"COPPER, Ore of",Unmanufactured,Tons,60.0,3.0,60.0,1,exact01,A,as_1899,1,2409
1899,Canada,"CORN; Grain, Meal, and Flour—cont.",Raw,Cwts,9367.0,3705.0,9367.0,1,exact01,A,as_1899,1,3264
1899,Canada,"CORN; Grain, Meal, and Flour—cont.",Wheat Meal or Flour,Cwts,3431.0,4864.0,3431.0,1,within5,C,as_1899,1,3028
1899,Canada,COTTON MANUFACTURES,,,10750.0,,2064.0,0,exact01,D,as_1899,1,3784
1899,Canada,COTTON MANUFACTURES,"Hosiery, of all sorts",,10354.0,,,0,within5,D,as_1899,1,3646
1899,Canada,COTTON MANUFACTURES,"Piece Goods, other than Muslins",Yards,7751.0,371877.0,7751.0,1,exact01,A,as_1899,1,3572
1899,Canada,Cotton,"Garden, Unenumerated",Lbs,603.0,17944.0,608.0,0,within5,D,as_1899,1,14398
1899,Canada,Cotton,"Unenumerated, Other Sorts",Cwts,961.0,2102.0,901.0,0,exact01,D,as_1899,1,14582
1899,Canada,DRUGS,Opium,Lbs,10295.0,23096.0,21512.0,0,gross,D,as_1899,1,3905
1899,Canada,DRUGS,"Unenumerated, including Medicinal Preparations not liable to Duty",,6001.0,,,0,within5,D,as_1899,1,4044
1899,Canada,"DYE STUFFS (other than Dye Woods), and Substances used in Tanning or Dyeing",Cutch and Gambier,Tons,337.0,15.0,,0,exact01,B,as_1899,1,4202
1899,Canada,"DYE STUFFS (other than Dye Woods), and Substances used in Tanning or Dyeing","Dyes obtained from Coal Tar, viz.:—Aniline",,1153.0,,,0,exact01,B,as_1899,1,4249
1899,Canada,EMBROIDERY AND NEEDLEWORK,,,34449.0,,2064.0,0,within5,D,as_1899,1,4845
1899,Canada,EMBROIDERY AND NEEDLEWORK,,,5826.0,,2064.0,0,exact01,D,as_1899,1,4955
1899,Canada,EMBROIDERY AND NEEDLEWORK,,,1559.0,5635.0,2064.0,0,exact01,D,as_1899,1,5055
1899,Canada,FISH,,Cwts,8240.0,2411.0,617.0,0,exact01,D,as_1899,1,5240
1899,Canada,FISH,"Cured or Salted, unenumerated",Cwts,1153.0,326.0,,0,within5,D,as_1899,1,5425
1899,Canada,"FLOWERS, Artificial",,,4515.0,,2064.0,0,gross,D,as_1899,1,5555
1899,Canada,FRUIT,Currants,,1952.0,1102.0,,0,within5,D,as_1899,1,21150
1899,Newfoundland,FRUIT,Currants,,2498.0,2430.0,,0,within5,D,as_1899,1,21155
1899,Canada,FRUIT,Figs and Fig-Cake,Cwts,1501.0,1461.0,,0,gross,D,as_1899,1,21235
1899,Canada,FRUIT,"Preserved without sugar,     other than Dried",Lbs,926.0,42053.0,926.0,1,exact01,A,as_1899,1,6140
1899,Canada,FRUIT,Raisins,Cwts,1231.0,890.0,1281.0,0,within5,D,as_1899,1,21563
1899,Newfoundland,FRUIT,Raisins,Cwts,945.0,534.0,945.0,1,within5,C,as_1899,1,21568
1899,Canada,FRUIT,"Unenumerated, Dried",Cwts,5422.0,7925.0,5422.0,1,exact01,A,as_1899,1,6080
1899,Canada,"FRUIT, Almonds",,Cwts,5212.0,1353.0,617.0,0,gross,D,as_1899,1,5635
1899,Canada,"FRUIT, Almonds","Grapes, Raw",Bushels,5897.0,9800.0,5807.0,0,exact01,D,as_1899,1,5745
1899,Newfoundland,"FRUIT, Almonds","Grapes, Raw",Bushels,587.0,1120.0,587.0,1,exact01,A,as_1899,1,5750
1899,Canada,"FRUIT, Almonds",Lemons,Bushels,1984.0,7394.0,1984.0,1,gross,D,as_1899,1,5805
1899,Canada,"FRUIT, Almonds","Nuts, used as Fruit",,2255.0,,2255.0,1,gross,D,as_1899,1,5865
1899,Canada,"FRUIT, Almonds",Oranges,,18085.0,50482.0,,0,within5,D,as_1899,1,5940
1899,Newfoundland,"FRUIT, Almonds",Oranges,,1403.0,4615.0,,0,within5,D,as_1899,1,5945
1899,Canada,"FRUITS and VEGETABLES, Pre- served in Sugar",,Cwts,2330.0,1982.0,617.0,0,within5,D,as_1899,1,6225
1899,Canada,"GLASS, Window and German Sheet, including Shades and Cylinders",,Cwts,2179.0,5505.0,617.0,0,mod,D,as_1899,1,6329
1899,Canada,"GOODS UNENUMERATED, Unmanufactured",,Goods,4295.0,,,0,within5,D,as_1899,1,19670
1899,Canada,"GOODS UNENUMERATED, Unmanufactured",,Goods,72539.0,,,0,exact01,B,as_1899,1,19996
1899,Newfoundland,"GOODS UNENUMERATED, Unmanufactured",,Goods,646.0,,,0,exact01,B,as_1899,1,20001
1899,Canada,"GUM, Arabic","Lac, Seed, Shell, Stick, and Dye",Cwts,1439.0,394.0,,0,within5,D,as_1899,1,6784
1899,Canada,HAMS,Dressed or Undressed,Tons,122761.0,4141.0,122761.0,1,exact01,A,as_1899,1,7464
1899,Newfoundland,HAMS,Dressed or Undressed,Tons,10445.0,342.0,10445.0,1,exact01,A,as_1899,1,7469
1899,Canada,HAMS,Dressed or Undressed,Tons,539.0,56.0,122761.0,0,within5,D,as_1899,1,7552
1899,Canada,HAMS,Dressed or Undressed,Cwts,14621.0,4173.0,,0,within5,D,as_1899,1,7667
1899,Canada,HAMS,Dressed or Undressed,Cwts,11428.0,5192.0,,0,gross,D,as_1899,1,7757
1899,Canada,HAMS,Dressed or Undressed,Cwts,200.0,63.0,,0,within5,D,as_1899,1,7852
1899,Canada,IRON,"Bar, Angle, Bolt, and Rod",Tons,5492.0,591.0,5492.0,1,exact01,A,as_1899,1,8083
1899,Canada,IRON,Cycles and parts     thereof : Machinery,,864.0,,,0,exact01,B,as_1899,1,8460
1899,Canada,IRON,"Girders, Beams, and Pillars",Tons,15.0,2.0,15.0,1,exact01,A,as_1899,1,8289
1899,Canada,"Iron:—Manufactures of Iron or Steel, Unenumerated",,Cwts,5262.0,5497.0,617.0,0,within5,D,as_1899,1,8710
1899,Newfoundland,"Iron:—Manufactures of Iron or Steel, Unenumerated",,Cwts,1811.0,1719.0,,0,within5,D,as_1899,1,8715
1899,Canada,JUTE YARN,"Manufactures of, including Piece Goods, Sacks, and Bags",,1788.0,,,0,within5,D,as_1899,1,9065
1899,Canada,"LACE, and Articles thereof",Of Cotton,,17181.0,,17181.0,1,exact01,A,as_1899,1,9225
1899,Canada,"LACE, and Articles thereof",Of Silk,,8433.0,,8433.0,1,exact01,A,as_1899,1,9130
1899,Canada,"LEAD, Pig and Sheet",,Tons,1832.0,135.0,,0,within5,D,as_1899,1,9496
1899,Canada,LEATHER,,Cwts,2964.0,130.0,617.0,0,within5,D,as_1899,1,9725
1899,Canada,LEATHER,Gloves,,10967.0,10831.0,,0,gross,D,as_1899,1,9895
1899,Canada,LINEN,,,3990.0,,2064.0,0,exact01,D,as_1899,1,10030
1899,Canada,LIQUORICE,,Cwts,6546.0,3803.0,617.0,0,gross,D,as_1899,1,10095
1899,Canada,"MEAT, Preserved, otherwise than by Salting",,Cwts,1223.0,160.0,617.0,0,exact01,D,as_1899,1,10629
1899,Canada,"METAL: Leaf, not Gold","Unenumerated, Unwrought",Tons,801.0,6.0,,0,exact01,B,as_1899,1,10883
1899,Canada,OILS,Castor,Cwts,1762.0,1244.0,1762.0,1,gross,D,as_1899,1,11494
1899,Canada,OILS,"Chemical, Essential, or Per- fumed : Seed Cake of other Sorts",Tons,3451.0,29617.0,,0,exact01,B,as_1899,1,12235
1899,Canada,OILS,Olive,Tuns,929.0,23.0,929.0,1,exact01,A,as_1899,1,11658
1899,Canada,OILS,Palm,Cwts,320.0,290.0,320.0,1,exact01,A,as_1899,1,11763
1899,Canada,OILS,Seed,Tons,135.0,5.0,135.0,1,exact01,A,as_1899,1,11851
1899,Newfoundland,OILS,Seed,Tons,930.0,27.0,620.0,0,exact01,D,as_1899,1,11856
1899,Canada,"PAINTERS' Colours and Pigments, Unenumerated",,,6051.0,,2064.0,0,within5,D,as_1899,1,12371
1899,Canada,PAPER,Unprinted,Cwts,1003.0,303.0,257.0,0,exact01,D,as_1899,1,12506
1899,Canada,"PAPER, Printed or Coated",Strawboard and Millboard,Cwts,257.0,892.0,,0,within5,D,as_1899,1,12601
1899,Canada,"PETROLEUM, Illuminating",,,1340.0,18.0,2064.0,0,mod,D,as_1899,1,13119
1899,Canada,RICE,,Cwts,27934.0,68087.0,617.0,0,within5,D,as_1899,1,13904
1899,Newfoundland,RICE,,Cwts,1933.0,4113.0,,0,within5,D,as_1899,1,13909
1899,Canada,"SAGO, and Flour or Meal thereof",,Cwts,802.0,1723.0,617.0,0,mod,D,as_1899,1,14022
1899,Canada,"SAGO, and Flour or Meal thereof",,Cwts,1225.0,1257.0,617.0,0,exact01,D,as_1899,1,14088
1899,Canada,SILK,Raw,Lbs,1557.0,,,0,gross,D,as_1899,1,14953
1899,Canada,SILK,Raw,Lbs,40.0,,,0,mod,D,as_1899,1,15012
1899,Canada,SILK,Raw,Lbs,77446.0,,,0,mod,D,as_1899,1,15124
1899,Newfoundland,SILK,Raw,Lbs,330.0,,,0,mod,D,as_1899,1,15129
1899,Canada,SILK,Raw,Lbs,94.0,,,0,within5,D,as_1899,1,15167
1899,Canada,SILK,Raw,Lbs,15883.0,,,0,within5,D,as_1899,1,15320
1899,Canada,SILK,"Skins, Goat, Undressed",Number,11067.0,128521.0,11067.0,1,gross,D,as_1899,1,15419
1899,Canada,SILK,"Skins, Goat, Undressed : Sheep, Undressed",Number,5859.0,54607.0,5859.0,1,gross,D,as_1899,1,15484
1899,Canada,SILK,"Skins, Goat, Undressed : Unenumerated: Undressed",Number,3678.0,20049.0,,0,within5,D,as_1899,1,15575
1899,Canada,SILK,"Skins, Goat, Undressed : Unenumerated: Undressed",Number,5748.0,89391.0,,0,gross,D,as_1899,1,15631
1899,Canada,SILK,"Skins, Goat, Undressed : Unenumerated: Undressed",Number,5693.0,4308.0,,0,exact01,B,as_1899,1,15676
1899,Canada,SILK,"Skins, Goat, Undressed : Unenumerated: Undressed",Number,40519.0,362054.0,,0,exact01,B,as_1899,1,15740
1899,Canada,SILK,"Skins, Goat, Undressed : Unenumerated: Undressed",Number,4675.0,,,0,within5,D,as_1899,1,15795
1899,Canada,SILK,"Skins, Goat, Undressed : Unenumerated: Undressed",Lbs,2631.0,2540.0,,0,gross,D,as_1899,1,15979
1899,Canada,SILK,"Skins, Goat, Undressed : Unenumerated: Undressed",Lbs,13246.0,611500.0,,0,within5,D,as_1899,1,16124
1899,Canada,SILK,"Skins, Goat, Undressed : Unenumerated: Undressed",Lbs,6002.0,187200.0,,0,within5,D,as_1899,1,16269
1899,Canada,SPIRITS,Rum,,5558.0,28308.0,,0,within5,D,as_1899,1,21824
1899,Newfoundland,SPIRITS,Rum,,1232.0,13031.0,,0,within5,D,as_1899,1,21829
1899,Canada,SPIRITS,Rum,,426.0,937.0,,0,exact01,B,as_1899,1,21994
1899,Canada,"SPIRITS, Geneva",,Proof Gallons,311.0,907.0,,0,exact01,B,as_1899,1,22058
1899,Canada,"SPIRITS, Geneva",Perfumed in Bond,Gallons,21738.0,546485.0,,0,exact01,B,as_1899,1,22783
1899,Newfoundland,"SPIRITS, Geneva",Perfumed in Bond,Gallons,10423.0,277393.0,,0,exact01,B,as_1899,1,22788
1899,Canada,"SPIRITS, Geneva",Sweetened or Mixed (Tested),Proof Gallons,378.0,503.0,,0,within5,D,as_1899,1,22394
1899,Canada,"SPIRITS, Geneva",Sweetened or Mixed (Tested),Proof Gallons,344.0,122.0,,0,gross,D,as_1899,1,22488
1899,Canada,SPONGE,,Lbs,2626.0,7344.0,,0,within5,D,as_1899,1,16379
1899,Canada,STRAW PLATTING,For making Hats or Bonnets,,2627.0,29815.0,,0,exact01,B,as_1899,1,16619
1899,Canada,"SUGAR: Refined, or rendered by any process equal thereto, in lumps and loaves","Refined, Other Sorts, including Candy",Cwts,3853.0,6541.0,3853.0,1,exact01,A,as_1899,1,16822
1899,Canada,TALLOW and STEARINE,,Cwts,208.0,89.0,617.0,0,exact01,D,as_1899,1,17176
1899,Canada,TALLOW and STEARINE,,Cwts,420.0,100.0,617.0,0,exact01,D,as_1899,1,17338
1899,Canada,TOBACCO,Imported in Casks,Gallons,5392.0,13451.0,5392.0,1,within5,C,as_1899,1,24380
1899,Canada,TOBACCO,Negrohead,,874.0,1073.0,,0,within5,D,as_1899,1,24150
1899,Canada,TOBACCO,"in Bottles, Sparkling Champagne",Gallons,7976.0,4618.0,,0,within5,D,as_1899,1,24776
1899,Newfoundland,TOBACCO,"in Bottles, Sparkling Champagne",Gallons,136.0,102.0,,0,within5,D,as_1899,1,24781
1899,Canada,TOYS,,,1243.0,,2064.0,0,within5,D,as_1899,1,17468
1899,Canada,Tea: of British East India,,Lbs,66473.0,1721254.0,,0,exact01,B,as_1899,1,22943
1899,Newfoundland,Tea: of British East India,,Lbs,4524.0,91011.0,,0,exact01,B,as_1899,1,22948
1899,Canada,Tea: of British East India,Total,Lbs,161010.0,4153162.0,161010.0,1,within5,C,as_1899,1,23467
1899,Newfoundland,Tea: of British East India,Total,Lbs,26201.0,620089.0,20201.0,0,within5,D,as_1899,1,23472
1899,Canada,Tea: of British East India,of Ceylon,Lbs,74977.0,1837562.0,,0,exact01,B,as_1899,1,23108
1899,Newfoundland,Tea: of British East India,of Ceylon,Lbs,11035.0,247303.0,,0,exact01,B,as_1899,1,23113
1899,Canada,Tea: of British East India,of other Countries,Lbs,1722.0,47861.0,1722.0,1,exact01,A,as_1899,1,23237
1899,Newfoundland,Tea: of British East India,of other Countries,Lbs,222.0,4982.0,222.0,1,exact01,A,as_1899,1,23242
1899,Canada,Total of Wine of all kinds,,Gallons,13945.0,21065.0,,0,exact01,B,as_1899,1,25176
1899,Newfoundland,Total of Wine of all kinds,,Gallons,656.0,1668.0,,0,exact01,B,as_1899,1,25181
1899,Canada,"Unrefined, Beetroot",,Cwts,19.0,25.0,617.0,0,gross,D,as_1899,1,16861
1899,Canada,"Unrefined, Beetroot",Cane and Other Sorts,Cwts,273.0,396.0,,0,gross,D,as_1899,1,16944
1899,Canada,"VEGETABLES, Raw, unenumerated",,,1428.0,,2064.0,0,within5,D,as_1899,1,17579
1899,Canada,WOOD and TIMBER,Mahogany,Tons,1132.0,,,0,gross,D,as_1899,1,18519
1899,Canada,WOOD and TIMBER,Sheep or Lambs',Lbs,84552.0,2437157.0,81352.0,0,within5,D,as_1899,1,18737
1899,Canada,WOOLLEN YARN,Carpets and Rugs,,6174.0,,,0,exact01,B,as_1899,1,19229
1899,Canada,WOOLLEN YARN,Carpets and Rugs,Woollen Manufactures,23017.0,,,0,within5,D,as_1899,1,19368
1899,Canada,WOOLLEN YARN,"For fancy purposes, including Berlin Wool and Zephyr Yarn",Lbs,4835.0,45702.0,4865.0,0,mod,D,as_1899,1,18831
1899,Canada,WOOLLEN YARN,"For fancy purposes, including Berlin Wool and Zephyr Yarn : For Weaving, mixed or not with Silk",Lbs,119.0,1410.0,,0,gross,D,as_1899,1,18872
1899,Canada,WOOLLEN YARN,"For fancy purposes, including Berlin Wool and Zephyr Yarn : For Weaving, mixed or not with Silk",Lbs,70.0,2.0,,0,gross,D,as_1899,1,18932
1899,Canada,WOOLLEN YARN,"For fancy purposes, including Berlin Wool and Zephyr Yarn : For Weaving, mixed or not with Silk",Lbs,5426.0,57050.0,,0,exact01,B,as_1899,1,19031
1899,Canada,WOOLLEN YARN,"For fancy purposes, including Berlin Wool and Zephyr Yarn : For Weaving, mixed or not with Silk",Lbs,78020.0,1464221.0,,0,exact01,B,as_1899,1,19191
1899,Canada,ZINC: Ore of,"Manufactures of, Unenumerated",Cwts,3269.0,2274.0,3269.0,1,within5,C,as_1899,1,19520
1900,Canada,"ANIMALS, LIVING, Oxen and Bulls","Rifles, Carbines, Fowling-pieces, Muskets, Pistols, or Guns of any other sorts unenumerated, and parts thereof",Rifles,1443.0,,,0,gross,D,tn_1901,1,332
1900,Canada,"ANIMALS, LIVING, Oxen and Bulls",Stallions,Number,350.0,2.0,,0,gross,D,tn_1901,1,39
1900,Canada,BEADS OF ALL SORTS,,Lbs,587.0,15287.0,,0,exact01,B,tn_1901,1,489
1900,Canada,"BOOKS, Printed, bound and unbound, including Maps and Charts",,Cwts,7769.0,1060.0,1046.0,0,exact01,D,tn_1901,1,621
1900,Canada,BRISTLES,,Lbs,6622.0,34264.0,,0,exact01,B,tn_1901,1,686
1900,Canada,BRISTLES,Margarine (including all kinds of Artificial or Imitation Butter),Cwts,595.0,6102.0,,0,exact01,B,tn_1901,1,918
1900,Canada,CAOUTCHOU,,Cwts,3335.0,270.0,1046.0,0,within5,D,tn_1901,1,1135
1900,Canada,"CHINAWARE OR PORCELAIN, AND EARTHENWARE",,Cwts,4822.0,1066.0,1046.0,0,mod,D,tn_1901,1,1764
1900,Canada,CLOCKS,,,201.0,667.0,,0,gross,D,tn_1901,1,1844
1900,Newfoundland,"COALS, CULM, CINDERS AND SHALE",,Tons,4344.0,,,0,mod,D,tn_1901,1,2016
1900,Canada,"COALS, CULM, CINDERS AND SHALE",Unmanufactured,,177.0,16.0,,0,gross,D,tn_1901,1,2075
1900,Canada,"COALS, CULM, CINDERS AND SHALE",Unmanufactured,Lbs,2324.0,24054.0,,0,exact01,B,tn_1901,1,2188
1900,Canada,"CORN; Grain, Meal, Flour—cont.","Wheat, Meal, and Flour",,2502.0,5040.0,,0,within5,D,tn_1901,1,2685
1900,Canada,COTTON,Raw,,2441.0,864.0,,0,exact01,B,tn_1901,1,2920
1900,Canada,COTTON MANUFACTURES,"Hosiery, of all sorts",,5559.0,,,0,mod,D,tn_1901,1,3318
1900,Canada,COTTON MANUFACTURES,"Piece Goods, other than Muslins",Yards,6815.0,312594.0,6815.0,1,within5,C,tn_1901,1,3240
1900,Canada,COTTON MANUFACTURES,Unenumerated,,23510.0,,23519.0,1,exact01,A,tn_1901,1,3464
1900,Canada,"Copper, Ore of","Iron, Bar, Angle, Bolt, and Rod",Tons,2015.0,178.0,2015.0,1,exact01,A,tn_1901,1,10633
1900,Canada,"Copper, Ore of","Regulus and Precipitate : Unwrought, in Bars, Blocks, Slabs, Cakes, and Ingots",Tons,1460.0,20.0,,0,exact01,B,tn_1901,1,10309
1900,Canada,"Copper, Ore of","Sewing machines, and parts thereof",,746.0,93.0,,0,within5,D,tn_1901,1,10871
1900,Canada,"Copper, Ore of","Sewing machines, and parts thereof : Machinery",,799.0,,,0,gross,D,tn_1901,1,11075
1900,Canada,"Copper, Ore of","Sewing machines, and parts thereof : Machinery",,17443.0,10000.0,,0,within5,D,tn_1901,1,11322
1900,Newfoundland,"Copper, Ore of","Sewing machines, and parts thereof : Machinery",,935.0,1210.0,,0,within5,D,tn_1901,1,11327
1900,Canada,"Copper, Ore of","Sewing machines, and parts thereof : Machinery",,2036.0,125.0,,0,exact01,B,tn_1901,1,11439
1900,Canada,"Copper, Ore of","Sewing machines, and parts thereof : Machinery",,6074.0,1100.0,,0,mod,D,tn_1901,1,11785
1900,Canada,"Copper, Ore of",Unenumerated: Wrought or Manufactured,Tons,893.0,258.0,893.0,1,exact01,A,tn_1901,1,12103
1900,Canada,"Copper, Ore of","Zinc: Crude, in Cakes : Manufactures of",Cwts,2195.0,1423.0,2105.0,0,exact01,D,tn_1901,1,11928
1900,Canada,Cotton,"Garden, Unenumerated",Lbs,644.0,16576.0,641.0,0,within5,D,tn_1901,1,14937
1900,Canada,Cotton,"Unenumerated, other Sorts",Lbs,1443.0,2813.0,,0,within5,D,tn_1901,1,15120
1900,Canada,DRUGS,Opium,Lbs,51173.0,90860.0,5510.0,0,exact01,D,tn_1901,1,3613
1900,Canada,DRUGS,"Unenumerated, including Medicinal Preparations not liable to Duty",,5510.0,,,0,within5,D,tn_1901,1,3748
1900,Canada,"DYE STUFFS (other than Dye Woods), and Substances used in Tanning or Dyeing",Cutch and Gambier,Tons,768.0,42.0,768.0,1,within5,C,tn_1901,1,3907
1900,Canada,"DYE STUFFS (other than Dye Woods), and Substances used in Tanning or Dyeing","Dyes obtained from Coal Tar, viz.:—Alizarine : Aniline",,373.0,,373.0,1,exact01,A,tn_1901,1,3969
1900,Canada,DYE WOODS,Unenumerated,Tons,49430.0,,,0,mod,D,tn_1901,1,4513
1900,Canada,FARINACEOUS SUBSTANCES,"Rice, Rice Meal and Flour",Cwts,40509.0,97824.0,40500.0,1,exact01,A,tn_1901,1,4775
1900,Newfoundland,FARINACEOUS SUBSTANCES,"Rice, Rice Meal and Flour",Cwts,2049.0,4495.0,2040.0,0,exact01,D,tn_1901,1,4780
1900,Canada,FARINACEOUS SUBSTANCES—cont.,"Other Farinaceous Substances,     and Manufactures thereof",,3971.0,,3921.0,0,within5,D,tn_1901,1,4948
1900,Canada,FARINACEOUS SUBSTANCES—cont.,"Sago, Sago Meal and Flour",Cwts,62.0,66.0,62.0,1,gross,D,tn_1901,1,4853
1900,Canada,"FEATHERS AND DOWN, in Beds, or for Beds","Cured or Salted, other sorts",Cwts,345.0,87.0,345.0,1,within5,C,tn_1901,1,5421
1900,Canada,"FEATHERS AND DOWN, in Beds, or for Beds",Cured or Salted—Sardines,Cw s,7739.0,2221.0,,0,exact01,B,tn_1901,1,5236
1900,Canada,"FEATHERS AND DOWN, in Beds, or for Beds",Ornamental,Lbs,957.0,2707.0,987.0,0,within5,D,tn_1901,1,5048
1900,Canada,"FEATHERS AND DOWN, in Beds, or for Beds",Tow,Tons,697.0,12489.0,697.0,1,within5,C,tn_1901,1,5537
1900,Canada,"FLOWERS, Artificial",,,6710.0,,,0,gross,D,tn_1901,1,5560
1900,Canada,FRUIT,"Brandy, imported in Casks",,515.0,1007.0,515.0,1,within5,C,tn_1901,1,21934
1900,Canada,FRUIT,Currants,,748.0,490.0,,0,within5,D,tn_1901,1,21159
1900,Newfoundland,FRUIT,Currants,,1003.0,1041.0,,0,within5,D,tn_1901,1,21164
1900,Canada,FRUIT,Figs and Fig Cake,Cwts,1064.0,1836.0,,0,gross,D,tn_1901,1,21244
1900,Canada,FRUIT,Raisins,Cwts,3991.0,2688.0,,0,within5,D,tn_1901,1,21570
1900,Newfoundland,FRUIT,Raisins,Cwts,1467.0,532.0,,0,within5,D,tn_1901,1,21575
1900,Canada,FRUIT,"Rum, imported in Casks",,5431.0,25065.0,5431.0,1,within5,C,tn_1901,1,21722
1900,Newfoundland,FRUIT,"Rum, imported in Casks",,711.0,8174.0,711.0,1,within5,C,tn_1901,1,21723
1900,Canada,FRUIT,Rum—Total of,Proof Gallons,6431.0,25005.0,6431.0,1,exact01,A,tn_1901,1,21867
1900,Newfoundland,FRUIT,Rum—Total of,Proof Gallons,714.0,8174.0,714.0,1,exact01,A,tn_1901,1,21872
1900,Canada,"FRUIT, Apples, Raw","Grapes, Raw",Bushels,6273.0,5148.0,6273.0,1,within5,C,tn_1901,1,5679
1900,Newfoundland,"FRUIT, Apples, Raw","Grapes, Raw",Bushels,715.0,754.0,715.0,1,within5,C,tn_1901,1,5684
1900,Canada,"FRUIT, Apples, Raw","Lemons, Limes, and Citrons",Bushels,3802.0,5293.0,3802.0,1,mod,D,tn_1901,1,5739
1900,Canada,"FRUIT, Apples, Raw","Nuts, Almonds",Cwts,2869.0,662.0,2860.0,0,exact01,D,tn_1901,1,5819
1900,Canada,"FRUIT, Apples, Raw",Oranges,,25220.0,61012.0,,0,mod,D,tn_1901,1,5954
1900,Newfoundland,"FRUIT, Apples, Raw",Oranges,,2132.0,3820.0,,0,mod,D,tn_1901,1,5959
1900,Canada,"FRUIT, Apples, Raw","Other Nuts, used as Fruit",,2401.0,2671.0,2401.0,1,gross,D,tn_1901,1,5879
1900,Canada,"FRUIT, Apples, Raw","Unenumerated, Dried",Cwts,1704.0,2889.0,1704.0,1,gross,D,tn_1901,1,6086
1900,Canada,"FRUIT, Apples, Raw","Unenumerated, Dried",Cwts,3203.0,2197.0,1704.0,0,within5,D,tn_1901,1,6231
1900,Canada,"FRUIT, Apples, Raw","Unenumerated, Dried",Lbs,1133.0,1066.0,,0,exact01,B,tn_1901,1,6146
1900,Canada,"GLASS, Window and German Sheet, including Shades and Cylinders",,Cwts,1012.0,2976.0,1046.0,0,exact01,D,tn_1901,1,6345
1900,Canada,"GOODS UNENUMERATED, Unmanufactured",,,674.0,,,0,within5,D,tn_1901,1,19762
1900,Canada,"GOODS UNENUMERATED, Unmanufactured",,Goods Manufactured,1739.0,,,0,mod,D,tn_1901,1,20052
1900,Newfoundland,"GOODS UNENUMERATED, Unmanufactured",,Goods Manufactured,69.0,,,0,mod,D,tn_1901,1,20057
1900,Canada,"GOODS UNENUMERATED, Unmanufactured","Roasted and Ground, Mixed",,4536.0,108650.0,,0,exact01,B,tn_1901,1,20473
1900,Canada,"GOODS UNENUMERATED, Unmanufactured","Roasted and Ground, Mixed",,317.0,2863.0,,0,exact01,B,tn_1901,1,20623
1900,Newfoundland,"GOODS UNENUMERATED, Unmanufactured","Roasted and Ground, Mixed",,379.0,2660.0,,0,exact01,B,tn_1901,1,20628
1900,Canada,"GOODS UNENUMERATED, Unmanufactured","or CHOCOLATE, in the manufacture of which Spirit has been used",Cwts,8233.0,2200.0,,0,within5,D,tn_1901,1,20831
1900,Newfoundland,"GOODS UNENUMERATED, Unmanufactured","or CHOCOLATE, in the manufacture of which Spirit has been used",Cwts,163.0,52.0,,0,within5,D,tn_1901,1,20836
1900,Canada,"GUM, Arabic",Kowrie,Cwts,50.0,11.0,50.0,1,gross,D,tn_1901,1,6694
1900,Canada,"GUM, Arabic","Lacdye, Seedlac, Shellac, and Sticklac",Cwts,1639.0,527.0,1629.0,0,exact01,D,tn_1901,1,6784
1900,Canada,HEMP,Dressed or Undressed,Tons,90570.0,2427.0,90570.0,1,exact01,A,tn_1901,1,7306
1900,Newfoundland,HEMP,Dressed or Undressed,Tons,8653.0,251.0,8633.0,0,exact01,D,tn_1901,1,7311
1900,Canada,HEMP,Unenumerated Vegetable Substances applicable to the same uses as Hemp or Flax,Tons,3515.0,169.0,3515.0,1,exact01,A,tn_1901,1,7396
1900,Canada,HEMP,Unenumerated Vegetable Substances applicable to the same uses as Hemp or Flax,Tons,14016.0,4534.0,3515.0,0,within5,D,tn_1901,1,7511
1900,Canada,HEMP,Unenumerated Vegetable Substances applicable to the same uses as Hemp or Flax,Tons,5047.0,2077.0,3515.0,0,gross,D,tn_1901,1,7601
1900,Canada,JUTE YARN,"Manufactures of (other than Cor- dage, Twine, and Cable Yarn, but including Piece Goods, Sacks, and Bags)",,4779.0,,,0,within5,D,tn_1901,1,8153
1900,Canada,"LEATHER, Undressed",Dressed,Cwts,1159.0,71.0,,0,mod,D,tn_1901,1,8628
1900,Canada,"LEATHER, Undressed",Gloves,Dozen Pairs,13109.0,13319.0,,0,gross,D,tn_1901,1,8798
1900,Canada,LINEN,"Manufactures, including Manu-     factures of Linen mixed with     Cotton",,4315.0,,,0,gross,D,tn_1901,1,8935
1900,Canada,LIQUORICE,,Cwts,8180.0,4813.0,1046.0,0,exact01,D,tn_1901,1,9000
1900,Canada,MINERAL WATER,,,3591.0,13636.0,,0,within5,D,tn_1901,1,12388
1900,Canada,OILS,Castor,Cwts,2053.0,1787.0,2653.0,0,gross,D,tn_1901,1,12728
1900,Canada,OILS,Olive,Tuns,496.0,11.0,496.0,1,within5,C,tn_1901,1,12892
1900,Canada,OILS,Palm,Cwts,243.0,203.0,243.0,1,mod,D,tn_1901,1,12996
1900,Canada,OILS,Seed,Tons,337.0,16.0,357.0,0,mod,D,tn_1901,1,13084
1900,Newfoundland,OILS,Seed,Tons,571.0,18.0,571.0,1,mod,D,tn_1901,1,13089
1900,Canada,OLEO-MARGARINE OR OLEO OIL,,Cwts,3278.0,,1046.0,0,within5,D,tn_1901,1,13506
1900,Canada,OLEO-MARGARINE OR OLEO OIL,,Cwts,1100.0,896.0,1046.0,0,within5,D,tn_1901,1,13641
1900,Canada,"PAPER, Printed or Coated",Strawboard or Millboard,Cwts,259.0,784.0,,0,exact01,B,tn_1901,1,13736
1900,Canada,PAPER-MAKING MATERIALS,"Esparto, and other Vegetable Fibres for Making Paper",Tons,350.0,17.0,,0,exact01,B,tn_1901,1,14267
1900,Canada,"PLANTS, SHRUBS, TREES, and FLOWER ROOTS",,,1302.0,,,0,gross,D,tn_1901,1,14327
1900,Canada,Rabbits (dead),Beef,,1046.0,242.0,,0,within5,D,tn_1901,1,10001
1900,Canada,SILK,"Manufactures of Silk, unenumerated, mixed, or not, with other Materials",,11301.0,,,0,exact01,B,tn_1901,1,15854
1900,Canada,SILK,Raw,Lbs,143231.0,,,0,mod,D,tn_1901,1,15500
1900,Canada,SILK,Raw,Lbs,8043.0,,,0,within5,D,tn_1901,1,15565
1900,Canada,SILK,Raw,Lbs,60097.0,,,0,within5,D,tn_1901,1,15686
1900,Newfoundland,SILK,Raw,Lbs,1160.0,,,0,within5,D,tn_1901,1,15691
1900,Canada,SKINS AND FURS,Dressed or Undressed (not Leather),Number,6335.0,30230.0,6535.0,0,gross,D,tn_1901,1,16032
1900,Canada,SKINS AND FURS,"Furs, Rabbit Skins",Number,6857.0,75271.0,6857.0,1,gross,D,tn_1901,1,16088
1900,Canada,SKINS AND FURS,"Furs, Rabbit Skins : Manufactures of, including     Skin Rugs",,644.0,,806.0,0,mod,D,tn_1901,1,16252
1900,Canada,SKINS AND FURS,"Furs, Rabbit Skins : Manufactures of, including     Skin Rugs",,5679.0,3080.0,806.0,0,exact01,D,tn_1901,1,16285
1900,Canada,SKINS AND FURS,"Furs, Rabbit Skins : Seal Skins",Number,2120.0,1305.0,2129.0,0,within5,D,tn_1901,1,16133
1900,Canada,SKINS AND FURS,"Furs, Rabbit Skins : Unenumerated",Number,55661.0,316671.0,55601.0,0,exact01,D,tn_1901,1,16197
1900,Canada,SKINS AND FURS,Ginger,Cwts,2208.0,1412.0,2208.0,1,mod,D,tn_1901,1,16441
1900,Canada,SKINS AND FURS,Pepper,Lbs,16066.0,553200.0,15.0,0,exact01,D,tn_1901,1,16586
1900,Canada,SKINS AND FURS,"Skins, Goat, Undressed",,23945.0,208701.0,23945.0,1,gross,D,tn_1901,1,15914
1900,Canada,SKINS AND FURS,"Skins, Goat, Undressed : Sheep, Undressed",Number,14539.0,219395.0,14530.0,1,gross,D,tn_1901,1,15979
1900,Canada,SKINS AND FURS,Unenumerated,Lbs,7915.0,235600.0,,0,exact01,B,tn_1901,1,16731
1900,Canada,SPIRITS,"Brandy, Total of",,1117.0,1433.0,1117.0,1,within5,C,tn_1901,1,22100
1900,Canada,SPIRITS,"Brandy, imported in Bottles",,572.0,426.0,572.0,1,mod,D,tn_1901,1,21965
1900,Canada,SPIRITS,"Geneva, imported in Casks",,45.0,241.0,45.0,1,within5,C,tn_1901,1,22129
1900,Canada,SPIRITS,"Geneva, imported in Casks",,72.0,200.0,45.0,0,exact01,D,tn_1901,1,22140
1900,Canada,SPIRITS,"Geneva, imported in Casks",Proof Gallons,117.0,507.0,,0,exact01,B,tn_1901,1,22182
1900,Canada,SPIRITS,"Liqueurs, Cordials, &c., not tested for ascertaining the Strength, Total of",Gallons,664.0,720.0,604.0,0,gross,D,tn_1901,1,22517
1900,Canada,SPIRITS,"Liqueurs, Cordials, &c., not tested, imported in Bottles",,661.0,720.0,661.0,1,gross,D,tn_1901,1,22453
1900,Canada,SPIRITS,"Perfumed, Total of",Gallons,260.0,97.0,260.0,1,within5,C,tn_1901,1,22630
1900,Canada,SPIRITS,"Perfumed, imported in Bottles",,260.0,97.0,260.0,1,within5,C,tn_1901,1,22552
1900,Canada,SPONGE,,,1433.0,5783.0,,0,mod,D,tn_1901,1,16840
1900,Canada,"SUGAR: Refined, or rendered by any process equal thereto, in lumps and loaves","Refined, Other Sorts, including Sugar Candy",Cwts,5503.0,8390.0,5503.0,1,within5,C,tn_1901,1,17216
1900,Canada,"SUGAR: Refined, or rendered by any process equal thereto, in lumps and loaves","Unrefined, Beetroot : Cane and Other Sorts",Cwts,16406.0,20300.0,10406.0,0,gross,D,tn_1901,1,17336
1900,Canada,Saltpetre (Nitrate of Potash),"Other Sorts, Unenumerated",,16305.0,,,0,mod,D,tn_1901,1,1699
1900,Canada,TALLOW and STEARINE,,Cwts,115.0,47.0,1046.0,0,exact01,D,tn_1901,1,17568
1900,Canada,TOBACCO,East Coast of Africa : Other Sorts,Lbs,216.0,517.0,,0,within5,D,tn_1901,1,24341
1900,Canada,TOBACCO,Imported in Casks,Gallons,5382.0,13250.0,5882.0,0,within5,D,tn_1901,1,24571
1900,Canada,TOBACCO,"in Casks, mixed in Bond",Gallons,100.0,578.0,5725.0,0,exact01,D,tn_1901,1,24668
1900,Canada,TOBACCO,pagne,,5725.0,3715.0,,0,within5,D,tn_1901,1,24967
1900,Newfoundland,TOBACCO,pagne,,185.0,132.0,,0,within5,D,tn_1901,1,24972
1900,Canada,TOBACCO,pagne,,12703.0,20368.0,,0,mod,D,tn_1901,1,25247
1900,Newfoundland,TOBACCO,pagne,,626.0,1377.0,,0,mod,D,tn_1901,1,25252
1900,Canada,Tea: of China,,Lbs,15595.0,397600.0,,0,mod,D,tn_1901,1,22961
1900,Newfoundland,Tea: of China,,Lbs,7533.0,230892.0,,0,mod,D,tn_1901,1,22966
1900,Canada,Tea: of China,Tea: of British East India,Lbs,50596.0,1292004.0,,0,exact01,B,tn_1901,1,23121
1900,Newfoundland,Tea: of China,Tea: of British East India,Lbs,5062.0,109511.0,,0,exact01,B,tn_1901,1,23126
1900,Canada,Tea: of China,of Ceylon,Lbs,72612.0,1820531.0,,0,within5,D,tn_1901,1,23286
1900,Newfoundland,Tea: of China,of Ceylon,Lbs,13582.0,313696.0,,0,within5,D,tn_1901,1,23291
1900,Canada,Tea: of China,of Ceylon,Lbs,1643.0,32154.0,,0,exact01,B,tn_1901,1,23415
1900,Newfoundland,Tea: of China,of Ceylon,Lbs,316.0,6492.0,,0,exact01,B,tn_1901,1,23420
1900,Canada,Tea: of China,of Ceylon,Lbs,140446.0,3643198.0,,0,within5,D,tn_1901,1,23645
1900,Newfoundland,Tea: of China,of Ceylon,Lbs,26858.0,669561.0,,0,within5,D,tn_1901,1,23650
1900,Canada,"VEGETABLES, Raw",Onions,Bushels,4786.0,31003.0,4786.0,1,gross,D,tn_1901,1,17785
1900,Canada,"VEGETABLES. Raw, unenumerated",,,2033.0,,,0,mod,D,tn_1901,1,17964
1900,Canada,"WOOD and TIMBER, viz.","Sawn or Split, Planed or Dressed: Fir",Loads,949.0,,,0,within5,D,tn_1901,1,18934
1900,Canada,WOOL,Sheep or Lambs' Wool,Lbs,96821.0,2413850.0,90821.0,0,exact01,D,tn_1901,1,19161
1900,Canada,"WOOLLEN RAGS, applicable to other uses than manure, torn up or not",,Tons,258.0,10.0,,0,gross,D,tn_1901,1,19239
1900,Canada,WOOLLEN YARN,"For Weaving, mixed or not with Silk",Lbs,194.0,1762.0,,0,gross,D,tn_1901,1,19269
1900,Canada,WOOLLEN YARN,"For other purposes, including Berlin Wool and Zephyr Yarn",Lbs,3513.0,28151.0,3518.0,0,gross,D,tn_1901,1,19337
1900,Canada,WOOLLEN YARN,"For other purposes, including Berlin Wool and Zephyr Yarn",Lbs,6443.0,49875.0,3518.0,0,within5,D,tn_1901,1,19442
1900,Canada,WOOLLEN YARN,"For other purposes, including Berlin Wool and Zephyr Yarn",Lbs,33032.0,,3518.0,0,within5,D,tn_1901,1,19598
