commodity,bucket,gbp,has_t1,n_cells,n_countries,dupe_pct,dupe_partner,dupe_pct_ub,host_share,dupe_partner_ub,place_article,name_article,fold_candidate
"Sugar — Unrefined : Cane, And Other Sorts",DUPE-FAM,128058215,1,544,69,75,"Sugar — Unrefined, Total",76,74,"Sugar — Unrefined, Total",,,
"Corn And Grain — Cotton Raw, And Waste Of",DUPE-FAM,53385640,0,22,22,95,Cotton — Raw,95,95,Cotton — Raw,,,
Wheatmeal And Flour,DUPE-FAM,48597275,1,97,25,62,Corn And Grain — Wheat Meal Or Flour,63,62,Corn And Grain — Wheat Meal Or Flour,,,
Corn And Grain — From Russia,DUPE-FAM,33917153,0,69,36,0,,83,55,Corn And Grain — Wheat,,,
Ore Of (Including Chrome),DUPE-FAM,24603932,1,143,35,60,Iron — Ore Of,64,60,Iron — Ore Of,,,
Lead — Undressed,DUPE-FAM,23485390,0,93,20,83,"Skins, Furs, And Pelts — Undressed",83,81,"Skins, Furs, And Pelts — Undressed",,,
Corn And Grain — From British East Indies,DUPE-FAM,19541640,0,22,9,0,,95,86,Corn And Grain — Wheat,,,
"Sugar — Sawn Or Split, Planed Or Dressed, Fir",DUPE-FAM,14474668,0,18,21,89,Wood And Timber — Sawn Or Split,89,89,Wood And Timber — Sawn Or Split,,,
"Horns, Tips And Pieces Of Horns And Hoofs — Manufactures Of Iron Or Steel, Unenumerated",DUPE-FAM,13973723,0,161,47,71,"Iron — Manufactures Of Iron Or Steel, Unenumerated",79,35,"Iron — Manufactures Of Iron Or Steel, Unenumerated",,,
Margarine (Including All Kinds Of Artificial Or Imitation Butter),DUPE-FAM,13954325,1,47,37,51,Caoutchouc,51,36,Caoutchouc,,,
"Horns, Tips And Pieces Of Horns And Hoofs — Unenumerated",DUPE-FAM,13947232,0,82,19,0,,60,51,"Iron — Manufactures Of Iron Or Steel, Unenumerated",,,
Fish (Including Turtle) — Dressed Or Undressed,DUPE-FAM,13463955,0,38,13,53,"Flax, Dressed Or Undressed",68,66,"Flax, Dressed Or Undressed",,,
"Fruit — Perfumed Spirits (Including Water Cologne) : Unenumerated, Including Shrub",DUPE-FAM,12655876,0,15,15,60,"Spirits — Unenumerated, Including Shrub",100,60,"Spirits — Unenumerated, Including Shrub",,,
"Petroleum, Lubricating — Petroleum, Illuminating And Lu- Bricating",DUPE-FAM,12599420,0,40,10,88,Petroleum,88,88,Petroleum,,,
"Slates — In Blocks, Ingots, Bars, Or Slabs",DUPE-FAM,12062483,0,82,23,76,"Tin — In Blocks, Ingots, Bars, Or Slabs",80,76,"Tin — In Blocks, Ingots, Bars, Or Slabs",,,
"Skins, And Furs",DUPE-FAM,11281411,0,120,26,58,"Silver, Ore Of, Or Ore Of Which The Greater Part In Value Is Silver",90,87,"Skins — Sheep And Lamb, Undressed",,,"Skins, Furs, And Pelts — Seal"
"Sugar — In Blocks, Ingots, Bars, Or Slabs",DUPE-FAM,11154125,0,65,18,3,"Tin — In Blocks, Ingots, Bars, Or Slabs",85,80,"Tin — In Blocks, Ingots, Bars, Or Slabs",,,
Cork — Bere Or Bigg,DUPE-FAM,10010622,0,24,24,58,Corn And Grain — Wheat Meal Or Flour,58,58,Corn And Grain — Wheat Meal Or Flour,,,
"Flax — Apples, Raw",DUPE-FAM,9784560,0,89,20,62,"Fruit — Apples, Raw",62,55,"Fruit — Apples, Raw",,,
Caoutchouc — East Africa,DUPE-FAM,8929084,0,62,29,2,Caoutchouc,85,85,Caoutchouc,,,
Beef — Eastern Coast Of Africa,DUPE-FAM,8326936,0,59,39,7,Cacosthene — East Coast Of Africa,73,58,Caoutchouc,,,
Shells Of All Kinds — Raw,DUPE-FAM,7955092,0,77,16,3,Silk — Raw,61,60,Silk — Raw,,,
Nuts And Kernels — Olive,DUPE-FAM,7939732,1,88,24,61,Oil — Olive,67,61,Oil — Olive,,,
Imitation Rum,DUPE-FAM,7476743,1,105,19,56,Spirits — Brandy,57,45,Spirits — Brandy,,,
"Fish (Including Turtle) — Apples, Raw",DUPE-FAM,5691938,0,83,19,75,"Fruit — Apples, Raw",75,67,"Fruit — Apples, Raw",,,
Caoutchouc — West Africa,DUPE-FAM,5641706,0,53,31,8,Cacosthene,91,85,Caoutchouc,,,
"Chemical Manufactures And Products, Not Enumerated And Not Chargeable With Duty (Including Carbide Of Calcium)",DUPE-FAM,5484944,0,72,16,61,"Chemical Manufactures And Products, Not Enumerated And Not Chargeable With Duty",61,60,"Chemical Manufactures And Products, Not Enumerated And Not Chargeable With Duty",,,
Phosphate Of Lime And Rock,DUPE-FAM,5375181,1,109,27,67,Manures — Phosphate Of Lime And Rock,70,60,Manures — Phosphate Of Lime And Rock,,,
"Beef — Copper, Ore Of : Unwrought, In Bars, Blocks, Slabs, Cakes, And Ingots",DUPE-FAM,5202855,0,14,23,86,"Copper, Ore Of — Unwrought, In Bars, Blocks Or Slabs, Cakes Or Ingots",86,86,"Copper, Ore Of — Unwrought, In Bars, Blocks Or Slabs, Cakes Or Ingots",,,
Corn And Grain — Oats: From Russia,DUPE-FAM,4618306,0,18,19,72,Oats,72,72,Oats,,,
Tea — British Indies,DUPE-FAM,4608175,0,11,9,0,,100,100,Tea,,,
"Mutton, Fresh — From Australasia",DUPE-FAM,4312562,0,21,12,0,,71,71,"Mutton, Fresh",,,
Lates,DUPE-FAM,4047419,0,210,40,40,Slates,66,53,Slates,,,
"Cheese — China Or Porcelain, And Earthen- Ware",DUPE-FAM,3963988,0,52,11,96,"China, Or Porcelain, And Earthenware",96,96,"China, Or Porcelain, And Earthenware",,,
"Hides, Raw, And Pieces Thereof",DUPE-FAM,3577896,0,97,51,36,Hemp,96,93,"Hides, Raw, And Pieces Thereof — Dry",,,"Hides, Raw, And Pieces Thereof — Dry"
"Beef — Copper, Ore Of : Regulus And Precipitate",DUPE-FAM,3507866,0,15,20,60,Regulus And Precipitate,60,60,Regulus And Precipitate,,,
Articles Imported By Parcelpost,DUPE-FAM,3365944,0,124,39,17,"Woollen Yarn — Goods, Being Either In Part Or Wholly Manufactured, Unenumerated",99,99,Zinc — Articles Imported By Parcel Post,,,
"Meat, Unenumerated — Meat, Unenumeratedpreserved, Otherwise Than By Salting",DUPE-FAM,3300305,0,36,27,86,"Preserved, Otherwise Than By Salting",86,86,"Preserved, Otherwise Than By Salting",,,
Notton. Fresh,DUPE-FAM,3282001,0,12,14,83,"Mutton, Fresh",83,83,"Mutton, Fresh",,,
"Ivory — Manufactures Of, Including Piece Goods, Sacks, And Bags",DUPE-FAM,3208407,0,12,7,67,"Jute — Manufactures Of, Including     Piece Goods, Sacks, And     Bags",75,67,"Jute — Manufactures Of, Including     Piece Goods, Sacks, And     Bags",,,
Wool — Cloths,DUPE-FAM,3099164,0,52,21,62,Woollen Yarn — Carpets And Rugs,63,25,Woollen Yarn — Cloths,,,Of Wool (Other Than Goats'): Cloths
"Rags, And Other Materials Formaking Paper — Esparto, And Other Vegetablefibres",DUPE-FAM,3016300,0,14,6,0,,93,93,"Paper-Making Materials — Esparto, And Other Vegetable Fibres",,,
Bark — Eastern Coast Of Africa,DUPE-FAM,2989215,0,107,26,72,Feathers And Down,73,67,Feathers And Down,,,
"Flax — Unenumerated, Dried",DUPE-FAM,2955665,0,155,34,81,"Fish (Including Turtle) — Unenumerated, Dried",92,68,"Fish (Including Turtle) — Unenumerated, Dried",,,
"Flax — Unenumerated, Raw",DUPE-FAM,2780217,0,85,18,89,Fruit — Unenumerated : Raw,89,79,Fruit — Unenumerated : Raw,,,
"Metal — Nitre, Crude",DUPE-FAM,2774847,0,5,4,80,"Nitre, Cubic (Nitrate Of Soda)",80,80,"Nitre, Cubic (Nitrate Of Soda)",,,
Cloucharouc,DUPE-FAM,2754692,0,17,17,0,,82,82,Caoutchouc,,,
Coffee — Raw · West Africa,DUPE-FAM,2739214,0,20,17,0,,55,55,Coffee — Raw,,,
"Manufactures Of Iron And Steel — Girders, Beams, Joists And Pillars",DUPE-FAM,2701953,1,7,5,71,"Manufactures Of Iron Or Steel — Girders, Beams And Pillars",71,71,"Manufactures Of Iron Or Steel — Girders, Beams And Pillars",,,
"Beef — Lead, Ore Of : Pig And Sheet",DUPE-FAM,2695501,0,20,24,60,Lead — Pig And Sheet,60,35,Lead — Pig And Sheet,,,
Cacosthene,DUPE-FAM,2667385,0,24,24,96,Cacosthene — East Coast Of Africa,96,75,Caoutchouc,,,
"Cheese — Chemical Manufactures And Pro- Ducts, Not Enumerated",DUPE-FAM,2661265,0,27,14,74,"Chemical Manufactures And Products, Not Enumerated And Not Chargeable With Duty",74,70,"Chemical Manufactures And Products, Not Enumerated And Not Chargeable With Duty",,,
"Shells Of All Kinds — Knubs Or Hueks Of Silk, And Waste",DUPE-FAM,2608110,0,77,20,65,"Silk — Knubs Or Husks Of Silk, And Waste",75,64,"Silk — Knubs Or Husks Of Silk, And Waste",,,
Wine — Red: Total Of,DUPE-FAM,2540645,0,20,20,55,"Tobacco — White, In Bottles, Still : Champagne",55,55,"Tobacco — White, In Bottles, Still : Champagne",,,
Fruit — Brandy,DUPE-FAM,2469378,0,24,14,71,Spirits — Brandy,75,62,Spirits — Brandy,,,
"Fish (Including Turtle) — Unenumerated, Raw",DUPE-FAM,2435962,0,84,18,83,Fruit — Unenumerated : Raw,83,73,Fruit — Unenumerated : Raw,,,
Wood,DUPE-FAM,2402984,0,9,9,56,Eggs,56,56,Eggs,,,Wood And Timber — Sawn Or Split
Coffee — Raw · India,DUPE-FAM,2340964,0,16,16,0,,100,100,Coffee — Raw,,,
"Hides, Raw, And Pieces Thereof — Horn",DUPE-FAM,2322599,0,8,8,100,Hops,100,100,Hops,,,
"Prints, Engravings And Photo- Graphs — Printes Of Iron Or Copper",DUPE-FAM,2265788,0,10,7,80,Pyrites Of Iron Or Copper,80,80,Pyrites Of Iron Or Copper,,,
Bones For Manure (Whether Burnt Or Not),DUPE-FAM,2249149,1,149,36,70,Manures — Bones For Manure,72,60,Manures — Bones For Manure,,,
"Tea — White, In Bottles: Sparkling : Champagne",DUPE-FAM,2248340,0,2,2,100,Tobacco — Champagne,100,100,Tobacco — Champagne,,,
"Straw — Straw Platting, For Making Hatsor Bonnets",DUPE-FAM,2246045,0,28,13,0,,93,93,Straw Platting For Hats Or Bonnets,,,
Paper — Refined,DUPE-FAM,2180779,0,5,3,100,Petroleum — Refined,100,100,Petroleum — Refined,,,
Cotton — Eastern Coast Of Africa,DUPE-FAM,2074349,0,96,25,58,Cotton,58,42,Cotton,,,
"Hats Or Bonnets — Hide, Dressed Or Undressed",DUPE-FAM,2056154,0,15,15,87,Hemp — Dressed Or Undressed,87,87,Hemp — Dressed Or Undressed,,,
Rape,DUPE-FAM,1986869,1,58,17,83,Seeds — Rape,83,76,Seeds — Rape,,,
Corn And Grain — Unenumerated,DUPE-FAM,1905369,0,30,24,60,"Dye Stuffs, And Substances Used In Tanning — Unenumerated",87,60,"Dye Stuffs, And Substances Used In Tanning — Unenumerated",,,
Oil — Oil Seed Cark,DUPE-FAM,1896785,0,4,4,0,,100,100,Oil — Oil Seed Cakes,,,
Ether — Currants,DUPE-FAM,1869945,0,13,13,69,Fruit — Currants,69,38,Fruit — Currants,,,
"Silver, Ore Of, Or Ore Of Which The Greater Part In Value Is Silver — Skins, Unenumerated, Undressed",DUPE-FAM,1807541,0,185,42,71,"Skins, And Furs — Skins, Unenumerated, Undressed",82,52,Shells Of All Kinds — Dressed,,,
Beads Of All Sorts — Fresh,DUPE-FAM,1799581,0,18,6,61,Beef — Fresh,61,56,Beef — Fresh,,,
"Oils — Fish, Train Or Blubber",DUPE-FAM,1752217,1,47,17,62,Oil — Fish : Train Or Blubber,66,62,Oil — Fish : Train Or Blubber,,,
"Skins, And Furs — Skins, Unenumerated, Undressed",DUPE-FAM,1718669,1,191,44,71,"Silver, Ore Of, Or Ore Of Which The Greater Part In Value Is Silver — Skins, Unenumerated, Undressed",80,47,"Silver, Ore Of, Or Ore Of Which The Greater Part In Value Is Silver — Skins, Unenumerated, Undressed",,,
"Drugs — Unenumerated, Including Medicinal Preparations Not Liable To Duty",DUPE-FAM,1692634,0,75,15,73,"Drugs — Unenumerated, Including Medi-   ""   Cinal Preparations Not Liable   ""   To Duty",73,73,"Drugs — Unenumerated, Including Medi-   ""   Cinal Preparations Not Liable   ""   To Duty",,,
"Dye Stuffs (Other Than Dye Woods) And Substances Used In Tan- Ning Or Dyeing — Dyes Obtained From Coal Tar, Aniline",DUPE-FAM,1685939,0,25,5,84,"Dye Stuffs, And Substances Used In Tanning — Aniline",84,72,"Dye Stuffs, And Substances Used In Tanning — Aniline",,,
Oil — Oil Seed Cure,DUPE-FAM,1631277,0,5,5,100,Oil — Oil Seed Cakes,100,100,Oil — Oil Seed Cakes,,,
"Horns, Tips And Pieces Of Horns And Hoofs — Manufactures Of, Including Piece Goods, Sacks, And Bags",DUPE-FAM,1628903,0,7,7,86,"Jute — Manufactures Of, Including     Piece Goods, Sacks, And     Bags",86,86,"Jute — Manufactures Of, Including     Piece Goods, Sacks, And     Bags",,,
"Ivory — Teeth, Elephants', Sea Cow, And Sea Horse",DUPE-FAM,1606432,1,43,23,63,"Teeth, Elephants', Sea Cow, And Sea Horse",65,49,"Teeth, Elephants', Sea Cow, And Sea Horse",,,
Lead — Uneenumerated,DUPE-FAM,1589552,0,66,22,65,Manures — Unenumerated,65,47,Manures — Unenumerated,,,
Sugar — From British Possessions In South Africa,DUPE-FAM,1580161,0,5,6,20,Sugar — From Australasia,100,100,"Sugar — Unrefined, Total",,,
Nuts And Kernels — From West Coast Of Africa (Foreign),DUPE-FAM,1536781,0,28,18,0,,79,75,Nuts And Kernels — For Expressing Oil Therefrom,,,
"Dye Stuffs (Other Than Dye Woods), And Substances Used In Tanning Or Dyeing — Unenumerated",DUPE-FAM,1532442,0,167,35,52,"Copper, Ore Of — Valonia",53,32,"Copper, Ore Of — Valonia",,,
"Leather — Manufactures, Including Manufactures Of Linen Mixed With Cotton",DUPE-FAM,1468072,0,80,23,51,"Linen — Manufactures, Including Manu- Factures Of Linen Mixed With Cotton",74,46,"Linen — Manufactures, Including Manu- Factures Of Linen Mixed With Cotton",,,
Nuts And Kernels — India,DUPE-FAM,1455920,0,38,30,29,Nuts And Kernels — Dutch Possessions In The Indian Seas,95,92,Nuts And Kernels — For Expressing Oil Therefrom,,,
"Woollen Yarn — Goods, Being Either In Part Or Wholly Manufactured, Unenumerated",DUPE-FAM,1396703,0,79,42,24,Articles Imported By Parcelpost,81,80,Parcel Post (Goods Free Of Duty),,,
"Stationery, Other Than Paper — Rough, Hewn Or Manufactured: (Other Than Works Of Art)",DUPE-FAM,1359042,0,27,14,96,"Stones, Marble, And Slate : Rough, Hewn Or Manufactured : (Other Than Works Of Art)",96,96,"Stones, Marble, And Slate : Rough, Hewn Or Manufactured : (Other Than Works Of Art)",,,
"Teeth, Elephants', Sea Cow, And Sea Horse — West Coast Of Africa, Foreign",DUPE-FAM,1342097,0,27,13,0,,93,89,"Teeth, Elephants', Sea Cow, And Sea Horse",,,
Bark — Fresh (Not Of British Taking) Herrings,DUPE-FAM,1333595,0,36,13,78,Fish (Including Turtle) — Other Sorts Of Fresh Fish,81,39,Fish (Including Turtle) — Other Sorts Of Fresh Fish,,,
Liard,DUPE-FAM,1308844,0,5,5,80,Lard,80,80,Lard,,,
"Glass — Window Glass (Not Being Plate Glass), Andgerman Sheet Glass, Including Shades Andcylinders",DUPE-FAM,1299394,0,9,4,0,,100,100,"Glass — Window Glass (Not Being Plate Glass), And German Sheet Glass, Including Shades And Cylinders",,,
"Copper, Ore Of — Dyes Obtained From Coal Tar, Alizarine",DUPE-FAM,1253573,0,7,3,86,"Dye Stuffs (Other Than Dye Woods) And Substances Used In Tan- Ning Or Dyeing — Dyes Obtained From Coal Tar, Alizarine",86,86,"Dye Stuffs (Other Than Dye Woods) And Substances Used In Tan- Ning Or Dyeing — Dyes Obtained From Coal Tar, Alizarine",,,
"Cocoa — Cocoa Or Chocolate, Ground, Prepared Orin Any Way Manufactured",DUPE-FAM,1218527,0,34,10,0,,71,59,"Cocoa Or Chocolate, Ground, Prepared, Or In Any Way Manufactured",,,
Zinc — Manufactures,DUPE-FAM,1187510,0,15,5,93,"Zinc — Manufactures, Unenumerated",93,93,"Zinc — Manufactures, Unenumerated",,,"Zinc — Manufactures, Unenumerated"
"Matches — .. Preserved, Otherwise Than Bysalting : Beef",DUPE-FAM,1184004,0,7,7,0,,100,100,"Meat. Unenumerated — Preserved, Otherwise Than By Salting : Beef",,,
Fish,DUPE-FAM,1174134,1,7,8,86,Oil — West Africa,86,86,Oil — Palm,,,
Oil — West Africa,DUPE-FAM,1174134,0,7,8,86,Fish,100,100,Oil — Palm,,,
"Copper, Ore Of — Dutch Possessions In The Indian Seas",DUPE-FAM,1160428,0,105,22,73,"Drugs — Unenumerated, Including Medi-   ""   Cinal Preparations Not Liable   ""   To Duty",73,69,"Drugs — Unenumerated, Including Medi-   ""   Cinal Preparations Not Liable   ""   To Duty",,,
Spices,DUPE-FAM,1157945,0,11,11,18,Slates,64,55,Spices — Pepper,,,Spices — Pepper
"Hats Or Bonnets — Unenumerated Vegetable Sub- Stances, Applicable To The Same Uses As Hemp Or Flax",DUPE-FAM,1145493,0,104,24,62,"Hemp — Unenumerated Vegetable Substances, Applicable To The Same Uses As Flax Or Hemp",69,55,"Hemp — Unenumerated Vegetable Substances, Applicable To The Same Uses As Flax Or Hemp",,,
Wood And Timber — From British East Indies,DUPE-FAM,1133604,0,4,2,0,,100,100,Wood And Timber — Teak,,,
"Silver, Ore Of, Or Ore Of Which The Greater Part In Value Is Silver — Skins, Sheep, Undressed",DUPE-FAM,1118502,0,87,13,48,"Skins — Sheep And Lamb, Undressed",67,61,"Skins — Sheep And Lamb, Undressed",,,
"Ntre, Cubic",DUPE-FAM,1102583,0,4,6,100,"Nitre, Cubic (Nitrate Of Soda)",100,100,"Nitre, Cubic (Nitrate Of Soda)",,,
"Horns, Tips And Pieces Of Horns And Hoofs — Steel, Unwrought",DUPE-FAM,1079708,0,39,9,74,Steel — Unwrought,74,74,Steel — Unwrought,,,
Drugs — From British East Indies,DUPE-FAM,1079575,0,18,9,0,,94,67,"Drugs — Bark, Peruvian",,,
Metal — Condensed Or Preserved,DUPE-FAM,1079235,0,8,8,88,"Milk, Condensed",88,88,"Milk, Condensed",,,
"Cotton — Manufactures, Broad Stuffs, Velvet, Plain Or Figured, Wholly Of Silk",DUPE-FAM,1039523,0,8,4,75,"Silk — Manufactures, Broad Stuffs, Velvet, Plain Or Figured, Wholly Of Silk",75,75,"Silk — Manufactures, Broad Stuffs, Velvet, Plain Or Figured, Wholly Of Silk",,,
Glass — Dry,DUPE-FAM,1035549,0,77,16,75,Hemp — Dry,75,60,Hemp — Dry,,,
Leather — Unenumerated,DUPE-FAM,1029314,0,56,14,86,Manures — Unenumerated,88,68,Manures — Unenumerated,,,Leather Manufactures — Unenumerated
"Dye Stuffs (Other Than Dye Woods), And Substances Used In Tanning Or Dyeing — Bark",DUPE-FAM,1002550,0,119,24,51,Bark,52,51,Bark,,,
"Animals, Living — Stallions : Geldings",DUPE-FAM,949468,0,35,16,66,Geldings,66,66,Geldings,,,
Eggs — Eastern Coast Of Africa,DUPE-FAM,944325,0,15,15,73,Farinaceous Substances And Manufactures Thereof,73,73,Farinaceous Substances And Manufactures Thereof,,,
Wool — Mohair,DUPE-FAM,926867,0,9,9,0,,78,78,"Wool — Goats' Wool, Mohair",,,"Wool — Goats' Wool, Mohair"
Sugar — From Australasia,DUPE-FAM,890092,0,2,4,50,Sugar — From British Possessions In South Africa,100,100,"Sugar — Unrefined : Cane, And Other Sorts",,,
"China, Or Porcelain, And Earthenware — Maize Or Indian Cornmeal",DUPE-FAM,878515,0,10,2,70,Maize Or Indian Corn Meal,70,50,Maize Or Indian Corn Meal,,,
"Tar — West Coast Of Africa, Foreign",DUPE-FAM,869590,0,20,9,0,,55,55,"Teeth, Elephants', Sea Cow, And Sea Horse",,,
Glass — Unenumerated,DUPE-FAM,833701,1,49,10,84,Flax — Unenumerated,84,71,Flax — Unenumerated,,,
Cheese — Maize Or Indian Cornmeal,DUPE-FAM,832483,0,4,2,75,Corn And Grain — Maize Or Indian Cornmeal,75,75,Corn And Grain — Maize Or Indian Cornmeal,,,
"Stationery, Other Than Paper — Stones, Marble, Rough, Hewn Ormanufactured (Other Than Worksof Art)",DUPE-FAM,828227,0,14,15,0,,93,93,"Stones, Marble, And Slate : Rough, Hewn Or Manufactured : (Other Than Works Of Art)",,,
"Dye Stuffs (Other Than Dye Woods), And Substances Used In Tanning Or Dyeing — Sumach",DUPE-FAM,814486,0,21,9,62,Sumach,62,52,Sumach,,,
"Copper, Ore Of — Manufactures Of, Not Otherwise Enumerated Or Described, Including Copper Plates Engraved",DUPE-FAM,804706,0,36,8,64,Part Wrought,64,33,Part Wrought,,,
"Beef — Iron, Ore Of (Including Chrome Ore) : Pig",DUPE-FAM,759110,0,8,9,0,,100,100,Metals And Ores — Pig,,,
Bones (Except Whalefins) — Applicable To Manufacturing Pur- Poses,DUPE-FAM,751277,1,92,17,53,Beef — Applicable To Manufacturing Purposes,72,55,Beef — Applicable To Manufacturing Purposes,,,
Drugs — Not Liable To Duty,DUPE-FAM,748425,0,21,21,71,"Drugs — Unenumerated, Including Medi-   ""   Cinal Preparations Not Liable   ""   To Duty",71,67,"Drugs — Unenumerated, Including Medi-   ""   Cinal Preparations Not Liable   ""   To Duty",,,
"Horns, Tips And Pieces Of Horns And Hoofs — Manufactures Of Iron Or Steel: Sewing Machines And Parts Thereof",DUPE-FAM,745216,0,25,6,60,"Iron — Sewing Machines, And Parts Thereof",64,60,"Iron — Sewing Machines, And Parts Thereof",,,
"Hides, Raw, And Pieces Thereof — East-Coast Of Africa",DUPE-FAM,734891,0,28,28,61,Hemp,100,93,"Hides, Raw, And Pieces Thereof — Dry",,,
"Fish — Fresh, Other Sorts",DUPE-FAM,726617,1,18,11,56,Fish (Including Turtle) — Other Sorts Of Fresh Fish,61,50,Fish (Including Turtle) — Other Sorts Of Fresh Fish,,,
"Silk Manufactures — Silver Ore, Or One Of Which The Greater Part In Value Is Silver",DUPE-FAM,715215,0,9,9,100,"Silver, Ore Of, Or Ore Of Which The Greater Part In Value Is Silver",100,100,"Silver, Ore Of, Or Ore Of Which The Greater Part In Value Is Silver",,,
"Tea — White, In Casks",DUPE-FAM,704683,0,17,17,71,"Tobacco — White, In Casks",76,71,"Tobacco — White, In Casks",,,
"Drugs — Unenumerated, Including Medicinal Preparations",DUPE-FAM,697414,0,29,29,79,"Drugs — Unenumerated, Including Medi-   ""   Cinal Preparations Not Liable   ""   To Duty",79,79,"Drugs — Unenumerated, Including Medi-   ""   Cinal Preparations Not Liable   ""   To Duty",,,
Drugs — Medicinal Preparations,DUPE-FAM,694486,0,29,29,86,"Drugs — Unenumerated, Including Medi-   ""   Cinal Preparations Not Liable   ""   To Duty",86,83,"Drugs — Unenumerated, Including Medi-   ""   Cinal Preparations Not Liable   ""   To Duty",,,
"Beef — Metal, Unenumerated, Unwrought : Unenumerated, Wrought Or Manufactured",DUPE-FAM,684227,0,8,8,100,"Lead, Ore Of — Metal, Unenumerated, Un- Wrought : Unenumerated, Wrought Or Manufactured",100,100,"Lead, Ore Of — Metal, Unenumerated, Un- Wrought : Unenumerated, Wrought Or Manufactured",,,
Corn And Grain — From United States Of America,DUPE-FAM,672758,0,11,4,0,,100,100,Corn And Grain — Oatmeal,,,
"Skins, And Furs — Skins, Sheep, Undressed",DUPE-FAM,670176,1,52,12,87,"Skins — Sheep And Lamb, Undressed",94,85,"Skins — Sheep And Lamb, Undressed",,,
Tobacco — Total Of All Kinds,DUPE-FAM,661185,0,51,12,33,Wine — Total Of All Kinds,57,55,Wine — Total Of All Kinds,,,
"Petroleum — Pickles And Vegetables, Preservedin Salt Or Vinegar",DUPE-FAM,640031,0,38,13,5,"Pickles And Vegetables, Preserved In Salt Or Vinegar",95,95,"Pickles And Vegetables, Preserved In Salt Or Vinegar",,,
Metals And Ores — Leaves Of,DUPE-FAM,618986,1,15,5,67,Gold — Leaves Of,80,80,Gold — Leaves Of,,,
Seeds — From Russia,DUPE-FAM,612749,0,6,6,0,,100,100,Seeds — Flax Or Linseed,,,
Manures — Phosphate Of Lime And Rook,DUPE-FAM,611088,1,14,14,93,Manures — Phosphate Of Lime And Rock,93,93,Manures — Phosphate Of Lime And Rock,,,
Metal — Olive,DUPE-FAM,607203,0,9,10,0,,78,78,Nuts And Kernels — Coco-Nut,,,
Shell Fish : Oysters,DUPE-FAM,596513,1,9,5,89,Fish (Including Turtle) — Shell Fish Of All Sorts,89,67,Fish (Including Turtle) — Shell Fish Of All Sorts,,,
Honey — Hors,DUPE-FAM,591582,0,7,7,0,,86,86,Hops,,,
"Metal — Nitre, Cubio (Nitrate Of Soda)",DUPE-FAM,584807,0,3,3,100,"Nitre, Cubic (Nitrate Of Soda)",100,100,"Nitre, Cubic (Nitrate Of Soda)",,,
"Paraffine — Perfumery, And Articles Used Inthe Manufacture Thereof",DUPE-FAM,581017,0,49,19,0,,100,57,"Perfumery, And Articles Used In The Manufacture Thereof",,,
"Copper, Ore Of — Sumach",DUPE-FAM,577411,0,18,7,78,"Madder, Madder Root, Garancine, And Munjeet",78,61,"Madder, Madder Root, Garancine, And Munjeet",,,
Sugar — Other Sorts,DUPE-FAM,546121,0,8,10,50,Sugar — Refined : Total Of,75,62,Sugar — Refined : Total Of,,,"Sugar — Unrefined, Total"
Bark — Catch And Gambier,DUPE-FAM,545395,0,3,6,67,Cutch And Gambier,67,67,Cutch And Gambier,,,
Fathers — For Bens,DUPE-FAM,508562,0,21,6,86,Feathers — For Beds,86,67,Feathers — For Beds,,,
Hats Or Bonnets — Eastern Coast Of Africa,DUPE-FAM,482033,0,56,22,62,Hemp,64,61,Hemp,,,
Wood — For Beds,DUPE-FAM,456127,0,13,13,77,Feathers And Down — Ornamental,77,46,Feathers And Down — Ornamental,,,
Feathers And Down — Sardines,DUPE-FAM,455427,0,5,5,80,"Cured, Sardines",80,80,"Cured, Sardines",,,
"Woollen Manufactures — Yarn, Dried",DUPE-FAM,438899,0,4,4,100,"Yeast, Dried",100,100,"Yeast, Dried",,,
Rabbits (Dead) — Beef,DUPE-FAM,437381,0,5,6,100,Meat — Beef,100,100,Meat — Beef,,,
"Envoys, Unenumerated",DUPE-FAM,427605,0,10,10,100,Drugs — Unenumerated,100,100,Drugs — Unenumerated,,,
"Beef — Metal, Unenumerated, Unwrought : Old, Fit Only To Be Re-Manufactured",DUPE-FAM,427381,0,19,30,95,"Lead, Ore Of — Metal, Unenumerated, Un- Wrought : Old, Fit Only To Be Re- Manufactured",95,95,"Lead, Ore Of — Metal, Unenumerated, Un- Wrought : Old, Fit Only To Be Re- Manufactured",,,
Fish (Including Turtle) — Sardines,DUPE-FAM,426739,0,7,7,71,"Cured, Sardines",71,71,"Cured, Sardines",,,
Eggs — Fresh (Not Of British Taking) Herrings,DUPE-FAM,417697,0,11,11,73,Fish (Including Turtle) — Other Sorts Of Fresh Fish,73,45,Fish (Including Turtle) — Other Sorts Of Fresh Fish,,,
"Leather Manufactures — Unenumerated, Or Where Of Leather   Is The Most Valuable Part",DUPE-FAM,407096,0,6,6,100,"Leather Manufactures — Unenumerated, Or Whereof Leather Is The Most Valuable Part",100,100,"Leather Manufactures — Unenumerated, Or Whereof Leather Is The Most Valuable Part",,,
Qui Silver,DUPE-FAM,407029,1,5,5,80,Quicksilver,80,80,Quicksilver,,,
Zinc — Of Other Sorts,DUPE-FAM,402557,0,22,7,77,Beer And Ale — Of Other Sorts,82,77,Beer And Ale — Of Other Sorts,,,"Zinc — Crude, In Cakes"
"Iron — Manufactures : Girders, Beams And Pillars",DUPE-FAM,386361,0,3,3,100,"Manufactures Of Iron Or Steel — Girders, Beams And Pillars",100,100,"Manufactures Of Iron Or Steel — Girders, Beams And Pillars",,,"Manufactures Of Iron Or Steel — Girders, Beams And Pillars"
"Linen — Yarn : Manufactures, Including Manu- Factures Of Linen Mixed With Cotton",DUPE-FAM,381650,0,6,6,83,"Lead — Manufactures, Including Manu- Factures Of Linen Mixed With Cotton",83,83,"Lead — Manufactures, Including Manu- Factures Of Linen Mixed With Cotton",,,
Cotton — Shumach,DUPE-FAM,370527,0,5,3,100,Sumach,100,100,Sumach,,,
"Ivory — Tooth, Elephants', Sea Cow, Sea Horse, Or Sea Morse",DUPE-FAM,369249,0,12,7,100,"Teeth, Elephants', Sea-Cow, Sea-Horse, Or Sea-Morse",100,92,"Teeth, Elephants', Sea-Cow, Sea-Horse, Or Sea-Morse",,,
"Ivory — Teeth, Elephants, Sea Dogs, Sea Horse, Or Sea Morses",DUPE-FAM,361539,0,8,8,75,"Ivory — Tooth, Elephants', Sea-Dog, Sea Horse, Or Sea Morse",75,75,"Ivory — Tooth, Elephants', Sea-Dog, Sea Horse, Or Sea Morse",,,
"Fish : Fresh, Herrings",DUPE-FAM,353888,1,8,4,62,Fresh (Not Of British Taking) — Herrings,100,75,Fresh (Not Of British Taking) — Herrings,,,
Ivory — East Africa,DUPE-FAM,351057,0,12,13,100,Ivory,100,100,Ivory,,,
Nuts And Kernels — .. West Africa,DUPE-FAM,349100,0,9,9,0,,67,67,Nuts And Kernels — For Expressing Oil Therefrom,,,
Guar — Unenumerated,DUPE-FAM,330170,0,15,15,100,Gum — Unenumerated,100,100,Gum — Unenumerated,,,
"Chicory : Other Vegetable Matter, Applicable To The Uses Of Chicory Or Of Coffee",DUPE-FAM,328987,1,10,13,90,"China, Or Porcelain, And Earthenware",90,90,"China, Or Porcelain, And Earthenware",,,
"Arms And Ammunition — Rockets And Other Combustibles For Purposes Of War; Explosives, Perussion Caps, And Ammun- Ition Unenumerated",DUPE-FAM,327620,0,29,11,52,"Ammunition — Rockets And Other Combustibles For Purposes Of War, Explosives, Percussion Caps, And Ammunition Not Otherwise Enumerated Or Described",52,34,"Ammunition — Rockets And Other Combustibles For Purposes Of War, Explosives, Percussion Caps, And Ammunition Not Otherwise Enumerated Or Described",,,
Fruit — Unenumerated : Preserved Without Sugar,DUPE-FAM,324742,0,16,15,0,,88,88,Preserved Without Sugar,,,
"Copper, Ore Of — Regulus And Precipitate : Old, Fit Only To Be Re-Manu- Factured",DUPE-FAM,320270,0,15,25,87,"Beef — Copper, Ore Of : Old, Fit Only To Be Re-Manu- Factured",87,87,"Beef — Copper, Ore Of : Old, Fit Only To Be Re-Manu- Factured",,,
Metal — Napitha (Crude),DUPE-FAM,317678,0,7,7,57,Naphtha (Crude),57,57,Naphtha (Crude),,,
Hats Or Bonnets — Unenumerated,DUPE-FAM,310871,0,8,8,100,Hair — Unenumerated,100,100,Hair — Unenumerated,,,
"Flax, Dressed And Undressed, And Tow",DUPE-FAM,307865,1,6,7,50,Tow,67,67,Tow,,,
"Bark — Dyes Obtained From Coal Tar, Alizarine",DUPE-FAM,302218,0,1,2,100,"Dye Stuffs, And Substances Used In Tanning — Alizarine",100,100,"Dye Stuffs, And Substances Used In Tanning — Alizarine",,,
"Copper, Ore Of — From British Possessions In South Africa",DUPE-FAM,299808,0,5,4,0,,80,60,"Copper, Ore Of",,,
"Tea — Red, In Bottles : Still",DUPE-FAM,297906,0,12,12,75,"Tobacco — Red, In Bottles, Still",75,75,"Tobacco — Red, In Bottles, Still",,,
"Dye Woods — Earthware, Not Being China Or Porcelain Ware",DUPE-FAM,290370,0,10,6,60,"Earthenware, Not Being China Or Porcelain Ware",60,60,"Earthenware, Not Being China Or Porcelain Ware",,,
"Quicksilver, Metallic — Linens And Cotton Rags",DUPE-FAM,287100,0,9,9,100,Pyrites Of Iron Or Copper Or Sulphur — Linen And Cotton Rag,100,100,Pyrites Of Iron Or Copper Or Sulphur — Linen And Cotton Rag,,,
Pyrites Of Iron Or Copper Or Sulphur — Linen And Cotton Rag,DUPE-FAM,287100,0,9,9,100,"Quicksilver, Metallic — Linens And Cotton Rags",100,100,"Quicksilver, Metallic — Linens And Cotton Rags",,,
Cheese — From Australasia,DUPE-FAM,283531,0,6,4,0,,67,67,Cheese,,,
Tin,DUPE-FAM,276171,0,5,9,100,Lates,100,100,Tin — Ore Of,,,"Tin — In Blocks, Ingots, Bars, Or Slabs"
Metal — Factured,DUPE-FAM,274997,0,25,25,64,"Metal — Unenumerated, Wrought Or Manufactured : Old, Fit Only To Be Re-Manufactured",68,32,"Metal — Unenumerated, Wrought Or Manufactured : Old, Fit Only To Be Re-Manufactured",,,
Bark — Unenumerated,DUPE-FAM,269667,0,22,21,59,"Dye Stuffs (Other Than Dye Woods), And Substances Used In Tanning Or Dyeing — Unenumerated",59,59,"Dye Stuffs (Other Than Dye Woods), And Substances Used In Tanning Or Dyeing — Unenumerated",,,
Paper — Printed,DUPE-FAM,253368,0,7,7,57,Paper — Printed Or Coated,57,57,Paper — Printed Or Coated,,,Paper — Printed Or Coated
Oil — From British North America,DUPE-FAM,251290,0,3,3,33,Nuts And Kernels — Whale Fisheries,100,100,Oil — Fish : Train Or Blubber,,,
"Fish (Including Turtle) — Fresh (Not Of British Taking) : Shell Fish, Oysters",DUPE-FAM,250964,0,4,4,100,Shell Fish : Oysters,100,100,Shell Fish : Oysters,,,
Bristles — Eastern Coast Of Africa,DUPE-FAM,248675,0,10,11,10,Caoutchouc,100,100,Caoutchouc,,,
Dye Woods: Logwood — Unenumerated,DUPE-FAM,244196,1,18,19,89,Dye Woods — Unenumerated,89,89,Dye Woods — Unenumerated,,,
"Skins, Furs, And Pelts — From British Possessions In South Africa",DUPE-FAM,243536,0,5,4,0,,80,80,"Skins And Furs — Goat, Undressed",,,
"Woollen Manufactures — Alpaca, Vicuña, And Llama",DUPE-FAM,242468,0,3,3,0,,100,100,"Wool — Alpaca, Vicuña, And Llama",,,
Brimston,DUPE-FAM,242203,0,7,8,86,Brimstone,86,86,Brimstone,,,
"Glass — Other Plate, Whether Silvered Ornot",DUPE-FAM,237809,0,5,6,0,,100,100,"Glass — Plate, Whether Silvered Or Not",,,
"Animals, Living — Stallions : Mares",DUPE-FAM,227842,0,22,15,91,Mares,91,91,Mares,,,
"Coals, Culm, Cinders, And Shale — Unmanufactured",DUPE-FAM,220166,0,7,11,100,Cork — Unmanufactured,100,100,Cork — Unmanufactured,,,
"Onions — One, Unenumerated",DUPE-FAM,218841,0,14,18,0,,79,79,"Onions — Raw · Oil, Unenumerated",,,
"Leather, Undressed — Unenumerated",DUPE-FAM,218562,1,9,9,100,Leather Manufactures — Unenumerated,100,100,Leather Manufactures — Unenumerated,,,
Gum : Kowrie,DUPE-FAM,213040,1,3,3,0,,100,100,Kowrie,,,
"Ammunition — Rockets And Other Combustibles   For Purposes Of War, Explosives,   Percussion Caps, And Ammu-   Nition Unenumerated",DUPE-FAM,211429,0,18,10,67,"Ammunition — Rockets And Other Combustibles For Purposes Of War, Explosives, Percussion Caps, And Ammunition Not Otherwise Enumerated Or Described",67,67,"Ammunition — Rockets And Other Combustibles For Purposes Of War, Explosives, Percussion Caps, And Ammunition Not Otherwise Enumerated Or Described",,,
Farinaceous Substances — Tow Or Codilla Of,DUPE-FAM,200434,0,5,5,0,,80,80,Tow,,,
"Bones — Books, Bound Or Unbound, Includingmaps And Charts",DUPE-FAM,191815,0,9,9,0,,100,100,Books,,,
"Ivory — Teeth, Elephants', Sea Cow. Seahorse, Or Sea Morse",DUPE-FAM,188302,0,5,6,0,,80,80,"Teeth, Elephants', Sea-Cow, Sea-Horse, Or Sea-Morse",,,
Sago And Sago Flour — From British East Indies,DUPE-FAM,186202,0,1,2,0,,100,100,Sago,,,
Gum — From Australasia,DUPE-FAM,182485,0,3,4,0,,67,67,Kowrie,,,
"Arms, And Ammunition — Muskets, Rifles, Carbines, Fowling Pieces, Orguns Of Any Other Sorts, Not Enumerated,And Pistols",DUPE-FAM,179432,0,8,5,0,,100,62,"Animals, Living — Muskets, Rifles, Carbines, Fowling Pieces, Or Guns Of Any Other Sorts Not Enumerated, And Parts Thereof, And Pistols",,,
"Cordage, Twine, And Cable Yarn — Unmanufactured",DUPE-FAM,178777,0,3,3,100,Cork — Unmanufactured,100,100,Cork — Unmanufactured,,,
"Lead, Ore Of — Metal, Unenumerated, Un- Wrought",DUPE-FAM,178697,0,6,11,83,"Manufactures Of Iron And Steel — Metal, Unenumerated, Unwrought",83,83,"Manufactures Of Iron And Steel — Metal, Unenumerated, Unwrought",,,
"Stationery Other Than Paper — Tusk, Elephants, Sea Cow, And Sea Horse",DUPE-FAM,171383,0,3,3,100,"Teeth, Elephants', Sea Cow, And Sea Horse",100,100,"Teeth, Elephants', Sea Cow, And Sea Horse",,,
"Bones (Except Whalebone), Whether Burnt Or Not, Or As Animal Charcoal — Brass, Bronze, And Metal Bronzed Or Lacquered. Manufactures Of, Unenumerated",DUPE-FAM,170981,0,7,7,86,"Brass, Bronze, And Metal Bronzed Or Lacquered, Manufactures Of",86,86,"Brass, Bronze, And Metal Bronzed Or Lacquered, Manufactures Of",,,
"Horns, Tips And Pieces Thereof, And Hoofs",DUPE-FAM,162021,0,18,25,72,"Horns, Tips And Pieces Of Horns And Hoofs",89,89,"Horns, Tips And Pieces Of Horns And Hoofs",,,
"Stationery, Other Than Paper, In- Cluding Ink",DUPE-FAM,161405,0,7,7,57,"Stationery, Other Than Paper, Including Ink",71,57,"Stationery, Other Than Paper, Including Ink",,,
Boxes (Except Whalefins): Applicable To Manufacturing Purposes,DUPE-FAM,157955,0,17,13,0,,59,59,Bones (Except Whalefins) — Applicable To Manufacturing Pur- Poses,,,
"Glass — Unenumerated Vegetable Sub- Stances, Applicable To The Same Uses As Hemp Or Flax",DUPE-FAM,157669,0,20,7,70,Tow,70,70,Tow,,,
Cotton Manufactures — From British East Indies,DUPE-FAM,155280,0,4,1,0,,100,100,Other Than Muslins,,,
Wood And Timber — Furniture And Hardwoods : Unenumerated,DUPE-FAM,153575,0,15,15,100,Furniture And Hardwoods — Mahogany : Unenumerated,100,100,Furniture And Hardwoods — Mahogany : Unenumerated,,,"Wood And Timber — Furniture, Hardwoods, And Veneers : Unenumerated"
Eggs — British East-Indies,DUPE-FAM,150492,0,41,9,85,Farinaceous Substances And Manufactures Thereof,85,78,Farinaceous Substances And Manufactures Thereof,,,
"Paraffine — Perfumery, And Articles Used In Themanufacture Thereof",DUPE-FAM,144439,0,10,8,0,,60,60,"Perfumery, And Articles Used In The Manufacture Thereof",,,
"Straw — Succades, Including All Fruits Andvegetables Preserved In Sugar",DUPE-FAM,143263,0,9,9,0,,100,100,Succades,,,
"Tobacco — White, In Bottles: Sparkling : Moselle",DUPE-FAM,142401,0,12,3,58,Tobacco — Moselle,58,58,Tobacco — Moselle,,,
"Cannon And Mortars, Mounted Or Accompanied With Carriages — Muskets, Rifles, Carbines, Fowling Pieces, Or Guns Of Any Other Sorts, Not Enumerated, And Pistols",DUPE-FAM,131628,0,4,4,0,,75,75,"Arms, And Ammunition — Muskets, Rifles, Carbines, Fowling Pieces, Orguns Of Any Other Sorts, Not Enumerated,And Pistols",,,
"Bell — Scld (Other Than Iron Or Copper), Fit Only For Re-Manufacture",DUPE-FAM,130097,0,7,7,100,"Metal — Gold (Other Than Iron Or Copper), Fit Only For Re-Manufacture",100,100,"Metal — Gold (Other Than Iron Or Copper), Fit Only For Re-Manufacture",,,
Paraffine — Perfumed Spirits,DUPE-FAM,130092,0,11,12,82,"Perfumery, And Articles Used In The Manufacture Thereof, Except Perfumed Spirits",100,100,"Perfumery, And Articles Used In The Manufacture Thereof, Except Perfumed Spirits",,,
"Petroleum — Pickles And Vegetables, Preserved Insalt Or Vinegar",DUPE-FAM,129878,0,5,3,0,,80,80,"Pickles And Vegetables, Preserved In Salt Or Vinegar",,,
"Ammunition — Cannon And Mortars, And Parts Thereof",DUPE-FAM,128069,0,19,6,89,"Swords, Cutlasses, Matchets, Bayonets",89,53,"Swords, Cutlasses, Matchets, Bayonets",,,
Ice — Implement'S And Tools (Including Parts Thereof),DUPE-FAM,127254,0,10,14,70,Isinglass,70,70,Isinglass,,,
"Ore, Unenumerated — Native Islands In The Indian Seas",DUPE-FAM,126220,0,7,9,14,"Ore, Unenumerated",86,86,"Ore, Unenumerated",,,
Spices — From East Coast Of Africa,DUPE-FAM,125415,0,3,3,67,"Spices — Dutch Possessions, India",100,67,"Spices — Dutch Possessions, India",,,
"Leather, Undressed — Amelled",DUPE-FAM,122784,0,6,7,100,"Varnished, Japanned Or Enamelled",100,100,"Varnished, Japanned Or Enamelled",,,
Metal — Of Other Sorts,DUPE-FAM,121926,0,35,16,86,Oil-Seed Cake — Of Other Sorts,86,86,Oil-Seed Cake — Of Other Sorts,,,Metal — Wrought Or Manufactured
Stationery Other Than Paper — Sugars (Including All Fruits And Vegetables Preserved In Sugar),DUPE-FAM,120524,0,3,3,100,Succades,100,100,Succades,,,
"Beef — Iron, Bar, Angle, Bolt, And Rod : Old Broken, Old Cast, And Old Broken Steel",DUPE-FAM,114632,0,20,24,70,"Metals And Ores — Old Broken, Old Cast, And Old Broken Steel",75,70,"Metals And Ores — Old Broken, Old Cast, And Old Broken Steel",,,
Paraffine — Manufacture Thereof,DUPE-FAM,113830,0,11,11,100,"Perfumery, And Articles Used In The Manufacture Thereof",100,100,"Perfumery, And Articles Used In The Manufacture Thereof",,,
"Beef — Gold, Ore Of (Including The Value Of The Gold Contained In Auriferous Ores And Metals : Leaves Of",DUPE-FAM,108106,0,4,4,0,,75,75,"Copper, Ore Of",,,
"Metal — Unenumerated: Unwrought : Old, Fit Only To Be Re-Manufactured",DUPE-FAM,105456,0,10,21,100,"Old, Fit Only To Be Re-Manufactured",100,100,"Old, Fit Only To Be Re-Manufactured",,,
Straw — From British East Indies,DUPE-FAM,102668,0,3,3,0,,100,100,Succades,,,
"Hats Or Bonnets — Unenumerated Vegetable Sub-Stances, Applicable To The Sameuses As Flax And Hemp",DUPE-FAM,98549,0,3,3,0,,100,100,"Hemp — Unenumerated Vegetable Substances, Applicable To The Same Uses As Flax Or Hemp",,,
Cocoa — 1St Class,DUPE-FAM,98405,0,1,1,100,Unrefined — 1St Class,100,100,Unrefined — 1St Class,,,
Silk Manufactures — To British India,DUPE-FAM,97561,0,2,2,100,Silk Manufactures — Broad Stuffs,100,100,Silk Manufactures — Broad Stuffs,,,
"Beef — Unenumerated, Wrought Or Manufactured : Old, Fit Only To Be Re- Manufactured",DUPE-FAM,94014,0,10,15,60,Metal — Factured,70,30,Metal — Factured,,,
"Hemp — Unnumbered Vegetable Substances, Applicable To The Same Uses As Flax Or Hemp",DUPE-FAM,89956,0,13,13,23,"Hemp — Unenumerated Vegetable Substances, Applicable To The Same Uses As Flax Or Hemp",85,85,"Hemp — Unenumerated Vegetable Substances, Applicable To The Same Uses As Flax Or Hemp",,,
Iron — Eastern Coast Of Africa,DUPE-FAM,89494,0,3,7,100,Ivory,100,100,"Teeth, Elephants', Sea-Cow, Sea-Horse, Or Sea-Morse",,,
Dye Woods — West Africa,DUPE-FAM,87388,0,8,8,100,Dye Woods,100,100,Dye Woods,,,
"Cotton — Skins, Unenumerated, Un-Dressed",DUPE-FAM,87030,0,87,25,68,"Skins, And Furs — Skins, Unenumerated, Undressed",68,66,"Skins, And Furs — Skins, Unenumerated, Undressed",,,
"Silk — Furs, Unenumerated",DUPE-FAM,81269,0,8,9,100,"Skins, Furs, And Pelts — Furs, Unenumerated",100,100,"Skins, Furs, And Pelts — Furs, Unenumerated",,,
Chicory — Champagne : Saumur,DUPE-FAM,78096,0,1,2,0,,100,100,Saumur,,,
"Fish — Train, Or Blubber : Sperm, Or Head Matter",DUPE-FAM,74479,0,4,10,75,"Oil — Fish: Sperm, Or Head Matter",75,75,"Oil — Fish: Sperm, Or Head Matter",,,
Window Glass,DUPE-FAM,73685,0,5,5,0,,80,80,Isinglass,,,"Glass — Window And German Sheet, Including Shades And Cylinders"
"Skins, And Furs — Pepper",DUPE-FAM,69753,0,25,14,64,Slates — Pepper,64,56,Slates — Pepper,,,
Tin — Whalerone (Whalefins),DUPE-FAM,69316,0,5,6,80,Whalebone (Whalefins),80,80,Whalebone (Whalefins),,,
Cotton — From British East Indies,DUPE-FAM,69314,0,4,4,0,,100,75,Waste Of (Raw And Yarn),,,
Bristles — From British East Indies,DUPE-FAM,68602,0,4,4,0,,100,100,Bristles,,,
"Tea — White, In Bottles: Sparkling : Saumur",DUPE-FAM,67952,0,1,2,100,Saumur,100,100,Saumur,,,
Copper — British North America,DUPE-FAM,67693,0,1,1,0,,100,100,Regulus And Precipitate,,,
"Methylic Alcohol, Not Potable",DUPE-FAM,66063,0,10,7,70,"Manufactures Of Iron And Steel — Methylic Alcohol, Not Purified So As To Be Potable",80,70,"Manufactures Of Iron And Steel — Methylic Alcohol, Not Purified So As To Be Potable",,,"Methylic Alcohol, Not Purified So As To Be Potable"
Animals Living — From Australasia,DUPE-FAM,65948,0,1,2,0,,100,100,"Animals, Living — Sheep And Lambs",,,
Tobacco — Champagne : Saumur,DUPE-FAM,63872,0,1,2,100,Saumur,100,100,Saumur,,,
"Tobacco — White, In Bottles: Sparkling : Saumur",DUPE-FAM,62825,0,1,2,100,Saumur,100,100,Saumur,,,
"Iron — Steel, Unw Ought",DUPE-FAM,60407,0,4,8,75,Steel — Unwrought,75,75,Steel — Unwrought,,,
"Collodion — Confectionery, In The Manufacture Ofwhich Spirit Has Been Used",DUPE-FAM,60313,0,14,6,0,,100,100,"Confectionery, In The Manufacture Of Which Spirit Has Been Used",,,
Wood And Timber — From East Coast Of Africa,DUPE-FAM,58264,0,3,3,33,Wood And Timber,100,100,Wood And Timber — Teak,,,
"Pyrites Of Iron Or Copper — Sauces Or Condiments, Unenu- Merated",DUPE-FAM,56309,0,12,12,92,"Sauces Or Condiments, Unenumerated",92,92,"Sauces Or Condiments, Unenumerated",,,
Leather — From British East Indies,DUPE-FAM,55103,0,1,1,0,,100,100,"Skins, Furs, And Pelts — Undressed",,,
Orchal,DUPE-FAM,53889,1,8,8,0,,62,62,Oil Seed Cake — Rapeseed,,,
"Lates — Manufactures Of, Unenumerated",DUPE-FAM,52491,0,20,5,60,Tin — Manufactures Of,60,35,Tin — Manufactures Of,,,
Ice — Eastern Coast Of Africa,DUPE-FAM,50496,0,3,7,100,Ivory,100,100,Ivory,,,
"Fish (Including Turtle) — Fresh (Not Of British Taking) : Shell Fish, Other Sorts",DUPE-FAM,50174,0,7,7,43,Fish (Including Turtle) — Shell Fish Of All Sorts,86,71,Fish (Including Turtle) — Other Sorts Of Shell Fishst,,,
"Sugar — Manufactures Of, Unenumerated",DUPE-FAM,50026,0,13,5,69,"Tin — Manufactures Of, Unenumerated",69,38,"Tin — Manufactures Of, Unenumerated",,,
Chicory — Plums (French) And Prunelloes,DUPE-FAM,49763,0,1,2,100,"Plums, French, And Pruneloes",100,100,"Plums, French, And Pruneloes",,,
Jute — Boots And Shoes : Unenumerated,DUPE-FAM,48525,0,3,3,100,Leather Manufactures — Unenumerated,100,100,Leather Manufactures — Unenumerated,,,
"Arms :Swords, Cutlasses, Matchets, Bayonets",DUPE-FAM,45888,1,11,10,73,"Swords, Cutlasses, Matchets, Bayonets",73,64,"Swords, Cutlasses, Matchets, Bayonets",,,
"Tea — White, In Bottles: Sparkling : Hock",DUPE-FAM,45660,0,2,2,100,Hock,100,100,Hock,,,
"Rags, And Other Materials For Making Paper — Sauces Or Condiments, Unenu- Merated",DUPE-FAM,44665,0,11,11,0,,82,82,"Sauces Or Condiments, Unenumerated",,,
"Wine — White, In Bottles : Sparkling : Hock",DUPE-FAM,42734,0,2,2,100,Hock,100,100,Hock,,,
"Tobacco — White, In Bottles, Still : Burgundy",DUPE-FAM,40994,0,10,2,60,Tobacco — Burgundy,70,60,Tobacco — Burgundy,,,
"Spirits — Unenumerated, Sweetened Or Mixed (Tested) : Not Tested, For Ascertaining The Strength",DUPE-FAM,40205,0,12,8,67,"Spirits — Not Tested, For Ascertaining The Strength",100,100,"Spirits — Not Tested, For Ascertaining The Strength",,,
Tobacco — Burgundy : Hock,DUPE-FAM,40001,0,2,2,100,Hock,100,100,Hock,,,
Bark — West Africa,DUPE-FAM,39434,0,8,8,75,"Dye Stuffs, And Substances Used In Tanning",75,75,"Dye Stuffs, And Substances Used In Tanning",,,
"Beef — Iron, Bar, Angle, Bolt, And Rod : Puddled",DUPE-FAM,38417,0,1,2,100,Metals And Ores — Puddled,100,100,Metals And Ores — Puddled,,,
Confectionery — From British East Indies,DUPE-FAM,38355,0,6,3,0,,100,100,Confectionery,,,
"Tobacco — White, In Bottles: Sparkling : Hock",DUPE-FAM,37974,0,2,2,100,Hock,100,100,Hock,,,
Lead — From Australasia,DUPE-FAM,35182,0,10,5,0,,60,60,Lead — Ore Of,,,
Tobacco — Burgundy : Moselle,DUPE-FAM,35025,0,3,3,100,Tobacco — Moselle,100,100,Tobacco — Moselle,,,
"Fairnessware, Not Being China Or Porcelain Ware",DUPE-FAM,34716,0,2,2,0,,100,100,"Earthenware, Not Being China Or Porcelain Ware",,,
Glass — From British East Indies,DUPE-FAM,34663,0,2,2,0,,100,100,Isinglass,,,
"Meat, Unenumerated — Unenumerated; Unwrought : Old, Fit Only To Be Re-Manufactured",DUPE-FAM,33751,0,2,2,0,,100,100,"Meat, Unenumerated — Old, Fit Only To Be Re-Manufactured",,,
Chicory — Champagne : Hock,DUPE-FAM,32706,0,3,3,33,Hock,100,100,Hock,,,
Fruit — Arabia,DUPE-FAM,32499,0,7,7,0,,100,100,"Fruit — Unenumerated, Dried",,,
"Cocoa — Perfumed Spirits (Including Water, Cologne)",DUPE-FAM,31709,0,13,16,54,Spirits — Perfumed Spirits (Including Water Cologne),77,38,"Spirits — Unenumerated, Including Shrub",,,
"Copper, Ore Of — British North America",DUPE-FAM,30617,0,1,1,0,,100,100,"Copper, Ore Of",,,
Chicory — Champagne : Moselle,DUPE-FAM,30342,0,4,5,25,Tobacco — Moselle,100,100,Tobacco — Moselle,,,
"Cocoa — Cocoa Or Chocolate, Ground, Prepared Or In Anywaymanufactured",DUPE-FAM,29991,0,4,2,0,,100,100,"Cocoa — Cocoa Or Chocolate, Ground, Prepared Orin Any Way Manufactured",,,
"Oil — Fish : Spermaceti, Or Head Mutton",DUPE-FAM,29489,0,3,7,100,Oil — Spermaceti Or Head Matter,100,100,Oil — Spermaceti Or Head Matter,,,
Paraffine — Total From British East Indies,DUPE-FAM,28816,0,1,2,0,,100,100,Paraffine,,,
"Coals, Gum, And Cinders",DUPE-FAM,28452,0,3,3,100,"Coals, Coal, And Cinders",100,100,"Coals, Coal, And Cinders",,,
"Coals, Coal, And Cinders",DUPE-FAM,28452,0,3,3,100,"Coals, Gum, And Cinders",100,100,"Coals, Gum, And Cinders",,,
Paraffine — From British East Indies,DUPE-FAM,27039,0,3,3,0,,100,100,Paraffine,,,
Petroleum — Unrefined,DUPE-FAM,25748,0,3,2,67,"Sugar — Unrefined, Total",67,67,"Sugar — Unrefined, Total",,,
"Arms, And Ammunition — Swords, Cutlasses, Matchets, Bayonets, Gunbarrels, Gun Locks, And Cannon And Mortarsof Iron, Not Mounted Nor Accompanied Withcarriages",DUPE-FAM,25094,0,4,4,0,,100,100,"Arms, And Ammunition — Swords, Cutlasses, Matchets, Bayonets, Gun Barrels, Gun Locks, And Cannon And Mortars Of Iron, Not Mounted Nor Accompanied With Carriages",,,
"Coals, Culm, And Cinders — From Australasia",DUPE-FAM,24807,0,4,3,0,,75,75,"Coals, Cinders, &C — Coals And Culm",,,
Dye Woods — From British East Indies,DUPE-FAM,23245,0,4,4,100,Dye Woods,100,100,Dye Woods,,,
"Plants, Shrubs, Trees, And Flower Roots — Plate Of Silver, Gilt Or Ungilt",DUPE-FAM,22359,0,7,7,86,"Plate — Of Silver, Gilt Or Ungilt",86,86,"Plate — Of Silver, Gilt Or Ungilt",,,
"Cocoa — Cocoa Or Chocolate, In The Manufactureof Which Spirit Has Been Used",DUPE-FAM,19488,0,8,5,0,,75,75,"Cocoa Or Chocolate, In The Manufacture Of Which Spirit Has Been Used",,,
Total — British North America,DUPE-FAM,18223,0,4,4,0,,75,75,"Metal — Leaf, Not Gold",,,
Manures — From British North America,DUPE-FAM,18170,0,4,2,0,,100,75,Phosphate Of Lime And Rock,,,
"Coals, Gulm. And Cinders",DUPE-FAM,17378,0,4,5,100,"Coals, Cinders, &C — Coals And Culm",100,100,"Coals, Cinders, &C — Coals And Culm",,,
"Sparkling, Red: Burgundy",DUPE-FAM,16708,1,2,3,0,,100,100,"Tobacco — White, In Bottles, Still : Burgundy",,,
"Dye Stuffs, And Substances Used In Tanning — Madder, Madder Root, Guaiacine And Munjeet",DUPE-FAM,15853,0,4,4,100,"Bark — Madder, Madder Root, Guancine And Munjeet",100,100,"Bark — Madder, Madder Root, Guancine And Munjeet",,,
"Bark — Madder, Madder Root, Guancine And Munjeet",DUPE-FAM,15853,0,4,4,100,"Dye Stuffs, And Substances Used In Tanning — Madder, Madder Root, Guaiacine And Munjeet",100,100,"Dye Stuffs, And Substances Used In Tanning — Madder, Madder Root, Guaiacine And Munjeet",,,
"Mutton, Fresh — .. British North America",DUPE-FAM,15830,0,1,1,0,,100,100,Notton. Fresh,,,
Alkali — British North America,DUPE-FAM,14938,0,1,1,0,,100,100,Alkali,,,
"Beef — Copper, Ore Of : Part Wrought",DUPE-FAM,14809,0,1,5,100,Part Wrought,100,100,Part Wrought,,,
Manures — From British East Indies,DUPE-FAM,14805,0,2,2,0,,100,100,Manures — Bones For Manure,,,
Tallow And Stearine — From British East Indies,DUPE-FAM,11913,0,1,1,0,,100,100,Tallow And Stearine,,,
Lead — From British Possessions In South Africa,DUPE-FAM,11223,0,1,2,0,,100,100,Lead — Ore Of,,,
Alkali — From British North America,DUPE-FAM,11199,0,1,1,0,,100,100,Alkali,,,
Cement — To United States Of America,DUPE-FAM,10533,0,1,1,0,,100,100,Cement,,,
Oil Seed-Cake — From British East Indies,DUPE-FAM,10081,0,1,1,0,,100,100,Oil Seed Cake — Linseed Cake,,,
Honey — From Australasia,DUPE-FAM,9724,0,5,3,0,,100,100,Honey,,,
Hemp — Rape,DUPE-FAM,9384,0,10,10,100,Seeds — Rape,100,100,Seeds — Rape,,,
Spirits — From Australasia,DUPE-FAM,6366,0,2,2,0,,100,100,Fruit — Brandy,,,
Tin — Not Containing Spirit,DUPE-FAM,5695,0,3,3,100,Watches,100,100,Watches,,,
"Arms And Ammunition — Swords, Outlasses, Matchets, Bayonets",DUPE-FAM,5527,0,3,4,100,"Swords, Cutlasses, Matchets, Bayonets",100,100,"Swords, Cutlasses, Matchets, Bayonets",,,
Fish — From Australasia,DUPE-FAM,3340,0,1,1,0,,100,100,"Flax, Dressed Or Undressed",,,
"Plate — Soap, Transparent, In The Manufacture Ofwhich Spirit Has Been Used",DUPE-FAM,3332,0,4,2,0,,100,100,"Soap, Transparent, In The Manufacture Of Which Spirit Has Been Used",,,
Gum — Manufactures Of,DUPE-FAM,2962,0,1,2,100,Gutta Percha — Manufactures Of,100,100,Gutta Percha — Manufactures Of,,,
Beer And Ale — Facturing Purposes,DUPE-FAM,2920,0,1,1,0,,100,100,"Zinc — Manufactures, Unenumerated",,,
"Fruit — Soap, Transparent, In The Manufacture Ofwhich Spirit Has Been Used",DUPE-FAM,2852,0,9,5,0,,89,67,"Soap, Transparent, In The Manufacture Of Which Spirit Has Been Used",,,
"Prints, Engravings And Photo-Graphs — From British North America",DUPE-FAM,2690,0,1,1,0,,100,100,Pyrites Of Iron Or Copper,,,
"Meat, Unenumerated — British-North America",DUPE-FAM,2622,0,1,1,0,,100,100,Preserved Otherwise Than By Salting — Mutton,,,
"Chicory — Red, In Bottles, Sparkling : Other Sorts",DUPE-FAM,2233,0,2,2,0,,100,100,Wine — Other Sorts,,,
Honey — British North America,DUPE-FAM,2226,0,1,1,0,,100,100,Honey,,,
Hats Or Bonnets — Of Other Materials (Unidentified First Segment),DUPE-FAM,2184,0,5,2,100,Paper — Of Other Materials,100,100,Paper — Of Other Materials,,,
Succades — From British East Indies,DUPE-FAM,2134,0,1,1,0,,100,100,Succades,,,
Metal — Rapeseed,DUPE-FAM,1924,0,3,3,100,Oil Seed Cake — Rapeseed,100,100,Oil Seed Cake — Rapeseed,,,
"Collodion — Confectionery, Containing Not More Than50% Chocolate",DUPE-FAM,1235,0,6,3,0,,67,67,"Confectionery, In The Manufacture Of Which Spirit Has Been Used — Confectionery, Containing Not More Than 50 % Chocolate",,,
Woollen Manufactures — From Australasia,DUPE-FAM,895,0,1,1,0,,100,100,Woollen Manufactures — Stuffs,,,
Bacon And Hams — British North America,DUPE-FAM,630,0,1,1,0,,100,100,Hams,,,
Pitch — From Australasia,DUPE-FAM,493,0,1,1,0,,100,100,Pitch,,,
"Plate — Soap, Transparent, In The Manufactureof Which Spirit Has Been Used",DUPE-FAM,207,0,1,1,0,,100,100,"Soap, Transparent, In The Manufacture Of Which Spirit Has Been Used",,,
"Silk — Furs, Seal Skins",DUPE-FAM,183,0,1,1,100,"Cotton — Furs, Unenumerated",100,100,"Cotton — Furs, Unenumerated",,,
"Fruit — Liqueurs, Cordials, &C., Not Tested For Ascertaining The Strength, Imported In Casks",DUPE-FAM,156,0,2,4,100,"Ether — Brandy, Imported In Bottles",100,50,"Ether — Brandy, Imported In Bottles",,,
Ivory — From Australasia,DUPE-FAM,112,0,2,2,0,,100,100,Ivory — Vegetable,,,
"Skins, Furs, And Pelts — Raccoon",DUPE-FAM,43,0,3,3,0,,67,67,Racoon,,,
"Skins, Furs, And Pelts — From Australasia",DUPE-FAM,42,0,1,1,0,,100,100,Shells Of All Kinds — Dressed,,,
"Linen Manufactures — Cambic And French Lawns, Including Bor-   Dered Handkerchiefs",DUPE-FAM,0,0,2,2,100,"Leather Manufactures — Cambric And French Lawns, Including Bordered Handkerchiefs",100,100,"Leather Manufactures — Cambric And French Lawns, Including Bordered Handkerchiefs",,,
"Platting, Or Other Manufactures To Be Used In, Or Proper For Making Hats Or Bonnets, Viz — Of Other Kinds",DUPE-FAM,0,0,2,2,100,Paper — Of Other Kinds,100,100,Paper — Of Other Kinds,,,
Linen Manufactures — Sails And Sailcloth,DUPE-FAM,0,0,1,1,100,"Leather Manufactures — Cambric And French Lawns, Including Bordered Handkerchiefs",100,100,"Leather Manufactures — Cambric And French Lawns, Including Bordered Handkerchiefs",,,
Paper — Of Other Kinds,DUPE-FAM,0,0,2,2,100,"Platting, Or Other Manufactures To Be Used In, Or Proper For Making Hats Or Bonnets, Viz — Of Other Kinds",100,100,"Platting, Or Other Manufactures To Be Used In, Or Proper For Making Hats Or Bonnets, Viz — Of Other Kinds",,,Paper And Pasteboard — Of All Kinds (Except Hangings)
Bank — Extract Of Bank Or Other Vegetable Substancesto Be Used In Tanning Or Dyeing,DUPE-FAM,0,0,3,3,0,,100,100,Bank — Extract Of Bank Or Other Vegetable Substances To Be Used In Tanning Or Dyeing,,,
Bark — Extracts Of Bark Or Other Vegetable Substancesto Be Used In Tanning Or Dyeing,DUPE-FAM,0,0,3,3,0,,100,100,Bacon And Hams — Extract Of Bark Or Other Vegetable Substance To Be Used In Tanning Or Dyeing,,,
Extracts — Unenumerated,DUPE-FAM,0,0,8,4,0,,100,100,Embroidery And Needlework — Unenumerated,,,"Substances And Extracts, Unenumerated"
"Silk Manufactures — Silver One, Or One Of Which The Greater Part Invalue Is Silver",DUPE-FAM,0,0,9,9,0,,100,100,"Silver, Ore Of, Or Ore Of Which The Greater Part In Value Is Silver",,,
"Arms, And Ammunition — Rockets And Other Combustibles For Purposesof War And Ammunition, Unenumerated",DUPE-FAM,0,0,3,3,0,,100,100,"Cannon And Mortars, Mounted Or Accompanied With Carriages — Rockets And Other Combustibles For Purposes Of War And Ammunition, Unenumerated",,,
"Bark — Extracts Of Bark, Or Of Other Substances To Be Usedin Tanning Or Dyeing, Unenumerated",DUPE-FAM,0,0,5,5,0,,100,100,"Bark — Extracts Of Bark, Or Of Other Substances To Be Used In Tanning Or Dyeing, Unenumerated",,,
"Arms, And Ammunition — Rockets And Other Combustibles For Purposesof War, Explosives, Percussion Caps, Andammunition, Unenumerated",DUPE-FAM,0,0,4,4,0,,100,100,"Arms And Ammunition — Rockets And Other Combustibles For Purposes Of War ; Explosives, Percussion Caps, And Ammunition Unenumerated",,,
Value Of Articles Imported Byparcel Post,DUPE-FAM,0,0,2,2,0,,100,100,Value Of Articles Imported By Parcel Post,,,
"Copper — Manufactures Of, Unenumerated, Including Copper Coin",DUPE-FAM,0,0,5,3,0,,100,100,"Copper — Manufactures Of, Unenumerated,   Including Copper Coin",,,
"Silk Manufactures — Manufactures Of Silk, Or Of Silk Mixed With Other Materials, Unenumerated",DUPE-FAM,0,0,25,6,0,,80,80,Silk — Manufactures,,,
"Embroidery And Needlework — Extracts, Of Other Sorts Than Dye-Stuffs, Unenumerated",DUPE-FAM,0,0,7,7,0,,86,86,"Extracts, Of Other Sorts Than Dye Stuffs, Unenumerated",,,
Corn And Grain,EMPTY,50000000,1,0,0,0,,0,0,,,,
"Ivory :Teeth, Elephants', Sea-Cow, Sea-Horse, Or Sea-Morse ,,Vegetable",EMPTY,50000000,1,0,0,0,,0,0,,,,
Corn And Grain — Other Kinds Of Corn And Grain,EMPTY,23750513,1,0,0,0,,0,0,,,,
"Manufactures, Of All Sorts",EMPTY,11179588,1,0,0,0,,0,0,,,,
Silk Manufactures — Of Countries In Europe,EMPTY,10795452,1,0,0,0,,0,0,,,,
Wool — Manufactures,EMPTY,5637675,1,0,0,0,,0,0,,,,
"Oxen, Bulls, Cows, And Calves",EMPTY,4860440,1,0,0,0,,0,0,,,,
Raw,EMPTY,4727126,1,0,0,0,,0,0,,,,
Fresh,EMPTY,4413148,1,0,0,0,,0,0,,,,
Sugar: Refined And Candy - Cuts,EMPTY,4263373,1,0,0,0,,0,0,,,,
Wood And Timber — Hewn,EMPTY,4126602,1,0,0,0,,0,0,,,,
Leather,EMPTY,3914666,1,0,0,0,,0,0,,,,
"Unwrought, Part Wrought, And Old Copper",EMPTY,3213943,1,0,0,0,,0,0,,,,
"Wine, Imported In Casks",EMPTY,2708335,1,0,0,0,,0,0,,,,
"Unmanufactured, Stemmed Or Stripped",EMPTY,2437025,1,0,0,0,,0,0,,,,
Woollen Manufactures,EMPTY,2373366,1,0,0,0,,0,0,,,,
"Tanned, Tawed, Curried, Or Dressed",EMPTY,2238853,1,0,0,0,,0,0,,,,
"Esparto, And All Other Materials",EMPTY,2227240,1,0,0,0,,0,0,,,,
"Hemp, Dressed And Undressed, And Tow",EMPTY,2210760,1,0,0,0,,0,0,,,,
"Esparto, And Other Materials",EMPTY,2107750,1,0,0,0,,0,0,,,,
"Metals :Copper, Ore And Regulus",EMPTY,1999285,1,0,0,0,,0,0,,,,
Pig And Sheet,EMPTY,1976436,1,0,0,0,,0,0,,,,
"Manufactured, Of All Kinds",EMPTY,1941082,1,0,0,0,,0,0,,,,
"Yarn, Of All Kinds",EMPTY,1927256,1,0,0,0,,0,0,,,,
Fresh (Not Of British Taking) — Other Sorts,EMPTY,1888504,1,0,0,0,,0,0,,,,
"Copper, Ore And Regulus",EMPTY,1798973,1,0,0,0,,0,0,,,,
Bacon And Hams,EMPTY,1780076,1,0,0,0,,0,0,,,,
"Sparkling, Champagne",EMPTY,1742369,1,0,0,0,,0,0,,,,
"Unwrought, In Bars, Blocks, Slabs, Cakes, Or Ingots",EMPTY,1703535,1,0,0,0,,0,0,,,,
White: Champagne,EMPTY,1585508,1,0,0,0,,0,0,,,,
Goats' Wool Or Hair. See Hair,EMPTY,1582706,1,0,0,0,,0,0,,,,
Olive,EMPTY,1559183,1,0,0,0,,0,0,,,,
"Iron And Steel, Manufactures",EMPTY,1537063,1,0,0,0,,0,0,,,,
Whale Fins,EMPTY,1404300,0,0,9,0,,0,0,,,,
"Of Europe, &Amp;C.",EMPTY,1251842,1,0,0,0,,0,0,,,,
Paper And Pasteboard — Of All Kinds (Except Hangings),EMPTY,1202905,1,0,0,0,,0,0,,,,
Lubricating,EMPTY,1193489,1,0,0,0,,0,0,,,,
Beef,EMPTY,1164491,1,0,0,0,,0,0,,,,
Of All Kinds (Except Hangings),EMPTY,1065018,1,0,0,0,,0,0,,,,
"Furs, Of All Sorts (Other Than Seal Skins)",EMPTY,998963,1,0,0,0,,0,0,,,,
"Substances And Extracts, Unenumerated",EMPTY,996384,1,0,0,0,,0,0,,,,
Horses,EMPTY,921490,1,0,0,0,,0,0,,,,
"Oil :Train Or Blubber, And Spermaceti",EMPTY,861788,1,0,0,0,,0,0,,,,
Clover And Grass,EMPTY,855524,1,0,0,0,,0,0,,,,
"Oil — Train Or Blubber, And Sperm",EMPTY,810891,1,0,0,0,,0,0,,,,
"Train Or Blubber, And Spermaceti",EMPTY,751359,1,0,0,0,,0,0,,,,
Paraffine And Paraffine Wax,EMPTY,711050,1,0,0,0,,0,0,,,,
Furs Of All Sorts,EMPTY,659399,1,0,0,0,,0,0,,,,
Staves,EMPTY,656246,1,0,0,0,,0,0,,,,
Parcel Post (Goods Free Of Duty) - Number Of Parcels,EMPTY,559928,1,0,0,0,,0,0,,,,
Furniture Wood: Mahogany,EMPTY,559670,1,0,0,0,,0,0,,,,
"Manufactured, Cigars And Snuff",EMPTY,558735,1,0,0,0,,0,0,,,,
"Beef, Salted And Fresh",EMPTY,550663,1,0,0,0,,0,0,,,,
Seal Skins,EMPTY,550594,1,0,0,0,,0,0,,,,
Preserved Otherwise Than By Salting — Other Sorts,EMPTY,540908,1,0,0,0,,0,0,,,,
Strawboard Or Millboard,EMPTY,517161,1,0,0,0,,0,0,,,,
"Furs, Seal",EMPTY,504819,1,0,0,0,,0,0,,,,
"Of Other Sorts (Including ""Nuts, For Fruit"")",EMPTY,461492,1,0,0,0,,0,0,,,,
Skins And Furs — Skins : Sheep And Lamb,EMPTY,460216,1,0,0,0,,0,0,,,,
Skins: Sheep And Lamb,EMPTY,460216,1,0,0,0,,0,0,,,,
Furniture Woods And Hardwoods — Unenumerated,EMPTY,450066,1,0,0,0,,0,0,,,,
Bones Of All Kinds (Except Whalefins),EMPTY,430442,1,0,0,0,,0,0,,,,
Still,EMPTY,417311,1,0,0,0,,0,0,,,,
For Expressing Oil Therefrom,EMPTY,374505,1,0,0,0,,0,0,,,,
"Train Or Blubber, And Sperm",EMPTY,361947,1,0,0,0,,0,0,,,,
Goat,EMPTY,361691,1,0,0,0,,0,0,,,,
All Other Sorts,EMPTY,338957,1,0,0,0,,0,0,,,,
Of Other Sorts,EMPTY,309099,1,0,0,0,,0,0,,,,
"Sweetened And Perfumed, Of All Kinds",EMPTY,307358,1,0,0,0,,0,0,,,,
Plums,EMPTY,302105,1,0,0,0,,0,0,,,,
Wrought Or Manufactured,EMPTY,301953,1,0,0,0,,0,0,,,,
Wrought,EMPTY,284317,1,0,0,0,,0,0,,,,
Mechanical,EMPTY,265118,1,0,0,0,,0,0,,,,
"Prepared, And Chocolate",EMPTY,258465,1,0,0,0,,0,0,,,,
Seeds — Of Other Sorts,EMPTY,251765,1,0,0,0,,0,0,,,,
"For Other Purposes, Including Berlin Wool And Zephyr Yarn",EMPTY,224419,1,0,0,0,,0,0,,,,
"Cow, Ox, Bull, Or Elk",EMPTY,218396,1,0,0,0,,0,0,,,,
Arabic,EMPTY,200083,1,0,0,0,,0,0,,,,
"Hats Or Bonnets, Of Straw, Trimmed Or Untrimmed",EMPTY,186945,1,0,0,0,,0,0,,,,
Myrobalans,EMPTY,179007,1,0,0,0,,0,0,,,,
Figs And Fig Cake,EMPTY,178325,1,0,0,0,,0,0,,,,
Stationery,EMPTY,174261,1,0,0,0,,0,0,,,,
Cherries,EMPTY,166859,1,0,0,0,,0,0,,,,
Other Kinds Of Meal And Flour,EMPTY,142399,1,0,0,0,,0,0,,,,
Cinnamon,EMPTY,136066,1,0,0,0,,0,0,,,,
Unenumerated — Unwrought,EMPTY,129714,1,0,0,0,,0,0,,,,
"Metals And Ores — Gold, Ore Of (Including The Value Of The Gold Contained In Auriferous Ores And Metals",EMPTY,120803,1,0,0,0,,0,0,,,,
"Fresh, Herrings",EMPTY,116379,1,0,0,0,,0,0,,,,
"Carriages, Carts, &C — Railway Carriages For Passengers",EMPTY,102195,0,0,8,0,,0,0,,,,
Ginger — Raw,EMPTY,101456,1,0,0,0,,0,0,,,,
Cotton-Seed Cake,EMPTY,89727,1,0,0,0,,0,0,,,,
"Feathers And Down, In Beds Or For Beds",EMPTY,87425,1,0,0,0,,0,0,,,,
"Manufactures Of Hair, And Of Goats' Wool - Value £",EMPTY,86973,1,0,0,0,,0,0,,,,
"Plums, Commonly Called French Plums, And Prunelloes",EMPTY,76970,1,0,0,0,,0,0,,,,
Confectionery (Free And Dutiable),EMPTY,72197,1,0,0,0,,0,0,,,,
"Knubs Or Husks Of Silk, And Waste - Cuts",EMPTY,67239,1,0,0,0,,0,0,,,,
"All Other Sorts, Undressed And Dressed }(Not Leather)",EMPTY,64986,1,0,0,0,,0,0,,,,
Unstemmed,EMPTY,63360,1,0,0,0,,0,0,,,,
"Fruit, Dried Or Preserved, Liable To Duty — Dried Or Preserved (Including Dried Apricots) „",EMPTY,59861,1,0,0,0,,0,0,,,,
Other Sorts Of Shell Fish,EMPTY,50174,1,0,0,0,,0,0,,,,
Sperm,EMPTY,27935,1,0,0,0,,0,0,,,,
Spermi,EMPTY,26579,1,0,0,0,,0,0,,,,
All Other Skins And Furs,EMPTY,26361,1,0,0,0,,0,0,,,,
"Liqueurs, Cordials, &Amp;C., Not Tested }",EMPTY,23731,1,0,0,0,,0,0,,,,
"Dyeing Or Tanning Stuffs — Madder, Madder Root, Garanoine, And Munjeet",EMPTY,21395,1,0,0,0,,0,0,,,,
"Animals, Living — Australasia",EMPTY,17572,0,0,4,0,,0,0,,Australasia,,
Not Tested,EMPTY,17375,1,0,0,0,,0,0,,,,
"Ammunition And Arms — Cannon And Mortars, Mounted Or Accom- Panied With Carriages",EMPTY,17212,0,0,3,0,,0,0,,,,
Of Other Materials,EMPTY,7896,1,0,0,0,,0,0,,,,
In The Manufacture Of Which Spirit Has Been Used,EMPTY,7236,1,0,0,0,,0,0,,,,
Imported In Bottles — Other Sorts,EMPTY,6929,1,0,0,0,,0,0,,,,
Whalebone (Whalefins) — Africa,EMPTY,5813,0,0,5,0,,0,0,,Africa,,
Gold — Australasia,EMPTY,4887,0,0,1,0,,0,0,,Australasia,,
Metal — Bell,EMPTY,4628,0,0,1,0,,0,0,,,,
"Flax — Ore Of, Or Ore Of Which The Greater Part In Value Is Gold",EMPTY,4384,0,0,4,0,,0,0,,,,
Horns And Hoops — From British Possessions In South Africa,EMPTY,3377,0,0,1,0,,0,0,,,,
"Animals, Living — British East Indies",EMPTY,2450,0,0,2,0,,0,0,,British East Indies,,
"Animals, Living — Horses, Stallions",EMPTY,2292,0,0,1,0,,0,0,,,,
I. Foreign Countries,EMPTY,1724,0,0,1,0,,0,0,,,,
Containing Not More Than 50 Per Cent. Of Chocolate With Spirit,EMPTY,1705,1,0,0,0,,0,0,,,,
Horns And Hoops — Australasia,EMPTY,1443,0,0,1,0,,0,0,,Australasia,,
"Coin, Gold And Silver (See Table No. 15)",EMPTY,1270,1,0,0,0,,0,0,,,,
"Nuts And Kernels — Fish, Train, Blubber, Sperm, Or Head Matter",EMPTY,1204,0,0,1,0,,0,0,,,,
Margarine Cheese,EMPTY,718,1,0,0,0,,0,0,,,,
Manures — .. Australasia,EMPTY,545,0,0,1,0,,0,0,,.. Australasia,,
Copper — Buckwheat Meal,EMPTY,535,0,0,1,0,,0,0,,,,
"Plants, Shrubs, Trees, And Flower Roots — Plate Of Gold",EMPTY,466,0,0,2,0,,0,0,,,,
Containing Not More Than 50 Per Cent. Of Chocolate,EMPTY,399,1,0,0,0,,0,0,,,,
"And Coffee, Roasted And Ground, Mixed",EMPTY,397,1,0,0,0,,0,0,,,,
Iron And Steel — To British East Indies,EMPTY,187,0,0,1,0,,0,0,,,,
"Arms, And Ammunition — Cannon And Mortars Of Brass, Not Mounted Nor Accompanied With Carriages",EMPTY,155,0,0,1,0,,0,0,,,,
Beer And Ale — Bones (Except Whalefins) Applicableto Manufacturing Purposes,EMPTY,152,0,0,1,0,,0,0,,,,
Beer And Ale — Mum,EMPTY,136,0,0,1,0,,0,0,,,,
"Ether — Ethyl, Iodide Of",EMPTY,84,0,0,4,0,,0,0,,,,
Seeds — Manufactures Of Europe,EMPTY,80,0,0,1,0,,0,0,,,,
"Chemical Manufactures And Pro-Ducts — Chicory : Other Vegetable Matter,Applicable To The Uses Of Chicoryor Coffee",EMPTY,58,0,0,1,0,,0,0,,,,
Iodide Of,EMPTY,41,1,0,1,0,,0,0,,,,
"Ether — Rum, Imitation, Imported In Bottles",EMPTY,40,0,0,2,0,,0,0,,,,
"Fruit — Rum, Imitation, Imported In Bottles",EMPTY,40,0,0,2,0,,0,0,,,,
"Chemical Manufactures And Pro-Ducts, Not Enumerated — Chicory : Other Vegetable Matter,Applicable To The Uses Of Chicoryor Coffee",EMPTY,36,0,0,1,0,,0,0,,,,
Candles Of All Sorts — From British East Indies,EMPTY,20,0,0,1,0,,0,0,,,,
Rabbits — From Australasia,EMPTY,8,0,0,1,0,,0,0,,,,
Ether — Bromide,EMPTY,7,0,0,1,0,,0,0,,,,
Pyrites Of Iron Or Copper — From Australasia,EMPTY,5,0,0,1,0,,0,0,,,,
"Beef — In Plates For Coin, And Copper Coin",EMPTY,0,0,0,3,0,,0,0,,,,
Beef — Wire,EMPTY,0,0,0,2,0,,0,0,,,,
Seeds — Silk Manufactures Of India,EMPTY,0,0,0,1,0,,0,0,,,,
Articles Free Of Duty,EMPTY,0,0,0,3,0,,0,0,,,,
Abstract Tables,EMPTY,0,0,0,8,0,,0,0,,,,
General Imports,EMPTY,0,0,0,2,0,,0,0,,,,
Imports,EMPTY,0,0,0,2,0,,0,0,,,,
Guanö,EMPTY,0,1,0,0,0,,0,0,,,,
Manufactures — Of Countries In Europe,EMPTY,0,1,0,0,0,,0,0,,,,
Paper And Pasteboard,EMPTY,0,1,0,0,0,,0,0,,,,
"Zinc : Oxide, In Cakes",EMPTY,0,1,0,0,0,,0,0,,,,
Iron And Steel Manufactures : Sewing Machines Value £,EMPTY,0,1,0,0,0,,0,0,,,,
"Of Other Sorts (Including ""Nuts, For Fruit"") - Value £",EMPTY,0,1,0,0,0,,0,0,,,,
"Alkali, Viz. Ashes, Pearl And Pot",EMPTY,0,1,0,0,0,,0,0,,,,
Beads And Bugles Of Glass,EMPTY,0,1,0,0,0,,0,0,,,,
Camphor,EMPTY,0,1,0,0,0,,0,0,,,,
Cork,EMPTY,0,1,0,0,0,,0,0,,,,
Ostrich,EMPTY,0,1,0,0,0,,0,0,,,,
Gum: Animi And Copal,EMPTY,0,1,0,0,0,,0,0,,,,
Lacdye,EMPTY,0,1,0,0,0,,0,0,,,,
Shellac,EMPTY,0,1,0,0,0,,0,0,,,,
Senegal,EMPTY,0,1,0,0,0,,0,0,,,,
Jute — Raw,EMPTY,0,1,0,0,0,,0,0,,,,
"Leather Manufactures: Boots, Shoes, And Boot Fronts",EMPTY,0,1,0,0,0,,0,0,,,,
Liquorice Juice And Paste,EMPTY,0,1,0,0,0,,0,0,,,,
Madder And Madder Root (Including Munjeet),EMPTY,0,1,0,0,0,,0,0,,,,
"Train, Spermaceti, And Blubber (Including Cod Liver Oil)",EMPTY,0,1,0,0,0,,0,0,,,,
Pearls,EMPTY,0,1,0,0,0,,0,0,,,,
"Platting, Of All Kinds",EMPTY,0,1,0,0,0,,0,0,,,,
Rags And Other Materials For Making Paper: Rags,EMPTY,0,1,0,0,0,,0,0,,,,
Seed: Clover,EMPTY,0,1,0,0,0,,0,0,,,,
Millet,EMPTY,0,1,0,0,0,,0,0,,,,
Seed Of Other Sorts,EMPTY,0,1,0,0,0,,0,0,,,,
Silk: Raw And Waste,EMPTY,0,1,0,0,0,,0,0,,,,
Of India: Silks Entered By The Piece,EMPTY,0,1,0,0,0,,0,0,,,,
All Other Silk Goods,EMPTY,0,1,0,0,0,,0,0,,,,
Kid,EMPTY,0,1,0,0,0,,0,0,,,,
Furs: Beaver,EMPTY,0,1,0,0,0,,0,0,,,,
Fox,EMPTY,0,1,0,0,0,,0,0,,,,
Spelter Or Zinc,EMPTY,0,1,0,0,0,,0,0,,,,
"Wax, Bees",EMPTY,0,1,0,0,0,,0,0,,,,
"Sawn Or Split Deals, Battens, &Amp;C",EMPTY,0,1,0,0,0,,0,0,,,,
"Of Certain Kinds Used For Shipbuilding; Viz.,Greenheart, Red And Blue Gum, &Amp;C",EMPTY,0,1,0,0,0,,0,0,,,,
Dyewoods: Barwood,EMPTY,0,1,0,0,0,,0,0,,,,
Brazilwood,EMPTY,0,1,0,0,0,,0,0,,,,
Nicaragua,EMPTY,0,1,0,0,0,,0,0,,,,
Cedar,EMPTY,0,1,0,0,0,,0,0,,,,
Walnut Wood,EMPTY,0,1,0,0,0,,0,0,,,,
"Wool, Sheep, Lamb, Alpaca, And The Llama Tribe",EMPTY,0,1,0,0,0,,0,0,,,,
Woollen And Worsted Yarn,EMPTY,0,1,0,0,0,,0,0,,,,
Confectionery (Not Containing Any Article Liable To Duty) Cwts,EMPTY,0,1,0,0,0,,0,0,,,,
Meat (Except Poultry And Game) — Salted (Other Than Bacon And Hams),EMPTY,0,1,0,0,0,,0,0,,,,
Manufactures Of Iron And Steel — Wrought Or Manufactured,EMPTY,0,1,0,0,0,,0,0,,,,
"Manufactures Of Iron And Steel — Mica, Talc, French Chalk, Steatite, Mineral White, Silica, And Soapstone",EMPTY,0,1,0,0,0,,0,0,,,,
All Other Kinds - Ccts,EMPTY,0,1,0,0,0,,0,0,,,,
"In Blocks, Ingots, Bars, Or Slabs - Ccts",EMPTY,0,1,0,0,0,,0,0,,,,
Paper Of All Kinds (Including Straw-Boards And Wood Pulp Boards) - Ccts,EMPTY,0,1,0,0,0,,0,0,,,,
Confectionery (Not Containing Any Article Liable To Duty) Ccts,EMPTY,0,1,0,0,0,,0,0,,,,
"Cable Yarn Of Hemp, &Amp;C. (Except Coir)",EMPTY,0,1,0,0,0,,0,0,,,,
"Coir, Coir Rope, Twine, Strands And Coir Yarn",EMPTY,0,1,0,0,0,,0,0,,,,
"Furniture (Household) Of Wood, And Cabinet Ware",EMPTY,0,1,0,0,0,,0,0,,,,
"Animals, Living — Manufactures Of",EMPTY,0,1,0,0,0,,0,0,,,,
For Beds,EMPTY,0,1,0,0,0,,0,0,,,,
"Meat (Except Poultry And Game) — Unenumerated, Salted Or Fresh",EMPTY,0,1,0,0,0,,0,0,,,,
Lawl,EMPTY,0,1,0,0,0,,0,0,,,,
"Gow, Ox, Bull, Or Elk",EMPTY,0,1,0,0,0,,0,0,,,,
"Animals, Living — Cxen, Bulls, Cows, And Calves",EMPTY,0,1,0,0,0,,0,0,,,,
Seeds — Tares And Lexills,EMPTY,0,1,0,0,0,,0,0,,,,
"Animals, Living — Bones, Of All Kinds (Except Whalefines)",EMPTY,0,1,0,0,0,,0,0,,,,
"Oil — Train Or Rubber, And Sperm",EMPTY,0,1,0,0,0,,0,0,,,,
"Unwrought, Part Wrought, And Old",EMPTY,0,1,0,0,0,,0,0,,,,
Tiquorice,EMPTY,0,1,0,0,0,,0,0,,,,
Hips,EMPTY,0,1,0,0,0,,0,0,,,,
Sced,EMPTY,0,1,0,0,0,,0,0,,,,
Olives — Raw,EMPTY,0,1,0,0,0,,0,0,,,,
Guin: Arabic,EMPTY,0,1,0,0,0,,0,0,,,,
"Beer And Ale :Mun, Spruce Or Black }Beer, Berlin White Beer, }And Other Similar Pre- }Parations",EMPTY,0,1,0,0,0,,0,0,,,,
"Books, Bound And Unbound, Including Maps And Charts Cicts",EMPTY,0,1,0,0,0,,0,0,,,,
Unenumerated Vegetable Substances Applic-Able To The Same Uses As Hemp Or Flax - },EMPTY,0,1,0,0,0,,0,0,,,,
Spirits — Fenitiation Rum,EMPTY,0,1,0,0,0,,0,0,,,,
"Alpaca, Vicuña, And Lama",EMPTY,0,1,0,0,0,,0,0,,,,
"Beer And Ale : Mum, Spruce Or Black } Barrels Of 36 Gallons",EMPTY,0,1,0,0,0,,0,0,,,,
"Beer, Berlin White Beer, And Other Similar Preparations",EMPTY,0,1,0,0,0,,0,0,,,,
"Books, Bound And Unbound, Including Maps And Charts Cuts",EMPTY,0,1,0,0,0,,0,0,,,,
Confectionery (Not Containing Any Article Liable To Duty) Cuts,EMPTY,0,1,0,0,0,,0,0,,,,
"Unwrought, In Bars, Blocks, Slabs, Cakes }",EMPTY,0,1,0,0,0,,0,0,,,,
Or Ingots,EMPTY,0,1,0,0,0,,0,0,,,,
Raïnsins,EMPTY,0,1,0,0,0,,0,0,,,,
Imported In Bottles — Stumm,EMPTY,0,1,0,0,0,,0,0,,,,
"Beer, Berlin White Beer, And Other Similar Pre- }",EMPTY,0,1,0,0,0,,0,0,,,,
"Books, Bound And Unbound, Including Maps And Charts Cts",EMPTY,0,1,0,0,0,,0,0,,,,
"Milk And Cream, Fresh, Or Preserved, Other Than Condensed Milk - - - - - } Gallons. Gallons. Cwts. Cwts. Cwts",EMPTY,0,1,0,0,0,,0,0,,,,
"Woollen Yarn, For Fancy Purposes, Including Berlin } Lbs",EMPTY,0,1,0,0,0,,0,0,,,,
Wool And Zephyr Yarn,EMPTY,0,1,0,0,0,,0,0,,,,
Silk Manufactures:Of Europe: Silks Entered By Weight,EMPTY,0,1,0,0,0,,0,0,,,,
Spices:Cassia Lignea And Cassia Vera,EMPTY,0,1,0,0,0,,0,0,,,,
"Wood And Timber:Not Sawn Or Split, Including Teak",EMPTY,0,1,0,0,0,,0,0,,,,
Toy,EMPTY,0,1,0,0,0,,0,0,,,,
"Fruit, Dried Or Preserved, Liable To Duty — Figs And Figs Cake",EMPTY,0,1,0,0,0,,0,0,,,,
"Fruit, Dried Or Preserved, Liable To Duty — Plums, Commonly Called French Plums, And Pruneloes „",EMPTY,0,1,0,0,0,,0,0,,,,
"Spirits, Brandy - - - - - Imported In Casks Proof Gallons",EMPTY,0,1,0,0,0,,0,0,,,,
Locks,EMPTY,0,1,0,0,0,,0,0,,,,
"Iron And Steel, Wrought Or Manufactured - Cuts",EMPTY,0,1,0,0,0,,0,0,,,,
"Tin In Blocks, Ingots, Bars, Or Slabs And Regulus Cuts",EMPTY,0,1,0,0,0,,0,0,,,,
"Bark: For Tanners' Or Dyers' Use "" Peruvian",EMPTY,0,1,0,0,0,,0,0,,,,
Cork: Unmanufactured Tons Manufactured,EMPTY,0,1,0,0,0,,0,0,,,,
Feathers: For Beds Cwts. Ornamental,EMPTY,0,1,0,0,0,,0,0,,,,
Dyewoods: Logwood Tons Unenumerated,EMPTY,0,1,0,0,0,,0,0,,,,
"Rags, And Other Materials For Making Paper : Linen And Cotton Rags Tons Esparto, And Other Materials",EMPTY,0,1,0,0,0,,0,0,,,,
Furniture And Hardwoods : Mahogany Tons Unenumerated,EMPTY,0,1,0,0,0,,0,0,,,,
"Wool — Alpaca, Vlonna, And Llama",EMPTY,0,1,0,0,0,,0,0,,,,
Rends. Of All Sorts,EMPTY,0,1,0,0,0,,0,0,,,,
Nitrate Of Soda (Chilic Nitro),EMPTY,0,1,0,0,0,,0,0,,,,
Paper Of All Kinds (Including Straw-Boards And Wood Pulp Boards),EMPTY,0,1,0,0,0,,0,0,,,,
"Iac, Seed, Shell, Stick And Dye",EMPTY,0,1,0,0,0,,0,0,,,,
Gin,EMPTY,0,1,0,0,0,,0,0,,,,
Clocks And Watches,EMPTY,0,1,0,0,0,,0,0,,,,
Of Europe: Silks Entered By Weight,EMPTY,0,1,0,0,0,,0,0,,,,
Cassia Lignea And Cassia Vera,EMPTY,0,1,0,0,0,,0,0,,,,
"Not Sawn Or Split, Including Teak",EMPTY,0,1,0,0,0,,0,0,,,,
"Books, Bound And Unbound, Including Maps And Charts Cwts",EMPTY,0,1,0,0,0,,0,0,,,,
"Mutton, Fresh - - - - - - - - - - - - - Cwts. „ Preserved (See Meat, Preserved)",EMPTY,0,1,0,0,0,,0,0,,,,
"Ivory : Teeth, Elephants', Sea-Cows', Or Walrus' ” Vegetable",EMPTY,0,1,0,0,0,,0,0,,,,
Oranges (See Fruit),EMPTY,0,1,0,0,0,,0,0,,,,
"Other Farinaceous Substances, Unenumerated - Value £",EMPTY,0,1,0,0,0,,0,0,,,,
"Animals, Living: Oxen, Bulls, Cows, And Calves",EMPTY,0,1,0,0,0,,0,0,,,,
"Unwrought, And Part Wrought, Old Copper, Copper } In Plates For Coin, Coin, And Copper Sheets",EMPTY,0,1,0,0,0,,0,0,,,,
Glass Of All Kinds (Except Bottles Of Green Or Common } (Glass),EMPTY,0,1,0,0,0,,0,0,,,,
"Chemical, Essential, Or Perfumed",EMPTY,0,1,0,0,0,,0,0,,,,
"Rugs, Woollen, Applicable To Other Uses Than Manure",EMPTY,0,1,0,0,0,,0,0,,,,
All Other Kinds - Cuts,EMPTY,0,1,0,0,0,,0,0,,,,
Clocks And Watches - { Clocks,EMPTY,0,1,0,0,0,,0,0,,,,
"Knobs Or Husks Of Silk, And Waste",EMPTY,0,1,0,0,0,,0,0,,,,
All Other Kinds,EMPTY,0,1,0,0,0,,0,0,,,,
"Meat, Unenumerated; Salted Or Fresh -Preserved, Otherwise Than By Salting",EMPTY,0,1,0,0,0,,0,0,,,,
Zinc,FOLD?,320010307,0,26,19,0,,0,0,,,,"Zinc — Crude, In Cakes"
Spirits,FOLD?,271349959,0,61,30,0,,2,2,Spirits — Brandy,,,Spirits — Brandy
Wood And Timber,FOLD?,234860416,0,138,63,12,Wood And Timber — Teak,22,14,Wood And Timber — Teak,,,Wood And Timber — Sawn Or Split
"Animals, Living",FOLD?,117883194,0,111,100,3,Oxen And Bulls,3,2,Oxen And Bulls,,,"Animals, Living — Sheep And Lambs"
Wood And Timber — Fir,FOLD?,63797447,0,82,27,34,Wood And Timber — Sawn Or Split,34,33,Wood And Timber — Sawn Or Split,,,"Wood And Timber — Hewn, Fir"
"Skins, Furs, And Pelts — Undressed",FOLD?,58130313,0,429,52,44,"Leather, Undressed",48,19,"Leather, Undressed",,,"Skins, Furs, And Pelts — Unenumerated : Undressed"
Fruit,FOLD?,56191575,0,63,55,0,,10,6,Fruit — Raisins,,,Fruit — Currants
Fish — Fresh,FOLD?,56029083,0,242,32,16,Beef — Fresh,17,10,Beef — Fresh,,,Fish — Fresh (Not Of British Taking)
Beef — Fresh,FOLD?,53341281,0,104,21,26,Fish — Fresh,26,23,Fish — Fresh,,,"Meat (Except Poultry And Game) — Beef, Fresh"
Seeds,FOLD?,32338059,0,68,43,34,Seeds — Flax Or Linseed,34,15,Seeds — Flax Or Linseed,,,Seeds — Flax Or Linseed
Sugar,FOLD?,29976408,0,73,43,18,Lates,58,32,"Sugar — Unrefined : Cane, And Other Sorts",,,"Sugar — Unrefined, Total"
Copper — Unwrought And Part Wrought,FOLD?,29908979,0,81,18,0,,0,0,,,,"Unwrought, Part Wrought, And Old Copper"
Ivory,FOLD?,23337004,0,151,55,12,Ivory — East Africa,53,30,"Teeth, Elephants', Sea-Cow, Sea-Horse, Or Sea-Morse",,,"Ivory :Teeth, Elephants', Sea-Cow, Sea-Horse, Or Sea-Morse ,,Vegetable"
Wine — In Casks,FOLD?,21993140,0,153,24,1,Wine — Total Of All Kinds,4,2,"Tobacco — Red, In Casks",,,"Wine, Imported In Casks"
"Skins, Furs, And Pelts — Furs",FOLD?,21496411,0,369,77,4,"Skins, And Furs — Furs, Rabbit Skins",11,4,"Skins — Sheep And Lamb, Undressed",,,"Skins, Furs, And Pelts — Seal"
Iron,FOLD?,18933456,0,82,66,12,Iron — Ore Of,12,7,Iron — Ore Of,,,Iron — Ore Of
Copper — Regulus,FOLD?,14059316,0,81,21,0,,1,1,Beef — Of Coir,,,"Metals :Copper, Ore And Regulus"
Copper — Unwrought,FOLD?,13931798,0,30,30,0,,73,27,Oats,,,"Unwrought, Part Wrought, And Old Copper"
"Coals, Cinders, &C — Coals",FOLD?,13650571,0,55,40,0,,0,0,,,,"Coals, Cinders, &C — Coals And Culm"
Meat — Beef,FOLD?,10876914,0,129,22,5,Rabbits (Dead) — Beef,8,4,Rabbits (Dead) — Beef,,,"Meat (Except Poultry And Game) — Beef, Fresh"
Paper — Of Other Materials,FOLD?,10565982,0,276,42,12,Hats Or Bonnets — Of Other Materials,26,12,Hay,,,"Paper-Making Materials — Esparto, And Other Vegetable Fibres"
Hats Or Bonnets — Of Other Materials,FOLD?,10336124,0,83,26,34,Paper — Of Other Materials,71,43,Hemp — Dressed Or Undressed,,,"Plaiting Of Straw, And Other Materials For Making Hats Or Bonnets"
"Seeds — Unenumerated, Other Sorts",FOLD?,6047136,0,238,41,3,"Cotton — Unenumerated, Other Sorts",5,3,"Cotton — Unenumerated, Other Sorts",,,"Seeds — Unenumerated, For Expressing Oil Therefrom"
Feathers And Down,FOLD?,5346385,0,176,39,59,Bark — Eastern Coast Of Africa,80,41,Bark — Eastern Coast Of Africa,,,Feathers And Down — Ornamental
Hats Or Bonnets,FOLD?,5167050,0,188,50,0,,2,1,"China, Or Porcelain, And Earthenware — Maize Or Indian Cornmeal",,,Straw Platting For Hats Or Bonnets
Meat — Other Sorts,FOLD?,4808455,0,131,23,18,"Meat, Unenumerated — Other Sorts",18,16,"Meat, Unenumerated — Other Sorts",,,"Meat, Salted Or Fresh"
"Skins, Furs, And Pelts — Furs, Unenumerated",FOLD?,3607716,0,68,38,31,Spices — Unenumerated,34,21,Spices — Unenumerated,,,"Skins, Furs, And Pelts — Unenumerated : Undressed"
Oil — Unenumerated,FOLD?,3541812,0,197,27,2,Nuts And Kernels — Seed,3,2,Nuts And Kernels — Seed,,,"Seeds — Unenumerated, For Expressing Oil Therefrom"
Pictures,FOLD?,3226178,0,102,17,0,,3,1,"Dye Stuffs, And Substances Used In Tanning — Dyes Obtained From Coal Tar : Other Coal Tar Dyes",,,"Pictures And Drawings, By Hand"
"Horns, Tips And Pieces Of Horns And Hoofs",FOLD?,2732286,0,118,37,27,"Horns, Tips And Pieces Thereof, And Hoofs",50,19,"Horns, Tips, And Pieces Of Horn, And Hoofs",,,"Horns, Tips, And Pieces Of Horn, And Hoofs"
Copper — Unenumerated,FOLD?,2183141,0,48,21,0,,0,0,,,,"Copper — Manufactures Of, Unenumerated,   Including Copper Coin"
"Meat, Unenumerated — Other Sorts",FOLD?,2181260,0,79,22,27,Meat — Other Sorts,27,27,Meat — Other Sorts,,,"Meat (Except Poultry And Game) — Unenumerated, Salted Or Fresh"
Lead,FOLD?,1812145,0,16,13,0,,12,12,Lard,,,Lead — Pig And Sheet
Jute Manufactures — Piece Goods,FOLD?,1772587,0,18,18,0,,0,0,,,,"Jute Yarn — Manufactures, Piece Goods"
Soap,FOLD?,1763611,0,93,31,0,,0,0,,,,"Soap, Transparent, In The Manufacture Of Which Spirit Has Been Used"
Beer And Ale — Of Other Sorts,FOLD?,1751053,0,141,14,15,Zinc — Of Other Sorts,17,12,Zinc — Of Other Sorts,,,"Beer And Ale: Mum, Spruce Or Black } Beer, Berlin White Beer, And Other Similar Preparations"
Farinaceous Substances,FOLD?,1643003,0,30,16,10,Eggs — Unenumerated,10,10,Eggs — Unenumerated,,,Farinaceous Substances And Manufactures Thereof
Gum,FOLD?,1507359,0,90,40,24,"Glass, Of All Kinds",27,14,"Glass, Of All Kinds",,,Gum — Unenumerated
Wood And Timber — Furniture And Hardwoods,FOLD?,1505157,0,35,26,20,Wood And Timber — Mahogany,26,17,Wood And Timber — Mahogany,,,"Wood And Timber — Furniture, Hardwoods, And Veneers : Unenumerated"
Furniture And Hardwoods,FOLD?,1284238,0,39,24,41,Wood And Timber — Mahogany : Unenumerated,64,38,Wood And Timber — Unenumerated,,,"Wood And Timber — Furniture, Hardwoods, And Veneers : Unenumerated"
"Ivory — Teeth, Elephants', &C.",FOLD?,1259799,0,38,25,21,"Teeth, Elephants', Sea-Cow, Sea-Horse, Or Sea-Morse",21,18,"Teeth, Elephants', Sea-Cow, Sea-Horse, Or Sea-Morse",,,"Ivory :Teeth, Elephants', Sea-Cow, Sea-Horse, Or Sea-Morse ,,Vegetable"
Pickles And Vegetables Preserved In Salt,FOLD?,1188679,0,38,6,0,,0,0,,,,"Pickles And Vegetables, Preserved In Salt Or Vinegar"
Iron — Old Broken Iron And Steel,FOLD?,1076635,0,89,21,0,,1,1,Bacon,,,"Iron — Old Broken, And Old Cast Iron And Steel"
Flax — Dressed,FOLD?,1049176,0,50,9,0,,0,0,,,,"Flax, Dressed Or Undressed"
"Iron — Manufactures, Of Iron And Steel; Sewing Machines",FOLD?,866484,0,19,7,0,,5,5,"Art, Works Of, Other Than Pictures",,,Iron And Steel Manufactures : Sewing Machines Value £
Flax — Unenumerated,FOLD?,859830,0,49,10,73,Glass — Unenumerated,73,71,Glass — Unenumerated,,,"Hemp — Unenumerated Vegetable Substances, Applicable To The Same Uses As Flax Or Hemp"
"Copper — Manufactures Of, Unenumerated",FOLD?,847677,0,59,11,17,"Copper, Ore Of — Manufactures Of, Not Otherwise Enumerated Or Described, Including Copper Plates Engraved",22,17,"Copper, Ore Of — Manufactures Of, Not Otherwise Enumerated Or Described, Including Copper Plates Engraved",,,"Copper — Manufactures Of, Unenumerated,   Including Copper Coin"
Flax,FOLD?,794319,0,6,6,0,,0,0,,,,Seeds — Flax Or Linseed
Glass — Common Bottles,FOLD?,761289,0,44,25,0,,0,0,,,,Glass Of All Kinds (Except Bottles Of Green Or Common } (Glass)
Salt,FOLD?,734045,0,33,8,27,Saltpetre,30,30,Saltpetre,,,"Pickles And Vegetables, Preserved In Salt Or Vinegar"
"Meat, Unenumerated",FOLD?,711857,0,15,13,7,"Leaf, Not Gold",7,7,"Leaf, Not Gold",,,"Meat (Except Poultry And Game) — Unenumerated, Salted Or Fresh"
"Brass, Bronze, And Metal, Bronze And Lacquered",FOLD?,698565,0,43,11,0,,2,2,Plumbago,,,"Brass, Bronze, And Metal Bronzed Or Lacquered, Manufactures Of"
Oil — Of Other Sorts,FOLD?,633362,0,22,30,73,Oil-Seed Cake — Of Other Sorts,77,27,Oil-Seed Cake — Of Other Sorts,,,Oil — Palm
Confectionery (Not Containing Any Article Liable To Duty),FOLD?,625193,0,60,13,15,Confectionery,17,15,Confectionery,,,Confectionery (Not Containing Any Article Liable To Duty) Cwts
Bark — Of Other Sorts,FOLD?,614912,0,31,17,13,Fish — Fresh (Not Of British Taking),16,13,Fish — Fresh (Not Of British Taking),,,"Drugs — Bark, Peruvian"
Metal — Unenumerated,FOLD?,501539,0,13,10,0,,15,15,Metal — Wrought Or Manufactured,,,"Metal — Unenumerated, Unwrought"
Jute Yarn,FOLD?,498684,0,14,8,0,,0,0,,,,"Jute Yarn — Manufactures, Piece Goods"
Furniture And Hardwoods — Mahogany : Unenumerated,FOLD?,407562,0,22,22,68,Wood And Timber — Furniture And Hardwoods : Unenumerated,68,68,Wood And Timber — Furniture And Hardwoods : Unenumerated,,,Furniture And Hardwoods : Mahogany Tons Unenumerated
Hemp — Vegetable Substances Applicable To The Same Uses As Hemp Or Flax,FOLD?,391034,0,41,13,0,,0,0,,,,"Hemp — Unenumerated Vegetable Substances, Applicable To The Same Uses As Flax Or Hemp"
Plate Of Silver,FOLD?,373204,0,64,20,12,"Plate — Of Silver, Gilt Or Ungilt",14,12,"Plate — Of Silver, Gilt Or Ungilt",,,"Plate — Of Silver, Gilt Or Ungilt"
Drugs,FOLD?,371465,0,44,9,30,"Copper, Ore Of — Dutch Possessions In The Indian Seas",32,30,"Copper, Ore Of — Dutch Possessions In The Indian Seas",,,Drugs — Unenumerated
Plate,FOLD?,355073,0,4,7,0,,0,0,,,,"Glass — Plate, Whether Silvered Or Not"
"Skins, Furs, And Pelts — Manufactures Of Skins And Furs",FOLD?,279027,0,5,3,0,,0,0,,,,"Skins, Furs, And Pelts — Manufactures Of, Including Rugs"
Rags And Other Materials For Making Paper — Linen Rags,FOLD?,251445,0,9,9,0,,0,0,,,,Rags And Other Materials For Making Paper — Linen And Cotton
Beer And Ale,FOLD?,187843,0,16,12,0,,0,0,,,,"Beer And Ale: Mum, Spruce Or Black } Beer, Berlin White Beer, And Other Similar Preparations"
Asphalt,FOLD?,182042,0,15,5,0,,7,7,Wax,,,Asphalt Or Bitumen
Wool — Of Other Sorts,FOLD?,176330,0,14,12,36,Beer And Ale — Of Other Sorts,36,29,Beer And Ale — Of Other Sorts,,,Wool — Sheep Or Lambs'
Locust Beans,FOLD?,165050,0,9,9,0,,0,0,,,,"Beans (Other Than Kidney, Haricot, Locust Or French)"
Metal,FOLD?,158637,0,26,13,4,"Leaf, Not Gold",58,35,"Metal — Leaf, Not Gold",,,Metal — Wrought Or Manufactured
Dye Woods,FOLD?,147269,0,19,18,63,Dye Woods — West Africa,79,47,Dye Woods — Unenumerated,,,Dye Woods — Logwood
Beer And Ale — Mum And Spruce,FOLD?,140163,0,14,7,0,,0,0,,,,"Beer And Ale: Mum, Spruce Or Black } Beer, Berlin White Beer, And Other Similar Preparations"
Leather — Other Sorts,FOLD?,129373,0,1,1,0,,0,0,,,,Leather Manufactures — Gloves
Chicory,FOLD?,125309,0,4,2,0,,0,0,,,,"Chicory, Raw Or Kiln-Dried"
Perfumery,FOLD?,106942,0,11,3,0,,0,0,,,,"Perfumery, And Articles Used In The Manufacture Thereof"
"Extracts, Of Other Sorts, Unenumerated",FOLD?,94829,0,28,9,4,"Dye Stuffs, And Substances Used In Tanning — Other Coal Tar Dyes",4,4,"Dye Stuffs, And Substances Used In Tanning — Other Coal Tar Dyes",,,"Substances And Extracts, Unenumerated"
Rough And In The Husk,FOLD?,86193,0,12,9,0,,0,0,,,,Rice — Not Rough Nor In The Husk
"Fruit — Figs, Dried",FOLD?,83895,0,4,4,50,Husks And Shells,50,50,Husks And Shells,,,"Fruit, Dried Or Preserved, Liable To Duty — Figs And Figs Cake"
Beer And Ale — Spruce,FOLD?,81790,0,6,3,0,,0,0,,,,"Beer And Ale: Mum, Spruce Or Black } Beer, Berlin White Beer, And Other Similar Preparations"
Iron — Cast,FOLD?,75136,0,2,2,0,,0,0,,,,"Iron — Old Broken, And Old Cast Iron And Steel"
Rags And Other Materials For Making Paper — Cotton Rags,FOLD?,46850,0,9,9,0,,0,0,,,,Rags And Other Materials For Making Paper — Linen And Cotton
"Milk And Cream, Fresh",FOLD?,46791,0,8,4,0,,0,0,,,,"Milk And Cream, Fresh Or Preserved, Other Than Condensed Milk"
Silver,FOLD?,35773,0,5,5,0,,0,0,,,,"Silver, Ore Of, Or Ore Of Which The Greater Part In Value Is Silver"
Spices — Cassia Vera,FOLD?,31110,0,4,4,0,,0,0,,,,Spices:Cassia Lignea And Cassia Vera
Animals — Lambs,FOLD?,24737,0,5,5,0,,0,0,,,,"Animals, Living — Sheep And Lambs"
Rice — In The Husk,FOLD?,23892,0,6,5,0,,0,0,,,,Rice — Not Rough Nor In The Husk
Spirits — Other Sorts,FOLD?,21968,0,10,11,30,Tobacco — Cigars,30,30,Tobacco — Cigars,,,Spirits — Brandy
Spices — Cassia Lignea,FOLD?,17667,0,7,7,0,,0,0,,,,Spices:Cassia Lignea And Cassia Vera
Gum — Copal,FOLD?,15563,0,7,7,0,,0,0,,,,Gum: Animi And Copal
Wine — Other Sorts,FOLD?,13052,0,11,6,0,,18,18,"Chicory — Red, In Bottles, Sparkling : Other Sorts",,,Wine — Total Of All Kinds
Gum — Animi,FOLD?,12806,0,4,4,0,,25,25,Metal — Fish: Cod Liver,,,Gum: Animi And Copal
Glass — Bottles Of Green Or Common Glass,FOLD?,11784,0,2,2,0,,0,0,,,,Glass Of All Kinds (Except Bottles Of Green Or Common } (Glass)
Coals,FOLD?,11746,0,4,2,0,,0,0,,,,"Coals, Cinders, &C — Coals And Culm"
Animals — Sheep,FOLD?,9250,0,10,10,0,,0,0,,,,"Animals, Living — Sheep And Lambs"
Cocoa — Pâte Or Chocolate,FOLD?,9216,0,2,2,0,,0,0,,,,"Cocoa Or Chocolate, Ground, Prepared, Or In Any Way Manufactured"
Maps And Charts,FOLD?,8078,0,10,3,0,,0,0,,,,"Books, Printed, Bound And Unbound (Including Maps And Charts)"
Madder — Munjeet,FOLD?,4195,0,8,6,0,,0,0,,,,"Madder, Madder Root, Garancine, And Munjeet"
Alkali — Pearl And Pot Ashes,FOLD?,3462,0,3,3,0,,0,0,,,,"Alkali, Viz. Ashes, Pearl And Pot"
Corn And Grain — Wheat Flour,FOLD?,2794,0,1,1,0,,0,0,,,,Corn And Grain — Wheat Meal Or Flour
Liquorice — Paste,FOLD?,1380,0,2,2,0,,0,0,,,,Liquorice Juice And Paste
Ether,FOLD?,1337,0,10,5,30,Ether — Acetic,30,30,Ether — Acetic,,,Ether — Acetic
Pickles Preserved In Vinegar,FOLD?,879,0,1,1,0,,0,0,,,,"Pickles And Vegetables, Preserved In Salt Or Vinegar"
"Skins, Furs, And Pelts — Other Sorts",FOLD?,484,0,5,5,0,,0,0,,,,"Skins, Furs, And Pelts — Seal"
Leather Manufactures — Boot Fronts,FOLD?,0,0,2,2,0,,0,0,,,,"Leather Manufactures: Boots, Shoes, And Boot Fronts"
Veneers,FOLD?,0,0,2,2,0,,0,0,,,,"Wood And Timber — Furniture, Hardwoods, And Veneers : Unenumerated"
Gold — Silver,FOLD?,0,0,5,5,0,,0,0,,,,"Coin, Gold And Silver (See Table No. 15)"
Cotton — Raw,KEEP,1241078747,1,672,80,3,"Corn And Grain — Cotton Raw, And Waste Of",4,3,"Corn And Grain — Cotton Raw, And Waste Of",,,
"Woollen And Worsted Manufactures — Broad Cloths, Coatings, Duffs, &C., Plain, All Wool",KEEP,1023666674,0,81,32,0,,0,0,,,,
Wool — Sheep Or Lambs',KEEP,1022106252,1,1077,126,2,Woollen Yarn — Unenumerated,7,4,Wool — Other Goats' Wool Or Hair,,,
"Woollen And Worsted Manufactures — Broad Cloths; Coatings, Duffs, &C., Ofwool, Mixed With Other Materials",KEEP,950000000,0,20,20,0,,0,0,,,,
Corn And Grain — Wheat,KEEP,754970464,1,679,75,3,"China, Or Porcelain, And Earthenware — Wheat",11,6,Corn And Grain — From Russia,,,
"Woollen And Worsted Manufactures — Narrow Cloths: Coatings, Duffs, &C., Plain,All Wool",KEEP,750040033,0,17,17,0,,0,0,,,,
"Cotton Manufactures — Piece Goods, Plain",KEEP,527082346,1,893,84,0,,1,0,Other Than Muslins,,,
Tea,KEEP,326464373,1,459,36,1,"Unenumerated, Not Sweetened",11,2,Tea — British Indies,,,
Butter,KEEP,324743240,1,415,33,0,,1,0,"Silver, Ore Of, Or Ore Of Which The Greater Part In Value Is Silver — Dutch Possessions In The Indian Seas",,,
Maize Or Indian Corn,KEEP,308437287,1,366,52,1,Barley,2,1,Copper — Unwrought,,,
"Cotton Manufactures — Piece Goods, Printed",KEEP,294935708,0,827,82,0,,2,2,Cotton Manufactures — United States,,,
Corn And Grain — Wheat Meal Or Flour,KEEP,285526668,1,467,49,16,Wheatmeal And Flour,18,13,Wheatmeal And Flour,,,
Wood And Timber — Sawn Or Split,KEEP,282882708,1,307,36,20,Wood And Timber — Fir,21,9,Wood And Timber — Fir,,,
Bacon,KEEP,247152183,1,205,19,1,Cheese,1,0,Cheese,,,
Oxen And Bulls,KEEP,202695166,1,263,27,1,"Animals, Living",2,1,"Animals, Living",,,
Wine — Total Of All Kinds,KEEP,185108291,1,589,46,4,Tobacco — Total Of All Kinds,6,5,Tobacco — Total Of All Kinds,,,
Coffee — Raw,KEEP,176795914,1,807,110,3,Roasted Or Ground,14,4,"Cocoa Or Chocolate, Ground, Prepared, Or In Any Way Manufactured",,,
Jute,KEEP,169200862,1,142,32,0,,10,5,Ivory — Vegetable,,,
Oats,KEEP,154493416,1,410,47,5,Corn And Grain — Oats: From Russia,7,3,Corn And Grain — Oats: From Russia,,,
Seeds — Flax Or Linseed,KEEP,148077175,1,422,48,8,Cotton,12,5,Cotton,,,
Cheese,KEEP,147548210,1,277,30,2,Caoutchouc — Manufactures Of,4,1,Cheese — From Australasia,,,
Barley,KEEP,145594538,1,572,57,1,Maize Or Indian Corn,4,3,Corn And Grain — From Russia,,,
Woollen Manufactures — Stuffs,KEEP,135324064,1,117,21,0,,2,1,Feathers — For Beds,,,
Cork — Manufactured,KEEP,130880474,1,584,46,2,"Zinc — Crude, In Cakes",2,1,"Zinc — Crude, In Cakes",,,
Oil — Palm,KEEP,112781353,1,296,50,17,Nuts And Kernels — Coco-Nut,22,11,Nuts And Kernels — Coco-Nut,,,
Eggs,KEEP,104978113,1,414,54,2,Wood,2,1,Wood,,,
"Wood And Timber — Hewn, Fir",KEEP,100902274,1,295,22,0,,1,0,Cheese,,,
Caoutchouc,KEEP,97540242,1,774,101,4,Margarine (Including All Kinds Of Artificial Or Imitation Butter),25,7,Caoutchouc — East Africa,,,
Cotton Twist And Yarn,KEEP,95099656,0,203,41,0,,0,0,,,,
"Mutton, Fresh",KEEP,91313437,1,202,23,5,Notton. Fresh,22,10,"Metal — Unenumerated, Old, Fit Only To Be Re-Manufactured",,,
Hams,KEEP,89974073,1,196,25,7,"Arms And Ammunition — Rockets And Other Combustibles For Purposes Of War; Explosives, Perussion Caps, And Ammun- Ition Unenumerated",8,5,"Arms And Ammunition — Rockets And Other Combustibles For Purposes Of War; Explosives, Perussion Caps, And Ammun- Ition Unenumerated",,,
Seeds — Silk And Satin,KEEP,89503499,0,64,13,2,Toys — Not Containing Spirit,3,2,"Art, Works Of, Other Than Pictures",,,
Wine — White,KEEP,82859798,1,431,39,5,"Tobacco — White, Total Of",6,3,"Tobacco — White, Total Of",,,
Silk — Raw,KEEP,78795020,1,322,38,1,Shells Of All Kinds — Raw,15,14,Shells Of All Kinds — Raw,,,
Lead — Pig And Sheet,KEEP,76548560,1,443,68,12,"Skins, Furs, And Pelts — Undressed",13,8,"Skins, Furs, And Pelts — Undressed",,,
Rice,KEEP,74814630,1,321,40,3,"Poultry And Game (Alive Or Dead), Including Rabbits — Rich",8,5,"Pork — Poultry And Game, Alive Or Dead",,,
"Unenumerated, Not Sweetened",KEEP,74351832,1,206,45,17,Spirits — Brandy,22,8,Spirits — Brandy,,,
Lard,KEEP,72919188,1,192,25,3,Liard,4,2,Liard,,,
Tobacco — Unmanufactured,KEEP,71406440,1,584,68,12,Tobacco — Cigars,18,11,Tobacco — Cigars,,,
Cotton,KEEP,70974099,1,452,69,18,Cotton — Eastern Coast Of Africa,28,9,Cotton — Eastern Coast Of Africa,,,
Indigo,KEEP,70083453,1,279,39,1,Spices — Ginger,2,0,Nuts And Kernels — For Expressing Oil Therefrom,,,
Tallow And Stearine,KEEP,63869817,1,478,60,8,"Sugar — Unrefined, Total",9,7,"Sugar — Unrefined, Total",,,
Wine — Red,KEEP,63350851,1,543,164,13,Vinegar,13,8,Vinegar,,,
Wet,KEEP,61450688,1,710,68,0,,1,1,"Hides, Raw, And Pieces Thereof — British Possessions In South Africa",,,
"Flax, Dressed Or Undressed",KEEP,57398255,1,166,24,13,Fish (Including Turtle) — Dressed Or Undressed,17,15,Fish (Including Turtle) — Dressed Or Undressed,,,
"Iron — Manufactures Of Iron Or Steel, Unenumerated",KEEP,55124719,1,355,39,16,"Horns, Tips And Pieces Of Horns And Hoofs — Manufactures Of Iron Or Steel, Unenumerated",21,16,"Horns, Tips And Pieces Of Horns And Hoofs — Manufactures Of Iron Or Steel, Unenumerated",,,
Leather Manufactures — Gloves,KEEP,51643321,1,174,20,0,,1,1,"Varnished, Japanned Or Enamelled",,,
"Glass — Plate, Rough Or Silvered (Including Looking Glasses Or Mirrors)",KEEP,51335295,0,91,27,0,,0,0,,,,
Bleaching Materials,KEEP,51286603,0,33,14,0,,0,0,,,,
"Brass — Manufactures Of, Not Being Ordnance",KEEP,50887840,0,45,24,0,,0,0,,,,
"Wine, British Made — Rough, Hewn, Sawn, Or Split",KEEP,50071380,0,11,11,0,,0,0,,,,
Woollen Yarn — For Weaving,KEEP,48706148,1,171,21,17,Woollen Yarn — Unenumerated,19,17,Woollen Yarn — Unenumerated,,,
Silk — Manufactures,KEEP,47789339,1,138,26,11,"Shells Of All Kinds — Manufactures Of Silk Or Of Silk Mixed With Other Materials, Unenumerated",25,14,"Silk Manufactures — Manufactures Of Silk, Or Of Silk Mixed With Other Materials, Unenumerated",,,
Oil — Provisions,KEEP,47444307,0,7,7,0,,0,0,,,,
Margarine,KEEP,46854971,1,103,15,7,Margarine (Including All Kinds Of Artificial Or Imitation Butter),9,7,Margarine (Including All Kinds Of Artificial Or Imitation Butter),,,
"Animals, Living — Sheep And Lambs",KEEP,46687838,1,224,24,0,"Animals, Living",2,0,Animals Living — From Australasia,,,
Sugar — In Lumps And Loaves,KEEP,45569515,1,106,15,3,Sugar,4,2,Sugar,,,
Regulus And Precipitate,KEEP,45331050,1,243,35,4,"Beef — Copper, Ore Of : Regulus And Precipitate",5,4,"Beef — Copper, Ore Of : Regulus And Precipitate",,,
Hemp — Dressed Or Undressed,KEEP,44265235,1,358,53,10,Glass — Dressed Or Undressed,22,10,Hats Or Bonnets — Of Other Materials,,,
Potatoes,KEEP,42048039,1,315,41,4,Fish — Fresh,7,3,Fish — Fresh,,,
Fruit — Currants,KEEP,40584927,1,118,28,8,Ether — Currants,8,4,Ether — Currants,,,
Leather — Dressed,KEEP,40144396,1,203,28,1,"Skins, Furs, And Pelts — Undressed",7,5,Lead — Dressed,,,
Diamonds,KEEP,40065576,0,18,3,0,,0,0,,,,
Fruit — Raisins,KEEP,39693218,1,224,60,7,Spirits — Rum,16,4,Spirits — Rum,,,
"Coals, Cinders, &C — Coals And Culm",KEEP,37480356,1,163,48,7,"Coal, Culm, And Cinders",10,4,"Coal, Culm, And Cinders",,,
Cocoa,KEEP,34869121,1,498,54,4,Roasted Or Ground,4,4,Roasted Or Ground,,,
"Skins — Sheep And Lamb, Undressed",KEEP,34776979,1,591,65,12,"Skins, And Furs — Skins, Sheep, Undressed",36,18,"Skins, And Furs",,,
Husks And Shells,KEEP,34014864,1,78,51,15,"Unenumerated, Not Sweetened",19,5,"Unenumerated, Not Sweetened",,,
Oil — Oil Seed Cakes,KEEP,33928591,1,228,27,3,Oil — Oil Seed Cure,6,2,Oil — Oil Seed Cure,,,
Hops,KEEP,32977568,1,244,42,9,Horns,17,6,Horns,,,
"Glass — Manufactures, Unenumerated",KEEP,32525551,0,206,16,1,Oil — Castor,2,0,Oil — Castor,,,
Flax — Rough Or Undressed,KEEP,32350943,0,67,12,0,,0,0,,,,
Pyrites Of Iron Or Copper,KEEP,31598277,1,139,20,6,"Prints, Engravings And Photo- Graphs — Printes Of Iron Or Copper",9,6,"Prints, Engravings And Photo- Graphs — Printes Of Iron Or Copper",,,
Fruit — Oranges And Lemons,KEEP,31480288,1,200,22,0,,0,0,"Dye Stuffs, And Substances Used In Tanning — Unenumerated",,,
"Paper-Making Materials — Esparto, And Other Vegetable Fibres",KEEP,30357824,1,141,18,1,Wood And Timber — Mahogany,24,12,Paper — Millboard And Pasteboard,,,
"Copper, Ore Of",KEEP,29613635,1,501,56,1,Iron — Ore Of,4,1,"Beef — Gold, Ore Of (Including The Value Of The Gold Contained In Auriferous Ores And Metals : Leaves Of",,,
Feathers And Down — Ornamental,KEEP,27907984,1,370,41,2,Wood — For Beds,14,9,Feathers And Down,,,
"Chemical Manufactures And Products, Unenumerated",KEEP,27540714,1,347,38,7,"Chemical Manufactures And Products, Not Enumerated And Not Chargeable With Duty",7,5,"Chemical Manufactures And Products, Not Enumerated And Not Chargeable With Duty",,,
"Nitre, Cubic (Nitrate Of Soda)",KEEP,26603574,1,99,16,16,Manures — Nitrate Of Soda (Cubic Nitre),17,5,Manures — Nitrate Of Soda (Cubic Nitre),,,
Iron — In Bars,KEEP,26402253,1,147,16,4,Iron — Ore Of,6,1,Iron — Ore Of,,,
"Cured Or Salted, Unenumerated",KEEP,26397323,1,190,29,2,Paper — Unprinted,2,1,Paper — Unprinted,,,
Wood And Timber — Mahogany,KEEP,26362331,1,332,51,8,"Wood And Timber — Furniture, Hardwoods, And Veneers : Unenumerated",9,3,Wood And Timber — Sawn Or Split,,,
Corn And Grain — Beans,KEEP,26260837,0,291,41,2,Beans (Not Kidney Or French),3,2,Beans (Not Kidney Or French),,,
"Silk — Knubs Or Husks Of Silk, And Waste",KEEP,25961723,1,299,34,17,"Shells Of All Kinds — Knubs Or Hueks Of Silk, And Waste",18,16,"Shells Of All Kinds — Knubs Or Hueks Of Silk, And Waste",,,
Wool — Goats' Wool Or Hair,KEEP,25805444,1,271,37,4,Woollen Yarn — Of Goats' Wool Or Hair Mixed Or Not With Other Materials,5,3,Woollen Yarn — Of Goats' Wool Or Hair Mixed Or Not With Other Materials,,,
Silk Manufactures — Unenumerated,KEEP,25474717,0,113,23,4,"Shells Of All Kinds — Manufactures Of Silk Or Of Silk Mixed With Other Materials, Unenumerated",4,3,"Shells Of All Kinds — Manufactures Of Silk Or Of Silk Mixed With Other Materials, Unenumerated",,,
Bristles,KEEP,25465763,1,306,32,0,,8,7,"Books, Bound And Unbound, In- Cluding Maps And Charts",,,
Musical Instruments,KEEP,24163197,1,220,18,0,"Skins, Furs, And Pelts — Manufactures Of, Including Rugs",0,0,"Skins, Furs, And Pelts — Manufactures Of, Including Rugs",,,
"Hides, Raw, And Pieces Thereof — Dry",KEEP,23641449,1,530,72,10,Hemp — Dry,33,17,"Hides, Raw, And Pieces Thereof",,,
"Preserved, Otherwise Than By Salting",KEEP,23610824,1,188,29,16,"Meat, Unenumerated — Meat, Unenumeratedpreserved, Otherwise Than By Salting",16,16,"Meat, Unenumerated — Meat, Unenumeratedpreserved, Otherwise Than By Salting",,,
Cutch And Gambier,KEEP,23587219,1,139,33,4,Bark — Catch And Gambier,4,1,Bark — Catch And Gambier,,,
Wood And Timber — Teak,KEEP,23344087,1,156,43,12,Wood And Timber,20,12,Wood And Timber,,,
"Lac, Seed, Shell, Stick, And Dye",KEEP,23299617,1,173,32,15,Glass — Unenumerated,16,13,Glass — Unenumerated,,,
Toys,KEEP,23169713,1,241,23,10,"Vegetables, Raw, Unenumerated",10,10,"Vegetables, Raw, Unenumerated",,,
"Metal — Unenumerated, Old, Fit Only To Be Re-Manufactured",KEEP,22577713,0,160,44,4,Metal — Factured,31,12,"Mutton, Fresh",,,
Woollen Manufactures — Cloths And Stuffs,KEEP,22124269,0,47,5,0,,4,2,Cotton,,,
Corn And Grain — Pease,KEEP,21855359,0,282,34,4,Peas,4,3,Peas,,,
Lead — Dressed,KEEP,21773029,1,97,22,1,Lead — Pig And Sheet,13,11,Leather — Dressed,,,
"Hides, Not Tanned, Tawed, Curried, Or In Any Way Dressed — Dry",KEEP,20958753,0,173,32,0,,0,0,,,,
Yarn,KEEP,20656635,1,279,30,13,Waste Of (Raw And Yarn),24,7,Waste Of (Raw And Yarn),,,
Fish — Cured Or Salted,KEEP,20581152,0,179,22,1,Caoutchouc,1,1,Caoutchouc,,,
Nuts And Kernels — For Expressing Oil Therefrom,KEEP,20533960,1,441,91,1,Wood And Timber — Mahogany,23,8,Nuts And Kernels — India,,,
Seeds — Clover And Grass,KEEP,20313033,1,253,29,7,Saltpetre (Nitrate Of Potash) — Clover And Grass,8,6,Saltpetre (Nitrate Of Potash) — Clover And Grass,,,
Spirits — Rum,KEEP,20257588,1,338,54,7,Fruit — Raisins,8,3,Fruit — Raisins,,,
Gutta Percha,KEEP,19941926,1,182,36,10,"Glass, Of All Kinds",13,8,"Glass, Of All Kinds",,,
Rice — Not Rough Nor In The Husk,KEEP,19831089,1,42,15,0,,0,0,,,,
"Zinc — Goods, Unenumerated",KEEP,18752245,0,184,42,2,"Zinc — Goods, Not Being Either In Part Or Wholly Manufactured, Unenum- Erated",2,1,"Zinc — Goods, Not Being Either In Part Or Wholly Manufactured, Unenum- Erated",,,
Wood And Timber — Staves,KEEP,18556236,1,252,24,1,Wood And Timber — Sawn Or Split,2,1,Wood And Timber — Sawn Or Split,,,
Paper — Unprinted,KEEP,18530168,1,115,20,8,Paper — Millboard And Pasteboard,9,7,Paper — Millboard And Pasteboard,,,
Manures — Guano,KEEP,18322075,1,299,58,5,Bones For Manure (Whether Burnt Or Not),7,5,Bones For Manure (Whether Burnt Or Not),,,
Painters' Colours And Pigments,KEEP,18276576,1,221,23,0,,0,0,,,,
Watches,KEEP,17563404,1,134,35,2,Tin — Not Containing Spirit,15,11,Wax,,,
"Rags, Woollen, Applicable To Other Uses Than Manure, Torn Up Or Not",KEEP,17393084,1,278,30,1,"Metal — Unenumerated: Unwrought : Old, Fit Only To Be Re-Manufactured",14,10,Woollen Yarn — Unenumerated,,,
"Vegetables, Raw, Unenumerated",KEEP,17262250,1,258,25,9,Toys,9,9,Toys,,,
Onions — Raw,KEEP,17213149,1,294,28,1,Oil — Of Other Sorts,3,1,Oil — Of Other Sorts,,,
Spices — Pepper,KEEP,16806031,1,262,57,13,Slates — Pepper,15,11,Slates — Pepper,,,
Woollen And Worsted Yarn — Worsted Yarn (Combed),KEEP,16266636,0,33,13,0,,0,0,,,,
"Stones, Marble, And Slate : Rough, Hewn Or Manufactured : (Other Than Works Of Art)",KEEP,16191197,1,239,21,18,"Stationery, Other Than Paper — Rough, Hewn Or Manufactured: (Other Than Works Of Art)",26,11,"Stationery, Other Than Paper — Rough, Hewn Or Manufactured: (Other Than Works Of Art)",,,
"Yeast, Dried",KEEP,15896795,1,143,14,4,"Woollen Manufactures — Yarn, Dried",6,3,"Woollen Manufactures — Yarn, Dried",,,
Shells Of All Kinds,KEEP,15714738,1,393,67,16,"Silver, Ore Of, Or Ore Of Which The Greater Part In Value Is Silver",22,16,"Skins — Sheep And Lamb, Undressed",,,
"Hides, Not Tanned, Tawed, Curried, Or In Any Way Dressed — Tanned, Not Otherwise Dressed",KEEP,15356122,0,112,20,0,,0,0,,,,
Linen — Yarn,KEEP,15295124,1,139,25,1,Yarn,2,1,Spices — Cinnamon,,,
"Silk Manufactures — Ribbons, Silk Or Satin",KEEP,15130546,0,26,8,4,"Cotton — Manufactures, Ribbons, Silk And Satin",4,4,"Cotton — Manufactures, Ribbons, Silk And Satin",,,
Cows,KEEP,15078672,1,158,19,0,,1,1,Sugar — Refined : Total Of,,,
Spirits — Total Of All Kinds,KEEP,15021183,0,18,18,0,,0,0,,,,
Paper-Making Materials — Pulp Of Wood,KEEP,14691345,1,123,19,2,Metal — Unenumerated : Unwrought : Wrought Or Manufactured,5,3,Paper — Millboard And Pasteboard,,,
Wood And Timber — Oak,KEEP,14626309,1,148,20,2,"Wood And Timber — Hewn, Oak",4,2,"Wood And Timber — Hewn, Oak",,,
Paper — Millboard And Pasteboard,KEEP,14607119,1,283,28,3,Paper — Unprinted,21,9,Paper-Making Materials — Linen And Cotton Rags,,,
"Linen And Jute Manufactures — Plain, Unbleached Or Bleached",KEEP,14606437,0,69,29,0,,0,0,,,,
"Milk, Condensed",KEEP,14425663,1,89,13,9,Metal — Condensed Or Preserved,16,8,Metal — Condensed Or Preserved,,,
Sugar — Glucose,KEEP,14387630,1,120,15,2,Spices — Molasses,4,2,Spices — Molasses,,,
"Wood And Timber — House Frames, Fittings, And Joiners' Work",KEEP,14272727,1,311,26,9,"Wood And Timber — Unenumerated (Not Being Ash, Beech, Birch, Elm, Oak, Or Wainscot)",9,9,"Wood And Timber — Unenumerated (Not Being Ash, Beech, Birch, Elm, Oak, Or Wainscot)",,,
Rosin,KEEP,14222246,1,118,30,0,,4,2,"Sauces Or Condiments, Unenumerated",,,
Oil — Turpentine,KEEP,14164711,1,117,15,2,Pork — Salted (Not Hams),3,1,Nuts And Kernels — Seed,,,
Paper — Unenumerated,KEEP,14009953,0,205,25,1,"Yeast, Dried",1,0,Rags And Other Materials For Making Paper — Linen And Cotton,,,
Pork — Salted (Not Hams),KEEP,13984567,1,211,21,1,Oil — Turpentine,2,0,"Horns, Tips And Pieces Of Horns And Hoofs — Manufactures Of Iron Or Steel: Sewing Machines And Parts Thereof",,,
Other Than Muslins,KEEP,13892433,1,172,19,8,"Cotton Manufactures — Piece Goods, Other Than Muslins",11,8,"Cotton Manufactures — Piece Goods, Other Than Muslins",,,
"Silk Manufactures — Velvet, Plain Or Figured",KEEP,13855775,0,49,10,0,,2,2,Leather Manufactures — Boots And Shoes,,,
Oil — Fish : Train Or Blubber,KEEP,13729290,1,234,33,13,"Oils — Fish, Train Or Blubber",18,12,"Oils — Fish, Train Or Blubber",,,
"Oil — Chemical, Essential, Or Perfumed",KEEP,13658519,1,414,52,7,Oil Seed Cake — Linseed Cake,13,6,Nuts And Kernels — Seed,,,
Fruit — Oranges,KEEP,13631047,1,92,20,0,,15,12,"Fruit — Nuts, Used As Fruit",,,
Metals And Ores — Pig,KEEP,13495272,1,107,28,0,,7,7,"Beef — Iron, Ore Of (Including Chrome Ore) : Pig",,,
Opium,KEEP,13488366,1,209,35,2,"Drugs — Bark, Peruvian",9,2,Drugs — From British East Indies,,,
"Skins, Furs, And Pelts — Seal",KEEP,13382913,1,371,49,18,Shells Of All Kinds — Dressed,20,10,Shells Of All Kinds — Dressed,,,
Brimstone,KEEP,13380832,1,139,46,13,"Books, Bound And Unbound, In- Cluding Maps And Charts",17,8,"Books, Bound And Unbound, In- Cluding Maps And Charts",,,
Drugs — Unenumerated,KEEP,13245393,1,438,52,5,"Dye Stuffs, And Substances Used In Tanning — Unenumerated",6,3,"Dye Stuffs, And Substances Used In Tanning — Unenumerated",,,
Metal — Wrought Or Manufactured,KEEP,13206406,1,142,19,4,Metal — Unenumerated : Unwrought : Wrought Or Manufactured,10,7,Metal — Unenumerated : Unwrought : Wrought Or Manufactured,,,
"Drugs — Bark, Peruvian",KEEP,13063070,1,291,54,6,Cotton Manufactures — Unenumerated,16,5,Yarn,,,
Hemp — Rough Or Undressed,KEEP,12819134,0,65,20,0,,0,0,,,,
Fresh (Not Of British Taking) — Herrings,KEEP,12801767,1,98,12,18,Bark — Fresh (Not Of British Taking) Herrings,21,9,Bark — Fresh (Not Of British Taking) Herrings,,,
"Corn — Hides, Untanned",KEEP,12764366,0,4,4,0,,0,0,,,,
"Cocoa Or Chocolate, Ground, Prepared, Or In Any Way Manufactured",KEEP,12545704,1,129,30,1,"Coffee And Chicory, Mixed",39,22,Coffee — Raw,,,
"Skins And Furs — Goat, Undressed",KEEP,12533248,1,326,51,18,"Skins : Goat, Undressed",18,15,"Skins : Goat, Undressed",,,
Paraffine,KEEP,12496621,1,116,27,2,Fruit — Prunes,12,5,"Perfumery, And Articles Used In The Manufacture Thereof, Except Perfumed Spirits",,,
"Flowers, Artificial",KEEP,12393352,1,119,10,2,Tow,4,2,Tow,,,
Manures — Bones For Manure,KEEP,12347130,1,532,52,17,Bones For Manure (Whether Burnt Or Not),18,17,Bones For Manure (Whether Burnt Or Not),,,
Straw Platting For Hats Or Bonnets,KEEP,12105300,1,147,21,1,Lates,19,18,"Straw — Straw Platting, For Making Hatsor Bonnets",,,
"Woollen And Worsted Manufactures — Carpets, Not Being Rugs",KEEP,12081027,0,83,28,0,,0,0,,,,
"Wine — Red, In Casks",KEEP,12072654,0,60,16,0,,0,0,,,,
Quicksilver,KEEP,12031212,1,157,30,3,Qui Silver,10,7,"Pork — Poultry And Game, Alive Or Dead",,,
Leather Manufactures — Boots And Shoes,KEEP,12021914,1,177,14,0,,3,1,"Varnished, Japanned Or Enamelled",,,
Oil Seed Cake — Linseed Cake,KEEP,12001640,1,140,27,15,"Oil — Chemical, Essential, Or Perfumed",16,14,"Oil — Chemical, Essential, Or Perfumed",,,
Pork — Salted,KEEP,11903757,1,130,24,4,Beef — Salted,7,3,Beef — Salted,,,
Poultry And Game,KEEP,11845194,1,207,18,1,Fish — Fresh,1,1,Fish — Fresh,,,
Leather — Bacon,KEEP,11784019,0,7,8,0,,0,0,,,,
"Cordage, Twine, And Cable Yarn",KEEP,11694579,1,204,23,0,,1,1,"Cordage, Twine, And Cable Yarn — From British East Indies",,,
"Coffee — Rum Shrub, Liqueurs And Cordials, Of And From British Possessions",KEEP,11637694,0,17,18,6,Spirits — Perfumed Spirits And Cologne Water,35,24,Tobacco — Unmanufactured,,,
"Tin — In Blocks, Ingots, Bars, Or Slabs, And Regulus",KEEP,11484436,1,57,14,0,,0,0,,,,
Silk — Thrown,KEEP,11449516,1,105,13,0,,3,1,Coffee — Raw,,,
Paper — For Printing Or Writing,KEEP,11373154,0,214,20,0,"China, Or Porcelain, And Earthenware — Maize Or Indian Cornmeal",2,1,Oil Seed Cake — Rapeseed,,,
"Zinc — Manufactures, Unenumerated",KEEP,11228228,1,135,10,10,Zinc — Manufactures,13,10,Zinc — Manufactures,,,
Fish — Fresh (Not Of British Taking),KEEP,11081594,1,184,18,6,Fish (Including Turtle) — Other Sorts Of Fresh Fish,8,3,Fish (Including Turtle) — Other Sorts Of Fresh Fish,,,
Wool — Other Goats' Wool Or Hair,KEEP,10979959,1,125,28,4,Wool — Sheep Or Lambs',35,34,Wool — Sheep Or Lambs',,,
Lead — Ore Of,KEEP,10774846,1,329,52,1,"Metal — Unenumerated, Unwrought",8,2,Lead — From Australasia,,,
"Glass — Window And German Sheet, Including Shades And Cylinders",KEEP,10741944,1,130,18,2,"Drugs — Bark, Peruvian",4,1,Lead — Pig And Sheet,,,
Caoutchouc — Manufactures Of,KEEP,10681753,1,272,44,1,Cheese,2,1,Cheese,,,
"Meat, Salted Or Fresh",KEEP,10531402,1,255,29,2,"Teeth, Elephants', Sea-Cow, Sea-Horse, Or Sea-Morse",3,0,"Teeth, Elephants', Sea-Cow, Sea-Horse, Or Sea-Morse",,,
Kowrie,KEEP,9920852,1,78,19,5,Gum,12,4,Gum : Kowrie,,,
"Wool — Alpaca, Vicuña, And Llama",KEEP,9885349,1,115,15,0,,5,3,"Woollen Manufactures — Alpaca, Vicuña, And Llama",,,
Dye Woods — Logwood,KEEP,9788172,1,197,35,2,Manures — Phosphate Of Lime And Rock,7,4,"Dye Stuffs (Other Than Dye Woods), And Substances Used In Tanning Or Dyeing — Valonia",,,
"Linen Manufactures — Plain, Unbleached Or Bleached",KEEP,9608018,0,94,48,0,,0,0,,,,
Lace,KEEP,9576057,1,103,19,0,,2,1,Tin — Ore Of,,,
Fruit — Almonds,KEEP,9363058,1,242,26,1,Hats Or Bonnets — Tow Or Codilla Of,2,0,Hats Or Bonnets — Tow Or Codilla Of,,,
Saltpetre,KEEP,9285035,1,168,22,5,Salt,8,6,Salt,,,
"Pork — Poultry And Game, Alive Or Dead",KEEP,9276796,0,46,17,0,,70,33,Rice,,,
"Wood And Timber — Hewn, Oak",KEEP,9270396,0,91,17,3,Wood And Timber — Oak,7,3,Wood And Timber — Oak,,,
Spices — Unenumerated,KEEP,9149693,1,267,43,14,Slates,16,6,Slates,,,
Grapes — Raw,KEEP,8882404,1,91,15,0,,4,1,"Glass — Plate, Whether Silvered Or Not",,,
"Leather — Tanned, Unwrought",KEEP,8827930,0,78,27,0,,0,0,,,,
"Skins, Furs, And Pelts — Manufactures Of, Including Rugs",KEEP,8757418,1,130,18,18,"Cotton — Manufactures Of Skins And Furs, Including Rugs",18,17,"Cotton — Manufactures Of Skins And Furs, Including Rugs",,,
Gum — Unenumerated,KEEP,8746038,1,411,66,9,Guar — Unenumerated,11,4,Guar — Unenumerated,,,
Pig And Puddled,KEEP,8538969,1,122,17,3,Iron,8,2,Iron,,,
"Buttons And Studs, Not Of Metal",KEEP,8219769,1,129,14,8,"Buttons And Straps, Not Of Metal",8,8,"Buttons And Straps, Not Of Metal",,,
Manures — Unenumerated,KEEP,8175355,1,273,41,19,Leather — Unenumerated,20,14,Leather — Unenumerated,,,
"Horns, Tips And Pieces Of Horns And Hoofs — Machinery",KEEP,8092335,0,33,11,0,,0,0,,,,
"Hats Or Bonnets — Tawed, Curried, Or In Any Way Dressed, Not Being Varnished, Japanned, Or Enamelled",KEEP,8000579,0,60,10,0,,0,0,,,,
Confectionery,KEEP,7901877,1,165,18,7,Confectionery (Not Containing Any Article Liable To Duty),11,5,Confectionery (Not Containing Any Article Liable To Duty),,,
Rags And Other Materials For Making Paper — Linen And Cotton,KEEP,7789377,1,242,34,11,Paper-Making Materials — Linen And Cotton Rags,13,11,Paper-Making Materials — Linen And Cotton Rags,,,
"Hides — Not Tanned, &C., Dry",KEEP,7716495,0,70,13,0,,0,0,,,,
Clocks,KEEP,7626652,1,103,15,0,,1,1,Rhubarb,,,
Oatmeal And Groats,KEEP,7620925,1,62,10,2,Pitch,3,2,Linen — Manufactures,,,
Sago,KEEP,7598844,1,78,24,4,"Sago, And Flour Or Meal Thereof",6,4,"Sago, And Flour Or Meal Thereof",,,
"Animals, Living — Horses",KEEP,7563499,1,122,22,1,Geldings,2,1,Lead — Ore Of,,,
"Ore, Unenumerated",KEEP,7332977,1,333,55,2,Oil — Of Other Sorts,6,2,"Ore, Unenumerated — Native Islands In The Indian Seas",,,
Rye,KEEP,7289986,1,192,24,1,Oats,1,1,Oats,,,
"Manganese, Ore Of",KEEP,7133815,1,286,37,2,Lead — Pig And Sheet,16,12,"Linen — Manufactures, Including Manu- Factures Of Linen Mixed With Cotton",,,
Bark — Peruvian,KEEP,7063303,1,94,14,1,Confectionery,2,1,Nuts And Kernels — From West Coast Of Africa (Foreign),,,
"Lace, And Articles Thereof — Of Cotton",KEEP,7034191,0,43,8,0,,0,0,,,,
Linen — Manufactures,KEEP,6941802,1,161,16,16,"Linen — Manufactures, Including Manu- Factures Of Linen Mixed With Cotton",19,11,"Linen — Manufactures, Including Manu- Factures Of Linen Mixed With Cotton",,,
Leather Manufactures — Unenumerated,KEEP,6871347,1,160,15,16,"Leather Manufactures — Unenumerated, Or Whereof Leather Is The Most Valuable Part",16,8,"Leather Manufactures — Unenumerated, Or Whereof Leather Is The Most Valuable Part",,,
Cochineal (Including Granilla And Dust),KEEP,6833156,1,127,40,2,Bark — Indigo,3,1,Bark — Indigo,,,
"Glass — Plate, Whether Silvered Or Not",KEEP,6829652,1,118,16,0,,5,4,"Glass — Other Plate, Whether Silvered Ornot",,,
"Plants, Shrubs, Trees, And Flower Roots",KEEP,6817007,0,324,33,0,Silk Manufactures — Unenumerated,1,0,Silk Manufactures — Unenumerated,,,
Oil — Castor,KEEP,6609897,1,154,24,2,"Glass — Manufactures, Unenumerated",3,1,Quicksilver,,,
"Seeds — Unenumerated, For Expressing Oil Therefrom",KEEP,6520277,1,248,43,8,Saltpetre (Nitrate Of Potash) — Rape,15,9,"Unenumerated, For Expressing Oil Therefrom",,,
Hay,KEEP,6501523,1,105,21,9,"Glass, Of All Kinds",38,31,Paper — Of Other Materials,,,
Books,KEEP,6472660,1,215,23,13,"Books, Bound And Unbound, In- Cluding Maps And Charts",18,13,"Books, Bound And Unbound, In- Cluding Maps And Charts",,,
"Pictures And Drawings, By Hand",KEEP,6433817,1,165,21,0,,7,3,Petroleum,,,
Plumbago,KEEP,6403100,1,150,25,0,,2,1,"Brass, Bronze, And Metal, Bronze And Lacquered",,,
"Skins, Furs, And Pelts — Goat And Kid, Tanned, Tawed, Or Dressed",KEEP,6397707,0,58,14,0,,0,0,,,,
"Preserved Without Sugar, Other Than Dried",KEEP,6331310,1,197,33,15,Preserved Without Sugar,63,36,"Fish (Including Turtle) — Unenumerated, Dried",,,
"Wood And Timber — Hewn, Unenumerated",KEEP,6299815,0,185,19,9,Wood And Timber — Unenumerated,11,8,Wood And Timber — Unenumerated,,,
Embroidery And Needlework,KEEP,6235005,1,167,14,5,Embroidery And Needle- Work,6,5,Embroidery And Needle- Work,,,
"Clocks, And Parts Thereof",KEEP,6161832,1,73,7,0,,3,1,"Naphtha, Wood, Not Potable",,,
Nuts And Kernels — Of Other Sorts,KEEP,6087605,1,179,42,0,,9,7,"Oils — Fish, Train Or Blubber",,,
Zinc — Unmanufactured : Manufactured,KEEP,6056621,0,15,15,0,,0,0,,,,
Horse,KEEP,6031005,1,361,34,5,"Glass, Of All Kinds",9,6,"Glass, Of All Kinds",,,
Copper,KEEP,5991391,1,14,28,0,,36,36,"Copper — Old, Fit Only To Be Re-Manufactured",,,
Cork — Unmanufactured,KEEP,5966931,1,185,16,6,"Coals, Culm, Cinders, And Shale — Unmanufactured",9,4,"Coals, Culm, Cinders, And Shale — Unmanufactured",,,
Lemons,KEEP,5941718,1,58,9,0,,3,2,Dye Woods — Unenumerated,,,
"Manufactured, Cigars",KEEP,5935008,1,84,18,13,Tobacco — Cigars,14,14,Tobacco — Cigars,,,
Cotton Manufactures — United States,KEEP,5870474,0,33,19,0,,55,45,"Cotton Manufactures — Piece Goods, Printed",,,
Fruit — Figs,KEEP,5823854,1,155,21,3,Ether — Currants,6,2,Ether — Currants,,,
Plums — Raw,KEEP,5768143,1,51,8,0,,0,0,,,,
Corn — Fruits,KEEP,5683622,0,6,6,0,,0,0,,,,
"Cotton — Raw, And Waste Of",KEEP,5634669,0,10,10,0,,0,0,,,,
Ice,KEEP,5633416,1,37,7,3,Iron,14,11,"Horns, Tips And Pieces Of Horns And Hoofs",,,
Sugar — Molasses,KEEP,5530054,1,203,33,2,"Sugar — Unrefined, Total",3,2,"Sugar — Unrefined, Total",,,
Zinc — Articles Imported By Parcel Post,KEEP,5509711,0,217,41,1,Articles Imported By Parcelpost,67,57,Articles Imported By Parcelpost,,,
Unrefined — 2Nd Class,KEEP,5434597,0,23,25,4,Spirits — Geneva,4,4,Spirits — Geneva,,,
Parcel Post (Goods Free Of Duty),KEEP,5406139,1,238,53,0,,66,32,"Zinc — Goods, Not Being Either In Part Or Wholly Manufactured, Unenumerated",,,
Spirits — 4Th Class,KEEP,5203632,0,24,26,0,,0,0,,,,
"Cocoa Or Chocolate, In The Manufacture Of Which Spirit Has Been Used",KEEP,5174796,1,54,26,0,,56,43,Coffee — Raw,,,
Woollen Yarn — For Fancy Purposes,KEEP,5155444,1,112,12,0,,2,1,"Plate, Fluted, Rolled Or Rough",,,
"Dye Stuffs, And Substances Used In Tanning — Extracts",KEEP,5143833,0,131,21,0,,0,0,,,,
"Wool — Goats' Wool, Mohair",KEEP,5112181,1,43,12,0,,19,16,Wool — Mohair,,,
Gum — Arabic,KEEP,5060162,1,286,50,2,Glass — Arabic,5,2,"Glass, Of All Kinds",,,
Hair — Unenumerated,KEEP,4962644,0,197,21,5,Hats Or Bonnets — Unenumerated,9,4,Hats Or Bonnets — Unenumerated,,,
Rags And Other Materials For Making Paper — Pulp Of Rags And Wood,KEEP,4817499,0,124,19,0,,2,1,"Glass — Plate, Whether Silvered Or Not",,,
Oil — Animal,KEEP,4773211,1,156,25,0,,2,1,Ivory,,,
Matches,KEEP,4766159,1,81,14,15,"Matches, Safety And Other Sorts — Other Sorts",17,15,"Matches, Safety And Other Sorts — Other Sorts",,,
Sponge,KEEP,4764150,1,231,40,4,Slates,6,3,Slates,,,
Leather Manufactures,KEEP,4738926,1,65,47,0,,0,0,,,,
"Beef — Iron, Ore Of (Including Chrome Ore)",KEEP,4647048,0,19,22,0,,16,11,"Copper, Ore Of",,,
Flax — Tow Or Codilla Of,KEEP,4543305,0,54,9,0,,2,2,Nuts And Kernels — For Expressing Oil Therefrom,,,
"Glass — Window Glass (Not Being Plate Glass), And German Sheet Glass, Including Shades And Cylinders",KEEP,4520416,0,40,6,0,,22,22,"Glass — Window Glass (Not Being Plate Glass), Andgerman Sheet Glass, Including Shades Andcylinders",,,
"Cotton Manufactures — Piece Goods, Printed And Dyed",KEEP,4423963,0,19,19,0,,0,0,,,,
Oil-Seed Cake — Cotton Cake,KEEP,4364718,1,61,16,10,"Oil — Chemical, Essential, Or Perfumed",11,7,"Oil — Chemical, Essential, Or Perfumed",,,
"Beef — Eastern Coast Of Africa : In Blocks, Ingots, Bars And Slabs",KEEP,4359089,0,18,20,0,,17,17,Lead — Ore Of,,,
"Meat. Unenumerated — Preserved, Otherwise Than By Salting : Beef",KEEP,4229664,0,38,18,3,Meat — Beef,26,18,"Matches — .. Preserved, Otherwise Than Bysalting : Beef",,,
Woollen And Worsted Manufactures — Shawls,KEEP,4214488,0,110,30,0,,0,0,,,,
Bottles,KEEP,4110700,1,65,11,0,,3,2,"Mutton, Fresh",,,
"Farinaceous Substances — Rice, Rice Meal And Flour",KEEP,4082692,1,17,18,0,,0,0,,,,
Rabbits (Dead),KEEP,4065440,1,36,11,17,Rabbits,39,17,Rabbits,,,
Jute — Machine Or Imitation Lace,KEEP,4019335,0,22,3,0,,0,0,,,,
Wax,KEEP,4009758,1,480,70,2,"Glass, Of All Kinds",7,3,Watches,,,
"Pictures, Drawings, And Photographs",KEEP,4004824,0,62,7,0,,0,0,,,,
Candles — Stearine,KEEP,4000690,1,48,10,2,"Earthenware, Not Being China Or Porcelain Ware",4,2,"Earthenware, Not Being China Or Porcelain Ware",,,
Dye Woods — Unenumerated,KEEP,3985917,1,331,62,7,Dye Woods: Logwood — Unenumerated,14,5,Dye Woods: Logwood — Unenumerated,,,
"Dye Stuffs, And Substances Used In Tanning — Myrobalans",KEEP,3929118,0,58,18,9,"Madder, Madder Root, Garancine, And Munjeet",9,9,"Madder, Madder Root, Garancine, And Munjeet",,,
"Paper — Writing Or Printing, And Envelopes",KEEP,3865381,0,76,35,0,,0,0,,,,
Shells Of All Kinds — Dutch Possession In Indian Seas,KEEP,3839526,0,173,37,10,Shells Of All Kinds,29,17,"Shells Of All Kinds — Knubs Or Hueks Of Silk, And Waste",,,
Zinc — Ore Of,KEEP,3782824,1,235,27,1,"Hemp — Unenumerated Vegetable Substances, Applicable To The Same Uses As Flax Or Hemp",2,2,Lead — Ore Of,,,
Fish — Rough Or Undressed,KEEP,3772279,0,8,8,0,,0,0,,,,
"Hair — Cow, Ox, Bull, Or Elk",KEEP,3730320,1,297,30,4,"Glass, Of All Kinds",6,3,"Glass, Of All Kinds",,,
Woollen And Worsted Manufactures — Worsted Yarn (Combed),KEEP,3658840,0,7,7,0,,0,0,,,,
Preserved Otherwise Than By Salting — Mutton,KEEP,3650913,1,99,14,5,"Meat, Unenumerated — Preserved : Mutton",6,4,"Meat, Unenumerated — Preserved : Mutton",,,
Straw,KEEP,3617168,1,214,28,3,Slates,5,3,Slates,,,
Isinglass,KEEP,3613174,1,225,33,15,"Horns, Tips And Pieces Of Horns And Hoofs — Manufactures Of Iron Or Steel, Unenumerated",21,9,"Horns, Tips And Pieces Of Horns And Hoofs — Manufactures Of Iron Or Steel, Unenumerated",,,
"Wine — White, In Casks",KEEP,3601924,0,44,16,0,,0,0,,,,
"Leather — Wrought, Boots And Shoes",KEEP,3594046,0,26,12,0,,0,0,,,,
Calves,KEEP,3589398,1,94,14,0,,2,1,Paper — Of Other Materials,,,
"Cotton Manufactures — Piece Goods Of Mixed Materials, Cotton Predominating",KEEP,3571372,0,145,37,0,,0,0,,,,
Gold — Leaves Of,KEEP,3538418,1,105,11,10,Metals And Ores — Leaves Of,11,11,Metals And Ores — Leaves Of,,,
Rabbits,KEEP,3508692,1,43,13,14,Rabbits (Dead),16,14,Rabbits (Dead),,,
Horns And Hoofs,KEEP,3468465,1,183,38,2,"Animals, Living — Bulls, Oxen, Cows, And Calves",3,1,Wood And Timber — Sawn Or Split,,,
Spices — Ginger,KEEP,3394884,1,156,23,10,Slates,13,8,Slates,,,
Wood And Timber — Stuffs,KEEP,3313546,0,5,5,0,,0,0,,,,
China And Porcelain Ware,KEEP,3290462,1,82,14,1,Safflower,4,1,"Manganese, Ore Of",,,
"Wine — In Bottles, Still",KEEP,3161176,0,91,13,0,,0,0,,,,
"Metal — Unenumerated, Unwrought",KEEP,3086703,1,115,35,3,Lead — Ore Of,13,4,Metal,,,
Tar,KEEP,3019617,1,137,19,3,Tan,7,4,"Sugar — Unrefined, Total",,,
"Woollen And Worsted Manufactures — Yarn, Alpaca, Mohair, And Other Sorts Unenumerated",KEEP,3001093,0,19,9,0,,0,0,,,,
"Brass, Bronze, And Metal Bronzed Or Lacquered, Manufactures Of",KEEP,2925522,1,87,12,8,"Bones (Except Whalebone), Whether Burnt Or Not, Or As Animal Charcoal — Brass, Bronze, And Metal Bronzed Or Lacquered. Manufactures Of, Unenumerated",10,7,"Bones (Except Whalebone), Whether Burnt Or Not, Or As Animal Charcoal — Brass, Bronze, And Metal Bronzed Or Lacquered. Manufactures Of, Unenumerated",,,
Linen And Jute Manufactures — Jute-Manufactures,KEEP,2888340,0,46,33,0,,0,0,,,,
Feathers — For Beds,KEEP,2884561,1,212,23,8,Fathers — For Bens,25,11,Feathers And Down,,,
Cherries — Raw,KEEP,2862278,1,37,7,0,,0,0,,,,
"Sago, And Flour Or Meal Thereof",KEEP,2839394,1,30,13,10,Sago,10,10,Sago,,,
"Stationery, Other Than Paper",KEEP,2827999,0,141,11,6,"Stationery, Other Than Paper, Including Ink",8,5,"Stationery, Other Than Paper, Including Ink",,,
"Silk Manufactures — Broad Stuffs : Silk Or Satin : Ribbons, Silk Or Satin",KEEP,2785957,0,4,5,0,,0,0,,,,
Cement,KEEP,2777049,0,107,47,0,,1,1,Cement — To United States Of America,,,
Alkali,KEEP,2758413,1,179,18,1,Caoutchouc,2,1,Alkali — British North America,,,
Silk Manufactures — Linenumerated,KEEP,2739301,0,13,16,0,,0,0,,,,
"Lace, And Articles Thereof — Of Silk",KEEP,2735988,0,16,3,0,,0,0,,,,
Tea — Red: Total Of,KEEP,2723762,0,20,20,0,,40,40,"Tobacco — White, In Bottles, Still : Champagne",,,
"Fish (Including Turtle) — Cured Or Salted, Other Sorts",KEEP,2722343,0,21,22,0,,0,0,,,,
Icp — Indigo,KEEP,2721208,0,10,10,0,,0,0,,,,
"Skins And Furs — Sheep And Lambs', Undressed, Without The Wool",KEEP,2717794,0,23,6,0,,0,0,,,,
Tares And Lentils,KEEP,2700421,1,207,31,7,Saltpetre (Nitrate Of Potash) — Rape,9,6,Saltpetre (Nitrate Of Potash) — Rape,,,
Oil — Spermaceti Or Head Matter,KEEP,2691561,0,43,14,7,"Oil — Fish : Spermaceti, Or Head Mutton",7,7,"Oil — Fish : Spermaceti, Or Head Mutton",,,
"Cotton Manufactures — Dye Stuffs, Unenumerated",KEEP,2667318,0,67,19,0,,0,0,,,,
"Paper-Making Materials — Pulp Of Wood, Chemical",KEEP,2661603,1,21,12,0,,10,10,Paper — Millboard And Pasteboard,,,
Galls,KEEP,2654648,1,196,25,4,"Preserved Without Sugar, Other Than Dried",5,4,"Preserved Without Sugar, Other Than Dried",,,
"Platina, Wrought Or Unwrought",KEEP,2647980,1,116,14,0,,3,1,Lead — Manufactures,,,
Pears — Raw,KEEP,2626412,1,77,12,0,,13,10,"Fruit — Nuts, Used As Fruit",,,
Whalebone (Whalefins) — Whale Fisheries,KEEP,2608319,0,18,18,0,,22,22,Whalebone (Whalefins),,,
Glass — Flint Glass,KEEP,2541114,0,48,7,0,,0,0,,,,
Of Felt,KEEP,2527635,1,123,19,0,,0,0,,,,
Woollen,KEEP,2515305,1,8,4,0,,0,0,,,,
Manufactures — Of Countries Out Of Europe,KEEP,2509051,1,38,6,0,,0,0,,,,
"Art, Works Of, Other Than Pictures",KEEP,2504991,0,170,21,2,"Skins, Furs, And Pelts — Specimens Illustrative Of Natural Science",3,1,"Skins, Furs, And Pelts — Specimens Illustrative Of Natural Science",,,
"Metal — Unenumerated, Wrought Or Manufactured",KEEP,2504163,0,64,13,0,,2,2,"Animals, Living — Sheep And Lambs",,,
"Animals, Living — Swine",KEEP,2478736,1,95,13,0,,2,1,"Animals, Living — British North America",,,
"Wool — Other Kinds, And Flocks",KEEP,2459024,1,178,18,0,,7,7,Wool — Sheep Or Lambs',,,
"Pickles And Vegetables, Preserved In Salt Or Vinegar",KEEP,2444755,1,129,13,2,"Petroleum — Pickles And Vegetables, Preservedin Salt Or Vinegar",31,28,"Petroleum — Pickles And Vegetables, Preservedin Salt Or Vinegar",,,
Part Wrought,KEEP,2444285,1,91,26,14,"Copper, Ore Of — Manufactures Of, Not Otherwise Enumerated Or Described, Including Copper Plates Engraved",18,13,"Copper, Ore Of — Manufactures Of, Not Otherwise Enumerated Or Described, Including Copper Plates Engraved",,,
Perfumed,KEEP,2438260,1,121,9,2,"Spirits — Not Tested, For Ascertaining The Strength",13,4,"Fruit — Unenumerated, Sweetened, Or Mixed (Tested)",,,
"Woollen And Worsted Manufactures — Rugs, Coverlets, Or Wrappers",KEEP,2409597,0,138,28,0,,0,0,,,,
"Stationery Other Than Paper — Stones, Marble, Slate, And Other Sorts Of Stone, Rough, Hewn, Or Manufactured",KEEP,2395788,0,43,10,0,,0,0,,,,
"Jute Yarn — Manufactures, Piece Goods",KEEP,2372364,1,23,23,0,,0,0,,,,
"Skins, Furs, And Pelts — Sheep And Lamb, Tanned, Tawed, Or Dressed",KEEP,2361879,0,52,12,0,,0,0,,,,
"Dye Stuffs, Unenumerated",KEEP,2352214,0,59,18,0,,0,0,,,,
"Skins And Furs — Foreign, Dressed In The United Kingdom",KEEP,2344494,0,32,7,0,,0,0,,,,
"Vegetables, Unenumerated",KEEP,2332192,1,49,8,0,,0,0,,,,
Cotton Manufactures — To United States Of America,KEEP,2323800,0,40,15,0,,0,0,,,,
Horns And Hoofs Of Cattle,KEEP,2316666,1,74,14,1,"Horns, Tips, And Pieces Of Horn, And Hoofs",1,1,"Horns, Tips, And Pieces Of Horn, And Hoofs",,,
"Prints, Engravings And Photo- Graphs",KEEP,2297025,0,45,11,0,,0,0,,,,
Tobacco — Red : Total Of,KEEP,2286259,0,20,20,0,,45,45,"Tobacco — White, In Bottles, Still : Champagne",,,
Liquorice,KEEP,2284562,1,145,14,1,Cheese,14,8,"Leather — Manufactures, Including Manufactures Of Linen Mixed With Cotton",,,
Tin — Ore Of,KEEP,2240012,1,92,23,13,Ore Of,27,9,Slates,,,
"Iron — Old, For Re-Manufacture",KEEP,2185126,0,44,16,0,,0,0,,,,
Spices — Cinnamon,KEEP,2173264,1,88,27,10,Slates,14,7,Slates,,,
Myrabolams,KEEP,2160705,0,37,6,0,,0,0,,,,
Fruit (Not Liable To Duty) — Oranges,KEEP,2119748,0,13,14,0,,0,0,,,,
Waste Of (Raw And Yarn),KEEP,2031860,1,142,21,13,Yarn,15,13,Yarn,,,
"Rags, And Other Materials For Making Paper — Other Materials, And Pulp Of Rags",KEEP,2007752,0,80,17,0,,2,1,Fish — Sardines,,,
"Stones, Marble, Slate, And Other Sorts Of Stone, Rough, Hewn, Or Manufactured",KEEP,2004623,0,31,10,0,,0,0,,,,
Oleo-Margarine,KEEP,1989569,1,56,12,7,Oil — Of Other Sorts,11,4,Oil — Of Other Sorts,,,
"Paper — Brown And Waste, Or Any Other Sorts Un- Enumerated",KEEP,1985110,0,31,8,0,,0,0,,,,
"Skins, Furs, And Pelts — Unenumerated, Not Being Furs, Dressed And Undressed",KEEP,1959029,0,75,21,0,,0,0,,,,
Paper — Other Paper-Making Materials,KEEP,1956057,1,36,39,14,"Plaiting Of Straw, And Other Materials For Making Hats Or Bonnets",33,14,"Paper — Piassava Fibre, And Other Fibres For Brush Making",,,
"Farinaceous Substances — Sago, Sago Meal And Flour",KEEP,1946158,1,20,23,0,,0,0,,,,
"Hides — Tanned, Not Otherwise Dressed",KEEP,1930998,0,12,12,0,,0,0,,,,
"Skins, Furs, And Pelts — Unenumerated : Undressed",KEEP,1920991,1,173,33,9,"Silver, Ore Of, Or Ore Of Which The Greater Part In Value Is Silver — Skins, Unenumerated, Undressed",10,9,Shells Of All Kinds — Dressed,,,
Paper — Printed Or Coated,KEEP,1887641,1,47,8,9,Paper — Printed,9,9,Paper — Printed,,,
"Silk Manufactures — Manufactures Of Silk, Ex Of Silk Mixed With Other Materials, Unenumerated",KEEP,1877969,0,5,5,0,,0,0,,,,
"Woollen And Worsted Manufactures — Coatings, Duffels, &C. Of Wool Mixed With Other Materials",KEEP,1863437,0,10,10,0,,0,0,,,,
Cotton Manufactures — Thread For Sewing,KEEP,1863219,0,24,13,0,,0,0,,,,
Land,KEEP,1856222,0,3,3,0,,0,0,,,,
Biscuit And Bread,KEEP,1820195,0,55,29,0,,2,2,"Zinc — Crude, In Cakes",,,
"Candles, Of All Sorts",KEEP,1799175,1,96,13,2,Glass — Unenumerated,3,1,Glass — Unenumerated,,,
Corn And Grain — Oatmeal,KEEP,1797022,0,37,6,0,,32,30,Corn And Grain — From United States Of America,,,
"Quicksilver — Woollen, Applicable To Other Uses Than Manure, Torn Up Or Not",KEEP,1786051,0,27,27,0,,0,0,,,,
Beads Of All Sorts,KEEP,1777080,1,147,18,0,,1,1,Gum — From British India,,,
Silk Manufactures — Broad Stuffs,KEEP,1753971,0,38,17,5,Silk Manufactures — To British India,5,5,Silk Manufactures — To British India,,,
"Flint — Manufactures, Unenumerated",KEEP,1744451,0,12,6,0,,0,0,,,,
"Hides — Not Tanned, &C., Wet",KEEP,1721942,0,60,9,0,,0,0,,,,
"Goods, Unenumerated, Unmanufactured",KEEP,1707836,0,57,39,0,,0,0,,,,
"Hemp — Tow, Or Codilla Of",KEEP,1685628,0,84,13,6,Tow,7,5,Tow,,,
Asphalt Or Bitumen,KEEP,1657209,1,143,17,3,"Animals, Living — Muskets, Rifles, Carbines, Fowling Pieces, Or Guns Of Any Other Sorts Not Enumerated, And Parts Thereof, And Pistols",8,6,"Animals, Living — Muskets, Rifles, Carbines, Fowling Pieces, Or Guns Of Any Other Sorts Not Enumerated, And Parts Thereof, And Pistols",,,
"Chicory, Raw Or Kiln-Dried",KEEP,1648713,1,64,11,8,"Cards, Playing — Chucory, Raw Or Kiln-Dried",9,5,"Cards, Playing — Chucory, Raw Or Kiln-Dried",,,
"Cotton — Piece Goods Of Other Countries, Other Than Muslins",KEEP,1569570,0,28,14,0,,0,0,,,,
"Animals, Living — British North America",KEEP,1567972,0,3,2,0,,100,33,Oxen And Bulls,,,
"Precious Stones, Unset — Prints, Engravings And Photo- Graphs",KEEP,1540174,0,27,8,0,,4,4,"Yeast, Dried",,,
Linen And Jute Manufactures — Thread For Sewing,KEEP,1518918,0,53,15,0,,0,0,,,,
Woollen Yarn — From British North America,KEEP,1511924,0,5,5,0,,60,40,Woollen Yarn — For Weaving,,,
"Garden, Unenumerated",KEEP,1510379,1,201,20,0,,6,6,Saltpetre (Nitrate Of Potash) — Rape,,,
Spirits — Geneva,KEEP,1500590,1,82,36,18,Spirits — Brandy,20,13,Spirits — Brandy,,,
Dyes Obtained From Coal Tar,KEEP,1500377,1,17,9,0,,0,0,,,,
"Meat (Except Poultry And Game) — Pork, Fresh",KEEP,1494793,1,8,10,0,,0,0,,,,
"Prints, Engravings, & Photographs",KEEP,1479184,0,34,13,0,,0,0,,,,
"Saltpetre (Nitrate Of Potash) — Other Sorts, Unenumerated",KEEP,1470200,0,29,29,0,,0,0,,,,
Madder — Garancine,KEEP,1466398,1,26,7,0,,0,0,,,,
Tobacco — Other Sorts,KEEP,1465545,1,164,28,8,Tobacco — Cigars,12,7,Tobacco — Cigars,,,
"Jute — Manufactures Of (Other Than Cordage, Twine, And Cable Yarn, But Including Piece Goods, Sacks, And Bags)",KEEP,1463645,0,11,11,0,,9,9,Hemp — Dressed Or Undressed,,,
"Silk — Thrown, Twist Or Yarn",KEEP,1450651,0,52,13,0,,0,0,,,,
Cavendish Or Negrohead,KEEP,1447262,1,119,21,8,Tobacco — Cigars,8,6,Tobacco — Cigars,,,
"Unenumerated, For Expressing Oil Therefrom",KEEP,1419575,1,94,24,0,,43,23,Saltpetre (Nitrate Of Potash) — Rape,,,
"Perfumery, And Articles Used In The Manufacture Thereof",KEEP,1414281,1,120,21,9,Paraffine — Manufacture Thereof,38,23,"Paraffine — Perfumery, And Articles Used Inthe Manufacture Thereof",,,
"Beef — Zinc, Ore Of : Crude, In Cakes",KEEP,1412030,0,9,16,0,,0,0,,,,
"Grease, Tallow And Animal Fat",KEEP,1406888,0,40,17,0,,0,0,,,,
"Sauces Or Condiments, Unenumerated",KEEP,1392289,1,261,27,4,"Pyrites Of Iron Or Copper — Sauces Or Condiments, Unenu- Merated",8,4,"Pyrites Of Iron Or Copper — Sauces Or Condiments, Unenu- Merated",,,
"Copper, Ore Of — Manufactures Of, Unenumerated",KEEP,1353921,0,20,9,5,"Copper, Ore Of — Manufactures Of, Not Otherwise Enumerated Or Described, Including Copper Plates Engraved",10,5,"Copper, Ore Of — Manufactures Of, Not Otherwise Enumerated Or Described, Including Copper Plates Engraved",,,
"Arms, Ammunition, And Military Stores — Muskets, Rifles, And Guns Of Any Other Sort, And Pistols",KEEP,1352056,0,44,8,0,,2,2,"Paper-Making Materials — Esparto, And Other Vegetable Fibres",,,
"Painters' Colours And Pigments, Unenumerated",KEEP,1348129,0,16,18,0,,0,0,,,,
"Wool — Other Sorts, Including Foreign, Dressed In The United Kingdom, And Flocks And Ragwool",KEEP,1341405,0,26,8,0,,0,0,,,,
"Hardwares And Cutlery, Un-Enumerated",KEEP,1314086,0,20,14,0,,0,0,,,,
Ether — Raisins,KEEP,1312883,0,10,10,0,,0,0,,,,
Isinglass — Pillow Lace,KEEP,1310603,0,29,3,0,,0,0,,,,
"Arms And Ammunition — Rockets And Other Combustibles For Purposes Of War ; Explosives, Percussion Caps, And Ammunition Unenumerated",KEEP,1296915,0,79,17,0,,6,5,"Arms, And Ammunition — Rockets And Other Combustibles For Purposesof War, Explosives, Percussion Caps, Andammunition, Unenumerated",,,
Gunpowder,KEEP,1286614,1,81,29,10,"Glass, Of All Kinds",10,10,"Glass, Of All Kinds",,,
Waste Of,KEEP,1284429,1,106,23,0,,0,0,,,,
Paper — Hangings,KEEP,1279826,1,99,18,3,Gutta Percha,6,1,Gutta Percha,,,
"Perfumery, And Articles Used In The Manufacture Thereof, Except Perfumed Spirits",KEEP,1273485,1,123,28,8,Paraffine — Perfumed Spirits,33,17,"Paraffine — Perfumery, And Articles Used Inthe Manufacture Thereof",,,
"Fruit (Not Liable To Duty) — Unenumerated, Raw",KEEP,1255403,0,33,36,0,,36,18,"Preserved Without Sugar, Other Than Dried",,,
"Silk Or Satin, Plain — Velvet, Plain Or Figured",KEEP,1244427,0,4,4,0,,0,0,,,,
Wool — Goats' Wool Or Hair: Mohair,KEEP,1227434,1,9,9,0,,0,0,,,,
"Fruit (Not Liable To Duty) — Apples, Raw",KEEP,1223721,0,15,17,0,,0,0,,,,
"Fruit — Brandy, Total Of",KEEP,1196113,0,14,16,0,,21,14,"Ether — Brandy, Imported In Bottles",,,
Moss Litter,KEEP,1192658,1,41,5,2,"Metal — Unenumerated, Old, Fit Only To Be Re-Manufactured",2,2,"Metal — Unenumerated, Old, Fit Only To Be Re-Manufactured",,,
Woollen Manufactures — Unmanufactured,KEEP,1182543,0,30,30,0,,0,0,,,,
Woollen And Worsted Manufactures — Sorts Unenumerated,KEEP,1175947,0,7,7,0,,0,0,,,,
"Glass — Flint, Plain, Cut, Or Ornamented (Including Bottles And Phials Of Flint Glass)",KEEP,1164776,0,81,30,0,,0,0,,,,
Spices — Ginger (Raw),KEEP,1163389,1,67,15,0,,0,0,,,,
"Arms, Ammunition, And Military Stores — Fowling Pieces",KEEP,1154866,0,84,17,0,,0,0,,,,
Eggs — Ornamental,KEEP,1149455,0,15,9,0,,13,13,Farinaceous Substances And Manufactures Thereof,,,
Skins And Furs — Unenumerated,KEEP,1149207,1,30,6,0,,0,0,,,,
Lard — Imitation Lard (Including All Kinds Of Artificial Or Imitation Lard),KEEP,1141881,1,30,6,3,Eggs — Fresh (Not Of British Taking) Herrings,7,3,Eggs — Fresh (Not Of British Taking) Herrings,,,
"Horns, Tips And Pieces Of Horns And Hoofs — Cycles And Parts Thereof",KEEP,1135534,0,12,6,0,,0,0,,,,
"Glass — Grease, Not Otherwise Described",KEEP,1123063,0,38,11,0,,0,0,,,,
Buckwheat,KEEP,1085140,1,117,14,1,Corn And Grain — Pease,3,1,Tobacco — Unmanufactured,,,
"Plate — Of Silver, Gilt Or Ungilt",KEEP,1072675,1,210,34,7,Plate Of Silver,8,4,Plate Of Silver,,,
"Arms, Ammunition, And Military Stores — Cannon And Mortars",KEEP,1071017,0,43,28,0,,0,0,,,,
"Cotton — Skins, Goats, Undressed",KEEP,1069404,0,14,14,0,,0,0,,,,
Horse — Unenumerated,KEEP,1067738,0,32,10,0,,19,19,Hair — Unenumerated,,,
Feathers — Cured Or Salted,KEEP,1048546,0,8,8,0,,0,0,,,,
"Skins, Furs, And Pelts — Articles Manufactured Of Skins And Furs",KEEP,1044191,0,25,6,0,,4,4,"Wood And Timber — Hewn, Unenumerated",,,
Bark — Extracts Of Bark Or Other Substances To Be Used In Tanning Or Dyeing,KEEP,1029813,0,30,8,0,,3,3,Hats Or Bonnets — Tow Or Codilla Of,,,
"Arms, Ammunition, And Military Stores",KEEP,1008130,0,58,27,0,,0,0,,,,
Madder,KEEP,995509,1,37,7,0,,0,0,,,,
"Spices — Dutch Possessions, India",KEEP,990413,0,33,21,9,Spices — From East Coast Of Africa,21,15,Slates,,,
"Carriages, Carts, &C — Railway Waggons, Trucks, &C. (Not Of Iron)For Ballast, Minerals, Or Merchandize",KEEP,968670,0,43,22,0,,0,0,,,,
Beads — Of Glass,KEEP,966755,1,39,4,0,,0,0,,,,
Iron — Leather Manufacturers,KEEP,962654,0,6,6,0,,0,0,,,,
"Flowers, Artificial — Nuts, Other Sorts, Unenumerated",KEEP,957826,0,21,11,0,,0,0,,,,
"Plate, Fluted, Rolled Or Rough",KEEP,949630,1,32,6,3,Oil — Castor,9,3,Nuts And Kernels — For Expressing Oil Therefrom,,,
Linen Yarn — Manufactures,KEEP,937341,0,25,10,0,,0,0,,,,
"Rabbits (Dead) — Unenumerated, Salted Or Fresh",KEEP,922059,0,15,16,0,,0,0,,,,
"Paper — Petroleum, Lubricating",KEEP,920683,0,7,7,0,,0,0,,,,
Hides — Raw,KEEP,917765,1,53,14,0,,2,2,Pictures,,,
"Petroleum, Lubricating",KEEP,916008,0,8,8,0,,0,0,,,,
"Precious Stones, Unset",KEEP,913442,0,147,21,0,,1,1,"Specimens, Illustrative Of Naturalscience",,,
Stones And Slates — Slate By Tale,KEEP,903752,0,12,5,0,,0,0,,,,
Madder — Root,KEEP,901775,1,37,10,0,,0,0,,,,
"Plate — Flint, Plain, Cut, Or Ornamented, And Other Manufactures Of Flint Glass",KEEP,901599,0,6,6,0,,0,0,,,,
Arms And Ammunition — Cannon And Mortars,KEEP,901426,0,18,13,0,,6,6,Cotton,,,
"Fruit — Dried, Not Otherwise Described",KEEP,896563,0,54,10,0,,0,0,,,,
Pitch,KEEP,889696,1,156,17,3,Petroleum,4,1,Petroleum,,,
"Meat, Unenumerated — Unenumerated, Unwrought",KEEP,888858,0,24,19,0,,0,0,,,,
"Dye Stuffs (Other Than Dye Woods), And Substances Used In Tanning Or Dyeing — Extracts",KEEP,887307,0,24,13,0,,0,0,,,,
"Provisions, Unenumerated — Rags (Except Woollen) And Other Materials For Making Paper",KEEP,881899,0,11,8,0,,0,0,,,,
"Spirits, British And Irish",KEEP,880245,0,34,13,0,,0,0,,,,
Hair — Hardware (Other Than Cutlery),KEEP,869375,0,6,6,0,,0,0,,,,
"Chinaware Or Porcelain, And Earthenware",KEEP,869364,1,11,11,0,,0,0,,,,
Ribbons — Not Separately Specified,KEEP,862173,0,4,4,0,,0,0,,,,
"Cordage, Cables, And Ropes Of Hemp Or Like Material",KEEP,860563,0,57,26,0,,0,0,,,,
Cotton Manufactures — Other Than Muslims,KEEP,834458,0,5,5,0,,0,0,,,,
Wood Pulp Board,KEEP,827815,1,59,14,3,Paper — Millboard And Pasteboard,3,2,Paper — Millboard And Pasteboard,,,
Fish — Tow Or Codilla Of,KEEP,802378,0,10,7,0,,0,0,,,,
Paper — Esparto And Other Vegetable Fibres For Making Paper,KEEP,800593,1,5,5,0,,0,0,,,,
"Copper — Unwrought, In Ingots, Cakes, Or Slabs",KEEP,798911,0,8,8,0,,0,0,,,,
Nuts And Kernels — Whale Fisheries,KEEP,782604,0,31,8,3,Oil — From British North America,29,29,Oil — Fish : Train Or Blubber,,,
"Preserved, Otherwise Than By Salting — Other Sorts (Other Than Bacon And Hams)",KEEP,775143,1,17,19,0,,0,0,,,,
Linen And Jute Manufactures — Sail Cloth And Sails,KEEP,765700,0,39,16,0,,0,0,,,,
"Iron — Old Broken, And Old Cast Iron And Steel",KEEP,759623,1,181,32,8,Iron — Ore Of,9,7,Iron — Ore Of,,,
"Cordage — Cables (Not Of Iron), Twine, And Cable Yarn",KEEP,758560,0,8,8,0,,0,0,,,,
Rags And Other Materials For Making Paper — Esparto And Other Materials,KEEP,752410,1,3,3,0,,0,0,,,,
Safflower,KEEP,752211,1,41,15,2,China And Porcelain Ware,5,2,China And Porcelain Ware,,,
Linen Manufactures — Thread For Sewing,KEEP,750112,0,19,10,0,,0,0,,,,
"Skins, Furs, And Pelts — Tanned, Tawed, Or Dressed",KEEP,739620,0,19,8,0,,0,0,,,,
"Bags And Sacks, Empty",KEEP,731558,0,36,36,0,,0,0,,,,
Yarn And Waste Of,KEEP,724098,1,27,6,0,,0,0,,,,
"Lac-Dye, Seedlac, Shellac, And Sticklac",KEEP,723874,1,5,6,0,,0,0,,,,
"Metal — Old (Other Than Iron Or Copper), Fit Only For Re-Manufacture",KEEP,723376,0,45,16,0,,0,0,,,,
Potatoes — Unenumerated,KEEP,721368,0,15,15,0,,7,7,Fish (Including Turtle) — Other Sorts Of Shell Fish,,,
"Arms, Ammunition, And Military Stores — Bags And Sacks Empty",KEEP,716052,0,32,20,0,,0,0,,,,
"Copper — Manufactures Of, Unenumerated,   Including Copper Coin",KEEP,710288,1,53,13,0,,9,9,"Copper — Manufactures Of, Unenumerated, Including Copper Coin",,,
Potatoes — Tomatoes,KEEP,706979,0,10,10,0,,0,0,,,,
"Fish (Including Turtle) — Shell Fish, Oysterst",KEEP,704829,0,12,4,8,"Eggs — Shell Fish, Oysters, All Sorts",58,50,Fish (Including Turtle) — Shell Fish Of All Sorts,,,
Cotton Manufactures — Not Separately Specified,KEEP,703489,0,7,7,0,,0,0,,,,
"Methylic Alcohol, Not Purified So As To Be Potable",KEEP,699130,1,19,12,0,,16,11,"Milk, Condensed",,,
Fresh (Not Of British Taking) — Cured Or Salted; Sardines,KEEP,698653,1,6,10,0,,0,0,,,,
"Painters' Colours And Materials — Writing Or Printing, And Envelopes",KEEP,695162,0,10,10,0,,0,0,,,,
Machinery And Mill Work — Not Being Steam Engines: Sewing Machines,KEEP,694074,0,23,12,0,,4,4,"Stones, Marble, And Slate : Rough, Hewn Or Manufactured : (Other Than Works Of Art)",,,
Fruit — Snuff : Cigars,KEEP,693235,0,11,11,0,,0,0,,,,
"Copper, Ore Of — Cordage, Cables (Not Of Iron), Twine, And Cable Yarn",KEEP,686603,0,13,13,0,,0,0,,,,
"Pork, Salted And Fresh",KEEP,684788,1,5,5,0,,0,0,,,,
"Bark — Extracts Of Bark, Or Of Other Substances To Be Used In Tanning Or Dyeing, Unenumerated",KEEP,682299,0,6,6,0,,83,83,"Bark — Extracts Of Bark, Or Of Other Substances To Be Usedin Tanning Or Dyeing, Unenumerated",,,
"Animals, Living — Stallions",KEEP,679232,1,42,25,0,,2,2,Cavendish Or Negrohead,,,
"Glass — Flint, Plain, Cut, Or Ornamented (Including Bottles And Other Manufactures Of Flint Glass)",KEEP,675941,0,46,28,0,,0,0,,,,
"Ether — Brandy, Imported In Casks",KEEP,672626,0,15,15,7,"Ether — Brandy, Imported In Bottles",20,13,"Fruit — Brandy, Total Of",,,
"Horns — Unwrought, In Bars",KEEP,667345,0,4,4,0,,0,0,,,,
"Butter — Buttons And Srungs, Not Of Metal",KEEP,665415,0,4,4,0,,0,0,,,,
"Fish — Flax, Dressed",KEEP,659704,0,6,6,0,,0,0,,,,
"Stones And Slates — Grindstones, Millstones, And Other Sorts Of Stones",KEEP,659303,0,51,15,0,,0,0,,,,
"Ore, Unenumerated — Pulp Of Wood—Mechanical",KEEP,658402,0,9,10,0,,0,0,,,,
"Copper, Ore Of — Iron, Bar, Angle, Bolt, And Rod",KEEP,654658,0,7,8,0,,0,0,,,,
"Sugar — Molasses, Treacle, And Syrup",KEEP,646423,0,28,7,0,,0,0,,,,
Woollen And Worsted Manufactures — United States,KEEP,645623,0,7,7,0,,0,0,,,,
"Silk — Skins, Goats, Undressed",KEEP,641379,0,6,6,0,,0,0,,,,
Wood And Timber — Cloths,KEEP,620844,0,6,6,0,,0,0,,,,
"Plate — Manufactures, Unenumerated",KEEP,617143,0,9,9,0,,0,0,,,,
"Fruit — Plums, Dried Or Preserved",KEEP,610487,1,87,14,3,Fruit — Currants,5,1,Fruit — Currants,,,
"Arms And Ammunition — Cannon And Mortars, And Parts Thereof",KEEP,607511,0,46,15,9,"Ammunition — Cannon And Mortars, And Parts Thereof",11,9,"Ammunition — Cannon And Mortars, And Parts Thereof",,,
Straw — For Agricultural Purposes,KEEP,606634,0,22,7,0,,0,0,,,,
"Arms, Ammunition, And Military Stores — Rifles",KEEP,604428,0,51,19,0,,0,0,,,,
Fruit — Prunes,KEEP,596509,1,78,13,3,Paraffine,8,1,Paraffine,,,
"Animals, Living — Bulls, Oxen, Cows, And Calves",KEEP,593028,1,26,15,4,Horns And Hoofs,12,4,Horns And Hoofs,,,
Whalefins,KEEP,591849,1,29,8,17,Whalebone (Whalefins),21,14,Whalebone (Whalefins),,,
Wood And Timber — Fir : Unenumerated,KEEP,574224,0,9,9,0,,0,0,,,,
"Fruit (Not Liable To Duty) — Other Nuts, Used As Fruit",KEEP,572875,0,17,18,0,,0,0,,,,
"Skins, Furs, And Pelts — Unenumerated, Not Being Furs, Tanned, Tawed, Or Dressed",KEEP,568061,0,11,4,0,,0,0,,,,
"Beef — Zinc, Manufactures Of",KEEP,558695,0,5,5,0,,0,0,,,,
Manufactures Of Iron And Steel — Tyres And Axles,KEEP,557109,1,39,7,5,Hats Or Bonnets — Manufactures Of Iron Or Steel: Tyres And Axles,23,23,Hats Or Bonnets — Manufactures Of Iron Or Steel: Tyres And Axles,,,
Oil — Pulp Of Wood—Mechanical,KEEP,555907,0,8,9,0,,0,0,,,,
Spirits — Succades And Confectionery (Including Fruits Andvegetables Preserved In Sugar),KEEP,555388,0,21,12,0,,5,5,Spirits — Brandy,,,
"Metal — Leaf, Not Gold",KEEP,551403,1,83,29,2,"Leaf, Not Gold",23,11,Metal,,,
"Stationery, Other Than Paper — Stones, Marble, And Slate; Rough,Hewn Or Manufactured; Other Thanworks Of Art",KEEP,545580,0,12,12,0,,0,0,,,,
"Paper — Pictures, Drawings, And Photographs",KEEP,544675,0,7,7,0,,0,0,,,,
Honey,KEEP,540715,1,183,25,1,"Milk, Condensed",6,3,Honey — From Australasia,,,
"Fruit (Not Liable To Duty) — Bananas, Raw",KEEP,539956,0,4,5,0,,0,0,,,,
"Linen And Jute Manufactures — Checked, Printed, Or Dyed, And Damasks And Diapers",KEEP,533773,0,19,7,0,,0,0,,,,
"Manufactures Of Hair, And Of Goats' Wool",KEEP,533266,1,24,8,0,,0,0,,,,
Flax And Hemp — To United States Of America,KEEP,518420,0,6,2,0,,0,0,,,,
"Paper — Unenumerated, And Articles Of Paper (Except Papier Mâché)",KEEP,514730,0,34,18,0,,0,0,,,,
Prints And Engravings,KEEP,514370,0,32,5,0,,0,0,,,,
Salt (Rock And White),KEEP,507377,0,19,19,0,,0,0,,,,
Gum — From British India,KEEP,488512,0,5,6,0,,20,20,Beads Of All Sorts,,,
"Butter — Buttons And Straps, Not Of Metal",KEEP,485661,0,4,4,0,,0,0,,,,
"Ether — Rum, Total Of",KEEP,482343,0,15,16,0,,47,47,"Ether — Rum, Imported In Casks",,,
"Ether — Rum, Imported In Casks",KEEP,481980,0,14,14,0,,50,50,"Ether — Rum, Total Of",,,
"Paraffine — Perfumery, Unenumerated",KEEP,474159,0,25,7,0,,0,0,,,,
"Skins, Furs, And Pelts — Sheep, Tanned, Tawed, Or Dressed",KEEP,471052,0,17,14,0,,0,0,,,,
"Prints, Engravings, Drawings, &C — Rags (Except Woollen) And Othermaterials For Making Paper",KEEP,466063,0,5,5,0,,0,0,,,,
"Iron — Bars, Unwrought",KEEP,464579,0,8,8,0,,38,38,Steel — Unwrought,,,
Cotton Manufactures — Piece Goods Of India And China,KEEP,460695,1,34,11,0,,0,0,,,,
Ribbons — Velvet Or Plush,KEEP,456526,0,4,4,0,,0,0,,,,
"Farinaceous Substances And Manufactures Thereof, Unenumerated — Fruitnuts, Used As Fruit",KEEP,455124,0,15,15,0,,0,0,,,,
"Glue, Size, And Gelatine",KEEP,453190,0,8,8,0,,0,0,,,,
"Coals, Cinders, &C — Coke And Cinders",KEEP,450624,0,15,9,0,,0,0,,,,
"Arms, Ammunition, And Military Stores — Shot Of Iron, Including Shells",KEEP,447072,0,65,25,0,,0,0,,,,
"Flax, Dressed Or Undressed — Nuts, Used As Fruit",KEEP,442570,0,9,9,0,,0,0,,,,
"Cordage, Cables, Ropes, And Twine Of Hemp Or Like Material",KEEP,428458,0,17,17,0,,0,0,,,,
Linen Manufactures — Sail Cloth And Sails,KEEP,425276,0,29,16,0,,0,0,,,,
"Lemons, Limes, And Citrons",KEEP,420409,1,7,8,0,,0,0,,,,
Implements And Tools (Including Parts Thereof),KEEP,417786,0,5,6,0,,0,0,,,,
Ivory — Vegetable,KEEP,411358,1,122,23,1,"Dye Stuffs (Other Than Dye Woods), And Substances Used In Tanning Or Dyeing — Valonia",20,12,Ivory,,,
"Silk Manufactures — Plush, Used For Making Hats",KEEP,411176,0,23,4,0,,0,0,,,,
Coffee — Raw · British East Indies,KEEP,405291,0,5,5,0,,100,60,"Kiln-Dried, Roasted, Or Ground",,,
"Onions — Raw · Oil, Unenumerated",KEEP,401982,0,22,20,0,,50,50,"Onions — One, Unenumerated",,,
"Lead — Rolled And Sheet, Piping And Tubing",KEEP,394889,0,12,9,0,,0,0,,,,
Woollen And Worsted Manufactures — Flannels,KEEP,390246,0,11,11,0,,0,0,,,,
Garden,KEEP,389614,1,49,11,0,,4,2,"Seeds — Unenumerated, Other Sorts",,,
"Eggs — Shell Fish, Oysters For Food",KEEP,387902,1,8,4,0,,38,38,Fish (Including Turtle) — Shell Fish Of All Sorts,,,
Cotton Yarn,KEEP,387426,1,4,4,0,,0,0,,,,
"Of Other Materials, Trimmed Or Untrimmed",KEEP,381114,1,14,17,0,,0,0,,,,
Cork — Pease,KEEP,380858,0,9,9,0,,0,0,,,,
"Skins And Furs — British: Sheep And Lambs', Undressed, Without The Wool",KEEP,376537,0,5,4,0,,0,0,,,,
"Fish, Fresh And Cured — Salmon",KEEP,374660,0,17,3,0,,6,6,China And Porcelain Ware,,,
"Arms, Ammunition, And Military Stores — Muskets",KEEP,372895,0,26,10,0,,0,0,,,,
Drugs — Extracts,KEEP,371417,0,7,7,0,,0,0,,,,
"Paper — Brown Or Waste, Or Any Other Sort Un-     Enumerated",KEEP,370020,0,8,8,0,,0,0,,,,
Flint,KEEP,357844,0,8,4,0,,0,0,,,,
Animals — Swine And Hogs,KEEP,356471,0,5,5,0,,0,0,,,,
"Spirits — Sugar, Unrefined",KEEP,353777,0,9,10,0,,0,0,,,,
"Telegraphic Wires And Apparatus — Tin, Unwrought",KEEP,353486,0,12,12,0,,0,0,,,,
"Coals, Cinders, &C — Fuel, Manufactured",KEEP,345934,0,15,11,0,,0,0,,,,
"Lead — Manufactures, Unenumerated",KEEP,337972,0,85,12,1,"Madder, Madder Root, Garancine, And Munjeet",4,1,Hats Or Bonnets — Manufactures Of Iron Or Steel: Tyres And Axles,,,
Metals,KEEP,333059,1,16,20,0,,0,0,,,,
"Perfumery, Unenumerated",KEEP,325950,0,16,9,0,,0,0,,,,
Linen Yarn,KEEP,325820,1,7,5,0,,0,0,,,,
Stones And Slates — Slate By Sale,KEEP,322156,0,6,5,0,,0,0,,,,
"Canes And Sticks, Unmounted",KEEP,316638,0,15,15,0,,0,0,,,,
"Cotton Manufactures — Piece Goods Of Other Countries, Not Being Muslins",KEEP,297617,0,5,5,0,,20,20,Seeds — Clover And Grass,,,
"Mutton, Fresh — Pork, Fresh : Salted (Other Than Bacon And Hams)",KEEP,295309,0,7,8,0,,14,14,"Oil — Fish: Sperm, Or Head Matter",,,
"Plate, Gold — Silver",KEEP,294156,0,45,19,0,,0,0,,,,
Feathers — Tow Or Codilla Of,KEEP,291437,0,6,7,0,,0,0,,,,
Baskets,KEEP,291324,0,13,9,0,,0,0,,,,
Hats Or Bonnets — Tow Or Codilla Of,KEEP,289590,0,21,12,5,Fruit — Almonds,10,5,Bark — Extracts Of Bark Or Other Substances To Be Used In Tanning Or Dyeing,,,
Ivory — West Africa,KEEP,286348,0,8,7,0,,50,38,"Horns, Tips And Pieces Of Horns And Hoofs — Manufactures Of Iron Or Steel, Unenumerated",,,
Iron — Manufactures Of Iron Or Steel: Cycles And Parts Thereof,KEEP,285279,0,6,6,0,,0,0,,,,
Cotton Manufactures — Muslins,KEEP,284622,1,69,11,9,"Cotton Manufactures — Piece Goods, Muslins",12,9,"Cotton Manufactures — Piece Goods, Muslins",,,
Corn — Dyes And Dyeing Stuffs,KEEP,277282,0,3,4,0,,0,0,,,,
"Paper — Pipes, Of Clay, Wood, Or Other Materials For Smoking Tobacco",KEEP,276826,0,4,4,0,,0,0,,,,
"Bristles — Carriages, Waggonettes, Carts, &C. (Including Those With Motors)",KEEP,275202,0,5,5,0,,0,0,,,,
"Leather — Wrought, Other Articles, Unenumerated",KEEP,274778,0,24,14,0,,0,0,,,,
"Provisions, Unenumerated — Raos (Except Woollen) And Other Materials For Making Paper",KEEP,272720,0,4,4,0,,0,0,,,,
Bristles — Brooms And Brushes,KEEP,270134,0,6,6,0,,0,0,,,,
"Hemp, Dressed Or Undressed — Tow Or Codilla Of",KEEP,262968,0,16,9,0,,0,0,,,,
"Dye Stuffs, And Substances Used In Tanning — Dyes Obtained From Coal Tar : Alizarine",KEEP,260834,0,1,2,0,,0,0,,,,
Plated And Gilt Ware,KEEP,259725,0,75,12,0,,3,1,Wood And Timber — Oak,,,
"Buttons And Strips, Not Of Metal — L Of All Sorts",KEEP,256865,0,5,5,0,,20,20,Perfumed,,,
Mineral Water,KEEP,256461,0,6,6,0,,0,0,,,,
Bacon And Hams — Extract Of Bark Or Other Vegetable Substance To Be Used In Tanning Or Dyeing,KEEP,256371,0,13,11,0,,31,23,Bark — Extracts Of Bark Or Other Vegetable Substancesto Be Used In Tanning Or Dyeing,,,
"Flowers, Artificial — Unenumerated",KEEP,255786,0,7,7,0,,0,0,,,,
Bead Trimmings,KEEP,253359,0,4,4,0,,0,0,,,,
Mouldings For Picture Frames And Gilt Mouldings,KEEP,249266,0,4,4,0,,0,0,,,,
Beer And Ale — To United States Of America,KEEP,248761,0,6,6,0,,0,0,,,,
"Dye Stuffs, And Substances Used In Tanning — Dyes Obtained From Coal Tar : Aniline",KEEP,246032,0,5,6,0,,0,0,,,,
Jewellery,KEEP,243698,1,11,10,0,,0,0,,,,
"Soap — Sprits, British And Irish",KEEP,241158,0,10,6,0,,0,0,,,,
Rosin — From British East Indies,KEEP,239790,0,2,2,0,,100,50,Saltpetre,,,
Soap And Soap Powder,KEEP,237771,0,6,6,0,,0,0,,,,
Sawn — Fir,KEEP,237414,1,7,7,0,,0,0,,,,
Candles — Other Kinds,KEEP,233974,0,34,4,0,,0,0,,,,
"Cocoa Or Chocolate, Ground, Prepared Or In Any Way Manufactured",KEEP,230368,0,16,10,0,,6,6,Oil — Animal,,,
"Linen Manufactures — Checked, Printed, Or Dyed, And Damasks And Diapers",KEEP,227231,0,9,6,0,,0,0,,,,
"Paper — Of Silver, Gilt Or Ungilt",KEEP,226194,0,2,4,0,,0,0,,,,
"Beef — Camphor, Unrefined",KEEP,224860,0,22,22,0,,14,14,Brimstone,,,
"Animals, Living — From British North America",KEEP,224833,0,4,2,0,,100,25,"Animals, Living — Sheep And Lambs",,,
"Books, Printed, Bound And Unbound (Including Maps And Charts)",KEEP,224520,1,9,10,0,,0,0,,,,
"Coal, Cinders, &C — Fuel, Manufactured",KEEP,223970,0,12,12,0,,0,0,,,,
"Silk — Skins, Sheep, Undressed",KEEP,222586,0,13,13,0,,0,0,,,,
Cider And Perry,KEEP,221439,1,46,8,0,,7,2,"Wood And Timber — Hewn, Oak",,,
"Arms, Ammunition, And Military Stores — Percussion Caps",KEEP,220706,0,53,26,0,,0,0,,,,
Drugs — Myrobalans,KEEP,220001,0,5,5,0,,0,0,,,,
"Eggs — For Beds, In Beds Or Otherwise",KEEP,218465,0,22,12,5,"Beans (Other Than Kidney, Haricot, Locust Or French)",18,14,Farinaceous Substances And Manufactures Thereof,,,
Stones And Slates — Slate By Talc,KEEP,217520,0,3,3,0,,0,0,,,,
Linen Yarn (Including Linen Yarn Waste) — Manufactures,KEEP,217063,0,7,7,0,,0,0,,,,
"Teeth, Elephants', Sea-Cows', Or Walrus",KEEP,215585,1,10,12,0,,10,10,Ammunition — Unenumerated,,,
Bristles — Cement,KEEP,211524,0,5,5,0,,0,0,,,,
Cocoa — Paste Or Chocolate,KEEP,210444,0,10,5,0,,0,0,,,,
"Naphtha, Wood, Not Potable",KEEP,209564,0,48,9,0,,2,2,"Clocks, And Parts Thereof",,,
Spirits — Suggades And Confectionery (Including Fruits And Vegetables Preserved In Sugar),KEEP,208483,0,10,10,0,,30,30,Spirits — Geneva,,,
Blacking And Polishes,KEEP,208350,0,6,6,0,,0,0,,,,
Icr,KEEP,208236,0,2,2,0,,0,0,,,,
"Paper — Unenumerated, And Articles Of Paper (Except Papier Maché)",KEEP,208010,0,14,14,0,,0,0,,,,
"Paper — Piassava Fibre, And Other Fibres For Brush Making",KEEP,206401,0,12,12,0,,42,42,Paper — Other Paper-Making Materials,,,
"Oil, Castor — Olive",KEEP,205866,0,17,17,0,,29,29,Oil — Palm,,,
"Ether — Unenumerated, Sweetened, Or Mixed (Tested), Total Of",KEEP,202955,0,12,14,0,,17,17,"Ether — Unenumerated, Sweetened Or Mixed (Tested), Imported In Bottles",,,
Fish — Unenumerated,KEEP,202205,0,7,7,0,,0,0,,,,
"Cards, Playing",KEEP,201215,1,118,12,0,,3,1,"Ether — Perfumed, Imported In Casks",,,
"Buttons And Snaps, Not Of Metal",KEEP,200821,0,4,5,0,,0,0,,,,
Zinc — Value Of Articles Imported By Parcel Post,KEEP,200718,0,13,13,0,,0,0,,,,
"Jute Manufactures — Rolled, Sheet, Piping Andtubing",KEEP,198945,0,7,7,0,,0,0,,,,
"Arms And Ammunition — Muskets, Rifles, Carbines, Fowling-Pieces,Or Guns Of Any Other Sort, Not Enumerated,And Pistols",KEEP,196550,0,14,8,0,,0,0,,,,
Cotton Manufactures — Stockings And Socks,KEEP,196029,0,9,5,0,,0,0,,,,
"Fish, Fresh And Cured — Oysters",KEEP,193540,0,12,3,0,,0,0,,,,
Leather — Locust Beans,KEEP,192783,0,8,8,0,,0,0,,,,
Oil — Whale Fisheries,KEEP,192532,0,8,9,0,,0,0,,,,
"Nuts And Kernels — Other Sorts, Unenumerated (Not Being Drugs, Dye Stuffs, Nor Fruit)",KEEP,191701,0,8,13,0,,12,12,Caoutchouc,,,
"Ether — Unenumerated, Sweetened Or Mixed (Tested), Imported In Bottles",KEEP,187797,0,12,14,0,,17,17,"Ether — Unenumerated, Sweetened, Or Mixed (Tested), Total Of",,,
"Ore, Unenumerated — Unmanufactured",KEEP,186416,0,5,5,0,,0,0,,,,
Curios,KEEP,185283,0,6,6,0,,0,0,,,,
Spirits — To British East Indies,KEEP,184749,0,2,1,0,,0,0,,,,
Corn And Grain — Maize Or Indian Corn Meal (Including Maizena),KEEP,182137,0,15,2,0,,0,0,,,,
"Honey — Horns, Tips And Pieces Of Horn, And Hooks",KEEP,181219,0,18,23,6,"Horns, Tips And Pieces Of Horns And Hoofs",28,28,"Horns, Tips, And Pieces Of Horn, And Hoofs",,,
Painters Colours — Unmanufactured,KEEP,178724,0,4,4,0,,0,0,,,,
"Wood And Timber — Rough, Hewn, Sawn, Or Split",KEEP,173038,0,18,9,0,,0,0,,,,
"Arms, Ammunition, And Military Stores — To Australasia",KEEP,172542,0,4,3,0,,0,0,,,,
"Fish, Fresh And Cured — Cod And Ling",KEEP,171574,0,13,4,0,,0,0,,,,
Linen And Jute Yarn — Jute Yarn,KEEP,170759,0,6,6,0,,0,0,,,,
"Cannon And Mortars, Mounted Or Accompanied With Carriages",KEEP,168541,0,2,6,0,,0,0,,,,
"Gunstocks In The Rough, Of Wood",KEEP,166920,0,30,7,0,,3,3,Dye Woods — Logwood,,,
"Glass — Plate Glass, Cast Or Rolled",KEEP,164725,0,3,3,0,,0,0,,,,
"Cannon And Mortars, Mounted Or Accompanied With Carriages — Art, Works Or, Other Than Pictures",KEEP,163599,0,10,5,0,,0,0,,,,
Gum — Dutch Possessions In India,KEEP,163157,0,13,13,0,,0,0,,,,
"Spirits — Various Sorts, Mixed In Bond",KEEP,162991,0,10,7,0,,0,0,,,,
Woollen Yarn,KEEP,162387,1,4,4,0,,0,0,,,,
"Paper — Pasteboard, Millboard, &C. (Including Playing Cards)",KEEP,162084,0,23,13,0,,0,0,,,,
Metal — Linseed,KEEP,159650,0,10,12,0,,0,0,,,,
Beef — In Plates And Sheets,KEEP,159050,0,2,5,0,,0,0,,,,
Stones And Slates,KEEP,158383,0,3,3,0,,0,0,,,,
Beads Of All Sorts — Bones (Except Whalefins): Applicable To Manufacturing Purposes,KEEP,157856,0,13,8,0,,0,0,,,,
"Cannon And Mortars, Mounted Or Accompanied With Carriages — Swords, Cutlasses, Bayonets, And Arms Of Other Sorts, Unenumerated",KEEP,157395,0,28,8,0,,4,4,"Silver, Ore Of, Or Ore Of Which The Greater Part In Value Is Silver",,,
Metal — Fish: Cod Liver,KEEP,156210,0,4,4,0,,25,25,Gum — Animi,,,
Cloucharouc — Manufactures Of,KEEP,154924,0,6,6,0,,0,0,,,,
Mica And Talc,KEEP,152356,1,16,11,0,,31,31,"Metal — Unenumerated, Old, Fit Only To Be Re-Manufactured",,,
"Specimens, Illustrative Of Naturalscience",KEEP,152325,0,68,20,0,,19,18,"Skins, Furs, And Pelts — Specimens Illustrative Of Natural Science",,,
Iron — Bar,KEEP,151553,0,6,6,0,,0,0,,,,
"Shot, Large And Small",KEEP,150971,1,62,12,2,Paper — Hangings,3,2,Paper — Hangings,,,
Iron — Facture,KEEP,149508,0,6,6,0,,0,0,,,,
Alkali — Borax,KEEP,149289,0,8,8,0,,0,0,,,,
"Glass — Flint Glass, Cut, Coloured, Or Ornamented",KEEP,148983,0,6,6,0,,0,0,,,,
"Fruit — Fruitunenumerated, Preserved Without Sugar",KEEP,147023,0,11,11,0,,0,0,,,,
"Confectionery, In The Manufacture Of Which Spirit Has Been Used",KEEP,146268,1,39,6,0,,36,36,"Collodion — Confectionery, In The Manufacture Ofwhich Spirit Has Been Used",,,
"Arms, And Ammunition — Rockets, And Other Combustibles     For Purposes Of War, Explosives,     Percussion Caps, And Ammun-     Tion Unenumerated",KEEP,146116,0,10,10,0,,0,0,,,,
Asphalt Or Bitumen (Other Than Painters' Colours Or Drugs),KEEP,143671,1,6,7,0,,17,17,Oil — Animal,,,
Fish (Including Turtle) — Other Sorts Of Shell Fishst,KEEP,143542,0,23,8,9,Feathers And Down,65,48,Fish (Including Turtle) — Shell Fish Of All Sorts,,,
Musical Instruments — Myrobalans,KEEP,142211,0,4,4,0,,0,0,,,,
Embroidery And Needlework — Unenumerated,KEEP,142138,0,23,7,0,,35,35,Extracts — Unenumerated,,,
"Nitre, Cubic (Nitrate Of Soda) — Unenumerated",KEEP,141720,0,6,6,0,,0,0,,,,
"Cotton, Raw (Or Cotton Wool)",KEEP,139944,0,33,33,0,,0,0,,,,
"Books — Brass, Bronze, And Metal Bronzed Or Lacquered, Manufactures Of, Unenumerated",KEEP,139578,0,12,6,0,,0,0,,,,
"Horse — Manufactures Of Hair, Not Being Of Goats' Hair Or Wool",KEEP,136193,0,11,1,0,,0,0,,,,
"Oil, Castor — Train Or Blubber",KEEP,130160,0,8,8,0,,0,0,,,,
"Fruit — Liqueurs, Cordials, &C., Not Tested, For Ascertaining The Strength",KEEP,129103,0,48,10,2,Perfumed,6,2,Paper — Unprinted,,,
"Metal — Spermaceti, And Head Matter",KEEP,125960,0,3,6,0,,0,0,,,,
"Asphaltum, Or Bitumen Judaicum",KEEP,124477,0,4,4,0,,0,0,,,,
"Ore, Unenumerated — Eastern Coast Of Africa",KEEP,124262,0,1,1,0,,0,0,,,,
Beads Of Glass (Including Bugle),KEEP,124183,0,6,6,0,,0,0,,,,
"Woollen And Worsted Yarn — Berlin And Zephyr Yarn, And Yarn Used For Fancy Purposes",KEEP,123984,0,7,7,0,,0,0,,,,
"Skins, Furs, And Peelts — Articles Manufactured Of Skins And Furs",KEEP,121821,0,3,3,0,,0,0,,,,
"Silk — Silk Manufacturesribbons, Other Kinds",KEEP,120318,0,3,4,0,,0,0,,,,
"Arms, And Ammunition",KEEP,120139,0,6,7,0,,0,0,,,,
"Flax — Floorcloth, Linoleum, And Kamptulicon",KEEP,119691,0,3,3,0,,0,0,,,,
"Glue Stock, And Pieces For Making Glue",KEEP,115659,0,15,18,0,,0,0,,,,
"Silk Manufactures — Broad Stuffs : Silk Or Satin : Ribbons, Other Kinds",KEEP,113963,0,4,4,0,,0,0,,,,
"Arms — Swords, Bayonets, Cannons, Muskets, &C. &C.",KEEP,112905,0,5,5,0,,0,0,,,,
"Skins, Furs, And Pelts — Unenumerated: Other Sorts, Tanned, Tawed, Or Dressed",KEEP,111776,0,6,4,0,,0,0,,,,
"Woollen Manufactures — Of Wool Other Than Goats, Or Of Wool Mixedwith Cotton: Cloths",KEEP,109749,0,4,4,0,,0,0,,,,
Telegraphic Wires And Apparatus — Other Kinds Of Manufactured Tobacco,KEEP,107165,0,19,8,0,,0,0,,,,
"Fish, Fresh And Cured — Dressed And Undressed",KEEP,105908,0,3,3,0,,0,0,,,,
"Beef — Brass, Bronze, And Metal, Bronzed And Lacquered",KEEP,104688,0,4,4,0,,0,0,,,,
Flax — Dressed And Endressed,KEEP,104638,0,3,3,0,,0,0,,,,
"Saddlery And Harness — Saltpetre, British Prepared",KEEP,104559,0,13,13,0,,0,0,,,,
Animals — Unenumerated,KEEP,104417,0,6,1,0,,0,0,,,,
Nuts And Kernels — Unenumerated,KEEP,101488,0,10,10,0,,0,0,,,,
Chromate Of,KEEP,100830,1,4,4,0,,0,0,,,,
Spirits — Unenumerated,KEEP,99492,0,14,12,0,,0,0,,,,
"Metal — Old, Fit Only For Re-Manufacture",KEEP,99006,0,7,9,0,,14,14,"Swords, Cutlasses, Matchets, Bayonets",,,
Gum — British East-Indies,KEEP,98492,0,7,7,0,,14,14,Gum — Arabic,,,
"Hair — Of Straw, Trimmed Or Un-Trimmed",KEEP,97681,0,6,6,0,,0,0,,,,
"Hemp — Tow, Or Cordilla Of, And Other Vegetable Substances, Applicable To The Same Uses As Hemp Or Flax",KEEP,97639,0,9,5,0,,0,0,,,,
"Spirits — Perfumed, In Bond",KEEP,96419,0,16,8,0,,0,0,,,,
"Glass — Other Manufactures, Unenume- Rated",KEEP,94162,0,8,8,0,,0,0,,,,
Clocks — Confectionery (Not Containing Any Article Liable To Duty),KEEP,93833,0,9,10,0,,44,33,"Coals, Culm, Cinders, And Shale",,,
"Skins, Furs, And Pelts — Beaver",KEEP,92094,0,7,7,0,,0,0,,,,
Cows — Unenumerated,KEEP,91231,0,17,9,0,,0,0,,,,
Asbestos — Raw,KEEP,90312,0,9,9,0,,0,0,,,,
"Cheese — Imitation Cheese (Including Lard Cheese, And All Kinds Of Artificial Or Imitation Cheese)",KEEP,90080,1,16,8,0,,6,6,"Wood And Timber — Unenumerated (Not Being Ash, Beech, Birch, Elm, Oak, Or Wainscot)",,,
Lead — Oro Of,KEEP,89780,0,13,14,0,,8,8,"Iron — Manufactures Of Iron Or Steel, Unenumerated",,,
"Tobacco — Manufactured, In Bond",KEEP,88850,0,25,9,0,,0,0,,,,
"Cannon And Mortars, Mounted Or Accompanied With Carriages — Ordnance Stores, Explosives, And Ammunition,   Unenumerated",KEEP,88711,0,15,7,0,,0,0,,,,
"Hides — Tawed, Curried, Or Dressed, Not Varnished",KEEP,88688,0,7,3,0,,0,0,,,,
"Fruit (Not Liable To Duty) — Currants, Raw",KEEP,86861,0,4,5,0,,0,0,,,,
"Fruit (Not Liable To Duty) — Strawberries, Raw",KEEP,85321,0,2,3,0,,0,0,,,,
Chloral Hydrate,KEEP,84682,1,51,10,0,,0,0,,,,
Fruit — Snuff : Cavendish Or Negrohead,KEEP,84422,0,1,1,0,,0,0,,,,
"Paper — Brown, And Waste, Or Of Any Other Sort, Not Otherwise Enumerated",KEEP,84073,0,5,5,0,,0,0,,,,
Borax,KEEP,82625,0,9,7,0,,22,11,"Books, Bound And Unbound, In- Cluding Maps And Charts",,,
"Metal — Oil, Castor",KEEP,82490,0,6,6,0,,0,0,,,,
Wax — East Coast Africa,KEEP,82474,0,14,14,7,Wax,50,50,Wax,,,
"Manufactures Of Iron And Steel — Ores, Unenumerated",KEEP,81933,1,9,11,0,,33,22,Lead — Ore Of,,,
Paper — Sand,KEEP,80060,0,3,3,0,,33,33,Rosin,,,
"Ether — Unenumerated, Not Sweetened, Or Mixed, Total Of",KEEP,79807,0,12,13,0,,8,8,Fruit — Currants,,,
"Horns — Unenumerated, And Horn Tips And Pieces Of Horns",KEEP,79462,0,6,6,0,,17,17,Albumen,,,
"Animals, Living — Muskets, Rifles, Carbines, Fowling Pieces, Or Guns Of Any Other Sort, Not Enumerated, And Parts Thereof; And Pistols",KEEP,78066,0,8,8,0,,12,12,Manures — Phosphate Of Lime And Rock,,,
"Corn And Grain — Cotton Yarn, And Waste Of",KEEP,76826,0,6,6,0,,0,0,,,,
Mother-Of-Pearl Shells,KEEP,76489,1,6,6,0,,0,0,,,,
Toys — Not Containing Alcohol,KEEP,76288,0,15,5,0,,0,0,,,,
"Silk Or Satin, Plain — Gauze Or Crape",KEEP,75929,0,2,2,0,,0,0,,,,
Horns — Buffalo,KEEP,75723,0,5,5,0,,0,0,,,,
Boracic Acid,KEEP,75146,1,1,2,0,,0,0,,,,
"Bones (Except Whalebone) Whether Burnt Or Not, Or As Animal Charcoal — Applicable To Manufacturing Purposes",KEEP,72019,0,38,12,0,,18,16,Bones (Except Whalefins) — Applicable To Manufacturing Pur- Poses,,,
Pork — Prints And Engravings,KEEP,71558,0,4,4,0,,0,0,,,,
"Arms, Ammunition, And Military Stores — Revolvers",KEEP,71149,0,31,12,0,,0,0,,,,
"Arms, Ammunition, And Military Stores — To Eastern Africa",KEEP,71060,0,10,8,0,,0,0,,,,
Wool — Other Sorts Of Goats' Wool Or Hair,KEEP,70396,1,9,9,0,,0,0,,,,
Fruit — Perfumed Spirits (Including Water Cologne),KEEP,69946,0,6,6,0,,0,0,,,,
Hats Or Bonnets — Vegetable Substances Applicable To The Same Uses As Hemp Or Flax,KEEP,69287,0,5,5,0,,0,0,,,,
"Fish, Fresh And Cured — Pilchards",KEEP,69191,0,1,1,0,,0,0,,,,
"Ether — Unenumerated, Not Sweetened     Or Mixed, Imported In Casks",KEEP,66997,0,10,12,0,,0,0,,,,
Chicory — Roasted Or Ground In Bond,KEEP,66909,0,20,6,0,,0,0,,,,
Malt,KEEP,66670,1,35,10,0,,29,26,"Leather — Manufactures, Including Manufactures Of Linen Mixed With Cotton",,,
Spirits — Cavendish Or Negrolhead,KEEP,66619,0,8,8,0,,0,0,,,,
"Metal — Old (Other Than Iron, Copper, Or Brass), Fit Only For Re-Manufacture",KEEP,66589,0,6,6,0,,0,0,,,,
"Ether — Geneva, Total Of",KEEP,66331,0,3,3,0,,0,0,,,,
Bran And Pollard,KEEP,66091,0,5,5,0,,0,0,,,,
"Wine — White, In Bottles : Sparkling : Saumur",KEEP,65005,0,1,2,0,,0,0,,,,
Corn And Grain — Rye Meal,KEEP,63628,0,13,5,0,,0,0,,,,
"Arms, And Ammunition — Swords, Cutlasses, Matchets, Bayonets, Gun Barrels, Gun Locks, And Cannon And Mortars Of Iron, Not Mounted Nor Accompanied With Carriages",KEEP,63183,0,5,5,0,,80,80,"Arms, And Ammunition — Swords, Cutlasses, Matchets, Bayonets, Gunbarrels, Gun Locks, And Cannon And Mortarsof Iron, Not Mounted Nor Accompanied Withcarriages",,,
"Arms, Ammunition, And Military Stores — Cannon And Mortars, Of Brass, Not Mounted Nor Accompanied With Carriages",KEEP,61988,0,9,7,0,,11,11,"Coals, Cinders, &C — Coals And Culm",,,
Straw Envelopes For Bottles,KEEP,61790,0,3,3,0,,0,0,,,,
"Bones — Brass, Bronze, And Metal. Bronzed Orlacquered, Manufactures Of, Un-Enumerated",KEEP,61561,0,7,9,0,,0,0,,,,
Ink,KEEP,61343,0,10,3,0,,0,0,,,,
Gals,KEEP,59815,1,6,6,0,,33,33,Galls,,,
Wool — Not Being Goats' Hair Or Wool,KEEP,58942,0,26,5,8,"Gum — Manufactures Of (Other Than Goat'S Hair), Mixed Or Not With Other Materials",8,8,"Gum — Manufactures Of (Other Than Goat'S Hair), Mixed Or Not With Other Materials",,,
Dye Woods — Spanish Possessions,KEEP,58835,0,11,11,0,,36,36,Dye Woods — Unenumerated,,,
"Milk And Cream, Fresh Or Preserved, Other Than Condensed Milk",KEEP,58713,1,22,6,0,,5,5,"Metal — Unenumerated, Old, Fit Only To Be Re-Manufactured",,,
"Spirits — British And Foreign, Mixed In Bond",KEEP,58484,0,3,3,0,,0,0,,,,
Gutta Percha — Manufactures Of,KEEP,58060,0,21,10,10,Gum — Manufactures Of,10,5,"Metal — Unenumerated, Unwrought",,,
"Coffee And Chicory, Mixed",KEEP,58048,1,26,11,4,"Cocoa Or Chocolate, Ground, Prepared, Or In Any Way Manufactured",8,4,"Cocoa Or Chocolate, Ground, Prepared, Or In Any Way Manufactured",,,
Fustic,KEEP,58039,1,8,8,0,,0,0,,,,
"Sweetened Or Mixed, Tested",KEEP,57056,1,7,6,0,,0,0,,,,
Precious Stones,KEEP,55834,0,9,7,0,,0,0,,,,
Metal — Pianofortes,KEEP,55673,0,4,4,0,,25,25,Bark — Quercitron,,,
"Arms, Ammunition, And Military Stores — Ordnance Stores And Ammunition, Unenumere-     Rated",KEEP,55101,0,8,5,0,,0,0,,,,
Turmeric,KEEP,54910,1,2,5,0,,0,0,,,,
"Woollen And Worsted Manufactures — Coatings, Duffels, &C., All Wool",KEEP,54558,0,2,2,0,,0,0,,,,
Clocks — Granilla,KEEP,53718,0,4,4,0,,0,0,,,,
Silk Manufactures — Other Kinds,KEEP,53368,0,16,10,0,,0,0,,,,
Corn And Grain — From Australasia,KEEP,52814,0,16,8,0,,62,38,Corn And Grain — Wheat Meal Or Flour,,,
"Willows And Rods, For Basket-Making",KEEP,52129,0,4,4,0,,25,25,"Fruit — Unenumerated, Dried",,,
"Brass, Bronze, And Metal Bronzed Orlacquered",KEEP,52051,0,8,4,0,,0,0,,,,
Beads — Unenumerated,KEEP,52026,0,8,2,0,,0,0,,,,
"Berries, Yellow",KEEP,51516,0,2,2,0,,0,0,,,,
Plate — Of Gold,KEEP,51485,1,12,15,0,,8,8,Oil — Olive,,,
Seeds — From British East Indies,KEEP,51301,0,2,2,0,,100,50,Seeds — Flax Or Linseed,,,
Bark — Cocaine,KEEP,50749,0,3,3,0,,0,0,,,,
Earthen And China Ware — Salmon,KEEP,50462,0,3,3,0,,0,0,,,,
"Copper — Old, Fit Only For Remanufacture",KEEP,50264,0,4,4,0,,0,0,,,,
Furniture And Hardwoods — Walnut,KEEP,49076,0,6,6,0,,0,0,,,,
"Arms, Ammunition, And Military Stores — Ordnance Stores And Ammunition, Unenum- Erated",KEEP,48853,0,5,5,0,,0,0,,,,
"Rags And Other Materials For Making Paper — Old Ropes Or Junk, Old Fishing Nets, And Other Materials Used For Making Paper, Unenumerated",KEEP,47979,0,7,7,0,,0,0,,,,
Metal — Harmoniums And Seraphines,KEEP,46564,0,2,3,0,,0,0,,,,
"Arms, Ammunition, And Military Stores — Ordnance Stores, Explosives, And Ammunition, Unenumerated",KEEP,45665,0,5,5,0,,0,0,,,,
"Arms, Ammunition, And Military Stores — Cannon And Mortars, Mounted Or Accompanied With Carriages",KEEP,45544,0,1,3,0,,0,0,,,,
Cotton Manufactures — Gutch,KEEP,45460,0,2,4,0,,0,0,,,,
Bank — Extract Of Bank Or Other Vegetable Substances To Be Used In Tanning Or Dyeing,KEEP,45339,0,4,4,0,,75,75,Bank — Extract Of Bank Or Other Vegetable Substancesto Be Used In Tanning Or Dyeing,,,
"Cannon And Mortars, Mounted Or Accompanied With Carriages — Rockets And Other Combustibles For Purposes Of War And Ammunition, Unenumerated",KEEP,42511,0,4,4,0,,75,75,"Arms, And Ammunition — Rockets And Other Combustibles For Purposesof War And Ammunition, Unenumerated",,,
Value Of Articles Imported By Parcel Post,KEEP,41830,0,3,3,0,,67,67,Value Of Articles Imported Byparcel Post,,,
"Arms, Ammunition, And Military Stores — Swords, Cutlasses, Bayonets, Cannon And Mortars Of Iron, And Arms Of Other Sorts, Unenumerated",KEEP,41669,0,5,5,0,,0,0,,,,
Leather Manufactures — Lucifers Of Wood,KEEP,41372,0,2,2,0,,0,0,,,,
Silk Manufactures — To United States Of America,KEEP,39312,0,8,4,0,,0,0,,,,
Antimony — Crude And Regulus,KEEP,39301,0,3,3,0,,0,0,,,,
"Brass Manufactures, Unenumerated",KEEP,38550,0,5,5,0,,0,0,,,,
Earthen And China Ware — Cod And Ling,KEEP,37932,0,3,3,0,,0,0,,,,
"Tobacco — Manufactured, Cavendish Or Negrohead",KEEP,37912,0,4,4,0,,0,0,,,,
"Wax, Bees — Unbleached",KEEP,36379,0,11,12,0,,0,0,,,,
Argol,KEEP,36165,1,8,8,0,,0,0,,,,
"Plate Of Silver (Free From 1St May, 1890)",KEEP,35882,0,6,6,0,,0,0,,,,
Furniture And Hardwoods — Brazil Wood,KEEP,35335,0,7,8,0,,0,0,,,,
Rags And Other Materials For Making Paper — Applicable To Other Uses Than Manure,KEEP,35230,0,3,3,0,,0,0,,,,
Furniture And Hardwoods — Boxwood,KEEP,35177,1,9,9,0,,0,0,,,,
Zinc Or Spelter — To British India,KEEP,34679,0,4,4,0,,0,0,,,,
"Silk — Skins, Unenumerated, Dressed Or Undressed (Not Leather)",KEEP,34352,0,18,20,0,,0,0,,,,
Wood And Timber — British North America,KEEP,34134,0,3,2,0,,67,33,Wood And Timber — Mahogany : Unenumerated,,,
Imported In Bottles — Hook,KEEP,33755,1,3,3,0,,0,0,,,,
Cement — India,KEEP,33533,0,3,3,0,,0,0,,,,
"Berries, Yellow — Myrobalan",KEEP,32928,0,5,5,0,,20,20,Lathwood,,,
Ice — Lamps And Lanterns,KEEP,32081,0,5,5,0,,0,0,,,,
Sugar — Parts Thereof,KEEP,32043,0,4,4,0,,0,0,,,,
Woollen Manufactures — Hosiery Of All Kinds,KEEP,31669,0,5,5,0,,0,0,,,,
Arrowroot,KEEP,31063,1,3,3,0,,0,0,,,,
Chicory — Raw Or Kiln Dried And Roasted In Bond,KEEP,30998,0,11,4,0,,0,0,,,,
Iron — Wire,KEEP,30868,0,5,5,0,,0,0,,,,
Lead — Manufactures,KEEP,29238,0,18,9,6,Gutta Percha,11,6,Gutta Percha,,,
"Paper — Gilt, Stained, Coloured, Embossed, And All Fancy Paper, Not Being Hangings",KEEP,28616,0,5,5,0,,0,0,,,,
"Confectionery, In The Manufacture Of Which Spirit Has Been Used — Confectionery, Containing Not More Than 50 % Chocolate",KEEP,28106,0,26,6,0,,19,15,"Collodion — Confectionery, Containing Not More Than50% Chocolate",,,
"Quicksilver, (Metallic) — In The Husk",KEEP,27440,0,2,2,0,,0,0,,,,
"Fruit (Not Liable To Duty) — Apricots And Peaches, Raw",KEEP,25337,0,2,3,0,,0,0,,,,
Horns — Deer,KEEP,24754,0,1,6,0,,0,0,,,,
Coir (Fibre),KEEP,24347,0,3,5,0,,0,0,,,,
"Coals, Culm, Cinders, And Shale",KEEP,24284,1,8,12,12,"Rags, Woollen, Applicable To Other Uses Than Manure, Torn Up Or Not",50,38,Clocks — Confectionery (Not Containing Any Article Liable To Duty),,,
"Zinc — Oxide, Or White Of",KEEP,24100,0,4,5,0,,0,0,,,,
Poppy,KEEP,23766,1,2,2,0,,0,0,,,,
Tin Ore And Regulus,KEEP,23400,1,2,4,0,,0,0,,,,
"Ether — Liqueurs, Cordials, &C., Not Tested, For Ascertaining The Strength, Total Of",KEEP,23358,0,7,10,0,,29,29,"Ether — Liqueurs, Cordials, &C., Not Tested For Ascertaining The Strength, Imported In Bottles",,,
"Ether — Liqueurs, Cordials, &C., Not Tested For Ascertaining The Strength, Imported In Bottles",KEEP,23285,0,7,10,0,,29,29,"Ether — Liqueurs, Cordials, &C., Not Tested, For Ascertaining The Strength, Total Of",,,
"Spirits — Other Sorts, Not Sweetened",KEEP,22515,0,5,5,0,,0,0,,,,
Silk — Spun Silk Yarn,KEEP,21741,1,4,4,0,,25,25,"Cocoa Or Chocolate, In The Manufacture Of Which Spirit Has Been Used",,,
Albumen,KEEP,21150,0,6,6,0,,17,17,"Horns — Unenumerated, And Horn Tips And Pieces Of Horns",,,
Beer And Ale — Bones (Except Whalefins) Applicable To Manufacturing Purposes,KEEP,20870,0,4,2,0,,0,0,,,,
"Milk, Condensed — Milk And Cream, Fresh Or Pre- Served, Other Than Condensed Milk",KEEP,20816,0,4,5,0,,0,0,,,,
Cutlery,KEEP,20636,0,3,3,0,,33,33,Sugar — Eastern Coast Of Africa,,,
"Chicory — Unenumerated, Sweetened Or Mixed (Tested) : Not Tested, For Ascertaining The Strength",KEEP,20622,0,8,8,0,,25,25,"Spirits — Not Tested, For Ascertaining The Strength",,,
Rosewood,KEEP,20311,1,3,3,0,,0,0,,,,
"Nuts And Kernels, Commonly Used For Expressing Oil — Ground Nuts",KEEP,20120,0,4,4,0,,0,0,,,,
"Spun Silk Yarn, Dyed Or Not Dyed",KEEP,19729,1,4,4,0,,50,25,Silk — Raw,,,
Fruit — Snuff : Other Sorts (Including Cigarettes),KEEP,19576,0,6,6,0,,0,0,,,,
Plated And Gift Ware,KEEP,19549,0,4,4,0,,0,0,,,,
"Wax, Bees — Bleached",KEEP,19382,0,2,3,0,,0,0,,,,
"Skins, Furs, And Pelts — Otter, Sea",KEEP,19114,0,6,6,0,,0,0,,,,
"Cannon And Mortars, Mounted Or Accompanied With Carriages — Shot Of Iron",KEEP,19070,0,6,1,0,,0,0,,,,
Cheese — Margarine Cheese (Including All Kinds Of Imitation Cheese),KEEP,19031,0,1,2,0,,0,0,,,,
Flax & Hemp — Dressed And Undressed,KEEP,18643,0,3,1,0,,0,0,,,,
Ultramarine — Valonia,KEEP,18240,0,3,3,0,,0,0,,,,
"Silk Manufactures — Silver, Ore Of, Or Ore Of Which The Greater Partof The Value Is Silver",KEEP,17821,0,3,3,0,,0,0,,,,
Leather Manufactures — Juice,KEEP,17775,0,3,3,0,,0,0,,,,
"Woollen Manufactures — Shawls, Scarfs, And Handkerchiefs",KEEP,17578,0,4,4,0,,0,0,,,,
"Hides, Not Tanned, Tawed, Curried, Or In Any Way Dressed — Muscovy Or Russia, Or Pieces Thereof, Tanned, Coloured, Shaved, Or Otherwise Dressed",KEEP,17006,0,2,2,0,,0,0,,,,
Vegetable,KEEP,16657,1,4,5,0,,50,50,Jute,,,
Varnish: Not Containing Alcohol,KEEP,16469,0,7,1,0,,0,0,,,,
Bark — Quercitron,KEEP,16391,0,3,3,0,,33,33,Metal — Pianofortes,,,
Hops — To United States Of America,KEEP,15855,0,2,2,0,,0,0,,,,
Brimstone — Carbide Of Calcium,KEEP,15781,0,3,3,0,,0,0,,,,
"Kiln-Dried, Roasted, Or Ground",KEEP,15601,1,62,11,0,,5,5,Coffee — Raw · British East Indies,,,
Cotton Manufactures — Maize Or Indian Corn Meal (Including Maizena),KEEP,15471,0,2,2,0,,0,0,,,,
Hair — Manufactures Of · (Other Than Goats' Hair),KEEP,15373,0,4,5,0,,0,0,,,,
Perfumery — Refined,KEEP,15324,0,2,2,0,,0,0,,,,
Furniture And Hardwoods — Sapan Wood,KEEP,15222,0,6,6,0,,0,0,,,,
"Ether — Unenumerated, Sweetened Or Mixed (Tested), Imported In Casks",KEEP,15065,0,7,10,0,,0,0,,,,
Dyeing Or Tanning Stuffs — Shunach,KEEP,15054,1,4,4,0,,0,0,,,,
Gold : „ Leaves Of — Ore Of. Or Ore Of Which The Greater Part In Value Is Gold,KEEP,15027,0,1,3,0,,0,0,,,,
Meat — Bell,KEEP,14932,0,3,4,0,,0,0,,,,
Cotton — Broken Up Or To Be Broken Up,KEEP,14921,0,8,2,0,,0,0,,,,
Tram — Organzine Or Crape,KEEP,14874,0,6,6,0,,0,0,,,,
"Dye Woods — Earthenware, Not Being Porcelain Or Chinaware",KEEP,14793,0,2,2,0,,0,0,,,,
"Slates — Refined, Or Rendered By Any Process Equal Thereto : In Lumps And Loaves",KEEP,14683,0,2,2,0,,0,0,,,,
"Fruit (Not Liable To Duty) — Gooseberries, Raw",KEEP,14566,0,3,3,0,,0,0,,,,
Sawn — Unenumerated,KEEP,14491,0,2,2,0,,0,0,,,,
Metal — Musical Boxes,KEEP,14487,0,3,4,0,,0,0,,,,
Hewn: Fir,KEEP,13912,1,4,4,0,,0,0,,,,
Seeds — Silk Or Satin : Other Kinds,KEEP,13902,0,2,2,0,,0,0,,,,
"Skins, Furs, And Pelts — Bear",KEEP,13800,0,3,3,0,,0,0,,,,
"Spirits — Liqueurs, Cordials, &C., Not Tested",KEEP,13640,0,3,3,0,,0,0,,,,
Cotton Manufactures — Piece Goods Of Other Countries,KEEP,13425,0,4,4,0,,0,0,,,,
Tram,KEEP,13409,0,3,4,0,,0,0,,,,
Glass — Silvered Glass Or Mirrors,KEEP,12979,0,3,3,0,,0,0,,,,
Turpentine (Rough),KEEP,12733,0,6,1,0,,0,0,,,,
"Ether — Perfumed, Imported In Casks",KEEP,12572,0,2,2,0,,50,50,"Cards, Playing",,,
"Ether — Unenumerated, Not Sweetened     Or Mixed, Imported In Bottles",KEEP,12500,0,9,13,0,,0,0,,,,
"Thrown, Not Dyed — Singles",KEEP,12379,0,3,4,0,,0,0,,,,
Hemp — British Dressed,KEEP,12335,0,3,2,0,,0,0,,,,
"Hides — Tawed, Curried, Or Dressed, Varnished",KEEP,12317,0,4,3,0,,0,0,,,,
Silk — Singles Or Tram,KEEP,12206,0,4,4,0,,0,0,,,,
"Skins, Furs, And Pelts — Seal, Undressed",KEEP,12202,0,2,2,0,,0,0,,,,
Sugar — Manufactures,KEEP,11996,0,1,1,0,,0,0,,,,
"Arms, Ammunition, And Military Stores — To British India",KEEP,11541,0,1,1,0,,0,0,,,,
"Lead, White",KEEP,11452,0,4,4,0,,0,0,,,,
"Cannon And Mortars, Mounted Or Accompanied With Carriages — Percussion Caps",KEEP,11414,0,6,1,0,,0,0,,,,
Toys — Not Otherwise Described,KEEP,11407,0,2,1,0,,0,0,,,,
Embroidery And Needlework — Cured Or Salted,KEEP,10897,0,8,10,0,,0,0,,,,
Copper — To Australasia,KEEP,10885,0,2,2,0,,0,0,,,,
Ribbons — Fancy Silk Net Or Tricot,KEEP,10313,0,2,2,0,,0,0,,,,
"Pork, Salted (Except Hams)",KEEP,10133,0,9,10,0,,0,0,,,,
Tobacco And Snuff — Other Kinds Of Manufactured Tobacco,KEEP,9998,0,2,2,0,,0,0,,,,
"Fruit — Almonds, Sweet",KEEP,9977,0,6,6,0,,17,17,"Fruit — Apples, Raw",,,
Pi-Umbago,KEEP,9913,0,2,2,0,,0,0,,,,
Chloroform,KEEP,9636,1,26,10,0,,4,4,Fish (Including Turtle) — Dressed Or Undressed,,,
"Wood And Timber — House Frames, Fittings, Joiners' And Cabinet Works",KEEP,9480,0,5,5,0,,0,0,,,,
Rags And Other Materials For Making Paper — Other Vegetable Fibre,KEEP,9111,0,4,4,0,,0,0,,,,
"Beer And Ale: Mum, Spruce Or Black } Beer, Berlin White Beer, And Other Similar Preparations",KEEP,8849,1,1,1,0,,0,0,,,,
Sulphuric,KEEP,8799,1,11,4,0,,0,0,,,,
"Cordage, Cables, Ropes, And Twine Of Hemp, Or Like Material — To British East Indies",KEEP,8641,0,1,1,0,,0,0,,,,
Tea — For The Manufacture Of Caffeine,KEEP,8254,0,3,1,0,,0,0,,,,
Dye Stuffs — Myrobalans,KEEP,8147,0,2,2,0,,0,0,,,,
Collodion,KEEP,8121,1,21,11,0,,5,5,Books,,,
Cotton Manufactures — Guth,KEEP,8118,0,1,2,0,,0,0,,,,
Cream Of Tartar,KEEP,7880,1,3,3,0,,0,0,,,,
Seeds — Silk Manufactures Of Europe,KEEP,7468,0,2,2,0,,0,0,,,,
"Wood And Timber — Masts, Spars, And Poles",KEEP,7429,0,5,5,0,,0,0,,,,
"Chicory — Red, In Bottles, Sparkling : Burgundy",KEEP,7322,0,2,3,0,,50,50,Cork — Unmanufactured,,,
Petroleum — Pickles,KEEP,7067,0,2,2,0,,0,0,,,,
Plumbago — From British East Indies,KEEP,6911,0,2,3,0,,50,50,Plumbago,,,
Blacking And Polishes — Applicable To Manufacturing Purposes,KEEP,6608,0,5,7,0,,0,0,,,,
"Wine — White, In Bottles, Sparkling: Other Sorts",KEEP,6561,0,6,3,0,,0,0,,,,
"Umbrellas And Parasols — Wine, British Made",KEEP,6294,0,2,2,0,,0,0,,,,
Copper — Piece Goods Of Other Countries,KEEP,6181,0,2,2,0,,0,0,,,,
Jute — From British East Indies,KEEP,6074,0,1,1,0,,0,0,,,,
Isk,KEEP,6000,0,1,1,0,,0,0,,,,
"Varnish, Containing Alcohol",KEEP,5797,0,12,5,0,,0,0,,,,
Macaroni And Vermicelli,KEEP,5541,0,4,4,0,,0,0,,,,
Ether (Sulphuric),KEEP,5370,0,6,5,0,,0,0,,,,
Linen Manufactures — To United States Of America,KEEP,5259,0,1,1,0,,0,0,,,,
"Wood And Timber — Greenheart, Red And Blue Gum, Stringy Bark, Mora Locust, And Other Sorts Of Timber, For Shipbuilding",KEEP,5160,0,2,3,0,,0,0,,,,
Tobacco — Moselle : Other Sorts,KEEP,4999,0,5,5,0,,0,0,,,,
Fruit — Dates,KEEP,4807,0,6,6,0,,0,0,,,,
Iron — Puddled And Puddled Bars,KEEP,4651,0,1,1,0,,0,0,,,,
Grease,KEEP,4620,1,4,4,0,,0,0,,,,
"Silk Or Satin, Plain — Velvet, The Foundation Of Which Is Composed Of Cotton, Or Other Materials Than Silk",KEEP,4306,0,3,3,0,,0,0,,,,
"Collodion — Confectionery, Containing Not More Than50% Chocolate, In The Manufacture Ofwhich Spirit Has Been Used",KEEP,4045,0,5,3,0,,20,20,"Confectionery, In The Manufacture Of Which Spirit Has Been Used — Confectionery, Containing Not More Than 50 % Chocolate",,,
Unions,KEEP,3892,0,1,1,0,,0,0,,,,
"Skins, Furs, And Pelts — Fox, Silver",KEEP,3850,0,2,3,0,,0,0,,,,
Iron And Steel — To United States Of America,KEEP,3826,0,3,3,0,,0,0,,,,
Clocks — Dust,KEEP,3761,0,1,2,0,,0,0,,,,
Woollen And Worsted Manufactures — To British East Indies,KEEP,3621,0,1,1,0,,0,0,,,,
Floral Hydrate,KEEP,3558,0,3,3,0,,0,0,,,,
Beads Of All Sorts — Salted,KEEP,3549,0,1,1,0,,0,0,,,,
"Skins, Furs, And Pelts — Unenumerated : In Any Way Dressed ; Not Leather",KEEP,3538,0,6,6,0,,0,0,,,,
Linen Waste,KEEP,3533,0,4,1,0,,0,0,,,,
"Ether — Rum, Imitation, Total Of",KEEP,3460,0,4,4,0,,50,50,"Fruit — Rum, Imitation, Imported In Casks",,,
"Beef — Cable Yarn Of Hemp, Or Other Like Material, Except Coir",KEEP,3446,0,4,4,0,,0,0,,,,
"Fruit — Rum, Imitation, Imported In Casks",KEEP,3420,0,4,4,0,,75,50,"Ether — Rum, Imitation, Total Of",,,
"Cannon And Mortars, Mounted Or Accompanied With Carriages — Shot Of Lead",KEEP,3295,0,5,1,0,,0,0,,,,
Corn And Grain — Barley Meal,KEEP,2981,0,8,1,0,,0,0,,,,
Glass — To United States Of America,KEEP,2794,0,1,1,0,,0,0,,,,
Tobacco — Stalks,KEEP,2741,0,3,1,0,,0,0,,,,
Butyric,KEEP,2725,1,10,4,0,,10,10,Tin — Ore Of,,,
Tares,KEEP,2573,1,3,3,0,,33,33,Marten,,,
"Tobacco — Red, In Bottles : Sparkling : Other Sorts",KEEP,2517,0,2,2,0,,0,0,,,,
"Oil, Castor — Chemical, Essential, And Perfumed, Of All Kinds",KEEP,2391,0,13,13,0,,0,0,,,,
Tin — Tortoise Shell,KEEP,2356,0,9,9,0,,0,0,,,,
Seeds — Carraway,KEEP,2317,0,2,2,0,,0,0,,,,
"Zinc — Rolled, But Not Otherwise Manufactured",KEEP,2310,0,1,1,0,,0,0,,,,
"Silk Or Satin, Plain — Striped, Figured, Or Brocaded",KEEP,2176,0,3,4,0,,0,0,,,,
Ether — Chloride,KEEP,2135,0,1,1,0,,0,0,,,,
"Silk Manufactures — Silk Or Satin, Plain",KEEP,2110,0,4,4,0,,0,0,,,,
Oil — Turpentine (Rough),KEEP,2081,0,2,1,0,,0,0,,,,
Rosin — Saffron,KEEP,1910,0,4,4,0,,0,0,,,,
Ribbons — Parasols And Umbrellas,KEEP,1882,0,3,3,0,,33,33,Copper — Unwrought,,,
"Coffee — Coffee And Chicory, Roasted Orground, Mixed In Bond",KEEP,1882,0,1,1,0,,0,0,,,,
"Coffee — Coffee And Chicory, Roasted Orground, Mixed",KEEP,1833,0,1,1,0,,0,0,,,,
"Arms, Ammunition, And Military Stores — Swords, Cutlasses, And Bayonets, And Armsof Other Sorts",KEEP,1827,0,1,1,0,,0,0,,,,
Marten,KEEP,1759,1,6,6,0,,17,17,Tares,,,
Beef — Of Coir,KEEP,1694,0,4,5,0,,25,25,Copper — Regulus,,,
Seeds — Canary,KEEP,1652,0,5,5,0,,0,0,,,,
"Tea — White, In Bottles: Sparkling : Burgundy",KEEP,1595,0,1,2,0,,0,0,,,,
Gum — Lac Dye,KEEP,1512,0,2,2,0,,0,0,,,,
Spirits — Manufactured : Snuff,KEEP,1447,0,2,1,0,,0,0,,,,
"Nuts, Small",KEEP,1444,1,3,3,0,,0,0,,,,
"Coffee — Kiln-Dried, Roasted, Or Ground, In Bond",KEEP,1419,0,1,1,0,,0,0,,,,
"Fruit — Apples, Dried",KEEP,1252,0,2,2,0,,0,0,,,,
Corn And Grain — Pea Meal,KEEP,1188,0,6,1,0,,0,0,,,,
Mafs And Charts,KEEP,1146,0,1,1,0,,0,0,,,,
Lathwood,KEEP,1143,1,5,5,0,,20,20,"Berries, Yellow — Myrobalan",,,
Chicory — Champagne : Burgundy,KEEP,1064,0,1,2,0,,0,0,,,,
"Cards, Playing — Pickles Preserved In Vinegar",KEEP,1060,0,1,1,0,,0,0,,,,
Silk Manufactures — To Australasia,KEEP,1056,0,1,1,0,,0,0,,,,
"Fruit — Plums, Dried Or Preserved (Except In Sugar), Not Otherwise Described",KEEP,1008,0,3,3,0,,0,0,,,,
Corn And Grain — Bean Meal,KEEP,951,0,2,1,0,,0,0,,,,
"Arms, And Ammunition — Shot Of Iron",KEEP,789,0,1,1,0,,0,0,,,,
Fruit — Cocoa-Nuts,KEEP,782,0,5,5,0,,0,0,,,,
"Arms, Ammunition, And Military Stores — Shot Of Iron",KEEP,770,0,2,1,0,,0,0,,,,
Firewood,KEEP,760,1,4,4,0,,0,0,,,,
Alkali — Barilla,KEEP,711,0,2,2,0,,0,0,,,,
Corn And Grain — Potato Flour,KEEP,700,0,5,5,0,,0,0,,,,
Manures — Bones Of Animals And Fish (Except Whale- Fins) For Manure Only,KEEP,687,0,21,24,0,,0,0,,,,
"Tobacco — White, In Bottles: Sparkling : Burgundy",KEEP,622,0,1,2,0,,0,0,,,,
"Cheese — Chicory: Other Vegetable Matter,Applicable To The Uses Of Chicoryor Coffee",KEEP,606,0,1,1,0,,0,0,,,,
Corn And Grain — Bean Meal And Pea Meal,KEEP,593,0,2,1,0,,0,0,,,,
Fruit — Tamarinds,KEEP,583,0,5,5,0,,0,0,,,,
"Tobacco — Manufactured, Snuff",KEEP,562,0,1,1,0,,0,0,,,,
"Fruit — Nuts, Chesnuts",KEEP,556,0,4,4,0,,0,0,,,,
"Chicory, Raw Or Kiln-Dried — Pickles Preserved In Vinegar",KEEP,547,0,1,1,0,,0,0,,,,
"Ether — Transparent, In The Manufacture     Of Which Spirit Has Been Used",KEEP,511,0,3,3,0,,33,33,Oil-Seed Cake — Of Other Sorts,,,
"Skins, Furs, And Pelts — Sable",KEEP,505,0,4,4,0,,0,0,,,,
"Beef — Cordage And Cables Of Hemp, Or Other Like Material (Except Coir And Bast)",KEEP,471,0,3,3,0,,0,0,,,,
"Arms, And Ammunition — Shot Of Lead",KEEP,456,0,1,1,0,,0,0,,,,
"Silk Manufactures — Pongees, And Pongee Handkerchiefs",KEEP,453,0,3,3,0,,0,0,,,,
Beef — Cable Yarn Of Coir,KEEP,451,0,5,5,0,,0,0,,,,
Grapes,KEEP,440,1,4,4,0,,0,0,,,,
Corn And Grain — Bear Or Bigg,KEEP,428,0,1,1,0,,0,0,,,,
Coffee — Pickles Preserved In Vinegar,KEEP,416,0,1,1,0,,0,0,,,,
Rhubarb,KEEP,400,1,4,4,0,,25,25,Clocks,,,
Liquorice — Malt (Foreign),KEEP,397,0,1,3,0,,0,0,,,,
"Ether — Rum, Imported In Bottles",KEEP,396,0,3,9,0,,33,33,"Cards, Playing",,,
"Fruit — Naphtha, Purified, So As To Be Potable",KEEP,389,0,3,2,0,,0,0,,,,
Drugs — From British Possessions In Southafrica,KEEP,386,0,1,1,0,,0,0,,,,
"Skins, Furs, And Pelts — Otter, Common",KEEP,363,0,3,3,0,,0,0,,,,
"Skins, Furs, And Pelts — Musquash",KEEP,306,0,6,6,0,,0,0,,,,
Fruit — Walnuts,KEEP,297,0,5,5,0,,0,0,,,,
"Naphtha Or Methylic Alcohol, Purified",KEEP,295,0,1,1,0,,0,0,,,,
Mustard,KEEP,275,1,3,3,0,,0,0,,,,
"Sponge — Marble, Sawn Or Otherwise Manufactured",KEEP,266,0,3,3,0,,0,0,,,,
"Arms, Ammunition, And Military Stores — Shot Of Lead",KEEP,265,0,1,1,0,,0,0,,,,
"Plate Of Gold (Free From 1St May, 1890)",KEEP,239,0,1,2,0,,0,0,,,,
Pimento,KEEP,191,1,2,2,0,,0,0,,,,
"Cheese — Imitation (Including Lard,Cheese, And All Kinds Ofartificial Cheese)",KEEP,148,0,1,1,0,,0,0,,,,
Truffles,KEEP,110,0,1,2,0,,0,0,,,,
"Embroidery And Needlework — Curtains, Embroidered On Muslin Or Net",KEEP,106,0,1,1,0,,0,0,,,,
Tin — Turtle Shell,KEEP,100,0,2,2,0,,0,0,,,,
Corn And Grain — Buckwheat And Bere Or Bigg,KEEP,85,0,3,3,0,,0,0,,,,
"Skins, Furs, And Pelts — Lamb, Undressed",KEEP,78,0,9,9,0,,0,0,,,,
"Skins, Furs, And Pelts — Ermine",KEEP,71,0,4,4,0,,0,0,,,,
Nutmegs,KEEP,65,1,5,5,0,,0,0,,,,
Racoon,KEEP,59,1,3,3,0,,67,67,"Skins, Furs, And Pelts — Raccoon",,,
"Meat, Unenumerated — Unenumerated; Unwrought : Wrought Or Manufactured",KEEP,57,0,4,4,0,,0,0,,,,
Potash — Muriate Of,KEEP,56,0,4,4,0,,0,0,,,,
Leather Manufactures — Women'S Boots And Shoes,KEEP,32,0,5,5,0,,0,0,,,,
Mace,KEEP,32,1,5,5,0,,0,0,,,,
Woollen And Worsted Yarn — Wholly Of Wool Or Mixed With Silk For Weaving,KEEP,31,0,7,7,0,,0,0,,,,
"Skins, Furs, And Pelts — Lamb, Tanned, Tawed, Or Dressed",KEEP,12,0,4,4,0,,0,0,,,,
"Skins, Furs, And Pelts — Kid, Undressed",KEEP,10,0,3,3,0,,0,0,,,,
"Alkali — Of Other Sorts, Unenumerated",KEEP,0,0,3,3,0,,0,0,,,,
"Embroidery And Needlework — Ostrich, White",KEEP,0,0,4,4,0,,0,0,,,,
"Embroidery And Needlework — Ostrich, Black",KEEP,0,0,5,5,0,,0,0,,,,
"Embroidery And Needlework — Of Other Sorts, Unenumerated",KEEP,0,0,4,4,0,,0,0,,,,
Jute Yarn — Other Vegetable Substances Of The Nature And Quality Of Undressed Hemp (Except Coir And Flax),KEEP,0,0,4,4,0,,0,0,,,,
Leather Manufactures — Men'S Boots And Shoes,KEEP,0,0,5,5,0,,0,0,,,,
"Nuts And Kernels, Commonly Used For Expressing Oil — Unenumerated",KEEP,0,0,4,4,0,,0,0,,,,
Pictures — Oil Paintings,KEEP,0,1,6,6,0,,0,0,,,,
Prints And Drawings — Prints (Including Engravings And Photographs On Paper),KEEP,0,0,6,6,0,,0,0,,,,
"Torn Up, To Be Used As Wool",KEEP,0,1,9,9,0,,0,0,,,,
Rosin — Scammony,KEEP,0,0,3,3,0,,0,0,,,,
"Flax — Grass, Of All Sorts",KEEP,0,0,5,5,0,,0,0,,,,
"Silk Manufactures — Corahs, Choppas, Bandannas, Tussore Cloths, Romals, And Taffaties",KEEP,0,0,3,4,0,,0,0,,,,
Ribbons — Bonnets And Head Dresses,KEEP,0,0,1,2,0,,0,0,,,,
Ribbons — Dresses,KEEP,0,0,2,2,0,,0,0,,,,
Ultramarine,KEEP,0,1,6,6,0,,0,0,,,,
Onions (Raw) — Opera Glasses,KEEP,0,0,2,2,0,,0,0,,,,
"Skins, Furs, And Pelts — Millstones",KEEP,0,0,5,6,0,,0,0,,,,
"Corks, Ready Made",KEEP,0,1,3,3,0,,0,0,,,,
England And Wales,KEEP,0,0,146,84,0,,0,0,,,,
"Arms, Ammunition, And Military Stores — Ordnance Stores And Ammunition, Unenumerated",KEEP,0,0,152,41,0,,0,0,,,,
"Arms, Ammunition, And Military Stores — Parts Of Fire-Arms",KEEP,0,0,19,8,0,,0,0,,,,
Earthen And China Ware — Red Pottery And Brown Stone Ware,KEEP,0,0,55,15,0,,2,2,"Earthenware, Not Being China Or Porcelain Ware",,,
"Earthen And China Ware — Earthenware, Chinaware, Parian, And Porcelain",KEEP,0,0,204,47,0,,0,0,,,,
"Glass — Haberdashery And Millinery, Including Embroidery And Needlework",KEEP,0,0,171,47,0,,0,0,,,,
Implements And Tools — Agricultural,KEEP,0,0,97,27,0,,0,0,,,,
Lucifer And Vesta Matches,KEEP,0,0,29,18,0,,0,0,,,,
"Prints, Engravings, Drawings, &C",KEEP,0,0,68,15,0,,0,0,,,,
"Silk Manufactures — Handkerchiefs, Scarfs, And Shawls",KEEP,0,0,66,22,0,,0,0,,,,
Umbrellas And Parasols,KEEP,0,0,26,22,0,,0,0,,,,
"Wine, British Made — Staves And Empty Casks",KEEP,0,0,6,6,0,,0,0,,,,
"Wine, British Made — Unenumerated",KEEP,0,0,14,15,0,,0,0,,,,
"Yarn, Alpaca, Mohair, And Other Sorts Une-Numerated",KEEP,0,0,13,5,0,,0,0,,,,
"Extracts — Farinaceous Substances, And Manufacturesthereof, Unenumerated",KEEP,0,0,17,9,0,,0,0,,,,
"Silk — Broad Stuffs, Silk Or Satin",KEEP,0,0,1,1,0,,0,0,,,,
Apparel And Slops,KEEP,0,0,139,42,0,,0,0,,,,
"Fish, Fresh And Cured — Unenumerated",KEEP,0,0,33,8,0,,0,0,,,,
Medicines,KEEP,0,0,221,40,0,,0,0,,,,
"Medicines — Musical Instruments, And Parts Thereof",KEEP,0,0,34,17,0,,0,0,,,,
Painters' Colours And Materials — Unenumerated,KEEP,0,0,62,34,0,,0,0,,,,
Wood And Timber — Staves And Empty Casks,KEEP,0,0,6,6,0,,0,0,,,,
Cotton Manufactures — Red Pottery And Brown Stone Ware,KEEP,0,0,11,11,0,,0,0,,,,
"Cotton Manufactures — Earthenware, Chinaware, Parian, And Porcelain",KEEP,0,0,25,25,0,,0,0,,,,
"Machinery And Mill Work — Steam Engines Or Parts Of Steam Engines, Locomotive",KEEP,0,0,106,33,0,,0,0,,,,
"Machinery And Mill Work — Steam Engines Or Parts Of Steam Engines, Other Descriptions",KEEP,0,0,177,48,0,,0,0,,,,
Machinery And Mill Work — Not Being Steam Engines: Agricultural,KEEP,0,0,97,23,0,,0,0,,,,
Machinery And Mill Work — Not Being Steam Engines ; Other Descriptions,KEEP,0,0,139,43,0,,0,0,,,,
"Fruit — Nuts, Principally Used As Fruit",KEEP,0,0,10,7,0,,0,0,,,,
Apparel And Stores,KEEP,0,0,16,16,0,,0,0,,,,
Cotton Manufactures — Lace And Patent Net,KEEP,0,0,67,34,0,,0,0,,,,
Plated And Gift Wares,KEEP,0,0,11,11,0,,0,0,,,,
Saddlery And Harness,KEEP,0,0,57,21,0,,0,0,,,,
Calcitrhous Manufactures,KEEP,0,0,20,21,0,,0,0,,,,
Glass — Brodery And Needlework,KEEP,0,0,31,31,0,,0,0,,,,
Plated And Gilt Wares,KEEP,0,0,25,17,0,,0,0,,,,
"Arms And Ammunition — Rockets And Other Combustibles Of War, Andammunition, Unenumerated",KEEP,0,0,4,2,0,,0,0,,,,
"Jute — Machine Or Imitation Lace, Not Made By Hand",KEEP,0,0,4,2,0,,0,0,,,,
"Coals, Cinders, &C — Products Of Coal, Peat, Or Shale, Includingnaphtha, Paraffine, And Oil Thereof, Andpetroleum, Pitch, And Tar",KEEP,0,0,8,8,0,,0,0,,,,
Pilchards — Unenumerated,KEEP,0,0,4,4,0,,0,0,,,,
Extracts — Of Bark And Other Vegetable Substances Used In Tanning Or Dyeing,KEEP,0,0,9,6,0,,0,0,,,,
"Cement — Chemical Products Or Preparations, Not Speciallyenumerated",KEEP,0,0,11,11,0,,0,0,,,,
Implements And Tools — Unenumerated,KEEP,0,0,58,29,0,,0,0,,,,
Linen And Jute Manufactures — Luoifer And Vesta Matches,KEEP,0,0,9,9,0,,0,0,,,,
"Machinery And Mills Work — Steam Engines Or Parts Of Steam Engines,Locomotive",KEEP,0,0,18,18,0,,6,6,Cotton Manufactures — Muslins,,,
"Machinery And Mills Work — Steam Engines Or Parts Of Steam Engines,Other Descriptions",KEEP,0,0,24,24,0,,0,0,,,,
Machinery And Mills Work — Not Being Steam Engines ; Agricultural,KEEP,0,0,14,14,0,,0,0,,,,
Silk Manufactures — Ribbons Of All Kinds,KEEP,0,0,13,6,0,,0,0,,,,
Telegraph Wires And Apparatus,KEEP,0,0,38,29,0,,0,0,,,,
Woollen And Worsted Manufactures — Zinc Or Spekter,KEEP,0,0,1,1,0,,0,0,,,,
Implements And Tools,KEEP,0,0,1,1,0,,0,0,,,,
Tobacco — Toxs,KEEP,0,0,3,3,0,,0,0,,,,
"Arms, Ammunition, And Military Stores — Ordnance Stores, Not Otherwise Described",KEEP,0,0,1,1,0,,0,0,,,,
"Carriages, &C — Railway Waggons, Trucks, &C. And Parts Thereof For Ballast, Minerals, Or Merchandise",KEEP,0,0,14,11,0,,0,0,,,,
Dye Stuffs — Products Of Coal Tar,KEEP,0,0,7,6,0,,0,0,,,,
Dye Stuffs — Other Sorts: Unenumerated,KEEP,0,0,15,9,0,,0,0,,,,
"Linen Manufactures — Steam Engines Or Parts Of Steam Engines,Locomotive",KEEP,0,0,22,22,0,,0,0,,,,
"Medicines — Metals, And Manufactures Thereof: Unenumerated",KEEP,0,0,17,12,0,,0,0,,,,
Woollen And Worsted Manufactures — Hosiery,KEEP,0,0,14,14,0,,0,0,,,,
"Arms And Ammunition — Rockets And Other Combustibles Of War, &C., And Ammunition, Unenumerated",KEEP,0,0,8,6,0,,0,0,,,,
"Carriages, &C — Railway Carriages For Passengers And Parts Thereof",KEEP,0,0,10,7,0,,0,0,,,,
"Coals, Cinders, &C — Products Of Coal, Peat, Or Shale, Including Naphtha, Paraffine, Paraffine Oil, Petroleum, Pitch, And Tar",KEEP,0,0,9,9,0,,0,0,,,,
"Implements And Tools — Instruments And Apparatus ;Surgical, Anatomical, And Scientific",KEEP,0,0,23,17,0,,0,0,,,,
Machinery And Mill Work — Steam Engines Or Parts Of Steam Engines: Agricultural,KEEP,0,0,45,21,0,,0,0,,,,
"Pickles, Vinegar, Sauces, Condiments, Preserved Fruits, And Confectionery",KEEP,0,0,83,38,0,,0,0,,,,
"Woollen And Worsted Manufactures — Small Wares, And Manufactures Of Wool Or Worsted, Unenumerated",KEEP,0,0,103,30,0,,0,0,,,,
"Extracts — Factures Thereof, Unenumerated",KEEP,0,0,16,9,0,,0,0,,,,
Earthen And China Ware — United States,KEEP,0,0,3,3,0,,0,0,,,,
"Furniture, (Household) Cabinet,And Upholstery Wares",KEEP,0,0,138,37,0,,0,0,,,,
Skins And Furs — British: Unenumerated,KEEP,0,0,6,6,0,,0,0,,,,
Dye Stuffs — Dyes Obtained From Coal Tar (Aniline),KEEP,0,0,5,5,0,,0,0,,,,
Hail — Unenumerated,KEEP,0,0,2,2,0,,0,0,,,,
"Cordage, Twine, And Cable Yarn — From British East Indies",KEEP,0,0,7,7,0,,29,29,"Cordage, Twine, And Cable Yarn",,,
"Arms And Ammunition — Rockets And Other Combustiblesfor The Purposes Of War, Ex-Plosives, Percussion Caps, Andammunition, Unenumerated",KEEP,0,0,1,1,0,,0,0,,,,
Articles Subject To Duty,KEEP,0,0,1,2,0,,0,0,,,,
Articles Subject To Duty — Customs Duty,KEEP,0,0,1,1,0,,0,0,,,,
"Fish, Fresh And Cured",KEEP,0,0,1,1,0,,0,0,,,,
Linen Manufactures — To Australasia,KEEP,0,0,1,1,0,,0,0,,,,
Paper,KEEP,0,1,13,13,0,,0,0,,,,
Paper — To United States Of America,KEEP,0,0,4,4,0,,0,0,,,,
General Exports,KEEP,0,0,60,60,0,,0,0,,,,
At Certain Ports,KEEP,0,0,61,43,0,,0,0,,,,
Isle Of Man,KEEP,0,0,3,3,0,,0,0,,,,
Scotland,KEEP,0,0,28,28,0,,0,0,,,,
Ireland,KEEP,0,0,16,16,0,,0,0,,,,
"Earthen And China Ware — Earthenware, Chinaware, &C.",KEEP,0,0,27,27,0,,0,0,,,,
"Copper — Unwrought, In Bars, Blocks Or Slabs, Cakes Or Ingots",NAME-ART?,44417606,0,208,44,15,"Copper, Ore Of — Unwrought, In Bars, Blocks Or Slabs, Cakes Or Ingots",16,15,"Copper, Ore Of — Unwrought, In Bars, Blocks Or Slabs, Cakes Or Ingots",,"Unwrought, In Bars, Blocks, Slabs, Cakes, Or Ingots",
Saltpetre (Nitrate Of Potash) — Clover And Grass,NAME-ART?,23381116,0,165,40,16,Seeds — Clover And Grass,27,11,Cotton,,Clover And Grass,
"Copper, Ore Of — Unwrought, In Bars, Blocks Or Slabs, Cakes Or Ingots",NAME-ART?,15513024,0,58,29,74,"Copper — Unwrought, In Bars, Blocks Or Slabs, Cakes Or Ingots",74,53,"Copper — Unwrought, In Bars, Blocks Or Slabs, Cakes Or Ingots",,"Unwrought, In Bars, Blocks, Slabs, Cakes, Or Ingots",
Fish (Including Turtle) — Shell Fish Of All Sorts,NAME-ART?,4489204,0,96,14,27,"Cured, Sardines",42,12,"Cured, Sardines",,Other Sorts Of Shell Fish,
"Copper — Old, Fit Only To Be Re-Manufactured",NAME-ART?,2029340,0,132,35,12,"Old, Fit Only To Be Re-Manufactured",19,11,"Old, Fit Only To Be Re-Manufactured",,"Old, Fit Only To Be Re-Manufactured",
Beef — Pyrites Of Iron And Copper,NAME-ART?,1234275,0,6,6,33,Lead — Pig And Sheet,33,33,Lead — Pig And Sheet,,Pyrites Of Iron Or Copper,
"Lead, Ore Of — Pig And Sheet",NAME-ART?,1046272,0,12,13,75,"Beef — Lead, Ore Of : Pig And Sheet",75,50,"Beef — Lead, Ore Of : Pig And Sheet",,Pig And Sheet,
"Silk Manufactures — Silver Ore, Or Ore Of Which The Greater Part In Value Is Silver",NAME-ART?,998593,0,67,25,0,,99,99,"Silver, Ore Of, Or Ore Of Which The Greater Part In Value Is Silver",,"Silver, Ore Of, Or Ore Of Which The Greater Part In Value Is Silver",
"Leather — Varnished, Japanned, Or Enamelled",NAME-ART?,857971,0,44,9,91,"Varnished, Japanned Or Enamelled",91,91,"Varnished, Japanned Or Enamelled",,"Varnished, Japanned Or Enamelled",
"Copper, Ore Of — Old, Fit Only To Be Re-Manufactured",NAME-ART?,829486,0,68,25,72,"Old, Fit Only To Be Re-Manufactured",75,72,"Old, Fit Only To Be Re-Manufactured",,"Old, Fit Only To Be Re-Manufactured",
Chemical Manufactures And Products — Vegetable Matter Applicable To The Uses Of Chicory Or Coffee,NAME-ART?,518582,0,11,11,100,"China, Or Porcelain, And Earthenware",100,100,"China, Or Porcelain, And Earthenware",,"Chicory : Other Vegetable Matter, Applicable To The Uses Of Chicory Or Of Coffee",
"Eggs — Shell Fish, Oysters, All Sorts",NAME-ART?,313164,0,5,4,20,"Fish (Including Turtle) — Shell Fish, Oysterst",80,80,Fish (Including Turtle) — Shell Fish Of All Sorts,,Shell Fish : Oysters,"Eggs — Shell Fish, Oysters For Food"
"Metal — Old, Fit Only To Be Re-Manufactured",NAME-ART?,213323,0,18,21,17,"Beef — Unenumerated, Wrought Or Manufactured : Old, Fit Only To Be Re- Manufactured",78,39,"Old, Fit Only To Be Re-Manufactured",,"Old, Fit Only To Be Re-Manufactured",
Metal — Mica And Talc,NAME-ART?,196710,0,19,12,0,,21,16,"Metal — Unenumerated, Old, Fit Only To Be Re-Manufactured",,Mica And Talc,
"Skins, Furs, And Pelts — In Any Way Dressed; Not Leather : Undressed",NAME-ART?,162223,0,36,19,36,"Skins, Furs, And Pelts — Undressed",67,67,"Skins, Furs, And Pelts — Undressed",,"All Other Sorts, Undressed And Dressed }(Not Leather)",
"Copper, Ore Of — Dyes Obtained From Coal Tar, Other Coal Tar Dyes",NAME-ART?,138297,0,25,6,56,"Dye Stuffs (Other Than Dye Woods) And Substances Used In Tan- Ning Or Dyeing — Dyes Obtained From Coal Tar, Other Coal Tar Dyes",56,52,"Dye Stuffs (Other Than Dye Woods) And Substances Used In Tan- Ning Or Dyeing — Dyes Obtained From Coal Tar, Other Coal Tar Dyes",,Dyes Obtained From Coal Tar,
"Dye Stuffs (Other Than Dye Woods) And Substances Used In Tan- Ning Or Dyeing — Dyes Obtained From Coal Tar, Other Coal Tar Dyes",NAME-ART?,135438,0,24,6,75,"Copper, Ore Of — Dyes Obtained From Coal Tar, Other Coal Tar Dyes",75,54,"Copper, Ore Of — Dyes Obtained From Coal Tar, Other Coal Tar Dyes",,Dyes Obtained From Coal Tar,
Fish (Including Turtle) — Other Sorts Of Shell Fish,NAME-ART?,53447,0,7,8,14,"Fruit — Geneva, Imported In Bottles",29,14,"Fruit — Geneva, Imported In Bottles",,Other Sorts Of Shell Fish,
"Meat, Unenumerated — Old, Fit Only To Be Re-Manufactured",NAME-ART?,44563,0,3,3,0,,67,67,"Meat, Unenumerated — Unenumerated; Unwrought : Old, Fit Only To Be Re-Manufactured",,"Old, Fit Only To Be Re-Manufactured",
"Cocoa — Coffee And Chicory, Mixed",NAME-ART?,10310,0,7,7,0,,0,0,,,"Coffee And Chicory, Mixed",
"Seeds — Beans, Kidney Or French",NAME-ART?,2019,0,6,6,0,,0,0,,,Beans (Not Kidney Or French),
"Dye Stuffs, And Substances Used In Tanning — Dyes Obtained From Coal Tar : Other Coal Tar Dyes",NAME-ART?,1623,0,3,3,0,,33,33,Pictures,,Dyes Obtained From Coal Tar,
Cacosthene — East Coast Of Africa,PHANTOM?,2254909,0,14,14,93,Cacosthene,93,93,Cacosthene,East Coast Of Africa,,
"Hides, Raw, And Pieces Thereof — British Possessions In South Africa",PHANTOM?,309471,0,11,11,0,,55,55,Wet,British Possessions In South Africa,,
Skins And Furs — West Coast Of Africa,PHANTOM?,3174,0,1,1,0,,100,100,"Silver, Ore Of, Or Ore Of Which The Greater Part In Value Is Silver — Skins, Unenumerated, Undressed",West Coast Of Africa,,
"Sugar — Unrefined, Total",REVIEW,418600512,1,915,92,53,"Sugar — Unrefined : Cane, And Other Sorts",54,44,"Sugar — Unrefined : Cane, And Other Sorts",,,
Sugar — Refined : Total Of,REVIEW,238706829,1,271,37,28,"Sugar — Other Sorts, Including Candy",29,27,"Sugar — Other Sorts, Including Candy",,,
"Sugar — Other Sorts, Including Candy",REVIEW,192547343,1,200,39,40,Sugar — Refined : Total Of,42,36,Sugar — Refined : Total Of,,,
Petroleum,REVIEW,125213664,1,179,55,21,"Petroleum, Lubricating — Petroleum, Illuminating And Lu- Bricating",24,20,"Petroleum, Lubricating — Petroleum, Illuminating And Lu- Bricating",,,
Sugar — Unrefined : Beetroot,REVIEW,99129272,1,134,15,28,"Sugar — Unrefined, Total",29,29,"Sugar — Unrefined, Total",,,
Roasted Or Ground,REVIEW,79978387,1,196,49,23,Coffee — Raw,23,12,Coffee — Raw,,,
Iron — Ore Of,REVIEW,75196738,1,334,44,30,Ore Of (Including Chrome),31,26,Ore Of (Including Chrome),,,
Silk Manufactures — Broad Stuffs Of Silk Or Satin,REVIEW,65039940,0,147,28,12,"Cotton — Manufactures, Broad Stuffs, Silk And Satin",13,12,"Cotton — Manufactures, Broad Stuffs, Silk And Satin",,,
Woollen Manufactures — Unenumerated,REVIEW,63027328,0,238,34,11,Woollen Yarn — Carpets And Rugs,13,8,Woollen Yarn — Carpets And Rugs,,,
"China, Or Porcelain, And Earthenware — Wheat",REVIEW,58625225,0,81,33,25,Corn And Grain — Wheat,25,23,Corn And Grain — Wheat,,,
"Teeth, Elephants', Sea-Cow, Sea-Horse, Or Sea-Morse",REVIEW,56312373,1,230,62,34,"Horns, Tips And Pieces Of Horns And Hoofs — Manufactures Of Iron Or Steel, Unenumerated",48,20,Ivory,,,
"Cotton — Manufactures, Broad Stuffs, Silk And Satin",REVIEW,56006655,0,56,10,30,Silk Manufactures — Broad Stuffs Of Silk Or Satin,32,30,Silk Manufactures — Broad Stuffs Of Silk Or Satin,,,
"Tin — In Blocks, Ingots, Bars, Or Slabs",REVIEW,54712446,1,244,37,27,"Slates — In Blocks, Ingots, Bars, Or Slabs",35,25,"Slates — In Blocks, Ingots, Bars, Or Slabs",,,
Spirits — Molasses,REVIEW,51958352,0,14,16,21,Unrefined — 1St Class,29,29,Unrefined — 1St Class,,,
"Spirits — Unenumerated, Sweetened Or Mixed (Tested)",REVIEW,50651924,0,67,15,21,"Fruit — Unenumerated, Sweetened, Or Mixed (Tested)",22,12,"Fruit — Unenumerated, Sweetened, Or Mixed (Tested)",,,
"Silver, Ore Of, Or Ore Of Which The Greater Part In Value Is Silver",REVIEW,50209107,1,572,74,30,"Skins : Goat, Undressed",44,12,"Skins — Sheep And Lamb, Undressed",,,
"Leather, Undressed",REVIEW,45504586,1,242,36,33,"Skins, Furs, And Pelts — Undressed",33,33,"Skins, Furs, And Pelts — Undressed",,,
Spirits — Brandy,REVIEW,41932760,1,282,37,30,Imitation Rum,35,17,Imitation Rum,,,
Cotton Manufactures — Unenumerated,REVIEW,41144066,0,249,34,12,Yarn,18,6,Yarn,,,
Fruit — Unenumerated : Raw,REVIEW,33776398,1,373,27,22,"Flax — Unenumerated, Raw",22,18,"Flax — Unenumerated, Raw",,,
"Zinc — Crude, In Cakes",REVIEW,31787055,1,372,61,29,"Zinc — Goods, Not Being Either In Part Or Wholly Manufactured, Unenumerated",38,27,"Zinc — Goods, Not Being Either In Part Or Wholly Manufactured, Unenumerated",,,
Tobacco — Cigars,REVIEW,30552940,0,523,63,21,Tobacco — Unmanufactured,22,13,Tobacco — Unmanufactured,,,
"Spirits — Unenumerated, Including Shrub",REVIEW,25689812,0,89,23,16,"Fruit — Perfumed Spirits (Including Water Cologne) : Unenumerated, Including Shrub",34,11,Tea,,,
Oil — Olive,REVIEW,24606535,1,227,24,25,Nuts And Kernels — Olive,30,24,Nuts And Kernels — Olive,,,
Farinaceous Substances And Manufactures Thereof,REVIEW,24448977,1,415,51,24,Feathers And Down,30,13,Feathers And Down,,,
Tobacco — Champagne,REVIEW,23658600,0,44,8,11,"Tobacco — White, In Bottles, Still : Champagne",16,7,"Tobacco — White, In Bottles, Still : Champagne",,,
Seeds — Rape,REVIEW,23234708,1,279,38,21,Rape,21,16,Rape,,,
Spirits — Stemmed Or Stripped,REVIEW,21522540,0,26,27,19,Unrefined — 1St Class,19,19,Unrefined — 1St Class,,,
"Shells Of All Kinds — Manufactures Of Silk Or Of Silk Mixed With Other Materials, Unenumerated",REVIEW,20479234,0,98,23,36,"Silver, Ore Of, Or Ore Of Which The Greater Part In Value Is Silver",37,14,"Silver, Ore Of, Or Ore Of Which The Greater Part In Value Is Silver",,,
"Fruit — Apples, Raw",REVIEW,18412106,1,233,26,31,"Fish (Including Turtle) — Apples, Raw",32,24,"Fish (Including Turtle) — Apples, Raw",,,
Zinc — Unmanufactured,REVIEW,17792799,0,356,66,12,"Zinc — Goods, Not Being Either In Part Or Wholly Manufactured, Unenum- Erated",13,9,"Zinc — Goods, Not Being Either In Part Or Wholly Manufactured, Unenum- Erated",,,
Nuts And Kernels — Coco-Nut,REVIEW,16506845,1,210,45,48,Oil — Coco-Nut,59,32,Oil — Coco-Nut,,,
Woollen Yarn — Carpets And Rugs,REVIEW,16139868,0,96,22,30,Woollen Manufactures — Unenumerated,30,21,Woollen Manufactures — Unenumerated,,,
"Cotton — Manufactures, Ribbons, Silk And Satin",REVIEW,15946141,0,20,5,35,"Silk — Ribbons, Silk Or Satin",35,30,"Silk — Ribbons, Silk Or Satin",,,
"Matches, Safety And Other Sorts — Other Sorts",REVIEW,15624048,0,49,20,31,Matches,31,24,Matches,,,
"Seed, Of All Kinds",REVIEW,14626931,1,185,26,26,Nuts And Kernels — Seed,28,25,Nuts And Kernels — Seed,,,
"Zinc — Goods, Not Being Either In Part Or Wholly Manufactured, Unenumerated",REVIEW,13781207,0,502,70,29,"Zinc — Crude, In Cakes",38,20,"Zinc — Crude, In Cakes",,,
"Skins : Goat, Undressed",REVIEW,13371175,1,246,40,39,"Silver, Ore Of, Or Ore Of Which The Greater Part In Value Is Silver",39,26,"Silver, Ore Of, Or Ore Of Which The Greater Part In Value Is Silver",,,
Wood And Timber — Unenumerated,REVIEW,12954324,1,313,70,32,"Wood And Timber — Unenumerated (Not Being Ash, Beech, Birch, Elm, Oak, Or Wainscot)",47,14,Wood And Timber — Mahogany : Unenumerated,,,
Manures,REVIEW,12755884,1,29,28,24,Manures — Phosphate Of Lime And Rock,24,24,Manures — Phosphate Of Lime And Rock,,,
Valonia,REVIEW,12717868,1,80,12,20,"Copper, Ore Of — Valonia",20,16,"Copper, Ore Of — Valonia",,,
"Tobacco — White, In Bottles, Still : Champagne",REVIEW,12673979,0,88,24,17,Wine — Red: Total Of,36,12,Wine — Red: Total Of,,,
"China, Or Porcelain, And Earthenware",REVIEW,12229415,1,188,16,40,"Cheese — China Or Porcelain, And Earthen- Ware",41,27,"Cheese — China Or Porcelain, And Earthen- Ware",,,
"Flax — Nuts, Used As Fruit",REVIEW,12150198,0,118,24,31,"Fruit — Nuts, Used As Fruit",32,24,"Fruit — Nuts, Used As Fruit",,,
"Tobacco — Red, In Casks",REVIEW,11935083,0,84,24,11,"Tea — Red, In Casks",13,10,"Tea — Red, In Casks",,,
"Silk — Ribbons, Silk Or Satin",REVIEW,11455337,0,15,6,40,"Cotton — Manufactures, Ribbons, Silk And Satin",40,40,"Cotton — Manufactures, Ribbons, Silk And Satin",,,
Manures — Phosphate Of Lime And Rock,REVIEW,11346639,1,222,35,39,Phosphate Of Lime And Rock,41,29,Phosphate Of Lime And Rock,,,
Oil — Coco-Nut,REVIEW,11342253,1,203,32,33,Nuts And Kernels — Coco-Nut,33,33,Nuts And Kernels — Coco-Nut,,,
Slates,REVIEW,11070239,1,380,52,41,Lates,50,29,Lates,,,
"Fish (Including Turtle) — Nuts, Used As Fruit",REVIEW,11026633,0,136,35,44,"Fruit — Nuts, Used As Fruit",47,38,"Fruit — Nuts, Used As Fruit",,,
"Zinc — Goods, Not Being Either In Part Or Wholly Manufactured, Unenum- Erated",REVIEW,10895502,0,164,37,39,"Zinc — Goods, Not Being Either In Part Or Wholly Manufactured, Unenumerated",39,23,"Zinc — Goods, Not Being Either In Part Or Wholly Manufactured, Unenumerated",,,
Petroleum — Refined,REVIEW,10153371,0,24,6,21,Paper — Refined,21,21,Paper — Refined,,,
Nuts And Kernels — Seed,REVIEW,10151248,1,187,40,28,"Seed, Of All Kinds",42,25,"Seed, Of All Kinds",,,
"Fruit — Nuts, Used As Fruit",REVIEW,9831279,0,287,37,22,"Fish (Including Turtle) — Nuts, Used As Fruit",27,18,"Fish (Including Turtle) — Nuts, Used As Fruit",,,
Glass — Dressed Or Undressed,REVIEW,9778918,0,86,30,21,Hemp — Dressed Or Undressed,43,35,Hats Or Bonnets — Of Other Materials,,,
Hemp,REVIEW,9692862,1,247,55,34,Hats Or Bonnets — Eastern Coast Of Africa,44,24,"Hides, Raw, And Pieces Thereof — Dry",,,
"Manufactures Of Iron Or Steel — Girders, Beams And Pillars",REVIEW,9351443,1,38,7,21,"Manufactures Of Iron And Steel — Girders, Beams, Joists And Pillars",24,13,"Manufactures Of Iron And Steel — Girders, Beams, Joists And Pillars",,,
"Wood And Timber — Unenumerated (Not Being Ash, Beech, Birch, Elm, Oak, Or Wainscot)",REVIEW,8821228,0,319,57,19,Wood And Timber — Unenumerated,23,10,Wood And Timber — Unenumerated,,,
"Sugar — Sawn Or Split, Planed Or Dressed : Unenumerated",REVIEW,8088557,0,115,13,12,"Wood And Timber — Sawn, Unenumerated",14,5,"Wood And Timber — Sawn, Unenumerated",,,
"Chemical Manufactures And Products, Not Enumerated And Not Chargeable With Duty",REVIEW,7815207,0,139,28,50,"Chemical Manufactures And Products, Not Enumerated And Not Chargeable With Duty (Including Carbide Of Calcium)",52,31,"Chemical Manufactures And Products, Not Enumerated And Not Chargeable With Duty (Including Carbide Of Calcium)",,,
"Meat (Except Poultry And Game) — Beef, Fresh",REVIEW,7481154,1,10,11,30,"Matches, Safety And Other Sorts — Other Sorts",30,30,"Matches, Safety And Other Sorts — Other Sorts",,,
Of Wool (Other Than Goats'): Cloths,REVIEW,7295269,1,22,7,68,Woollen Yarn — Cloths,77,64,Woollen Yarn — Cloths,,,
"Fruit — Unenumerated, Dried",REVIEW,7149537,1,299,43,36,"Fish (Including Turtle) — Unenumerated, Dried",43,28,"Fish (Including Turtle) — Unenumerated, Dried",,,
"Wood And Timber — Sawn, Unenumerated",REVIEW,7112173,0,135,14,13,"Sugar — Sawn Or Split, Planed Or Dressed : Unenumerated",17,6,Wood And Timber — Unenumerated,,,
Manures — Nitrate Of Soda (Cubic Nitre),REVIEW,6998411,1,26,8,27,"Nitre, Cubic (Nitrate Of Soda)",27,19,"Nitre, Cubic (Nitrate Of Soda)",,,
"Cotton Manufactures — Piece Goods, Other Than Muslins",REVIEW,6584291,0,109,20,13,Other Than Muslins,24,13,Other Than Muslins,,,
Geldings,REVIEW,6491740,1,143,26,26,"Animals, Living — Stallions : Geldings",32,16,"Animals, Living — Stallions : Geldings",,,
"Teeth, Elephants', Sea Cow, And Sea Horse",REVIEW,6380119,1,137,37,34,"Teeth, Elephants', Sea-Cow, Sea-Horse, Or Sea-Morse",55,18,"Teeth, Elephants', Sea Cow, And Sea Horse — West Coast Of Africa, Foreign",,,
Wine — White: Total Of,REVIEW,6025057,0,47,27,23,"Tobacco — White, Total Of",26,23,"Tobacco — White, Total Of",,,
Silk — Unenumerated,REVIEW,5989816,0,21,14,33,"Shells Of All Kinds — Manufactures Of Silk Or Of Silk Mixed With Other Materials, Unenumerated",33,33,"Shells Of All Kinds — Manufactures Of Silk Or Of Silk Mixed With Other Materials, Unenumerated",,,
Beans (Not Kidney Or French),REVIEW,5927296,1,107,26,21,Peas,21,16,Peas,,,
Vinegar,REVIEW,5667404,1,191,47,26,Wine — Red,28,24,Wine — Red,,,
Tow,REVIEW,5644423,1,124,26,46,"Hemp — Unenumerated Vegetable Substances, Applicable To The Same Uses As Flax Or Hemp",51,19,"Hemp — Unenumerated Vegetable Substances, Applicable To The Same Uses As Flax Or Hemp",,,
Bark,REVIEW,5390954,1,292,35,21,"Dye Stuffs (Other Than Dye Woods), And Substances Used In Tanning Or Dyeing — Bark",21,21,"Dye Stuffs (Other Than Dye Woods), And Substances Used In Tanning Or Dyeing — Bark",,,
Cotton Manufactures — Hosiery,REVIEW,5361846,0,69,8,14,Cotton Manufactures — Hosiery Of All Sorts,17,14,Cotton Manufactures — Hosiery Of All Sorts,,,
"Cured, Sardines",REVIEW,5332149,1,59,12,37,Fish (Including Turtle) — Shell Fish Of All Sorts,42,20,Fish (Including Turtle) — Shell Fish Of All Sorts,,,
"Glass, Of All Kinds",REVIEW,5194847,1,275,70,38,Horse,53,10,Hemp,,,
"Cotton — Manufactures Of Skins And Furs, Including Rugs",REVIEW,5191844,0,63,12,40,"Skins, Furs, And Pelts — Manufactures Of, Including Rugs",40,35,"Skins, Furs, And Pelts — Manufactures Of, Including Rugs",,,
Woollen Yarn — Cloths,REVIEW,5167325,0,43,7,40,Of Wool (Other Than Goats'): Cloths,47,33,Of Wool (Other Than Goats'): Cloths,,,
Sumach,REVIEW,5151837,1,97,18,24,"Madder, Madder Root, Garancine, And Munjeet",27,11,"Madder, Madder Root, Garancine, And Munjeet",,,
Peas,REVIEW,4911740,1,76,38,43,Beans (Not Kidney Or French),45,22,Beans (Not Kidney Or French),,,
"Jute — Manufactures Of, Including     Piece Goods, Sacks, And     Bags",REVIEW,4727639,0,21,7,62,"Ivory — Manufactures Of, Including Piece Goods, Sacks, And Bags",62,38,"Ivory — Manufactures Of, Including Piece Goods, Sacks, And Bags",,,
"Varnished, Japanned Or Enamelled",REVIEW,4688114,1,188,30,25,"Leather — Varnished, Japanned, Or Enamelled",31,21,"Leather — Varnished, Japanned, Or Enamelled",,,
Nuts And Kernels — Palm,REVIEW,4661191,1,36,29,50,Oil — Palm,50,50,Oil — Palm,,,
Preserved Without Sugar,REVIEW,4652152,1,71,27,32,"Preserved Without Sugar, Other Than Dried",42,32,"Preserved Without Sugar, Other Than Dried",,,
"Books, Bound And Unbound, In- Cluding Maps And Charts",REVIEW,4610402,0,123,26,32,Books,50,22,Books,,,
"Silk — Manufactures, Broad Stuffs, Velvet, Plain Or Figured, Wholly Of Silk",REVIEW,4459444,0,30,5,37,"Shells Of All Kinds — Manufactures, Broad Stuffs, Velvet, Plain Or Figured, Wholly Of Silk",37,30,"Shells Of All Kinds — Manufactures, Broad Stuffs, Velvet, Plain Or Figured, Wholly Of Silk",,,
Tea — Unmanufactured,REVIEW,4448922,0,36,36,28,Wine — Red,78,50,Tobacco — Unmanufactured,,,
"Dye Stuffs (Other Than Dye Woods), And Substances Used In Tanning Or Dyeing — Valonia",REVIEW,4316923,0,153,43,31,"Copper, Ore Of — Valonia",44,25,"Copper, Ore Of — Valonia",,,
Cotton Manufactures — Hosiery Of All Sorts,REVIEW,4151144,0,64,8,16,Cotton Manufactures — Hosiery,16,16,Cotton Manufactures — Hosiery,,,
"Wood And Timber — Furniture, Hardwoods, And Veneers : Unenumerated",REVIEW,4128096,1,154,36,25,Wood And Timber — Mahogany : Unenumerated,31,12,Wood And Timber — Mahogany : Unenumerated,,,
"Dye Stuffs, And Substances Used In Tanning — Unenumerated",REVIEW,4033508,0,216,39,24,"Dye Stuffs (Other Than Dye Woods), And Substances Used In Tanning Or Dyeing — Unenumerated",24,9,"Dye Stuffs (Other Than Dye Woods), And Substances Used In Tanning Or Dyeing — Unenumerated",,,
"Poultry And Game (Alive Or Dead), Including Rabbits — Rich",REVIEW,3990214,0,16,16,50,Rice,50,50,Rice,,,
Embroidery And Needle- Work,REVIEW,3945468,0,35,8,29,Embroidery And Needlework,29,26,Embroidery And Needlework,,,
"Drugs — Unenumerated, Including Medi-   ""   Cinal Preparations Not Liable   ""   To Duty",REVIEW,3913451,0,236,37,66,"Copper, Ore Of — Dutch Possessions In The Indian Seas",66,31,"Copper, Ore Of — Dutch Possessions In The Indian Seas",,,
Mares,REVIEW,3838460,1,79,31,25,"Animals, Living — Stallions : Mares",28,25,"Animals, Living — Stallions : Mares",,,
Woollen Yarn — Unenumerated,REVIEW,3813266,0,190,32,21,Woollen Yarn — For Weaving,35,15,Woollen Yarn — For Weaving,,,
"Madder, Madder Root, Garancine, And Munjeet",REVIEW,3621637,1,111,22,29,Sumach,30,10,Sumach,,,
Eggs — Unenumerated,REVIEW,3572776,0,77,17,25,"Extracts, Of Other Sorts, Un- Enumerated",26,10,"Extracts, Of Other Sorts, Un- Enumerated",,,
Steel — Unwrought,REVIEW,3548453,1,136,15,24,"Horns, Tips And Pieces Of Horns And Hoofs — Steel, Unwrought",28,21,"Horns, Tips And Pieces Of Horns And Hoofs — Steel, Unwrought",,,
"Iron — Sewing Machines, And Parts Thereof",REVIEW,3516266,0,98,10,15,"Horns, Tips And Pieces Of Horns And Hoofs — Manufactures Of Iron Or Steel: Sewing Machines And Parts Thereof",16,15,"Horns, Tips And Pieces Of Horns And Hoofs — Manufactures Of Iron Or Steel: Sewing Machines And Parts Thereof",,,
"Dye Stuffs, And Substances Used In Tanning — Alizarine",REVIEW,3466684,0,31,9,29,"Dye Stuffs (Other Than Dye Woods) And Substances Used In Tan- Ning Or Dyeing — Dyes Obtained From Coal Tar, Alizarine",32,16,"Dye Stuffs (Other Than Dye Woods) And Substances Used In Tan- Ning Or Dyeing — Dyes Obtained From Coal Tar, Alizarine",,,
Wood And Timber — Mahogany : Unenumerated,REVIEW,3454820,1,127,41,39,Wood And Timber — Unenumerated,63,35,Wood And Timber — Unenumerated,,,
Silk Manufactures — Ribbons:—Other Kinds,REVIEW,3439959,0,60,8,13,Cotton — Other Kinds Of,17,13,Cotton — Other Kinds Of,,,
Succades,REVIEW,3430751,0,204,25,19,Fruits And Vegetables Preserved In Sugar,21,15,Fruits And Vegetables Preserved In Sugar,,,
Tea — White: Total Of,REVIEW,3350085,0,20,20,35,"Tobacco — White, Total Of",35,35,"Tobacco — White, Total Of",,,
"Flax, Dressed Or Undressed — Tow Or Codilla Of",REVIEW,3293740,0,63,15,11,Tow,11,11,Tow,,,
"Cotton — Furs, Unenumerated",REVIEW,3259896,0,92,33,15,"Skins, And Furs — Furs, Rabbit Skins",20,12,"Skins, And Furs — Furs, Rabbit Skins",,,
"Leather Manufactures — Unenumerated, Or Whereof Leather Is The Most Valuable Part",REVIEW,3163327,0,42,6,45,Leather Manufactures — Unenumerated,45,29,Leather Manufactures — Unenumerated,,,
"Tobacco — White, In Casks",REVIEW,3139388,0,82,24,15,"Tea — White, In Casks",16,15,"Tea — White, In Casks",,,
"Dye Stuffs, And Substances Used In Tanning — Aniline",REVIEW,3098567,0,54,9,33,"Dye Stuffs (Other Than Dye Woods) And Substances Used In Tan- Ning Or Dyeing — Dyes Obtained From Coal Tar, Aniline",33,33,"Dye Stuffs (Other Than Dye Woods) And Substances Used In Tan- Ning Or Dyeing — Dyes Obtained From Coal Tar, Aniline",,,
"Fish (Including Turtle) — Unenumerated, Dried",REVIEW,3080989,0,159,34,82,"Flax — Unenumerated, Dried",86,67,"Flax — Unenumerated, Dried",,,
"Tobacco — White, Total Of",REVIEW,2988848,0,68,27,44,Wine — White,44,16,Wine — White,,,
"Shells Of All Kinds — Manufactures, Broad Stuffs, Velvet, Plain Or Figured, Wholly Of Silk",REVIEW,2951706,0,19,4,47,"Silk — Manufactures, Broad Stuffs, Velvet, Plain Or Figured, Wholly Of Silk",47,47,"Silk — Manufactures, Broad Stuffs, Velvet, Plain Or Figured, Wholly Of Silk",,,
"Lead — Manufactures, Including Manu- Factures Of Linen Mixed With Cotton",REVIEW,2937846,0,94,25,40,"Linen — Manufactures, Including Manu- Factures Of Linen Mixed With Cotton",43,33,"Linen — Manufactures, Including Manu- Factures Of Linen Mixed With Cotton",,,
"Linen — Manufactures, Including Manu- Factures Of Linen Mixed With Cotton",REVIEW,2872434,0,94,23,72,"Leather — Manufactures, Including Manufactures Of Linen Mixed With Cotton",84,39,"Leather — Manufactures, Including Manufactures Of Linen Mixed With Cotton",,,
"Skins, And Furs — Furs, Rabbit Skins",REVIEW,2817506,1,158,36,46,"Silver, Ore Of, Or Ore Of Which The Greater Part In Value Is Silver — Skins, Unenumerated, Undressed",49,28,"Silver, Ore Of, Or Ore Of Which The Greater Part In Value Is Silver — Skins, Unenumerated, Undressed",,,
Fruits And Vegetables Preserved In Sugar,REVIEW,2703283,1,140,25,44,Succades,47,22,Succades,,,
Fish (Including Turtle) — Other Sorts Of Fresh Fish,REVIEW,2701816,0,69,11,45,Bark — Fresh (Not Of British Taking) Herrings,46,20,Bark — Fresh (Not Of British Taking) Herrings,,,
Nuts And Kernels — Dutch Possessions In The Indian Seas,REVIEW,2642758,0,66,20,15,Nuts And Kernels — India,53,50,Nuts And Kernels — For Expressing Oil Therefrom,,,
"Cotton — Unenumerated, Other Sorts",REVIEW,2560024,0,128,29,34,Cotton,37,24,Cotton,,,
Horns,REVIEW,2496262,1,51,17,24,Hops,27,27,Hops,,,
Slates — Pepper,REVIEW,2494521,0,119,26,34,Spices — Pepper,38,25,Spices — Pepper,,,
"Fruit — Unenumerated, Sweetened, Or Mixed (Tested)",REVIEW,2463053,0,91,20,23,Spirits — Brandy,36,15,Spirits — Brandy,,,
"Tea — Red, In Casks",REVIEW,2409334,0,18,18,44,"Tobacco — Red, In Casks",44,44,"Tobacco — Red, In Casks",,,
Brandy,REVIEW,2400697,1,16,16,50,Imitation Rum,50,50,Imitation Rum,,,
Saltpetre (Nitrate Of Potash) — Rape,REVIEW,2274283,0,196,50,42,Rape,57,15,Rape,,,
"Buttons And Straps, Not Of Metal",REVIEW,2177409,0,25,8,40,"Buttons And Studs, Not Of Metal",40,40,"Buttons And Studs, Not Of Metal",,,
"Copper, Ore Of — Valonia",REVIEW,2105623,0,138,34,56,"Dye Stuffs (Other Than Dye Woods), And Substances Used In Tanning Or Dyeing — Unenumerated",57,38,"Dye Stuffs (Other Than Dye Woods), And Substances Used In Tanning Or Dyeing — Unenumerated",,,
"Copper, Ore Of — Dyes Obtained From Coal Tar, Aniline",REVIEW,2092289,0,25,5,72,"Dye Stuffs (Other Than Dye Woods) And Substances Used In Tan- Ning Or Dyeing — Dyes Obtained From Coal Tar, Aniline",72,72,"Dye Stuffs (Other Than Dye Woods) And Substances Used In Tan- Ning Or Dyeing — Dyes Obtained From Coal Tar, Aniline",,,
Shells Of All Kinds — Dressed,REVIEW,2062108,0,218,49,39,"Silver, Ore Of, Or Ore Of Which The Greater Part In Value Is Silver — Skins, Unenumerated, Undressed",71,44,"Silver, Ore Of, Or Ore Of Which The Greater Part In Value Is Silver — Skins, Unenumerated, Undressed",,,
"Dye Stuffs (Other Than Dye Woods), And Substances Used In Tanning Or Dyeing — Myrobalans",REVIEW,1932386,0,26,6,23,"Madder, Madder Root, Garancine, And Munjeet",23,19,"Madder, Madder Root, Garancine, And Munjeet",,,
Whalebone (Whalefins),REVIEW,1929329,1,98,21,24,Whalebone,32,13,Whalebone,,,
Corn And Grain — Maize Or Indian Cornmeal,REVIEW,1869961,0,19,3,47,Maize Or Indian Corn Meal,47,26,Maize Or Indian Corn Meal,,,
Fish — Sardines,REVIEW,1858970,0,25,10,20,"Cured, Sardines",20,16,"Cured, Sardines",,,
"Wine — White, In Bottles : Sparkling : Champagne",REVIEW,1778208,0,2,2,50,"Tobacco — White, In Bottles, Still : Champagne",50,50,"Tobacco — White, In Bottles, Still : Champagne",,,
"Tobacco — White, In Bottles: Sparkling : Champagne",REVIEW,1739369,0,5,5,40,Tobacco — Champagne,60,40,Tobacco — Champagne,,,
Unrefined — 1St Class,REVIEW,1723430,0,53,51,17,Spirits — Stemmed Or Stripped,19,9,Spirits — Stemmed Or Stripped,,,
"Meal, Unenumerated",REVIEW,1714676,1,188,31,31,"Corn And Grain — Meal, Not Otherwise Enumerated Or Described",31,29,"Corn And Grain — Meal, Not Otherwise Enumerated Or Described",,,
"Tobacco — Red, In Bottles, Still",REVIEW,1679992,0,60,12,25,"Tea — Red, In Bottles : Still",25,15,"Tea — Red, In Bottles : Still",,,
Gold,REVIEW,1660797,1,23,24,26,"Glass, Of All Kinds",48,35,"Glass — Ore Of, Or Ore Of Which The Greater Part In Value Is Gold",,,
"Drugs — Unenumerated, Including Medi-     Cinal Preparations",REVIEW,1635501,0,74,44,11,"Copper, Ore Of — Dutch Possessions In The Indian Seas",12,11,"Copper, Ore Of — Dutch Possessions In The Indian Seas",,,
Paper-Making Materials — Linen And Cotton Rags,REVIEW,1603035,1,95,16,27,Rags And Other Materials For Making Paper — Linen And Cotton,49,27,Rags And Other Materials For Making Paper — Linen And Cotton,,,
"Lead — Unenumerated, Or Whereof Leather Is The Most Valuable Part",REVIEW,1574795,0,20,4,30,"Leather Manufactures — Unenumerated, Or Whereof Leather Is The Most Valuable Part",30,25,"Leather Manufactures — Unenumerated, Or Whereof Leather Is The Most Valuable Part",,,
Beef — Applicable To Manufacturing Purposes,REVIEW,1544083,0,190,21,27,Bones (Except Whalefins) — Applicable To Manufacturing Pur- Poses,31,27,Bones (Except Whalefins) — Applicable To Manufacturing Pur- Poses,,,
"Copper, Ore Of — Myrobalans",REVIEW,1535309,0,22,5,14,"Dye Stuffs (Other Than Dye Woods), And Substances Used In Tanning Or Dyeing — Myrobalans",14,14,"Dye Stuffs (Other Than Dye Woods), And Substances Used In Tanning Or Dyeing — Myrobalans",,,
"Hemp — Unenumerated Vegetable Substances, Applicable To The Same Uses As Flax Or Hemp",REVIEW,1505895,1,165,31,43,"Hats Or Bonnets — Unenumerated Vegetable Sub- Stances, Applicable To The Same Uses As Hemp Or Flax",44,35,"Hats Or Bonnets — Unenumerated Vegetable Sub- Stances, Applicable To The Same Uses As Hemp Or Flax",,,
"Animals, Living — Muskets, Rifles, Carbines, Fowling Pieces, Or Guns Of Any Other Sorts Not Enumerated, And Parts Thereof, And Pistols",REVIEW,1467226,0,114,19,15,"Arms And Ammunition — Muskets, Rifles, Carbines, Fowl- Ing Pieces, Or Guns Of Any Other Sort, Not Enumerated, And Parts Thereof; And Pistols",25,7,Asphalt Or Bitumen,,,
Snuff,REVIEW,1388816,1,52,31,42,Tobacco — Other Manufactured Tobacco,48,23,Tobacco — Other Manufactured Tobacco,,,
Cotton Cake,REVIEW,1369604,1,15,13,20,"Oil — Chemical, Essential, Or Perfumed",20,13,"Oil — Chemical, Essential, Or Perfumed",,,
"China, Or Porcelain, And Earthenware — Manufactured",REVIEW,1330601,0,13,7,31,Cork — Manufactured,31,31,Cork — Manufactured,,,
"Dye Stuffs (Other Than Dye Woods) And Substances Used In Tan- Ning Or Dyeing — Dyes Obtained From Coal Tar, Alizarine",REVIEW,1328082,0,8,4,88,"Copper, Ore Of — Dyes Obtained From Coal Tar, Alizarine",88,75,"Copper, Ore Of — Dyes Obtained From Coal Tar, Alizarine",,,
Hemp — Dry,REVIEW,1274358,0,93,19,62,Glass — Dry,62,49,Glass — Dry,,,
"Old, Fit Only To Be Re-Manufactured",REVIEW,1270991,1,94,31,66,"Copper, Ore Of — Old, Fit Only To Be Re-Manufactured",74,52,"Copper, Ore Of — Old, Fit Only To Be Re-Manufactured",,,
"Tobacco — White, In Bottles, Still",REVIEW,1188402,0,55,11,35,"Wine — White, In Bottles—Still",35,35,"Wine — White, In Bottles—Still",,,
Hats Or Bonnets — Dry,REVIEW,1168834,0,83,18,37,Glass — Dry,37,31,Glass — Dry,,,
"Wine — Red, In Bottles : Still",REVIEW,1088296,0,45,12,13,"Tobacco — Red, In Bottles, Still",13,13,"Tobacco — Red, In Bottles, Still",,,
Naphtha (Crude),REVIEW,1070124,0,26,5,15,Metal — Napitha (Crude),15,15,Metal — Napitha (Crude),,,
Oil Seed Cake — Rapeseed,REVIEW,1062345,0,23,23,17,Metal — Rapeseed,87,22,Orchal,,,
"Stationery, Other Than Paper, Including Ink",REVIEW,1053597,0,35,7,31,"Stationery, Other Than Paper",34,20,"Stationery, Other Than Paper",,,
Maize Or Indian Corn Meal,REVIEW,1037516,1,35,10,20,Corn And Grain — Maize Or Indian Cornmeal,29,14,Corn And Grain — Maize Or Indian Cornmeal,,,
"Silver, Ore Of, Or Ore Of Which The Greater Part In Value Is Silver — Dutch Possessions In The Indian Seas",REVIEW,1032449,0,29,7,17,"Cotton — Manufactures Of Skins And Furs, Including Rugs",28,17,"Cotton — Manufactures Of Skins And Furs, Including Rugs",,,
"Glass — Ore Of, Or Ore Of Which The Greater Part In Value Is Gold",REVIEW,1029715,0,20,19,15,"Gold — Ore Of, Or Ore Of Which The Greater Part In Value Is Gold",60,40,Gold,,,
"Plums, French, And Pruneloes",REVIEW,1023591,1,22,7,27,Beer And Ale — Plums (French) And Prunelloes,32,23,Beer And Ale — Plums (French) And Prunelloes,,,
"Oil — Fish: Sperm, Or Head Matter",REVIEW,1006252,0,43,27,16,"Nuts And Kernels — Fish, Sperm Or Head-Matter",30,21,"Nuts And Kernels — Fish, Sperm Or Head-Matter",,,
"Gold — Ore Of, Or Ore Of Which The Greater Part In Value Is Gold",REVIEW,1001673,0,24,28,12,"Glass — Ore Of, Or Ore Of Which The Greater Part In Value Is Gold",21,17,"Glass — Ore Of, Or Ore Of Which The Greater Part In Value Is Gold",,,
"Ammunition — Rockets And Other Combustibles For Purposes Of War, Explosives, Percussion Caps, And Ammunition Not Otherwise Enumerated Or Described",REVIEW,994886,0,72,13,31,"Ammunition — Rockets And Other Combustibles   For Purposes Of War, Explosives,   Percussion Caps, And Ammu-   Nition Unenumerated",31,17,"Ammunition — Rockets And Other Combustibles   For Purposes Of War, Explosives,   Percussion Caps, And Ammu-   Nition Unenumerated",,,
"Wine — White, In Bottles—Still",REVIEW,938741,0,59,12,32,"Tobacco — White, In Bottles, Still",32,32,"Tobacco — White, In Bottles, Still",,,
"Horns, Tips, And Pieces Of Horn, And Hoofs",REVIEW,935139,1,50,35,22,"Horns, Tips And Pieces Of Horns And Hoofs",56,44,"Horns, Tips And Pieces Of Horns And Hoofs",,,
"Earthenware, Not Being China Or Porcelain Ware",REVIEW,929459,0,42,6,17,"Dye Woods — Earthware, Not Being China Or Porcelain Ware",24,14,"Dye Woods — Earthware, Not Being China Or Porcelain Ware",,,
Tobacco — Other Manufactured Tobacco,REVIEW,911536,0,121,17,13,Snuff,14,10,Snuff,,,
"Skins, Furs, And Pelts — Rabbit",REVIEW,906992,0,24,14,25,"Silver, Ore Of, Or Ore Of Which The Greater Part In Value Is Silver — Skins, Unenumerated, Undressed",29,17,"Silver, Ore Of, Or Ore Of Which The Greater Part In Value Is Silver — Skins, Unenumerated, Undressed",,,
Whalebone,REVIEW,886161,1,61,20,31,Whalebone (Whalefins),43,21,Whalebone (Whalefins),,,
Metal — Unenumerated : Unwrought : Wrought Or Manufactured,REVIEW,803450,0,21,11,43,Metal — Wrought Or Manufactured,62,48,Metal — Wrought Or Manufactured,,,
"Corn And Grain — Meal, Not Otherwise Enumerated Or Described",REVIEW,721735,0,121,25,46,"Meal, Unenumerated",46,45,"Meal, Unenumerated",,,
"Cards, Playing — White, In Casks",REVIEW,715523,0,15,15,47,Wine — White,47,47,Wine — White,,,
Cotton — Other Kinds Of,REVIEW,685385,1,17,4,47,Silk Manufactures — Ribbons:—Other Kinds,47,47,Silk Manufactures — Ribbons:—Other Kinds,,,
"Lead, Ore Of — Metal, Unenumerated, Un- Wrought : Unenumerated, Wrought Or Manufactured",REVIEW,684780,0,8,8,100,"Beef — Metal, Unenumerated, Unwrought : Unenumerated, Wrought Or Manufactured",100,100,"Beef — Metal, Unenumerated, Unwrought : Unenumerated, Wrought Or Manufactured",,,
"Metal — Unenumerated, Wrought Or Manufactured : Old, Fit Only To Be Re-Manufactured",REVIEW,644446,0,31,21,26,Metal — Factured,26,26,Metal — Factured,,,
Sugar — Eastern Coast Of Africa,REVIEW,644118,0,30,15,33,Whalebone,73,37,Whalebone,,,
"Plaiting Of Straw, And Other Materials For Making Hats Or Bonnets",REVIEW,614212,1,12,12,25,Paper — Other Paper-Making Materials,25,25,Paper — Other Paper-Making Materials,,,
"Embroidery And Needlework — Extracts, Of Other Sorts, Un- Enumerated",REVIEW,596245,0,26,14,42,Farinaceous Substances And Manufactures Thereof,42,31,Farinaceous Substances And Manufactures Thereof,,,
Beer And Ale — Plums (French) And Prunelloes,REVIEW,580495,0,15,5,40,"Plums, French, And Pruneloes",47,33,"Plums, French, And Pruneloes",,,
"Flowers, Artificial — Unenumerated, Dried",REVIEW,567766,0,24,14,12,"Fruit — Nuts, Used As Fruit",12,12,"Fruit — Nuts, Used As Fruit",,,
Woollen Yarn — Of Goats' Wool Or Hair Mixed Or Not With Other Materials,REVIEW,566234,0,26,6,35,Wool — Goats' Wool Or Hair,35,35,Wool — Goats' Wool Or Hair,,,
"Corn And Grain — Meal, Not Otherwise Enumerated",REVIEW,560377,0,40,19,25,"Meal, Unenumerated",25,22,"Meal, Unenumerated",,,
"Animals, Living — Unenumerated",REVIEW,559622,0,151,23,19,Ammunition — Unenumerated,21,16,Ammunition — Unenumerated,,,
"Ether — Brandy, Imported In Bottles",REVIEW,548295,0,14,17,21,"Fruit — Liqueurs, Cordials, &C., Not Tested For Ascertaining The Strength, Imported In Casks",29,14,"Fruit — Brandy, Total Of",,,
Bark — Indigo,REVIEW,531223,0,7,11,14,Cochineal (Including Granilla And Dust),14,14,Cochineal (Including Granilla And Dust),,,
Saumur,REVIEW,525409,1,7,5,43,Tobacco — Champagne : Saumur,57,14,Chicory — Champagne : Saumur,,,
"Beans (Other Than Kidney, Haricot, Locust Or French)",REVIEW,518174,1,14,14,21,Peas,21,14,Peas,,,
Spirits — Perfumed Spirits (Including Water Cologne),REVIEW,515592,0,39,8,15,"Cocoa — Perfumed Spirits (Including Water, Cologne)",21,13,"Cocoa — Perfumed Spirits (Including Water, Cologne)",,,
Oil-Seed Cake — Of Other Sorts,REVIEW,495796,1,87,23,34,Metal — Of Other Sorts,39,34,Metal — Of Other Sorts,,,
Lates — Cinnamon,REVIEW,482098,0,32,11,31,Slates,38,25,Slates,,,
Hock,REVIEW,465666,1,23,3,39,Tobacco — Burgundy : Hock,48,13,Chicory — Champagne : Hock,,,
Spirits — Manufactured : Cavendish Or Negrohead,REVIEW,431625,0,14,5,14,Cavendish Or Negrohead,14,14,Cavendish Or Negrohead,,,
"Ivory — Tooth, Elephants', Sea-Dog, Sea Horse, Or Sea Morse",REVIEW,428989,0,8,8,75,"Ivory — Teeth, Elephants, Sea Dogs, Sea Horse, Or Sea Morses",75,75,"Ivory — Teeth, Elephants, Sea Dogs, Sea Horse, Or Sea Morses",,,
"Lead, Ore Of — Metal, Unenumerated, Un- Wrought : Old, Fit Only To Be Re- Manufactured",REVIEW,428924,0,20,31,90,"Beef — Metal, Unenumerated, Unwrought : Old, Fit Only To Be Re-Manufactured",90,90,"Beef — Metal, Unenumerated, Unwrought : Old, Fit Only To Be Re-Manufactured",,,
Gum — Dutch Possessions In The Indian Seas,REVIEW,426581,0,63,27,29,Glass — Dutch Possessions In The Indian Seas,49,44,Glass — Dutch Possessions In The Indian Seas,,,
Cocoa — Rum,REVIEW,423390,0,13,14,15,Spirits — Rum,15,15,Spirits — Rum,,,
Ore Of,REVIEW,412013,1,32,16,25,Tin — Ore Of,34,25,Tin — Ore Of,,,
Tobacco — Moselle,REVIEW,390099,1,34,5,32,"Tobacco — White, In Bottles: Sparkling : Moselle",44,21,"Tobacco — White, In Bottles: Sparkling : Moselle",,,
"Extracts, Of Other Sorts Than Dye Stuffs, Unenumerated",REVIEW,335347,0,21,15,24,Farinaceous Substances And Manufactures Thereof,52,29,"Embroidery And Needlework — Extracts, Of Other Sorts Than Dye-Stuffs, Unenumerated",,,
"Beef — Copper, Ore Of : Old, Fit Only To Be Re-Manu- Factured",REVIEW,329572,0,15,25,87,"Copper, Ore Of — Regulus And Precipitate : Old, Fit Only To Be Re-Manu- Factured",87,87,"Copper, Ore Of — Regulus And Precipitate : Old, Fit Only To Be Re-Manu- Factured",,,
"Coal, Culm, And Cinders",REVIEW,327057,0,45,12,16,"Coals, Cinders, &C — Coals And Culm",18,13,"Coals, Cinders, &C — Coals And Culm",,,
Glass — Dutch Possessions In The Indian Seas,REVIEW,321335,0,61,12,38,Gum — Dutch Possessions In The Indian Seas,56,46,Gum — Dutch Possessions In The Indian Seas,,,
Wool — Eastern Coast Of Africa,REVIEW,307681,0,7,7,14,Wood And Timber,29,14,Wood And Timber,,,
Tan,REVIEW,305376,0,16,11,25,Tar,25,25,Tar,,,
Beef — Salted,REVIEW,272241,1,15,10,27,Pork — Salted,27,27,Pork — Salted,,,
"Arms And Ammunition — Muskets, Rifles, Carbines, Fowl- Ing Pieces, Or Guns Of Any Other Sort, Not Enumerated, And Parts Thereof; And Pistols",REVIEW,268340,0,17,11,41,"Animals, Living — Muskets, Rifles, Carbines, Fowling Pieces, Or Guns Of Any Other Sorts Not Enumerated, And Parts Thereof, And Pistols",41,41,"Animals, Living — Muskets, Rifles, Carbines, Fowling Pieces, Or Guns Of Any Other Sorts Not Enumerated, And Parts Thereof, And Pistols",,,
"Varnish, Not Containing Spirit",REVIEW,260610,0,30,5,47,Toys — Not Containing Spirit,47,47,Toys — Not Containing Spirit,,,
Ammunition — Unenumerated,REVIEW,257424,0,60,23,48,"Animals, Living — Unenumerated",50,40,"Animals, Living — Unenumerated",,,
"Swords, Cutlasses, Matchets, Bayonets",REVIEW,240457,1,69,17,28,"Ammunition — Cannon And Mortars, And Parts Thereof",33,14,"Ammunition — Cannon And Mortars, And Parts Thereof",,,
"Nuts And Kernels — Fish, Sperm Or Head-Matter",REVIEW,234454,0,21,16,19,"Oil — Fish: Sperm, Or Head Matter",43,43,"Oil — Fish: Sperm, Or Head Matter",,,
"Skins, Furs, And Pelts — In Any Way Dressed (Not Leather)",REVIEW,212096,1,88,21,23,Cotton — Skins In Any Way Dressed (Not Leather),24,22,Cotton — Skins In Any Way Dressed (Not Leather),,,
"Spirits — Not Tested, For Ascertaining The Strength",REVIEW,211079,0,69,16,14,"Spirits — Unenumerated, Sweetened Or Mixed (Tested) : Not Tested, For Ascertaining The Strength",28,17,"Spirits — Unenumerated, Sweetened Or Mixed (Tested) : Not Tested, For Ascertaining The Strength",,,
Slates — Unenumerated,REVIEW,206926,0,21,5,48,Spices — Unenumerated,48,38,Spices — Unenumerated,,,
Corn And Grain — Myrobalans,REVIEW,200914,0,4,4,25,"Lac, Seed, Shell, Stick, And Dye",25,25,"Lac, Seed, Shell, Stick, And Dye",,,
"Skins, Furs, And Pelts — Specimens Illustrative Of Natural Science",REVIEW,199163,0,80,18,10,Slates,29,15,"Specimens, Illustrative Of Naturalscience",,,
"Manufactures Of Iron And Steel — Metal, Unenumerated, Unwrought",REVIEW,178699,1,6,11,83,"Lead, Ore Of — Metal, Unenumerated, Un- Wrought",83,83,"Lead, Ore Of — Metal, Unenumerated, Un- Wrought",,,
Toys — Not Containing Spirit,REVIEW,178444,0,50,11,32,"Varnish, Not Containing Spirit",32,28,"Varnish, Not Containing Spirit",,,
"Dye Stuffs, And Substances Used In Tanning — Other Coal Tar Dyes",REVIEW,175333,0,50,8,24,"Dye Stuffs (Other Than Dye Woods) And Substances Used In Tan- Ning Or Dyeing — Dyes Obtained From Coal Tar, Other Coal Tar Dyes",24,20,"Dye Stuffs (Other Than Dye Woods) And Substances Used In Tan- Ning Or Dyeing — Dyes Obtained From Coal Tar, Other Coal Tar Dyes",,,
Cotton — Skins In Any Way Dressed (Not Leather),REVIEW,174707,0,66,16,48,"Skins, Furs, And Pelts — In Any Way Dressed (Not Leather)",52,29,"Skins, Furs, And Pelts — In Any Way Dressed (Not Leather)",,,
Spirits — Perfumed Spirits And Cologne Water,REVIEW,173195,0,9,5,11,"Coffee — Rum Shrub, Liqueurs And Cordials, Of And From British Possessions",11,11,"Coffee — Rum Shrub, Liqueurs And Cordials, Of And From British Possessions",,,
Honey — Eastern Coast Of Africa,REVIEW,167962,0,16,25,50,"Horns, Tips And Pieces Of Horns And Hoofs",81,50,"Horns, Tips And Pieces Of Horns And Hoofs",,,
Spices — Molasses,REVIEW,167097,0,9,9,22,Sugar — Glucose,22,22,Sugar — Glucose,,,
"Arms And Ammunition — Muskets, Rifles, Carbines, Fowl-     Ing Pieces, Or Guns Of Any Other     Sorts, Not Enumerated, And Parts     Thereof, And Pistols",REVIEW,162571,0,13,7,38,"Animals, Living — Muskets, Rifles, Carbines, Fowling Pieces, Or Guns Of Any Other Sorts Not Enumerated, And Parts Thereof, And Pistols",38,38,"Animals, Living — Muskets, Rifles, Carbines, Fowling Pieces, Or Guns Of Any Other Sorts Not Enumerated, And Parts Thereof, And Pistols",,,
"Metals And Ores — Old Broken, Old Cast, And Old Broken Steel",REVIEW,159353,1,21,24,67,"Beef — Iron, Bar, Angle, Bolt, And Rod : Old Broken, Old Cast, And Old Broken Steel",67,67,"Beef — Iron, Bar, Angle, Bolt, And Rod : Old Broken, Old Cast, And Old Broken Steel",,,
"Meat, Unenumerated — Preserved : Mutton",REVIEW,154818,0,8,10,50,Preserved Otherwise Than By Salting — Mutton,50,50,Preserved Otherwise Than By Salting — Mutton,,,
"Manufactures Of Iron And Steel — Methylic Alcohol, Not Purified So As To Be Potable",REVIEW,145022,1,25,7,28,"Methylic Alcohol, Not Potable",36,28,"Methylic Alcohol, Not Potable",,,
"Cards, Playing — Chucory, Raw Or Kiln-Dried",REVIEW,143286,0,6,4,50,"Chicory, Raw Or Kiln-Dried",50,50,"Chicory, Raw Or Kiln-Dried",,,
"Animals, Living — Cannon And Mortars, And Parts Thereof",REVIEW,139191,0,21,7,52,"Ammunition — Cannon And Mortars, And Parts Thereof",52,43,"Ammunition — Cannon And Mortars, And Parts Thereof",,,
"Metal — Gold (Other Than Iron Or Copper), Fit Only For Re-Manufacture",REVIEW,133097,0,7,7,100,"Bell — Scld (Other Than Iron Or Copper), Fit Only For Re-Manufacture",100,100,"Bell — Scld (Other Than Iron Or Copper), Fit Only For Re-Manufacture",,,
"Ether — Perfumed, Total Of",REVIEW,128738,0,6,8,17,"Ether — Perfumed, Imported In Bottles",17,17,"Ether — Perfumed, Imported In Bottles",,,
Coffee — Manufactured : Other Sorts (Including Cigarettes),REVIEW,125223,0,24,10,12,Tobacco — Other Sorts,29,29,Tobacco — Other Sorts,,,
Tea — Total Of All Kinds,REVIEW,121594,0,6,6,33,Tobacco — Total Of All Kinds,33,33,Tobacco — Total Of All Kinds,,,
Tobacco — Burgundy,REVIEW,118460,1,22,5,27,"Tobacco — White, In Bottles, Still : Burgundy",32,27,"Tobacco — White, In Bottles, Still : Burgundy",,,
"Ether — Perfumed, Imported In Bottles",REVIEW,117248,0,6,8,17,"Ether — Perfumed, Total Of",17,17,"Ether — Perfumed, Total Of",,,
Metals And Ores — Puddled,REVIEW,102138,1,3,4,33,"Beef — Iron, Bar, Angle, Bolt, And Rod : Puddled",33,33,"Beef — Iron, Bar, Angle, Bolt, And Rod : Puddled",,,
Tin — Manufactures Of,REVIEW,101106,0,36,8,19,"Lates — Manufactures Of, Unenumerated",25,19,"Lates — Manufactures Of, Unenumerated",,,
"Tin — Manufactures Of, Unenumerated",REVIEW,100249,0,23,7,30,"Sugar — Manufactures Of, Unenumerated",30,22,"Sugar — Manufactures Of, Unenumerated",,,
"Arms — Rifles, Carbines, Fowling Pieces, Muskets, Pistols, Or Guns Of Any Other Sorts Unenumerated, And Parts Thereof",REVIEW,99100,0,8,8,12,Wood And Timber — Unenumerated,12,12,Wood And Timber — Unenumerated,,,
Hats Or Bonnets — Manufactures Of Iron Or Steel: Tyres And Axles,REVIEW,91984,0,18,6,11,Manufactures Of Iron And Steel — Tyres And Axles,61,50,Manufactures Of Iron And Steel — Tyres And Axles,,,
"Hats Or Bonnets — Old Broken And Old Cast Iron, And Old Broken Steel",REVIEW,83091,0,18,22,33,Ore Of (Including Chrome),39,28,Ore Of (Including Chrome),,,
"Sugar — Varnish, Not Containing Spirit",REVIEW,80126,0,10,5,50,Toys — Not Containing Spirit,50,50,Toys — Not Containing Spirit,,,
"Skins, And Furs — Eastern Coast Of Africa",REVIEW,76389,0,19,11,42,"Silver, Ore Of, Or Ore Of Which The Greater Part In Value Is Silver",79,37,"Silver, Ore Of, Or Ore Of Which The Greater Part In Value Is Silver",,,
"Extracts, Of Other Sorts, Un- Enumerated",REVIEW,73810,0,21,11,38,Eggs — Unenumerated,38,38,Eggs — Unenumerated,,,
"Dye Stuffs, And Substances Used In Tanning",REVIEW,68254,0,13,13,46,Bark — West Africa,46,46,Bark — West Africa,,,
"Cotton Manufactures — Piece Goods, Muslins",REVIEW,67430,0,24,3,25,Cotton Manufactures — Muslins,25,25,Cotton Manufactures — Muslins,,,
"Arms — Cannon And Mortars, And Parts     Thereof",REVIEW,67167,0,10,7,40,"Animals, Living — Cannon And Mortars, And Parts Thereof",40,30,"Animals, Living — Cannon And Mortars, And Parts Thereof",,,
"Slates — Manufactures Of, Unenumerated",REVIEW,64526,0,13,3,69,"Lates — Manufactures Of, Unenumerated",69,38,"Lates — Manufactures Of, Unenumerated",,,
Shells Of All Kinds — Dutch Possessions—India,REVIEW,61526,0,7,7,29,Shells Of All Kinds — Dutch Possession In Indian Seas,29,29,Shells Of All Kinds — Dutch Possession In Indian Seas,,,
Extracts (Other Than For Tanning Or Dyeing),REVIEW,51284,0,14,4,43,Eggs — Unenumerated,43,36,Eggs — Unenumerated,,,
Flax — Eastern Coast Of Africa,REVIEW,49666,0,26,13,46,Gum,65,38,Gum,,,
"Fruit — Geneva, Imported In Bottles",REVIEW,44679,0,2,3,50,Fish (Including Turtle) — Other Sorts Of Shell Fish,50,50,Fish (Including Turtle) — Other Sorts Of Shell Fish,,,
"Leaf, Not Gold",REVIEW,43564,1,11,5,36,"Metal — Leaf, Not Gold",36,18,"Metal — Leaf, Not Gold",,,
"Seeds — Unenumerated, Commonly Used For Expressing Oil Therefrom",REVIEW,37089,0,5,3,20,"Seeds — Unenumerated, For Expressing Oil Therefrom",20,20,"Seeds — Unenumerated, For Expressing Oil Therefrom",,,
Spirits — Cavendish Or Negro Head,REVIEW,35863,0,8,10,38,Tobacco — Cigars,38,38,Tobacco — Cigars,,,
"Soap, Transparent, In The Manufacture Of Which Spirit Has Been Used",REVIEW,33094,1,48,9,29,Fruit — Transparent In The Manufacture Of Which Spirit Has Been Used,48,29,Fruit — Transparent In The Manufacture Of Which Spirit Has Been Used,,,
"Fruit — Geneva, Imported In Casks",REVIEW,21556,0,3,3,33,"Ether — Brandy, Imported In Bottles",67,33,"Ether — Brandy, Imported In Bottles",,,
Glass — Arabic,REVIEW,18293,0,14,3,29,Gum — Arabic,29,29,Gum — Arabic,,,
Sponge — Emery Stone,REVIEW,14260,0,4,4,25,"Spices — Marble, In Rough Blocks Or Slabs",25,25,"Spices — Marble, In Rough Blocks Or Slabs",,,
"Spices — Marble, In Rough Blocks Or Slabs",REVIEW,14200,0,2,2,50,Sponge — Emery Stone,50,50,Sponge — Emery Stone,,,
"Skins, And Furs — Skins In Any Way Dressed (Not Leather)",REVIEW,12207,1,13,9,38,Cotton — Skins In Any Way Dressed (Not Leather),38,31,Cotton — Skins In Any Way Dressed (Not Leather),,,
"Gum — Manufactures Of (Other Than Goat'S Hair), Mixed Or Not With Other Materials",REVIEW,11962,0,4,4,50,Wool — Not Being Goats' Hair Or Wool,50,50,Wool — Not Being Goats' Hair Or Wool,,,
"Specimens Illustrative Of Natural Science In Any Department, Not Otherwise Enumerated",REVIEW,11821,0,8,8,38,Slates,38,38,Slates,,,
"Silver Ore, Or Ore Of Which The Greater Part In Value Is Silver — Specimens Illustrative Of Natural Science, Not Otherwise Enumerated",REVIEW,11060,0,11,11,36,Slates,36,36,Slates,,,
"Leather Manufactures — Cambric And French Lawns, Including Bordered Handkerchiefs",REVIEW,6842,0,4,4,75,"Linen Manufactures — Cambic And French Lawns, Including Bor-   Dered Handkerchiefs",75,50,"Linen Manufactures — Cambic And French Lawns, Including Bor-   Dered Handkerchiefs",,,
Fruit — Transparent In The Manufacture Of Which Spirit Has Been Used,REVIEW,4319,1,31,6,45,"Soap, Transparent, In The Manufacture Of Which Spirit Has Been Used",52,45,"Soap, Transparent, In The Manufacture Of Which Spirit Has Been Used",,,
Sponge — Tapioa,REVIEW,1373,0,2,2,50,Spices — Tapioca,50,50,Spices — Tapioca,,,
Spices — Tapioca,REVIEW,1373,0,2,2,50,Sponge — Tapioa,50,50,Sponge — Tapioa,,,
Ether — Acetic,REVIEW,1130,1,12,3,25,Ether,33,25,Ether,,,
"Clocks, And Parts Thereof — Coals, Oulm, And Cinders",REVIEW,467,0,2,2,50,"Coals, Cinders, &C — Coals And Culm",100,50,"Coals, Cinders, &C — Coals And Culm",,,
"Ether — Liqueurs, Cordials, &C., Not Tested For Ascertaining The Strength, Imported In Casks",REVIEW,156,0,2,4,50,"Fruit — Liqueurs, Cordials, &C., Not Tested For Ascertaining The Strength, Imported In Casks",50,50,"Fruit — Liqueurs, Cordials, &C., Not Tested For Ascertaining The Strength, Imported In Casks",,,
Paper — Drawings Executed By Hand,REVIEW,0,0,2,3,50,Prints And Drawings — Drawings Executed By Hand,100,50,Prints And Drawings — Drawings Executed By Hand,,,
Prints And Drawings — Drawings Executed By Hand,REVIEW,0,0,2,3,50,Paper — Drawings Executed By Hand,50,50,Paper — Drawings Executed By Hand,,,
