kind,commodity,country,unit,year,value,series_median,ratio_to_median,gbp
spike,Wine — Total Of All Kinds,Canary Islands,?,1896,71327,17730,4.023,317045205
hole,Corn And Grain — Wheat,United States Of America,Cwt,1892,,23859581,,189400601
hole,Wood And Timber,British East Indies,Load,1890,,48772,,108629085
hole,Wood And Timber,British East Indies,Load,1891,,48772,,108629085
hole,Wood And Timber,British East Indies,Load,1892,,48772,,108629085
hole,Corn And Grain — Wheat,United States Of America (Atlantic),Cwt,1892,,15050412,,107083664
hole,Wood And Timber,Burmah,Load,1890,,42661,,98873013
hole,Wood And Timber,Burmah,Load,1891,,42661,,98873013
hole,Wood And Timber,Burmah,Load,1892,,42661,,98873013
dip,"Animals, Living — Oxen And Bulls",United States Of America,Number,1882,47664,262566,0.182,96205111
dip,"Corn, Grain, Meal, And Flour — United States Of America",United States Of America,?,1892,1196678,24460716,0.049,95615684
hole,Meal And Flour — Wheat Meal Or Flour,United States Of America,Cwt,1881,,12292220,,94694198
hole,Meal And Flour — Wheat Meal Or Flour,United States Of America,Cwt,1882,,12292220,,94694198
hole,Meal And Flour — Wheat Meal Or Flour,United States Of America,Cwt,1892,,12292220,,94694198
dip,Meal And Flour — Wheat Meal Or Flour,United States Of America,Cwt,1873,1582957,12292220,0.129,94694198
dip,Coffee,Holland,?,1888,4017,18608,0.216,89486473
dip,Coffee,Holland,?,1890,2610,18608,0.14,89486473
hole,Jute,Bengal,Ton,1892,,337483,,78691360
hole,Butter,France,Cwt,1882,,461222,,71362173
hole,Butter,France,Cwt,1883,,461222,,71362173
hole,Butter,France,Cwt,1884,,461222,,71362173
hole,Butter,France,Cwt,1885,,461222,,71362173
dip,Butter,France,Cwt,1874,36307,461222,0.079,71362173
hole,Silk — Raw,China,Lb,1884,,1697135,,68951268
hole,Silk — Raw,China,Lb,1886,,1697135,,68951268
hole,Coffee,Ceylon,Cwt,1879,,504992,,65166356
hole,Coffee,Ceylon,Cwt,1882,,504992,,65166356
hole,Coffee,Ceylon,Cwt,1883,,504992,,65166356
dip,Coffee,Ceylon,Cwt,1874,30195,504992,0.06,65166356
hole,Corn And Grain — Wheat,United States Of America (Pacific),Cwt,1892,,8874679,,64363994
dip,Corn And Grain — Wheat,United States Of America (Pacific),Cwt,1885,77392,8874679,0.009,64363994
hole,Caoutchouc,Brazil,Cwt,1874,,90990,,60237983
hole,Caoutchouc,Brazil,Cwt,1887,,90990,,60237983
hole,Caoutchouc,Brazil,Cwt,1889,,90990,,60237983
hole,Caoutchouc,Brazil,Cwt,1890,,90990,,60237983
hole,Caoutchouc,Brazil,Cwt,1891,,90990,,60237983
dip,Caoutchouc,Brazil,Cwt,1875,1814,90990,0.02,60237983
hole,Rice,Bengal And Burmah,Cwt,1880,,6676410,,58948040
dip,Tea,Ceylon,Lb,1879,219555,57323010,0.004,58399543
dip,Maize Or Indian Corn,Roumania,Cwt,1880,1761432,7343682,0.24,58182307
hole,"Other Sorts, Including Candy",Germany,Cwt,1886,,5142084,,57665338
hole,"Other Sorts, Including Candy",Germany,Cwt,1892,,5142084,,57665338
hole,"Flax, Dressed Or Undressed",Other Countries,Cwt,1873,,2556,,54881303
hole,"Flax, Dressed Or Undressed",Other Countries,Cwt,1877,,2556,,54881303
hole,"Flax, Dressed Or Undressed",Other Countries,Cwt,1882,,2556,,54881303
dip,"Flax, Dressed Or Undressed",Other Countries,Cwt,1883,483,2556,0.189,54881303
dip,"Corn, Grain, Meal, And Flour — United States Of America",United States Of America (Atlantic),?,1892,653373,14320702,0.046,53906013
spike,Silk — Raw,Japan,?,1886,119846,25690,4.665,52145790
hole,Wool — Sheep Or Lambs',British India Bombay And Scinde,Lb,1877,,22201322,,50631268
hole,Wool — Sheep Or Lambs',British India Bombay And Scinde,Lb,1881,,22201322,,50631268
hole,Tobacco — Unmanufactured,United States Of America,Lb,1876,,60247715,,48785335
hole,Tobacco — Unmanufactured,United States Of America,Lb,1877,,60247715,,48785335
hole,Tobacco — Unmanufactured,United States Of America,Lb,1879,,60247715,,48785335
hole,Tobacco — Unmanufactured,United States Of America,Lb,1881,,60247715,,48785335
hole,Tobacco — Unmanufactured,United States Of America,Lb,1882,,60247715,,48785335
hole,Cheese,Canada,Cwt,1881,,650610,,47651520
hole,Cheese,Canada,Cwt,1885,,650610,,47651520
hole,Corn And Grain — Wheat,Russia (Southern Ports),Cwt,1892,,6797082,,46832948
hole,Oil,Lagos,?,1887,,618596,,46779712
hole,Oil,Lagos,?,1889,,618596,,46779712
hole,Oil,Lagos,?,1890,,618596,,46779712
hole,Barley,Russia,Cwt,1893,,5182076,,44504465
dip,Barley,Russia,Cwt,1888,461712,5182076,0.089,44504465
hole,Spirits — Brandy,France,Proof Gallon,1874,,2790416,,43068839
hole,Spirits — Brandy,France,Proof Gallon,1876,,2790416,,43068839
hole,Spirits — Brandy,France,Proof Gallon,1879,,2790416,,43068839
hole,Spirits — Brandy,France,Proof Gallon,1880,,2790416,,43068839
hole,Spirits — Brandy,France,Proof Gallon,1881,,2790416,,43068839
hole,Spirits — Brandy,France,Proof Gallon,1884,,2790416,,43068839
hole,Spirits — Brandy,France,Proof Gallon,1887,,2790416,,43068839
hole,Spirits — Brandy,France,Proof Gallon,1888,,2790416,,43068839
hole,Cotton — Flax Or Linseed,Bengal,Quarter,1884,,969183,,41085323
hole,Cotton — Flax Or Linseed,Bengal,Quarter,1888,,969183,,41085323
hole,Cotton — Flax Or Linseed,Bengal,Quarter,1890,,969183,,41085323
hole,Cotton — Flax Or Linseed,Bengal,Quarter,1891,,969183,,41085323
hole,Cotton — Flax Or Linseed,Bengal,Quarter,1892,,969183,,41085323
hole,Tea,China,Lb,1883,,37961745,,39106451
hole,Tea,China,Lb,1884,,37961745,,39106451
hole,Tea,China,Lb,1886,,37961745,,39106451
spike,Tea,China,Lb,1872,160520882,37961745,4.228,39106451
hole,Roasted Or Ground,Belgium,Lb,1875,,143204,,37440997
hole,Roasted Or Ground,Belgium,Lb,1880,,143204,,37440997
hole,Roasted Or Ground,Belgium,Lb,1886,,143204,,37440997
hole,Roasted Or Ground,Belgium,Lb,1887,,143204,,37440997
hole,Roasted Or Ground,Belgium,Lb,1888,,143204,,37440997
hole,"Wood And Timber — Sawn, Fir",Sweden,Load,1892,,1263324,,36254365
hole,"Wood And Timber — Sawn, Fir",Sweden,Load,1893,,1263324,,36254365
hole,"Wood And Timber — Sawn, Fir",Sweden,Load,1895,,1263324,,36254365
hole,Coffee,Brazil,Cwt,1879,,194203,,35523645
hole,Coffee,Brazil,Cwt,1882,,194203,,35523645
hole,Coffee,Brazil,Cwt,1883,,194203,,35523645
dip,Coffee,Brazil,Cwt,1887,1368,194203,0.007,35523645
dip,Coffee,Brazil,Cwt,1889,2190,194203,0.011,35523645
hole,Wine — White,Spain,Gallon,1889,,3801888,,35491382
hole,Wine — White,Spain,Gallon,1890,,3801888,,35491382
hole,Wine — White,Spain,Gallon,1891,,3801888,,35491382
hole,Corn And Grain — Wheat,Russia,Cwt,1892,,5055908,,35423958
dip,Corn And Grain — Wheat,Russia,Cwt,1874,709576,5055908,0.14,35423958
hole,Coffee,Central America,Cwt,1879,,210198,,33551120
hole,Coffee,Central America,Cwt,1882,,210198,,33551120
hole,Coffee,Central America,Cwt,1883,,210198,,33551120
dip,Coffee,Central America,Cwt,1887,49727,210198,0.237,33551120
dip,Coffee,Central America,Cwt,1889,38200,210198,0.182,33551120
hole,Eggs,France,Great Hundred,1873,,3080319,,33422140
dip,Eggs,France,Great Hundred,1874,144256,3080319,0.047,33422140
dip,Eggs,France,Great Hundred,1884,8790,3080319,0.003,33422140
hole,"Wood And Timber — Sawn, Fir",Russia,Load,1892,,1123954,,33366864
hole,"Wood And Timber — Sawn, Fir",Russia,Load,1893,,1123954,,33366864
hole,"Wood And Timber — Sawn, Fir",Russia,Load,1895,,1123954,,33366864
hole,"Mutton, Fresh",Australasia,Cwt,1883,,1025518,,29995450
hole,"Mutton, Fresh",Australasia,Cwt,1885,,1025518,,29995450
hole,"Wood And Timber — Sawn, Fir",Canada,Load,1888,,1018001,,29894343
hole,"Wood And Timber — Sawn, Fir",Canada,Load,1892,,1018001,,29894343
hole,"Wood And Timber — Sawn, Fir",Canada,Load,1893,,1018001,,29894343
hole,"Wood And Timber — Sawn, Fir",Canada,Load,1895,,1018001,,29894343
dip,Tobacco — Unmanufactured,Other Foreign Countries,?,1896,9239,43072,0.215,29290812
hole,Woollen Yarn — For Weaving,Belgium,Lb,1882,,10346584,,28945772
hole,Woollen Yarn — For Weaving,Belgium,Lb,1894,,10346584,,28945772
hole,Woollen Yarn — For Weaving,Belgium,Lb,1895,,10346584,,28945772
hole,"Skins, Furs, And Pelts — Seal",Canada,Number,1876,,329467,,27969831
hole,"Skins, Furs, And Pelts — Seal",Canada,Number,1881,,329467,,27969831
hole,"Skins, Furs, And Pelts — Seal",Canada,Number,1883,,329467,,27969831
hole,"Skins, Furs, And Pelts — Seal",Canada,Number,1886,,329467,,27969831
hole,"Skins, Furs, And Pelts — Seal",Canada,Number,1894,,329467,,27969831
dip,"Skins, Furs, And Pelts — Seal",Canada,Number,1892,74927,329467,0.227,27969831
hole,"Animals, Living — Oxen And Bulls",Canada,Number,1887,,81232,,27853178
hole,Fruit — Currants,Greece,Cwt,1878,,1131637,,27699699
hole,Fruit — Currants,Greece,Cwt,1880,,1131637,,27699699
hole,Fruit — Currants,Greece,Cwt,1881,,1131637,,27699699
hole,Fruit — Currants,Greece,Cwt,1882,,1131637,,27699699
hole,Fruit — Currants,Greece,Cwt,1898,,1131637,,27699699
hole,Butter,Holland,Cwt,1882,,273978,,27474610
hole,Butter,Holland,Cwt,1883,,273978,,27474610
hole,Butter,Holland,Cwt,1884,,273978,,27474610
hole,Butter,Holland,Cwt,1885,,273978,,27474610
hole,Eggs,Germany,Great Hundred,1880,,2714484,,26399436
hole,Eggs,Germany,Great Hundred,1882,,2714484,,26399436
hole,Eggs,Germany,Great Hundred,1884,,2714484,,26399436
hole,Eggs,Germany,Great Hundred,1897,,2714484,,26399436
dip,Eggs,Germany,Great Hundred,1875,548120,2714484,0.202,26399436
dip,Iron — Ore Of,Spain,Ton,1874,511963,2922519,0.175,26326281
hole,Tea,Bombay And Scinde,?,1880,,209532,,26162061
dip,Tea,Bombay And Scinde,?,1877,50314,209532,0.24,26162061
spike,Tea,Bombay And Scinde,?,1879,141644277,209532,676.003,26162061
spike,Tea,Bombay And Scinde,?,1881,162238139,209532,774.288,26162061
hole,Cotton — Flax Or Linseed,Russia,Quarter,1873,,525532,,25357297
hole,Cotton — Flax Or Linseed,Russia,Quarter,1875,,525532,,25357297
dip,Caoutchouc,Germany,?,1875,1686,16115,0.105,24920450
dip,Caoutchouc,Germany,?,1877,2972,16115,0.184,24920450
hole,"Sugar — Refined, Or Sugar Equal In Quality Thereto, And Sugar Candy",France,Cwt,1874,,1624605,,24478504
hole,Coffee,Madras,Cwt,1879,,156703,,24474650
hole,Coffee,Madras,Cwt,1882,,156703,,24474650
hole,Coffee,Madras,Cwt,1883,,156703,,24474650
hole,Roasted Or Ground,Channel Islands,Lb,1880,,72259,,24327413
hole,Roasted Or Ground,Channel Islands,Lb,1886,,72259,,24327413
hole,Roasted Or Ground,Channel Islands,Lb,1887,,72259,,24327413
hole,Roasted Or Ground,Channel Islands,Lb,1888,,72259,,24327413
dip,Roasted Or Ground,Channel Islands,Lb,1878,6335,72259,0.088,24327413
dip,Roasted Or Ground,Channel Islands,Lb,1898,112,72259,0.002,24327413
hole,"Coals, Cinders, &C — Coals And Culm",United States Of America,Ton,1889,,3297,,24308483
dip,"Coals, Cinders, &C — Coals And Culm",United States Of America,Ton,1888,429,3297,0.13,24308483
dip,Perfumed,France,Gallon,1882,874,19578,0.045,23202881
hole,"Mutton, Fresh",New Zealand,Cwt,1885,,896126,,23112652
dip,Oil Seed Cake,United States Of America,Ton,1883,1666,178876,0.009,22417167
hole,"Iron — Manufactures Of Iron Or Steel, Unenumerated",Other Countries,Cwt,1876,,31887,,22299859
hole,"Tin — In Blocks, Ingots, Bars, Or Slabs",Straits Settlements,Cwt,1891,,369936,,21510427
dip,Perfumed,Holland,Gallon,1882,1480,20768,0.071,21397988
dip,Perfumed,Holland,Gallon,1890,2539,20768,0.122,21397988
hole,Wine — Red,France,Gallon,1889,,4184096,,21246416
hole,Wine — Red,France,Gallon,1890,,4184096,,21246416
hole,Wine — Red,France,Gallon,1891,,4184096,,21246416
hole,Rice,British East Indies,Cwt,1888,,3966766,,21237582
hole,Rice,British East Indies,Cwt,1893,,3966766,,21237582
dip,Rice,British East Indies,Cwt,1891,2682,3966766,0.001,21237582
hole,Spirits — Rum,British Guiana,Proof Gallon,1874,,2883468,,20880248
hole,Spirits — Rum,British Guiana,Proof Gallon,1876,,2883468,,20880248
hole,Spirits — Rum,British Guiana,Proof Gallon,1879,,2883468,,20880248
hole,Spirits — Rum,British Guiana,Proof Gallon,1880,,2883468,,20880248
hole,Spirits — Rum,British Guiana,Proof Gallon,1881,,2883468,,20880248
hole,Leather Manufactures — Gloves,France,Dozen Pairs,1882,,751806,,20802056
hole,Leather Manufactures — Gloves,France,Dozen Pairs,1883,,751806,,20802056
hole,Leather Manufactures — Gloves,France,Dozen Pairs,1884,,751806,,20802056
hole,Leather Manufactures — Gloves,France,Dozen Pairs,1885,,751806,,20802056
dip,Leather Manufactures — Gloves,France,Dozen Pairs,1874,149744,751806,0.199,20802056
dip,Barley,Roumania,Cwt,1893,44750,2377519,0.019,20297846
hole,"Wood And Timber — Hewn, Fir",France,Load,1888,,335801,,19733119
hole,"Other Sorts, Including Candy",France,Cwt,1886,,1630886,,19620522
hole,"Other Sorts, Including Candy",France,Cwt,1892,,1630886,,19620522
dip,Coffee,Italy,?,1888,875,38246,0.023,19355500
hole,"Wood And Timber — Hewn, Teak",British India Bengal And Burmah,Load,1877,,34416,,19315938
hole,"Wood And Timber — Hewn, Teak",British India Bengal And Burmah,Load,1880,,34416,,19315938
hole,"Wood And Timber — Hewn, Teak",British India Bengal And Burmah,Load,1881,,34416,,19315938
dip,Sugar — Unrefined Of All Kinds,Germany,Cwt,1875,568208,2436380,0.233,19137105
hole,Rice,Burmah,Cwt,1888,,2776163,,18829018
hole,Rice,Burmah,Cwt,1893,,2776163,,18829018
hole,Fruit — Oranges And Lemons,Spain,Bushel,1875,,2765254,,18657741
hole,Fruit — Oranges And Lemons,Spain,Bushel,1887,,2765254,,18657741
hole,Eggs,Belgium,Great Hundred,1880,,1872738,,18223373
hole,Eggs,Belgium,Great Hundred,1882,,1872738,,18223373
hole,Eggs,Belgium,Great Hundred,1884,,1872738,,18223373
hole,Eggs,Belgium,Great Hundred,1897,,1872738,,18223373
dip,Eggs,Belgium,Great Hundred,1875,235268,1872738,0.126,18223373
dip,Eggs,Belgium,Great Hundred,1878,372897,1872738,0.199,18223373
hole,Leather — Dressed,United States Of America,Lb,1887,,19657930,,17252259
hole,Butter,Germany,Cwt,1882,,113756,,17157738
hole,Butter,Germany,Cwt,1883,,113756,,17157738
hole,Butter,Germany,Cwt,1884,,113756,,17157738
hole,Butter,Germany,Cwt,1885,,113756,,17157738
hole,Spirits — Rum,British West India Islands,Proof Gallon,1874,,2313665,,16858301
hole,Spirits — Rum,British West India Islands,Proof Gallon,1876,,2313665,,16858301
hole,Spirits — Rum,British West India Islands,Proof Gallon,1879,,2313665,,16858301
hole,Spirits — Rum,British West India Islands,Proof Gallon,1880,,2313665,,16858301
hole,Spirits — Rum,British West India Islands,Proof Gallon,1881,,2313665,,16858301
dip,"Cordage — Cables (Not Of Iron), Twine, And Cable Yarn",Russia,?,1899,2517900,10482273,0.24,16420001
dip,"Cordage — Cables (Not Of Iron), Twine, And Cable Yarn",Russia (Southern Ports),?,1899,2206400,10480499,0.211,16416961
hole,Wine — Red,Portugal,Gallon,1889,,3167594,,16402838
hole,Wine — Red,Portugal,Gallon,1890,,3167594,,16402838
hole,Wine — Red,Portugal,Gallon,1891,,3167594,,16402838
dip,"Cotton Manufactures — Piece Goods, Plain",Japan,?,1877,4190800,213731100,0.02,16380180
dip,"Cotton Manufactures — Piece Goods, Plain",Japan,?,1884,31532600,213731100,0.148,16380180
hole,Wood And Timber,Siam,Load,1890,,7199,,16307278
hole,Wood And Timber,Siam,Load,1891,,7199,,16307278
hole,Wood And Timber,Siam,Load,1892,,7199,,16307278
dip,Wood And Timber,Siam,Load,1888,96,7199,0.013,16307278
dip,Wood And Timber,Siam,Load,1893,857,7199,0.119,16307278
hole,Fruit — Raisins,Spain,Cwt,1878,,313010,,16158286
hole,Fruit — Raisins,Spain,Cwt,1880,,313010,,16158286
hole,Fruit — Raisins,Spain,Cwt,1881,,313010,,16158286
hole,Fruit — Raisins,Spain,Cwt,1882,,313010,,16158286
hole,Fruit — Raisins,Spain,Cwt,1893,,313010,,16158286
dip,"Animals, Living — Oxen And Bulls",Denmark,Number,1892,901,30211,0.03,15867214
hole,"Sugar — Unrefined, Total",Australasia,Cwt,1888,,1475800,,15853994
hole,"Sugar — Unrefined, Total",Australasia,Cwt,1890,,1475800,,15853994
hole,"Sugar — Unrefined, Total",Australasia,Cwt,1891,,1475800,,15853994
dip,"Sugar — Unrefined, Total",Australasia,Cwt,1892,45337,1475800,0.031,15853994
dip,"Sugar — Unrefined, Total",Australasia,Cwt,1894,28581,1475800,0.019,15853994
hole,Oil — Palm,Germany,Cwt,1884,,111220,,15763457
hole,Oil — Palm,Germany,Cwt,1885,,111220,,15763457
hole,Oil — Palm,Germany,Cwt,1897,,111220,,15763457
hole,Oil — Palm,Germany,Cwt,1898,,111220,,15763457
dip,Oil — Palm,Germany,Cwt,1882,11809,111220,0.106,15763457
hole,"Wood And Timber — Hewn, Fir",Sweden,Load,1888,,308702,,15736539
hole,"Milk, Condensed",Australasia,Cwt,1892,,1767859,,15694101
hole,"Milk, Condensed",Australasia,Cwt,1893,,1767859,,15694101
hole,Wine — White,France,Gallon,1889,,1680830,,15623199
hole,Wine — White,France,Gallon,1890,,1680830,,15623199
hole,Wine — White,France,Gallon,1891,,1680830,,15623199
hole,"Wood And Timber — Hewn, Fir",Russia,Load,1888,,318125,,15589898
dip,Linen Yarn,Germany,?,1894,110800,1655870,0.067,15323262
hole,"Wood And Timber — Hewn, Fir",Norway,Load,1888,,275209,,15277557
hole,Potatoes,France,Cwt,1878,,1304208,,15258325
hole,Maize Or Indian Corn,Argentine Republic,Cwt,1880,,1984392,,14934903
hole,Maize Or Indian Corn,Argentine Republic,Cwt,1881,,1984392,,14934903
hole,Maize Or Indian Corn,Argentine Republic,Cwt,1882,,1984392,,14934903
hole,Maize Or Indian Corn,Argentine Republic,Cwt,1883,,1984392,,14934903
spike,Maize Or Indian Corn,Argentine Republic,Cwt,1896,16107900,1984392,8.117,14934903
dip,Cotton Twist And Yarn,Germany,?,1883,4683200,34450300,0.136,14907556
hole,"Skins, Furs, And Pelts — Seal",United States Of America,Number,1876,,162189,,14849348
hole,"Skins, Furs, And Pelts — Seal",United States Of America,Number,1881,,162189,,14849348
hole,"Skins, Furs, And Pelts — Seal",United States Of America,Number,1883,,162189,,14849348
spike,"Skins, Furs, And Pelts — Seal",United States Of America,Number,1893,929478,162189,5.731,14849348
dip,Maize Or Indian Corn,Russia,Cwt,1872,423851,1939050,0.219,14626090
dip,Maize Or Indian Corn,Russia,Cwt,1877,199931,1939050,0.103,14626090
spike,Maize Or Indian Corn,Russia,Cwt,1894,8648446,1939050,4.46,14626090
hole,Butter,Australasia,Cwt,1882,,128330,,14567898
hole,Butter,Australasia,Cwt,1883,,128330,,14567898
hole,Butter,Australasia,Cwt,1884,,128330,,14567898
hole,Butter,Australasia,Cwt,1885,,128330,,14567898
hole,Butter,Australasia,Cwt,1886,,128330,,14567898
hole,"Ivory — Teeth, Elephants', Sea-Cow, Sea-Horse, Or Sea-Morse",Belgium,Cwt,1890,,1496,,14401908
dip,Wool — Goats' Wool Or Hair,Turkey,Lb,1890,1120222,6858834,0.163,14185543
hole,Sugar — In Lumps And Loaves,Holland,Cwt,1884,,821874,,14091896
hole,Silk — Raw,British East Indies,Lb,1892,,227428,,13905832
hole,Meal And Flour — Wheat Meal Or Flour,Austrian Territories,Cwt,1881,,1357046,,13859999
hole,Meal And Flour — Wheat Meal Or Flour,Austrian Territories,Cwt,1882,,1357046,,13859999
hole,Meal And Flour — Wheat Meal Or Flour,Austrian Territories,Cwt,1892,,1357046,,13859999
dip,"Iron — Bar, Angle, Bolt, And Rod",Sweden,Ton,1898,256,76616,0.003,13752549
hole,Leather Manufactures — Gloves,Holland,Dozen Pairs,1882,,515623,,13360618
hole,Leather Manufactures — Gloves,Holland,Dozen Pairs,1883,,515623,,13360618
hole,Leather Manufactures — Gloves,Holland,Dozen Pairs,1884,,515623,,13360618
hole,Leather Manufactures — Gloves,Holland,Dozen Pairs,1885,,515623,,13360618
hole,Caoutchouc,West Coast Of Africa Foreign,Cwt,1874,,15255,,13154420
dip,Caoutchouc,West Coast Of Africa Foreign,Cwt,1875,1567,15255,0.103,13154420
dip,Butter,Victoria,Cwt,1891,20033,154865,0.129,13050618
hole,Tallow And Stearine,United States Of America,Cwt,1875,,410514,,13026471
hole,Tallow And Stearine,United States Of America,Cwt,1878,,410514,,13026471
dip,Yarn,Germany,Lb,1883,4140,6164816,0.001,12591659
hole,Linen Yarn,Belgium,Lb,1888,,5827762,,12484708
hole,"Glass — Manufactures, Unenumerated",Germany,Cwt,1875,,267374,,12419613
hole,"Glass — Manufactures, Unenumerated",Germany,Cwt,1880,,267374,,12419613
hole,"Glass — Manufactures, Unenumerated",Germany,Cwt,1881,,267374,,12419613
hole,"Glass — Manufactures, Unenumerated",Germany,Cwt,1885,,267374,,12419613
hole,"Leather, Undressed",United States Of America,Lb,1883,,19474642,,12418299
hole,Tallow And Stearine,Australia,Cwt,1875,,290107,,12150504
hole,Tallow And Stearine,Australia,Cwt,1878,,290107,,12150504
dip,"Sugar — Unrefined, Total",Java,Cwt,1899,149732,1377241,0.109,12033295
hole,Paraffine,United States Of America,Cwt,1873,,313747,,11926314
hole,Paraffine,United States Of America,Cwt,1874,,313747,,11926314
hole,Paraffine,United States Of America,Cwt,1876,,313747,,11926314
hole,Paraffine,United States Of America,Cwt,1878,,313747,,11926314
hole,Paraffine,United States Of America,Cwt,1883,,313747,,11926314
hole,Paraffine,United States Of America,Cwt,1892,,313747,,11926314
hole,Rosin,United States Of America,Cwt,1876,,1305178,,11912562
hole,Butter,United States Of America,Cwt,1882,,66822,,11625357
hole,Butter,United States Of America,Cwt,1883,,66822,,11625357
hole,Butter,United States Of America,Cwt,1884,,66822,,11625357
hole,Butter,United States Of America,Cwt,1885,,66822,,11625357
hole,Sugar — In Lumps And Loaves,Germany,Cwt,1884,,683891,,11614645
hole,Sugar — In Lumps And Loaves,Germany,Cwt,1885,,683891,,11614645
dip,"Sugar — Unrefined : Cane, And Other Sorts",Australasia,Cwt,1890,21112,1501400,0.014,11560794
dip,"Sugar — Unrefined : Cane, And Other Sorts",Australasia,Cwt,1892,45337,1501400,0.03,11560794
dip,"Sugar — Unrefined : Cane, And Other Sorts",Australasia,Cwt,1894,28581,1501400,0.019,11560794
dip,Oxen And Bulls,Holland,Number,1879,1637,14864,0.11,11493257
dip,Barley,Turkey,Cwt,1887,175884,1899700,0.093,11306323
hole,"Meat, Unenumerated — Preserved, Otherwise Than By Salting",United States Of America,Cwt,1880,,261191,,11238772
dip,"Meat, Unenumerated — Preserved, Otherwise Than By Salting",United States Of America,Cwt,1884,13967,261191,0.053,11238772
dip,"Paper-Making Materials — Esparto, And Other Vegetable Fibres",Tripoli And Tunis,Ton,1872,10011,52593,0.19,11226833
dip,"Paper-Making Materials — Esparto, And Other Vegetable Fibres",Algeria,Ton,1897,81,71047,0.001,11142527
hole,Potatoes,Channel Islands,Cwt,1878,,1033452,,11124310
hole,Oil — Olive,Italy,Tun,1880,,11492,,11103199
hole,Oil — Olive,Italy,Tun,1884,,11492,,11103199
hole,Oil — Olive,Italy,Tun,1885,,11492,,11103199
hole,Oil — Olive,Italy,Tun,1897,,11492,,11103199
hole,Oil — Olive,Italy,Tun,1898,,11492,,11103199
hole,Tobacco — Unmanufactured,British East Indies,?,1893,,9598,,11043613
hole,Tobacco — Unmanufactured,British East Indies,?,1898,,9598,,11043613
spike,Tobacco — Unmanufactured,British East Indies,?,1896,42203,9598,4.397,11043613
dip,"Skins, Furs, And Pelts — Furs",Australasia,Number,1894,2579833,18776986,0.137,10972765
dip,Cows,Denmark,Number,1892,844,23292,0.036,10935887
hole,"Wood And Timber — Hewn, Fir",Germany,Load,1888,,225964,,10854704
hole,"Wood And Timber — Sawn, Fir",Norway,Load,1892,,374124,,10814724
hole,"Wood And Timber — Sawn, Fir",Norway,Load,1893,,374124,,10814724
hole,"Wood And Timber — Sawn, Fir",Norway,Load,1895,,374124,,10814724
hole,"Dye Stuffs, And Substances Used In Tanning — Indigo",Bengal,Cwt,1884,,46749,,10787711
hole,Meal And Flour — Wheat Meal Or Flour,Germany,Cwt,1881,,853288,,10707541
hole,Meal And Flour — Wheat Meal Or Flour,Germany,Cwt,1882,,853288,,10707541
hole,Meal And Flour — Wheat Meal Or Flour,Germany,Cwt,1892,,853288,,10707541
hole,Eggs,Russia,Great Hundred,1884,,1156781,,10641514
dip,"Cordage — Cables (Not Of Iron), Twine, And Cable Yarn",Argentine Republic,?,1897,933100,7815557,0.119,10522065
hole,Fresh (Not Of British Taking) — Herrings,Germany,?,1879,,546773,,10486715
hole,Fresh (Not Of British Taking) — Herrings,Germany,?,1880,,546773,,10486715
hole,Fresh (Not Of British Taking) — Herrings,Germany,?,1882,,546773,,10486715
dip,Fresh (Not Of British Taking) — Herrings,Germany,?,1873,26553,546773,0.049,10486715
dip,Cotton Twist And Yarn,Japan,?,1883,3881500,23303500,0.167,10480672
hole,Cocoa,British East Indies,?,1889,,623542,,10417892
hole,Cocoa,British East Indies,?,1890,,623542,,10417892
hole,"Zinc — Crude, In Cakes",Germany,Ton,1877,,15568,,10359863
hole,"Zinc — Crude, In Cakes",Germany,Ton,1879,,15568,,10359863
hole,"Zinc — Crude, In Cakes",Germany,Ton,1884,,15568,,10359863
hole,"Other Sorts, Including Candy",Holland,Cwt,1886,,912160,,10269117
hole,"Other Sorts, Including Candy",Holland,Cwt,1892,,912160,,10269117
dip,Barley,Wallachia And Moldavia,Cwt,1877,212315,958576,0.221,10176304
hole,"Sugar — Refined, Or Sugar Equal In Quality Thereto, And Sugar Candy",Holland,Cwt,1874,,647605,,10134839
hole,Dye Woods — Logwood,British West India Islands,Ton,1891,,28892,,10121721
hole,Dye Woods — Logwood,British West India Islands,Ton,1892,,28892,,10121721
dip,Dye Woods — Logwood,British West India Islands,Ton,1898,4757,28892,0.165,10121721
spike,"Cards, Playing",Other Countries,?,1880,27843,2820,9.873,10063951
hole,Regulus And Precipitate,United States Of America,Ton,1883,,20656,,10021876
dip,Regulus And Precipitate,United States Of America,Ton,1894,4836,20656,0.234,10021876
hole,Manures — Guano,Peru,Ton,1877,,21916,,9907322
hole,Manures — Guano,Peru,Ton,1880,,21916,,9907322
hole,Manures — Guano,Peru,Ton,1885,,21916,,9907322
hole,Manures — Guano,Peru,Ton,1890,,21916,,9907322
spike,Manures — Guano,Peru,Ton,1876,156864,21916,7.157,9907322
spike,Manures — Guano,Peru,Ton,1878,127813,21916,5.832,9907322
dip,Manures — Guano,Peru,Ton,1884,625,21916,0.029,9907322
dip,Manures — Guano,Peru,Ton,1891,3780,21916,0.172,9907322
dip,Manures — Guano,Peru,Ton,1896,4834,21916,0.221,9907322
hole,"Glass — Manufactures, Unenumerated",Belgium,Cwt,1875,,219260,,9759845
hole,"Glass — Manufactures, Unenumerated",Belgium,Cwt,1880,,219260,,9759845
hole,"Glass — Manufactures, Unenumerated",Belgium,Cwt,1881,,219260,,9759845
hole,"Glass — Manufactures, Unenumerated",Belgium,Cwt,1885,,219260,,9759845
hole,Eggs,Denmark,Great Hundred,1880,,827169,,9724882
hole,Eggs,Denmark,Great Hundred,1882,,827169,,9724882
dip,Eggs,Denmark,Great Hundred,1877,147580,827169,0.178,9724882
dip,Paraffine,United States Of America,?,1873,3056,24770,0.123,9573185
hole,Caoutchouc,Lagos,?,1891,,18240,,9559701
hole,Caoutchouc,Lagos,?,1892,,18240,,9559701
hole,Caoutchouc,Lagos,?,1893,,18240,,9559701
dip,Caoutchouc,Lagos,?,1894,681,18240,0.037,9559701
hole,Cotton — Flax Or Linseed,Argentine Republic,Quarter,1885,,112814,,9549007
hole,Cotton — Flax Or Linseed,Argentine Republic,Quarter,1886,,112814,,9549007
hole,Cotton — Flax Or Linseed,Argentine Republic,Quarter,1887,,112814,,9549007
dip,Cotton — Flax Or Linseed,Argentine Republic,Quarter,1882,24189,112814,0.214,9549007
dip,Cotton — Flax Or Linseed,Argentine Republic,Quarter,1891,20823,112814,0.185,9549007
dip,"Cotton Manufactures — Piece Goods, Printed (Contd)",Straits Settlements,?,1879,17272700,81621500,0.212,9498750
hole,"Cotton Manufactures — Piece Goods, Printed (Contd)",Uruguay,?,1880,,90856850,,9403381
dip,"Cotton Manufactures — Piece Goods, Printed (Contd)",Uruguay,?,1879,12452800,90856850,0.137,9403381
hole,Barley,Denmark,Cwt,1883,,983662,,9394348
hole,Barley,Denmark,Cwt,1887,,983662,,9394348
hole,Barley,Denmark,Cwt,1893,,983662,,9394348
dip,Barley,Denmark,Cwt,1884,226874,983662,0.231,9394348
dip,Barley,Denmark,Cwt,1892,237749,983662,0.242,9394348
dip,Barley,Denmark,Cwt,1895,157570,983662,0.16,9394348
hole,"Ivory — Teeth, Elephants', Sea-Cow, Sea-Horse, Or Sea-Morse",Holland,Cwt,1890,,918,,9388441
dip,"Ivory — Teeth, Elephants', Sea-Cow, Sea-Horse, Or Sea-Morse",Holland,Cwt,1882,207,918,0.225,9388441
hole,"Silk — Knubs Or Husks Of Silk, And Waste",China,Cwt,1884,,26762,,9328652
hole,"Silk — Knubs Or Husks Of Silk, And Waste",China,Cwt,1886,,26762,,9328652
hole,"Wood And Timber — Hewn, Teak",British East Indies,Load,1889,,41222,,9220964
dip,Cotton — Flax Or Linseed,Russia (Southern Ports),Quarter,1877,30739,193012,0.159,9189659
spike,"China, Or Porcelain, And Earthenware",United States Of America,?,1898,3300,648,5.093,9135910
hole,Bacon And Hams — Bacon,Canada,Cwt,1881,,151109,,9131526
dip,Bacon And Hams — Bacon,Canada,Cwt,1872,30367,151109,0.201,9131526
dip,Bacon And Hams — Bacon,Canada,Cwt,1875,25735,151109,0.17,9131526
dip,Bacon And Hams — Bacon,Canada,Cwt,1882,24983,151109,0.165,9131526
spike,Bacon And Hams — Bacon,Canada,Cwt,1885,794824,151109,5.26,9131526
hole,Wood And Timber — Mahogany,Mexico,Ton,1875,,19798,,9058247
hole,Wood And Timber — Mahogany,Mexico,Ton,1876,,19798,,9058247
hole,Wood And Timber — Mahogany,Mexico,Ton,1879,,19798,,9058247
hole,Wood And Timber — Mahogany,Mexico,Ton,1880,,19798,,9058247
hole,Wood And Timber — Mahogany,Mexico,Ton,1886,,19798,,9058247
hole,Wood And Timber — Mahogany,Mexico,Ton,1887,,19798,,9058247
hole,Wood And Timber — Mahogany,Mexico,Ton,1888,,19798,,9058247
hole,Wood And Timber — Mahogany,Mexico,Ton,1892,,19798,,9058247
dip,Silk — Raw,Belgium,?,1899,492,5200,0.095,9050468
hole,Leather Manufactures — Gloves,Belgium,Dozen Pairs,1882,,353487,,8945626
hole,Leather Manufactures — Gloves,Belgium,Dozen Pairs,1883,,353487,,8945626
hole,Leather Manufactures — Gloves,Belgium,Dozen Pairs,1884,,353487,,8945626
hole,Leather Manufactures — Gloves,Belgium,Dozen Pairs,1885,,353487,,8945626
dip,Leather Manufactures — Gloves,Belgium,Dozen Pairs,1874,38564,353487,0.109,8945626
dip,"Drugs — Bark, Peruvian",British East Indies,?,1894,3959,23048,0.172,8782979
hole,Tobacco — Cigars,United States Of America,Lb,1873,,830366,,8781179
hole,Tobacco — Cigars,United States Of America,Lb,1874,,830366,,8781179
hole,Tobacco — Cigars,United States Of America,Lb,1876,,830366,,8781179
hole,Tobacco — Cigars,United States Of America,Lb,1877,,830366,,8781179
hole,Tobacco — Cigars,United States Of America,Lb,1879,,830366,,8781179
hole,Tobacco — Cigars,United States Of America,Lb,1882,,830366,,8781179
hole,Tobacco — Cigars,United States Of America,Lb,1890,,830366,,8781179
hole,Paper — Hangings,France,Cwt,1874,,4868,,8759350
dip,Cotton — Rape,Bengal And Burmah,Quarter,1879,1660,188358,0.009,8737233
dip,"Paper-Making Materials — Esparto, And Other Vegetable Fibres",Spain,Ton,1873,2927,55760,0.052,8546025
hole,"Wood And Timber — Hewn, Fir",Canada,Load,1888,,151519,,8452214
hole,"Animals, Living — Sheep And Lambs",Germany,Number,1881,,339719,,8362287
hole,"Animals, Living — Sheep And Lambs",Germany,Number,1882,,339719,,8362287
hole,"Animals, Living — Sheep And Lambs",Germany,Number,1887,,339719,,8362287
hole,Pork — Salted (Not Hams),Other Countries,?,1873,,7362,,8311341
hole,Pork — Salted (Not Hams),Other Countries,?,1876,,7362,,8311341
hole,"Leather, Undressed",Australasia,Lb,1891,,11355309,,8307583
hole,"Wood And Timber — Hewn, Teak",Burmah,Load,1888,,37354,,8279145
hole,"Wood And Timber — Hewn, Teak",Burmah,Load,1889,,37354,,8279145
hole,"Gum — Lac, Seed, Shell, Stick, And Dye",Bengal,Cwt,1887,,106902,,8257991
hole,"Gum — Lac, Seed, Shell, Stick, And Dye",Bengal,Cwt,1888,,106902,,8257991
hole,"Gum — Lac, Seed, Shell, Stick, And Dye",Bengal,Cwt,1889,,106902,,8257991
hole,"Gum — Lac, Seed, Shell, Stick, And Dye",Bengal,Cwt,1890,,106902,,8257991
spike,Barley,France,Cwt,1872,6183067,971504,6.364,8238166
dip,Fresh (Not Of British Taking) — Herrings,Sweden,Cwt,1897,67871,421380,0.161,8185911
dip,Fresh (Not Of British Taking) — Herrings,Sweden,Cwt,1899,81317,421380,0.193,8185911
dip,Fish — Fresh,Germany,Cwt,1885,866,7529,0.115,8071801
spike,Fish — Fresh,Germany,Cwt,1895,531230,7529,70.558,8071801
spike,Barley,Germany,Cwt,1879,3600513,888940,4.05,8071087
dip,Barley,Germany,Cwt,1897,141310,888940,0.159,8071087
dip,Barley,Germany,Cwt,1899,190618,888940,0.214,8071087
hole,Petroleum — Refined,United States Of America,Gallon,1875,,29279040,,7939992
hole,Petroleum — Refined,United States Of America,Gallon,1876,,29279040,,7939992
dip,Petroleum — Refined,United States Of America,Gallon,1872,5630080,29279040,0.192,7939992
hole,Silk — Raw,Japan,Lb,1885,,240406,,7895726
hole,Silk — Raw,Japan,Lb,1886,,240406,,7895726
hole,Silk — Raw,Japan,Lb,1890,,240406,,7895726
dip,Silk — Raw,Japan,Lb,1874,20689,240406,0.086,7895726
dip,Silk — Raw,Japan,Lb,1892,57663,240406,0.24,7895726
dip,Silk — Raw,Japan,Lb,1895,7040,240406,0.029,7895726
dip,Ivory,Native States,?,1887,40,528,0.076,7860271
spike,Ivory,Native States,?,1890,2806,528,5.319,7860271
hole,Sugar — In Lumps And Loaves,France,Cwt,1884,,488290,,7723143
dip,"Unrefined, Beetroot",France,Cwt,1882,142053,691424,0.205,7609990
hole,"Zinc — Crude, In Cakes",Holland,Ton,1877,,15388,,7567204
hole,"Zinc — Crude, In Cakes",Holland,Ton,1879,,15388,,7567204
hole,"Zinc — Crude, In Cakes",Holland,Ton,1884,,15388,,7567204
hole,"Wood And Timber — Sawn, Fir",United States Of America,Load,1892,,248772,,7487322
hole,"Wood And Timber — Sawn, Fir",United States Of America,Load,1893,,248772,,7487322
hole,"Wood And Timber — Sawn, Fir",United States Of America,Load,1895,,248772,,7487322
hole,"Hides, Not Tanned, Tawed, Curried, Or In Any Way Dressed — Tanned, Not Otherwise Dressed",United States Of America,Lb,1876,,17131317,,7425662
hole,Fish — Cured Or Salted,Canada,Cwt,1875,,258116,,7418117
spike,Fish — Cured Or Salted,Canada,Cwt,1885,3283425,258116,12.721,7418117
hole,Sugar — Unrefined,United States Of America,Ton,1878,,1634,,7368319
hole,"Cane, And Other Sorts",British West India Islands,Cwt,1883,,1204467,,7266271
hole,"Cane, And Other Sorts",British West India Islands,Cwt,1886,,1204467,,7266271
dip,"Cane, And Other Sorts",British West India Islands,Cwt,1887,34433,1204467,0.029,7266271
hole,Ivory — Vegetable,United States Of Colombia,Cwt,1887,,15129,,7234610
hole,Ivory — Vegetable,United States Of Colombia,Cwt,1888,,15129,,7234610
hole,"Zinc — Crude, In Cakes",Belgium,Ton,1877,,11731,,7108845
hole,"Zinc — Crude, In Cakes",Belgium,Ton,1879,,11731,,7108845
hole,"Zinc — Crude, In Cakes",Belgium,Ton,1884,,11731,,7108845
hole,"Sugar — Unrefined, Total",British Guiana,Cwt,1891,,766466,,7106477
dip,"Sugar — Unrefined, Total",British Guiana,Cwt,1899,63,766466,0.0,7106477
hole,"Tin — In Blocks, Ingots, Bars, Or Slabs",Australasia,Cwt,1891,,130836,,7043383
dip,"Tin — In Blocks, Ingots, Bars, Or Slabs",Australasia,Cwt,1884,7725,130836,0.059,7043383
hole,"Cane, And Other Sorts",British Guiana,Cwt,1883,,1224782,,6949414
hole,"Cane, And Other Sorts",British Guiana,Cwt,1886,,1224782,,6949414
dip,"Cane, And Other Sorts",British Guiana,Cwt,1887,9099,1224782,0.007,6949414
hole,Wool — Goats' Wool Or Hair,British Possessions In South Africa,Lb,1874,,5040890,,6911733
hole,Wool — Goats' Wool Or Hair,British Possessions In South Africa,Lb,1875,,5040890,,6911733
hole,"Animals, Living — Sheep And Lambs",Holland,Number,1881,,212784,,6879439
hole,"Animals, Living — Sheep And Lambs",Holland,Number,1882,,212784,,6879439
hole,"Animals, Living — Sheep And Lambs",Holland,Number,1887,,212784,,6879439
dip,"Animals, Living — Sheep And Lambs",Holland,Number,1892,6686,212784,0.031,6879439
hole,"Iron — Manufactures Of Iron Or Steel, Unenumerated",Australia,?,1876,,88452,,6876136
hole,Oil — Coco-Nut,British East Indies,Cwt,1891,,172921,,6874257
hole,Caoutchouc — Manufactures Of,Germany,Lb,1873,,1688200,,6816242
hole,Caoutchouc — Manufactures Of,Germany,Lb,1874,,1688200,,6816242
hole,Caoutchouc — Manufactures Of,Germany,Lb,1881,,1688200,,6816242
hole,Caoutchouc — Manufactures Of,Germany,Lb,1882,,1688200,,6816242
hole,Caoutchouc — Manufactures Of,Germany,Lb,1883,,1688200,,6816242
dip,"Cocoa Or Chocolate, In The Manufacture Of Which Spirit Has Been Used",Belgium,Lb,1893,3279,37133,0.088,6680095
hole,Iron — Pig And Puddled,Sweden,Ton,1880,,37918,,6673637
hole,Iron — Pig And Puddled,Sweden,Ton,1881,,37918,,6673637
hole,Corn And Grain — Pease,Canada,Cwt,1890,,906481,,6631951
hole,Corn And Grain — Pease,Canada,Cwt,1892,,906481,,6631951
dip,Corn And Grain — Pease,Canada,Cwt,1883,9825,906481,0.011,6631951
hole,Wine — Red,Spain,Gallon,1889,,1310341,,6563102
hole,Wine — Red,Spain,Gallon,1890,,1310341,,6563102
hole,Wine — Red,Spain,Gallon,1891,,1310341,,6563102
dip,Wet,Uruguay,Cwt,1899,3479,58292,0.06,6517732
hole,Gutta Percha,British East Indies,Cwt,1887,,43550,,6506656
hole,Gutta Percha,British East Indies,Cwt,1888,,43550,,6506656
hole,Gutta Percha,British East Indies,Cwt,1893,,43550,,6506656
dip,Fresh (Not Of British Taking) — Herrings,Other Foreign Countries,?,1895,243,2317,0.105,6429890
hole,"Dye Stuffs, And Substances Used In Tanning — Cutch And Gambier",British East Indies,Ton,1887,,25015,,6423246
hole,"Dye Stuffs, And Substances Used In Tanning — Cutch And Gambier",British East Indies,Ton,1889,,25015,,6423246
hole,"Dye Stuffs, And Substances Used In Tanning — Cutch And Gambier",British East Indies,Ton,1891,,25015,,6423246
hole,Wet,Brazil,Cwt,1882,,51650,,6339814
hole,"Glass — Window And German Sheet, Including Shades And Cylinders",Belgium,Cwt,1884,,630640,,6335594
hole,"Glass — Window And German Sheet, Including Shades And Cylinders",Belgium,Cwt,1887,,630640,,6335594
hole,"Glass — Window And German Sheet, Including Shades And Cylinders",Belgium,Cwt,1898,,630640,,6335594
hole,"Fruit — Unenumerated, Dried",Turkey,Cwt,1892,,249794,,6316136
dip,"Fruit — Unenumerated, Dried",Turkey,Cwt,1884,1448,249794,0.006,6316136
hole,Hemp — Dressed Or Undressed,Russia,Cwt,1893,,210390,,6259334
hole,Hemp — Dressed Or Undressed,Russia,Cwt,1894,,210390,,6259334
hole,Hemp — Dressed Or Undressed,Russia,Cwt,1895,,210390,,6259334
hole,Hemp — Dressed Or Undressed,Russia,Cwt,1896,,210390,,6259334
hole,Gutta Percha,Straits Settlements,Cwt,1889,,40808,,6251018
hole,Gutta Percha,Straits Settlements,Cwt,1890,,40808,,6251018
hole,Rice,Madras,Cwt,1880,,748077,,6158747
hole,Rice,Madras,Cwt,1885,,748077,,6158747
hole,Rice,Madras,Cwt,1892,,748077,,6158747
hole,Rice,Madras,Cwt,1893,,748077,,6158747
hole,Rice,Madras,Cwt,1894,,748077,,6158747
dip,Rice,Madras,Cwt,1887,41672,748077,0.056,6158747
dip,Rice,Madras,Cwt,1889,65904,748077,0.088,6158747
hole,Cotton Manufactures — Other Than Muslins,United States Of America,Yard,1884,,16600148,,6029867
hole,Cotton Manufactures — Other Than Muslins,United States Of America,Yard,1885,,16600148,,6029867
hole,Hemp — Dressed Or Undressed,Italy,Cwt,1893,,194271,,6017775
hole,Hemp — Dressed Or Undressed,Italy,Cwt,1894,,194271,,6017775
hole,Hemp — Dressed Or Undressed,Italy,Cwt,1895,,194271,,6017775
hole,Hemp — Dressed Or Undressed,Italy,Cwt,1896,,194271,,6017775
spike,"Spirits — Unenumerated, Not Sweetened Or Mixed",Russia,Proof Gallon,1890,1089692,202174,5.39,6006344
dip,Cotton Twist And Yarn,Italy,?,1883,1168600,13296400,0.088,6004939
hole,"Skins, Furs, And Pelts — Sheep, Undressed",British Possessions In South Africa,Number,1881,,2968835,,5926518
hole,"Skins, Furs, And Pelts — Sheep, Undressed",British Possessions In South Africa,Number,1889,,2968835,,5926518
hole,"Skins, Furs, And Pelts — Sheep, Undressed",British Possessions In South Africa,Number,1890,,2968835,,5926518
hole,"Skins, Furs, And Pelts — Sheep, Undressed",British Possessions In South Africa,Number,1891,,2968835,,5926518
hole,"Meat, Unenumerated — Preserved, Otherwise Than By Salting",Australasia,Cwt,1885,,143482,,5860044
hole,Nuts And Kernels — Commonly Used For Expressing Oil Therefrom,Lagos,Ton,1894,,23000,,5840895
hole,Hemp — Dressed Or Undressed,Germany,Cwt,1893,,221370,,5823234
hole,Hemp — Dressed Or Undressed,Germany,Cwt,1894,,221370,,5823234
hole,Hemp — Dressed Or Undressed,Germany,Cwt,1895,,221370,,5823234
hole,Hemp — Dressed Or Undressed,Germany,Cwt,1896,,221370,,5823234
hole,Paper — Unenumerated,British India,?,1876,,6905,,5765236
hole,Paper — Unenumerated,British India,?,1879,,6905,,5765236
hole,Paper — Unenumerated,British India,?,1880,,6905,,5765236
hole,Caoutchouc,United States Of America,Cwt,1879,,8526,,5706004
hole,Caoutchouc,United States Of America,Cwt,1887,,8526,,5706004
hole,Caoutchouc,United States Of America,Cwt,1889,,8526,,5706004
hole,Caoutchouc,United States Of America,Cwt,1890,,8526,,5706004
hole,Caoutchouc,United States Of America,Cwt,1891,,8526,,5706004
dip,Caoutchouc,United States Of America,Cwt,1877,1302,8526,0.153,5706004
hole,"Ivory — Teeth, Elephants', Sea-Cow, Sea-Horse, Or Sea-Morse",France,Cwt,1890,,390,,5663785
hole,"Skins, Furs, And Pelts — Seal",Norway,Number,1876,,74676,,5628730
hole,"Skins, Furs, And Pelts — Seal",Norway,Number,1881,,74676,,5628730
hole,"Skins, Furs, And Pelts — Seal",Norway,Number,1883,,74676,,5628730
dip,"Skins, Furs, And Pelts — Seal",Norway,Number,1875,14978,74676,0.201,5628730
hole,Caoutchouc,Straits Settlements,Cwt,1874,,9503,,5597081
hole,Caoutchouc,Straits Settlements,Cwt,1887,,9503,,5597081
hole,Caoutchouc,Straits Settlements,Cwt,1888,,9503,,5597081
hole,Caoutchouc,Straits Settlements,Cwt,1889,,9503,,5597081
hole,Caoutchouc,Straits Settlements,Cwt,1890,,9503,,5597081
hole,Feathers — Ornamental,France,Lb,1883,,111040,,5593783
hole,Feathers — Ornamental,France,Lb,1885,,111040,,5593783
hole,Feathers — Ornamental,France,Lb,1887,,111040,,5593783
hole,"Ivory — Teeth, Elephants', Sea-Cow, Sea-Horse, Or Sea-Morse",Germany,Cwt,1890,,504,,5562417
dip,"Ivory — Teeth, Elephants', Sea-Cow, Sea-Horse, Or Sea-Morse",Germany,Cwt,1885,121,504,0.24,5562417
hole,Manures — Phosphate Of Lime And Rock,United States Of America,Ton,1893,,138844,,5531673
dip,Manures — Phosphate Of Lime And Rock,United States Of America,Ton,1882,4952,138844,0.036,5531673
dip,Wet,France,Cwt,1873,14267,58818,0.243,5509655
dip,Wet,France,Cwt,1875,8059,58818,0.137,5509655
dip,"Tin — In Blocks, Ingots, Bars, Or Slabs, And Regulus",Australia,Cwt,1873,9854,154752,0.064,5482523
hole,Fruit — Unenumerated : Raw,Spain,Bushel,1892,,696989,,5470914
dip,Plums — Raw,United States Of America,?,1893,90,3056,0.029,5386396
hole,Fruit — Oranges And Lemons,Italy,Bushel,1875,,754314,,5377749
hole,Fruit — Oranges And Lemons,Italy,Bushel,1887,,754314,,5377749
hole,Jute — Boots And Shoes,Belgium,Dozen Pairs,1873,,56743,,5368702
hole,Jute — Boots And Shoes,Belgium,Dozen Pairs,1874,,56743,,5368702
hole,Jute — Boots And Shoes,Belgium,Dozen Pairs,1875,,56743,,5368702
hole,Jute — Boots And Shoes,Belgium,Dozen Pairs,1880,,56743,,5368702
hole,Jute — Boots And Shoes,Belgium,Dozen Pairs,1881,,56743,,5368702
hole,Ice,Norway,Ton,1874,,285001,,5358174
hole,Ice,Norway,Ton,1878,,285001,,5358174
hole,Ice,Norway,Ton,1889,,285001,,5358174
hole,Animals — Sheep And Lambs,Germany,Number,1876,,385780,,5347449
hole,Animals — Sheep And Lambs,Germany,Number,1878,,385780,,5347449
dip,Caoutchouc,French Possessions,Cwt,1893,1609,15798,0.102,5344911
dip,"Sugar — Unrefined : Cane, And Other Sorts",Java,Cwt,1899,149732,1251599,0.12,5283678
dip,"Copper — Unwrought, In Bars, Blocks Or Slabs, Cakes Or Ingots",United States Of America,Ton,1890,1195,4948,0.242,5276532
spike,"Copper — Unwrought, In Bars, Blocks Or Slabs, Cakes Or Ingots",United States Of America,Ton,1894,31456,4948,6.357,5276532
hole,"Glass — Window And German Sheet, In- Cluding Shades And Cylinders",Belgium,Cwt,1890,,699824,,5263167
hole,Woollen Yarn — For Weaving,France,Lb,1877,,2082638,,5249274
hole,Woollen Yarn — For Weaving,France,Lb,1880,,2082638,,5249274
hole,Woollen Yarn — For Weaving,France,Lb,1882,,2082638,,5249274
hole,Woollen Yarn — For Weaving,France,Lb,1890,,2082638,,5249274
hole,Woollen Yarn — For Weaving,France,Lb,1892,,2082638,,5249274
hole,"Cotton Manufactures — Piece Goods, Printed","Portugal, Azores, And Madeira",?,1876,,33341639,,5194018
hole,"Cotton Manufactures — Piece Goods, Printed","Portugal, Azores, And Madeira",?,1879,,33341639,,5194018
hole,Cotton — Rape,Russia,Quarter,1884,,105804,,5192972
hole,Cotton — Rape,Russia,Quarter,1891,,105804,,5192972
dip,Cotton — Rape,Russia,Quarter,1877,23126,105804,0.219,5192972
dip,Corn And Grain — Wheat Meal Or Flour,Canada,Cwt,1881,259862,1080955,0.24,5180451
hole,Paper — Of Other Materials,China,Number,1886,,1308564,,5143707
hole,Paper — Of Other Materials,China,Number,1887,,1308564,,5143707
hole,Paper — Of Other Materials,China,Number,1891,,1308564,,5143707
hole,Paper — Of Other Materials,China,Number,1892,,1308564,,5143707
hole,Paper — Of Other Materials,China,Number,1893,,1308564,,5143707
spike,Paper — Of Other Materials,China,Number,1878,7038181,1308564,5.379,5143707
spike,Paper — Of Other Materials,China,Number,1882,6946560,1308564,5.309,5143707
hole,"Sugar — Unrefined : Cane, And Other Sorts",British West India Islands,Cwt,1891,,598177,,5066243
hole,Cotton — Rape,British East Indies,Quarter,1886,,105239,,5045691
hole,Cotton — Rape,British East Indies,Quarter,1891,,105239,,5045691
hole,Cotton — Rape,British East Indies,Quarter,1893,,105239,,5045691
hole,"Dye Stuffs, And Substances Used In Tanning — Cutch And Gambier",Straits Settlements,Ton,1885,,19952,,5043002
hole,"Dye Stuffs, And Substances Used In Tanning — Cutch And Gambier",Straits Settlements,Ton,1887,,19952,,5043002
hole,"Dye Stuffs, And Substances Used In Tanning — Cutch And Gambier",Straits Settlements,Ton,1891,,19952,,5043002
hole,"Dye Stuffs, And Substances Used In Tanning — Cutch And Gambier",Straits Settlements,Ton,1895,,19952,,5043002
hole,Tobacco — Unmanufactured,Canada,?,1893,,11684,,4995360
hole,Tobacco — Unmanufactured,Canada,?,1898,,11684,,4995360
hole,"Iron — Manufactures Of Iron Or Steel, Unenumerated",United States Of America,?,1876,,44295,,4977368
hole,Cotton Manufactures — Other Than Muslins,Belgium,Yard,1884,,13967606,,4963663
hole,Cotton Manufactures — Other Than Muslins,Belgium,Yard,1885,,13967606,,4963663
spike,Metal — Wrought Or Manufactured,Holland,Ton,1884,85214,10003,8.519,4953430
dip,Metal — Wrought Or Manufactured,Holland,Ton,1887,1133,10003,0.113,4953430
spike,Metal — Wrought Or Manufactured,Holland,Ton,1892,97310,10003,9.728,4953430
spike,Metal — Wrought Or Manufactured,Holland,Ton,1895,99311,10003,9.928,4953430
hole,Cocoa,Portugal,Lb,1882,,1435237,,4946490
hole,Cocoa,Portugal,Lb,1895,,1435237,,4946490
dip,Cocoa,Portugal,Lb,1880,299345,1435237,0.209,4946490
dip,Cocoa,Portugal,Lb,1888,333821,1435237,0.233,4946490
hole,"Animals, Living — Sheep And Lambs",Argentine Republic,Number,1886,,48906,,4938498
hole,"Animals, Living — Sheep And Lambs",Argentine Republic,Number,1887,,48906,,4938498
hole,"Animals, Living — Sheep And Lambs",Argentine Republic,Number,1888,,48906,,4938498
dip,"Animals, Living — Sheep And Lambs",Argentine Republic,Number,1889,101,48906,0.002,4938498
dip,Cotton Manufactures — Other Than Muslins,France,Pieces,1881,74688,340510,0.219,4903195
hole,"Wood And Timber — Hewn, Fir : Oak",Canada,Load,1884,,34510,,4878870
hole,"Wood And Timber — Hewn, Fir : Oak",Canada,Load,1885,,34510,,4878870
hole,"Wood And Timber — Hewn, Fir : Oak",Canada,Load,1886,,34510,,4878870
hole,"Wood And Timber — Hewn, Fir : Oak",Canada,Load,1888,,34510,,4878870
hole,Leather — Dressed,France,Lb,1887,,5163194,,4781104
hole,"Sugar — Unrefined : Cane, And Other Sorts",British Guiana,Cwt,1891,,679629,,4769597
hole,Tobacco — Unmanufactured,Holland,Lb,1876,,5707761,,4720141
hole,Tobacco — Unmanufactured,Holland,Lb,1877,,5707761,,4720141
hole,Tobacco — Unmanufactured,Holland,Lb,1879,,5707761,,4720141
hole,Tobacco — Unmanufactured,Holland,Lb,1881,,5707761,,4720141
hole,Tobacco — Unmanufactured,Holland,Lb,1882,,5707761,,4720141
hole,"Glass — Manufactures, Unenumerated",France,Cwt,1875,,99080,,4719848
hole,"Glass — Manufactures, Unenumerated",France,Cwt,1880,,99080,,4719848
hole,"Glass — Manufactures, Unenumerated",France,Cwt,1881,,99080,,4719848
hole,"Glass — Manufactures, Unenumerated",France,Cwt,1885,,99080,,4719848
hole,Potatoes,Germany,Cwt,1878,,329441,,4717917
spike,Potatoes,Germany,Cwt,1873,1526394,329441,4.633,4717917
dip,Potatoes,Germany,Cwt,1890,28520,329441,0.087,4717917
dip,Potatoes,Germany,Cwt,1896,17599,329441,0.053,4717917
spike,Potatoes,Germany,Cwt,1898,1953638,329441,5.93,4717917
hole,"Wood And Timber — Hewn, Fir : Oak",Germany,Load,1885,,42600,,4696957
hole,"Wood And Timber — Hewn, Fir : Oak",Germany,Load,1886,,42600,,4696957
hole,"Wood And Timber — Hewn, Fir : Oak",Germany,Load,1888,,42600,,4696957
hole,"Cotton Manufactures — Piece Goods, Printed (Contd)",Mexico,?,1880,,46641700,,4677465
hole,"Skins, Furs, And Pelts — Goat, Undressed",British East Indies,Number,1891,,2454533,,4614516
hole,"Skins, Furs, And Pelts — Goat, Undressed",British East Indies,Number,1892,,2454533,,4614516
dip,"Silk — Knubs Or Husks Of Silk, And Waste",Hong Kong,Cwt,1885,2318,14911,0.155,4603216
dip,"Silk — Knubs Or Husks Of Silk, And Waste",Hong Kong,Cwt,1895,2031,14911,0.136,4603216
hole,Paper — Of Other Materials,Spain,Number,1884,,555508,,4574336
hole,Paper — Of Other Materials,Spain,Number,1885,,555508,,4574336
hole,Paper — Of Other Materials,Spain,Number,1886,,555508,,4574336
hole,Paper — Of Other Materials,Spain,Number,1887,,555508,,4574336
hole,Paper — Of Other Materials,Spain,Number,1892,,555508,,4574336
dip,Woollen Manufactures — Stuffs,Holland,Yard,1882,531707,4108432,0.129,4572472
dip,Woollen Yarn — Cloths,France,?,1895,9485,42332,0.224,4559109
spike,Woollen Yarn — Cloths,France,?,1898,232405,42332,5.49,4559109
hole,"Wood And Timber — Hewn, Fir",United States Of America,Load,1888,,97445,,4551941
dip,Kowrie,Australasia,Cwt,1883,22,62378,0.0,4512364
hole,Corn And Grain — Beans,Morocco,Cwt,1879,,458414,,4499475
hole,Corn And Grain — Beans,Morocco,Cwt,1880,,458414,,4499475
hole,Corn And Grain — Beans,Morocco,Cwt,1881,,458414,,4499475
hole,Corn And Grain — Beans,Morocco,Cwt,1882,,458414,,4499475
dip,Corn And Grain — Beans,Morocco,Cwt,1894,21535,458414,0.047,4499475
hole,"Wool — Alpaca, Vicuña, And Llama",Peru,Lb,1892,,3925072,,4482363
hole,"Cotton Manufactures — Piece Goods, Printed",Holland,?,1876,,35548350,,4469730
hole,"Cotton Manufactures — Piece Goods, Printed",Holland,?,1879,,35548350,,4469730
hole,Wine — White,Italy,Gallon,1889,,486390,,4468026
hole,Wine — White,Italy,Gallon,1890,,486390,,4468026
hole,Wine — White,Italy,Gallon,1891,,486390,,4468026
dip,Wet,Italy,Cwt,1883,13411,54138,0.248,4439051
dip,Wet,Italy,Cwt,1886,12887,54138,0.238,4439051
hole,Kowrie,New Zealand,Cwt,1887,,62350,,4428794
hole,Kowrie,New Zealand,Cwt,1888,,62350,,4428794
hole,Kowrie,New Zealand,Cwt,1889,,62350,,4428794
hole,Kowrie,New Zealand,Cwt,1890,,62350,,4428794
hole,Lead — Pig And Sheet,Greece,Ton,1898,,7142,,4366078
hole,"Drugs — Bark, Peruvian",Ceylon,Cwt,1885,,65126,,4314671
hole,"Drugs — Bark, Peruvian",Ceylon,Cwt,1894,,65126,,4314671
hole,"Drugs — Bark, Peruvian",Ceylon,Cwt,1895,,65126,,4314671
hole,Collodium,Germany,Gallon,1886,,947,,4294256
hole,Collodium,Germany,Gallon,1892,,947,,4294256
hole,"Tin — In Blocks, Ingots, Bars, Or Slabs",New South Wales,Cwt,1884,,77678,,4291008
hole,"Tin — In Blocks, Ingots, Bars, Or Slabs",New South Wales,Cwt,1891,,77678,,4291008
dip,Lead — Pig And Sheet,New South Wales,Ton,1897,5703,25528,0.223,4213746
hole,Wine — White,Holland,Gallon,1889,,474391,,4189018
hole,Wine — White,Holland,Gallon,1890,,474391,,4189018
hole,Wine — White,Holland,Gallon,1891,,474391,,4189018
spike,Paper — Hangings,Sweden,Cwt,1898,540586,122966,4.396,4118751
hole,"Mutton, Fresh",Holland,Cwt,1883,,123083,,4098565
hole,Dye Woods — Logwood,British Honduras,Ton,1891,,13397,,4087031
hole,Dye Woods — Logwood,British Honduras,Ton,1892,,13397,,4087031
hole,Manures — Unenumerated,Germany,Ton,1877,,48874,,4072715
hole,Manures — Unenumerated,Germany,Ton,1880,,48874,,4072715
hole,Manures — Unenumerated,Germany,Ton,1883,,48874,,4072715
hole,"Mutton, Fresh",New South Wales,Cwt,1885,,144812,,4061851
dip,"Mutton, Fresh",New South Wales,Cwt,1884,26364,144812,0.182,4061851
dip,"Mutton, Fresh",New South Wales,Cwt,1889,30999,144812,0.214,4061851
spike,"Mutton, Fresh",New South Wales,Cwt,1896,618091,144812,4.268,4061851
hole,Fish — Cured Or Salted,United States Of America,Cwt,1875,,147714,,4026234
hole,Fish — Cured Or Salted,Norway,Cwt,1875,,141237,,4026208
dip,Fish — Cured Or Salted,Norway,Cwt,1874,12141,141237,0.086,4026208
dip,Fish — Cured Or Salted,Norway,Cwt,1878,31259,141237,0.221,4026208
hole,Paper — Unenumerated,Germany,Cwt,1881,,208708,,4018629
spike,Wax,Portugal,?,1876,6558,1624,4.039,4009758
dip,Wax,Portugal,?,1884,260,1624,0.16,4009758
hole,Hemp — Rough Or Undressed,Russia,Cwt,1874,,365464,,4002165
hole,Hemp — Rough Or Undressed,Russia,Cwt,1875,,365464,,4002165
hole,Hemp — Rough Or Undressed,Russia,Cwt,1876,,365464,,4002165
hole,Roasted Or Ground,Other Countries,Lb,1880,,14815,,3952951
dip,Roasted Or Ground,Other Countries,Lb,1875,3107,14815,0.21,3952951
spike,Roasted Or Ground,Other Countries,Lb,1882,255960,14815,17.277,3952951
hole,Tallow And Stearine,New Zealand,Cwt,1887,,163412,,3903070
hole,Tallow And Stearine,New Zealand,Cwt,1888,,163412,,3903070
hole,Tallow And Stearine,New Zealand,Cwt,1889,,163412,,3903070
hole,Tallow And Stearine,New Zealand,Cwt,1890,,163412,,3903070
hole,Cocoa,Brazil,Lb,1879,,1509610,,3898085
hole,Cocoa,Brazil,Lb,1882,,1509610,,3898085
hole,Cocoa,Brazil,Lb,1883,,1509610,,3898085
hole,Cocoa,Brazil,Lb,1884,,1509610,,3898085
hole,Cocoa,Brazil,Lb,1895,,1509610,,3898085
dip,Cocoa,Brazil,Lb,1885,151962,1509610,0.101,3898085
hole,"Meat, Unenumerated — Salted Or Fresh",Holland,Cwt,1881,,56095,,3885354
dip,"Meat, Unenumerated — Salted Or Fresh",Holland,Cwt,1882,2447,56095,0.044,3885354
hole,Animals — Sheep And Lambs,Holland,Number,1876,,282032,,3877289
hole,Animals — Sheep And Lambs,Holland,Number,1878,,282032,,3877289
dip,Hops,Germany,Cwt,1893,3785,23498,0.161,3871407
dip,Wood And Timber — Fir,United States Of America,Load,1872,39731,171584,0.232,3870956
hole,"Zinc — Manufactures, Unenumerated",Holland,Cwt,1877,,167380,,3864955
hole,"Zinc — Manufactures, Unenumerated",Holland,Cwt,1879,,167380,,3864955
hole,"Zinc — Manufactures, Unenumerated",Holland,Cwt,1884,,167380,,3864955
hole,"Zinc — Manufactures, Unenumerated",Holland,Cwt,1891,,167380,,3864955
hole,"Zinc — Manufactures, Unenumerated",Holland,Cwt,1892,,167380,,3864955
hole,Feathers — Ornamental,British Possessions In South Africa,Lb,1883,,78947,,3858340
hole,Feathers — Ornamental,British Possessions In South Africa,Lb,1885,,78947,,3858340
hole,Feathers — Ornamental,British Possessions In South Africa,Lb,1886,,78947,,3858340
hole,Feathers — Ornamental,British Possessions In South Africa,Lb,1887,,78947,,3858340
hole,Paper — Millboard And Pasteboard,Holland,Cwt,1889,,278480,,3819098
hole,Hemp — Rough Or Undressed,Philippine Islands,Cwt,1874,,340765,,3779116
hole,Hemp — Rough Or Undressed,Philippine Islands,Cwt,1875,,340765,,3779116
hole,Hemp — Rough Or Undressed,Philippine Islands,Cwt,1876,,340765,,3779116
spike,"Flax, Dressed Or Undressed",France,?,1882,11491,2754,4.172,3778773
hole,Wood And Timber — Staves,Norway,Load,1892,,29834,,3769376
hole,"Cotton Manufactures — Piece Goods, Printed",Belgium,?,1876,,22730700,,3768593
hole,"Cotton Manufactures — Piece Goods, Printed",Belgium,?,1879,,22730700,,3768593
hole,"Cards, Playing",British East Indies,Dozen Packs,1898,,19608098,,3741121
hole,Wood And Timber — Oak,British North America,Load,1880,,33610,,3723051
hole,Wood And Timber — Oak,British North America,Load,1882,,33610,,3723051
dip,Slates,United States Of America,?,1898,366400,15080189,0.024,3713317
hole,"Copper — Unwrought, In Bars, Blocks Or Slabs, Cakes Or Ingots",New South Wales,Ton,1892,,5696,,3693167
dip,"Copper — Unwrought, In Bars, Blocks Or Slabs, Cakes Or Ingots",New South Wales,Ton,1893,1373,5696,0.241,3693167
hole,Cochineal (Including Granilla And Dust),Canary Islands,Cwt,1874,,26740,,3661497
hole,Gutta Percha,Other Countries,Cwt,1873,,782,,3655782
hole,Gutta Percha,Other Countries,Cwt,1877,,782,,3655782
hole,Gutta Percha,Other Countries,Cwt,1881,,782,,3655782
hole,Cocoa,France,Lb,1895,,1406808,,3619308
dip,Cocoa,France,Lb,1872,325962,1406808,0.232,3619308
hole,Corn And Grain — Pease,United States Of America,Cwt,1892,,472578,,3618380
dip,Corn And Grain — Pease,United States Of America,Cwt,1873,60805,472578,0.129,3618380
dip,Corn And Grain — Pease,United States Of America,Cwt,1893,93784,472578,0.198,3618380
hole,Sugar — Molasses,United States Of America,Cwt,1874,,375750,,3595358
hole,Sugar — Molasses,United States Of America,Cwt,1883,,375750,,3595358
hole,Sugar — Molasses,United States Of America,Cwt,1885,,375750,,3595358
hole,Sugar — Molasses,United States Of America,Cwt,1888,,375750,,3595358
dip,Sugar — Molasses,United States Of America,Cwt,1880,92000,375750,0.245,3595358
hole,Cotton — Rape,Bengal,Quarter,1883,,72636,,3592140
hole,Cotton — Rape,Bengal,Quarter,1884,,72636,,3592140
hole,Cotton — Rape,Bengal,Quarter,1891,,72636,,3592140
hole,Cotton — Rape,Bengal,Quarter,1892,,72636,,3592140
spike,Cotton — Rape,Bengal,Quarter,1885,319063,72636,4.393,3592140
spike,Oil — Olive,Spain,Tun,1873,17969,4287,4.192,3564667
dip,Oil — Olive,Spain,Tun,1879,411,4287,0.096,3564667
dip,Oil — Olive,Spain,Tun,1887,879,4287,0.205,3564667
hole,Cotton — Rape,British India Bombay And Scinde,Quarter,1876,,87070,,3536222
hole,Cotton — Rape,British India Bombay And Scinde,Quarter,1879,,87070,,3536222
hole,Yeast,Holland,Cwt,1888,,114752,,3532601
dip,Jute — Boots And Shoes,France,Dozen Pairs,1883,2393,37584,0.064,3516218
hole,Woollen Yarn — For Fancy Purposes,Germany,Lb,1876,,857591,,3488697
hole,Woollen Yarn — For Fancy Purposes,Germany,Lb,1895,,857591,,3488697
hole,"Skins, Furs, And Pelts — Undressed",New South Wales,Lb,1891,,5708068,,3431326
hole,"Skins, Furs, And Pelts — Undressed",New South Wales,Lb,1892,,5708068,,3431326
hole,Sugar — Glucose,United States Of America,Cwt,1895,,693790,,3426318
dip,Sugar — Glucose,United States Of America,Cwt,1888,33931,693790,0.049,3426318
hole,"Skins, Furs, And Pelts — Seal",Other Countries,Number,1876,,39580,,3414135
dip,"Sugar — Refined, Or Rendered By Any Process Equal Thereto : Refined, Total",Belgium,Cwt,1883,106387,466463,0.228,3396402
hole,"Dye Stuffs, And Substances Used In Tanning — Shumach",Italy,Ton,1877,,11851,,3394382
hole,"Dye Stuffs, And Substances Used In Tanning — Shumach",Italy,Ton,1893,,11851,,3394382
dip,"Seeds — Unenumerated, For Expressing Oil Therefrom",France,?,1872,8124,43583,0.186,3358388
hole,"Hides — Not Tanned, &C., Dry",Germany,?,1875,,126451,,3356677
hole,"Milk, Condensed",France,Cwt,1892,,257375,,3262309
hole,"Milk, Condensed",France,Cwt,1893,,257375,,3262309
dip,Gold — Leaves Of,Belgium,Number,1872,15647400,65616150,0.238,3257464
dip,Paper — For Printing Or Writing,Germany,Cwt,1875,14421,79323,0.182,3233950
hole,Oil — Fish : Train Or Blubber,Norway,Tun,1884,,6710,,3218486
hole,Oil — Fish : Train Or Blubber,Norway,Tun,1885,,6710,,3218486
hole,"Cards, Playing",British West India Islands,Dozen Packs,1898,,15443326,,3183596
hole,"Cards, Playing",Belgium,Dozen Packs,1880,,7882,,3181229
hole,"Cards, Playing",Belgium,Dozen Packs,1881,,7882,,3181229
hole,"Cards, Playing",Belgium,Dozen Packs,1882,,7882,,3181229
hole,"Cards, Playing",Belgium,Dozen Packs,1885,,7882,,3181229
hole,"Cards, Playing",Belgium,Dozen Packs,1886,,7882,,3181229
hole,"Cards, Playing",Belgium,Dozen Packs,1887,,7882,,3181229
dip,"Cards, Playing",Belgium,Dozen Packs,1897,1315,7882,0.167,3181229
hole,"Leather, Undressed",Victoria,Lb,1884,,4706447,,3127039
hole,"Leather, Undressed",Victoria,Lb,1891,,4706447,,3127039
hole,Cork — Unmanufactured,Portugal,Ton,1880,,7082,,3125710
hole,Cork — Unmanufactured,Portugal,Ton,1882,,7082,,3125710
hole,Cork — Unmanufactured,Portugal,Ton,1892,,7082,,3125710
hole,"Cotton Manufactures — Piece Goods, Printed (Contd)",British North America,?,1880,,27020300,,3095201
hole,Bristles,Other Countries,?,1874,,44722,,3090314
hole,Bristles,Other Countries,?,1876,,44722,,3090314
hole,Bristles,Other Countries,?,1879,,44722,,3090314
dip,Bristles,Other Countries,?,1878,10337,44722,0.231,3090314
hole,Corn And Grain — Beans,Turkey,Cwt,1874,,363132,,3084873
hole,Corn And Grain — Beans,Turkey,Cwt,1879,,363132,,3084873
dip,Corn And Grain — Beans,Turkey,Cwt,1875,47802,363132,0.132,3084873
spike,Corn And Grain — Beans,Turkey,Cwt,1894,2934634,363132,8.081,3084873
hole,"Skins, Furs, And Pelts — Undressed",Victoria,Lb,1891,,5318095,,3084148
hole,Fruit — Figs And Fig Cake,Turkey,Cwt,1885,,101847,,3073009
hole,Fruit — Figs And Fig Cake,Turkey,Cwt,1891,,101847,,3073009
dip,Calves,Holland,Number,1892,762,33312,0.023,3067720
hole,Oil — Olive,Turkey,Tun,1874,,3244,,3064525
hole,Oil — Olive,Turkey,Tun,1880,,3244,,3064525
hole,Oil — Olive,Turkey,Tun,1884,,3244,,3064525
hole,Oil — Olive,Turkey,Tun,1885,,3244,,3064525
hole,Oil — Olive,Turkey,Tun,1894,,3244,,3064525
hole,Oil — Olive,Turkey,Tun,1895,,3244,,3064525
dip,Oil — Olive,Turkey,Tun,1873,396,3244,0.122,3064525
dip,Oil — Olive,Turkey,Tun,1876,731,3244,0.225,3064525
hole,Wood And Timber — Staves,Germany,Load,1892,,24356,,3047876
hole,Caoutchouc — Manufactures Of,Germany,?,1874,,139017,,3038646
hole,Caoutchouc — Manufactures Of,Germany,?,1877,,139017,,3038646
hole,Caoutchouc — Manufactures Of,Germany,?,1880,,139017,,3038646
spike,Caoutchouc — Manufactures Of,Germany,?,1881,598251,139017,4.303,3038646
spike,Caoutchouc — Manufactures Of,Germany,?,1883,1310547,139017,9.427,3038646
hole,Paper — Unenumerated,Other Countries,Cwt,1876,,8702,,3032424
hole,Paper — Unenumerated,Other Countries,Cwt,1879,,8702,,3032424
dip,Paper — Unenumerated,Other Countries,Cwt,1883,211,8702,0.024,3032424
hole,"Buttons And Studs, Not Of Metal",Holland,Gross,1880,,1681546,,2997051
hole,"Buttons And Studs, Not Of Metal",Holland,Gross,1881,,1681546,,2997051
dip,"Buttons And Studs, Not Of Metal",Holland,Gross,1882,153078,1681546,0.091,2997051
hole,Tallow And Stearine,Victoria,Cwt,1887,,118594,,2992928
hole,Tallow And Stearine,Victoria,Cwt,1888,,118594,,2992928
hole,Tallow And Stearine,Victoria,Cwt,1889,,118594,,2992928
hole,Tallow And Stearine,Victoria,Cwt,1890,,118594,,2992928
hole,Fruit — Unenumerated : Raw,Canary Islands,Bushel,1892,,215910,,2974623
spike,Fruit — Unenumerated : Raw,Canary Islands,Bushel,1899,904369,215910,4.189,2974623
hole,Onions — Raw,Spain,Bushel,1885,,971900,,2926949
hole,Onions — Raw,Spain,Bushel,1886,,971900,,2926949
hole,Onions — Raw,Spain,Bushel,1888,,971900,,2926949
hole,Onions — Raw,Spain,Bushel,1889,,971900,,2926949
hole,Onions — Raw,Spain,Bushel,1896,,971900,,2926949
dip,Oil Seed Cake — Linseed Cake,Russia,Ton,1892,10211,65328,0.156,2924275
dip,"Ivory — Teeth, Elephants', Sea-Cow, Sea-Horse, Or Sea-Morse",French Possessions,Cwt,1893,7,316,0.022,2919156
hole,"Ivory — Teeth, Elephants', Sea-Cow, Sea-Horse, Or Sea-Morse",Tripoli,Cwt,1890,,316,,2895013
hole,"Ivory — Teeth, Elephants', Sea-Cow, Sea-Horse, Or Sea-Morse",Tripoli,Cwt,1892,,316,,2895013
hole,Bristles,China,Lb,1884,,778188,,2889364
hole,Bristles,China,Lb,1886,,778188,,2889364
hole,Wood And Timber — Staves,Russia,Load,1892,,24414,,2878971
dip,Wood And Timber — Staves,Russia,Load,1873,2234,24414,0.092,2878971
hole,Oil Seed Cake,Russia,Ton,1883,,22651,,2859906
hole,"Hides, Not Tanned, Tawed, Curried, Or In Any Way Dressed — Tanned, Not Otherwise Dressed",Australia,Lb,1876,,6262505,,2851990
hole,"Iron — Manufactures Of Iron Or Steel, Unenumerated",China,?,1876,,36495,,2848386
dip,"Iron — Manufactures Of Iron Or Steel, Unenumerated",China,?,1873,2257,36495,0.062,2848386
hole,Quicksilver (Metallic),Portugal,Lb,1873,,2731725,,2844044
dip,Nuts And Kernels — Commonly Used For Expressing Oil Therefrom,British East Indies,Ton,1880,1819,7757,0.234,2842122
dip,Paper — For Printing Or Writing,Belgium,Cwt,1874,12082,67169,0.18,2823813
dip,Beef — Fresh,Australasia,Cwt,1892,118633,512973,0.231,2811138
hole,Saltpetre (Nitrate Of Potash),Bengal,Cwt,1884,,180744,,2797334
hole,Saltpetre (Nitrate Of Potash),Bengal,Cwt,1887,,180744,,2797334
hole,Oil — Fish : Train Or Blubber,Canada,Tun,1884,,5845,,2779173
hole,Oil — Fish : Train Or Blubber,Canada,Tun,1885,,5845,,2779173
hole,Oil — Fish : Train Or Blubber,Canada,Tun,1886,,5845,,2779173
hole,Oil — Fish : Train Or Blubber,Canada,Tun,1895,,5845,,2779173
dip,"Skins, Furs, And Pelts — Seal",Whale Fisheries Northern,Number,1890,2749,28259,0.097,2774346
dip,"Skins, Furs, And Pelts — Seal",Whale Fisheries Northern,Number,1895,4537,28259,0.161,2774346
hole,Potatoes,Holland,Cwt,1878,,230155,,2728217
hole,Potatoes,Holland,Cwt,1889,,230155,,2728217
hole,Potatoes,Holland,Cwt,1891,,230155,,2728217
dip,Potatoes,Holland,Cwt,1896,48358,230155,0.21,2728217
dip,Beans (Not Kidney Or French),Russia,Cwt,1899,98000,1285500,0.076,2710838
hole,"Leather, Undressed",Straits Settlements,Lb,1883,,3753086,,2706075
hole,Oil — Animal,United States Of America,Cwt,1884,,59149,,2694436
hole,Oil — Animal,United States Of America,Cwt,1885,,59149,,2694436
dip,Oil — Animal,United States Of America,Cwt,1872,13903,59149,0.235,2694436
hole,"Leather, Undressed",New South Wales,Lb,1891,,3797862,,2693219
hole,"Leather, Undressed",New South Wales,Lb,1892,,3797862,,2693219
hole,"Glass — Manufactures, Unenumerated",Holland,Cwt,1875,,56802,,2682799
hole,"Glass — Manufactures, Unenumerated",Holland,Cwt,1880,,56802,,2682799
hole,"Glass — Manufactures, Unenumerated",Holland,Cwt,1881,,56802,,2682799
hole,"Glass — Manufactures, Unenumerated",Holland,Cwt,1885,,56802,,2682799
dip,Paper-Making Materials — Pulp Of Wood,Sweden,Ton,1887,8577,46328,0.185,2675218
hole,"Skins, Furs, And Pelts — Goat, Undressed",British Possessions In South Africa,Number,1882,,1265482,,2656221
hole,"Skins, Furs, And Pelts — Goat, Undressed",British Possessions In South Africa,Number,1887,,1265482,,2656221
hole,"Skins, Furs, And Pelts — Goat, Undressed",British Possessions In South Africa,Number,1889,,1265482,,2656221
hole,"Skins, Furs, And Pelts — Goat, Undressed",British Possessions In South Africa,Number,1890,,1265482,,2656221
hole,Pork — Salted (Not Hams),West Africa (Foreign,?,1876,,2600,,2631461
dip,"Fruit — Unenumerated, Dried",Other Countries,Cwt,1883,1382,11266,0.123,2626033
hole,Fruit — Unenumerated : Raw,France,Bushel,1892,,371468,,2609423
hole,"Milk, Condensed",Holland,Cwt,1892,,176337,,2599109
hole,"Milk, Condensed",Holland,Cwt,1893,,176337,,2599109
hole,"Iron — Manufactures Of Iron Or Steel, Unenumerated",British India,?,1876,,32230,,2594528
dip,"Iron — Manufactures Of Iron Or Steel, Unenumerated",British India,?,1873,7912,32230,0.245,2594528
hole,Paper — For Printing Or Writing,Sweden,Cwt,1874,,48876,,2585730
hole,Hemp — Dressed Or Undressed,United States Of America,?,1891,,2808,,2574403
hole,Hemp — Dressed Or Undressed,United States Of America,?,1892,,2808,,2574403
spike,Hemp — Dressed Or Undressed,United States Of America,?,1888,23017,2808,8.197,2574403
spike,Hemp — Dressed Or Undressed,United States Of America,?,1890,24449,2808,8.707,2574403
dip,Pyrites Of Iron Or Copper,Portugal,Ton,1895,8030,51943,0.155,2568707
dip,"Copper, Ore Of",Canada,Ton,1889,524,6965,0.075,2564075
dip,"Hides, Raw, And Pieces Thereof — Dry",British Possessions In South Africa,Cwt,1882,9084,64115,0.142,2548864
hole,Tallow And Stearine,Argentine Republic,Cwt,1875,,97898,,2543503
hole,Tallow And Stearine,Argentine Republic,Cwt,1878,,97898,,2543503
dip,Tallow And Stearine,Argentine Republic,Cwt,1881,21899,97898,0.224,2543503
dip,Tallow And Stearine,Argentine Republic,Cwt,1887,22002,97898,0.225,2543503
hole,"Glass — Manufactures, Unenumerated",Sweden,Cwt,1880,,38816,,2539613
hole,"Glass — Manufactures, Unenumerated",Sweden,Cwt,1881,,38816,,2539613
hole,"Glass — Manufactures, Unenumerated",Sweden,Cwt,1885,,38816,,2539613
hole,Saltpetre (Nitrate Of Potash),British East Indies,Cwt,1886,,151241,,2527215
hole,Saltpetre (Nitrate Of Potash),British East Indies,Cwt,1887,,151241,,2527215
hole,"Silk — Knubs Or Husks Of Silk, And Waste",British East Indies,Cwt,1883,,6960,,2511002
hole,"Silk — Knubs Or Husks Of Silk, And Waste",British East Indies,Cwt,1884,,6960,,2511002
hole,"Flowers, Artificial — Apples, Raw",United States Of America,Bushel,1887,,1516201,,2481341
hole,Spirits — Not Tested For Ascertaining Strength,France,Gallon,1884,,4268,,2467486
hole,Spirits — Not Tested For Ascertaining Strength,France,Gallon,1885,,4268,,2467486
dip,Spirits — Not Tested For Ascertaining Strength,France,Gallon,1882,109,4268,0.026,2467486
hole,Oil — Train Or Blubber,Canada,Tun,1874,,7892,,2453466
hole,Oil — Train Or Blubber,Canada,Tun,1878,,7892,,2453466
hole,"Zinc — Manufactures, Unenumerated",Germany,Cwt,1877,,99365,,2447427
hole,"Zinc — Manufactures, Unenumerated",Germany,Cwt,1879,,99365,,2447427
hole,"Zinc — Manufactures, Unenumerated",Germany,Cwt,1884,,99365,,2447427
hole,"Zinc — Manufactures, Unenumerated",Germany,Cwt,1891,,99365,,2447427
hole,"Zinc — Manufactures, Unenumerated",Germany,Cwt,1892,,99365,,2447427
hole,Plumbago,British East Indies,Ton,1886,,7944,,2438800
hole,Plumbago,British East Indies,Ton,1887,,7944,,2438800
hole,Plumbago,British East Indies,Ton,1892,,7944,,2438800
hole,Potatoes,Belgium,Cwt,1878,,290965,,2434436
hole,Potatoes,Belgium,Cwt,1882,,290965,,2434436
hole,Potatoes,Belgium,Cwt,1884,,290965,,2434436
hole,Potatoes,Belgium,Cwt,1888,,290965,,2434436
hole,Potatoes,Belgium,Cwt,1889,,290965,,2434436
hole,Potatoes,Belgium,Cwt,1890,,290965,,2434436
dip,Potatoes,Belgium,Cwt,1896,3556,290965,0.012,2434436
hole,Ivory — Vegetable,Germany,Cwt,1887,,6044,,2427266
hole,Ivory — Vegetable,Germany,Cwt,1888,,6044,,2427266
hole,Ivory — Vegetable,Ecuador,Cwt,1887,,5421,,2417701
hole,Ivory — Vegetable,Ecuador,Cwt,1888,,5421,,2417701
spike,Ivory — Vegetable,Ecuador,Cwt,1889,21827,5421,4.026,2417701
hole,Fish — Cured Or Salted,France,Cwt,1875,,83930,,2400132
hole,"Fruit — Preserved Without Sugar, Unenumerated",Italy,Lb,1873,,11701366,,2397087
hole,"Fruit — Preserved Without Sugar, Unenumerated",Italy,Lb,1875,,11701366,,2397087
hole,"Fruit — Preserved Without Sugar, Unenumerated",Italy,Lb,1882,,11701366,,2397087
hole,"Fruit — Preserved Without Sugar, Unenumerated",Italy,Lb,1884,,11701366,,2397087
hole,"Fruit — Preserved Without Sugar, Unenumerated",Italy,Lb,1887,,11701366,,2397087
hole,Plumbago,Ceylon,Ton,1882,,4633,,2382201
hole,Plumbago,Ceylon,Ton,1883,,4633,,2382201
hole,Plumbago,Ceylon,Ton,1884,,4633,,2382201
hole,Plumbago,Ceylon,Ton,1885,,4633,,2382201
hole,Plumbago,Ceylon,Ton,1887,,4633,,2382201
hole,Plumbago,Ceylon,Ton,1888,,4633,,2382201
hole,Plumbago,Ceylon,Ton,1889,,4633,,2382201
hole,Plumbago,Ceylon,Ton,1890,,4633,,2382201
hole,Manures — Guano,Bolivia,Ton,1874,,14372,,2372678
hole,Manures — Guano,Bolivia,Ton,1880,,14372,,2372678
hole,Manures — Guano,Bolivia,Ton,1881,,14372,,2372678
hole,Manures — Guano,Bolivia,Ton,1885,,14372,,2372678
hole,Linen Yarn,France,Lb,1874,,2001700,,2363827
hole,Linen Yarn,France,Lb,1875,,2001700,,2363827
hole,Linen Yarn,France,Lb,1876,,2001700,,2363827
hole,Linen Yarn,France,Lb,1877,,2001700,,2363827
hole,Linen Yarn,France,Lb,1878,,2001700,,2363827
hole,Linen Yarn,France,Lb,1879,,2001700,,2363827
hole,Linen Yarn,France,Lb,1880,,2001700,,2363827
hole,Linen Yarn,France,Lb,1888,,2001700,,2363827
dip,Linen Yarn,France,Lb,1881,278446,2001700,0.139,2363827
dip,Linen Yarn,France,Lb,1885,58663,2001700,0.029,2363827
dip,Linen Yarn,France,Lb,1897,278390,2001700,0.139,2363827
dip,"Thrown, Dyed Or Not Dyed",Holland,Lb,1880,7026,100502,0.07,2358769
dip,"Thrown, Dyed Or Not Dyed",Holland,Lb,1882,10920,100502,0.109,2358769
hole,Gum — Arabic,British East Indies,Cwt,1883,,27753,,2350191
hole,Gum — Arabic,British East Indies,Cwt,1885,,27753,,2350191
hole,Gum — Arabic,British East Indies,Cwt,1891,,27753,,2350191
hole,"Wool — Alpaca, Llama, And Vicuna",Peru,Lb,1873,,3610053,,2348435
hole,"Wool — Alpaca, Llama, And Vicuna",Peru,Lb,1874,,3610053,,2348435
hole,"Cards, Playing",United States Of America,Dozen Packs,1880,,8584,,2333376
dip,"Cards, Playing",United States Of America,Dozen Packs,1877,1750,8584,0.204,2333376
spike,"Cards, Playing",United States Of America,Dozen Packs,1882,36786,8584,4.285,2333376
hole,Fruit — Unenumerated : Raw,Holland,Bushel,1892,,294864,,2321493
hole,"Flowers, Artificial — Raw, Not Otherwise Described",Belgium,Bushel,1873,,950793,,2315199
hole,"Flowers, Artificial — Raw, Not Otherwise Described",Belgium,Bushel,1875,,950793,,2315199
hole,Cotton Manufactures — Unenumerated,France,?,1876,,538693,,2311204
hole,Cotton Manufactures — Unenumerated,France,?,1880,,538693,,2311204
hole,Cotton Manufactures — Unenumerated,France,?,1882,,538693,,2311204
hole,Wood And Timber — Staves,United States Of America,Load,1892,,19642,,2304913
hole,Rags And Other Materials For Making Paper — Linen And Cotton,Germany,Ton,1873,,9056,,2295569
hole,Rags And Other Materials For Making Paper — Linen And Cotton,Germany,Ton,1874,,9056,,2295569
hole,Rags And Other Materials For Making Paper — Linen And Cotton,Germany,Ton,1875,,9056,,2295569
hole,"Hats Or Bonnets — Tawed, Curried, Or In Any Way Dressed, Not Being Varnished, Japanned, Or Enamelled",United States Of America,Lb,1873,,1543715,,2289002
dip,"Hats Or Bonnets — Tawed, Curried, Or In Any Way Dressed, Not Being Varnished, Japanned, Or Enamelled",United States Of America,Lb,1874,346105,1543715,0.224,2289002
hole,Watches,Belgium,Number,1877,,414951,,2232442
hole,Watches,Belgium,Number,1880,,414951,,2232442
hole,Watches,Belgium,Number,1881,,414951,,2232442
hole,"Flax, Dressed Or Undressed — Tow Or Codilla Of",Russia,Cwt,1888,,146049,,2205714
hole,"Animals, Living — Sheep And Lambs",Denmark,Number,1881,,65439,,2205549
hole,"Animals, Living — Sheep And Lambs",Denmark,Number,1882,,65439,,2205549
hole,"Animals, Living — Sheep And Lambs",Denmark,Number,1887,,65439,,2205549
dip,"Animals, Living — Sheep And Lambs",Denmark,Number,1897,12797,65439,0.196,2205549
hole,Hemp — Rough Or Undressed,Italy,Cwt,1874,,172070,,2196252
hole,Hemp — Rough Or Undressed,Italy,Cwt,1875,,172070,,2196252
hole,Hemp — Rough Or Undressed,Italy,Cwt,1876,,172070,,2196252
dip,"Leather — Tanned, Unwrought",France,?,1876,6777,31869,0.213,2191850
hole,Fruit — Unenumerated : Raw,Germany,Bushel,1892,,267360,,2178152
hole,Lead — Ore Of,Italy,Ton,1885,,5849,,2169714
hole,Lead — Ore Of,Italy,Ton,1889,,5849,,2169714
hole,Lead — Ore Of,Italy,Ton,1890,,5849,,2169714
hole,Lead — Ore Of,Italy,Ton,1894,,5849,,2169714
hole,Lead — Ore Of,Italy,Ton,1895,,5849,,2169714
hole,Lead — Ore Of,Italy,Ton,1896,,5849,,2169714
hole,Lead — Ore Of,Italy,Ton,1897,,5849,,2169714
dip,Peas,Russia,Cwt,1893,180123,1023308,0.176,2165512
hole,Hemp — Dressed Or Undressed,Hong Kong,Cwt,1893,,70979,,2160213
hole,Hemp — Dressed Or Undressed,Hong Kong,Cwt,1894,,70979,,2160213
hole,Hemp — Dressed Or Undressed,Hong Kong,Cwt,1895,,70979,,2160213
spike,Linen Yarn,Holland,?,1894,2614000,144083,18.142,2153857
hole,Tallow And Stearine,Queensland,Cwt,1887,,103210,,2152335
hole,Tallow And Stearine,Queensland,Cwt,1888,,103210,,2152335
hole,Tallow And Stearine,Queensland,Cwt,1889,,103210,,2152335
hole,Tallow And Stearine,Queensland,Cwt,1890,,103210,,2152335
dip,Beef — Fresh,Queensland,Cwt,1892,54000,404608,0.133,2142777
hole,Fruit — Oranges And Lemons,Azores,Bushel,1875,,284986,,2131837
hole,Fruit — Oranges And Lemons,Azores,Bushel,1887,,284986,,2131837
dip,Fruit — Oranges And Lemons,Azores,Bushel,1892,55602,284986,0.195,2131837
hole,"Skins, Furs, And Pelts — Sheep, Undressed",Argentine Republic,Number,1881,,946406,,2130652
hole,"Seeds — Unenumerated, Other Sorts",Turkey,Cwt,1880,,225230,,2117797
hole,"Seeds — Unenumerated, Other Sorts",Turkey,Cwt,1881,,225230,,2117797
hole,"Seeds — Unenumerated, Other Sorts",Turkey,Cwt,1882,,225230,,2117797
hole,"Seeds — Unenumerated, Other Sorts",Turkey,Cwt,1883,,225230,,2117797
dip,"Seeds — Unenumerated, Other Sorts",Turkey,Cwt,1874,39577,225230,0.176,2117797
hole,Woollen Yarn — For Weaving,Germany,Lb,1877,,834188,,2115694
hole,Woollen Yarn — For Weaving,Germany,Lb,1880,,834188,,2115694
hole,Woollen Yarn — For Weaving,Germany,Lb,1882,,834188,,2115694
hole,Woollen Yarn — For Weaving,Germany,Lb,1890,,834188,,2115694
hole,Woollen Yarn — For Weaving,Germany,Lb,1892,,834188,,2115694
hole,Paper — Millboard And Pasteboard,Germany,Cwt,1874,,175721,,2103354
hole,Paper — Millboard And Pasteboard,Germany,Cwt,1889,,175721,,2103354
hole,Castor,British East Indies,Cwt,1881,,71102,,2073089
hole,Castor,British East Indies,Cwt,1882,,71102,,2073089
hole,Castor,British East Indies,Cwt,1883,,71102,,2073089
hole,Castor,British East Indies,Cwt,1884,,71102,,2073089
hole,Nuts And Kernels — Commonly Used For Expressing Oil Therefrom,Australasia,Ton,1894,,6418,,2068641
dip,Metal — Wrought Or Manufactured,France,Ton,1887,311,6850,0.045,2047941
spike,Metal — Wrought Or Manufactured,France,Ton,1892,57219,6850,8.353,2047941
dip,Hay,United States Of America,Ton,1896,5939,39376,0.151,2046177
hole,"Platina, Wrought Or Unwrought",Belgium,Oz Troy,1873,,47970,,2042947
hole,Manures — Phosphate Of Lime And Rock,Belgium,Ton,1893,,64657,,2029049
dip,Manures — Phosphate Of Lime And Rock,Belgium,Ton,1882,9764,64657,0.151,2029049
hole,Lead — Ore Of,Algeria,Ton,1882,,7833,,2024803
hole,Lead — Ore Of,Algeria,Ton,1889,,7833,,2024803
dip,Lead — Ore Of,Algeria,Ton,1883,1881,7833,0.24,2024803
hole,Rosin — Sago And Sago Flour,British East Indies,Cwt,1886,,444054,,2019996
hole,Rosin — Sago And Sago Flour,British East Indies,Cwt,1890,,444054,,2019996
hole,Rosin — Sago And Sago Flour,British East Indies,Cwt,1893,,444054,,2019996
hole,"Iron — Manufactures Of Iron Or Steel, Unenumerated",Turkey Proper,?,1876,,24122,,2003803
hole,Regulus And Precipitate,Venezuela,Ton,1895,,4292,,1994277
dip,Regulus And Precipitate,Venezuela,Ton,1886,966,4292,0.225,1994277
dip,Metal — Wrought Or Manufactured,Germany,Ton,1885,1449,14212,0.102,1988675
dip,Metal — Wrought Or Manufactured,Germany,Ton,1892,3383,14212,0.238,1988675
spike,Metal — Wrought Or Manufactured,Germany,Ton,1895,65016,14212,4.575,1988675
hole,Yarn,France,Lb,1878,,1967810,,1988635
hole,Yarn,France,Lb,1879,,1967810,,1988635
hole,Yarn,France,Lb,1880,,1967810,,1988635
hole,Yarn,France,Lb,1881,,1967810,,1988635
dip,Yarn,France,Lb,1892,178558,1967810,0.091,1988635
hole,Vinegar,Belgium,Gallon,1873,,62698,,1982941
hole,Vinegar,Belgium,Gallon,1874,,62698,,1982941
hole,Vinegar,Belgium,Gallon,1875,,62698,,1982941
hole,Vinegar,Belgium,Gallon,1876,,62698,,1982941
hole,Vinegar,Belgium,Gallon,1877,,62698,,1982941
hole,Vinegar,Belgium,Gallon,1881,,62698,,1982941
hole,Vinegar,Belgium,Gallon,1882,,62698,,1982941
dip,Vinegar,Belgium,Gallon,1883,12140,62698,0.194,1982941
hole,Fish — Fresh (Not Of British Taking),United States Of America,Cwt,1873,,131571,,1969439
hole,Fish — Fresh (Not Of British Taking),United States Of America,Cwt,1875,,131571,,1969439
hole,Fish — Fresh (Not Of British Taking),United States Of America,Cwt,1878,,131571,,1969439
dip,Fish — Fresh (Not Of British Taking),United States Of America,Cwt,1876,24600,131571,0.187,1969439
hole,"Buttons And Studs, Not Of Metal",France,Gross,1880,,1102223,,1969039
hole,"Buttons And Studs, Not Of Metal",France,Gross,1881,,1102223,,1969039
dip,"Buttons And Studs, Not Of Metal",France,Gross,1882,224962,1102223,0.204,1969039
hole,Oil — Seed,Germany,Ton,1884,,6039,,1965991
hole,Oil — Seed,Germany,Ton,1885,,6039,,1965991
hole,"Dye Stuffs, And Substances Used In Tanning — Myrobalans",British East Indies,Cwt,1887,,511942,,1963298
hole,"Dye Stuffs, And Substances Used In Tanning — Myrobalans",British East Indies,Cwt,1892,,511942,,1963298
hole,Oil — Spermaceti Or Head Matter,United States Of America,Tun,1882,,2179,,1953243
hole,Oil — Spermaceti Or Head Matter,United States Of America,Tun,1883,,2179,,1953243
hole,Oil — Spermaceti Or Head Matter,United States Of America,Tun,1884,,2179,,1953243
hole,Oil — Spermaceti Or Head Matter,United States Of America,Tun,1885,,2179,,1953243
hole,"Manganese, Ore Of",Russia,Ton,1889,,42680,,1949268
hole,"Manganese, Ore Of",Russia,Ton,1895,,42680,,1949268
hole,Paper — Hangings,Belgium,Cwt,1884,,1301,,1946160
hole,"Hides — Not Tanned, &C., Dry",Holland,?,1875,,73668,,1944216
hole,Manures — Bones For Manure,British East Indies,Ton,1883,,21530,,1943137
hole,Tobacco — Cigars,Philippine Islands,Lb,1873,,188114,,1933519
hole,Tobacco — Cigars,Philippine Islands,Lb,1874,,188114,,1933519
hole,Tobacco — Cigars,Philippine Islands,Lb,1876,,188114,,1933519
hole,Tobacco — Cigars,Philippine Islands,Lb,1877,,188114,,1933519
hole,Tobacco — Cigars,Philippine Islands,Lb,1879,,188114,,1933519
hole,Tobacco — Cigars,Philippine Islands,Lb,1882,,188114,,1933519
hole,Tobacco — Cigars,Philippine Islands,Lb,1890,,188114,,1933519
hole,Spices — Cinnamon,Ceylon,Lb,1885,,1306998,,1930665
hole,Spices — Cinnamon,Ceylon,Lb,1886,,1306998,,1930665
hole,Spices — Cinnamon,Ceylon,Lb,1887,,1306998,,1930665
hole,Spices — Cinnamon,Ceylon,Lb,1888,,1306998,,1930665
hole,Spices — Cinnamon,Ceylon,Lb,1889,,1306998,,1930665
hole,Spices — Cinnamon,Ceylon,Lb,1890,,1306998,,1930665
hole,Spices — Cinnamon,Ceylon,Lb,1891,,1306998,,1930665
hole,"Zinc — Manufactures, Unenumerated",Belgium,Cwt,1877,,85547,,1924740
hole,"Zinc — Manufactures, Unenumerated",Belgium,Cwt,1879,,85547,,1924740
hole,"Zinc — Manufactures, Unenumerated",Belgium,Cwt,1884,,85547,,1924740
hole,"Zinc — Manufactures, Unenumerated",Belgium,Cwt,1891,,85547,,1924740
hole,"Zinc — Manufactures, Unenumerated",Belgium,Cwt,1892,,85547,,1924740
hole,Hemp — Rough Or Undressed,Germany,Cwt,1874,,169744,,1924385
hole,Hemp — Rough Or Undressed,Germany,Cwt,1875,,169744,,1924385
hole,Hemp — Rough Or Undressed,Germany,Cwt,1876,,169744,,1924385
hole,"Hides, Not Tanned, Tawed, Curried, Or In Any Way Dressed — Tanned, Not Otherwise Dressed",Madras,Lb,1876,,4282462,,1914057
hole,"Animals, Living — Sheep And Lambs",Canada,Number,1881,,58612,,1909252
hole,"Animals, Living — Sheep And Lambs",Canada,Number,1882,,58612,,1909252
dip,"Animals, Living — Sheep And Lambs",Canada,Number,1893,3589,58612,0.061,1909252
dip,Oil — Coco-Nut,Madras,Cwt,1878,12697,56988,0.223,1905736
hole,"Copper — Unwrought, In Bars, Blocks Or Slabs, Cakes Or Ingots",Japan,Ton,1884,,2710,,1904181
dip,"Copper — Unwrought, In Bars, Blocks Or Slabs, Cakes Or Ingots",Japan,Ton,1885,658,2710,0.243,1904181
dip,"Copper — Unwrought, In Bars, Blocks Or Slabs, Cakes Or Ingots",Japan,Ton,1887,201,2710,0.074,1904181
hole,Spices — Cinnamon,British East Indies,Lb,1886,,1230073,,1900934
dip,"Copper, Ore Of",Italy,Ton,1899,748,7776,0.096,1886543
dip,Tow,Russia,Ton,1893,5,8303,0.001,1880218
hole,Watches,France,?,1880,,27618,,1863556
hole,Watches,France,?,1881,,27618,,1863556
hole,Watches,France,?,1883,,27618,,1863556
spike,Watches,France,?,1885,198588,27618,7.191,1863556
dip,Regulus And Precipitate,Chile,Ton,1895,471,4285,0.11,1855023
hole,Rye,Russia,Cwt,1881,,100303,,1842182
dip,Rye,Russia,Cwt,1873,13846,100303,0.138,1842182
dip,Rye,Russia,Cwt,1876,9700,100303,0.097,1842182
dip,"Varnished, Japanned Or Enamelled",Belgium,Cwt,1896,3,746,0.004,1820892
hole,Clocks,Holland,Number,1881,,155958,,1809013
hole,Rye,United States Of America,Cwt,1883,,107714,,1804638
hole,Rye,United States Of America,Cwt,1884,,107714,,1804638
hole,Rye,United States Of America,Cwt,1885,,107714,,1804638
hole,Rye,United States Of America,Cwt,1886,,107714,,1804638
hole,Rye,United States Of America,Cwt,1887,,107714,,1804638
hole,Rye,United States Of America,Cwt,1888,,107714,,1804638
dip,"Flowers, Artificial — Raw, Not Otherwise Described",France,Bushel,1875,6381,459116,0.014,1784791
hole,Wood And Timber — Staves,Sweden,Load,1892,,14867,,1779442
hole,Oil — Seed,France,Ton,1884,,4829,,1779403
hole,Oil — Seed,France,Ton,1885,,4829,,1779403
hole,Nuts And Kernels — Commonly Used For Expressing Oil Therefrom,New South Wales,Ton,1894,,7204,,1770928
hole,Animals — Horses,France,Number,1876,,8270,,1768479
hole,Animals — Horses,France,Number,1878,,8270,,1768479
hole,Sugar — Refined And Candy,Italy,?,1873,,193519,,1734727
hole,Sugar — Refined And Candy,Italy,?,1876,,193519,,1734727
hole,Sugar — Refined And Candy,Italy,?,1879,,193519,,1734727
hole,Sugar — Refined And Candy,Italy,?,1882,,193519,,1734727
dip,Sugar — Refined And Candy,Italy,?,1874,17700,193519,0.091,1734727
dip,Sugar — Refined And Candy,Italy,?,1878,10259,193519,0.053,1734727
hole,Isinglass,British India Bombay And Scinde,Cwt,1880,,1379,,1719870
hole,Isinglass,British India Bombay And Scinde,Cwt,1881,,1379,,1719870
spike,Wood And Timber — Unenumerated,Turkey,Ton,1881,19867,2544,7.811,1699788
dip,Wood And Timber — Unenumerated,Turkey,Ton,1891,478,2544,0.188,1699788
hole,Sugar — In Lumps And Loaves,Belgium,Cwt,1884,,91576,,1694695
hole,Glucose (Solid Or Liquid),France,Cwt,1885,,30066,,1693776
hole,Glucose (Solid Or Liquid),France,Cwt,1888,,30066,,1693776
hole,Glucose (Solid Or Liquid),France,Cwt,1889,,30066,,1693776
hole,Glucose (Solid Or Liquid),France,Cwt,1890,,30066,,1693776
hole,Glucose (Solid Or Liquid),France,Cwt,1891,,30066,,1693776
hole,Glucose (Solid Or Liquid),France,Cwt,1892,,30066,,1693776
spike,Glucose (Solid Or Liquid),France,Cwt,1875,125062,30066,4.16,1693776
hole,Caoutchouc — Manufactures Of,France,Lb,1874,,348970,,1689527
hole,Caoutchouc — Manufactures Of,France,Lb,1883,,348970,,1689527
dip,Metal — Wrought Or Manufactured,United States Of America,Ton,1887,60,15514,0.004,1673563
hole,Oil — Seed,Belgium,Ton,1884,,4618,,1661388
hole,Oil — Seed,Belgium,Ton,1885,,4618,,1661388
hole,Oil — Seed,Belgium,Ton,1886,,4618,,1661388
hole,Fruit — Figs And Fig Cake,United States Of America,?,1876,,11261,,1659676
dip,Fruit — Figs And Fig Cake,United States Of America,?,1873,2327,11261,0.207,1659676
hole,Tobacco — Cigars,British East Indies,Lb,1887,,163374,,1659517
hole,Tobacco — Cigars,British East Indies,Lb,1891,,163374,,1659517
hole,"Copper, Ore Of",Spain,Ton,1879,,7059,,1629745
hole,Leather — Dressed,Holland,Lb,1887,,1711079,,1628022
dip,Wood And Timber — Teak,Other Countries,?,1883,79,676,0.117,1623290
dip,Wood And Timber — Unenumerated,United States Of America,Load,1885,1572,6670,0.236,1617831
spike,Wood And Timber — Unenumerated,United States Of America,Load,1887,32180,6670,4.825,1617831
hole,Saltpetre (Nitrate Of Potash),Germany,Cwt,1878,,78543,,1595413
hole,Saltpetre (Nitrate Of Potash),Germany,Cwt,1879,,78543,,1595413
dip,Saltpetre (Nitrate Of Potash),Germany,Cwt,1876,14378,78543,0.183,1595413
hole,Cotton Manufactures — Unenumerated,Holland,?,1876,,305337,,1594991
hole,Cotton Manufactures — Unenumerated,Holland,?,1880,,305337,,1594991
hole,Cotton Manufactures — Unenumerated,Holland,?,1882,,305337,,1594991
hole,Spices — Ginger,British East Indies,Cwt,1886,,56515,,1588887
hole,Spices — Ginger,British East Indies,Cwt,1891,,56515,,1588887
hole,Caoutchouc — Manufactures Of,United States Of America,Lb,1881,,444155,,1588721
hole,Caoutchouc — Manufactures Of,United States Of America,Lb,1882,,444155,,1588721
hole,Caoutchouc — Manufactures Of,United States Of America,Lb,1883,,444155,,1588721
spike,Horse,Germany,Cwt,1874,31335,5122,6.118,1582277
spike,Horse,Germany,Cwt,1876,40761,5122,7.959,1582277
hole,Isinglass,Straits Settlements,Cwt,1884,,2072,,1569413
hole,Isinglass,Straits Settlements,Cwt,1885,,2072,,1569413
hole,Isinglass,Straits Settlements,Cwt,1886,,2072,,1569413
hole,Isinglass,Straits Settlements,Cwt,1887,,2072,,1569413
hole,Isinglass,Straits Settlements,Cwt,1888,,2072,,1569413
hole,Isinglass,Straits Settlements,Cwt,1889,,2072,,1569413
hole,Isinglass,Straits Settlements,Cwt,1890,,2072,,1569413
hole,Isinglass,Straits Settlements,Cwt,1891,,2072,,1569413
hole,Dye Woods — Logwood,Hayti And St Domingo,Ton,1883,,4964,,1564483
hole,Dye Woods — Logwood,Hayti And St Domingo,Ton,1887,,4964,,1564483
spike,"China, Or Porcelain, And Earthenware",France,Cwt,1899,108706,25521,4.259,1563659
hole,Tobacco — Cigars,Belgium,Lb,1873,,166330,,1559531
hole,Tobacco — Cigars,Belgium,Lb,1874,,166330,,1559531
hole,Tobacco — Cigars,Belgium,Lb,1876,,166330,,1559531
hole,Tobacco — Cigars,Belgium,Lb,1877,,166330,,1559531
hole,Tobacco — Cigars,Belgium,Lb,1879,,166330,,1559531
hole,Tobacco — Cigars,Belgium,Lb,1882,,166330,,1559531
hole,Tobacco — Cigars,Belgium,Lb,1890,,166330,,1559531
dip,Jute — Boots And Shoes,Holland,Dozen Pairs,1883,2100,14986,0.14,1538391
hole,Corn And Grain — Pease,Germany,Cwt,1881,,180123,,1537365
hole,Corn And Grain — Pease,Germany,Cwt,1892,,180123,,1537365
hole,"Glass — Window And German Sheet, In- Cluding Shades And Cylinders",Holland,Cwt,1887,,259118,,1525772
hole,"Glass — Window And German Sheet, In- Cluding Shades And Cylinders",Holland,Cwt,1890,,259118,,1525772
dip,"Glass — Window And German Sheet, In- Cluding Shades And Cylinders",Holland,Cwt,1888,56340,259118,0.217,1525772
hole,Yeast,France,Cwt,1888,,49164,,1523156
hole,Tobacco — Cigars,France,Lb,1873,,193187,,1516571
hole,Tobacco — Cigars,France,Lb,1874,,193187,,1516571
hole,Tobacco — Cigars,France,Lb,1876,,193187,,1516571
hole,Tobacco — Cigars,France,Lb,1877,,193187,,1516571
hole,Tobacco — Cigars,France,Lb,1879,,193187,,1516571
hole,Tobacco — Cigars,France,Lb,1882,,193187,,1516571
hole,Tobacco — Cigars,France,Lb,1890,,193187,,1516571
dip,"Hides, Not Tanned, Tawed, Curried, Or In Any Way Dressed — Dry",British India Bombay And Scinde,Cwt,1875,9389,45209,0.208,1503094
hole,"Oil — Chemical, Essential, Or Perfumed",Italy,Lb,1884,,224976,,1503060
hole,"Oil — Chemical, Essential, Or Perfumed",Italy,Lb,1885,,224976,,1503060
dip,"Oil — Chemical, Essential, Or Perfumed",Italy,Lb,1878,4235,224976,0.019,1503060
dip,"Seeds — Unenumerated, For Expressing Oil Therefrom",British East Indies,Quarter,1885,925,75906,0.012,1498526
dip,"Seeds — Unenumerated, For Expressing Oil Therefrom",British East Indies,Quarter,1889,1476,75906,0.019,1498526
dip,"Leather — Tanned, Unwrought",Germany,?,1882,6723,30362,0.221,1498413
hole,"Flowers, Artificial — Raw, Not Otherwise Described",United States Of America,Bushel,1875,,336565,,1485924
hole,"Varnished, Japanned Or Enamelled",Holland,Lb,1894,,186504,,1481039
hole,"Zinc — Crude, In Cakes",United States Of America,Ton,1881,,2998,,1461651
hole,"Zinc — Crude, In Cakes",United States Of America,Ton,1882,,2998,,1461651
hole,"Zinc — Crude, In Cakes",United States Of America,Ton,1883,,2998,,1461651
hole,"Zinc — Crude, In Cakes",United States Of America,Ton,1884,,2998,,1461651
hole,"Zinc — Crude, In Cakes",United States Of America,Ton,1885,,2998,,1461651
hole,"Zinc — Crude, In Cakes",United States Of America,Ton,1887,,2998,,1461651
hole,Castor,Bengal,Cwt,1878,,51078,,1452280
hole,Castor,Bengal,Cwt,1879,,51078,,1452280
hole,Castor,Bengal,Cwt,1880,,51078,,1452280
hole,Castor,Bengal,Cwt,1881,,51078,,1452280
hole,Castor,Bengal,Cwt,1884,,51078,,1452280
hole,Castor,Bengal,Cwt,1891,,51078,,1452280
hole,Vinegar,France,Gallon,1873,,40602,,1451383
hole,Vinegar,France,Gallon,1874,,40602,,1451383
hole,Vinegar,France,Gallon,1881,,40602,,1451383
hole,Vinegar,France,Gallon,1882,,40602,,1451383
hole,Yeast,Germany,Cwt,1888,,47660,,1446713
hole,"Varnished, Japanned Or Enamelled",United States Of America,Lb,1894,,173673,,1441633
hole,Fruit — Oranges And Lemons,Portugal,Bushel,1875,,191966,,1436001
hole,Fruit — Oranges And Lemons,Portugal,Bushel,1887,,191966,,1436001
spike,Spices — Unenumerated,China,Lb,1880,7180961,1730165,4.15,1433219
hole,"Thrown, Dyed Or Not Dyed",Belgium,Lb,1884,,67792,,1428657
hole,"Thrown, Dyed Or Not Dyed",Belgium,Lb,1885,,67792,,1428657
hole,Zinc — Ore Of,Italy,Ton,1877,,13342,,1423736
hole,Zinc — Ore Of,Italy,Ton,1879,,13342,,1423736
hole,Zinc — Ore Of,Italy,Ton,1884,,13342,,1423736
hole,Zinc — Ore Of,Italy,Ton,1892,,13342,,1423736
hole,Corn And Grain — Beans,Germany,Cwt,1881,,152113,,1404619
dip,Corn And Grain — Beans,Germany,Cwt,1891,30989,152113,0.204,1404619
hole,Feathers — Ornamental,Holland,Lb,1883,,50869,,1380056
hole,Fruit — Raisins,British Possessions In South Africa,Cwt,1884,,980,,1379953
hole,"Oil — Chemical, Essential, Or Perfumed",British East Indies,Lb,1884,,209634,,1378541
hole,"Oil — Chemical, Essential, Or Perfumed",British East Indies,Lb,1885,,209634,,1378541
hole,"Oil — Chemical, Essential, Or Perfumed",British East Indies,Lb,1886,,209634,,1378541
hole,"Oil — Chemical, Essential, Or Perfumed",British East Indies,Lb,1893,,209634,,1378541
hole,"Oil — Chemical, Essential, Or Perfumed",British East Indies,Lb,1894,,209634,,1378541
dip,"Oil — Chemical, Essential, Or Perfumed",British East Indies,Lb,1878,35222,209634,0.168,1378541
hole,Snuff,Brazil,Lb,1886,,3624,,1363417
hole,Snuff,Brazil,Lb,1887,,3624,,1363417
hole,Snuff,Brazil,Lb,1890,,3624,,1363417
dip,Snuff,Brazil,Lb,1896,55,3624,0.015,1363417
dip,Snuff,Brazil,Lb,1899,600,3624,0.166,1363417
dip,Cotton — Rape,Bombay And Scinde,Quarter,1890,5118,24632,0.208,1360954
hole,Animals — Sheep And Lambs,Belgium,Number,1876,,85034,,1344570
hole,Animals — Sheep And Lambs,Belgium,Number,1878,,85034,,1344570
hole,Hats Or Bonnets — Of Felt,Belgium,Number,1888,,326044,,1343405
dip,Hats Or Bonnets — Of Felt,Belgium,Number,1877,81385,326044,0.25,1343405
dip,Hats Or Bonnets — Of Felt,Belgium,Number,1879,76965,326044,0.236,1343405
hole,Cotton Manufactures — Other Than Muslins,Holland,Yard,1884,,3755333,,1337668
hole,Cotton Manufactures — Other Than Muslins,Holland,Yard,1885,,3755333,,1337668
hole,"Wood And Timber — Hewn, Teak",Siam,Load,1889,,4958,,1328040
dip,"Wood And Timber — Hewn, Teak",Siam,Load,1893,857,4958,0.173,1328040
spike,Woollen Manufactures — Cloths And Stuffs,Germany,Pieces,1880,116612,23794,4.901,1326808
hole,Cows,Germany,Number,1881,,4214,,1326243
hole,Cows,Germany,Number,1882,,4214,,1326243
hole,Cows,Germany,Number,1883,,4214,,1326243
dip,Cows,Germany,Number,1880,551,4214,0.131,1326243
hole,Zinc — Articles Imported By Parcel Post,Germany,Number Of Packets,1889,,106330,,1324372
hole,Zinc — Articles Imported By Parcel Post,Germany,Number Of Packets,1892,,106330,,1324372
dip,Zinc — Articles Imported By Parcel Post,Germany,Number Of Packets,1887,1291,106330,0.012,1324372
hole,"Glass — Window And German Sheet, Including Shades And Cylinders",Holland,Cwt,1884,,170029,,1322109
hole,"Glass — Window And German Sheet, Including Shades And Cylinders",Holland,Cwt,1887,,170029,,1322109
hole,"Glass — Window And German Sheet, Including Shades And Cylinders",Holland,Cwt,1898,,170029,,1322109
dip,"Glass — Window And German Sheet, Including Shades And Cylinders",Holland,Cwt,1886,25472,170029,0.15,1322109
hole,Cows,Canada,Number,1882,,1922,,1321218
hole,Cows,Canada,Number,1887,,1922,,1321218
hole,Cows,Canada,Number,1889,,1922,,1321218
hole,Cows,Canada,Number,1890,,1922,,1321218
hole,Cows,Canada,Number,1891,,1922,,1321218
spike,Cows,Canada,Number,1892,7934,1922,4.127,1321218
dip,Cows,Canada,Number,1895,234,1922,0.122,1321218
hole,Nuts And Kernels — Commonly Used For Expressing Oil Therefrom,West Africa Settlements,Ton,1885,,5050,,1311109
hole,Nuts And Kernels — Commonly Used For Expressing Oil Therefrom,West Africa Settlements,Ton,1886,,5050,,1311109
hole,"Flowers, Artificial — Raw, Not Otherwise Described",Holland,Bushel,1875,,358613,,1308312
dip,"Nuts And Kernels — Unenumerated, Commonly Used For Expressing Oil Therefrom",Bengal And Burmah,Quarter,1872,2254,58554,0.038,1304646
hole,Corn And Grain — Pease,Russia,Cwt,1881,,166138,,1300403
hole,Corn And Grain — Pease,Russia,Cwt,1892,,166138,,1300403
hole,Corn And Grain — Pease,Russia,Cwt,1893,,166138,,1300403
dip,Metals And Ores — Pig,France,?,1877,1484,93717,0.016,1299517
hole,"Iron — Bar, Angle, Bolt, And Rod",Belgium,Ton,1893,,7760,,1291682
hole,"Iron — Bar, Angle, Bolt, And Rod",Belgium,Ton,1897,,7760,,1291682
hole,"Iron — Bar, Angle, Bolt, And Rod",Belgium,Ton,1898,,7760,,1291682
dip,"Iron — Bar, Angle, Bolt, And Rod",Belgium,Ton,1886,359,7760,0.046,1291682
dip,Horse,Russia,Cwt,1872,832,4276,0.195,1290877
hole,"Flowers, Artificial — Almonds",Spain,Cwt,1887,,32046,,1290230
spike,Slates,British West India Islands,Cwt,1895,2539466,9619,264.005,1285276
dip,Candles Of All Sorts,Holland,Cwt,1899,3972,19833,0.2,1285126
dip,Nuts And Kernels — Commonly Used For Expressing Oil Therefrom,Islands In The Pacific,Ton,1898,1210,5118,0.236,1279343
hole,Rye,Germany,Cwt,1876,,65672,,1276223
dip,Rye,Germany,Cwt,1898,11100,65672,0.169,1276223
hole,Copper — Regulus,Portugal,Ton,1875,,4044,,1274198
dip,Copper — Regulus,Portugal,Ton,1876,868,4044,0.215,1274198
hole,"Ore, Unenumerated",Australia,Ton,1874,,1618,,1269312
spike,"Spirits — Unenumerated, Including Shrub",Austrian Territories,Gallon,1879,25161,2798,8.992,1256041
dip,"Skins, Furs, And Pelts — Unenumerated, Being Furs",United States Of America,Number,1873,463740,2038138,0.228,1241801
hole,"Wood And Timber — Sawn, Unenumerated",Sweden,Load,1892,,72226,,1227678
hole,"Wood And Timber — Sawn, Unenumerated",Sweden,Load,1895,,72226,,1227678
hole,"Wood And Timber — Hewn, Fir : Oak",United States Of America,Load,1885,,10934,,1226898
hole,"Wood And Timber — Hewn, Fir : Oak",United States Of America,Load,1886,,10934,,1226898
hole,"Wood And Timber — Hewn, Fir : Oak",United States Of America,Load,1888,,10934,,1226898
dip,"Wood And Timber — Hewn, Fir : Oak",United States Of America,Load,1873,2341,10934,0.214,1226898
hole,Fish — Cured Or Salted,Denmark,Cwt,1875,,45585,,1209919
dip,Nuts And Kernels — Commonly Used For Expressing Oil Therefrom,Sierra Leone,Ton,1872,1042,4340,0.24,1207214
dip,Nuts And Kernels — Commonly Used For Expressing Oil Therefrom,Sierra Leone,Ton,1874,871,4340,0.201,1207214
hole,Leather — Dressed,Germany,Lb,1887,,1397376,,1205078
hole,"Copper, Ore Of",Chile,Ton,1888,,6106,,1201035
dip,"Copper, Ore Of",Chile,Ton,1892,1514,6106,0.248,1201035
spike,"Copper, Ore Of",Chile,Ton,1899,35433,6106,5.803,1201035
hole,Manures — Bones For Manure,Argentine Republic,Ton,1895,,15891,,1200155
hole,"Iron — Steel, Unwrought",Sweden,Ton,1879,,5090,,1194178
dip,"Iron — Steel, Unwrought",Sweden,Ton,1880,1217,5090,0.239,1194178
hole,Onions — Raw,Germany,Bushel,1887,,327766,,1186366
hole,Manures — Guano,Cape Of Good Hope,Ton,1897,,1575,,1184751
dip,"Skins And Furs — Sheep And Lambs', Undressed, Without The Wool",Other Countries,?,1877,201231,2619010,0.077,1180600
spike,Gum — Unenumerated,Straits Settlements,Cwt,1896,75292,16383,4.596,1173483
hole,Candles Of All Sorts,Belgium,Cwt,1884,,14080,,1161149
dip,"Skins, Furs, And Pelts — Unenumerated, Being Furs",Germany,Number,1879,231614,1416563,0.164,1159366
hole,Feathers — Ornamental,British East Indies,Lb,1883,,23966,,1158815
hole,Feathers — Ornamental,British East Indies,Lb,1885,,23966,,1158815
hole,Feathers — Ornamental,British East Indies,Lb,1886,,23966,,1158815
hole,Feathers — Ornamental,British East Indies,Lb,1887,,23966,,1158815
hole,"Flowers, Artificial — Almonds",Spain And Canary Islands,Cwt,1873,,14814,,1155033
hole,"Flowers, Artificial — Almonds",Spain And Canary Islands,Cwt,1875,,14814,,1155033
spike,"Skins, Furs, And Pelts — Unenumerated, Being Furs",Australia,Number,1879,8137997,1399308,5.816,1149520
hole,Linen Yarn,Germany,Lb,1883,,700476,,1136959
hole,Linen Yarn,Germany,Lb,1884,,700476,,1136959
hole,Linen Yarn,Germany,Lb,1888,,700476,,1136959
hole,Linen Yarn,Germany,Lb,1890,,700476,,1136959
dip,Linen Yarn,Germany,Lb,1878,131801,700476,0.188,1136959
dip,Linen Yarn,Germany,Lb,1882,79131,700476,0.113,1136959
spike,Linen Yarn,Germany,Lb,1886,2810099,700476,4.012,1136959
spike,Linen Yarn,Germany,Lb,1892,2902577,700476,4.144,1136959
dip,"Cotton — Unenumerated, Other Sorts",Turkey,Cwt,1880,39008,249861,0.156,1123172
hole,"Wood And Timber — Hewn, Fir : Unenumerated",Canada,Load,1880,,43618,,1122106
hole,"Wood And Timber — Hewn, Fir : Unenumerated",Canada,Load,1881,,43618,,1122106
hole,Meal And Flour — Oatmeal And Groats,United States Of America,Cwt,1892,,192898,,1121071
hole,Meal And Flour — Oatmeal And Groats,United States Of America,Cwt,1893,,192898,,1121071
dip,Meal And Flour — Oatmeal And Groats,United States Of America,Cwt,1888,41591,192898,0.216,1121071
hole,"Animals, Living — Sheep And Lambs",United States Of America,Number,1881,,48764,,1120745
hole,"Animals, Living — Sheep And Lambs",United States Of America,Number,1882,,48764,,1120745
hole,"Animals, Living — Sheep And Lambs",United States Of America,Number,1887,,48764,,1120745
hole,"Animals, Living — Sheep And Lambs",United States Of America,Number,1893,,48764,,1120745
dip,"Animals, Living — Sheep And Lambs",United States Of America,Number,1888,1203,48764,0.025,1120745
hole,Fruit — Unenumerated : Raw,Belgium,Bushel,1892,,139338,,1109579
dip,Hats Or Bonnets — Of Straw,Holland,Lb,1897,519,237400,0.002,1106993
spike,Manures — Guano,France,Ton,1886,14373,2851,5.041,1104855
hole,Nuts And Kernels — Commonly Used For Expressing Oil Therefrom,Islands In The Pacific Except Fiji,Ton,1883,,2956,,1104428
hole,Nuts And Kernels — Commonly Used For Expressing Oil Therefrom,Islands In The Pacific Except Fiji,Ton,1885,,2956,,1104428
hole,Nuts And Kernels — Commonly Used For Expressing Oil Therefrom,Islands In The Pacific Except Fiji,Ton,1886,,2956,,1104428
hole,Nuts And Kernels — Commonly Used For Expressing Oil Therefrom,Islands In The Pacific Except Fiji,Ton,1891,,2956,,1104428
dip,"Hides, Raw, And Pieces Thereof — Dry",Bombay And Scinde,Cwt,1892,6956,31933,0.218,1104425
hole,Manures — Guano,British Possessions In South Africa,Ton,1885,,1752,,1093123
hole,Manures — Guano,British Possessions In South Africa,Ton,1887,,1752,,1093123
hole,Manures — Guano,British Possessions In South Africa,Ton,1891,,1752,,1093123
hole,Manures — Guano,British Possessions In South Africa,Ton,1897,,1752,,1093123
dip,"Silk — Knubs Or Husks Of Silk, And Waste",Belgium,Cwt,1883,823,3512,0.234,1088457
hole,Oil — Fish : Train Or Blubber,United States Of America,Tun,1885,,1394,,1077829
dip,Oil — Fish : Train Or Blubber,United States Of America,Tun,1884,176,1394,0.126,1077829
hole,Geldings,Germany,Number,1891,,3858,,1074717
hole,Oil — Seed,United States Of America,Ton,1884,,4189,,1074654
hole,Oil — Seed,United States Of America,Ton,1885,,4189,,1074654
dip,Oil — Seed,United States Of America,Ton,1888,559,4189,0.133,1074654
hole,"Dye Stuffs, And Substances Used In Tanning — Unenumerated",Italy,Cwt,1881,,70230,,1070561
hole,"Dye Stuffs, And Substances Used In Tanning — Unenumerated",Italy,Cwt,1882,,70230,,1070561
hole,"Dye Stuffs, And Substances Used In Tanning — Unenumerated",Italy,Cwt,1883,,70230,,1070561
hole,Corn And Grain — Beans,Italy,Cwt,1881,,113067,,1062945
hole,Corn And Grain — Beans,Italy,Cwt,1891,,113067,,1062945
dip,Corn And Grain — Beans,Italy,Cwt,1885,8895,113067,0.079,1062945
dip,Corn And Grain — Beans,Italy,Cwt,1887,16617,113067,0.147,1062945
dip,Corn And Grain — Beans,Italy,Cwt,1890,6028,113067,0.053,1062945
dip,Corn And Grain — Beans,Italy,Cwt,1893,23197,113067,0.205,1062945
hole,Wax,Germany,Cwt,1875,,9543,,1059677
hole,Wax,Germany,Cwt,1876,,9543,,1059677
hole,Wax,Germany,Cwt,1877,,9543,,1059677
hole,Wax,Germany,Cwt,1878,,9543,,1059677
hole,Wax,Germany,Cwt,1879,,9543,,1059677
hole,Wax,Germany,Cwt,1880,,9543,,1059677
dip,Wax,Germany,Cwt,1874,1196,9543,0.125,1059677
dip,Wax,Germany,Cwt,1881,2281,9543,0.239,1059677
hole,"Manganese, Ore Of",Portugal,Ton,1880,,5495,,1056173
hole,"Manganese, Ore Of",Portugal,Ton,1889,,5495,,1056173
dip,"Wool — Other Kinds, And Flocks",France,Lb,1872,138983,633206,0.219,1039199
hole,"Meat, Unenumerated — Salted Or Fresh",United States Of America,Cwt,1881,,18274,,1033641
hole,"Meat, Unenumerated — Salted Or Fresh",United States Of America,Cwt,1882,,18274,,1033641
hole,"Cards, Playing",Portugal,Dozen Packs,1898,,5178956,,1032546
dip,Part Wrought,France,Ton,1883,116,739,0.157,1032154
spike,Part Wrought,France,Ton,1893,3065,739,4.147,1032154
hole,Cochineal,Canary Islands,Cwt,1889,,6325,,1028809
hole,Cochineal,Canary Islands,Cwt,1890,,6325,,1028809
hole,Zinc — Articles Imported By Parcel Post,France,Number Of Packets,1889,,102216,,1023486
hole,Zinc — Articles Imported By Parcel Post,France,Number Of Packets,1892,,102216,,1023486
dip,Zinc — Articles Imported By Parcel Post,France,Number Of Packets,1887,7610,102216,0.074,1023486
hole,Pork — Salted (Not Hams),Germany,Cwt,1891,,25402,,1022540
hole,Pork — Salted (Not Hams),Germany,Cwt,1898,,25402,,1022540
dip,Pork — Salted (Not Hams),Germany,Cwt,1890,374,25402,0.015,1022540
hole,Caoutchouc — Manufactures Of,Belgium,?,1874,,60929,,1013550
hole,Caoutchouc — Manufactures Of,Belgium,?,1877,,60929,,1013550
hole,Caoutchouc — Manufactures Of,Belgium,?,1880,,60929,,1013550
hole,Geldings,United States Of America,Number,1891,,3533,,1005802
hole,"Manganese, Ore Of",Chile,Ton,1889,,25696,,1005155
hole,"Manganese, Ore Of",Chile,Ton,1895,,25696,,1005155
hole,Fresh (Not Of British Taking) — Herrings,Italy,?,1879,,52924,,995842
hole,Fresh (Not Of British Taking) — Herrings,Italy,?,1880,,52924,,995842
hole,Fresh (Not Of British Taking) — Herrings,Italy,?,1882,,52924,,995842
hole,"Books, Bound Or Unbound, Including Maps And Charts",United States Of America,Cwt,1888,,8117,,995133
hole,"Books, Bound Or Unbound, Including Maps And Charts",United States Of America,Cwt,1889,,8117,,995133
hole,"Books, Bound Or Unbound, Including Maps And Charts",United States Of America,Cwt,1891,,8117,,995133
hole,"Books, Bound Or Unbound, Including Maps And Charts",United States Of America,Cwt,1893,,8117,,995133
hole,"Books, Bound Or Unbound, Including Maps And Charts",United States Of America,Cwt,1894,,8117,,995133
spike,Iron — Unenumerated,United States Of America,Cwt,1896,547857,136408,4.016,994731
hole,Geldings,Canada,Number,1889,,3894,,994057
hole,Geldings,Canada,Number,1890,,3894,,994057
dip,Geldings,Canada,Number,1891,963,3894,0.247,994057
hole,Manures — Phosphate Of Lime And Rock,France,Ton,1893,,33569,,988666
hole,Caoutchouc — Manufactures Of,Belgium,Lb,1881,,280851,,987738
hole,Caoutchouc — Manufactures Of,Belgium,Lb,1882,,280851,,987738
hole,Caoutchouc — Manufactures Of,Belgium,Lb,1883,,280851,,987738
dip,Caoutchouc — Manufactures Of,Belgium,Lb,1891,70061,280851,0.249,987738
dip,"Drugs — Bark, Peruvian",Madras,Cwt,1894,71,12533,0.006,981967
hole,Manures — Unenumerated,United States Of America,Ton,1886,,15668,,978279
hole,Manures — Unenumerated,United States Of America,Ton,1887,,15668,,978279
hole,Manures — Unenumerated,United States Of America,Ton,1888,,15668,,978279
hole,Manures — Unenumerated,United States Of America,Ton,1889,,15668,,978279
hole,Manures — Unenumerated,United States Of America,Ton,1892,,15668,,978279
hole,Manures — Unenumerated,United States Of America,Ton,1895,,15668,,978279
spike,Manures — Unenumerated,United States Of America,Ton,1881,76616,15668,4.89,978279
dip,"Dye Stuffs, And Substances Used In Tanning — Bark",Australasia,Cwt,1891,2489,171644,0.015,977928
hole,Rags And Other Materials For Making Paper — Linen And Cotton,France,Ton,1873,,4143,,970893
hole,Rags And Other Materials For Making Paper — Linen And Cotton,France,Ton,1874,,4143,,970893
hole,Rags And Other Materials For Making Paper — Linen And Cotton,France,Ton,1875,,4143,,970893
dip,Dye Woods — Logwood,Mexico,Ton,1875,924,4775,0.194,969716
hole,"Copper, Ore Of",Algeria,Ton,1880,,3613,,966701
hole,"Copper, Ore Of",Algeria,Ton,1890,,3613,,966701
hole,"Copper, Ore Of",Algeria,Ton,1891,,3613,,966701
spike,"Cocoa Or Chocolate, In The Manufacture Of Which Spirit Has Been Used",Germany,Lb,1893,43076,10551,4.083,966548
spike,"Gold — Ore Of, Or Ore Of Which The Greater Part In Value Is Gold",All Countries,Ton,1876,50,12,4.167,963653
hole,"Buttons And Studs, Not Of Metal",Germany,Gross,1885,,521761,,955487
hole,"Oil — Chemical, Essential, Or Perfumed",France,Lb,1884,,158212,,950804
hole,"Oil — Chemical, Essential, Or Perfumed",France,Lb,1885,,158212,,950804
spike,"Skins, Furs, And Pelts — Furs",France,Number,1892,6492672,1617607,4.014,940081
dip,Yarn,Madras,Lb,1895,71680,1319172,0.054,933443
dip,Bark — Peruvian,British East Indies,Cwt,1876,1415,6781,0.209,930948
spike,Wood And Timber — Unenumerated,Italy,Ton,1881,4877,1198,4.073,929442
hole,Caoutchouc — Manufactures Of,Other Countries,Lb,1874,,51434,,926564
hole,Caoutchouc — Manufactures Of,Other Countries,Lb,1883,,51434,,926564
spike,Spirits — Not Tested For Ascertaining Strength,Belgium,Gallon,1882,6183,1495,4.136,912556
dip,Spirits — Not Tested For Ascertaining Strength,Belgium,Gallon,1888,219,1495,0.146,912556
dip,Spirits — Not Tested For Ascertaining Strength,Belgium,Gallon,1891,190,1495,0.127,912556
hole,Woollen Manufactures — Unenumerated,Belgium,Cwt,1874,,106414,,909427
hole,Woollen Manufactures — Unenumerated,Belgium,Cwt,1876,,106414,,909427
spike,Woollen Manufactures — Unenumerated,Belgium,Cwt,1882,1310955,106414,12.319,909427
spike,"Platina, Wrought Or Unwrought",Russia,Oz Troy,1875,144900,18026,8.038,903360
hole,"Iron — Steel, Unwrought",Holland,Ton,1874,,2123,,901272
hole,"Iron — Steel, Unwrought",Holland,Ton,1879,,2123,,901272
hole,"Iron — Steel, Unwrought",Holland,Ton,1893,,2123,,901272
dip,"Iron — Steel, Unwrought",Holland,Ton,1892,460,2123,0.217,901272
hole,Caoutchouc — Manufactures Of,Holland,Lb,1874,,196595,,896416
hole,Caoutchouc — Manufactures Of,Holland,Lb,1883,,196595,,896416
spike,Bark — Peruvian,Ecuador,Cwt,1880,21462,4884,4.395,891186
hole,Myrabolams,British India Bombay And Scinde,Cwt,1877,,154419,,890838
hole,Hats Or Bonnets — Of Straw,France,Lb,1874,,96592,,888661
hole,Hats Or Bonnets — Of Straw,France,Lb,1888,,96592,,888661
spike,Hats Or Bonnets — Of Straw,France,Lb,1875,387968,96592,4.017,888661
spike,Hats Or Bonnets — Of Straw,France,Lb,1896,591130,96592,6.12,888661
hole,Paper — Unenumerated,Norway,Cwt,1881,,38814,,885939
hole,Tin — Ore Of,Chile,Ton,1884,,1117,,879541
hole,Tin — Ore Of,Chile,Ton,1886,,1117,,879541
hole,Tin — Ore Of,Chile,Ton,1887,,1117,,879541
hole,Hats Or Bonnets — Of Felt,France,Number,1888,,168608,,872554
hole,Galls,China,Cwt,1884,,10290,,849348
hole,Galls,China,Cwt,1886,,10290,,849348
dip,Galls,China,Cwt,1897,1839,10290,0.179,849348
hole,Woollen Yarn — Unenumerated,Other Countries,?,1876,,4198,,848738
hole,Cotton — Rape,Roumania,Quarter,1880,,18604,,848270
hole,Cotton — Rape,Roumania,Quarter,1881,,18604,,848270
hole,Cotton — Rape,Roumania,Quarter,1884,,18604,,848270
hole,Cotton — Rape,Roumania,Quarter,1889,,18604,,848270
hole,Cotton — Rape,Roumania,Quarter,1891,,18604,,848270
dip,Cotton — Rape,Roumania,Quarter,1883,3500,18604,0.188,848270
dip,Cotton — Rape,Roumania,Quarter,1895,1804,18604,0.097,848270
hole,Nuts And Kernels — Commonly Used For Expressing Oil Therefrom,Niger Protectorate,Ton,1894,,3482,,847731
dip,Confectionery,United States Of America,Cwt,1888,617,7554,0.082,838399
dip,"Animals, Living — Muskets, Rifles, Carbines, Fowling     Pieces, Or Guns Of Any Other     Sorts, Not Enumerated; And     Parts Thereof, And Pistols",British West India Islands,Ton,1893,669,6835,0.098,837014
spike,Hay,Canada,Ton,1893,63175,15020,4.206,836321
dip,Hay,Canada,Ton,1896,2308,15020,0.154,836321
dip,Hay,Canada,Ton,1898,3278,15020,0.218,836321
hole,"Books, Bound Or Unbound, Including Maps And Charts",Holland,Cwt,1888,,10656,,830024
hole,"Books, Bound Or Unbound, Including Maps And Charts",Holland,Cwt,1889,,10656,,830024
hole,"Books, Bound Or Unbound, Including Maps And Charts",Holland,Cwt,1891,,10656,,830024
hole,"Books, Bound Or Unbound, Including Maps And Charts",Holland,Cwt,1893,,10656,,830024
hole,"Books, Bound Or Unbound, Including Maps And Charts",Holland,Cwt,1894,,10656,,830024
hole,Vinegar,Holland,Gallon,1873,,30515,,821492
hole,Vinegar,Holland,Gallon,1874,,30515,,821492
hole,Vinegar,Holland,Gallon,1875,,30515,,821492
hole,Vinegar,Holland,Gallon,1876,,30515,,821492
hole,Vinegar,Holland,Gallon,1877,,30515,,821492
hole,Vinegar,Holland,Gallon,1881,,30515,,821492
hole,Vinegar,Holland,Gallon,1882,,30515,,821492
dip,Vinegar,Holland,Gallon,1879,4942,30515,0.162,821492
hole,"Skins, Furs, And Pelts — Goat, Undressed",Russia,Number,1885,,1236448,,818725
hole,"Skins, Furs, And Pelts — Goat, Undressed",Russia,Number,1888,,1236448,,818725
dip,"Skins, Furs, And Pelts — Goat, Undressed",Russia,Number,1886,106915,1236448,0.086,818725
hole,"Hides — Not Tanned, &C., Dry",Italy,?,1875,,28903,,817069
hole,Horse,China,Cwt,1884,,2881,,813918
hole,Horse,China,Cwt,1886,,2881,,813918
hole,"Flowers, Artificial — Apples, Raw",Belgium,Bushel,1887,,491925,,808704
hole,Pictures,Other Countries,?,1879,,2420,,806635
hole,Pictures,Other Countries,?,1880,,2420,,806635
hole,Pictures,Other Countries,?,1881,,2420,,806635
dip,Pictures,Other Countries,?,1875,577,2420,0.238,806635
hole,"Fruit — Preserved Without Sugar, Unenumerated",United States Of America,Lb,1875,,3622780,,806405
hole,"Fruit — Preserved Without Sugar, Unenumerated",United States Of America,Lb,1882,,3622780,,806405
dip,"Fruit — Preserved Without Sugar, Unenumerated",United States Of America,Lb,1876,847872,3622780,0.234,806405
hole,Manures — Guano,Spanish West India Islands,Ton,1886,,1330,,802076
hole,Manures — Guano,Spanish West India Islands,Ton,1887,,1330,,802076
hole,Manures — Guano,Spanish West India Islands,Ton,1889,,1330,,802076
spike,Wood And Timber — Unenumerated,Sweden,Load,1884,126483,6351,19.915,799741
dip,Woollen Yarn — Cloths,Germany,Yard,1893,195144,791653,0.247,798837
hole,Cotton — Tares And Lentils,Egypt,Bushel,1878,,96759,,787483
dip,Cotton — Tares And Lentils,Egypt,Bushel,1875,18750,96759,0.194,787483
spike,Cotton — Tares And Lentils,Egypt,Bushel,1882,399621,96759,4.13,787483
spike,Cotton — Tares And Lentils,Egypt,Bushel,1884,416198,96759,4.301,787483
spike,Cotton — Tares And Lentils,Egypt,Bushel,1891,482764,96759,4.989,787483
dip,Cotton — Tares And Lentils,Egypt,Bushel,1896,22383,96759,0.231,787483
hole,Zinc — Articles Imported By Parcel Post,Channel Islands,Number Of Packets,1889,,66646,,786590
hole,Zinc — Articles Imported By Parcel Post,Channel Islands,Number Of Packets,1892,,66646,,786590
hole,Part Wrought,United States Of America,Ton,1888,,314,,779130
hole,Part Wrought,United States Of America,Ton,1889,,314,,779130
hole,Part Wrought,United States Of America,Ton,1890,,314,,779130
hole,Part Wrought,United States Of America,Ton,1891,,314,,779130
hole,Part Wrought,United States Of America,Ton,1892,,314,,779130
dip,Part Wrought,United States Of America,Ton,1887,1,314,0.003,779130
dip,Onions — Raw,Belgium,Bushel,1892,28934,275428,0.105,777840
dip,Paper — Hangings,Other Foreign Countries,Cwt,1890,83,404,0.206,769413
dip,"Hair — Cow, Ox, Bull, Or Elk",Holland,Cwt,1875,3208,15937,0.201,768745
hole,Bristles,Holland,Lb,1879,,141980,,760391
dip,Bristles,Holland,Lb,1874,35340,141980,0.249,760391
dip,Alkali,Canada,Cwt,1898,4862,19814,0.245,759794
hole,"Skins, Furs, And Pelts — Sheep, Undressed",France,Number,1881,,431900,,755294
hole,"Skins, Furs, And Pelts — Sheep, Undressed",France,Number,1886,,431900,,755294
hole,"Flowers, Artificial — Raw, Not Otherwise Described",Spain And Canary Islands,Bushel,1875,,211305,,753271
hole,Bars,Belgium,Ton,1878,,6953,,752488
hole,Cement,Holland,?,1874,,407250,,750094
hole,Cement,Holland,?,1876,,407250,,750094
hole,Cement,Holland,?,1880,,407250,,750094
hole,Cement,Holland,?,1881,,407250,,750094
hole,Cement,Holland,?,1883,,407250,,750094
hole,Cotton Manufactures — Unenumerated,Belgium,?,1876,,175543,,748065
hole,Cotton Manufactures — Unenumerated,Belgium,?,1880,,175543,,748065
hole,Cotton Manufactures — Unenumerated,Belgium,?,1882,,175543,,748065
hole,"Wine — White, In Bottles—Still",Holland,Gallon,1894,,173110,,741014
dip,"Copper, Ore Of — Unwrought, In Bars, Blocks Or Slabs, Cakes Or Ingots",New South Wales,Ton,1893,1373,6171,0.222,736007
hole,Fruit — Figs And Fig Cake,Other Countries,?,1876,,4199,,731928
hole,"Flax, Dressed Or Undressed — Tow Or Codilla Of",Belgium,Cwt,1888,,63744,,729442
hole,"Metal — Unenumerated, Unwrought",Japan,Ton,1891,,445,,728818
hole,"Metal — Unenumerated, Unwrought",Japan,Ton,1894,,445,,728818
hole,"Metal — Unenumerated, Unwrought",Japan,Ton,1896,,445,,728818
dip,"Metal — Unenumerated, Unwrought",Japan,Ton,1897,94,445,0.211,728818
dip,"Metal — Unenumerated, Unwrought",Japan,Ton,1899,94,445,0.211,728818
hole,Rags And Other Materials For Making Paper — Linen And Cotton,Belgium,Ton,1873,,3084,,728435
hole,Rags And Other Materials For Making Paper — Linen And Cotton,Belgium,Ton,1874,,3084,,728435
hole,Rags And Other Materials For Making Paper — Linen And Cotton,Belgium,Ton,1875,,3084,,728435
dip,"Perfumery, And Articles Used In The Manufacture Thereof",United States Of America,Lb,1880,112783,673669,0.167,725775
hole,Oil — Train Or Blubber,Whale Fisheries Northern,Tun,1874,,2297,,724988
hole,Oil — Train Or Blubber,Whale Fisheries Northern,Tun,1877,,2297,,724988
hole,Oil — Train Or Blubber,Whale Fisheries Northern,Tun,1878,,2297,,724988
hole,Lead — Ore Of,Australasia,Ton,1885,,2972,,723718
hole,Lead — Ore Of,Australasia,Ton,1889,,2972,,723718
hole,Lead — Ore Of,Australasia,Ton,1890,,2972,,723718
hole,Confectionery,France,Cwt,1881,,2651,,723076
hole,Confectionery,France,Cwt,1883,,2651,,723076
hole,Confectionery,France,Cwt,1888,,2651,,723076
hole,Feathers — Ornamental,Egypt,Lb,1886,,13319,,722426
dip,Feathers — Ornamental,Egypt,Lb,1885,383,13319,0.029,722426
dip,Woollen And Worsted Manufactures — Shawls,United States Of America,?,1882,15455,117465,0.132,721515
dip,"Skins And Furs — Sheep And Lambs', Undressed, Without The Wool",United States Of America (Atlantic),?,1876,109576,3509203,0.031,716295
dip,"Skins And Furs — Sheep And Lambs', Undressed, Without The Wool",United States Of America (Atlantic),?,1878,248800,3509203,0.071,716295
dip,"Skins And Furs — Sheep And Lambs', Undressed, Without The Wool",United States Of America,?,1876,109576,3509203,0.031,716295
dip,"Skins And Furs — Sheep And Lambs', Undressed, Without The Wool",United States Of America,?,1878,248800,3509203,0.071,716295
hole,"Skins And Furs — Foreign, Dressed In The United Kingdom",United States Of America (Atlantic),?,1879,,226500,,714024
hole,"Skins And Furs — Foreign, Dressed In The United Kingdom",United States Of America,?,1879,,226500,,714024
hole,Zinc — Ore Of,Greece,Ton,1879,,4608,,713306
hole,Zinc — Ore Of,Greece,Ton,1884,,4608,,713306
hole,Zinc — Ore Of,Greece,Ton,1892,,4608,,713306
dip,Fresh (Not Of British Taking) — Herrings,Denmark,?,1893,2867,16156,0.177,713054
hole,"Seeds — Unenumerated, Other Sorts",British East Indies,Cwt,1885,,57166,,712876
hole,"Seeds — Unenumerated, Other Sorts",British East Indies,Cwt,1886,,57166,,712876
hole,"Seeds — Unenumerated, Other Sorts",British East Indies,Cwt,1893,,57166,,712876
hole,Dye Woods — Unenumerated,Mexico,Ton,1881,,3470,,709401
hole,Dye Woods — Unenumerated,Mexico,Ton,1891,,3470,,709401
hole,"Flowers, Artificial — Apples, Raw",France,Bushel,1887,,343040,,703923
hole,Gum — Unenumerated,Turkey,Cwt,1874,,9159,,703112
hole,Gum — Unenumerated,Turkey,Cwt,1875,,9159,,703112
hole,Gum — Unenumerated,Turkey,Cwt,1883,,9159,,703112
hole,Confectionery,Holland,Cwt,1881,,2952,,695749
hole,Confectionery,Holland,Cwt,1883,,2952,,695749
hole,Confectionery,Holland,Cwt,1888,,2952,,695749
spike,"Buttons And Studs, Not Of Metal",Belgium,Gross,1882,2216944,377614,5.871,694887
hole,Beef — Applicable To Manufacturing Purposes,Brazil,Ton,1884,,3257,,694518
hole,Beef — Applicable To Manufacturing Purposes,Brazil,Ton,1885,,3257,,694518
hole,Beef — Applicable To Manufacturing Purposes,Brazil,Ton,1886,,3257,,694518
hole,Beef — Applicable To Manufacturing Purposes,Brazil,Ton,1888,,3257,,694518
hole,Beef — Applicable To Manufacturing Purposes,Brazil,Ton,1889,,3257,,694518
hole,Beef — Applicable To Manufacturing Purposes,Brazil,Ton,1890,,3257,,694518
dip,Beef — Applicable To Manufacturing Purposes,Brazil,Ton,1878,756,3257,0.232,694518
dip,Woollen And Worsted Manufactures — Shawls,United States Of America (Atlantic),?,1882,15455,117385,0.132,694314
hole,Beer And Ale — Of Other Sorts,Germany,Barrel,1875,,12374,,693804
hole,Beer And Ale — Of Other Sorts,Germany,Barrel,1878,,12374,,693804
hole,Beer And Ale — Of Other Sorts,Germany,Barrel,1879,,12374,,693804
hole,Beer And Ale — Of Other Sorts,Germany,Barrel,1880,,12374,,693804
dip,Beer And Ale — Of Other Sorts,Germany,Barrel,1887,873,12374,0.071,693804
hole,"Glass — Window And German Sheet, Including Shades And Cylinders",Germany,Cwt,1884,,75788,,691342
hole,"Glass — Window And German Sheet, Including Shades And Cylinders",Germany,Cwt,1887,,75788,,691342
hole,"Glass — Window And German Sheet, Including Shades And Cylinders",Germany,Cwt,1898,,75788,,691342
hole,Buckwheat,France,Cwt,1878,,53740,,688569
hole,Buckwheat,France,Cwt,1879,,53740,,688569
hole,Buckwheat,France,Cwt,1880,,53740,,688569
hole,"Cards, Playing",Ecuador,Dozen Packs,1898,,3713976,,683795
hole,Isinglass,Other Countries,Cwt,1874,,543,,682741
dip,Isinglass,Other Countries,Cwt,1883,31,543,0.057,682741
hole,"Wood And Timber — Sawn, Unenumerated",Russia,Load,1892,,38028,,681759
hole,"Wood And Timber — Sawn, Unenumerated",Russia,Load,1895,,38028,,681759
dip,"Fruit — Apples, Raw",Holland,Bushel,1896,52005,218448,0.238,681283
dip,Whalebone (Whalefins),France,Cwt,1884,153,1398,0.109,679810
hole,Fruit — Figs And Fig Cake,Australia,?,1876,,3020,,674963
spike,Fruit — Figs And Fig Cake,Australia,?,1879,21393,3020,7.083,674963
hole,Metal — Wrought Or Manufactured,Belgium,Ton,1883,,1254,,671818
hole,Metal — Wrought Or Manufactured,Belgium,Ton,1891,,1254,,671818
spike,Metal — Wrought Or Manufactured,Belgium,Ton,1884,18115,1254,14.452,671818
dip,Metal — Wrought Or Manufactured,Belgium,Ton,1887,110,1254,0.088,671818
spike,Metal — Wrought Or Manufactured,Belgium,Ton,1889,11611,1254,9.263,671818
spike,Metal — Wrought Or Manufactured,Belgium,Ton,1892,8310,1254,6.629,671818
spike,Metal — Wrought Or Manufactured,Belgium,Ton,1895,12416,1254,9.905,671818
hole,Spirits — Not Tested For Ascertaining Strength,United States Of America,Gallon,1884,,941,,668870
hole,Spirits — Not Tested For Ascertaining Strength,United States Of America,Gallon,1885,,941,,668870
spike,Pears — Raw,Belgium,Bushel,1894,693017,165752,4.181,667718
hole,Wood And Timber — Staves,Canada,Load,1892,,5498,,665546
dip,Wood And Timber — Staves,Canada,Load,1888,62,5498,0.011,665546
hole,"Cards, Playing",Ceylon,Dozen Packs,1898,,3104882,,652868
hole,"Beef — Books, Bound Or Unbound, Including Maps And Charts",Holland,Cwt,1890,,14207,,652123
hole,"Beef — Books, Bound Or Unbound, Including Maps And Charts",Holland,Cwt,1892,,14207,,652123
spike,"Seeds — Unenumerated, For Expressing Oil Therefrom",Other Countries,Quarter,1872,12843,3148,4.08,652082
spike,Rye,France,Cwt,1875,194339,40351,4.816,651064
hole,Rags And Other Materials For Making Paper — Linen And Cotton,Other Countries,Ton,1873,,1834,,648876
hole,Rags And Other Materials For Making Paper — Linen And Cotton,Other Countries,Ton,1874,,1834,,648876
hole,Rags And Other Materials For Making Paper — Linen And Cotton,Other Countries,Ton,1875,,1834,,648876
dip,Rags And Other Materials For Making Paper — Linen And Cotton,Other Countries,Ton,1883,34,1834,0.019,648876
spike,Zinc — Ore Of,Australasia,?,1898,4481,519,8.634,647966
hole,"Skins, Furs, And Pelts — Tanned, Tawed, Or Dressed",Belgium,?,1873,,686307,,646958
hole,"Skins, Furs, And Pelts — Tanned, Tawed, Or Dressed",Belgium,?,1874,,686307,,646958
dip,"Skins, Furs, And Pelts — Tanned, Tawed, Or Dressed",Belgium,?,1876,70839,686307,0.103,646958
dip,"Skins, Furs, And Pelts — Tanned, Tawed, Or Dressed",Belgium,?,1878,34138,686307,0.05,646958
hole,"Metal — Unenumerated, Unwrought",Australia,Ton,1873,,472,,645785
spike,"Metal — Unenumerated, Unwrought",Australia,Ton,1880,6198,472,13.117,645785
hole,Oil — Seed,Holland,Ton,1884,,1924,,643422
hole,Oil — Seed,Holland,Ton,1885,,1924,,643422
dip,Wood And Timber — Unenumerated,Russia,Load,1887,1356,5684,0.239,636697
hole,Gunpowder,Belgium,Cwt,1875,,960,,636409
hole,Gunpowder,Belgium,Cwt,1876,,960,,636409
hole,Gunpowder,Belgium,Cwt,1877,,960,,636409
hole,Gunpowder,Belgium,Cwt,1878,,960,,636409
hole,Gunpowder,Belgium,Cwt,1880,,960,,636409
hole,Gunpowder,Belgium,Cwt,1881,,960,,636409
hole,Gunpowder,Belgium,Cwt,1882,,960,,636409
hole,Gunpowder,Belgium,Cwt,1883,,960,,636409
dip,Gunpowder,Belgium,Cwt,1898,234,960,0.244,636409
hole,Alkali,Holland,Cwt,1877,,14448,,634853
hole,Alkali,Holland,Cwt,1878,,14448,,634853
hole,Alkali,Holland,Cwt,1879,,14448,,634853
hole,Alkali,Holland,Cwt,1880,,14448,,634853
hole,Alkali,Holland,Cwt,1881,,14448,,634853
hole,Alkali,Holland,Cwt,1882,,14448,,634853
spike,Alkali,Holland,Cwt,1895,69309,14448,4.797,634853
spike,Alkali,Holland,Cwt,1897,61700,14448,4.27,634853
dip,"Dye Stuffs, And Substances Used In Tanning — Unenumerated",British East Indies,Cwt,1890,7694,49388,0.156,634695
hole,Beer And Ale — Of Other Sorts,Holland,Barrel,1875,,12456,,632161
hole,Beer And Ale — Of Other Sorts,Holland,Barrel,1877,,12456,,632161
hole,Beer And Ale — Of Other Sorts,Holland,Barrel,1878,,12456,,632161
hole,Beer And Ale — Of Other Sorts,Holland,Barrel,1879,,12456,,632161
hole,Beer And Ale — Of Other Sorts,Holland,Barrel,1880,,12456,,632161
dip,Beer And Ale — Of Other Sorts,Holland,Barrel,1881,1534,12456,0.123,632161
spike,"Cheese — China Or Porcelain, And Earthen- Ware",France,Cwt,1896,114631,24146,4.747,628504
dip,Ammunition — Sheep And Lambs,Canada,?,1893,3589,73764,0.049,628473
hole,"Flowers, Artificial — Raw, Not Otherwise Described",Germany,Bushel,1873,,160508,,626164
hole,"Flowers, Artificial — Raw, Not Otherwise Described",Germany,Bushel,1875,,160508,,626164
hole,Sugar — Refined And Candy,Belgium,?,1876,,67257,,625003
hole,Sugar — Refined And Candy,Belgium,?,1879,,67257,,625003
hole,Sugar — Refined And Candy,Belgium,?,1882,,67257,,625003
dip,Sugar — Refined And Candy,Belgium,?,1878,2945,67257,0.044,625003
hole,Rags And Other Materials For Making Paper — Linen And Cotton,Holland,Ton,1873,,2981,,624327
hole,Rags And Other Materials For Making Paper — Linen And Cotton,Holland,Ton,1874,,2981,,624327
hole,Rags And Other Materials For Making Paper — Linen And Cotton,Holland,Ton,1875,,2981,,624327
hole,Rags And Other Materials For Making Paper — Linen And Cotton,Holland,Ton,1876,,2981,,624327
hole,Rags And Other Materials For Making Paper — Linen And Cotton,Holland,Ton,1877,,2981,,624327
hole,Rags And Other Materials For Making Paper — Linen And Cotton,Holland,Ton,1878,,2981,,624327
hole,Copper — Regulus,Bolivia,Ton,1873,,1809,,621749
hole,"Ore, Unenumerated",Australasia,Ton,1882,,2150,,620350
hole,"Ore, Unenumerated",Australasia,Ton,1885,,2150,,620350
dip,"Ore, Unenumerated",Australasia,Ton,1886,139,2150,0.065,620350
spike,"Ore, Unenumerated",Australasia,Ton,1896,10372,2150,4.825,620350
dip,Liquorice,Russia,Cwt,1892,1039,10064,0.103,620178
dip,Tow,Belgium,Ton,1899,113,3668,0.031,620049
dip,Plums — Raw,Belgium,Bushel,1899,3346,84236,0.04,613917
hole,Jute — Boots And Shoes,Germany,Dozen Pairs,1879,,7212,,610239
hole,Jute — Boots And Shoes,Germany,Dozen Pairs,1883,,7212,,610239
dip,Jute — Boots And Shoes,Germany,Dozen Pairs,1884,957,7212,0.133,610239
dip,Jute — Boots And Shoes,Germany,Dozen Pairs,1889,1774,7212,0.246,610239
hole,Waste Of (Raw And Yarn),British East Indies,Lb,1892,,7091168,,608724
hole,"Straw Platting, For Making Hats Or Bonnets",Japan,Lb,1891,,611549,,605092
dip,"Straw Platting, For Making Hats Or Bonnets",Japan,Lb,1892,124747,611549,0.204,605092
hole,Silk Manufactures — Broad Stuffs Of Silk Or Satin,Australia,?,1873,,23884,,604138
spike,Silk Manufactures — Broad Stuffs Of Silk Or Satin,Australia,?,1875,606712,23884,25.403,604138
spike,Silk Manufactures — Broad Stuffs Of Silk Or Satin,Australia,?,1878,989650,23884,41.437,604138
hole,Slates,France,?,1897,,4331542,,603218
dip,Slates,France,?,1898,331020,4331542,0.076,603218
hole,"Glass — Window And German Sheet, In- Cluding Shades And Cylinders",Germany,Cwt,1890,,78826,,602796
hole,Gum — Arabic,Egypt,Cwt,1874,,10252,,598417
hole,Gum — Arabic,Egypt,Cwt,1875,,10252,,598417
hole,Gum — Arabic,Egypt,Cwt,1876,,10252,,598417
hole,Gum — Arabic,Egypt,Cwt,1883,,10252,,598417
hole,Gum — Arabic,Egypt,Cwt,1885,,10252,,598417
hole,Gum — Arabic,Egypt,Cwt,1887,,10252,,598417
spike,Gum — Arabic,Egypt,Cwt,1873,48223,10252,4.704,598417
dip,Gum — Arabic,Egypt,Cwt,1897,2212,10252,0.216,598417
dip,"Oil — Chemical, Essential, Or Perfumed",China,Lb,1889,4234,62711,0.068,597059
hole,Dye Woods — Unenumerated,Other Countries,Ton,1876,,3502,,586872
hole,Dye Woods — Unenumerated,Other Countries,Ton,1880,,3502,,586872
hole,Dye Woods — Unenumerated,Other Countries,Ton,1881,,3502,,586872
hole,Cement,France,?,1874,,363223,,585200
hole,Cement,France,?,1876,,363223,,585200
hole,Cement,France,?,1880,,363223,,585200
hole,Cement,France,?,1881,,363223,,585200
hole,Cement,France,?,1883,,363223,,585200
dip,"Dye Stuffs, And Substances Used In Tanning — Unenumerated",United States Of Colombia,Cwt,1887,10094,50300,0.201,584815
dip,Drugs — Opium,Persia,Lb,1888,8451,52238,0.162,584639
dip,Drugs — Opium,Persia,Lb,1895,3890,52238,0.074,584639
hole,"Ore, Unenumerated",France,Ton,1873,,2531,,579324
hole,"Ore, Unenumerated",France,Ton,1874,,2531,,579324
hole,"Ore, Unenumerated",France,Ton,1875,,2531,,579324
hole,"Ore, Unenumerated",France,Ton,1877,,2531,,579324
hole,"Ore, Unenumerated",France,Ton,1879,,2531,,579324
hole,"Ore, Unenumerated",France,Ton,1882,,2531,,579324
hole,"Ore, Unenumerated",France,Ton,1885,,2531,,579324
dip,"Ore, Unenumerated",France,Ton,1884,565,2531,0.223,579324
dip,"Ore, Unenumerated",France,Ton,1886,248,2531,0.098,579324
hole,Feathers — For Beds,Germany,Cwt,1874,,8823,,577619
dip,Feathers — For Beds,Germany,Cwt,1882,1711,8823,0.194,577619
hole,Horse,Belgium,Cwt,1882,,1755,,572549
spike,Horse,Belgium,Cwt,1874,69180,1755,39.419,572549
spike,Horse,Belgium,Cwt,1876,46543,1755,26.52,572549
dip,Lead — Ore Of,New South Wales,Ton,1893,441,6721,0.066,570414
dip,"Cards, Playing",Germany,Dozen Packs,1893,549,4557,0.12,567601
hole,Gunpowder,Germany,Cwt,1887,,2466,,566479
hole,Gunpowder,Germany,Cwt,1896,,2466,,566479
spike,Gunpowder,Germany,Cwt,1885,12304,2466,4.99,566479
dip,Gunpowder,Germany,Cwt,1895,59,2466,0.024,566479
hole,"Animals, Living — Swine",Holland,Number,1881,,9682,,564437
dip,"Ore, Unenumerated",Turkey,Ton,1887,205,2236,0.092,564278
hole,"Fruit — Dried, Not Otherwise Described",Turkey,Bushel,1873,,171676,,564219
hole,"Fruit — Dried, Not Otherwise Described",Turkey,Bushel,1875,,171676,,564219
hole,Wax,Japan,Cwt,1891,,3852,,559973
spike,Wax,Japan,Cwt,1873,17062,3852,4.429,559973
spike,Wax,Japan,Cwt,1877,16316,3852,4.236,559973
dip,Wax,Japan,Cwt,1896,835,3852,0.217,559973
dip,"Sauces Or Condiments, Unenumerated",China,Lb,1892,75702,525561,0.144,557541
hole,"Metal — Unenumerated, Unwrought",Other Countries,Ton,1873,,318,,556718
spike,"Metal — Unenumerated, Unwrought",Other Countries,Ton,1880,5563,318,17.521,556718
hole,"Varnished, Japanned Or Enamelled",France,Lb,1875,,65520,,555043
hole,"Varnished, Japanned Or Enamelled",France,Lb,1876,,65520,,555043
hole,"Varnished, Japanned Or Enamelled",France,Lb,1877,,65520,,555043
hole,"Varnished, Japanned Or Enamelled",France,Lb,1878,,65520,,555043
hole,"Varnished, Japanned Or Enamelled",France,Lb,1879,,65520,,555043
hole,"Varnished, Japanned Or Enamelled",France,Lb,1880,,65520,,555043
dip,"Varnished, Japanned Or Enamelled",France,Lb,1874,10037,65520,0.153,555043
hole,"Hemp — Tow, Or Codilla Of",Germany,Cwt,1874,,36651,,549094
hole,"Hemp — Tow, Or Codilla Of",Germany,Cwt,1882,,36651,,549094
hole,"Hemp — Tow, Or Codilla Of",Germany,Cwt,1883,,36651,,549094
hole,"Hemp — Tow, Or Codilla Of",Germany,Cwt,1884,,36651,,549094
hole,"Hemp — Tow, Or Codilla Of",Germany,Cwt,1885,,36651,,549094
hole,"Hemp — Tow, Or Codilla Of",Germany,Cwt,1886,,36651,,549094
hole,Paper — Unenumerated,Russia,Cwt,1890,,38427,,541121
hole,Paper — Millboard And Pasteboard,Belgium,Cwt,1889,,36940,,540853
hole,"Seeds — Unenumerated, Other Sorts",Holland,Cwt,1880,,48296,,540440
hole,"Seeds — Unenumerated, Other Sorts",Holland,Cwt,1881,,48296,,540440
hole,"Seeds — Unenumerated, Other Sorts",Holland,Cwt,1882,,48296,,540440
hole,"Seeds — Unenumerated, Other Sorts",Holland,Cwt,1883,,48296,,540440
hole,Rye,Roumania,Cwt,1883,,82969,,540076
hole,Rye,Roumania,Cwt,1884,,82969,,540076
hole,Rye,Roumania,Cwt,1891,,82969,,540076
hole,Rye,Roumania,Cwt,1893,,82969,,540076
hole,"Spirits, British And Irish",British North America,?,1876,,436765,,539012
hole,"Spirits, British And Irish",British North America,?,1877,,436765,,539012
hole,"Spirits, British And Irish",British North America,?,1879,,436765,,539012
dip,Wood And Timber — Unenumerated,Norway,Load,1875,951,5874,0.162,538636
spike,Wood And Timber — Unenumerated,Norway,Load,1884,35886,5874,6.109,538636
dip,Metals And Ores — Pig,United States Of America,?,1877,2898,20642,0.14,536894
hole,"Manganese, Ore Of",Spain,Ton,1879,,4674,,536669
hole,"Manganese, Ore Of",Spain,Ton,1889,,4674,,536669
hole,"Manganese, Ore Of",Spain,Ton,1895,,4674,,536669
spike,"Manganese, Ore Of",Spain,Ton,1872,19502,4674,4.172,536669
spike,"Metal — Unenumerated, Wrought Or Manufactured",France,Ton,1880,20514,151,135.854,534092
hole,Caoutchouc — Manufactures Of,Australia,?,1874,,20280,,532103
hole,Caoutchouc — Manufactures Of,Australia,?,1877,,20280,,532103
hole,Dye Woods — Unenumerated,Central America,Ton,1881,,3472,,531399
hole,Saumur,France,Gallon,1895,,152420,,525403
dip,Wood And Timber — Oak,United States Of America,Load,1879,820,5532,0.148,519395
hole,Sugar — Refined And Candy,British North America,?,1876,,75129,,518666
hole,Sugar — Refined And Candy,British North America,?,1879,,75129,,518666
hole,Sugar — Refined And Candy,British North America,?,1882,,75129,,518666
hole,Castor,Belgium,Cwt,1886,,15402,,518248
hole,Castor,Belgium,Cwt,1890,,15402,,518248
hole,Castor,Belgium,Cwt,1891,,15402,,518248
hole,Manures — Phosphate Of Lime And Rock,Canada,Ton,1886,,12423,,518027
hole,Manures — Phosphate Of Lime And Rock,Canada,Ton,1887,,12423,,518027
hole,Manures — Phosphate Of Lime And Rock,Canada,Ton,1893,,12423,,518027
dip,"Chicory, Raw Or Kiln-Dried",Belgium,Cwt,1887,881,106171,0.008,517962
spike,Manures — Unenumerated,Portugal,Ton,1880,57073,12898,4.425,517318
dip,Manures — Unenumerated,Portugal,Ton,1883,731,12898,0.057,517318
dip,Horse,Other Countries,Cwt,1883,22,1083,0.02,516596
hole,Gunpowder,Holland,Cwt,1891,,3610,,516202
dip,Gunpowder,Holland,Cwt,1878,210,3610,0.058,516202
spike,Gunpowder,Holland,Cwt,1885,25185,3610,6.977,516202
hole,"Cards, Playing",Brazil,Dozen Packs,1898,,2655121,,513960
dip,Peas,Bengal,Cwt,1897,51990,299519,0.174,512867
spike,Glass,Brazil,Cwt,1898,12929,2630,4.915,508700
dip,"Skins, Furs, And Pelts — Sheep And Lamb, Tanned, Tawed, Or Dressed",Australia,Number,1872,257506,1069636,0.241,508308
hole,Wax,Other Countries,Cwt,1875,,4018,,507807
hole,Wax,Other Countries,Cwt,1878,,4018,,507807
dip,Wax,Other Countries,Cwt,1883,66,4018,0.016,507807
hole,Iron — Pig And Puddled,Holland,Ton,1878,,2959,,505080
hole,Iron — Pig And Puddled,Holland,Ton,1880,,2959,,505080
hole,Iron — Pig And Puddled,Holland,Ton,1881,,2959,,505080
hole,Iron — Pig And Puddled,Holland,Ton,1893,,2959,,505080
hole,Iron — Pig And Puddled,Holland,Ton,1898,,2959,,505080
dip,Iron — Pig And Puddled,Holland,Ton,1897,708,2959,0.239,505080
hole,Dye Woods — Unenumerated,British East Indies,Ton,1881,,2506,,504212
hole,Dye Woods — Unenumerated,British East Indies,Ton,1890,,2506,,504212
hole,Dye Woods — Unenumerated,British East Indies,Ton,1891,,2506,,504212
dip,Dye Woods — Unenumerated,British East Indies,Ton,1887,396,2506,0.158,504212
hole,Cork — Unmanufactured,Russia,Ton,1886,,1776,,503924
hole,Cork — Unmanufactured,Russia,Ton,1892,,1776,,503924
dip,Cork — Unmanufactured,Russia,Ton,1883,132,1776,0.074,503924
hole,Sugar — Glucose,Germany,Cwt,1895,,102520,,503129
hole,Caoutchouc — Manufactures Of,Spain And Canaries,?,1874,,27857,,502429
hole,Caoutchouc — Manufactures Of,Spain And Canaries,?,1877,,27857,,502429
dip,Lead — Ore Of,Victoria,Ton,1894,467,7414,0.063,498862
dip,Gum — Arabic,Other Countries,Cwt,1883,333,4934,0.067,498462
hole,Pictures,France,?,1879,,1220,,496732
hole,Pictures,France,?,1880,,1220,,496732
hole,Pictures,France,?,1881,,1220,,496732
spike,"Skins, Furs, And Pelts — Goat, Undressed",France,Number,1892,891979,205266,4.345,494653
spike,"Skins, Furs, And Pelts — Goat, Undressed",France,Number,1895,1424354,205266,6.939,494653
hole,"Wood And Timber — Hewn, Fir : Oak",Austrian Territories,Load,1885,,3270,,493298
hole,"Wood And Timber — Hewn, Fir : Oak",Austrian Territories,Load,1886,,3270,,493298
hole,"Wood And Timber — Hewn, Fir : Oak",Austrian Territories,Load,1888,,3270,,493298
hole,"Skins, Furs, And Pelts — Goat, Undressed",Morocco,Number,1885,,373688,,491299
dip,"Skins, Furs, And Pelts — Goat, Undressed",Morocco,Number,1886,63613,373688,0.17,491299
dip,Geldings,Russia,Number,1893,371,2620,0.142,490772
hole,Woollen Yarn — For Fancy Purposes,Holland,Lb,1895,,125702,,489589
hole,"Skins, Furs, And Pelts — Goat, Undressed",Aden,Number,1892,,292191,,488112
spike,"Skins, Furs, And Pelts — Goat, Undressed",Aden,Number,1890,1208765,292191,4.137,488112
hole,"Books, Bound Or Unbound, Including Maps And Charts",France,Cwt,1888,,4589,,488020
hole,"Books, Bound Or Unbound, Including Maps And Charts",France,Cwt,1889,,4589,,488020
hole,"Books, Bound Or Unbound, Including Maps And Charts",France,Cwt,1891,,4589,,488020
hole,"Books, Bound Or Unbound, Including Maps And Charts",France,Cwt,1893,,4589,,488020
hole,"Books, Bound Or Unbound, Including Maps And Charts",France,Cwt,1894,,4589,,488020
hole,"Wood And Timber — Sawn, Unenumerated",Canada,Load,1892,,31568,,487787
hole,"Wood And Timber — Sawn, Unenumerated",Canada,Load,1895,,31568,,487787
hole,"Wool — Alpaca, Vicuña, And Llama",Chile,Lb,1892,,485256,,485877
dip,"Wool — Alpaca, Vicuña, And Llama",Chile,Lb,1883,94151,485256,0.194,485877
dip,"Wool — Alpaca, Vicuña, And Llama",Chile,Lb,1886,51759,485256,0.107,485877
hole,Alkali,France,Cwt,1875,,13745,,483037
hole,Alkali,France,Cwt,1876,,13745,,483037
hole,Alkali,France,Cwt,1877,,13745,,483037
hole,Alkali,France,Cwt,1878,,13745,,483037
hole,Alkali,France,Cwt,1879,,13745,,483037
hole,Alkali,France,Cwt,1880,,13745,,483037
hole,Alkali,France,Cwt,1881,,13745,,483037
dip,Alkali,France,Cwt,1874,1557,13745,0.113,483037
hole,Horse,Uruguay,Cwt,1874,,1296,,478098
hole,Horse,Uruguay,Cwt,1875,,1296,,478098
dip,Horse,Uruguay,Cwt,1894,287,1296,0.221,478098
dip,Horse,Uruguay,Cwt,1896,106,1296,0.082,478098
hole,"Metal — Leaf, Not Gold",Belgium,Packets,1886,,9870,,476983
hole,"Metal — Leaf, Not Gold",Belgium,Packets,1888,,9870,,476983
hole,"Metal — Leaf, Not Gold",Belgium,Packets,1889,,9870,,476983
dip,"Metal — Leaf, Not Gold",Belgium,Packets,1891,32,9870,0.003,476983
spike,"Metal — Leaf, Not Gold",Belgium,Packets,1897,45815,9870,4.642,476983
dip,Beef — Applicable To Manufacturing Purposes,France,?,1897,34,302,0.112,472588
hole,"Nuts And Kernels — Unenumerated, Commonly Used For Expressing Oil Therefrom",Madras,Quarter,1879,,20057,,472502
dip,Meal And Flour — Oatmeal,Canada,Cwt,1876,53,36004,0.001,472472
dip,Meal And Flour — Oatmeal,Canada,Cwt,1878,3451,36004,0.096,472472
hole,Feathers — For Beds,France,Cwt,1874,,6202,,471710
hole,Woollen Manufactures — Unenumerated,Holland,?,1874,,1007058,,468390
hole,Woollen Manufactures — Unenumerated,Holland,?,1876,,1007058,,468390
hole,Animals — Swine,Holland,Number,1876,,21702,,467088
hole,Animals — Swine,Holland,Number,1878,,21702,,467088
dip,Saltpetre (Nitrate Of Potash),Madras,Cwt,1892,1502,163682,0.009,464069
dip,"Metal — Unenumerated, Unwrought",France,Ton,1896,36,296,0.122,463392
hole,Rags And Other Materials For Making Paper — Linen And Cotton,Egypt,Ton,1873,,1951,,452980
hole,Rags And Other Materials For Making Paper — Linen And Cotton,Egypt,Ton,1874,,1951,,452980
hole,Rags And Other Materials For Making Paper — Linen And Cotton,Egypt,Ton,1875,,1951,,452980
hole,Rags And Other Materials For Making Paper — Linen And Cotton,Egypt,Ton,1884,,1951,,452980
hole,Manures — Phosphate Of Lime And Rock,Portugal,Ton,1890,,11295,,451622
hole,Manures — Phosphate Of Lime And Rock,Portugal,Ton,1891,,11295,,451622
spike,Manures — Phosphate Of Lime And Rock,Portugal,Ton,1883,48212,11295,4.268,451622
dip,Cotton — Tares And Lentils,Bombay,Bushel,1897,18900,92339,0.205,450907
hole,Clocks,Belgium,Number,1881,,40937,,447868
spike,Clocks,Belgium,Number,1886,385792,40937,9.424,447868
hole,Fruit — Prunes,France,Cwt,1878,,16471,,447694
hole,Fruit — Prunes,France,Cwt,1880,,16471,,447694
hole,Fruit — Prunes,France,Cwt,1881,,16471,,447694
hole,Fruit — Prunes,France,Cwt,1882,,16471,,447694
hole,Fruit — Prunes,France,Cwt,1885,,16471,,447694
dip,Meat — Beef,Argentine Republic,Cwt,1894,1232,12199,0.101,445095
hole,Soap,British Possessions In South Africa,?,1876,,66563,,442806
hole,Soap,British Possessions In South Africa,?,1877,,66563,,442806
hole,Soap,British Possessions In South Africa,?,1879,,66563,,442806
hole,"Varnished, Japanned Or Enamelled",Russia,Lb,1878,,62009,,441641
hole,"Varnished, Japanned Or Enamelled",Russia,Lb,1879,,62009,,441641
hole,"Varnished, Japanned Or Enamelled",Russia,Lb,1880,,62009,,441641
dip,"Varnished, Japanned Or Enamelled",Russia,Lb,1883,11088,62009,0.179,441641
hole,Oil — Train Or Blubber,United States Of America,Tun,1874,,1442,,441338
hole,Oil — Train Or Blubber,United States Of America,Tun,1878,,1442,,441338
hole,Gum — Unenumerated,Java,Cwt,1892,,5890,,441312
hole,Gum — Unenumerated,Java,Cwt,1893,,5890,,441312
hole,Rags And Other Materials For Making Paper — Linen And Cotton,Turkey,Ton,1873,,2251,,439988
hole,Rags And Other Materials For Making Paper — Linen And Cotton,Turkey,Ton,1874,,2251,,439988
hole,Rags And Other Materials For Making Paper — Linen And Cotton,Turkey,Ton,1875,,2251,,439988
hole,"Telegraphic Wires And Apparatus — Tin, Unwrought",United States Of America,?,1878,,14240,,434947
hole,"Telegraphic Wires And Apparatus — Tin, Unwrought",United States Of America,?,1879,,14240,,434947
hole,"Telegraphic Wires And Apparatus — Tin, Unwrought",United States Of America,?,1882,,14240,,434947
dip,"Telegraphic Wires And Apparatus — Tin, Unwrought",United States Of America,?,1884,3527,14240,0.248,434947
hole,Pitch,Russia,Cwt,1878,,43304,,434081
hole,Pitch,Russia,Cwt,1883,,43304,,434081
hole,Pitch,Russia,Cwt,1885,,43304,,434081
hole,Woollen Yarn — For Fancy Purposes,France,Lb,1876,,84466,,433615
dip,Woollen Yarn — For Fancy Purposes,France,Lb,1890,7578,84466,0.09,433615
hole,"Garden, Unenumerated",France,Lb,1886,,293640,,430113
hole,"Garden, Unenumerated",France,Lb,1887,,293640,,430113
hole,"Garden, Unenumerated",France,Lb,1888,,293640,,430113
hole,"Garden, Unenumerated",France,Lb,1889,,293640,,430113
hole,"Garden, Unenumerated",France,Lb,1890,,293640,,430113
hole,Horns And Hoofs,United States Of America,Ton,1879,,727,,426260
hole,"Metal — Unenumerated, Wrought Or Manufactured",Other Countries,Ton,1881,,100,,426241
hole,"Metal — Unenumerated, Wrought Or Manufactured",Other Countries,Ton,1882,,100,,426241
spike,"Metal — Unenumerated, Wrought Or Manufactured",Other Countries,Ton,1880,939,100,9.437,426241
dip,Calves,Denmark,Number,1875,880,4072,0.216,423881
dip,Calves,Denmark,Number,1877,772,4072,0.19,423881
dip,Calves,Denmark,Number,1879,504,4072,0.124,423881
spike,Calves,Denmark,Number,1890,22021,4072,5.409,423881
dip,Calves,Denmark,Number,1892,260,4072,0.064,423881
hole,Meal And Flour — Oatmeal And Groats,Canada,Cwt,1892,,80067,,422342
hole,Meal And Flour — Oatmeal And Groats,Canada,Cwt,1893,,80067,,422342
dip,Meal And Flour — Oatmeal And Groats,Canada,Cwt,1888,14921,80067,0.186,422342
hole,Saltpetre (Nitrate Of Potash),Holland,Cwt,1878,,25852,,421185
hole,Saltpetre (Nitrate Of Potash),Holland,Cwt,1879,,25852,,421185
dip,"Horns, Tips And Pieces Of Horns And Hoofs",Germany,Ton,1893,49,217,0.226,420627
hole,Whalebone (Whalefins),Norway,Cwt,1884,,1113,,419585
hole,Cotton Manufactures — Unenumerated,Germany,?,1876,,90692,,419447
dip,Gum — Unenumerated,France,Cwt,1889,1020,4418,0.231,418690
hole,Spices — Unenumerated,Germany,Lb,1873,,297010,,418320
hole,Spices — Unenumerated,Germany,Lb,1877,,297010,,418320
hole,Spices — Unenumerated,Germany,Lb,1878,,297010,,418320
hole,Spices — Unenumerated,Germany,Lb,1879,,297010,,418320
hole,Spices — Unenumerated,Germany,Lb,1881,,297010,,418320
hole,Spices — Unenumerated,Germany,Lb,1882,,297010,,418320
hole,Spices — Unenumerated,Germany,Lb,1884,,297010,,418320
spike,Spices — Unenumerated,Germany,Lb,1893,2836019,297010,9.549,418320
spike,Spices — Unenumerated,Germany,Lb,1895,1829208,297010,6.159,418320
hole,Pictures,United States Of America,?,1879,,705,,415681
hole,Pictures,United States Of America,?,1880,,705,,415681
hole,Pictures,United States Of America,?,1881,,705,,415681
hole,Pictures,United States Of America,?,1887,,705,,415681
spike,Pictures,United States Of America,?,1882,3024,705,4.289,415681
hole,Pictures,United States Of America (Atlantic),?,1875,,668,,413721
hole,Pictures,United States Of America (Atlantic),?,1879,,668,,413721
hole,Pictures,United States Of America (Atlantic),?,1880,,668,,413721
hole,Pictures,United States Of America (Atlantic),?,1881,,668,,413721
hole,Pictures,United States Of America (Atlantic),?,1887,,668,,413721
spike,Pictures,United States Of America (Atlantic),?,1882,3024,668,4.53,413721
hole,"Telegraphic Wires And Apparatus — Tin, Unwrought",Other Countries,?,1878,,13042,,411809
hole,"Telegraphic Wires And Apparatus — Tin, Unwrought",Other Countries,?,1879,,13042,,411809
hole,"Telegraphic Wires And Apparatus — Tin, Unwrought",Other Countries,?,1882,,13042,,411809
dip,"Seeds — Unenumerated, Other Sorts",Egypt,Cwt,1889,6951,34076,0.204,411223
hole,"Wool — Other Kinds, And Flocks",Belgium,Lb,1873,,325156,,410842
hole,"Wool — Other Kinds, And Flocks",Belgium,Lb,1874,,325156,,410842
hole,"Wool — Other Kinds, And Flocks",Belgium,Lb,1875,,325156,,410842
hole,"Wool — Other Kinds, And Flocks",Belgium,Lb,1876,,325156,,410842
hole,"Wool — Other Kinds, And Flocks",Belgium,Lb,1877,,325156,,410842
hole,"Wool — Other Kinds, And Flocks",Belgium,Lb,1878,,325156,,410842
dip,Sugar — Refined And Candy,Malta,?,1874,6148,45631,0.135,409042
spike,Sugar — Molasses,Egypt,Cwt,1896,255986,51603,4.961,408681
hole,"Hides — Not Tanned, &C., Dry",Belgium,?,1875,,14858,,408607
hole,Feathers — For Beds,China,Cwt,1884,,5170,,408159
hole,Feathers — For Beds,China,Cwt,1886,,5170,,408159
hole,"Dye Stuffs, And Substances Used In Tanning — Madder, Madder Root, Garancine And Munjeet",Holland,Cwt,1891,,9229,,407556
hole,Confectionery,Belgium,Cwt,1891,,12040,,405094
spike,Confectionery,Belgium,Cwt,1880,57724,12040,4.794,405094
dip,"Nuts And Kernels — Chemical, Essential Or Perfumed",Egypt,Oil,1893,190,14016,0.014,404486
hole,Oil — Train Or Blubber,Norway,Tun,1874,,1451,,403878
hole,Oil — Train Or Blubber,Norway,Tun,1878,,1451,,403878
hole,Cork — Unmanufactured,France,Ton,1880,,1202,,403063
hole,Cork — Unmanufactured,France,Ton,1881,,1202,,403063
hole,Cork — Unmanufactured,France,Ton,1882,,1202,,403063
hole,Cork — Unmanufactured,France,Ton,1887,,1202,,403063
hole,Cork — Unmanufactured,France,Ton,1892,,1202,,403063
hole,"Manganese, Ore Of",Other Countries,Ton,1883,,1385,,402364
spike,"Manganese, Ore Of",Other Countries,Ton,1880,5829,1385,4.209,402364
hole,"Flowers, Artificial — Raw, Not Otherwise Described",Canada,Bushel,1875,,86338,,401493
hole,"Flowers, Artificial — Raw, Not Otherwise Described",Portugal Azores And Madeira,Bushel,1875,,145104,,400441
dip,Rags And Other Materials For Making Paper — Pulp Of Rags And Wood,Other Countries,Ton,1883,114,1448,0.079,399201
dip,Wood And Timber — Unenumerated,Mexico,Ton,1890,204,1120,0.182,398788
hole,Hats Or Bonnets — Of Straw,Belgium,Lb,1874,,75223,,396976
hole,Hats Or Bonnets — Of Straw,Belgium,Lb,1875,,75223,,396976
hole,Hats Or Bonnets — Of Straw,Belgium,Lb,1876,,75223,,396976
hole,Hats Or Bonnets — Of Straw,Belgium,Lb,1879,,75223,,396976
hole,Hats Or Bonnets — Of Straw,Belgium,Lb,1880,,75223,,396976
hole,Hats Or Bonnets — Of Straw,Belgium,Lb,1881,,75223,,396976
hole,Hats Or Bonnets — Of Straw,Belgium,Lb,1882,,75223,,396976
hole,Hats Or Bonnets — Of Straw,Belgium,Lb,1888,,75223,,396976
dip,Hats Or Bonnets — Of Straw,Belgium,Lb,1878,11327,75223,0.151,396976
hole,Animals — Horses,Holland,Number,1876,,2159,,396804
hole,Animals — Horses,Holland,Number,1878,,2159,,396804
dip,Slates,Bengal,Cwt,1897,2946,20000,0.147,393640
spike,Slates,Bengal,Cwt,1899,91320,20000,4.566,393640
hole,"Sheep And Lamb, Undressed",France,Number,1875,,372226,,393474
dip,"Sheep And Lamb, Undressed",France,Number,1876,82487,372226,0.222,393474
hole,Animals — Horses,Belgium,Number,1876,,1598,,392583
hole,Animals — Horses,Belgium,Number,1878,,1598,,392583
hole,Spices — Unenumerated,British India,Lb,1873,,445779,,392394
hole,"Dye Stuffs, And Substances Used In Tanning — Myrobalans",Madras,Cwt,1884,,120262,,391998
hole,"Dye Stuffs, And Substances Used In Tanning — Myrobalans",Madras,Cwt,1885,,120262,,391998
hole,"Dye Stuffs, And Substances Used In Tanning — Myrobalans",Madras,Cwt,1886,,120262,,391998
hole,Gum — Unenumerated,Egypt,Cwt,1889,,4740,,391298
hole,Gum — Unenumerated,Egypt,Cwt,1890,,4740,,391298
hole,Gum — Unenumerated,Egypt,Cwt,1891,,4740,,391298
hole,Gum — Unenumerated,Egypt,Cwt,1894,,4740,,391298
spike,Gum — Unenumerated,Egypt,Cwt,1873,29310,4740,6.184,391298
hole,Woollen Yarn — Unenumerated,Germany,Lb,1890,,18418,,391216
hole,Woollen Yarn — Unenumerated,Germany,Lb,1891,,18418,,391216
hole,Woollen Yarn — Unenumerated,Germany,Lb,1892,,18418,,391216
dip,Woollen Yarn — Unenumerated,Germany,Lb,1893,2559,18418,0.139,391216
hole,"Wool — Other Kinds, And Flocks",Germany,Lb,1873,,285986,,388102
hole,"Wool — Other Kinds, And Flocks",Germany,Lb,1875,,285986,,388102
hole,"Wool — Other Kinds, And Flocks",Germany,Lb,1876,,285986,,388102
hole,"Ore, Unenumerated",Portugal,Ton,1879,,852,,386135
hole,"Ore, Unenumerated",Portugal,Ton,1882,,852,,386135
hole,"Ore, Unenumerated",Portugal,Ton,1885,,852,,386135
hole,"Skins And Furs — Foreign, Dressed In The United Kingdom",France,?,1879,,143416,,381819
hole,"Wood And Timber — Sawn, Unenumerated",United States Of America,Load,1892,,20554,,376364
hole,"Wood And Timber — Sawn, Unenumerated",United States Of America,Load,1895,,20554,,376364
hole,"Garden, Unenumerated",Germany,Lb,1886,,362242,,374774
hole,"Garden, Unenumerated",Germany,Lb,1887,,362242,,374774
hole,"Garden, Unenumerated",Germany,Lb,1888,,362242,,374774
hole,"Garden, Unenumerated",Germany,Lb,1889,,362242,,374774
hole,"Garden, Unenumerated",Germany,Lb,1890,,362242,,374774
hole,"Meal, Unenumerated",Germany,Cwt,1883,,85095,,374547
hole,"Meal, Unenumerated",Germany,Cwt,1884,,85095,,374547
hole,"Hemp — Tow, Or Codilla Of",Russia,Cwt,1874,,19319,,373277
hole,"Hemp — Tow, Or Codilla Of",Russia,Cwt,1882,,19319,,373277
hole,"Hemp — Tow, Or Codilla Of",Russia,Cwt,1883,,19319,,373277
hole,"Hemp — Tow, Or Codilla Of",Russia,Cwt,1884,,19319,,373277
hole,"Hemp — Tow, Or Codilla Of",Russia,Cwt,1885,,19319,,373277
hole,"Hemp — Tow, Or Codilla Of",Russia,Cwt,1886,,19319,,373277
hole,Gum — Arabic,Austrian Territories,Cwt,1885,,3870,,373157
hole,Gum — Arabic,Austrian Territories,Cwt,1887,,3870,,373157
dip,"Manganese, Ore Of",United States Of America,Ton,1884,567,2352,0.241,368809
dip,Lead — Ore Of,Other Countries,Ton,1883,53,1021,0.052,366747
hole,Animals — Swine,France,Number,1876,,17360,,366057
hole,Animals — Swine,France,Number,1878,,17360,,366057
dip,Animals — Swine,France,Number,1872,2954,17360,0.17,366057
hole,Rags And Other Materials For Making Paper — Linen And Cotton,Russia,Ton,1873,,1784,,366042
hole,Rags And Other Materials For Making Paper — Linen And Cotton,Russia,Ton,1874,,1784,,366042
hole,Rags And Other Materials For Making Paper — Linen And Cotton,Russia,Ton,1875,,1784,,366042
dip,Rags And Other Materials For Making Paper — Linen And Cotton,Russia,Ton,1889,370,1784,0.207,366042
hole,"Beef — Books, Bound Or Unbound, Including Maps And Charts",United States Of America,Cwt,1890,,7990,,365931
hole,"Beef — Books, Bound Or Unbound, Including Maps And Charts",United States Of America,Cwt,1892,,7990,,365931
hole,Lead — Ore Of,France,Ton,1878,,1197,,365359
hole,Lead — Ore Of,France,Ton,1879,,1197,,365359
hole,Lead — Ore Of,France,Ton,1889,,1197,,365359
spike,Lead — Ore Of,France,Ton,1884,5505,1197,4.599,365359
dip,Lead — Ore Of,France,Ton,1894,227,1197,0.19,365359
hole,Horns And Hoofs,France,Ton,1873,,576,,363113
hole,Horns And Hoofs,France,Ton,1876,,576,,363113
hole,Horns And Hoofs,France,Ton,1877,,576,,363113
spike,Horns And Hoofs,France,Ton,1879,2883,576,5.005,363113
hole,Rags And Other Materials For Making Paper — Pulp Of Rags And Wood,Holland,Ton,1880,,4849,,361328
dip,Rags And Other Materials For Making Paper — Pulp Of Rags And Wood,Holland,Ton,1881,934,4849,0.193,361328
dip,"Sheep And Lamb, Undressed",Uruguay,Number,1876,79608,366780,0.217,360594
dip,"Sheep And Lamb, Undressed",Uruguay,Number,1879,60453,366780,0.165,360594
hole,Galls,Other Countries,Cwt,1873,,3185,,360322
hole,Galls,Other Countries,Cwt,1875,,3185,,360322
spike,Galls,Other Countries,Cwt,1881,13356,3185,4.193,360322
dip,Galls,Other Countries,Cwt,1883,185,3185,0.058,360322
dip,Wax,Brazil,Cwt,1883,519,3194,0.162,357195
hole,Dye Woods — Unenumerated,Venezuela,Ton,1874,,1951,,355193
hole,Dye Woods — Unenumerated,Venezuela,Ton,1877,,1951,,355193
hole,Dye Woods — Unenumerated,Venezuela,Ton,1881,,1951,,355193
hole,Dye Woods — Unenumerated,Venezuela,Ton,1891,,1951,,355193
hole,Dye Woods — Unenumerated,Venezuela,Ton,1892,,1951,,355193
dip,Dye Woods — Unenumerated,Venezuela,Ton,1893,100,1951,0.051,355193
hole,Mares,Canada,Number,1891,,1204,,354711
hole,Mares,Canada,Number,1893,,1204,,354711
hole,Zinc — Articles Imported By Parcel Post,Italy,Number Of Packets,1889,,31996,,353613
hole,Zinc — Articles Imported By Parcel Post,Italy,Number Of Packets,1892,,31996,,353613
hole,Castor,Madras,Cwt,1891,,10239,,352361
hole,"Hemp — Unenumerated Vegetable Substances, Applicable To The Same Uses As Flax Or Hemp",British East Indies,Cwt,1890,,18151,,349474
hole,"Hemp — Unenumerated Vegetable Substances, Applicable To The Same Uses As Flax Or Hemp",British East Indies,Cwt,1891,,18151,,349474
hole,"Oil — Chemical, Essential, Or Perfumed",United States Of America,Lb,1884,,63698,,347851
hole,"Oil — Chemical, Essential, Or Perfumed",United States Of America,Lb,1885,,63698,,347851
hole,Spices — Unenumerated,Holland,Lb,1873,,402910,,347739
spike,Waste Of (Raw And Yarn),United States Of America,Lb,1897,14003235,3493034,4.009,347004
hole,Caoutchouc — West Africa,Portuguese,?,1888,,2333,,343350
hole,Caoutchouc — West Africa,Portuguese,?,1893,,2333,,343350
dip,Vinegar,Germany,Gallon,1894,3979,18048,0.22,341813
hole,Asphalt Or Bitumen,British West India Islands,Ton,1883,,4787,,340418
hole,Pictures,Belgium,?,1879,,842,,340328
hole,Pictures,Belgium,?,1880,,842,,340328
hole,Pictures,Belgium,?,1881,,842,,340328
hole,"Hair — Cow, Ox, Bull, Or Elk",Other Countries,Cwt,1875,,5070,,338618
dip,"Hair — Cow, Ox, Bull, Or Elk",Other Countries,Cwt,1883,505,5070,0.1,338618
hole,"Rags, Woollen, Applicable To Other Uses Than Manure, Torn Up Or Not",Other Countries,Ton,1883,,1478,,338457
hole,"Dye Stuffs, And Substances Used In Tanning — Unenumerated",France,Cwt,1881,,22099,,337367
hole,"Dye Stuffs, And Substances Used In Tanning — Unenumerated",France,Cwt,1882,,22099,,337367
hole,"Dye Stuffs, And Substances Used In Tanning — Unenumerated",France,Cwt,1883,,22099,,337367
hole,"Hair — Cow, Ox, Bull, Or Elk",Russia,Cwt,1875,,6778,,336795
hole,"Hair — Cow, Ox, Bull, Or Elk",Russia,Cwt,1876,,6778,,336795
hole,"Hair — Cow, Ox, Bull, Or Elk",Russia,Cwt,1878,,6778,,336795
dip,"Hair — Cow, Ox, Bull, Or Elk",Russia,Cwt,1898,403,6778,0.059,336795
hole,"Hides — Not Tanned, &C., Wet",Belgium,?,1880,,12956,,336744
dip,"Ore, Unenumerated",Straits Settlements,Ton,1877,131,676,0.194,333225
hole,Oil — Animal,Other Countries,Cwt,1878,,3786,,333079
dip,Oil — Animal,Other Countries,Cwt,1873,921,3786,0.243,333079
spike,Oil — Animal,Other Countries,Cwt,1880,16640,3786,4.396,333079
hole,Candles Of All Sorts,Germany,Cwt,1884,,4022,,331463
dip,Woollen Manufactures — Unenumerated,France,?,1874,23651,557980,0.042,330615
dip,Woollen Manufactures — Unenumerated,France,?,1876,41627,557980,0.075,330615
dip,Woollen Manufactures — Unenumerated,France,?,1882,106667,557980,0.191,330615
dip,"Flowers, Artificial — Almonds",Portugal,Cwt,1876,1405,6211,0.226,329873
hole,Animals — Horses,Denmark,Number,1876,,2009,,328008
hole,Animals — Horses,Denmark,Number,1878,,2009,,328008
dip,Animals — Horses,Denmark,Number,1874,174,2009,0.087,328008
hole,"Copper — Old, Fit Only To Be Re-Manufactured",Other Countries,Ton,1881,,615,,324572
hole,"Copper — Old, Fit Only To Be Re-Manufactured",Other Countries,Ton,1882,,615,,324572
hole,"Dye Stuffs, And Substances Used In Tanning — Unenumerated",Venezuela,Cwt,1891,,24736,,324143
hole,"Dye Stuffs, And Substances Used In Tanning — Unenumerated",Venezuela,Cwt,1892,,24736,,324143
hole,"Dye Stuffs, And Substances Used In Tanning — Unenumerated",Venezuela,Cwt,1893,,24736,,324143
spike,Sugar — Molasses,British West India Islands,Cwt,1875,113187,25484,4.441,323113
spike,Sugar — Molasses,British West India Islands,Cwt,1879,137405,25484,5.392,323113
dip,Sugar — Molasses,British West India Islands,Cwt,1896,5866,25484,0.23,323113
hole,Sponge,France,Lb,1884,,117615,,323050
hole,Sponge,France,Lb,1885,,117615,,323050
hole,"Seeds — Unenumerated, Other Sorts",Germany,Cwt,1880,,28121,,322707
hole,"Seeds — Unenumerated, Other Sorts",Germany,Cwt,1881,,28121,,322707
hole,"Seeds — Unenumerated, Other Sorts",Germany,Cwt,1882,,28121,,322707
hole,"Seeds — Unenumerated, Other Sorts",Germany,Cwt,1883,,28121,,322707
hole,"Copper — Old, Fit Only To Be Re-Manufactured",Germany,Ton,1881,,506,,322115
hole,"Copper — Old, Fit Only To Be Re-Manufactured",Germany,Ton,1882,,506,,322115
hole,"Copper — Old, Fit Only To Be Re-Manufactured",Germany,Ton,1890,,506,,322115
hole,Plumbago,United States Of America,Ton,1884,,696,,319957
hole,Plumbago,United States Of America,Ton,1886,,696,,319957
spike,Plumbago,United States Of America,Ton,1897,4997,696,7.18,319957
hole,"Oil — Chemical, Essential, Or Perfumed",Germany,Lb,1878,,51342,,318940
hole,"Oil — Chemical, Essential, Or Perfumed",Germany,Lb,1884,,51342,,318940
hole,"Oil — Chemical, Essential, Or Perfumed",Germany,Lb,1885,,51342,,318940
dip,Spices — Ginger,Bombay,Cwt,1893,2699,15948,0.169,316997
dip,Silk Manufactures — Broad Stuffs Of Silk Or Satin,United States Of America,?,1885,9854,246233,0.04,316721
hole,"Iron — Steel, Unwrought",Belgium,Ton,1873,,936,,315553
hole,"Iron — Steel, Unwrought",Belgium,Ton,1874,,936,,315553
hole,"Iron — Steel, Unwrought",Belgium,Ton,1875,,936,,315553
hole,"Iron — Steel, Unwrought",Belgium,Ton,1877,,936,,315553
hole,"Iron — Steel, Unwrought",Belgium,Ton,1879,,936,,315553
hole,"Iron — Steel, Unwrought",Belgium,Ton,1881,,936,,315553
hole,"Books, Bound Or Unbound, Including Maps And Charts",Germany,Cwt,1888,,3022,,314752
hole,"Books, Bound Or Unbound, Including Maps And Charts",Germany,Cwt,1889,,3022,,314752
hole,"Books, Bound Or Unbound, Including Maps And Charts",Germany,Cwt,1891,,3022,,314752
hole,"Books, Bound Or Unbound, Including Maps And Charts",Germany,Cwt,1893,,3022,,314752
hole,"Books, Bound Or Unbound, Including Maps And Charts",Germany,Cwt,1894,,3022,,314752
dip,Part Wrought,Belgium,Ton,1883,26,254,0.102,312331
spike,Part Wrought,Belgium,Ton,1890,1743,254,6.862,312331
hole,"Hides — Not Tanned, &C., Dry",United States Of America,?,1875,,8536,,311556
dip,"Hides — Not Tanned, &C., Dry",United States Of America,?,1872,1811,8536,0.212,311556
spike,"Hides — Not Tanned, &C., Dry",United States Of America,?,1879,41448,8536,4.856,311556
hole,"Fruit — Preserved Without Sugar, Unenumerated",France,Lb,1875,,1228164,,309420
hole,"Fruit — Preserved Without Sugar, Unenumerated",France,Lb,1882,,1228164,,309420
dip,"Fruit — Preserved Without Sugar, Unenumerated",France,Lb,1872,270874,1228164,0.221,309420
dip,"Fruit — Preserved Without Sugar, Unenumerated",France,Lb,1874,130537,1228164,0.106,309420
hole,"Old, Fit Only To Be Re-Manu- Factured",Germany,Ton,1892,,824,,309223
hole,"Hides — Not Tanned, &C., Wet",France,?,1880,,11517,,308117
hole,Dye Woods — Unenumerated,United States Of Colombia,Ton,1885,,1600,,304124
hole,Whalefins,Whale Fisheries Northern,Cwt,1873,,987,,296676
hole,Manures — Bones For Manure,Uruguay,Ton,1895,,3918,,295918
dip,Manures — Bones For Manure,Uruguay,Ton,1892,848,3918,0.216,295918
hole,Lead — Ore Of,Chile,Ton,1889,,1339,,295448
dip,Zinc — Ore Of,France,Ton,1897,316,1976,0.16,293310
hole,Lead — Ore Of,Turkey,Ton,1889,,1293,,293123
hole,Cotton — Tares And Lentils,Other Countries,Bushel,1878,,25576,,291977
dip,Cotton — Tares And Lentils,Other Countries,Bushel,1883,4016,25576,0.157,291977
hole,Fruit — Figs And Fig Cake,Portugal,Cwt,1885,,11435,,290647
hole,Fruit — Figs And Fig Cake,Portugal,Cwt,1886,,11435,,290647
hole,Fruit — Figs And Fig Cake,Portugal,Cwt,1891,,11435,,290647
hole,Watches,Other Countries,?,1880,,3858,,288974
dip,Watches,Other Countries,?,1882,768,3858,0.199,288974
hole,Geldings,Denmark,Number,1891,,1252,,286185
hole,Gum — Arabic,Aden,Cwt,1883,,4117,,282949
hole,Gum — Arabic,Aden,Cwt,1885,,4117,,282949
hole,Prints And Engravings,France,Number,1880,,4140051,,282575
hole,Tin — Ore Of,Peru,Ton,1879,,198,,282570
hole,Tin — Ore Of,Peru,Ton,1880,,198,,282570
hole,Tin — Ore Of,Peru,Ton,1881,,198,,282570
hole,Tin — Ore Of,Peru,Ton,1882,,198,,282570
hole,"Seeds — Unenumerated, Other Sorts",France,Cwt,1880,,25817,,278327
hole,"Seeds — Unenumerated, Other Sorts",France,Cwt,1881,,25817,,278327
hole,"Seeds — Unenumerated, Other Sorts",France,Cwt,1882,,25817,,278327
hole,"Seeds — Unenumerated, Other Sorts",France,Cwt,1883,,25817,,278327
spike,Soap,Java,?,1885,4032729955,31828,126705.835,277866
spike,Asphalt Or Bitumen,Germany,Ton,1899,15235,3616,4.213,277110
hole,Succades,British East Indies,Cwt,1893,,16971,,275529
hole,"Wood And Timber — Sawn, Unenumerated",Norway,Load,1892,,16468,,273700
hole,"Wood And Timber — Sawn, Unenumerated",Norway,Load,1895,,16468,,273700
dip,"Wood And Timber — Sawn, Unenumerated",Norway,Load,1893,3589,16468,0.218,273700
hole,Oil — Train Or Blubber,Other Countries,Tun,1874,,867,,271597
hole,Oil — Train Or Blubber,Other Countries,Tun,1878,,867,,271597
hole,Tar,United States Of America,Barrel,1875,,12595,,269942
hole,Tar,United States Of America,Barrel,1878,,12595,,269942
hole,Tar,United States Of America,Barrel,1883,,12595,,269942
hole,Tar,United States Of America,Barrel,1888,,12595,,269942
dip,Hay,Algeria,Ton,1893,731,3865,0.189,267621
hole,Fruit — Figs And Fig Cake,British North America,?,1876,,1618,,263250
spike,"Metal — Unenumerated, Wrought Or Manufactured",United States Of America,Ton,1896,60613,648,93.466,261496
hole,"Sauces Or Condiments, Unenumerated",British East Indies,Lb,1883,,470418,,260949
hole,"Sauces Or Condiments, Unenumerated",British East Indies,Lb,1893,,470418,,260949
hole,Lead — Ore Of,Spain,Ton,1875,,1339,,260903
hole,Lead — Ore Of,Spain,Ton,1876,,1339,,260903
hole,Lead — Ore Of,Spain,Ton,1889,,1339,,260903
dip,Lead — Ore Of,Spain,Ton,1891,242,1339,0.181,260903
dip,Lead — Ore Of,Spain,Ton,1896,211,1339,0.158,260903
spike,Buckwheat,Russia,Cwt,1891,302297,26171,11.551,259970
dip,Iron — Old Broken Iron And Steel,Other Countries,Ton,1883,161,4546,0.035,258726
spike,Flax — Dressed,Russia,Cwt,1874,17010,4207,4.043,256968
dip,Flax — Dressed,Russia,Cwt,1876,920,4207,0.219,256968
dip,Spices — Ginger (Raw),British India Bombay And Scinde,Cwt,1872,2315,10585,0.219,256464
dip,Spices — Ginger (Raw),British India Bombay And Scinde,Cwt,1874,2126,10585,0.201,256464
dip,Glass,Holland,Cwt,1893,149,1812,0.082,256067
dip,"Woollen And Worsted Manufactures — Rugs, Coverlets, Or Wrappers",British Possessions In South Africa,?,1872,20337,87855,0.231,253938
dip,"Wool — Alpaca, Llama, And Vicuna",Chili,Lb,1878,61625,368608,0.167,253567
hole,"Manures — Bones Of Animals, And Fish For Manure Only",France,Ton,1879,,4576,,253562
dip,Feathers — For Beds,Hong Kong,Cwt,1890,772,3539,0.218,250260
dip,"Cotton — Knobs Or Husks Of Silk, And Waste",Japan,Cwt,1894,633,3758,0.168,249425
hole,"Leather — Varnished, Japanned, Or En-   Amelled",United States Of America,Lb,1893,,168422,,248988
hole,"Spirits, British And Irish",Other Countries,?,1876,,140770,,248564
hole,"Spirits, British And Irish",Other Countries,?,1877,,140770,,248564
hole,"Spirits, British And Irish",Other Countries,?,1879,,140770,,248564
hole,Iron — Old Broken Iron And Steel,Holland,Ton,1879,,2444,,247213
spike,Iron — Old Broken Iron And Steel,Holland,Ton,1877,16680,2444,6.823,247213
hole,"Metal — Unenumerated, Unwrought",Australasia,Ton,1891,,185,,245178
dip,"Metal — Unenumerated, Unwrought",Australasia,Ton,1889,22,185,0.119,245178
spike,"Metal — Unenumerated, Unwrought",Australasia,Ton,1893,800,185,4.324,245178
spike,"Metal — Unenumerated, Unwrought",Australasia,Ton,1895,910,185,4.919,245178
dip,"Metal — Unenumerated, Unwrought",Australasia,Ton,1898,32,185,0.173,245178
spike,Gum — Arabic,Persia,Cwt,1898,12783,2528,5.057,244914
hole,Lead — Ore Of,Chili,Ton,1875,,690,,244182
hole,Lead — Ore Of,Chili,Ton,1881,,690,,244182
hole,Lead — Ore Of,Chili,Ton,1882,,690,,244182
hole,"Fruit — Preserved Without Sugar, Unenumerated",Other Countries,Lb,1873,,522756,,243009
hole,"Fruit — Preserved Without Sugar, Unenumerated",Other Countries,Lb,1882,,522756,,243009
hole,Rags And Other Materials For Making Paper — Pulp Of Rags And Wood,Belgium,Ton,1874,,2116,,242767
hole,Rags And Other Materials For Making Paper — Pulp Of Rags And Wood,Belgium,Ton,1875,,2116,,242767
spike,Rags And Other Materials For Making Paper — Pulp Of Rags And Wood,Belgium,Ton,1886,9625,2116,4.549,242767
hole,"Gold — Ore Of, Or Ore Of Which The Greater Part In Value Is Gold",Australasia,Ton,1894,,110,,241366
dip,"Skins, Furs, And Pelts — Sheep And Lamb, Tanned, Tawed, Or Dressed",British India Bombay And Scinde,Number,1872,111357,525227,0.212,240878
hole,"Arms, Ammunition, And Military Stores — Fowling Pieces",United States Of America,?,1873,,26487,,240634
hole,"Arms, Ammunition, And Military Stores — Fowling Pieces",United States Of America,?,1874,,26487,,240634
hole,"Arms, Ammunition, And Military Stores — Fowling Pieces",United States Of America,?,1875,,26487,,240634
dip,"Arms, Ammunition, And Military Stores — Fowling Pieces",United States Of America,?,1877,6594,26487,0.249,240634
hole,"Skins, Furs, And Pelts — Unenumerated, Being Furs",Other Countries,Number,1876,,294010,,239634
hole,Feathers — For Beds,Russia,Cwt,1874,,2642,,239301
hole,Feathers — For Beds,Russia,Cwt,1882,,2642,,239301
dip,Tow,United States Of America,Ton,1898,278,1205,0.231,238711
dip,Glass — Flint Glass,France,Cwt,1874,1363,11015,0.124,236855
hole,Hats Or Bonnets — Of Straw,Other Countries,Lb,1874,,35868,,236372
hole,Hats Or Bonnets — Of Straw,Other Countries,Lb,1882,,35868,,236372
dip,Hats Or Bonnets — Of Straw,Other Countries,Lb,1883,1925,35868,0.054,236372
dip,Buckwheat,Germany,Cwt,1889,675,12690,0.053,235811
dip,Wood And Timber — Mahogany : Unenumerated,Turkey,Ton,1891,478,2857,0.167,235260
spike,Hides — Raw,Holland,?,1887,39250,9616,4.082,234032
dip,"Cotton — Unenumerated, For Expressing Oil Therefrom",Russia,Quarter,1897,821,11784,0.07,233595
dip,Succades,United States Of America,Cwt,1889,2573,13473,0.191,232946
dip,Woollen Yarn — Unenumerated,Belgium,Lb,1890,928,6045,0.154,232497
dip,Spices — Ginger,Bengal,Cwt,1892,2005,10900,0.184,230662
hole,"Fruit — Preserved Without Sugar, Unenumerated",British West India Islands,Lb,1875,,471072,,230415
dip,Pictures,Australia,?,1876,4,648,0.006,229952
dip,Pictures,Australia,?,1878,103,648,0.159,229952
hole,"Copper — Old, Fit Only To Be Re-Manufactured",Norway,Ton,1881,,316,,229562
hole,"Copper — Old, Fit Only To Be Re-Manufactured",Norway,Ton,1882,,316,,229562
hole,"Copper — Old, Fit Only To Be Re-Manufactured",Norway,Ton,1890,,316,,229562
hole,"Varnished, Japanned Or Enamelled",Other Countries,Lb,1883,,27539,,227660
spike,"Varnished, Japanned Or Enamelled",Other Countries,Lb,1880,153543,27539,5.575,227660
hole,Beef — Applicable To Manufacturing Purposes,France,Ton,1884,,1340,,225219
hole,Beef — Applicable To Manufacturing Purposes,France,Ton,1885,,1340,,225219
hole,Beef — Applicable To Manufacturing Purposes,France,Ton,1886,,1340,,225219
hole,Beef — Applicable To Manufacturing Purposes,France,Ton,1888,,1340,,225219
hole,Beef — Applicable To Manufacturing Purposes,France,Ton,1889,,1340,,225219
hole,Beef — Applicable To Manufacturing Purposes,France,Ton,1890,,1340,,225219
dip,Beef — Applicable To Manufacturing Purposes,France,Ton,1893,310,1340,0.231,225219
hole,Oil — Train Or Blubber,Spain,Tun,1873,,645,,224235
hole,Oil — Train Or Blubber,Spain,Tun,1874,,645,,224235
hole,Oil — Train Or Blubber,Spain,Tun,1878,,645,,224235
hole,"Beef — Books, Bound Or Unbound, Including Maps And Charts",France,Cwt,1890,,4663,,223795
hole,"Beef — Books, Bound Or Unbound, Including Maps And Charts",France,Cwt,1892,,4663,,223795
hole,Quicksilver (Metallic),Italy,Lb,1873,,203434,,221754
hole,"Metal — Old (Other Than Iron Or Copper), Fit Only For     Re-Manufacture",Other Countries,Ton,1874,,373,,221585
hole,"Copper — Old, Fit Only To Be Re-Manufactured",Holland,Ton,1881,,311,,220622
hole,"Copper — Old, Fit Only To Be Re-Manufactured",Holland,Ton,1882,,311,,220622
hole,"Copper — Old, Fit Only To Be Re-Manufactured",Holland,Ton,1890,,311,,220622
hole,Cochineal (Including Granilla And Dust),Mexico,Cwt,1874,,1638,,219663
hole,"Wool — Other Kinds, And Flocks",Other Countries,Lb,1874,,112131,,219201
hole,"Nuts And Kernels — Unenumerated, Commonly Used For Expressing Oil Therefrom",Russia,Quarter,1877,,11097,,217981
dip,Sugar — Molasses,Germany,Cwt,1880,3515,20531,0.171,217404
hole,"Leather — Varnished, Japanned, Or En-   Amelled",Holland,Lb,1893,,151575,,216861
hole,"Hemp — Unenumerated Vegetable Substances, Applicable To The Same Uses As Flax Or Hemp",Mexico,Cwt,1888,,12443,,215933
hole,"Hemp — Unenumerated Vegetable Substances, Applicable To The Same Uses As Flax Or Hemp",Mexico,Cwt,1890,,12443,,215933
hole,"Hemp — Unenumerated Vegetable Substances, Applicable To The Same Uses As Flax Or Hemp",Mexico,Cwt,1891,,12443,,215933
hole,"Cocoa Or Chocolate, Ground, Prepared, Or In Any Way Manufactured",France,Lb,1889,,173527,,211980
hole,"Cocoa Or Chocolate, Ground, Prepared, Or In Any Way Manufactured",France,Lb,1890,,173527,,211980
hole,"Cocoa Or Chocolate, Ground, Prepared, Or In Any Way Manufactured",France,Lb,1891,,173527,,211980
hole,"Cocoa Or Chocolate, Ground, Prepared, Or In Any Way Manufactured",France,Lb,1892,,173527,,211980
spike,"Cocoa Or Chocolate, Ground, Prepared, Or In Any Way Manufactured",France,Lb,1899,845584,173527,4.873,211980
hole,"Animals, Living — Bulls, Oxen, Cows, And Calves",Other Countries,?,1879,,149,,211256
hole,"Animals, Living — Bulls, Oxen, Cows, And Calves",Other Countries,?,1880,,149,,211256
hole,"Animals, Living — Bulls, Oxen, Cows, And Calves",Other Countries,?,1881,,149,,211256
hole,Zinc — Ore Of,Spain,Ton,1877,,1900,,211028
hole,Zinc — Ore Of,Spain,Ton,1879,,1900,,211028
hole,Zinc — Ore Of,Spain,Ton,1880,,1900,,211028
hole,Zinc — Ore Of,Spain,Ton,1881,,1900,,211028
hole,Zinc — Ore Of,Spain,Ton,1882,,1900,,211028
hole,Zinc — Ore Of,Spain,Ton,1884,,1900,,211028
hole,Zinc — Ore Of,Spain,Ton,1892,,1900,,211028
dip,Zinc — Ore Of,Spain,Ton,1889,355,1900,0.187,211028
dip,Zinc — Ore Of,Spain,Ton,1893,344,1900,0.181,211028
dip,Zinc — Ore Of,Spain,Ton,1895,22,1900,0.012,211028
hole,Tin — Ore Of,France,Ton,1893,,165,,210642
hole,Tin — Ore Of,France,Ton,1894,,165,,210642
hole,Tin — Ore Of,France,Ton,1895,,165,,210642
hole,Cork — Unmanufactured,Spain,Ton,1880,,472,,210260
hole,Cork — Unmanufactured,Spain,Ton,1881,,472,,210260
hole,Cork — Unmanufactured,Spain,Ton,1882,,472,,210260
hole,Cork — Unmanufactured,Spain,Ton,1892,,472,,210260
dip,Cork — Unmanufactured,Spain,Ton,1884,113,472,0.239,210260
spike,Cork — Unmanufactured,Spain,Ton,1896,3493,472,7.4,210260
hole,"Hair — Cow, Ox, Bull, Or Elk",Belgium,Cwt,1874,,4307,,210221
hole,"Hair — Cow, Ox, Bull, Or Elk",Belgium,Cwt,1875,,4307,,210221
hole,"Hair — Cow, Ox, Bull, Or Elk",Belgium,Cwt,1878,,4307,,210221
hole,"Hair — Cow, Ox, Bull, Or Elk",Belgium,Cwt,1879,,4307,,210221
hole,"Hair — Cow, Ox, Bull, Or Elk",Belgium,Cwt,1880,,4307,,210221
hole,"Hair — Cow, Ox, Bull, Or Elk",Belgium,Cwt,1882,,4307,,210221
hole,"Hair — Cow, Ox, Bull, Or Elk",Belgium,Cwt,1885,,4307,,210221
dip,"Hair — Cow, Ox, Bull, Or Elk",Belgium,Cwt,1897,920,4307,0.214,210221
dip,Beef — Applicable To Manufacturing Purposes,Other Foreign Countries,?,1894,21,132,0.159,209264
dip,Wax,China,Cwt,1893,243,1450,0.168,208452
hole,"Beef — Books, Bound Or Unbound, Including Maps And Charts",Germany,Cwt,1890,,4332,,208407
hole,"Beef — Books, Bound Or Unbound, Including Maps And Charts",Germany,Cwt,1892,,4332,,208407
hole,Silk Manufactures — Broad Stuffs Of Silk Or Satin,Other Countries,?,1873,,132279,,207917
hole,Silk Manufactures — Broad Stuffs Of Silk Or Satin,Other Countries,?,1883,,132279,,207917
dip,Silk Manufactures — Broad Stuffs Of Silk Or Satin,Other Countries,?,1874,15503,132279,0.117,207917
hole,Pictures,Holland,?,1875,,422,,207812
hole,Pictures,Holland,?,1879,,422,,207812
hole,Pictures,Holland,?,1880,,422,,207812
hole,Pictures,Holland,?,1881,,422,,207812
hole,Mares,Russia,Number,1893,,765,,207802
hole,"Iron — Steel, Unwrought",Other Countries,Ton,1874,,455,,207353
hole,"Iron — Steel, Unwrought",Other Countries,Ton,1879,,455,,207353
hole,"Iron — Steel, Unwrought",Other Countries,Ton,1883,,455,,207353
hole,Horns And Hoofs,British Possessions In South Africa,Ton,1881,,329,,206853
hole,Horns And Hoofs,British Possessions In South Africa,Ton,1887,,329,,206853
hole,"Seeds — Unenumerated, For Expressing Oiltherefrom",Germany,?,1889,,12828,,206192
hole,"Seeds — Unenumerated, For Expressing Oiltherefrom",Germany,?,1890,,12828,,206192
hole,"Hides — Not Tanned, &C., Wet",Greece,?,1879,,8068,,205001
hole,"Hides — Not Tanned, &C., Wet",Greece,?,1880,,8068,,205001
hole,"Brass, Bronze, And Metal, Bronzed And Lacquered",France,Cwt,1873,,2844,,204638
hole,"Brass, Bronze, And Metal, Bronzed And Lacquered",France,Cwt,1875,,2844,,204638
hole,Cork — Unmanufactured,Algeria,Ton,1880,,624,,203638
hole,Cork — Unmanufactured,Algeria,Ton,1881,,624,,203638
hole,Cork — Unmanufactured,Algeria,Ton,1882,,624,,203638
hole,Cork — Unmanufactured,Algeria,Ton,1892,,624,,203638
hole,Cork — Unmanufactured,Algeria,Ton,1893,,624,,203638
dip,Cork — Unmanufactured,Algeria,Ton,1877,139,624,0.223,203638
spike,Soap,China,?,1885,934810020,28332,32994.848,202367
hole,"Hides — Not Tanned, &C., Wet",Germany,?,1874,,7756,,202096
hole,"Hides — Not Tanned, &C., Wet",Germany,?,1880,,7756,,202096
dip,Caoutchouc — West Africa,French,?,1886,280,1192,0.235,202070
hole,Spices — Ginger,West Africa Settlements,Cwt,1886,,4187,,201591
hole,Wax,Morocco,Cwt,1877,,1738,,201364
hole,Wax,Morocco,Cwt,1878,,1738,,201364
hole,Wax,Morocco,Cwt,1879,,1738,,201364
hole,Wax,Morocco,Cwt,1880,,1738,,201364
hole,Wax,Morocco,Cwt,1881,,1738,,201364
hole,Wax,Morocco,Cwt,1882,,1738,,201364
hole,"Fruit — Preserved Without Sugar, Unenumerated",British East Indies,Lb,1877,,804242,,200085
hole,"Fruit — Preserved Without Sugar, Unenumerated",British East Indies,Lb,1882,,804242,,200085
hole,"Fruit — Preserved Without Sugar, Unenumerated",British East Indies,Lb,1885,,804242,,200085
hole,"Fruit — Preserved Without Sugar, Unenumerated",British East Indies,Lb,1892,,804242,,200085
dip,"Fruit — Preserved Without Sugar, Unenumerated",British East Indies,Lb,1881,166382,804242,0.207,200085
dip,"Fruit — Preserved Without Sugar, Unenumerated",British East Indies,Lb,1884,102230,804242,0.127,200085
spike,"Fruit — Preserved Without Sugar, Unenumerated",British East Indies,Lb,1895,4874544,804242,6.061,200085
hole,"Copper — Old, Fit Only To Be Re-Manufactured",Italy,Ton,1881,,282,,199718
hole,"Copper — Old, Fit Only To Be Re-Manufactured",Italy,Ton,1882,,282,,199718
hole,"Copper — Old, Fit Only To Be Re-Manufactured",Italy,Ton,1887,,282,,199718
hole,"Copper — Old, Fit Only To Be Re-Manufactured",Italy,Ton,1890,,282,,199718
dip,"Metal — Unenumerated, Unwrought",New South Wales,Ton,1896,41,236,0.173,199590
dip,"Metal — Unenumerated, Unwrought",New South Wales,Ton,1898,32,236,0.135,199590
hole,Spices — Ginger (Raw),Madras,Cwt,1875,,8012,,199050
hole,"Gold — Ore Of, Or Ore Of Which The Greater Part In Value Is Gold",Chile,Ton,1894,,108,,198995
dip,"Gold — Ore Of, Or Ore Of Which The Greater Part In Value Is Gold",Chile,Ton,1892,17,108,0.157,198995
dip,Gum,Bengal,?,1898,198,2111,0.094,198592
hole,"Wood And Timber — Sawn, Unenumerated",Holland,Load,1892,,11454,,196812
hole,"Wood And Timber — Sawn, Unenumerated",Holland,Load,1895,,11454,,196812
hole,Cotton — Waste,United States Of America,Lb,1878,,1622352,,196550
hole,Cotton — Waste,United States Of America,Lb,1882,,1622352,,196550
hole,Cotton — Waste,United States Of America,Lb,1883,,1622352,,196550
dip,"Metal — Unenumerated, Unwrought",Holland,Ton,1896,22,154,0.142,196122
dip,"Metal — Unenumerated, Unwrought",Holland,Ton,1898,23,154,0.149,196122
hole,Whalebone (Whalefins),Denmark,Cwt,1884,,446,,194494
hole,Whalebone (Whalefins),Denmark,Cwt,1885,,446,,194494
hole,Whalebone (Whalefins),Denmark,Cwt,1886,,446,,194494
hole,"Glass — Plate, Whether Silvered Or Not",Germany,Cwt,1876,,4168,,194449
hole,"Glass — Plate, Whether Silvered Or Not",Germany,Cwt,1881,,4168,,194449
spike,"Metal — Unenumerated, Unwrought",Germany,Ton,1892,721,153,4.712,193647
hole,Cork — Unmanufactured,Other Foreign Countries,Ton,1892,,671,,190054
spike,"Perfumery, And Articles Used In The Manufacture Thereof, Except Perfumed Spirits",United States Of America,Lb,1895,822786,202832,4.056,189325
hole,"Old, Fit Only To Be Re-Manu- Factured",United States Of America,Ton,1891,,728,,189305
hole,"Old, Fit Only To Be Re-Manu- Factured",United States Of America,Ton,1892,,728,,189305
hole,"Old, Fit Only To Be Re-Manu- Factured",United States Of America,Ton,1893,,728,,189305
dip,Hats Or Bonnets — Of Straw,China,Lb,1872,8954,37700,0.238,189144
dip,Hats Or Bonnets — Of Straw,China,Lb,1897,6140,37700,0.163,189144
hole,"Brass, Bronze, And Metal, Bronzed And Lacquered",United States Of America,Cwt,1873,,2289,,187747
hole,"Brass, Bronze, And Metal, Bronzed And Lacquered",United States Of America,Cwt,1875,,2289,,187747
dip,Alkali,United States Of America,Cwt,1887,1328,5472,0.243,186276
dip,Alkali,United States Of America,Cwt,1892,1110,5472,0.203,186276
hole,"Fruit — Preserved Without Sugar, Unenumerated",Spain And Canary Islands,Lb,1875,,560520,,185925
dip,"Fruit — Preserved Without Sugar, Unenumerated",Spain And Canary Islands,Lb,1874,100535,560520,0.179,185925
dip,"Animals, Living — Stallions",Denmark,Number,1892,30,206,0.145,185816
dip,"Animals, Living — Stallions",Denmark,Number,1897,42,206,0.203,185816
spike,Cotton — Waste,Belgium,Lb,1885,2770116,645901,4.289,185089
hole,"Garden, Unenumerated",Holland,Lb,1875,,213011,,184415
hole,"Garden, Unenumerated",Holland,Lb,1877,,213011,,184415
hole,"Garden, Unenumerated",Holland,Lb,1886,,213011,,184415
hole,"Garden, Unenumerated",Holland,Lb,1887,,213011,,184415
hole,"Garden, Unenumerated",Holland,Lb,1888,,213011,,184415
hole,"Garden, Unenumerated",Holland,Lb,1889,,213011,,184415
hole,"Garden, Unenumerated",Holland,Lb,1890,,213011,,184415
dip,"Garden, Unenumerated",Holland,Lb,1873,39082,213011,0.183,184415
hole,"Books, Bound Or Unbound, Including Maps And Charts",Belgium,Cwt,1888,,1512,,184081
hole,"Books, Bound Or Unbound, Including Maps And Charts",Belgium,Cwt,1889,,1512,,184081
hole,"Books, Bound Or Unbound, Including Maps And Charts",Belgium,Cwt,1891,,1512,,184081
hole,"Books, Bound Or Unbound, Including Maps And Charts",Belgium,Cwt,1893,,1512,,184081
hole,"Books, Bound Or Unbound, Including Maps And Charts",Belgium,Cwt,1894,,1512,,184081
spike,"Rags, And Other Materials For Making Paper — Other Materials, And Pulp Of   Rags",Germany,Ton,1888,19957,3397,5.875,183841
hole,"Skins, Furs, And Pelts — Tanned, Tawed, Or Dressed",United States Of America,?,1873,,162553,,183565
hole,"Skins, Furs, And Pelts — Tanned, Tawed, Or Dressed",United States Of America,?,1874,,162553,,183565
dip,"Skins, Furs, And Pelts — Tanned, Tawed, Or Dressed",United States Of America,?,1878,33726,162553,0.207,183565
hole,"Hides — Not Tanned, &C., Wet",Holland,?,1880,,6842,,182206
hole,"Fruit — Preserved Without Sugar, Unenumerated",Portugal Azores And Madeira,Lb,1875,,285613,,180602
dip,"Cotton Manufactures — Piece Goods Of Mixed Materials, Cotton Predominating",Other Countries,?,1877,192840,1030050,0.187,180179
spike,Asphalt Or Bitumen,Italy,Ton,1897,11472,2433,4.715,180110
hole,Whalefins,Other Countries,Cwt,1873,,602,,177074
hole,Whalefins,Other Countries,Cwt,1875,,602,,177074
hole,Whalefins,Other Countries,Cwt,1876,,602,,177074
dip,"Hats Or Bonnets — Unenumerated Vegetable Sub-     Stances, Applicable To The     Same Uses As Hemp Or Flax",United States Of America,Ton,1898,278,1265,0.22,176951
hole,"Dye Stuffs, And Substances Used In Tanning — Shumach",Other Countries,Ton,1877,,677,,176697
hole,Zinc — Ore Of,United States Of America,Ton,1884,,1432,,174496
hole,Zinc — Ore Of,United States Of America,Ton,1887,,1432,,174496
hole,Zinc — Ore Of,United States Of America,Ton,1892,,1432,,174496
dip,Zinc — Ore Of,United States Of America,Ton,1885,183,1432,0.128,174496
hole,"Animals, Living — Stallions",Argentine Republic,?,1892,,20,,174431
hole,"Animals, Living — Stallions",Argentine Republic,?,1893,,20,,174431
dip,"Animals, Living — Stallions",Argentine Republic,?,1894,4,20,0.2,174431
hole,"Metal — Old (Other Than Iron Or Copper), Fit Only For     Re-Manufacture",Germany,Ton,1874,,452,,173005
hole,"Metal — Old (Other Than Iron Or Copper), Fit Only For     Re-Manufacture",Germany,Ton,1880,,452,,173005
dip,China And Porcelain Ware,Belgium,Cwt,1875,556,2286,0.243,172199
hole,Wax,Madagascar,Cwt,1885,,1627,,168530
hole,Wax,Madagascar,Cwt,1886,,1627,,168530
spike,Beer And Ale — Of Other Sorts,Other Countries,Barrel,1882,1955,429,4.557,167468
hole,"Spirits, British And Irish",United States Of America,?,1876,,132772,,167324
hole,"Spirits, British And Irish",United States Of America,?,1877,,132772,,167324
hole,"Spirits, British And Irish",United States Of America,?,1879,,132772,,167324
dip,"Spirits, British And Irish",United States Of America,?,1872,8449,132772,0.064,167324
hole,"Plate — Of Silver, Gilt Or Ungilt",British East Indies,Oz Troy,1879,,22251,,166204
hole,"Plate — Of Silver, Gilt Or Ungilt",British East Indies,Oz Troy,1880,,22251,,166204
hole,"Plate — Of Silver, Gilt Or Ungilt",British East Indies,Oz Troy,1881,,22251,,166204
hole,"Plate — Of Silver, Gilt Or Ungilt",British East Indies,Oz Troy,1891,,22251,,166204
hole,"Plate — Of Silver, Gilt Or Ungilt",British East Indies,Oz Troy,1892,,22251,,166204
dip,Hats Or Bonnets — Of Straw,Java,Lb,1894,1100,19378,0.057,165825
dip,Gutta Percha — Raw,Other Countries,Cwt,1873,131,1790,0.073,165448
dip,Iron — Old Broken Iron And Steel,Germany,Ton,1884,358,2771,0.129,164394
spike,Tin — Ore Of,Other Countries,Ton,1878,270,58,4.655,164370
dip,Tin — Ore Of,Other Countries,Ton,1883,9,58,0.155,164370
hole,"Dye Stuffs, And Substances Used In Tanning — Madder, Madder Root, Garancine And Munjeet",France,Cwt,1891,,3491,,164329
hole,"Sauces Or Condiments, Unenumerated",Other Countries,Lb,1883,,136180,,164144
hole,Beer And Ale — Of Other Sorts,Belgium,Barrel,1875,,2523,,163819
hole,Beer And Ale — Of Other Sorts,Belgium,Barrel,1879,,2523,,163819
hole,Beer And Ale — Of Other Sorts,Belgium,Barrel,1880,,2523,,163819
hole,Beer And Ale — Of Other Sorts,Belgium,Barrel,1884,,2523,,163819
hole,Beer And Ale — Of Other Sorts,Belgium,Barrel,1885,,2523,,163819
hole,Beer And Ale — Of Other Sorts,Belgium,Barrel,1886,,2523,,163819
hole,Beer And Ale — Of Other Sorts,Belgium,Barrel,1890,,2523,,163819
dip,Beer And Ale — Of Other Sorts,Belgium,Barrel,1872,611,2523,0.242,163819
hole,"Woollen And Worsted Manufactures — Rugs, Coverlets, Or Wrappers",France,?,1875,,47037,,163211
hole,"Woollen And Worsted Manufactures — Rugs, Coverlets, Or Wrappers",France,?,1876,,47037,,163211
hole,"Woollen And Worsted Manufactures — Rugs, Coverlets, Or Wrappers",France,?,1878,,47037,,163211
hole,"Woollen And Worsted Manufactures — Rugs, Coverlets, Or Wrappers",France,?,1879,,47037,,163211
hole,Horns And Hoofs,Belgium,Ton,1879,,235,,162403
hole,Horns And Hoofs,Belgium,Ton,1880,,235,,162403
hole,Horns And Hoofs,Belgium,Ton,1881,,235,,162403
hole,Horns And Hoofs,Belgium,Ton,1882,,235,,162403
hole,"Arms, Ammunition, And Military Stores — Fowling Pieces",Western Africa (Foreign,?,1873,,16757,,162137
hole,"Arms, Ammunition, And Military Stores — Fowling Pieces",Western Africa (Foreign,?,1874,,16757,,162137
hole,"Arms, Ammunition, And Military Stores — Fowling Pieces",Western Africa (Foreign,?,1875,,16757,,162137
hole,"Plate — Of Silver, Gilt Or Ungilt",Belgium,Oz Troy,1873,,25066,,161061
hole,"Plate — Of Silver, Gilt Or Ungilt",Belgium,Oz Troy,1874,,25066,,161061
hole,"Plate — Of Silver, Gilt Or Ungilt",Belgium,Oz Troy,1876,,25066,,161061
hole,"Plate — Of Silver, Gilt Or Ungilt",Belgium,Oz Troy,1879,,25066,,161061
hole,"Plate — Of Silver, Gilt Or Ungilt",Belgium,Oz Troy,1880,,25066,,161061
hole,"Plate — Of Silver, Gilt Or Ungilt",Belgium,Oz Troy,1881,,25066,,161061
hole,"Plate — Of Silver, Gilt Or Ungilt",Belgium,Oz Troy,1891,,25066,,161061
hole,"Plate — Of Silver, Gilt Or Ungilt",Belgium,Oz Troy,1892,,25066,,161061
spike,"Nuts And Kernels — Unenumerated, Commonly Used For Expressing Oil Therefrom",Other Countries,Quarter,1879,57933,6802,8.516,160509
hole,Asphalt Or Bitumen,Other Countries,Ton,1883,,1242,,159881
dip,"Skins, Furs, And Pelts — Goat And Kid, Undressed",Other Countries,Number,1876,20408,142522,0.143,159849
hole,"Hides — Not Tanned, &C., Wet",Other Countries,?,1880,,6443,,158798
spike,"Animals, Living — Bulls, Oxen, Cows, And Calves",United States Of America (Atlantic),?,1883,2803,554,5.055,157434
spike,"Animals, Living — Bulls, Oxen, Cows, And Calves",United States Of America,?,1883,2803,554,5.055,157434
hole,"Copper, Ore Of — Old, Fit Only To Be Re-Manufactured",United States Of America,Ton,1891,,776,,153980
hole,"Copper, Ore Of — Old, Fit Only To Be Re-Manufactured",United States Of America,Ton,1892,,776,,153980
hole,Books,Other Countries,Cwt,1875,,1247,,153399
dip,Liquorice,Other Countries,Cwt,1883,49,1599,0.031,150944
hole,"Copper — Old, Fit Only To Be Re-Manufactured",United States Of America,Ton,1890,,176,,150917
dip,"Copper — Old, Fit Only To Be Re-Manufactured",United States Of America,Ton,1884,30,176,0.17,150917
dip,Pears — Raw,United States Of America,Bushel,1893,3698,39460,0.094,150687
spike,"Perfumery, And Articles Used In The Manufacture Thereof",Holland,Lb,1880,546012,134762,4.052,146842
hole,"Copper — Old, Fit Only To Be Re-Manufactured",France,Ton,1881,,205,,145235
hole,"Copper — Old, Fit Only To Be Re-Manufactured",France,Ton,1882,,205,,145235
hole,"Copper — Old, Fit Only To Be Re-Manufactured",France,Ton,1890,,205,,145235
dip,Alkali,Belgium,Cwt,1890,770,5305,0.145,144234
dip,Alkali,Belgium,Cwt,1893,903,5305,0.17,144234
hole,Alkali,Germany,Cwt,1879,,4249,,143419
hole,Alkali,Germany,Cwt,1880,,4249,,143419
hole,Alkali,Germany,Cwt,1881,,4249,,143419
hole,Alkali,Germany,Cwt,1882,,4249,,143419
hole,Alkali,Germany,Cwt,1891,,4249,,143419
dip,Alkali,Germany,Cwt,1875,958,4249,0.225,143419
hole,"Arms, Ammunition, And Military Stores — Fowling Pieces",United States Of America (Atlantic),?,1873,,13000,,143392
hole,"Arms, Ammunition, And Military Stores — Fowling Pieces",United States Of America (Atlantic),?,1874,,13000,,143392
hole,"Arms, Ammunition, And Military Stores — Fowling Pieces",United States Of America (Atlantic),?,1875,,13000,,143392
hole,Part Wrought,Germany,Ton,1886,,153,,142075
dip,Part Wrought,Germany,Ton,1899,35,153,0.229,142075
dip,"Animals, Living — Swine",Canada,Number,1887,3,132,0.023,141939
spike,"Animals, Living — Swine",Canada,Number,1892,1234,132,9.313,141939
hole,"Meal, Unenumerated",Russia,Cwt,1892,,27001,,141822
hole,"Copper — Old, Fit Only To Be Re-Manufactured",Other Foreign Countries,Ton,1890,,180,,141752
hole,"Wood And Timber — Hewn, Fir : Unenumerated",British Guiana,Load,1880,,6258,,139073
hole,"Wood And Timber — Hewn, Fir : Unenumerated",British Guiana,Load,1881,,6258,,139073
hole,"Skins And Furs — Foreign, Dressed In The United Kingdom",Other Countries,?,1879,,42655,,139073
dip,"Plate — Of Silver, Gilt Or Ungilt",Other Countries,Oz Troy,1883,2024,16733,0.121,138425
dip,"Cordage — Meal, Not Otherwise Enumerated Or Described",Argentine Republic,Cwt,1898,5130,92174,0.056,136302
hole,"Flax, Dressed Or Undressed — Tow Or Codilla Of",Holland,Cwt,1888,,11534,,135983
hole,"Flax, Dressed Or Undressed — Tow Or Codilla Of",France,Cwt,1888,,12375,,134525
hole,"Carriages, Carts, &C — Railway Waggons, Trucks, &C. (Not Of Iron)For Ballast, Minerals, Or Merchandize",Other Countries,?,1874,,262,,132533
hole,"Carriages, Carts, &C — Railway Waggons, Trucks, &C. (Not Of Iron)For Ballast, Minerals, Or Merchandize",Other Countries,?,1876,,262,,132533
dip,Madder — Root,Holland,Cwt,1877,1251,5819,0.215,131558
hole,Prints And Engravings,Germany,Number,1880,,1431013,,130177
hole,Tar,Other Countries,Barrel,1875,,9293,,129704
hole,Tar,Other Countries,Barrel,1878,,9293,,129704
hole,Tar,Other Countries,Barrel,1883,,9293,,129704
spike,"Cordage — Meal, Not Otherwise Enumerated Or Described",United States Of America (Atlantic),Cwt,1897,611310,47142,12.967,129678
spike,"Cordage — Meal, Not Otherwise Enumerated Or Described",United States Of America (Atlantic),Cwt,1899,279984,47142,5.939,129678
spike,"Cordage — Meal, Not Otherwise Enumerated Or Described",United States Of America,Cwt,1897,621410,47142,13.182,129678
spike,"Cordage — Meal, Not Otherwise Enumerated Or Described",United States Of America,Cwt,1899,279984,47142,5.939,129678
dip,Beef — Applicable To Manufacturing Purposes,Argentine Republic,Ton,1894,16,714,0.022,126323
spike,"Cotton Manufactures — Piece Goods Of Mixed Materials, Cotton Predominating",United States Of America (Atlantic),?,1873,2476622,609100,4.066,125856
dip,"Cotton Manufactures — Piece Goods Of Mixed Materials, Cotton Predominating",United States Of America (Atlantic),?,1878,85000,609100,0.14,125856
hole,"Meal, Unenumerated",Belgium,Cwt,1886,,35744,,124706
hole,"Meal, Unenumerated",Belgium,Cwt,1887,,35744,,124706
dip,"Meal, Unenumerated",Belgium,Cwt,1889,7120,35744,0.199,124706
dip,"Meal, Unenumerated",Belgium,Cwt,1892,8633,35744,0.242,124706
hole,Pitch,Other Countries,Cwt,1878,,11023,,122576
hole,Pitch,Other Countries,Cwt,1883,,11023,,122576
dip,Pitch,Other Countries,Cwt,1874,2219,11023,0.201,122576
dip,"Cotton — Unenumerated, Other Sorts",Russia,Cwt,1880,7718,33915,0.228,121861
hole,Cotton — Waste,Other Countries,Lb,1882,,165101,,121265
hole,Cotton — Waste,Other Countries,Lb,1883,,165101,,121265
dip,Cotton — Waste,Other Countries,Lb,1873,30044,165101,0.182,121265
hole,Tar,France,Barrel,1888,,6502,,121166
spike,"Spirits, British And Irish",Australia,?,1872,402552,75326,5.344,120168
spike,"Spirits, British And Irish",Australia,?,1874,452332,75326,6.005,120168
dip,"Plate, Fluted, Rolled Or Rough",Holland,Cwt,1893,634,5182,0.122,119920
spike,"Plate, Fluted, Rolled Or Rough",Holland,Cwt,1895,22484,5182,4.338,119920
dip,"Hemp — Unenumerated Vegetable Substances, Applicable To The Same Uses As Flax Or Hemp",Madagascar,Cwt,1886,879,4981,0.176,119834
hole,"Arms, Ammunition, And Military Stores — Rifles",British Possessions In South Africa,?,1873,,9591,,119351
hole,"Arms, Ammunition, And Military Stores — Rifles",British Possessions In South Africa,?,1874,,9591,,119351
hole,"Arms, Ammunition, And Military Stores — Rifles",British Possessions In South Africa,?,1875,,9591,,119351
dip,"Arms, Ammunition, And Military Stores — Rifles",British Possessions In South Africa,?,1879,232,9591,0.024,119351
dip,"Arms, Ammunition, And Military Stores — Rifles",British Possessions In South Africa,?,1881,1238,9591,0.129,119351
hole,"Arms, Ammunition, And Military Stores — Muskets, Rifles, And Guns Of Any Other Sort, And Pistols",United States Of America,Number,1874,,10128,,118350
hole,Galls,British East Indies,Cwt,1883,,1524,,118333
hole,Galls,British East Indies,Cwt,1898,,1524,,118333
spike,Galls,British East Indies,Cwt,1885,42295,1524,27.762,118333
spike,Galls,British East Indies,Cwt,1891,9799,1524,6.432,118333
hole,"Metal — Old (Other Than Iron Or Copper), Fit Only For     Re-Manufacture",Holland,Ton,1874,,410,,117921
dip,"Metal — Old (Other Than Iron Or Copper), Fit Only For     Re-Manufacture",Holland,Ton,1878,98,410,0.239,117921
dip,"Arms, Ammunition, And Military Stores — Rifles",Other Countries,?,1880,952,7880,0.121,117076
hole,"Meal, Unenumerated",Holland,Cwt,1883,,22100,,114645
hole,"Meal, Unenumerated",Holland,Cwt,1884,,22100,,114645
dip,Beef — Applicable To Manufacturing Purposes,Uruguay,Ton,1894,42,632,0.066,113763
dip,Beef — Applicable To Manufacturing Purposes,Uruguay,Ton,1899,60,632,0.095,113763
hole,"Copper, Ore Of — Old, Fit Only To Be Re-Manufactured",Germany,Ton,1891,,493,,113182
hole,"Copper, Ore Of — Old, Fit Only To Be Re-Manufactured",Germany,Ton,1892,,493,,113182
hole,"Seeds — Unenumerated, For Expressing Oiltherefrom",Holland,?,1889,,8800,,113178
hole,"Seeds — Unenumerated, For Expressing Oiltherefrom",Holland,?,1890,,8800,,113178
spike,"Seeds — Unenumerated, For Expressing Oiltherefrom",Holland,?,1885,77770,8800,8.838,113178
hole,Animals — Swine,Denmark,Number,1876,,7214,,112485
hole,Animals — Swine,Denmark,Number,1878,,7214,,112485
dip,Animals — Swine,Denmark,Number,1872,700,7214,0.097,112485
hole,"Plate — Of Silver, Gilt Or Ungilt",France,Oz Troy,1873,,11770,,110785
hole,"Plate — Of Silver, Gilt Or Ungilt",France,Oz Troy,1874,,11770,,110785
hole,"Plate — Of Silver, Gilt Or Ungilt",France,Oz Troy,1876,,11770,,110785
hole,"Plate — Of Silver, Gilt Or Ungilt",France,Oz Troy,1879,,11770,,110785
hole,"Plate — Of Silver, Gilt Or Ungilt",France,Oz Troy,1880,,11770,,110785
hole,"Plate — Of Silver, Gilt Or Ungilt",France,Oz Troy,1881,,11770,,110785
hole,"Plate — Of Silver, Gilt Or Ungilt",France,Oz Troy,1891,,11770,,110785
hole,"Plate — Of Silver, Gilt Or Ungilt",France,Oz Troy,1892,,11770,,110785
hole,"Hemp — Unenumerated Vegetable Substances, Applicable To The Same Uses As Flax Or Hemp",Mauritius,Cwt,1884,,5544,,110238
hole,"Hemp — Unenumerated Vegetable Substances, Applicable To The Same Uses As Flax Or Hemp",Mauritius,Cwt,1890,,5544,,110238
hole,"Hemp — Unenumerated Vegetable Substances, Applicable To The Same Uses As Flax Or Hemp",Mauritius,Cwt,1891,,5544,,110238
hole,Cotton — Waste,Italy,Lb,1879,,828944,,108673
hole,Cotton — Waste,Italy,Lb,1880,,828944,,108673
hole,Cotton — Waste,Italy,Lb,1881,,828944,,108673
hole,Chemical Manufactures And Products,Australia,?,1876,,10011,,107346
hole,Chemical Manufactures And Products,Australia,?,1879,,10011,,107346
spike,Beef — Applicable To Manufacturing Purposes,Germany,?,1895,472,51,9.255,107247
dip,Beef — Applicable To Manufacturing Purposes,Germany,?,1897,10,51,0.196,107247
hole,"Hides — Not Tanned, &C., Wet",Italy,?,1879,,4468,,106630
hole,"Hides — Not Tanned, &C., Wet",Italy,?,1880,,4468,,106630
dip,"Wool — Other Kinds, And Flocks",China,Lb,1889,9883,92546,0.107,106382
dip,Whalebone (Whalefins),Holland,Cwt,1884,28,219,0.128,106380
hole,"Old, Fit Only To Be Re-Manu- Factured",Holland,Ton,1892,,272,,106331
hole,"Iron — Old Broken, And Old Cast Iron And Steel",Sweden,Ton,1897,,3011,,106152
dip,"Iron — Old Broken, And Old Cast Iron And Steel",Sweden,Ton,1887,290,3011,0.096,106152
dip,"Iron — Old Broken, And Old Cast Iron And Steel",Sweden,Ton,1893,696,3011,0.231,106152
hole,"Wine — White, In Bottles—Still",France,Gallon,1894,,23666,,104016
hole,Myrabolams,Bengal And Burmah,Cwt,1874,,13184,,100341
spike,Myrabolams,Bengal And Burmah,Cwt,1872,55477,13184,4.208,100341
spike,Myrabolams,Bengal And Burmah,Cwt,1878,79936,13184,6.063,100341
hole,Tar,Channel Islands,Barrel,1888,,4612,,99130
dip,Waste Of (Raw And Yarn),Italy,Lb,1899,77432,1068028,0.072,98912
dip,Liquorice,Spain,Cwt,1889,187,1323,0.141,97276
dip,Liquorice,Spain,Cwt,1896,115,1323,0.087,97276
dip,Whalebone (Whalefins),United States Of America,Cwt,1891,35,154,0.227,96491
hole,"Skins, Furs, And Pelts — Tanned, Tawed, Or Dressed",Other Countries,?,1873,,109657,,95395
hole,"Skins, Furs, And Pelts — Tanned, Tawed, Or Dressed",Other Countries,?,1874,,109657,,95395
spike,"Fruit — Plums, Dried Or Preserved",United States Of America,Cwt,1897,23172,3675,6.305,94909
spike,"Fruit — Plums, Dried Or Preserved",United States Of America,Cwt,1899,24032,3675,6.539,94909
dip,Fruit — Prunes,United States Of America,Cwt,1894,25,4257,0.006,94802
hole,"Perfumery, And Articles Used In The Manufacture Thereof",Belgium,Lb,1882,,90741,,93821
hole,"Perfumery, And Articles Used In The Manufacture Thereof",Belgium,Lb,1883,,90741,,93821
hole,"Perfumery, And Articles Used In The Manufacture Thereof",Belgium,Lb,1884,,90741,,93821
hole,"Sauces Or Condiments, Unenumerated",France,Lb,1879,,258124,,93435
dip,"Fruit — Plums, Dried Or Preserved",Austrian Territories,Cwt,1890,350,4043,0.087,93003
hole,Pitch,Germany,Cwt,1883,,14958,,92421
hole,Pitch,Germany,Cwt,1885,,14958,,92421
hole,Pitch,Germany,Cwt,1886,,14958,,92421
hole,Pitch,Germany,Cwt,1887,,14958,,92421
hole,Waste Of (Raw And Yarn),Belgium,Lb,1894,,1117066,,90929
hole,Whalefins,United States Of America,Cwt,1873,,266,,90431
hole,Whalefins,United States Of America,Cwt,1874,,266,,90431
hole,"Cordage, Twine, And Cable Yarn",Ceylon,?,1874,,60128,,89208
hole,"Cordage, Twine, And Cable Yarn",Ceylon,?,1878,,60128,,89208
hole,"Hemp — Tow, Or Codilla Of",Other Countries,Cwt,1874,,4112,,87416
spike,Woollen Yarn — Unenumerated,France,Lb,1884,55616,6301,8.827,86184
hole,Beer And Ale — Of Other Sorts,Denmark,Barrel,1874,,1427,,86040
hole,Beer And Ale — Of Other Sorts,Denmark,Barrel,1875,,1427,,86040
hole,Beer And Ale — Of Other Sorts,Denmark,Barrel,1879,,1427,,86040
hole,Beer And Ale — Of Other Sorts,Denmark,Barrel,1880,,1427,,86040
hole,Beer And Ale — Of Other Sorts,Denmark,Barrel,1882,,1427,,86040
hole,Beer And Ale — Of Other Sorts,Denmark,Barrel,1884,,1427,,86040
hole,Beer And Ale — Of Other Sorts,Denmark,Barrel,1885,,1427,,86040
hole,Pitch,France,Cwt,1883,,9589,,85947
hole,Pitch,France,Cwt,1885,,9589,,85947
hole,Woollen Yarn — Unenumerated,Holland,Lb,1884,,3667,,85247
hole,Woollen Yarn — Unenumerated,Holland,Lb,1889,,3667,,85247
hole,Woollen Yarn — Unenumerated,Holland,Lb,1890,,3667,,85247
hole,Woollen Yarn — Unenumerated,Holland,Lb,1891,,3667,,85247
hole,Woollen Yarn — Unenumerated,Holland,Lb,1892,,3667,,85247
spike,Woollen Yarn — Unenumerated,Holland,Lb,1886,18500,3667,5.045,85247
dip,Woollen Yarn — Unenumerated,Holland,Lb,1888,307,3667,0.084,85247
spike,"Skins, Furs, And Pelts — Goat And Kid, Undressed",Germany,Number,1877,376595,61216,6.152,84082
hole,Beef — Applicable To Manufacturing Purposes,United States Of America,Ton,1882,,482,,83661
hole,Beef — Applicable To Manufacturing Purposes,United States Of America,Ton,1884,,482,,83661
hole,Beef — Applicable To Manufacturing Purposes,United States Of America,Ton,1885,,482,,83661
hole,Beef — Applicable To Manufacturing Purposes,United States Of America,Ton,1886,,482,,83661
hole,Beef — Applicable To Manufacturing Purposes,United States Of America,Ton,1888,,482,,83661
hole,Beef — Applicable To Manufacturing Purposes,United States Of America,Ton,1889,,482,,83661
hole,Beef — Applicable To Manufacturing Purposes,United States Of America,Ton,1890,,482,,83661
dip,"Hats Or Bonnets — Unenumerated Vegetable Sub-     Stances, Applicable To The     Same Uses As Hemp Or Flax",Madagascar,Ton,1898,93,500,0.186,82155
spike,"Meal, Unenumerated",United States Of America,Cwt,1892,97980,19634,4.99,81829
dip,"Cordage — Meal, Not Otherwise Enumerated Or Described",Chile,Cwt,1893,6740,60130,0.112,80145
dip,"Cordage — Meal, Not Otherwise Enumerated Or Described",Chile,Cwt,1895,7930,60130,0.132,80145
hole,"Wood And Timber — Hewn, Fir : Unenumerated",Other Countries,Load,1880,,3057,,78096
hole,"Wood And Timber — Hewn, Fir : Unenumerated",Other Countries,Load,1881,,3057,,78096
hole,"Beef — Books, Bound Or Unbound, Including Maps And Charts",Belgium,Cwt,1890,,1594,,76447
hole,"Beef — Books, Bound Or Unbound, Including Maps And Charts",Belgium,Cwt,1892,,1594,,76447
hole,"Animals, Living — Stallions",Germany,?,1892,,7,,76314
dip,"Animals, Living — Stallions",Germany,?,1893,1,7,0.143,76314
dip,"Animals, Living — Stallions",Germany,?,1896,1,7,0.143,76314
dip,"Arms, Ammunition, And Military Stores — Fowling Pieces",Australia,?,1879,833,6696,0.124,76255
hole,Tin — Ore Of,Australasia,Ton,1892,,57,,74477
dip,Tin — Ore Of,Australasia,Ton,1885,11,57,0.193,74477
spike,Tin — Ore Of,Australasia,Ton,1888,340,57,5.965,74477
spike,Tin — Ore Of,Australasia,Ton,1894,235,57,4.123,74477
hole,"Skins, Furs, And Pelts — Goat And Kid, Undressed",Turkey,Number,1878,,65098,,74432
hole,"Old, Fit Only To Be Re-Manu- Factured",Norway,Ton,1891,,258,,73672
hole,"Old, Fit Only To Be Re-Manu- Factured",Norway,Ton,1892,,258,,73672
hole,"Dye Stuffs, And Substances Used In Tanning — Madder, Madder Root, Garancine And Munjeet",Turkey,Cwt,1884,,1125,,72031
hole,"Dye Stuffs, And Substances Used In Tanning — Madder, Madder Root, Garancine And Munjeet",Turkey,Cwt,1891,,1125,,72031
hole,Linen And Jute Manufactures — Thread For Sewing,Holland,?,1876,,108302,,71654
hole,Linen And Jute Manufactures — Thread For Sewing,Holland,?,1879,,108302,,71654
spike,Linen And Jute Manufactures — Thread For Sewing,Holland,?,1874,594136,108302,5.486,71654
dip,"Garden, Unenumerated",Australasia,Lb,1884,12676,104834,0.121,71372
hole,"Old, Fit Only To Be Re-Manu- Factured",Italy,Ton,1889,,230,,68755
hole,"Old, Fit Only To Be Re-Manu- Factured",Italy,Ton,1890,,230,,68755
hole,"Old, Fit Only To Be Re-Manu- Factured",Italy,Ton,1892,,230,,68755
hole,"Iron — Old Broken, And Old Cast Iron And Steel",Germany,Ton,1897,,1474,,67629
hole,"Copper, Ore Of — Old, Fit Only To Be Re-Manufactured",Norway,Ton,1891,,309,,67068
hole,"Copper, Ore Of — Old, Fit Only To Be Re-Manufactured",Norway,Ton,1892,,309,,67068
hole,"Animals, Living — Stallions",Belgium,?,1892,,3,,66139
hole,"Animals, Living — Stallions",Belgium,?,1893,,3,,66139
hole,"Animals, Living — Stallions",Belgium,?,1897,,3,,66139
hole,"Iron — Old Broken, And Old Cast Iron And Steel",Holland,Ton,1897,,1210,,66064
dip,"Iron — Old Broken, And Old Cast Iron And Steel",Holland,Ton,1890,49,1210,0.04,66064
dip,"Iron — Old Broken, And Old Cast Iron And Steel",Holland,Ton,1893,245,1210,0.202,66064
spike,"Iron — Old Broken, And Old Cast Iron And Steel",Holland,Ton,1899,5070,1210,4.19,66064
dip,Hides — Raw,Other Countries,?,1874,525,3788,0.139,65650
hole,Woollen Manufactures — Unenumerated,Turkey,?,1874,,146781,,64817
hole,Woollen Manufactures — Unenumerated,Turkey,?,1876,,146781,,64817
hole,"Hemp — Unenumerated Vegetable Substances, Applicable To The Same Uses As Flax Or Hemp",France,Cwt,1890,,3284,,63929
hole,"Hemp — Unenumerated Vegetable Substances, Applicable To The Same Uses As Flax Or Hemp",France,Cwt,1891,,3284,,63929
hole,Asphalt Or Bitumen,Holland,Ton,1885,,1054,,62696
hole,Asphalt Or Bitumen,Holland,Ton,1894,,1054,,62696
hole,Asphalt Or Bitumen,Holland,Ton,1895,,1054,,62696
hole,Asphalt Or Bitumen,Holland,Ton,1896,,1054,,62696
dip,Asphalt Or Bitumen,Holland,Ton,1883,82,1054,0.078,62696
dip,Asphalt Or Bitumen,Holland,Ton,1891,167,1054,0.158,62696
hole,"Iron — Old Broken, And Old Cast Iron And Steel",Denmark,Ton,1887,,1309,,62394
hole,"Iron — Old Broken, And Old Cast Iron And Steel",Denmark,Ton,1897,,1309,,62394
dip,Bones (Except Whalefins) — Applicable To Manufacturing Pur- Poses,France,Ton,1896,230,995,0.231,62257
hole,"Arms, Ammunition, And Military Stores — Fowling Pieces",Other Countries,?,1873,,9173,,61276
hole,"Arms, Ammunition, And Military Stores — Fowling Pieces",Other Countries,?,1874,,9173,,61276
hole,"Arms, Ammunition, And Military Stores — Fowling Pieces",Other Countries,?,1875,,9173,,61276
hole,"Old, Fit Only To Be Re-Manu- Factured",France,Ton,1892,,153,,60816
dip,"Old, Fit Only To Be Re-Manu- Factured",France,Ton,1890,15,153,0.098,60816
hole,Buckwheat,Other Countries,Cwt,1883,,3165,,60662
dip,Buckwheat,Other Countries,Cwt,1872,49,3165,0.015,60662
hole,Pitch,Holland,Cwt,1885,,8846,,59247
hole,"Copper, Ore Of — Old, Fit Only To Be Re-Manufactured",Holland,Ton,1891,,311,,58021
hole,"Copper, Ore Of — Old, Fit Only To Be Re-Manufactured",Holland,Ton,1892,,311,,58021
dip,"Feathers And Down — For Beds, In Beds Or Otherwise",United States Of America,Cwt,1893,102,2287,0.045,58002
dip,"Feathers And Down — For Beds, In Beds Or Otherwise",United States Of America,Cwt,1898,457,2287,0.2,58002
hole,"Brass, Bronze, And Metal, Bronzed And Lacquered",Germany,Cwt,1873,,766,,57480
hole,"Brass, Bronze, And Metal, Bronzed And Lacquered",Germany,Cwt,1875,,766,,57480
hole,Animals — Swine,Germany,Number,1876,,2118,,56737
hole,Animals — Swine,Germany,Number,1878,,2118,,56737
spike,Animals — Swine,Germany,Number,1874,13527,2118,6.387,56737
dip,Spices — Ginger (Raw),Other Countries,Cwt,1872,231,1987,0.116,55300
spike,Spices — Ginger (Raw),Other Countries,Cwt,1876,15594,1987,7.848,55300
hole,Beads — Of Glass,Austrian Territories,Lb,1879,,85308,,53315
dip,Honey,Spanish West India Islands,Cwt,1894,611,2525,0.242,52609
hole,"Meal, Unenumerated",Other Foreign Countries,Cwt,1886,,17404,,50309
hole,"Meal, Unenumerated",Other Foreign Countries,Cwt,1887,,17404,,50309
spike,"Plate, Fluted, Rolled Or Rough",France,Cwt,1892,14349,3068,4.677,50127
dip,Honey,United States Of America (Pacific),Cwt,1893,350,2065,0.169,49501
spike,"Plate — Of Silver, Gilt Or Ungilt",Germany,Oz Troy,1899,31026,6906,4.493,49501
hole,"Iron — Old Broken, And Old Cast Iron And Steel",Australasia,Ton,1886,,1494,,49275
hole,"Iron — Old Broken, And Old Cast Iron And Steel",Australasia,Ton,1891,,1494,,49275
hole,"Iron — Old Broken, And Old Cast Iron And Steel",Australasia,Ton,1893,,1494,,49275
spike,"Iron — Old Broken, And Old Cast Iron And Steel",Australasia,Ton,1894,6059,1494,4.056,49275
hole,"Brass, Bronze, And Metal, Bronzed And Lacquered",Holland,Cwt,1873,,722,,49236
hole,"Brass, Bronze, And Metal, Bronzed And Lacquered",Holland,Cwt,1875,,722,,49236
spike,Flax — Dressed,Other Countries,Cwt,1874,3577,706,5.07,48958
dip,"Plate — Of Silver, Gilt Or Ungilt",United States Of America,Oz Troy,1893,620,6370,0.097,48320
hole,"Fruit — Plums, Dried Or Preserved",France,Cwt,1885,,1400,,47795
hole,"Fruit — Plums, Dried Or Preserved",France,Cwt,1886,,1400,,47795
hole,"Fruit — Plums, Dried Or Preserved",France,Cwt,1888,,1400,,47795
hole,"Fruit — Plums, Dried Or Preserved",France,Cwt,1891,,1400,,47795
hole,"Fruit — Plums, Dried Or Preserved",France,Cwt,1892,,1400,,47795
dip,"Fruit — Plums, Dried Or Preserved",France,Cwt,1890,194,1400,0.139,47795
hole,"Copper, Ore Of — Old, Fit Only To Be Re-Manufactured",Italy,Ton,1891,,237,,47624
hole,"Copper, Ore Of — Old, Fit Only To Be Re-Manufactured",Italy,Ton,1892,,237,,47624
hole,"Gold — Ore Of, Or Ore Of Which The Greater Part In Value Is Gold",British Possessions In South Africa,Ton,1894,,44,,47408
hole,"Cordage, Twine, And Cable Yarn",Germany,?,1874,,25936,,46263
hole,"Cordage, Twine, And Cable Yarn",Germany,?,1878,,25936,,46263
spike,"Cordage, Twine, And Cable Yarn",Germany,?,1882,113845,25936,4.389,46263
hole,Woollen Yarn — Unenumerated,Other Foreign Countries,Lb,1887,,1630,,45214
hole,Woollen Yarn — Unenumerated,Other Foreign Countries,Lb,1888,,1630,,45214
hole,Woollen Yarn — Unenumerated,Other Foreign Countries,Lb,1889,,1630,,45214
hole,Woollen Yarn — Unenumerated,Other Foreign Countries,Lb,1890,,1630,,45214
spike,Woollen Yarn — Unenumerated,Other Foreign Countries,Lb,1885,9889,1630,6.067,45214
dip,"Animals, Living — Bulls, Oxen, Cows, And Calves",Argentine Republic,?,1874,13,103,0.126,44947
hole,"Copper, Ore Of — Old, Fit Only To Be Re-Manufactured",France,Ton,1891,,172,,44338
hole,"Copper, Ore Of — Old, Fit Only To Be Re-Manufactured",France,Ton,1892,,172,,44338
hole,"Iron — Old Broken, And Old Cast Iron And Steel",Norway,Ton,1894,,817,,43953
hole,"Iron — Old Broken, And Old Cast Iron And Steel",Norway,Ton,1897,,817,,43953
hole,"Iron — Old Broken, And Old Cast Iron And Steel",Norway,Ton,1898,,817,,43953
hole,"Animals, Living — Stallions",Other British Possessions,?,1892,,4,,43608
spike,"Animals, Living — Stallions",Other British Possessions,?,1891,22,4,5.5,43608
spike,"Animals, Living — Stallions",Other British Possessions,?,1895,21,4,5.25,43608
hole,"Animals, Living — Stallions",Australasia,?,1891,,2,,43608
hole,"Animals, Living — Stallions",Australasia,?,1892,,2,,43608
hole,"Animals, Living — Stallions",Australasia,?,1896,,2,,43608
spike,"Animals, Living — Stallions",Australasia,?,1898,11,2,5.5,43608
hole,Fruit — Prunes,Germany,Cwt,1885,,1703,,43579
hole,Fruit — Prunes,Germany,Cwt,1886,,1703,,43579
spike,Fruit — Prunes,Germany,Cwt,1888,7976,1703,4.683,43579
spike,Salt,Other Countries,Ton,1872,3282,816,4.02,41763
dip,Salt,Other Countries,Ton,1875,22,816,0.027,41763
hole,"Animals, Living — Stallions",Russia,Number,1898,,49,,40533
dip,"Animals, Living — Stallions",Russia,Number,1893,1,49,0.02,40533
spike,"Gold — Ore Of, Or Ore Of Which The Greater Part In Value Is Gold",Other Foreign Countries,Ton,1889,218,22,9.689,40207
hole,Fruit — Prunes,Austrian Territories,Cwt,1885,,1569,,36973
hole,Fruit — Prunes,Austrian Territories,Cwt,1886,,1569,,36973
hole,Fruit — Prunes,Austrian Territories,Cwt,1890,,1569,,36973
hole,Fruit — Prunes,Austrian Territories,Cwt,1892,,1569,,36973
hole,"Fruit — Dried, Not Otherwise Described",Other Countries,Bushel,1873,,10508,,36553
hole,"Fruit — Dried, Not Otherwise Described",Other Countries,Bushel,1875,,10508,,36553
dip,"Fruit — Dried, Not Otherwise Described",Other Countries,Bushel,1877,2054,10508,0.195,36553
dip,"Animals, Living — Bulls, Oxen, Cows, And Calves",Australasia,?,1877,5,27,0.185,35330
hole,"Plate — Of Silver, Gilt Or Ungilt",Australasia,Oz Troy,1891,,4245,,32438
hole,"Plate — Of Silver, Gilt Or Ungilt",Australasia,Oz Troy,1892,,4245,,32438
dip,Confectionery (Not Containing Any Article Liable To Duty),Belgium,Cwt,1894,361,2508,0.144,32283
hole,"Cordage, Twine, And Cable Yarn",Other Countries,?,1878,,15453,,30152
spike,"Cordage, Twine, And Cable Yarn",Other Countries,?,1882,129270,15453,8.365,30152
hole,"Iron — Old Broken, And Old Cast Iron And Steel",Other Foreign Countries,Ton,1897,,643,,29116
hole,"Iron — Old Broken, And Old Cast Iron And Steel",Other Foreign Countries,Ton,1898,,643,,29116
dip,"Iron — Old Broken, And Old Cast Iron And Steel",Other Foreign Countries,Ton,1890,125,643,0.194,29116
