shipped_as_read,total_may_be_the_error,score,column,engine,volume,year,group,article,country,unit,reads,should_be,q_read,v_read,q_fixed,v_fixed,delta,digit,n_members,printed_total,other_engine_agrees,price_improves,price_before,price_after,block_rate,candidates_in_block,unique,strong
True,False,6,q,chandra,as_1890,1890,COTTON,Raw,British East Indies : Bengal,Cwts,103860,193860,103860,392688,193860,392688,90000,0->9,12,2153010,True,True,3.78,2.03,2.65,1,True,True
True,True,6,v,chandra,as_1888,1888,"SKINS, FURS, and PELTS",Unenumerated : Undressed,Australasia,Number,32591,82591,654650,32591,654650,82591,50000,3->8,3,86239,True,True,0.05,0.13,0.1,1,True,True
True,False,6,q,chandra,as_1890,1890,Meal and Flour,Wheat Meal or Flour,Australasia,Cwts,181140,131140,181140,78012,131140,78012,-50000,8->3,3,1064964,True,True,0.43,0.59,0.56,1,True,True
True,False,6,q,chandra,as_1898,1897,METAL,"Leaf, not Gold",Germany,Packets,10407,19407,10407,5836,19407,5836,9000,0->9,3,124027,True,True,0.56,0.3,0.09,1,True,True
True,False,6,q,chandra,as_1896,1896,HEMP,Dressed or Undressed,Hong Kong,Tons,16527,10527,16527,197588,10527,197588,-6000,6->0,7,18027,True,True,11.96,18.77,16.05,1,True,True
True,False,6,q,chandra,as_1891,1891,FEATHERS AND DOWN,Ornamental,Japan,Lbs. ozs,5935,5035,5935,3076,5035,3076,-900,9->0,9,442450,True,True,0.52,0.61,1.1,1,True,True
True,False,6,v,chandra,as_1897,1894,NUTS AND KERNELS,"Chemical, Essential or Perfumed",Canada,Tons,10981,10081,1574,10981,1574,10081,-900,9->0,4,39643,True,True,6.98,6.4,6.54,1,True,True
True,True,6,q,chandra,as_1892,1892,"PICTURES and DRAWINGS, by HAND",,British East Indies,Number,290,230,290,597,230,597,-60,9->3,4,533,True,True,2.06,2.6,24.6,1,True,True
True,False,6,v,chandra,as_1889,1889,SUGAR,Molasses,Belgium,Cwts,2635,2685,7303,2635,7303,2685,50,3->8,4,124918,True,True,0.36,0.37,0.37,1,True,True
True,True,6,v,chandra,as_1898,1894,Cotton,Tares and Lentils,Bengal,Bushels,3538,3588,28433,3538,28433,3588,50,3->8,3,23377,True,True,0.12,0.13,0.21,1,True,True
True,False,6,q,chandra,as_1877,1877,HORNS,Tips and Pieces of Horn and Hoofs,Ceylon,Tons,110,119,110,5637,119,5637,9,0->9,14,6822,True,True,51.25,47.37,31.03,1,True,True
True,False,6,q,chandra,as_1892,1892,Corn and Grain,Rye,British Possessions in South Africa : Cape of Good Hope,Cwts,39,30,39,7,30,7,-9,9->0,3,124375,True,True,0.18,0.23,0.33,1,True,True
True,False,6,v,chandra,as_1897,1895,"CARDS, PLAYING",,France,Dozen Packs,249,240,663,249,663,240,-9,9->0,6,7505,True,True,0.38,0.36,0.3,1,True,True
True,False,6,v,chandra,as_1898,1897,FRUIT,"Plums, Dried or Preserved",Germany,Cwts,32120,32129,23777,32120,23777,32129,9,0->9,5,92048,True,True,1.35,1.35,1.89,1,True,True
True,False,6,v,infinity,as_1898,1894,ZINC,"Crude, in cakes",Canada,Tons,850,859,65,850,65,859,9,0->9,3,5471,True,True,13.08,13.22,13.29,1,True,True
True,False,6,q,chandra,as_1889,1889,COTTON,Waste of (Raw and Yarn),Germany,Lbs,364009,864009,364009,9201,864009,9201,500000,3->8,10,13042785,True,True,0.03,0.01,0.01,7,False,True
True,False,6,q,chandra,as_1889,1889,"SKINS, FURS, and PELTS",Furs,British North America,Number,337596,837596,337596,302674,837596,302674,500000,3->8,6,20208833,True,True,0.9,0.36,0.14,3,False,True
True,False,6,v,chandra,as_1895,1895,LEATHER,Dressed,France,Lbs,333344,833344,5987688,333344,5987688,833344,500000,3->8,9,3156321,True,True,0.06,0.14,0.11,4,False,True
True,False,6,q,chandra,as_1888,1888,"DYE STUFFS, and Substances used in Tanning",Unenumerated,Venezuela,Cwts,92100,32100,92100,15266,32100,15266,-60000,9->3,12,265816,True,True,0.17,0.48,1.61,2,False,True
True,True,6,q,chandra,as_1889,1889,WOOL,Sheep or Lambs',Holland,Lbs,1632685,1682685,1632685,82210,1682685,82210,50000,3->8,23,135371702,True,True,0.05,0.05,0.04,12,False,True
True,True,6,q,chandra,as_1890,1890,DRUGS,Opium,Persia,Lbs,80035,30035,80035,19955,30035,19955,-50000,8->3,7,441245,True,True,0.25,0.66,0.58,2,False,True
True,False,6,q,chandra,as_1899,1899,"ANIMALS, LIVING",Oxen and Bulls,Argentine Republic,Number,55359,85359,55359,1392543,85359,1392543,30000,5->8,3,405931,True,True,25.15,16.31,17.26,2,False,True
True,True,6,v,chandra,as_1885,1885,"POULTRY and GAME (alive or dead), including Rabbits","Other Materials, and Pulp of Rags and of Wood",France,Tons,25579,35579,7728,25579,7728,35579,10000,2->3,11,631199,True,True,3.31,4.6,8.0,8,False,True
True,False,6,v,chandra,as_1874,1874,ISINGLASS,,Straits Settlements,,13416,19416,917,13416,917,19416,6000,3->9,6,83880,True,True,14.63,21.17,20.22,2,False,True
True,True,6,v,chandra,as_1890,1890,"HIDES, Raw, and Pieces thereof",Wet,Russia,Cwts,29351,23351,9810,29351,9810,23351,-6000,9->3,16,1173257,True,True,2.99,2.38,2.39,6,False,True
True,True,6,v,chandra,as_1898,1897,LEAD,"Varnished, Japanned, or Enamelled",Germany,Cwts,60315,66315,2564,60315,2564,66315,6000,0->6,5,217787,True,True,23.52,25.86,26.11,3,False,True
True,True,6,q,chandra,as_1899,1898,CORDAGE,Maize or Indian Corn,Uruguay,Cwts,10830,16830,10830,3123,16830,3123,6000,0->6,10,49196090,True,True,0.29,0.19,0.21,6,False,True
True,False,6,q,chandra,as_1899,1897,PORK,Salted (not hams),Denmark,Cwts,60104,66104,60104,60245,66104,60245,6000,0->6,7,220913,True,True,1.0,0.91,0.93,4,False,True
True,True,6,v,chandra,as_1875,1875,Cotton,,Germany,Quarters,223693,228693,93796,223693,93796,228693,5000,3->8,10,5135182,True,True,2.38,2.44,2.67,6,False,True
True,False,6,q,chandra,as_1885,1885,POTATOES,,France,Cwts,908696,903696,908696,201573,903696,201573,-5000,8->3,6,1237224,True,True,0.22,0.22,0.28,3,False,True
True,False,6,q,chandra,as_1886,1886,Corn and Grain,Beans,France,Cwts,18954,13954,18954,4574,13954,4574,-5000,8->3,10,2777197,True,True,0.24,0.33,0.32,6,False,True
True,False,6,v,chandra,as_1888,1888,HAIR,"Cow, Ox, Bull, or Elk",Russia,Cwts,28532,23532,12108,28532,12108,23532,-5000,8->3,10,137793,True,True,2.36,1.94,1.8,5,False,True
True,True,6,v,chandra,as_1889,1889,"DYE STUFFS, and Substances used in Tanning",Unenumerated,Chile,Cwts,3759,8759,11450,3759,11450,8759,5000,3->8,12,279376,True,True,0.33,0.76,1.48,4,False,True
True,True,6,q,chandra,as_1890,1890,FRUIT,Unenumerated : Dried,France,Cwts,8694,3694,8694,8682,3694,8682,-5000,8->3,8,450407,True,True,1.0,2.35,1.78,3,False,True
True,True,6,v,infinity,as_1890,1890,DYE WOODS,Unenumerated,West Coast of Africa (not particularly designated),,8901,3901,883,8901,883,3901,-5000,8->3,13,103127,True,True,10.08,4.42,5.85,5,False,True
True,True,6,q,chandra,as_1891,1891,"SKINS, FURS, and PELTS",Seal,United States of America,Number,81979,84979,81979,337698,84979,337698,3000,1->4,6,238977,True,True,4.12,3.97,0.76,3,False,True
True,True,6,q,chandra,as_1893,1893,"MEAT, Unenumerated",Preserved : Mutton,Argentine Republic,Cwts,3266,2266,3266,4391,2266,4391,-1000,3->2,3,4334,True,True,1.34,1.94,2.27,2,False,True
True,False,6,v,chandra,as_1885,1885,"Dye Stuffs, and Substances used in Tanning",Shumach,Other Foreign Countries,Tons,4985,4085,284,4985,284,4085,-900,9->0,4,162935,True,True,17.55,14.38,14.86,2,False,True
True,False,6,v,chandra,as_1891,1891,WINE,"White, in Casks",Portugal,Gallons,6964,6064,17172,6964,17172,6064,-900,9->0,10,840343,True,True,0.41,0.35,0.28,2,False,True
True,False,6,q,chandra,as_1891,1891,SUCCADES,,Belgium,Cwts,3967,3067,3967,5174,3067,5174,-900,9->0,11,61422,True,True,1.3,1.69,2.15,3,False,True
True,False,6,v,chandra,as_1894,1894,COTTON,Waste of (Raw and Yarn),Belgium,,2015,2915,366379,2015,366379,2915,900,0->9,6,39550,True,True,0.01,0.01,0.01,3,False,True
True,False,6,q,chandra,as_1898,1897,LEAD,Dressed,United States of America,Cwts,261938,261038,261938,1647091,261038,1647091,-900,9->0,8,350653,True,True,6.29,6.31,16.81,2,False,True
True,False,6,v,chandra,as_1898,1894,WOOLLEN YARN,"For Weaving, Mixed or not with Silk",France,Lbs,331924,331024,2232708,331924,2232708,331024,-900,9->0,5,1511924,True,True,0.15,0.15,0.09,2,False,True
True,False,6,q,chandra,as_1899,1896,WOOD AND TIMBER,"Hewn, Fir",Denmark,Loads,1015,1915,1015,2029,1915,2029,900,0->9,11,2053476,True,True,2.0,1.06,1.5,3,False,True
True,False,6,q,infinity,as_1898,1894,SUGAR,"Sawn or Split, planed or dressed, Fir",France,Loads,1075,1975,1075,4419,1975,4419,900,0->9,11,4079621,True,True,4.11,2.24,2.43,3,False,True
True,False,6,q,chandra,as_1877,1877,"TEETH, Elephants', Sea Cow, and Sea Horse",,Egypt,Cwts,347,947,347,42024,947,42024,600,3->9,13,12462,True,True,121.11,44.38,45.19,7,False,True
True,True,6,q,chandra,as_1887,1887,HIDES. Raw. and Pieces thereof,Dry,Brazil,Cwts,12601,12001,12601,33591,12001,33591,-600,6->0,26,113222,True,True,2.67,2.8,3.03,13,False,True
True,True,6,q,chandra,as_1887,1887,TIN,"In Blocks, Ingots, Bars, or Slabs",Australasia : Queensland,Cwts,3384,3984,3384,20386,3984,20386,600,3->9,7,491786,True,True,6.02,5.12,5.16,4,False,True
True,True,6,q,chandra,as_1888,1888,"MEAT, unenumerated","Preserved, otherwise than by Salting",Holland,Cwts,1041,1641,1041,5683,1641,5683,600,0->6,10,347811,True,True,5.46,3.46,3.1,5,False,True
True,True,6,q,infinity,as_1882,1882,MANURES,Guano,British Possessions in South Africa,Tons,4069,4669,4069,56565,4669,56565,600,0->6,7,44952,True,True,13.9,12.12,8.75,5,False,True
True,True,6,v,chandra,as_1885,1885,"SKINS, FURS, and PELTS",In any way dressed ; not leather,Spain,Number,350,850,5500,350,5500,850,500,3->8,5,4649,True,True,0.06,0.15,0.17,2,False,True
True,False,6,v,chandra,as_1886,1886,LEATHER,"Varnished, Japanned, or Enamelled",Holland,Lbs,40816,40316,135985,40816,135985,40316,-500,8->3,6,112836,True,True,0.3,0.3,0.25,2,False,True
True,False,6,q,chandra,as_1887,1887,LEAD,Ore of,Germany,Tons,893,393,893,2920,393,2920,-500,8->3,12,14856,True,True,3.27,7.43,7.75,4,False,True
True,True,6,v,chandra,as_1887,1887,NUTS AND KERNELS,Commonly used for expressing oil therefrom,Portugal,Tons,7333,7833,771,7333,771,7833,500,3->8,6,284983,True,True,9.51,10.16,12.83,5,False,True
True,True,6,v,chandra,as_1887,1887,"SKINS, FURS, and PELTS",Unenumerated : Undressed,Argentine Republic,Number,312,812,6075,312,6075,812,500,3->8,6,8774,True,True,0.05,0.13,0.19,4,False,True
True,True,6,q,chandra,as_1889,1889,"DYE STUFFS, and Substances used in Tanning",Unenumerated,British East Indies,Cwts,20877,20377,20877,14508,20377,14508,-500,8->3,4,26325,True,True,0.69,0.71,1.48,4,False,True
True,False,6,q,chandra,as_1889,1889,FRUIT,Unenumerated : Dried,Morocco,Cwts,398,898,398,3329,898,3329,500,3->8,10,308193,True,True,8.36,3.71,1.6,3,False,True
True,True,6,v,chandra,as_1889,1889,"SKINS, FURS, and PELTS",Seal,Other British Possessions,Number,3819,3319,2553,3819,2553,3319,-500,8->3,3,109488,True,True,1.5,1.3,0.42,2,False,True
True,True,6,v,chandra,as_1890,1890,CAOUTCHOUQ,Manufactures of,Belgium,Lbs,14866,14366,76975,14866,76975,14366,-500,8->3,6,360113,True,True,0.19,0.19,0.12,2,False,True
True,False,6,v,chandra,as_1890,1890,"HIDES, Raw, and Pieces thereof",Dry,British East Indies : Ceylon,,11856,11356,4370,11856,4370,11356,-500,8->3,11,879698,True,True,2.71,2.6,2.57,5,False,True
True,True,6,v,chandra,as_1894,1894,Corn and Grain,Wheat,Turkey,Cwts,84354,84854,339577,84354,339577,84854,500,3->8,13,15459543,True,True,0.25,0.25,0.27,7,False,True
True,False,6,v,chandra,as_1895,1895,ZINC,Ore of,Belgium,Tons,37345,37845,11395,37345,11395,37845,500,3->8,8,142460,True,True,3.28,3.32,3.84,4,False,True
True,True,6,v,infinity,as_1884,1884,Corn and Grain,Rye,France,,2852,2352,5870,2852,5870,2352,-500,8->3,6,75381,True,True,0.49,0.4,0.37,4,False,True
True,True,6,v,chandra,as_1886,1886,Corn and Grain,Wheat,Roumania,Cwts,99555,99855,290248,99555,290248,99855,300,5->8,17,12492328,True,True,0.34,0.34,0.37,14,False,True
True,True,6,v,chandra,as_1891,1891,DYE WOODS,Logwood,United States of Colombia,Tons,2557,2857,769,2557,769,2857,300,5->8,11,71363,True,True,3.33,3.72,4.91,9,False,True
True,False,6,v,chandra,as_1897,1897,DYE STUFFS (Other than Dye Woods) and Substances used in Tan- ning or Dyeing,Cutch and Gambier,China,Tons,2550,2850,208,2550,208,2850,300,5->8,5,9078,True,True,12.26,13.7,17.87,5,False,True
True,True,6,q,chandra,as_1899,1899,"COPPER, ORE OF","Old, fit only to be re-manu- factured",France,Tons,502,802,502,36320,802,36320,300,5->8,15,5870,True,True,72.35,45.29,45.71,13,False,True
True,False,6,v,chandra,as_1899,1898,FRUIT,"Unenumerated, Raw",British West India Islands,Bushels,1512,1812,4167,1512,4167,1812,300,5->8,5,28215,True,True,0.36,0.43,0.52,3,False,True
True,True,6,v,infinity,as_1890,1890,Corn and Grain,Buckwheat,Other Foreign Countries,Cwts,143,443,1404,143,1404,443,300,1->4,3,29894,True,True,0.1,0.32,0.3,3,False,True
True,True,6,v,chandra,as_1890,1890,"COPPER, Ore of","Unwrought, in bars, blocks, slabs, cakes, or ingots",Hong Kong,Tons,102561,102661,1779,102561,1779,102661,100,5->6,5,559396,True,True,57.65,57.71,57.96,3,False,True
True,True,6,v,chandra,as_1890,1890,"SKINS, FURS, and PELTS",Furs,British East Indies,Number,624,524,3094,624,3094,524,-100,6->5,5,534705,True,True,0.2,0.17,0.13,4,False,True
True,False,6,v,chandra,as_1892,1892,"HIDES, Raw, and Pieces thereof",Dry,Australasia : British West India Islands,Cwts,5628,5528,1532,5628,1532,5528,-100,6->5,19,660977,True,True,3.67,3.61,2.08,18,False,True
True,True,6,q,chandra,as_1893,1893,CAOUTCHOUUC,Manufactures of,Germany,Lbs,1687696,1687596,1687696,167389,1687596,167389,-100,6->5,6,3147094,True,True,0.1,0.1,0.13,6,False,True
True,False,6,v,chandra,as_1897,1895,CORDAGE,Peas,Australasia : Victoria,Cwts,43209,43309,153790,43209,153790,43309,100,2->3,8,273081,True,True,0.28,0.28,0.3,6,False,True
True,True,6,v,chandra,as_1899,1898,FRUIT,"Liqueurs, Cordials, &c., not tested, for ascertaining the strength",France,Gallons,13662,13562,6918,13662,6918,13562,-100,6->5,8,20471,True,True,1.97,1.96,1.14,7,False,True
True,False,6,v,chandra,as_1892,1892,"SKINS, FURS, and PELTS","Goat, Undressed",Germany,Number,25597,25507,256939,25597,256939,25507,-90,9->0,19,517223,True,True,0.1,0.1,0.09,4,False,True
True,False,6,q,chandra,as_1898,1895,WOOL,"Goats' wool, or Hair",Natal,Lbs,802000,802090,802000,39725,802090,39725,90,0->9,6,12080144,True,True,0.05,0.05,0.04,6,False,True
True,True,6,v,chandra,as_1899,1897,LIQUORICE,"MANGANESE, Ore of",Canada,Tons,2008,2098,1400,2008,1400,2098,90,0->9,4,51190,True,True,1.43,1.5,2.07,3,False,True
True,False,6,q,infinity,as_1898,1898,WOOLLEN YARN,Cloths,Belgium,,356801,356891,356801,62039,356891,62039,90,0->9,6,6016138,True,True,0.17,0.17,0.17,2,False,True
True,False,6,q,chandra,as_1888,1888,DYE WOODS,Unenumerated,United States of Colombia,Tons,1869,1809,1869,7892,1809,7892,-60,6->0,14,12964,True,True,4.22,4.36,5.13,7,False,True
True,False,6,v,chandra,as_1891,1891,SUCCADES,,Holland,Cwts,4060,4000,1404,4060,1404,4000,-60,6->0,11,156264,True,True,2.89,2.85,2.15,6,False,True
True,False,6,q,chandra,as_1899,1899,METAL,"Unenumerated, Unwrought",Holland,Tons,166,106,166,2901,106,2901,-60,6->0,8,2851,True,True,17.48,27.37,69.65,5,False,True
True,False,6,v,chandra,as_1886,1886,DYE WOODS,Unenumerated,Philippine Islands,Tons,1337,1387,280,1337,280,1387,50,3->8,10,103413,True,True,4.78,4.95,6.1,6,False,True
True,True,6,v,chandra,as_1887,1887,IVORY,East Africa,British Possessions in South Africa,,12237,12287,319,12237,319,12287,50,3->8,8,233065,True,True,38.36,38.52,44.34,5,False,True
True,True,6,v,chandra,as_1888,1888,HORNS and HOOFs,,Other British Possessions,Tons,837,887,38,837,38,887,50,3->8,4,84880,True,True,22.03,23.34,34.84,3,False,True
True,True,6,v,chandra,as_1888,1888,WOOL,Sheep or Lambs',Australasia : Tasmania,,201481,201431,4625800,201481,4625800,201431,-50,8->3,14,22897205,True,True,0.04,0.04,0.04,8,False,True
True,False,6,q,chandra,as_1889,1889,ALKALI,,Belgium,Cwts,7981,7931,7981,1392,7931,1392,-50,8->3,6,36981,True,True,0.17,0.18,0.73,3,False,True
True,True,6,v,chandra,as_1890,1890,Meal and Flour,Wheat Meal or Flour,United States of America : Pacific,Cwts,705636,705686,1296612,705636,1296612,705686,50,3->8,13,8477761,True,True,0.54,0.54,0.58,8,False,True
True,True,6,v,chandra,as_1890,1890,"HIDES, Raw, and Pieces thereof",Dry,France,,7687,7637,2369,7687,2369,7637,-50,8->3,22,311542,True,True,3.24,3.22,2.73,16,False,True
True,True,6,q,chandra,as_1890,1890,MANURES,Guano,Germany,Tons,135,185,135,1300,185,1300,50,3->8,8,26558,True,True,9.63,7.03,6.63,5,False,True
True,True,6,q,chandra,as_1891,1891,WAX,,Morocco,Cwtts,2533,2583,2533,14382,2583,14382,50,3->8,10,27096,True,True,5.68,5.57,5.47,5,False,True
True,False,6,q,chandra,as_1893,1893,WINE,"Red, in Bottles : Still",Italy,Gallons,25584,25534,25584,7161,25534,7161,-50,8->3,7,437777,True,True,0.28,0.28,0.54,5,False,True
True,False,6,q,chandra,as_1893,1893,HAIR,Horse,Denmark,Cwts,236,286,236,1986,286,1986,50,3->8,11,21830,True,True,8.42,6.94,6.87,6,False,True
True,True,6,v,chandra,as_1895,1895,WOOD and TIMBER,Unenumerated,Republic of Colombia,Tons,4936,4986,648,4936,648,4986,50,3->8,16,445796,True,True,7.62,7.69,7.89,9,False,True
True,True,6,q,chandra,as_1898,1897,AMMUNITION,Oxen and Bulls,United States of America,Number,415237,415287,415237,7214736,415287,7214736,50,3->8,3,489181,True,True,17.37,17.37,15.62,2,False,True
True,False,6,v,chandra,as_1898,1894,NUTS AND KERNELS,Castor,France,Cwts,79234,79284,67567,79234,67567,79284,50,3->8,6,119944,True,True,1.17,1.17,1.46,5,False,True
True,True,6,q,chandra,as_1898,1895,PLATE,"Of Silver, gilt or ungilt",Japan,Ozs. troy,1730,1780,1730,722,1780,722,50,3->8,6,59877,True,True,0.42,0.41,0.36,2,False,True
True,False,6,v,chandra,as_1899,1899,WOOD AND TIMBER,"Hewn, Fir",Spain,Loads,24636,24686,31495,24636,31495,24686,50,3->8,11,3120402,True,True,0.78,0.78,1.45,7,False,True
True,True,6,q,chandra,as_1883,1883,ISINGLASS,,British West Indies,,155,185,155,3571,185,3571,30,5->8,11,6146,True,True,23.04,19.3,18.17,9,False,True
True,True,6,v,chandra,as_1885,1885,TIN,"In Blocks, Ingots, Bars, or Slabs",United States of America,Cwts,1917,1947,501,1917,501,1947,30,1->4,7,91171,True,True,3.83,3.89,3.99,3,False,True
True,True,6,q,chandra,as_1888,1888,CAOUTCHouc,East Africa,British East Indies,,21959,21989,21959,196884,21989,196884,30,5->8,9,50174,True,True,8.97,8.95,8.57,7,False,True
True,True,6,v,chandra,as_1892,1892,DYE WOODS,Unenumerated,Nicaragua,Tons,7615,7645,1515,7615,1515,7645,30,1->4,10,46152,True,True,5.03,5.05,5.88,8,False,True
True,True,6,v,chandra,as_1896,1896,"DYE STUFFS (other than Dye Woods), and Substances used in Tanning or Dyeing",Unenumerated,Chile,Cwts,1750,1780,2255,1750,2255,1780,30,5->8,12,197047,True,True,0.78,0.79,1.1,7,False,True
True,True,6,q,chandra,as_1896,1896,FISH (including Turtle),"Cured, Sardines",Italy,Cwts,317,347,317,1848,347,1848,30,1->4,8,174569,True,True,5.83,5.33,2.37,5,False,True
True,True,6,q,chandra,as_1896,1896,IRON,"Iron, Ore of (including Chrome)",Other Foreign Countries,Tons,3654,3684,3654,4297,3684,4297,30,5->8,12,5420175,True,True,1.18,1.17,0.83,9,False,True
True,True,6,q,chandra,as_1896,1896,LEATHER,Dressed,Belgium,Lbs,544251,544281,544251,101311,544281,101311,30,5->8,9,37714834,True,True,0.19,0.19,0.14,8,False,True
True,False,6,v,chandra,as_1897,1896,"CARDS, PLAYING",,France,Dozen Packs,353,383,1781,353,1781,383,30,5->8,7,10505,True,True,0.2,0.22,0.22,3,False,True
True,False,6,v,infinity,as_1875,1875,CHEESE,,Germany,Cwts,21014,21044,7270,21014,7270,21044,30,1->4,7,4709508,True,True,2.89,2.89,2.91,3,False,True
True,True,6,q,infinity,as_1878,1878,"ORE, Unenumerated",,France,Tons,657,687,657,22664,687,22664,30,5->8,8,5983,True,True,34.5,32.99,24.19,4,False,True
True,False,6,v,infinity,as_1884,1884,PAPER,For Printing or Writing,Sweden,Cwts,36652,36682,27747,36652,27747,36682,30,5->8,8,317713,True,True,1.32,1.32,1.62,5,False,True
True,True,6,q,chandra,as_1885,1885,Wood and Timber,Hewn Teak,Madeira,Loads,569,589,569,7766,589,7766,20,6->8,4,5528,True,True,13.65,13.19,13.2,4,False,True
True,True,6,v,chandra,as_1890,1890,COTTON,Yarn,Belgium,Lbs,13869,13889,295490,13869,295490,13889,20,6->8,5,443531,True,True,0.05,0.05,0.05,4,False,True
True,False,6,v,chandra,as_1897,1893,"COPPER, ORE OF",,Australasia : Queensland,Tons,160,169,19,160,19,169,9,0->9,8,196614,True,True,8.42,8.89,12.0,4,False,True
True,False,6,q,chandra,as_1897,1895,ZINC,"Crude, in cakes","Russia, Northern Ports",,100,109,100,1688,109,1688,9,0->9,7,62127,True,True,16.88,15.49,14.25,3,False,True
True,False,6,q,chandra,as_1898,1894,LEAD,Undressed,"Turkey, European",Cwts,10,19,10,106,19,106,9,0->9,18,307336,True,True,10.6,5.58,5.74,3,False,True
True,False,6,v,chandra,as_1899,1895,CORDAGE,Peas,United States of America,Cwts,75050,75059,248726,75050,248726,75059,9,0->9,8,420747,True,True,0.3,0.3,0.31,2,False,True
True,False,6,v,chandra,as_1887,1887,COTTON,Raw,Chile,Cwts,8428,8423,2536,8428,2536,8423,-5,8->3,13,35316557,True,True,3.32,3.32,2.59,7,False,True
True,True,6,v,chandra,as_1888,1888,"RAGS, and other Materials for making Paper","RAGS, WOOLLEN, applicable to other uses than Manure",Holland,Tons,73453,73458,3813,73453,3813,73458,5,3->8,11,650829,True,True,19.26,19.27,19.64,5,False,True
True,True,6,q,chandra,as_1888,1888,SPICES,Ginger,Japan,Cwts,348,343,348,348,343,348,-5,8->3,4,960,True,True,1.0,1.01,1.57,3,False,True
True,False,6,v,chandra,as_1894,1894,Corn and Grain,Buckwheat,Holland,,6018,6013,19161,6018,19161,6013,-5,8->3,4,38539,True,True,0.31,0.31,0.29,3,False,True
True,True,6,q,chandra,as_1896,1896,COTTON,Raw,Bombay,Cwts,347288,347283,347288,639725,347283,639725,-5,8->3,6,595193,True,True,1.84,1.84,1.91,3,False,True
True,True,6,q,chandra,as_1897,1894,"COPPER, ORE OF",,Germany,Tons,63,68,63,665,68,665,5,3->8,14,48316,True,True,10.56,9.78,9.02,10,False,True
True,False,6,v,chandra,as_1898,1894,LEAD,Dressed,Italy,Cwts,22003,22008,2036,22003,2036,22008,5,3->8,9,2953124,True,True,10.81,10.81,15.31,6,False,True
True,False,6,v,chandra,as_1898,1897,NUTS AND KERNELS,Whale Fisheries,Canada,,1463,1468,101,1463,101,1468,5,3->8,4,50023,True,True,14.49,14.53,19.07,2,False,True
True,True,6,q,chandra,as_1898,1898,NUTS AND KERNELS,Animal,Other Foreign Countries,Cwts,53,58,53,97,58,97,5,3->8,6,56628,True,True,1.83,1.67,1.39,3,False,True
True,False,6,v,chandra,as_1899,1899,WOOL,"Goats' wool, Mohair",Other Foreign Countries,,2153,2158,41920,2153,41920,2158,5,3->8,7,911613,True,True,0.05,0.05,0.05,2,False,True
True,False,6,v,chandra,as_1885,1885,FEATHERS,For BEDS,France,Cwts,13525,13528,5707,13525,5707,13528,3,5->8,7,91311,True,True,2.37,2.37,2.93,6,False,True
True,True,6,q,chandra,as_1886,1886,BACON AND HAMS,Bacon,Germany,Cwts,336191,336194,336191,1031746,336194,1031746,3,1->4,6,3066749,True,True,3.07,3.07,2.85,4,False,True
True,False,6,q,chandra,as_1886,1886,LEAD,Pig or Sheet,Greece,Tons,10091,10094,10091,130271,10094,130271,3,1->4,11,105410,True,True,12.91,12.91,12.58,6,False,True
True,False,6,q,chandra,as_1891,1891,Corn and Grain,Maize or Indian Corn,Canada,Cwts,970591,970594,970591,310637,970594,310637,3,1->4,5,1152400,True,True,0.32,0.32,0.29,5,False,True
True,False,6,q,chandra,as_1891,1891,PETROLEUM,,France,,140431,140434,140431,5794,140434,5794,3,1->4,7,130614171,True,True,0.04,0.04,0.04,5,False,True
True,True,6,v,chandra,as_1895,1895,HIDES. Raw. and Pieces thereof,East Coast of Africa,British East Indies : Hong Kong,,1351,1354,698,1351,698,1354,3,1->4,18,808447,True,True,1.94,1.94,2.24,8,False,True
True,True,6,v,chandra,as_1896,1896,"COPPER, Ore of",Part Wrought,Other Foreign Countries,,731,734,16,731,16,734,3,1->4,4,36384,True,True,45.69,45.88,49.99,2,False,True
True,True,6,v,chandra,as_1899,1899,GALLS,,Persia,Cwts,4521,4524,1828,4521,1828,4524,3,1->4,6,68258,True,True,2.47,2.47,2.59,5,False,True
True,True,6,v,infinity,as_1892,1892,FRUIT,Unenumerated : Dried,British East Indies,Cwts,4841,4844,6732,4841,6732,4844,3,1->4,4,8926,True,True,0.72,0.72,1.86,3,False,True
True,True,6,q,infinity,as_1895,1895,FRUIT,Oranges,Turkey,Bushels,199391,199394,199391,72612,199394,72612,3,1->4,10,7697277,True,True,0.36,0.36,0.34,7,False,True
True,True,6,q,chandra,as_1885,1885,METAL,"Unenumerated, Unwrought",Argentine Republic,,16,18,16,15265,18,15265,2,6->8,8,2237,True,True,954.06,848.06,37.09,6,False,True
True,True,6,q,chandra,as_1890,1890,ALKALI,,Other Foreign Countries,Cwts,1866,1868,1866,1801,1868,1801,2,6->8,6,28868,True,True,0.97,0.96,0.94,5,False,True
True,True,5,v,chandra,as_1889,1889,JUTE,Yarn,France,Lbs,39824,89824,2749657,39824,2749657,89824,50000,3->8,4,91888,True,False,0.01,0.03,0.01,1,True,True
True,False,5,q,chandra,as_1890,1890,HATS OR BONNETS,Of Straw,France,Lbs,79412,70412,79412,16302,70412,16302,-9000,9->0,4,466211,True,False,0.21,0.23,0.21,1,True,True
True,False,5,v,chandra,as_1885,1885,"ONIONS, Raw",,Italy,,1097,1997,6931,1097,6931,1997,900,0->9,9,481427,True,False,0.16,0.29,0.16,1,True,True
True,False,5,q,chandra,as_1898,1894,"HORNS, tips and pieces of Horns and Hoofs",Yarn,France,,2000937,2000037,2000937,53140,2000037,53140,-900,9->0,4,2117153,True,False,0.03,0.03,0.02,1,True,True
True,False,5,v,chandra,as_1898,1898,NUTS AND KERNELS,Whale Fisheries,Canada,,4652,4052,232,4652,232,4052,-600,6->0,5,97954,True,False,20.05,17.47,20.05,1,True,True
True,True,5,q,chandra,as_1899,1898,METAL,"Unenumerated, Old, fit only to be Re-manufactured—cont.",British East Indies : Madras,Tons,4686,4086,4686,31364,4086,31364,-600,6->0,6,11021,True,False,6.69,7.68,7.0,1,True,True
True,False,5,v,chandra,as_1889,1889,MANURES,Phosphate of Lime and Rock,Portugal,Tons,7599,7509,3799,7599,3799,7509,-90,9->0,8,619327,True,False,2.0,1.98,3.37,1,True,True
True,False,5,v,chandra,as_1894,1894,Fruit,Unenumerated : Dried,British East Indies,Cwtts,1192,1102,1754,1192,1754,1102,-90,9->0,3,7214,True,False,0.68,0.63,1.81,1,True,True
True,True,5,q,chandra,as_1899,1898,EGGS,,Channel Islands,Gt. Hunds,5568,5508,5568,2049,5508,2049,-60,6->0,3,752713,True,False,0.37,0.37,0.34,1,True,True
True,False,5,v,chandra,as_1892,1892,SILK,Raw,Australasia : New South Wales,Lbs,69,60,112,69,112,60,-9,9->0,3,193308,True,False,0.62,0.54,0.62,1,True,True
True,True,5,q,chandra,as_1898,1894,LEATHER MANUFACTURES,Boots and Shoes,Holland,,22329,22320,22329,71437,22320,71437,-9,9->0,6,115080,True,False,3.2,3.2,3.2,1,True,True
True,False,5,v,chandra,as_1898,1894,"SILVER, Ore of, or Ore of which the greater part in Value is Silver",Eastern Coast of Africa,British East Indies,,1059,1050,10470,1059,10470,1050,-9,9->0,13,1139957,True,False,0.1,0.1,0.12,1,True,True
True,False,5,v,infinity,as_1899,1898,"CARDS, PLAYING",Figs and Fig Cake,France,Cwts,2810,2819,2105,2810,2105,2819,9,0->9,8,133002,True,False,1.33,1.34,1.33,1,True,True
True,False,5,v,chandra,as_1899,1899,CAOUTCHOUIC,Manufactures of,Canada,Lbs,1508,1503,33728,1508,33728,1503,-5,8->3,3,2018,True,False,0.04,0.04,0.06,1,True,True
True,True,5,q,chandra,as_1888,1888,WOOL,Goats' Wool or Hair,Russia,Lbs,547592,847592,547592,15434,847592,15434,300000,5->8,9,10524499,True,False,0.03,0.02,0.03,5,False,True
True,True,5,q,chandra,as_1885,1885,Corn and Grain,Maize or Indian Corn,Morocco,Cwts,338733,538733,338733,156921,538733,156921,200000,3->5,13,30559795,True,True,0.46,0.29,0.28,7,False,True
True,True,5,q,chandra,as_1890,1890,LEATHER,Dressed,Belgium,Lbs,397811,337811,397811,53541,337811,53541,-60000,9->3,8,29801086,True,False,0.13,0.16,0.14,4,False,True
True,True,5,q,chandra,as_1899,1899,CORDAGE,Rye,United States of America,Cwts,408400,468400,408400,134102,468400,134102,60000,0->6,6,983430,True,False,0.33,0.29,0.31,4,False,True
True,False,5,q,chandra,as_1886,1886,Eggs,,Denmark,Great Hundreds,634851,684851,634851,208073,684851,208073,50000,3->8,8,8611920,True,False,0.33,0.3,0.33,5,False,True
True,True,5,q,chandra,as_1890,1890,"SKINS, FURS, and PELTS",Furs,United States of America,Number,2033504,2083504,2033504,177377,2083504,177377,50000,3->8,10,8854983,True,False,0.09,0.09,0.09,5,False,True
True,True,5,q,chandra,as_1885,1885,"Dye Stuffs, and Substances used in Tanning",Unenumerated,United States of Colombia,Gwts,50581,80581,50581,37961,80581,37961,30000,5->8,12,235830,True,False,0.75,0.47,2.06,5,False,True
True,True,5,q,chandra,as_1887,1887,"BUTTONS AND STUDS, NOT OF METAL",,Germany,Gross,750167,780167,750167,65132,780167,65132,30000,5->8,5,3460723,True,False,0.09,0.08,0.09,4,False,True
True,True,5,v,chandra,as_1889,1889,WINE,"White, in Casks",Germany,,46916,16916,140234,46916,140234,16916,-30000,4->1,4,926299,True,False,0.33,0.12,0.33,2,False,True
True,True,5,q,chandra,as_1897,1896,GLASS,Leaves of,Holland,Number,484500,454500,484500,995,454500,995,-30000,8->5,5,70453026,True,False,0.0,0.0,0.0,5,False,True
True,True,5,q,chandra,as_1897,1896,GLASS,Leaves of,United States of America : On the Atlantic,Number,85000,55000,85000,160,55000,160,-30000,8->5,5,70453026,True,False,0.0,0.0,0.0,5,False,True
True,True,5,v,chandra,as_1894,1894,COPPER,"Unwrought, in bars, blocks or slabs, cakes or ingots",Chile,Tons,531508,551508,13672,531508,13672,551508,20000,3->5,9,2048053,True,True,38.88,40.34,40.86,6,False,True
True,False,5,q,chandra,as_1894,1894,LEATHER,Dressed,Australasia : New South Wales,Lbs,69787,60787,69787,4272,60787,4272,-9000,9->0,7,1544770,True,False,0.06,0.07,0.05,2,False,True
True,False,5,v,chandra,as_1898,1894,WINE,In Casks,Italy,,79571,70571,402836,79571,402836,70571,-9000,9->0,14,2636737,True,False,0.2,0.18,0.2,2,False,True
True,False,5,q,chandra,as_1888,1888,HAIR MANUFACTURES,Of Other Materials,Java,Number,19500,13500,19500,688,13500,688,-6000,9->3,7,4107014,True,False,0.04,0.05,0.01,4,False,True
True,False,5,v,chandra,as_1878,1878,Corn and Grain,Wheat,Spain,Cwts,33263,38263,55896,33263,55896,38263,5000,3->8,17,27433444,True,False,0.6,0.68,0.54,9,False,True
True,True,5,q,chandra,as_1887,1887,COTTON MANUFACTURES,Other than Muslins,Belgium,Yards,12893154,12898154,12893154,205722,12898154,205722,5000,3->8,7,51018143,True,False,0.02,0.02,0.02,5,False,True
True,True,5,q,chandra,as_1889,1889,SPIRITS,Rum,Germany,Proof Gallons,273660,278660,273660,16730,278660,16730,5000,3->8,4,465485,True,False,0.06,0.06,0.11,2,False,True
True,True,5,v,chandra,as_1890,1890,WOOL,"Other Kinds, and Flocks",Holland,Lbs,3169,8169,95109,3169,95109,8169,5000,3->8,7,149979,True,False,0.03,0.09,0.03,7,False,True
True,True,5,v,chandra,as_1893,1893,WOOD and TIMBER,Mahogany,Germany,Tons,28944,23944,3416,28944,3416,23944,-5000,8->3,10,331231,True,False,8.47,7.01,9.05,6,False,True
True,True,5,q,chandra,as_1894,1894,Corn and Grain,Wheat,United States of America : On the Atlantic,Cwts,15778828,15773828,15778828,4356090,15773828,4356090,-5000,8->3,13,58071243,True,False,0.28,0.28,0.27,6,False,True
True,True,5,v,chandra,as_1896,1896,SKINS and FURS,"Furs, Rabbit Skins",Victoria,Number,68920,63920,11305020,68920,11305020,63920,-5000,8->3,6,162992,True,False,0.01,0.01,0.01,3,False,True
True,True,5,q,chandra,as_1896,1896,WOOL,Sheep or Lambs',Natal,Lbs,21223250,21228250,21223250,600801,21228250,600801,5000,3->8,15,616895464,True,False,0.03,0.03,0.03,7,False,True
True,True,5,q,chandra,as_1899,1897,SUGAR,"Unrefined, Cane, and other Sorts",Danish West India Islands,Cwts,33550,38550,33550,15713,38550,15713,5000,3->8,18,3179824,True,False,0.47,0.41,0.5,11,False,True
True,True,5,v,chandra,as_1872,1872,COTTON MANUFACTURES,"DYE STUFFS, Unenumerated",Belgium,,25607,28607,1111,25607,1111,28607,3000,5->8,16,526001,True,False,23.05,25.75,2.3,11,False,True
True,False,5,v,chandra,as_1884,1884,"CHEMICAL MANUFACTURES and PRODUCTS, Unenumerated",,Japan,Cwts,25294,28294,5077,25294,5077,28294,3000,5->8,11,550600,True,False,4.98,5.57,4.98,11,False,True
True,False,5,q,chandra,as_1885,1885,"SKINS, FURS, and PELTS","Goat, Undressed",United States of America,Number,61253,64253,61253,5651,64253,5651,3000,1->4,13,960659,True,False,0.09,0.09,0.1,12,False,True
True,True,5,q,chandra,as_1887,1887,ALKALI,,Holland,Gwts,21345,24345,21345,6569,24345,6569,3000,1->4,5,48816,True,False,0.31,0.27,0.88,4,False,True
True,False,5,q,chandra,as_1891,1891,Meal and Flour,Wheat Meal or Flour,Germany,Cwts,361476,364476,361476,218413,364476,218413,3000,1->4,10,15530977,True,False,0.6,0.6,0.6,8,False,True
True,False,5,q,chandra,as_1894,1894,Eggs,,Denmark,Great Hundreds,1251914,1254914,1251914,422790,1254914,422790,3000,1->4,12,11601520,True,False,0.34,0.34,0.34,9,False,True
True,False,5,q,chandra,as_1896,1896,"HIDES, Raw, and Pieces thereof",East-Coast of Africa,New South Wales,,5137,8137,5137,13854,8137,13854,3000,5->8,14,250961,True,False,2.7,1.7,2.33,8,False,True
True,True,5,q,infinity,as_1885,1885,SUGAR,Refined; Total of,Holland,,1268522,1265522,1268522,1165899,1265522,1165899,-3000,8->5,7,5325630,True,False,0.92,0.92,0.91,4,False,True
True,False,5,q,chandra,as_1892,1892,FRUIT,Unenumerated : Preserved without     Sugar,Australasia,Lbs,75995,73995,75995,488,73995,488,-2000,5->3,5,1078665,True,True,0.01,0.01,0.01,4,False,True
True,True,5,v,chandra,as_1890,1890,METAL,Unenumerated : Unwrought,Australasia,Tons,5889,6889,162,5889,162,6889,1000,5->6,3,9755,True,False,36.35,42.52,36.35,2,False,True
True,True,5,v,chandra,as_1894,1894,Eggs,,Portugal,Great Hundreds,15233,16233,43393,15233,43393,16233,1000,5->6,12,3687069,True,False,0.35,0.37,0.34,11,False,True
True,True,5,q,chandra,as_1895,1895,WOOD and TIMBER,"Hewn, Oak",Germany,Loads,29880,28880,29880,134683,28880,134683,-1000,9->8,5,90232,True,True,4.51,4.66,4.97,3,False,True
True,False,5,q,chandra,as_1891,1891,WOOD and TIMBER,Staves,Austrian Territories,Loads,1937,1037,1937,10618,1037,10618,-900,9->0,9,127817,True,False,5.48,10.24,5.48,2,False,True
True,True,5,v,chandra,as_1888,1888,"LEATHER, Undressed",,Australasia : Victoria,Lbs,119931,119331,2777487,119931,2777487,119331,-600,9->3,16,2567249,True,False,0.04,0.04,0.05,6,False,True
True,False,5,v,chandra,as_1890,1890,"COPPER, Ore of","Unwrought, in bars, blocks, slabs, cakes, or ingots",Chile,Tons,1072666,1072066,19716,1072666,19716,1072066,-600,6->0,8,1978965,True,False,54.41,54.38,55.92,4,False,True
True,False,5,v,chandra,as_1896,1896,"CORN, GRAIN, MEAL, AND FLOUR",Beans (not Kidney or French),Turkey,Cwts,228655,228055,932660,228655,932660,228055,-600,6->0,10,828403,True,False,0.25,0.24,0.29,5,False,True
True,False,5,q,chandra,as_1898,1895,Cotton,Tares and Lentils,Sweden,Bushels,9692,9092,9692,2700,9092,2700,-600,6->0,10,473430,True,False,0.28,0.3,0.2,6,False,True
True,False,5,v,chandra,as_1886,1886,RAGS and other MATERIALS for MAKING PAPER,Linen and Cotton,Belgium,Tons,108357,108857,8730,108357,8730,108857,500,3->8,9,450109,True,False,12.41,12.47,12.0,5,False,True
True,False,5,v,chandra,as_1887,1887,COPPER,"Old, fit only to be re-manufactured",Germany,Tons,11828,11328,411,11828,411,11328,-500,8->3,8,44762,True,False,28.78,27.56,28.78,5,False,True
True,True,5,q,chandra,as_1887,1887,Corn and Grain,Pease,Russia,Cwts,247350,247850,247350,69808,247850,69808,500,3->8,7,1322587,True,False,0.28,0.28,0.3,2,False,True
True,True,5,q,chandra,as_1887,1887,FISH,Fresh (not of British taking),Norway,Owts,268390,268890,268390,153668,268890,153668,500,3->8,9,918517,True,False,0.57,0.57,1.23,6,False,True
True,True,5,q,chandra,as_1889,1889,PLATE,"Of Silver, Gilt or Ungilt",Holland,Oz. Troy,18326,18826,18326,6141,18826,6141,500,3->8,8,109852,True,False,0.34,0.33,0.44,5,False,True
True,True,5,v,chandra,as_1889,1889,CHEESE,,Other Foreign Countries,Cwts,2339,2839,990,2339,990,2839,500,3->8,8,2907754,True,False,2.36,2.87,2.47,5,False,True
True,False,5,v,chandra,as_1889,1889,"RAGS, and other MATERIALS for MAKING PAPER",Linen and Cotton,Denmark,Tons,4308,4808,357,4308,357,4808,500,3->8,12,413259,True,False,12.07,13.47,10.2,6,False,True
True,False,5,v,chandra,as_1890,1890,"RAGS, WOOLLEN, applicable to other uses than Manure",,Australasia,Tons,5379,5879,335,5379,335,5879,500,3->8,3,8088,True,False,16.06,17.55,16.06,2,False,True
True,True,5,v,chandra,as_1894,1894,DYE WOODS,Spanish Possessions,British East Indies,,5814,5314,1131,5814,1131,5314,-500,8->3,3,16106,True,False,5.14,4.7,5.21,2,False,True
True,False,5,v,chandra,as_1894,1894,PAPER-MAKING MATERIALS,Linen and Cotton Rags,Germany,Tons,45334,45834,3707,45334,3707,45834,500,3->8,8,188092,True,False,12.23,12.36,8.91,7,False,True
True,False,5,v,chandra,as_1894,1894,PAPER-MAKING MATERIALS,Linen and Cotton Rags,Holland,Tons,27394,27894,3074,27394,3074,27894,500,3->8,8,188092,True,False,8.91,9.07,8.91,7,False,True
True,True,5,v,chandra,as_1894,1894,Cotton,"Garden, unenumerated",Germany,Lbs,28848,28348,690446,28848,690446,28348,-500,8->3,7,126175,True,False,0.04,0.04,0.04,4,False,True
True,True,5,v,chandra,as_1896,1896,BEEF,Fresh,New Zealand,Cwts,41304,41804,28803,41304,28803,41804,500,3->8,5,738886,True,False,1.43,1.45,1.43,3,False,True
True,True,5,v,chandra,as_1896,1896,SKINS and FURS,"Goat, Undressed",Turkey,Number,20304,20804,224516,20304,224516,20804,500,3->8,19,451538,True,False,0.09,0.09,0.09,8,False,True
True,False,5,v,chandra,as_1897,1894,SALTPETRE (Nitrate of Potash),Rape,Germany,Quarters,12391,12891,7014,12391,7014,12891,500,3->8,7,203341,True,False,1.77,1.84,1.67,4,False,True
True,False,5,q,chandra,as_1899,1898,COFFEE,Raw,Republic of Colombia,Cwts,107387,107887,107387,402861,107887,402861,500,3->8,20,765453,True,False,3.75,3.73,3.84,11,False,True
True,True,5,v,infinity,as_1890,1890,PAPER,Unenumerated,Denmark,,17851,17351,15863,17851,15863,17351,-500,8->3,13,1070380,True,False,1.13,1.09,1.66,4,False,True
True,True,5,q,chandra,as_1885,1885,CAOUTCHouc,Manufactures of,France,Lbs,271559,271859,271559,32214,271859,32214,300,5->8,6,3131872,True,False,0.12,0.12,0.13,5,False,True
True,True,5,v,chandra,as_1885,1885,WHALEBONE (Whalefins),,Holland,Cwts,19145,19445,182,19145,182,19445,300,1->4,7,119639,True,False,105.19,106.84,54.26,6,False,True
True,False,5,q,chandra,as_1887,1887,HIDES. Raw. and Pieces thereof,Wet,Holland,Cwts,22552,22852,22552,52817,22852,52817,300,5->8,16,427088,True,False,2.34,2.31,2.41,13,False,True
True,True,5,v,chandra,as_1888,1888,"FLOWERS, Artificial","Apples, Raw",Spain,Bushels,1566,1866,6437,1566,6437,1866,300,5->8,8,753767,True,False,0.24,0.29,0.26,6,False,True
True,True,5,v,chandra,as_1888,1888,WOOL,Goats' Wool or Hair,Turkey,Lbs,413575,413875,8010060,413575,8010060,413875,300,5->8,9,473844,True,False,0.05,0.05,0.03,7,False,True
True,True,5,q,chandra,as_1893,1893,WINE,"White, in Casks",United States of America,Gallons,9561,9861,9561,1588,9861,1588,300,5->8,11,2743804,True,False,0.17,0.16,0.21,7,False,True
True,False,5,q,chandra,as_1893,1893,Corn and Grain,Pease,British East Indies : Bengal,,299549,299849,299549,85830,299849,85830,300,5->8,6,1425110,True,False,0.29,0.29,0.32,5,False,True
True,True,5,v,chandra,as_1897,1896,"COPPER, ORE OF",,Norway,Tons,12873,12573,1813,12873,1813,12573,-300,8->5,15,227510,True,False,7.1,6.93,9.83,10,False,True
True,False,5,q,chandra,as_1897,1894,MEAT,"Unenumerated, Salted or Fresh",Australasia : New South Wales,Cwts,1532,1832,1532,4959,1832,4959,300,5->8,5,11240,True,False,3.24,2.71,3.24,4,False,True
True,True,5,v,chandra,as_1897,1895,WOOD AND TIMBER,"Hewn, Fir",Canada,Loads,306803,306503,69927,306803,69927,306503,-300,8->5,3,307532,True,False,4.39,4.38,4.39,3,False,True
True,True,5,v,chandra,as_1897,1894,WOOL,"Alpaca, Vicuña, and Llama",Other Foreign Countries,,2532,2832,34856,2532,34856,2832,300,5->8,5,251318,True,False,0.07,0.08,0.05,5,False,True
True,True,5,q,chandra,as_1897,1893,"COCOA OR CHOCOLATE, GROUND, PREPARED, OR IN ANY WAY MANUFACTURED",,United States of America,Lbs,4553,4853,4553,335,4853,335,300,5->8,6,2619410,True,False,0.07,0.07,0.1,5,False,True
True,True,5,v,infinity,as_1895,1895,"ANIMALS, LIVING",Stallions,United States of America,No,34153,34453,73,34153,73,34453,300,1->4,6,56760,True,False,467.85,471.96,57.46,4,False,True
True,True,5,v,chandra,as_1888,1888,ZINC,"Manufactures, Unenumerated",France,Cwts,2508,2308,1656,2508,1656,2308,-200,5->3,5,368688,True,True,1.51,1.39,1.03,3,False,True
True,True,5,q,infinity,as_1874,1874,SPICES,Ginger (Raw),Bengal and Burmah,Cwts,8611,8811,8611,24269,8811,24269,200,6->8,6,38838,True,False,2.82,2.75,2.99,4,False,True
True,True,5,q,chandra,as_1885,1885,ALKALI,,Holland,Cwts,16943,16843,16943,5501,16843,5501,-100,9->8,5,46491,True,True,0.32,0.33,0.95,5,False,True
True,True,5,v,chandra,as_1890,1890,"RAGS, WOOLLEN, applicable to other uses than Manure",,Denmark,Tons,46660,46560,2333,46660,2333,46560,-100,6->5,12,708291,True,False,20.0,19.96,20.44,10,False,True
True,True,5,q,chandra,as_1892,1892,"HIDES, Raw, and Pieces thereof",Dry,British East Indies : Bengal,Cwts,134616,134516,134616,346221,134516,346221,-100,6->5,19,272176,True,False,2.57,2.57,2.08,17,False,True
True,True,5,v,chandra,as_1892,1892,PLUMBAGO,,Italy,Tons,1694,1594,288,1694,288,1594,-100,6->5,5,57836,True,False,5.88,5.53,14.9,5,False,True
True,True,5,q,chandra,as_1895,1895,GLASS,Bottles,France,Gross,156577,156677,156577,73280,156677,73280,100,5->6,7,750706,True,False,0.47,0.47,0.47,6,False,True
True,True,5,q,chandra,as_1897,1894,"CARDS, PLAYING",,United States of America,Dozen Packs,14675,14575,14675,4604,14575,4604,-100,6->5,5,31725,True,False,0.31,0.32,0.22,5,False,True
True,True,5,q,chandra,as_1898,1898,LATES,"In Blocks, Ingots, Bars, or Slabs",British East Indies : Bombay,Cwts,14900,14800,14900,47381,14800,47381,-100,9->8,7,377840,True,True,3.18,3.2,3.45,6,False,True
True,True,5,v,chandra,as_1899,1899,WINE,"in Bottles, Still",British Possessions in South Africa,Gallons,1315,1215,2363,1315,2363,1215,-100,3->2,4,7570,True,False,0.56,0.51,0.64,4,False,True
True,True,5,q,infinity,as_1877,1877,"SKINS, FURS, AND PELTS","Unenumerated, being Furs",France,Number,180699,180599,180699,32088,180599,32088,-100,6->5,10,7231374,True,False,0.18,0.18,0.11,9,False,True
True,False,5,q,chandra,as_1891,1891,"SKINS, FURS, and PELTS",Furs,Japan,Number,115492,115402,115492,15441,115402,15441,-90,9->0,12,10440418,True,False,0.13,0.13,0.06,4,False,True
True,False,5,v,chandra,as_1899,1896,LIQUORICE,"MANGANESE, Ore of",Other Foreign Countries,Tons,205,295,45,205,45,295,90,0->9,14,339747,True,False,4.56,6.56,2.54,3,False,True
True,True,5,q,chandra,as_1878,1878,Corn and Grain,Wheat,Southern Ports,Cwts,4895834,4895894,4895834,2276723,4895894,2276723,60,3->9,17,49906484,True,False,0.47,0.47,0.54,7,False,True
True,False,5,v,chandra,as_1891,1891,"ANIMALS, LIVING",Stallions : Mares,Other Foreign Countries,No,661,601,30,661,30,601,-60,6->0,8,59698,True,False,22.03,20.03,31.55,2,False,True
True,False,5,v,chandra,as_1893,1893,LEATHER,Undressed,United States of America,Lbs,835965,835905,26979560,835965,26979560,835905,-60,6->0,11,905690,True,False,0.03,0.03,0.05,7,False,True
True,False,5,v,chandra,as_1894,1894,Corn and Grain,Pease,British East Indies : Bengal,Cwts,74561,74501,293819,74561,293819,74501,-60,6->0,6,337569,True,False,0.25,0.25,0.29,3,False,True
True,False,5,v,chandra,as_1898,1896,"HORNS, tips and pieces of Horns and Hoofs",Ore of (including Chrome),Sweden,Tons,60365,60305,82429,60365,82429,60305,-60,6->0,17,3702784,True,False,0.73,0.73,0.95,7,False,True
True,False,5,q,chandra,as_1898,1895,LEAD,Dressed,France,Cwts,53402,53462,53402,833344,53462,833344,60,0->6,9,331112,True,False,15.61,15.59,15.61,3,False,True
True,False,5,q,chandra,as_1899,1897,"COPPER, ORE OF","Old, fit only to be re-manu- factured",Sweden,Tons,221,281,221,9950,281,9950,60,2->8,14,2935,True,True,45.02,35.41,34.77,6,False,True
True,True,5,q,chandra,as_1899,1897,"COPPER, ORE OF","Unwrought, in bars, blocks or slabs, cakes or ingots",Mexico,Tons,2660,2600,2660,133110,2600,133110,-60,6->0,15,50305,True,False,50.04,51.2,50.04,4,False,True
True,False,5,q,chandra,as_1899,1896,FRUIT,"Liqueurs, Cordials, &c., not tested, for ascertaining the strength",Holland,Gallons,1265,1205,1265,1330,1205,1330,-60,6->0,8,13484,True,False,1.05,1.1,1.05,4,False,True
True,False,5,q,infinity,as_1899,1899,"CARDS, PLAYING",Figs and Fig Cake,Italy,Cwts,609,669,609,586,669,586,60,0->6,8,143551,True,False,0.96,0.88,1.16,5,False,True
True,True,5,v,chandra,as_1886,1886,COTTON,Waste of,United States of America,Lbs,32939,32989,2718634,32939,2718634,32989,50,3->8,7,123794,True,False,0.01,0.01,0.01,3,False,True
True,False,5,v,chandra,as_1886,1886,"HIDES, Raw, or Pieces thereof",Wet,Italy,Cwts,37239,37289,12887,37239,12887,37289,50,3->8,16,1050248,True,False,2.89,2.89,2.54,9,False,True
True,False,5,q,chandra,as_1887,1887,DRUGS,Opium,Other Foreign Countries,Lbs,2838,2888,2838,1771,2888,1771,50,3->8,9,545923,True,False,0.62,0.61,0.64,6,False,True
True,True,5,v,chandra,as_1888,1888,PAPER,Hangings,France,Cwts,28431,28481,3943,28431,3943,28481,50,3->8,7,44075,True,False,7.21,7.22,4.76,4,False,True
True,False,5,v,chandra,as_1889,1889,WINE,"White, in Bottles—Still",Other British Possessions,,481,431,867,481,867,431,-50,8->3,4,2462,True,False,0.55,0.5,0.55,3,False,True
True,True,5,q,chandra,as_1889,1889,"DYE STUFFS, and Substances used in Tanning",Cutch and Gambier,British East Indies : Burmah,Tons,7532,7582,7532,188258,7582,188258,50,3->8,5,24659,True,False,24.99,24.83,27.09,2,False,True
True,True,5,v,chandra,as_1889,1889,DYE WOODS,Unenumerated,Brazil,Tons,10532,10582,1675,10532,1675,10582,50,3->8,14,80461,True,False,6.29,6.32,5.65,9,False,True
True,False,5,v,chandra,as_1889,1889,"ORE, unenumerated",,Germany,Tons,9487,9437,477,9487,477,9437,-50,8->3,16,274667,True,False,19.89,19.78,23.45,9,False,True
True,False,5,q,chandra,as_1889,1889,PAPER,For Printing or Writing,France,Cwts,4482,4432,4482,18838,4432,18838,-50,8->3,13,293858,True,False,4.2,4.25,1.51,7,False,True
True,True,5,v,chandra,as_1889,1889,ZINC,"Manufactures, Unenumerated",Germany,Owts,93183,93133,88856,93183,88856,93133,-50,8->3,5,416211,True,False,1.05,1.05,1.08,3,False,True
True,False,5,q,chandra,as_1890,1890,ASPHALT or BITUMEN,,France,,9333,9383,9333,26693,9383,26693,50,3->8,5,15743,True,False,2.86,2.84,2.86,3,False,True
True,True,5,v,chandra,as_1890,1890,FEATHERS,For Beds,Holland,Cwts,7839,7889,1722,7839,1722,7889,50,3->8,6,105958,True,False,4.55,4.58,4.04,3,False,True
True,False,5,v,chandra,as_1890,1890,GUM,Arabic,Brazil,Cwts,682,632,480,682,480,632,-50,8->3,12,74465,True,False,1.42,1.32,3.39,5,False,True
True,True,5,v,chandra,as_1890,1890,LEATHER,Undressed,China,Lbs,1631,1681,23286,1631,23286,1681,50,3->8,13,980467,True,False,0.07,0.07,0.04,11,False,True
True,True,5,q,chandra,as_1890,1890,TIN,"In Blocks, Ingots, Bars, or Slabs",British East Indies : Straits Settlements,Cwts,369936,369986,369936,1745412,369986,1745412,50,3->8,8,509197,True,False,4.72,4.72,4.72,6,False,True
True,False,5,q,chandra,as_1891,1891,"SKINS, FURS, and PELTS",Furs,British North America,Number,1334181,1334131,1334181,263291,1334131,263291,-50,8->3,10,28717886,True,False,0.2,0.2,0.05,6,False,True
True,True,5,q,chandra,as_1892,1892,ROSIN,SAGO and SAGO FLOUR,China,Cwts,3638,3688,3638,1764,3688,1764,50,3->8,3,8560,True,False,0.48,0.48,0.61,3,False,True
True,False,5,v,chandra,as_1899,1899,BEEF,Fresh,Canada,Cwts,178234,178284,90238,178234,90238,178284,50,3->8,7,1303224,True,False,1.98,1.98,1.9,6,False,True
True,False,5,v,chandra,as_1899,1899,IRON,Ore of (including Chrome),Germany,Tons,2232,2282,2791,2232,2791,2282,50,3->8,16,5313615,True,False,0.8,0.82,0.8,13,False,True
True,True,5,v,chandra,as_1889,1889,"RAGS, and other MATERIALS for MAKING PAPER","RAGS, WOOLLEN, applicable to other uses than Manure",Egypt,Tons,6951,6991,604,6951,604,6991,40,5->9,12,661264,True,True,11.51,11.57,20.34,7,False,True
True,True,5,q,chandra,as_1886,1886,"HEMP, Dressed or Undressed","Tow, or Codilla of",Other Foreign Countries,Cwts,2618,2648,2618,2188,2648,2188,30,1->4,5,71645,True,False,0.84,0.83,1.07,4,False,True
True,True,5,v,chandra,as_1887,1887,PARAFFINE,"PERFUMERY, and Articles used in the Manufacture thereof",France,Lbs,37610,37640,315082,37610,315082,37640,30,1->4,8,127299,True,False,0.12,0.12,0.09,6,False,True
True,True,5,v,chandra,as_1887,1887,RAGS and other MATERIALS for MAKING PAPER,Linen and Cotton,France,Tons,62613,62643,5572,62613,5572,62643,30,1->4,10,459932,True,False,11.24,11.24,11.24,9,False,True
True,True,5,q,chandra,as_1888,1888,FISH,Cured or Salted,Holland,Cwts,18818,18848,18818,19531,18848,19531,30,1->4,12,627645,True,False,1.04,1.04,2.2,9,False,True
True,False,5,q,chandra,as_1889,1889,"MEAT, unenumerated","Preserved, otherwise than by Salting",Other Foreign Countries,Cwts,512,542,512,1085,542,1085,30,1->4,10,515415,True,False,2.12,2.0,3.38,8,False,True
True,False,5,q,chandra,as_1891,1891,Corn and Grain,Beans,Portugal,,59815,59845,59815,15416,59845,15416,30,1->4,13,3623414,True,False,0.26,0.26,0.35,11,False,True
True,True,5,v,chandra,as_1891,1891,"PICKLES and VEGETABLES, preserved in Salt or Vinegar",,Other Foreign Countries,,618,648,5816,618,5816,648,30,1->4,5,143831,True,False,0.11,0.11,0.08,3,False,True
True,True,5,q,chandra,as_1892,1892,BACON AND HAMS,Bacon,Other Foreign Countries,Cwts,1517,1547,1517,3038,1547,3038,30,1->4,7,3642232,True,False,2.0,1.96,2.55,4,False,True
True,False,5,q,chandra,as_1892,1892,WHALEBONE (Whalefins),,France,Cwts,1813,1843,1813,82078,1843,82078,30,1->4,9,4500,True,False,45.27,44.53,45.27,8,False,True
True,True,5,q,chandra,as_1893,1893,FRUIT,"Grapes, Raw",Portugal,Bushels,57010,57040,57010,22809,57040,22809,30,1->4,6,925140,True,False,0.4,0.4,0.72,6,False,True
True,True,5,q,chandra,as_1895,1895,ASPHALT or BITUMEN,,Germany,Tons,6617,6647,6617,18573,6647,18573,30,1->4,4,21489,True,False,2.81,2.79,2.81,3,False,True
True,False,5,v,chandra,as_1895,1895,FRUIT,"Apples, Raw",Australasia : Other Colonies,Bushels,958,988,2021,958,2021,988,30,5->8,6,365729,True,False,0.47,0.49,0.47,3,False,True
True,True,5,q,chandra,as_1897,1896,"COPPER, ORE OF","Unwrought, in bars, blocks or slabs, cakes or ingots",Australasia : South Australia,Tons,1150,1180,1150,55224,1180,55224,30,5->8,6,7997,True,False,48.02,46.8,47.93,4,False,True
True,True,5,v,chandra,as_1897,1893,GLASS,Leaves of,Germany,Number,89,59,54000,89,54000,59,-30,8->5,4,162451,True,False,0.0,0.0,0.0,2,False,True
True,True,5,v,chandra,as_1898,1897,"COPPER, ORE OF",Opium,Other Foreign Countries,Lbs,633,603,1290,633,1290,603,-30,3->0,8,199869,True,True,0.49,0.47,0.47,8,False,True
True,True,5,v,chandra,as_1899,1899,"ANIMALS, LIVING",Mares,Cape of Good Hope,Number,1450,1480,4,1450,4,1480,30,5->8,6,36656,True,False,362.5,370.0,50.0,6,False,True
True,True,5,v,chandra,as_1899,1897,EGGS,,Denmark,Gt. Hunds,596252,596282,1748800,596252,1748800,596282,30,5->8,15,4148653,True,False,0.34,0.34,0.31,7,False,True
True,True,5,v,chandra,as_1899,1899,PORK,Fresh,Australasia,Cwts,50,80,32,50,32,80,30,5->8,3,8445,True,False,1.56,2.5,1.92,3,False,True
True,True,5,v,chandra,as_1893,1893,LEATHER,Undressed,Canada,Lbs,38030,38050,1253370,38030,1253370,38050,20,3->5,13,2645125,True,True,0.03,0.03,0.04,9,False,True
True,False,5,q,chandra,as_1894,1894,LEATHER,Undressed,British East Indies : Ceylon,Lbs,275173,275153,275173,9611,275153,9611,-20,7->5,16,51954189,True,True,0.03,0.03,0.04,14,False,True
True,True,5,q,chandra,as_1896,1896,MANURES,Unenumerated,Other Foreign Countries,Tons,465,485,465,1258,485,1258,20,6->8,8,82825,True,False,2.71,2.59,5.75,8,False,True
True,True,5,v,chandra,as_1897,1894,MEAT,"Unenumerated, Salted or Fresh",Australasia : New Zealand,Cwts,8238,8258,2916,8238,2916,8258,20,3->5,5,33275,True,True,2.83,2.83,3.24,4,False,True
True,True,5,q,infinity,as_1876,1876,"SKINS, FURS, AND PEELTS","Sheep and Lamb, Undressed",United States of America,Number,59560,59580,59560,4870,59580,4870,20,6->8,12,7598967,True,False,0.08,0.08,0.12,8,False,True
True,True,5,q,infinity,as_1878,1878,"HIDES, not Tanned, Tawed, Curried, or in any way Dressed",Dry,Holland,Cwts,15562,15582,15562,45682,15582,45682,20,6->8,12,564357,True,False,2.94,2.93,3.23,10,False,True
True,True,5,v,chandra,as_1885,1885,MANURES,Guano,Other Foreign Countries,Tons,1168,1158,256,1168,256,1158,-10,6->5,8,190048,True,False,4.56,4.52,9.09,7,False,True
True,True,5,q,chandra,as_1888,1888,PAPER,Hangings,Other Foreign Countries,Cwts,557,567,557,644,567,644,10,5->6,7,7199,True,False,1.16,1.14,4.76,7,False,True
True,True,5,v,chandra,as_1890,1890,IRON,"Steel, Unwrought",Austrian Territories,Tons,955,965,42,955,42,965,10,5->6,7,85429,True,False,22.74,22.98,11.69,6,False,True
True,True,5,q,chandra,as_1894,1894,MANURES,Guano,Germany,Tons,1765,1755,1765,9825,1755,9825,-10,6->5,9,27067,True,False,5.57,5.6,4.87,9,False,True
True,True,5,q,chandra,as_1897,1896,COTTON MANUFACTURES,"Piece Goods, other than Muslins",British East Indies : Bengal,Yds,24620,24630,24620,445,24630,445,10,2->3,6,1762935,True,False,0.02,0.02,0.02,5,False,True
True,True,5,q,chandra,as_1898,1896,Cotton,Rape,Russia : Northern Ports,Quarters,290,280,290,204,280,204,-10,9->8,8,144721,True,True,0.7,0.73,1.64,8,False,True
True,True,5,v,chandra,as_1899,1897,CAOUTCHOUIC,Manufactures of,France,Lbs,50762,50752,425397,50762,425397,50752,-10,6->5,7,608676,True,False,0.12,0.12,0.13,6,False,True
True,False,5,q,chandra,as_1898,1898,NUTS AND KERNELS,Castor,Belgium,Cwts,24070,24079,24070,31257,24079,31257,9,0->9,5,83966,True,False,1.3,1.3,1.3,2,False,True
True,False,5,q,infinity,as_1897,1897,"CARDS, PLAYING",,Holland,Dozen Packs,19810,19819,19810,445,19819,445,9,0->9,4,150130,True,False,0.02,0.02,0.02,3,False,True
True,False,5,q,chandra,as_1899,1896,"COPPER, ORE OF","Old, fit only to be re-manu- factured",Other Foreign Countries,Tons,60,66,60,1961,66,1961,6,0->6,15,3904,True,False,32.68,29.71,32.36,6,False,True
True,False,5,v,chandra,as_1899,1899,HONEY,,United States of America : On the Atlantic,Cwts,2750,2756,1405,2750,1405,2756,6,0->6,8,17961,True,False,1.96,1.96,1.77,4,False,True
True,False,5,q,chandra,as_1886,1886,ANIMALS LIVING,Cows,France,No,8,3,8,60,3,60,-5,8->3,7,37588,True,False,7.5,20.0,13.02,5,False,True
True,False,5,v,chandra,as_1886,1886,"METAL, unenumerated","Old, fit only to be re-manufactured",Other British Possessions,Tons,268,263,16,268,16,263,-5,8->3,5,3715,True,False,16.75,16.44,22.74,4,False,True
True,False,5,q,chandra,as_1887,1887,COTTON,Yarn,Holland,Lbs,609948,609943,609948,42516,609943,42516,-5,8->3,5,7837499,True,False,0.07,0.07,0.05,3,False,True
True,True,5,v,chandra,as_1889,1889,"ANIMALS, LIVING",Sheep and Lambs,Denmark,No,226168,226163,153362,226168,153362,226163,-5,8->3,7,1080700,True,False,1.47,1.47,1.65,3,False,True
True,False,5,q,chandra,as_1890,1890,COTTON,Waste of (Raw and Yarn),Italy,Lbs,1326948,1326943,1326948,16311,1326943,16311,-5,8->3,10,15040489,True,False,0.01,0.01,0.01,8,False,True
True,False,5,v,chandra,as_1890,1890,FRUIT,Unenumerated : Raw,Spain,Bushels,538848,538843,1208211,538848,1208211,538843,-5,8->3,13,1703608,True,False,0.45,0.45,0.45,8,False,True
True,True,5,q,chandra,as_1890,1890,GUM,Unenumerated,Aden,Cwts,2018,2013,2018,6314,2013,6314,-5,8->3,7,59630,True,False,3.13,3.14,2.36,4,False,True
True,True,5,q,chandra,as_1890,1890,LEAD,Pig or Sheet,United States of America,Tons,6078,6073,6078,85759,6073,85759,-5,8->3,9,118632,True,False,14.11,14.12,13.15,4,False,True
True,True,5,v,chandra,as_1890,1890,TAR,,United States of America,Barrels,12528,12523,20306,12528,20306,12523,-5,8->3,7,127883,True,False,0.62,0.62,0.76,5,False,True
True,True,5,v,chandra,as_1892,1892,Corn and Grain,Rye,Russia,Cwts,20018,20013,67820,20018,67820,20013,-5,8->3,6,151372,True,False,0.3,0.3,0.35,4,False,True
True,True,5,q,chandra,as_1892,1892,LEAD,Pig or Sheet,Mexico,Tons,3298,3293,3298,37431,3293,37431,-5,8->3,12,128660,True,False,11.35,11.37,11.11,7,False,True
True,False,5,v,chandra,as_1893,1893,FRUIT,Unenumerated : Dried,British East Indies,Cwts,1988,1983,3282,1988,3282,1983,-5,8->3,4,8536,True,False,0.61,0.6,3.17,4,False,True
True,False,5,v,chandra,as_1894,1894,HONEY,,Other Foreign Countries,,2188,2183,1745,2188,1745,2183,-5,8->3,6,27049,True,False,1.25,1.25,1.92,6,False,True
True,False,5,q,chandra,as_1898,1898,WOOD AND TIMBER,Mahogany,Republic of Colombia,,2003,2008,2003,13638,2008,13638,5,3->8,12,41110,True,False,6.81,6.79,8.76,8,False,True
True,False,5,v,chandra,as_1899,1896,"HORNS, tips and pieces of Horns and Hoofs",Eastern Coast of Africa,Australasia : Tasmania,,193,198,5,193,5,198,5,3->8,15,109492,True,False,38.6,39.6,30.21,8,False,True
True,False,5,q,chandra,as_1899,1899,WOOD AND TIMBER,"Sawn or Split, planed or dressed,     Fir",France,Loads,1803,1808,1803,4753,1808,4753,5,3->8,11,4678314,True,False,2.64,2.63,2.64,6,False,True
True,False,5,q,chandra,as_1872,1872,"CHICORY, Raw or Kiln-dried",Roasted or Ground,West Coast of Africa (Foreign),Lbs,1364381,1364384,1364381,36080,1364384,36080,3,1->4,19,166269052,True,False,0.03,0.03,0.03,12,False,True
True,True,5,q,chandra,as_1885,1885,ANIMALS LIVING,"Horses, mares, geldings, colts,     and foals",Denmark,No,2975,2978,2975,15743,2978,15743,3,5->8,7,12926,True,False,5.29,5.29,37.64,5,False,True
True,True,5,v,chandra,as_1888,1888,FRUIT,Unenumerated : Preserved without   Sugar,Portugal,Lbs,1491,1494,122058,1491,122058,1494,3,1->4,13,266314,True,False,0.01,0.01,0.01,11,False,True
True,False,5,v,chandra,as_1889,1889,PLATE,"Of Silver, Gilt or Ungilt",British East Indies,Oz. Troy,10731,10734,28983,10731,28983,10734,3,1->4,3,15581,True,False,0.37,0.37,0.37,3,False,True
True,True,5,q,chandra,as_1889,1889,BEADS OF ALL SORTS,"BRASS, BRONZE, and METAL Bronzed or Lacquered, Manufactures of, unenumerated",Other British Possessions,Cwts,21,24,21,258,24,258,3,1->4,3,297,True,False,12.29,10.75,12.29,3,False,True
True,True,5,q,chandra,as_1891,1891,WOOD and TIMBER,"Hewn, Teak : Unenumerated",Russia,Loads,8905,8908,8905,17740,8908,17740,3,5->8,6,38776,True,False,1.99,1.99,1.99,5,False,True
True,True,5,q,chandra,as_1892,1892,COTTON,Raw,British East Indies : Bengal,Cwts,84461,84464,84461,154534,84464,154534,3,1->4,7,623408,True,False,1.83,1.83,1.94,16,False,True
True,True,5,v,chandra,as_1893,1893,EGGS,,Turkey,Great Hundreds,2434,2431,8127,2434,8127,2431,-3,4->1,13,3791091,True,False,0.3,0.3,0.33,11,False,True
True,False,5,v,chandra,as_1894,1894,TOBACCO,"White, in Casks",Belgium,Gallons,2121,2124,5105,2121,5105,2124,3,1->4,11,733670,True,False,0.42,0.42,0.21,8,False,True
True,True,5,v,chandra,as_1896,1896,GOLD,East Coast of Africa,Queensland,,16735,16738,132,16735,132,16738,3,5->8,8,102969,True,False,126.78,126.8,99.91,8,False,True
True,True,5,v,chandra,as_1899,1897,"ANIMALS, LIVING",Stallions,Russia,,1234,1231,114,1234,114,1231,-3,4->1,8,33125,True,False,10.82,10.8,51.3,3,False,True
True,True,5,q,chandra,as_1899,1895,CORDAGE,"Meal, not otherwise enumerated or described",Denmark,Cwts,4084,4081,4084,1771,4081,1771,-3,4->1,13,308532,True,False,0.43,0.43,0.22,4,False,True
True,True,5,v,infinity,as_1888,1888,"SUGAR, Refined",Refined : Total of,Holland,Cwts,1285801,1285804,1422376,1285801,1422376,1285804,3,1->4,8,6027609,True,False,0.9,0.9,0.9,8,False,True
True,True,5,q,infinity,as_1893,1893,Corn and Grain,Barley,British East Indies : Bombay,Cwts,28991,28994,28991,8544,28994,8544,3,1->4,3,47837,True,False,0.29,0.29,0.31,3,False,True
True,True,5,q,chandra,as_1897,1893,SHELLS of all kinds,Raw,Asiatic,,5203,5205,5203,4959,5205,4959,2,3->5,8,1759775,True,True,0.95,0.95,0.83,7,False,True
True,True,5,v,chandra,as_1878,1878,SUGAR,Unrefined of all Kinds,Java,Cwts,1839555,1839556,1514469,1839555,1514469,1839556,1,5->6,26,16015625,True,False,1.21,1.21,1.05,25,False,True
True,True,5,v,chandra,as_1885,1885,"Dye Stuffs, and Substances used in Tanning","Madder, Madder Root, Garancine, and Munjeet",Turkey,,4062,4063,2351,4062,2351,4063,1,2->3,5,36825,True,False,1.73,1.73,1.4,5,False,True
True,True,5,v,chandra,as_1886,1886,PORK,Salted (not Hams),Holland,Cwts,38075,38076,15649,38075,15649,38076,1,5->6,5,423086,True,False,2.43,2.43,2.17,4,False,True
True,True,5,v,chandra,as_1889,1889,TIN,Ore of,Australasia,Tons,1085,1086,33,1085,33,1086,1,5->6,3,4939,True,False,32.88,32.91,32.88,3,False,True
True,True,4,q,infinity,as_1880,1880,PAPER,Millboard and Pasteboard,Belgium,Cwts,30059,50059,30059,27749,50059,27749,20000,3->5,6,461663,True,False,0.92,0.55,0.74,4,False,True
True,True,4,q,chandra,as_1894,1894,CORK,Manufactured,Spain,,1197838,1187838,1197838,77963,1187838,77963,-10000,9->8,4,9225338,True,False,0.07,0.07,0.07,4,False,True
True,True,4,q,chandra,as_1898,1894,WINE,In Casks,Other Foreign Countries,,23209,25209,23209,4435,25209,4435,2000,3->5,14,11687103,True,False,0.19,0.18,0.2,11,False,True
True,True,4,v,chandra,as_1898,1897,Cotton,Rape,Russia : Southern Ports,Quarters,69086,68086,61105,69086,61105,68086,-1000,9->8,9,137506,True,False,1.13,1.11,1.5,5,False,True
True,True,4,q,chandra,as_1884,1884,Corn and Grain,Wheat,Australasia,Owts,5091912,5091212,5091912,2174366,5091212,2174366,-700,9->2,22,47306156,True,False,0.43,0.43,0.4,7,False,True
True,True,4,v,chandra,as_1893,1893,TIN,Ore of,Other Foreign Countries,Tons,2534,2934,114,2534,114,2934,400,5->9,5,110893,True,False,22.23,25.74,22.23,4,False,True
True,False,4,v,chandra,as_1894,1894,HEMP,Dressed or Undressed,Russia,Tons,213514,213914,7870,213514,7870,213914,400,5->9,11,1621086,True,False,27.13,27.18,26.28,6,False,True
True,True,4,v,chandra,as_1891,1891,ZINC,Ore of,United States of America,Tons,33254,33554,3517,33254,3517,33554,300,2->5,11,235602,True,False,9.46,9.54,6.17,7,False,True
True,True,4,q,chandra,as_1886,1886,"SKINS, FURS, and PELTS",Furs,Other British Possessions,Number,2514,2314,2514,754,2314,754,-200,5->3,4,12950611,True,False,0.3,0.33,0.3,3,False,True
True,True,4,q,chandra,as_1889,1889,"SAUCES or CONDIMENTS, unenumerated",,Holland,Lbs,11509,11309,11509,638,11309,638,-200,5->3,6,587744,True,False,0.06,0.06,0.06,5,False,True
True,True,4,v,chandra,as_1892,1892,COTTON,Raw,Other Foreign Countries,Cwts,2525,2325,1442,2525,1442,2325,-200,5->3,15,36702016,True,False,1.75,1.61,2.33,12,False,True
True,True,4,v,chandra,as_1893,1893,Corn and Grain,Beans,Italy,,5589,5389,23197,5589,23197,5389,-200,5->3,14,1109266,True,False,0.24,0.23,0.29,9,False,True
True,True,4,v,chandra,as_1894,1894,"ANIMALS, LIVING",Sheep and Lambs,Newfoundland,No,1400,1600,1008,1400,1008,1600,200,4->6,3,237745,True,False,1.39,1.59,1.39,2,False,True
True,True,4,v,chandra,as_1899,1898,"ANIMALS, LIVING",Sheep and Lambs,Argentine Republic,Number,637588,637388,430073,637588,430073,637388,-200,5->3,4,904563,True,False,1.48,1.48,1.48,4,False,True
True,True,4,v,chandra,as_1892,1892,"RAGS, and other MATERIALS for MAKING PAPER","Other Materials, and Pulp of Rags",Belgium,Tons,115423,115493,12678,115423,12678,115493,70,2->9,9,209695,True,False,9.1,9.11,7.85,3,False,True
True,False,4,v,chandra,as_1897,1896,BEER AND ALE,of other Sorts,Denmark,Barrels,4429,4499,1497,4429,1497,4499,70,2->9,5,103104,True,False,2.96,3.01,2.44,3,False,True
True,False,4,q,chandra,as_1886,1886,MANURES,Bones for Manure,Belgium,Tons,1555,1535,1555,8118,1535,8118,-20,5->3,15,38296,True,False,5.22,5.29,5.04,10,False,True
True,False,4,q,chandra,as_1891,1891,ZINC,ARTICLES Imported by PARCEL POST,Other British Possessions,Number of Parcels,855,835,855,1518,835,1518,-20,5->3,11,180490,True,False,1.78,1.82,1.23,9,False,True
True,False,4,q,chandra,as_1885,1885,"SKINS, FURS, and PELTS","Sheep, Undressed",Spain,Number,159293,159283,159293,17639,159283,17639,-10,9->8,15,2795795,True,False,0.11,0.11,0.11,14,False,True
True,True,4,v,chandra,as_1885,1885,WOOL,Sheep or Lambs',Peru,Lbs,82579,82572,2505582,82579,2505582,82572,-7,9->2,19,2622861,True,False,0.03,0.03,0.04,3,False,True
True,True,2,v,chandra,as_1892,1892,BEEF,Fresh,United States of America,Cwts,1206106,4206106,1951887,1206106,1951887,4206106,3000000,1->4,3,4222674,False,True,0.62,2.15,1.77,1,True,True
True,True,2,q,infinity,as_1890,1890,WOOL'd),Goats' Wool or Hair,Turkey,Lbs,1120222,4120222,1120222,230229,4120222,230229,3000000,1->4,7,5977332,False,True,0.21,0.06,0.03,1,True,True
True,True,2,v,infinity,as_1892,1892,BEEF,Fresh,United States of America,Cwts,1206106,4206106,1951887,1206106,1951887,4206106,3000000,1->4,3,4222674,False,True,0.62,2.15,1.77,1,True,True
True,False,2,v,chandra,as_1899,1899,FRUIT,"Nuts, used as Fruit",Spain,Nuts,1019035,1919035,7639555,1019035,7639555,1919035,900000,0->9,12,2174438,False,True,0.13,0.25,0.31,1,True,True
True,True,2,v,chandra,as_1890,1890,SPIRITS,Brandy,France,Proof Gallons,1840684,1340684,2895928,1840684,2895928,1340684,-500000,8->3,6,1401035,False,True,0.64,0.46,0.36,1,True,True
True,True,2,v,chandra,as_1879,1879,BARK,Fresh or Slightly Salted,United States of America,Cwts,1193763,1493763,559730,1193763,559730,1493763,300000,1->4,3,1518574,False,True,2.13,2.67,2.6,1,True,True
True,True,2,v,chandra,as_1891,1891,OIL,Olive,Italy,Tuns,174266,474266,11492,174266,11492,474266,300000,1->4,11,733332,False,True,15.16,41.27,39.17,1,True,True
True,True,2,v,infinity,as_1891,1891,OIL,Olive,Italy,Tons,174266,474266,11492,174266,11492,474266,300000,1->4,11,733332,False,True,15.16,41.27,39.17,1,True,True
True,True,2,v,chandra,as_1872,1872,"FLOWERS, ARTIFICIAL","Raw, not otherwise described",France,Bushels,203753,103753,222317,203753,222317,103753,-100000,2->1,10,1024685,False,True,0.92,0.47,0.61,1,True,True
True,False,2,q,chandra,as_1899,1899,DRUGS,Opium,Asiatic,Lbs,102686,192686,102686,93242,192686,93242,90000,0->9,9,523816,False,True,0.91,0.48,0.5,1,True,True
True,False,2,v,chandra,as_1899,1899,"PETROLEUM, Lubricating",,Russia : Southern Ports,,104598,194598,9496730,104598,9496730,194598,90000,0->9,7,1006008,False,True,0.01,0.02,0.03,1,True,True
True,True,2,v,infinity,as_1898,1895,TOBACCO,Unmanufactured,Holland,Lbs,198519,108519,4548027,198519,4548027,108519,-90000,9->0,14,2007027,False,True,0.04,0.02,0.03,1,True,True
True,False,2,q,infinity,as_1899,1899,COTTON MANUFACTURES,"Piece Goods, Muslins",Belgium,Yards,402160,492160,402160,9154,492160,9154,90000,0->9,3,533002,False,True,0.02,0.02,0.02,1,True,True
True,True,2,v,chandra,as_1898,1898,LINEN,Bones for Manure (whether burnt or not),Chile,Tons,901482,961482,128875,901482,128875,961482,60000,0->6,4,972801,False,True,7.0,7.46,7.49,1,True,True
True,False,2,q,chandra,as_1890,1890,CHEESE,,British North America,Cwts,887890,837890,887890,1914232,837890,1914232,-50000,8->3,3,866907,False,True,2.16,2.28,2.28,1,True,True
True,False,2,q,infinity,as_1890,1890,CHEESE,,British North America,Cwts,887890,837890,887890,1914232,837890,1914232,-50000,8->3,3,866907,False,True,2.16,2.28,2.28,1,True,True
True,True,2,q,chandra,as_1883,1883,PARAFFINE,,United States of America,,117717,147717,117717,286101,147717,286101,30000,1->4,7,156479,False,True,2.43,1.94,1.71,1,True,True
True,True,2,v,chandra,as_1890,1890,LARD,,United States of America,Cwts,2019747,2049747,1248947,2019747,1248947,2049747,30000,1->4,4,2054477,False,True,1.62,1.64,1.83,1,True,True
True,True,2,v,infinity,as_1890,1890,IVORY,LARD,United States of America,,2019747,2049747,1248947,2019747,1248947,2049747,30000,1->4,4,2054477,False,True,1.62,1.64,1.83,1,True,True
True,True,2,q,infinity,as_1898,1898,Bark,,Belgium,Cwts,93886,73886,93886,22365,73886,22365,-20000,9->7,8,163473,False,True,0.24,0.3,0.28,1,True,True
True,True,2,v,chandra,as_1898,1896,FEATHERS AND DOWN,Eastern Coast of Africa,British East Indies : Bengal,,20147,30147,67720,20147,67720,30147,10000,2->3,13,543244,False,True,0.3,0.45,0.58,1,True,True
True,False,2,v,chandra,as_1890,1890,WINE,"White, in Bottles, Sparkling. : Other Sorts",Spain,Gallons,730499,739499,2638772,730499,2638772,739499,9000,0->9,16,3233501,False,True,0.28,0.28,0.35,1,True,True
True,False,2,q,chandra,as_1897,1897,METAL,"Leaf, not Gold",Germany,Packets,10407,19407,10407,5836,19407,5836,9000,0->9,3,124027,False,True,0.56,0.3,0.09,1,True,True
True,False,2,q,chandra,as_1897,1897,"CARDS, PLAYING",,United States of America,Dozen Packs,10400,19400,10400,6763,19400,6763,9000,0->9,5,43100,False,True,0.65,0.35,0.13,1,True,True
True,True,2,q,chandra,as_1898,1898,BUTTER,Margarine (including all kinds of Artificial or Imitation Butters),France,Cwts,30299,39299,30299,105309,39299,105309,9000,0->9,6,909291,False,True,3.48,2.68,2.71,1,True,True
True,False,2,q,chandra,as_1899,1899,CORDAGE,Peas,Australasia : New Zealand,Cwts,10350,19350,10350,8225,19350,8225,9000,0->9,6,1676575,False,True,0.79,0.43,0.32,1,True,True
True,False,2,q,chandra,as_1899,1898,FRUIT,"Apples, Raw",Australasia : Tasmania,Bushels,120758,129758,120758,71280,129758,71280,9000,0->9,8,1610570,False,True,0.59,0.55,0.37,1,True,True
True,False,2,v,chandra,as_1899,1899,LIQUORICE,"MANGANESE, Ore of",British East Indies : Madras,Tons,30236,39236,20155,30236,20155,39236,9000,0->9,4,41310,False,True,1.5,1.95,3.35,1,True,True
True,True,2,q,infinity,as_1892,1892,Cotton,"Unenumerated, other sorts",Egypt,Cwts,29407,20407,29407,7238,20407,7238,-9000,9->0,15,500277,False,True,0.25,0.35,0.66,1,True,True
True,True,2,q,chandra,as_1888,1888,WOOD and TIMBER,"Sawn, Unenumerated",British North America,,13325,18325,13325,53562,18325,53562,5000,3->8,3,18595,False,True,4.02,2.92,3.47,1,True,True
True,True,2,q,chandra,as_1889,1889,ZINC,"Manufactures, Unenumerated",Germany,Owts,88856,83856,88856,93183,83856,93183,-5000,8->3,5,383928,False,True,1.05,1.11,1.08,1,True,True
True,True,2,v,chandra,as_1899,1896,SUGAR,"In Blocks, Ingots, Bars, or Slabs",Australasia : Tasmania,,8430,3430,1110,8430,1110,3430,-5000,8->3,6,2190036,False,True,7.59,3.09,3.06,1,True,True
True,False,2,q,infinity,as_1878,1878,"EARTHENWARE, not being China or Porcelain Ware",,France,Cwts,18697,13697,18697,43334,13697,43334,-5000,8->3,6,46708,False,True,2.32,3.16,2.74,1,True,True
True,True,2,q,infinity,as_1888,1888,WOOD and TIMBER,"Sawn, Unenumerated",British North America,Loads,13325,18325,13325,53562,18325,53562,5000,3->8,3,18595,False,True,4.02,2.92,3.47,1,True,True
True,False,2,q,chandra,as_1887,1887,"BRASS, BRONZE, and METAL, Bronzed or Lacquered, Manufactures of, unenumerated",,France,Cwts,8925,8025,8925,48232,8025,48232,-900,9->0,6,14568,False,True,5.4,6.01,5.73,1,True,True
True,True,2,v,chandra,as_1891,1891,WINE,"Red, in Casks",Other British Possessions,Gallons,2971,2071,4353,2971,4353,2071,-900,9->0,3,65003,False,True,0.68,0.48,0.26,1,True,True
True,False,2,v,chandra,as_1891,1891,TALLOW and STEARINE,,Holland,Cwts,30943,30043,18088,30943,18088,30043,-900,9->0,9,929904,False,True,1.71,1.66,1.49,1,True,True
True,False,2,q,chandra,as_1892,1892,FRUIT,Oranges and Lemons,Germany,Bushels,8975,8075,8975,2788,8075,2788,-900,9->0,12,6750270,False,True,0.31,0.35,0.37,1,True,True
True,False,2,q,chandra,as_1894,1894,FISH,"Shell fish, all sorts",Norway,Cwts,1006,1906,1006,4260,1906,4260,900,0->9,5,324362,False,True,4.23,2.24,1.43,1,True,True
True,True,2,q,chandra,as_1897,1893,FLAX,Tow,Germany,Tons,1006,1906,1006,21551,1906,21551,900,0->9,5,10948,False,True,21.42,11.31,12.64,1,True,True
True,False,2,v,chandra,as_1898,1894,SALTPETRE (Nitrate of Potash),,Belgium,Cwts,12006,12906,12855,12006,12855,12906,900,0->9,5,152855,False,True,0.93,1.0,1.0,1,True,True
True,False,2,q,chandra,as_1898,1898,"SILVER, Ore of, or Ore of which the greater part in Value is Silver","Skins, Unenumerated, undressed",Other Foreign Countries,Number,18006,18906,18006,2960,18906,2960,900,0->9,7,67725,False,True,0.16,0.16,0.11,1,True,True
True,False,2,q,chandra,as_1898,1897,LATES,Ginger,United States of America,Cwts,1081,1981,1081,6762,1981,6762,900,0->9,5,20317,False,True,6.26,3.41,1.34,1,True,True
True,False,2,q,chandra,as_1898,1898,WOOL,Other Goats' Wool or Hair,France,,123036,123936,123036,1957,123936,1957,900,0->9,6,963613,False,True,0.02,0.02,0.02,1,True,True
True,False,2,v,chandra,as_1898,1895,FRUIT,Prunes,Austrian Territories,Cwts,2080,2980,2640,2080,2640,2980,900,0->9,5,24024,False,True,0.79,1.13,1.02,1,True,True
True,True,2,v,chandra,as_1898,1898,FRUIT,"Rum, Imitation",Canada,Proof Gallons,4009,4909,9618,4009,9618,4909,900,0->9,4,5963,False,True,0.42,0.51,0.55,1,True,True
True,False,2,v,chandra,as_1899,1897,"BOOKS, Bound and Unbound, including Maps and Charts",,Australasia,Cwts,2051,2951,693,2051,693,2951,900,0->9,3,7872,False,True,2.96,4.26,5.4,1,True,True
True,True,2,q,chandra,as_1899,1899,CORDAGE,"Meal, not otherwise enumerated or described",Russia,Cwts,4090,4990,4090,1600,4990,1600,900,0->9,11,557937,False,True,0.39,0.32,0.24,1,True,True
True,False,2,v,chandra,as_1899,1897,HATS OR BONNETS,Of Felt,Java,Number,3052,3952,77720,3052,77720,3952,900,0->9,6,74596,False,True,0.04,0.05,0.15,1,True,True
True,False,2,q,chandra,as_1899,1899,IRON,Ore of (including Chrome),Holland,Tons,1075,1975,1075,7155,1975,7155,900,0->9,9,169721,False,True,6.66,3.62,3.61,1,True,True
True,True,2,v,chandra,as_1899,1898,FRUIT,"Unenumerated, Sweetened, or Mixed (Tested)",United States of America,Proof Gallons,54924,54024,10578,54924,10578,54024,-900,9->0,12,176056,False,True,5.19,5.11,1.44,1,True,True
True,False,2,q,infinity,as_1881,1881,COTTON,"DYE STUFFS, and Substances used in Tanning; Unenumerated",Spain,Cwts,13082,13982,13082,33123,13982,33123,900,0->9,9,159897,False,True,2.53,2.37,2.06,1,True,True
True,True,2,v,infinity,as_1891,1891,TOBACCO,"Red, in Casks",Other British Possessions,Gallons,2971,2071,4353,2971,4353,2071,-900,9->0,3,65003,False,True,0.68,0.48,0.26,1,True,True
True,False,2,v,infinity,as_1897,1895,FLAX,FRUITS AND VEGETABLES preserved in Sugar,Canada,Cwts,1074,1974,1828,1074,1828,1974,900,0->9,10,107508,False,True,0.59,1.08,0.94,1,True,True
True,True,2,v,infinity,as_1897,1894,HATS OR BONNETS,Of Felt,France,Number,14993,14093,71506,14993,71506,14093,-900,9->0,5,64013,False,True,0.21,0.2,0.15,1,True,True
True,True,2,v,infinity,as_1897,1895,LEAD,"Varnished, Japanned, or Enamelled",France,Cwts,1914,1014,37,1914,37,1014,-900,9->0,5,101057,False,True,51.73,27.41,27.87,1,True,True
True,False,2,q,infinity,as_1898,1895,LEATHER,"Varnished, Japanned, or Enamelled",Holland,,1062,1962,1062,55347,1962,55347,900,0->9,5,4095,False,True,52.12,28.21,23.25,1,True,True
True,True,2,v,infinity,as_1898,1894,METAL,OLEO-MARGARINE,Holland,Cwts,59953,59053,26172,59953,26172,59053,-900,9->0,6,220089,False,True,2.29,2.26,2.2,1,True,True
True,False,2,v,infinity,as_1898,1894,PORK,POTATOES,Belgium,Cwts,12006,12906,12855,12006,12855,12906,900,0->9,5,152855,False,True,0.93,1.0,1.0,1,True,True
True,False,2,v,infinity,as_1898,1898,"SKINS, AND FURS","Furs, Rabbit Skins",South Australia,Number,2079,2979,119348,2079,119348,2979,900,0->9,11,350451,False,True,0.02,0.02,0.08,1,True,True
True,False,2,q,infinity,as_1898,1897,"SKINS, AND FURS",Ginger,United States of America,Cwts,1081,1981,1081,6762,1981,6762,900,0->9,5,20317,False,True,6.26,3.41,1.34,1,True,True
True,False,2,q,infinity,as_1899,1897,BEEF,Salted,United States of America,,171070,171970,171070,212184,171970,212184,900,0->9,4,173707,False,True,1.24,1.23,1.12,1,True,True
True,False,2,v,infinity,as_1899,1897,BEEF,Applicable to Manufacturing Purposes,Australasia,Tons,2051,2951,693,2051,693,2951,900,0->9,3,7872,False,True,2.96,4.26,5.4,1,True,True
True,False,2,q,infinity,as_1899,1899,IRON,"Pig, and puddled",Holland,Tons,1075,1975,1075,7155,1975,7155,900,0->9,9,169721,False,True,6.66,3.62,3.61,1,True,True
True,False,2,v,infinity,as_1899,1899,WOOLLEN YARN,"For Fancy Purposes, including Berlin Wool and Zephyr Yarn",Holland,Lbs,11068,11968,80041,11068,80041,11968,900,0->9,4,185480,False,True,0.14,0.15,0.17,1,True,True
True,False,2,v,chandra,as_1898,1896,LATES,Ginger,British East Indies : Madras,Cwts,27032,27832,14546,27032,14546,27832,800,0->8,6,155249,False,True,1.86,1.91,2.03,1,True,True
True,False,2,v,chandra,as_1889,1889,SUCCADES,,Hong Kong,Cwts,18622,18022,11411,18622,11411,18022,-600,6->0,4,39731,False,True,1.63,1.58,1.25,1,True,True
True,True,2,v,chandra,as_1893,1893,"SKINS, FURS, and PELTS",Unenumerated : Undressed,Other Foreign Countries,Number,4340,4940,109469,4340,109469,4940,600,3->9,5,15923,False,True,0.04,0.05,0.08,1,True,True
True,True,2,v,chandra,as_1897,1893,SLATES,Dutch Possessions in Indian Seas,Channel Islands,Tons,145341,145941,250216,145341,250216,145941,600,3->9,3,147823,False,True,0.58,0.58,3.02,1,True,True
True,True,2,v,chandra,as_1899,1899,CORDAGE,"Meal, not otherwise enumerated or described",British East Indies : Bombay,Cwts,5043,5643,25450,5043,25450,5643,600,0->6,3,15696,False,True,0.2,0.22,0.23,1,True,True
True,False,2,v,infinity,as_1889,1889,"STATIONERY, other than PAPER",SUCCADES,Hong Kong,,18622,18022,11411,18622,11411,18022,-600,6->0,4,39731,False,True,1.63,1.58,1.25,1,True,True
True,True,2,q,chandra,as_1887,1887,FRUIT,"Plums, Dried or Preserved",Germany,Cwts,17805,17305,17805,21557,17305,21557,-500,8->3,5,20399,False,True,1.21,1.25,1.71,1,True,True
True,True,2,v,chandra,as_1879,1879,CANDLES,Other Kinds,Belgium,Cwts,8120,8420,3248,8120,3248,8420,300,1->4,4,22783,False,True,2.5,2.59,2.69,1,True,True
True,True,2,v,chandra,as_1890,1890,DRUGS,Opium,Turkey,Lbs,227396,227306,360963,227396,360963,227306,-90,9->0,7,277209,False,True,0.63,0.63,0.58,1,True,True
True,False,2,q,chandra,as_1891,1891,"DYE STUFFS, and Substances used in Tanning",West Africa,Other British Possessions,,699,609,699,211,609,211,-90,9->0,4,10987,False,True,0.3,0.35,0.77,1,True,True
True,False,2,q,chandra,as_1897,1893,AMMUNITION,"Shot, Large and Small",Holland,,208,298,208,250,298,250,90,0->9,5,13535,False,True,1.2,0.84,0.81,1,True,True
True,False,2,v,chandra,as_1897,1893,MEAT,Mutton,Argentine Republic,Cwts,4301,4391,2266,4301,2266,4391,90,0->9,3,9135,False,True,1.9,1.94,2.27,1,True,True
True,True,2,v,chandra,as_1897,1893,ZINC,PARCEL POST (Goods free of Duty),Asiatic,Number of Parcels,1590,1500,621,1590,621,1500,-90,9->0,16,290401,False,True,2.56,2.42,0.96,1,True,True
True,False,2,v,chandra,as_1897,1893,TOBACCO,Cigars,United States of America,Lbs,42693,42603,1000925,42693,1000925,42603,-90,9->0,5,42978,False,True,0.04,0.04,0.04,1,True,True
True,False,2,q,chandra,as_1897,1897,TOBACCO,"White, in Bottles, Still",Australasia,Gallons,1009,1099,1009,841,1099,841,90,0->9,4,3718,False,True,0.83,0.77,0.7,1,True,True
True,False,2,q,chandra,as_1898,1898,CONFECTIONERY (not containing any article liable to Duty),,France,Cwts,1708,1798,1708,7694,1798,7694,90,0->9,8,68658,False,True,4.5,4.28,3.1,1,True,True
True,True,2,q,chandra,as_1898,1894,FISH (including Turtle),"Unenumerated, Dried",Persia,Cwts,7992,7902,7992,4809,7902,4809,-90,9->0,9,382300,False,True,0.6,0.61,1.41,1,True,True
True,False,2,q,chandra,as_1898,1895,NUTS AND KERNELS,Castor,Italy,Cwts,4601,4691,4601,6417,4691,6417,90,0->9,6,105304,False,True,1.39,1.37,1.16,1,True,True
True,False,2,q,chandra,as_1898,1894,LATES,Ginger,Germany,Cwts,205,295,205,955,295,955,90,0->9,4,4401,False,True,4.66,3.24,2.92,1,True,True
True,False,2,q,chandra,as_1898,1898,LATES,Dutch Possessions in Indian Seas,British East Indies : Madras,Lbs,1100,1190,1100,38,1190,38,90,0->9,9,6115708,False,True,0.03,0.03,0.02,1,True,True
True,False,2,v,chandra,as_1898,1897,TEA,,British East Indies : Straits Settlements,Lbs,106,196,4896,106,4896,196,90,0->9,11,9279326,False,True,0.02,0.04,0.04,1,True,True
True,False,2,q,chandra,as_1899,1899,BUTTER,,Sweden,Cwts,245509,245599,245509,1246137,245599,1246137,90,0->9,11,2762741,False,True,5.08,5.07,4.98,1,True,True
True,False,2,q,chandra,as_1899,1898,CONFECTIONERY (not containing any article liable to Duty),,France,Cwts,1708,1798,1708,7694,1798,7694,90,0->9,8,68658,False,True,4.5,4.28,3.1,1,True,True
True,False,2,q,chandra,as_1899,1898,HATS OR BONNETS,Of Felt,France,Number,163203,163293,163203,28203,163293,28203,90,0->9,5,548069,False,True,0.17,0.17,0.17,1,True,True
True,False,2,v,chandra,as_1899,1899,Cotton,Tares and Lentils,Niger Protectorate,Bushels,994,904,310,994,310,904,-90,9->0,8,227157,False,True,3.21,2.92,2.91,1,True,True
True,False,2,v,chandra,as_1899,1898,"SKINS, AND FURS","Skins, Unenumerated, undressed",Australasia : New South Wales,Number,5006,5096,76800,5006,76800,5096,90,0->9,9,11024,False,True,0.07,0.07,0.1,1,True,True
True,False,2,v,chandra,as_1899,1899,SPONGE,,Belgium,Lbs,3700,3790,37817,3700,37817,3790,90,0->9,10,209072,False,True,0.1,0.1,0.14,1,True,True
True,False,2,q,chandra,as_1899,1898,SUGAR,"Glucose, Solid or Liquid",British East Indies,Cwts,1602,1692,1602,1698,1692,1698,90,0->9,8,1083624,False,True,1.06,1.0,1.02,1,True,True
True,False,2,q,infinity,as_1891,1891,Bark,West Africa,Other British Possessions,,699,609,699,211,609,211,-90,9->0,4,10987,False,True,0.3,0.35,0.77,1,True,True
True,False,2,q,infinity,as_1894,1894,"CARDS, PLAYING",Total of all Kinds,France,Gallons,5441900,5441990,5441900,2744873,5441990,2744873,90,0->9,12,13939728,False,True,0.5,0.5,0.24,1,True,True
True,False,2,q,infinity,as_1898,1895,METAL,Castor,Italy,Cwts,4601,4691,4601,6417,4691,6417,90,0->9,6,105304,False,True,1.39,1.37,1.16,1,True,True
True,False,2,q,infinity,as_1898,1894,"SKINS, AND FURS",Ginger,Germany,Cwts,205,295,205,955,295,955,90,0->9,4,4401,False,True,4.66,3.24,2.92,1,True,True
True,False,2,v,infinity,as_1898,1897,WOOLLEN YARN,Cloths,France,,2504,2594,19573,2504,19573,2594,90,0->9,6,869041,False,True,0.13,0.13,0.15,1,True,True
True,False,2,q,infinity,as_1899,1898,HATS OR BONNETS,Of Felt,France,Number,163203,163293,163203,28203,163293,28203,90,0->9,5,548069,False,True,0.17,0.17,0.17,1,True,True
True,True,2,v,infinity,as_1899,1896,Cotton,Unenumerated,Belgium,Lbs,41695,41605,328810,41695,328810,41605,-90,9->0,8,908301,False,True,0.13,0.13,0.1,1,True,True
True,False,2,v,chandra,as_1897,1893,"HORNS, tips and pieces of Horns and Hoofs",unenumerated,Other British Possessions,,900,980,556,900,556,980,80,0->8,4,9731,False,True,1.62,1.76,2.46,1,True,True
True,False,2,q,chandra,as_1896,1896,"CORN, GRAIN, MEAL, and FLOUR",Wheat,Argentine Republic,Cwts,4927660,4927600,4927660,1440320,4927600,1440320,-60,6->0,11,64288640,False,True,0.29,0.29,0.31,1,True,True
True,True,2,q,chandra,as_1898,1896,GLASS,"Ore of, or Ore of which the greater part in Value is Gold",Cape of Good Hope,Tons,167,107,167,4203,107,4203,-60,6->0,11,2007,False,True,25.17,39.28,75.5,1,True,True
True,False,2,v,chandra,as_1899,1899,MEAT,Mutton,Other Foreign Countries,Cwts,307,367,201,307,201,367,60,0->6,3,5214,False,True,1.53,1.83,2.08,1,True,True
True,False,2,v,chandra,as_1899,1899,NUTS AND KERNELS,Animal,Australasia,Cwts,391,331,230,391,230,331,-60,9->3,3,1389,False,True,1.7,1.44,1.24,1,True,True
True,False,2,v,infinity,as_1899,1899,OIL,Animal,Australasia,Cwts,391,331,230,391,230,331,-60,9->3,3,1389,False,True,1.7,1.44,1.24,1,True,True
True,True,2,v,chandra,as_1888,1888,JUTE,,France,Tons,2338,2388,210,2338,210,2388,50,3->8,5,9788,False,True,11.13,11.37,12.53,1,True,True
True,True,2,v,chandra,as_1897,1896,IVORY,Eastern Coast of Africa,France,,3086,3036,6673,3086,6673,3036,-50,8->3,5,12402,False,True,0.46,0.45,0.44,1,True,True
True,True,2,v,infinity,as_1888,1888,IVORY,East Africa,France,Tons,2338,2388,210,2338,210,2388,50,3->8,5,9788,False,True,11.13,11.37,12.53,1,True,True
True,False,2,v,infinity,as_1872,1872,RAGS and other Materials for making Paper,Not Rough nor in the Husk,Bengal and Burmah,Cwts,3173454,3173484,6418202,3173454,6418202,3173484,30,5->8,5,3518421,False,True,0.49,0.49,0.51,1,True,True
True,True,2,q,infinity,as_1898,1896,LEATHER,"Manufactures, including manufactures of linen mixed with cotton",Germany,—,291,271,291,490,271,490,-20,9->7,4,3831,False,True,1.68,1.81,1.77,1,True,True
True,True,2,v,chandra,as_1873,1873,Rough and in the Husk,,Mauritius,Quarters,3380,3389,2248,3380,2248,3389,9,0->9,4,33549,False,True,1.5,1.51,1.66,1,True,True
True,False,2,q,chandra,as_1888,1888,DRUGS,Opium,France,Lbs,3329,3320,3329,1757,3320,1757,-9,9->0,6,579065,False,True,0.53,0.53,0.64,1,True,True
True,False,2,q,chandra,as_1891,1891,"SKINS, FURS, and PELTS",Unenumerated: Undressed,China,Number,8939,8930,8939,745,8930,745,-9,9->0,6,101077,False,True,0.08,0.08,0.2,1,True,True
True,False,2,q,chandra,as_1897,1894,BEEF,Salted,United States of America,Cwts,235129,235120,235129,332743,235120,332743,-9,9->0,3,236207,False,True,1.42,1.42,1.64,1,True,True
True,False,2,v,chandra,as_1897,1894,CORDAGE,Beans (not Kidney or French),"Turkey, European",Cwts,6340,6349,24924,6340,24924,6349,9,0->9,15,1316785,False,True,0.25,0.25,0.29,1,True,True
True,False,2,q,chandra,as_1897,1893,CORDAGE,Buckwheat,United States of America : Other Foreign Countries,Cwts,449,440,449,116,440,116,-9,9->0,4,106814,False,True,0.26,0.26,0.31,1,True,True
True,False,2,q,chandra,as_1897,1897,CORDAGE,Wheatmeal or Flour,United States of America : On the Pacific,Cwts,415409,415400,415409,203106,415400,203106,-9,9->0,14,17140549,False,True,0.49,0.49,0.52,1,True,True
True,False,2,q,chandra,as_1897,1893,HEMP,Tow,France,Tons,99,90,99,982,90,982,-9,9->0,5,3074,False,True,9.92,10.91,17.79,1,True,True
True,False,2,v,chandra,as_1897,1894,WOOLLEN YARN,"For Weaving, Mixed or not with Silk",Germany,Lbs,111740,111749,1726505,111740,1726505,111749,9,0->9,5,1511924,False,True,0.06,0.06,0.09,1,True,True
True,False,2,v,chandra,as_1897,1894,ZINC,"Crude, in cakes",Canada,,850,859,65,850,65,859,9,0->9,3,5471,False,True,13.08,13.22,13.29,1,True,True
True,True,2,v,chandra,as_1898,1894,AMMUNITION,"Muskets, Rifles, Carbines,     Fowling Pieces, or Guns of     any other sorts not enumer-     ated, and parts thereof, and     Pistols",United States of America,Tons,1079,1070,216,1079,216,1070,-9,9->0,6,50810,False,True,5.0,4.95,3.37,1,True,True
True,False,2,v,chandra,as_1898,1897,FISH (including Turtle),"Unenumerated, Dried",Gibraltar,Cwts,9039,9030,2765,9039,2765,9030,-9,9->0,5,28456,False,True,3.27,3.27,1.41,1,True,True
True,True,2,q,chandra,as_1898,1894,GLASS,"Ore of, or Ore of which the greater part in Value is Gold",Chile,Tons,29,20,29,954,20,954,-9,9->0,5,40,False,True,32.9,47.7,49.29,1,True,True
True,False,2,q,chandra,as_1898,1897,LEAD,Ore of,West Australia,Tons,50,59,50,472,59,472,9,0->9,8,25551,False,True,9.44,8.0,7.14,1,True,True
True,False,2,v,chandra,as_1898,1896,WINE,"in Bottles, Still",Other Foreign Countries,Gallons,3820,3829,9763,3820,9763,3829,9,0->9,9,529294,False,True,0.39,0.39,0.47,1,True,True
True,True,2,q,chandra,as_1899,1896,BUTTER,,Sweden,Cwts,323820,323829,323820,1664685,323829,1664685,9,0->9,12,2728269,False,True,5.14,5.14,4.97,1,True,True
True,False,2,q,chandra,as_1899,1898,DYE STUFFS (Other than Dye Woods) and Substances used in Tan- ning or Dyeing,Valonia,Austrian Territories,Tons,359,350,359,3350,350,3350,-9,9->0,5,25882,False,True,9.33,9.57,10.5,1,True,True
True,True,2,q,chandra,as_1899,1899,"MILK AND CREAM, fresh or preserved, other than condensed milk",,Sweden,Gallons,470,479,470,1843,479,1843,9,0->9,5,7549,False,True,3.92,3.85,1.26,1,True,True
True,False,2,q,infinity,as_1891,1891,"SKINS, FURS, and PELTS",Unenumerated : Undressed,China,Number,8939,8930,8939,745,8930,745,-9,9->0,6,101077,False,True,0.08,0.08,0.2,1,True,True
True,False,2,q,infinity,as_1897,1893,"CHINA, OR PORCELAIN, AND EARTHENWARE",Buckwheat,United States of America : Other Foreign Countries,Cwts,449,440,449,116,440,116,-9,9->0,4,106814,False,True,0.26,0.26,0.31,1,True,True
True,False,2,q,infinity,as_1897,1893,HATS OR BONNETS,TOW,France,Tons,99,90,99,982,90,982,-9,9->0,5,3074,False,True,9.92,10.91,17.79,1,True,True
True,True,2,q,infinity,as_1898,1894,"CHINA, OR PORCELAIN, AND EARTHENWARE",,Newfoundland,Tons,17969,17960,17969,26956,17960,26956,-9,9->0,7,34480,False,True,1.5,1.5,11.41,1,True,True
True,True,2,q,infinity,as_1898,1897,"CHINA, OR PORCELAIN, AND EARTHENWARE",Opium,Asiatic,Lbs,107229,107220,107229,45753,107220,45753,-9,9->0,8,423070,False,True,0.43,0.43,0.47,1,True,True
True,True,2,q,infinity,as_1898,1895,GUM,HAMS,Belgium,Cwts,959,950,959,2333,950,2333,-9,9->0,6,1207500,False,True,2.43,2.46,3.3,1,True,True
True,True,2,q,chandra,as_1895,1895,"CORN, GRAIN, MEAL, AND FLOUR",Wheat Meal or Flour,Russia,Cwts,34846,34840,34846,11088,34840,11088,-6,6->0,10,15951270,False,True,0.32,0.32,0.41,1,True,True
True,True,2,q,chandra,as_1897,1895,"BOOKS, Bound and Unbound, in- cluding Maps and Charts",,British East Indies,Cwts,230,236,230,1641,236,1641,6,0->6,3,627,False,True,7.13,6.95,6.32,1,True,True
True,True,2,q,infinity,as_1895,1895,"CORN, GRAIN, MEAL, AND FLOUR",Wheat Meal or Flour,Russia,Cwts,34846,34840,34846,11088,34840,11088,-6,6->0,10,15951270,False,True,0.32,0.32,0.41,1,True,True
True,False,2,v,infinity,as_1899,1899,OIL,"Fish, Train or Blubber",Newfoundland,Tuns,94471,94477,5449,94471,5449,94477,6,1->7,4,100712,False,True,17.34,17.34,25.49,1,True,True
True,True,2,q,infinity,as_1899,1897,SUGAR,"Hewn, Unenumerated",France,Loads,879,874,879,1540,874,1540,-5,9->4,7,40673,False,True,1.75,1.76,1.78,1,True,True
True,True,2,q,chandra,as_1874,1874,SAGO and SAGO FLOUR,,Borneo,,22215,22218,22215,18943,22218,18943,3,5->8,3,323566,False,True,0.85,0.85,0.78,1,True,True
True,True,2,v,chandra,as_1887,1887,PARAFFINE,,Other Foreign Countries,Cwts,265,268,307,265,307,268,3,5->8,3,446974,False,True,0.86,0.87,1.38,1,True,True
True,True,2,q,chandra,as_1893,1893,SPIRITS,Brandy,Other British Possessions,Proof Gallons,961,964,961,518,964,518,3,1->4,3,53798,False,True,0.54,0.54,0.52,1,True,True
True,True,2,q,infinity,as_1893,1893,COCOA,Brandy,Other British Possessions,Proof Gallons,961,964,961,518,964,518,3,1->4,3,53798,False,True,0.54,0.54,0.52,1,True,True
True,True,1,q,chandra,as_1898,1894,PAPER,Hangings,United States of America,Cwts,810641,210641,810641,25892,210641,25892,-600000,8->2,9,1026616,False,True,0.03,0.12,0.09,1,True,True
True,True,1,q,chandra,as_1891,1891,"PERFUMERY, and Articles used in the Manufacture thereof",,United States of America,Lbs,780052,480052,780052,27245,480052,27245,-300000,7->4,9,1114677,False,True,0.03,0.06,0.11,1,True,True
True,True,1,q,infinity,as_1891,1891,"PERFUMERY, and Articles used in the Manufacture thereof",,United States of America,,780052,480052,780052,27245,480052,27245,-300000,7->4,9,1114677,False,True,0.03,0.06,0.11,1,True,True
True,True,1,q,chandra,as_1881,1881,GLASS,"Window (not being Plate), and German Sheet, including Shades and Cylinders",Belgium,Cwts,550494,450494,550494,347505,450494,347505,-100000,5->4,4,658109,False,True,0.63,0.77,1.44,1,True,True
True,True,1,v,infinity,as_1877,1877,CAOUTCHOUC,,Brazil,,928308,828308,84850,928308,84850,828308,-100000,9->8,18,1484794,False,True,10.94,9.76,8.0,1,True,True
True,True,1,q,chandra,as_1887,1887,OIL,Animal,United States of America,Cwts,115844,165844,115844,208169,165844,208169,50000,1->6,6,180146,False,True,1.8,1.26,1.29,1,True,True
True,True,1,q,chandra,as_1899,1899,WOOD AND TIMBER,"Hewn, Fir",France,Loads,769865,719865,769865,600670,719865,600670,-50000,6->1,11,2236407,False,True,0.78,0.83,1.45,1,True,True
True,True,1,q,infinity,as_1874,1874,OIL,"Chemical, Essential, or Perfumed",Ceylon,Lbs,68069,38069,68069,15364,38069,15364,-30000,6->3,9,517913,False,True,0.23,0.4,0.45,1,True,True
True,True,1,v,chandra,as_1894,1894,LEATHER,Dressed,Canada,Lbs,37190,57190,1311143,37190,1311143,57190,20000,3->5,7,69885,False,True,0.03,0.04,0.05,1,True,True
True,True,1,v,infinity,as_1894,1894,LEATHER,Dressed,Canada,Lbs,37190,57190,1311143,37190,1311143,57190,20000,3->5,7,69885,False,True,0.03,0.04,0.05,1,True,True
True,True,1,v,chandra,as_1889,1889,PARAFFINE,,United States of America,Cwts,361363,371363,306338,361363,306338,371363,10000,6->7,3,374602,False,True,1.18,1.21,1.61,1,True,True
True,True,1,v,infinity,as_1889,1889,PAPER,PARAFFINE,United States of America,Cwts,361363,371363,306338,361363,306338,371363,10000,6->7,3,374602,False,True,1.18,1.21,1.61,1,True,True
True,False,1,v,chandra,as_1885,1885,Corn and Grain,Barley,British North America,Cwts,9788,2788,8870,9788,8870,2788,-7000,9->2,4,14297,False,True,1.1,0.31,0.4,1,True,True
True,False,1,q,chandra,as_1899,1899,MANURES,Phosphate of Lime and Rock,Tunis,Tons,2770,9770,2770,18343,9770,18343,7000,2->9,8,420108,False,True,6.62,1.88,1.82,1,True,True
True,False,1,v,infinity,as_1877,1877,"SKINS, FURS, AND PELTS","Goat and Kid, Undressed",Bengal and Burmah,Number,9954,2954,33728,9954,33728,2954,-7000,9->2,11,248405,False,True,0.3,0.09,0.12,1,True,True
True,True,1,v,chandra,as_1876,1876,LEATHER MANUFACTURES,Boots and Shoes,Germany,Dozen Pairs,66154,61154,18432,66154,18432,61154,-5000,6->1,5,323479,False,True,3.59,3.32,2.9,1,True,True
True,True,1,q,chandra,as_1897,1893,LEAD,Uneenumerated,Germany,Tons,55189,50189,55189,103440,50189,103440,-5000,5->0,13,63403,False,True,1.87,2.06,2.72,1,True,True
True,True,1,v,chandra,as_1898,1895,"HORNS, tips and pieces of Horns and Hoofs","Manufactures of Iron or Steel, unenumerated",Northern Ports,Cwts,6103,1103,372,6103,372,1103,-5000,6->1,12,23544,False,True,16.41,2.97,9.37,1,True,True
True,True,1,q,infinity,as_1890,1890,CAOUTCHOUC,Manufactures of,Holland,Lbs,200690,205690,200690,32472,205690,32472,5000,0->5,6,3568357,False,True,0.16,0.16,0.12,1,True,True
True,True,1,q,infinity,as_1897,1894,Cotton,Cinnamon,Japan,Lbs,65520,60520,65520,340,60520,340,-5000,5->0,4,63230,False,True,0.01,0.01,0.04,1,True,True
True,True,1,q,infinity,as_1899,1899,"CARDS, PLAYING",COLLODION,Holland,Gallons,9317,5317,9317,574,5317,574,-4000,9->5,4,24303,False,True,0.06,0.11,0.09,1,True,True
True,True,1,q,chandra,as_1899,1897,PARAFFINE,,United States of America,Cwts,736136,733136,736136,636611,733136,636611,-3000,6->3,3,736228,False,True,0.86,0.87,0.99,1,True,True
True,True,1,v,chandra,as_1899,1899,CIDER AND PERRY,,United States of America,Gallons,13173,15173,373585,13173,373585,15173,2000,3->5,4,15767,False,True,0.04,0.04,0.14,1,True,True
True,False,1,q,chandra,as_1897,1894,FEATHERS AND DOWN,Eastern Coast of Africa,Sweden,,722963,722163,722963,75572,722163,75572,-800,9->1,4,956327,False,True,0.1,0.1,0.17,1,True,True
True,False,1,v,chandra,as_1897,1897,FLAX,"Plums, Raw",Belgium,,29195,29895,89900,29195,89900,29895,700,1->8,6,496693,False,True,0.32,0.33,0.47,1,True,True
True,True,1,v,infinity,as_1876,1876,ZINC,Ore,Other Countries,Tons,1823,1223,254,1823,254,1223,-600,8->2,3,56021,False,True,7.18,4.81,5.35,1,True,True
True,True,1,v,chandra,as_1895,1895,WINE,"Red, in Bottles : Still",Australasia,Gallons,1564,1964,4324,1564,4324,1964,400,5->9,4,6428,False,True,0.36,0.45,0.47,1,True,True
True,True,1,q,chandra,as_1885,1885,METAL,"Old, fit only to be re-manufactured",Germany,,968,668,968,17238,668,17238,-300,9->6,7,1130,False,True,17.81,25.81,28.12,1,True,True
True,True,1,v,chandra,as_1897,1895,CORDAGE,Buckwheat,France,Cwts,31375,31075,113910,31375,113910,31075,-300,3->0,4,36526,False,True,0.28,0.27,0.27,1,True,True
True,True,1,q,infinity,as_1885,1885,METAL,"Wrought or Manufactured : Old, fit only to be re-manufactured",Germany,Tons,968,668,968,17258,668,17258,-300,9->6,7,1130,False,True,17.83,25.84,28.12,1,True,True
True,True,1,v,infinity,as_1897,1895,"CHINA, OR PORCELAIN, AND EARTHENWARE",Buckwheat,France,Cwts,31375,31075,113910,31375,113910,31075,-300,3->0,4,36526,False,True,0.28,0.27,0.27,1,True,True
True,True,1,q,chandra,as_1883,1883,GUTTA PERCHA,Manufactures of,Germany,,480,380,480,2013,380,2013,-100,4->3,4,575,False,True,4.19,5.3,6.72,1,True,True
True,True,1,q,chandra,as_1897,1895,IVORY,Eastern Coast of Africa,Holland,,1198,1098,1198,14750,1098,14750,-100,1->0,6,1231,False,True,12.31,13.43,15.0,1,True,True
True,False,1,v,chandra,as_1897,1897,LEAD,Phosphate of Lime and Rock,France,,45110,45190,35107,45110,35107,45190,80,1->9,10,487444,False,True,1.28,1.29,1.53,1,True,True
True,False,1,v,chandra,as_1899,1899,IVORY,Vegetable,Germany,Cwts,1200,1270,3360,1200,3360,1270,70,0->7,4,6620,False,True,0.36,0.38,0.42,1,True,True
True,False,1,v,infinity,as_1899,1899,IRON,Vegetable,Germany,Cwts,1200,1270,3360,1200,3360,1270,70,0->7,4,6620,False,True,0.36,0.38,0.42,1,True,True
True,True,1,q,chandra,as_1898,1895,WINE,"in Bottles, Still",Other British Possessions,Gallons,2889,2829,2889,1313,2829,1313,-60,8->2,4,16202,False,True,0.45,0.46,0.48,1,True,True
True,True,1,q,chandra,as_1896,1896,"DYE STUFFS (other than Dye Woods), and Substances used in Tanning or Dyeing",Myrobalans,Madras,Cwts,51860,51810,51860,11947,51810,11947,-50,6->1,5,521906,False,True,0.23,0.23,0.25,1,True,True
True,True,1,v,infinity,as_1890,1890,FISH,"Shell fish, all sorts",Other Foreign Countries,Cwts,1061,1011,443,1061,443,1011,-50,6->1,6,388733,False,True,2.4,2.28,1.67,1,True,True
True,True,1,q,infinity,as_1896,1896,"DYE STUFFS (other than Dye Woods), and Substances used in Tanning or Dyeing",Myrobalans,Madras,Cwts,51860,51810,51860,11947,51810,11947,-50,6->1,5,521906,False,True,0.23,0.23,0.25,1,True,True
True,False,1,q,infinity,as_1890,1890,"PERFUMERY, and Articles used in the Manufacture thereof",,United States of America,,654364,654324,654364,22873,654324,22873,-40,6->2,8,1353266,False,True,0.03,0.03,0.1,1,True,True
True,True,1,q,chandra,as_1899,1895,LEAD,"Varnished, Japanned, or Enamelled",Germany,Cwts,271,241,271,2475,241,2475,-30,7->4,5,4005,False,True,9.13,10.27,23.25,1,True,True
True,False,1,q,chandra,as_1898,1894,BEEF,Salted,United States of America,Cwts,235129,235121,235129,332743,235121,332743,-8,9->1,3,236207,False,True,1.42,1.42,1.64,1,True,True
True,False,1,q,chandra,as_1899,1899,FRUIT,"Unenumerated, Raw",Channel Islands,Bushels,13691,13699,13691,23529,13699,23529,8,1->9,5,23977,False,True,1.72,1.72,1.03,1,True,True
True,False,1,v,chandra,as_1898,1898,"HORNS, tips and pieces of Horns and Hoofs","Manufactures of Iron or Steel, unenumerated",Australasia,Cwts,48,41,250,48,250,41,-7,8->1,4,4844,False,True,0.19,0.16,0.11,1,True,True
True,False,1,q,infinity,as_1898,1897,Bark,Canada,On the Atlantic,,256638,256631,256638,734060,256631,734060,-7,8->1,4,356234,False,True,2.86,2.86,3.28,1,True,True
True,True,1,v,infinity,as_1888,1888,WOOL,"Alpaca, Vicuña, and Llama",Other Foreign Countries,Lbs,161,166,3572,161,3572,166,5,1->6,4,180218,False,True,0.05,0.05,0.05,1,True,True
False,True,6,q,infinity,as_1899,1899,GOLD,Leaves of,Belgium,Number,14942000,44942000,14942000,89172,44942000,89172,30000000,1->4,3,49108570,True,True,0.01,0.0,0.0,1,True,False
False,False,6,q,infinity,as_1888,1888,"LEATHER, Undressed",,British East Indies : Bombay and Scinde,Lbs,4074220,4974220,4074220,348256,4974220,348256,900000,0->9,16,42369114,True,True,0.09,0.07,0.05,1,True,False
False,False,6,v,infinity,as_1892,1892,BACON AND HAMS,Bacon,Denmark,Cwts,1019397,1919397,671882,1019397,671882,1919397,900000,0->9,7,7467416,True,True,1.52,2.86,2.19,1,True,False
False,False,6,q,infinity,as_1876,1876,"SKINS, FURS, AND PEELTS","Sheep and Lamb, Tanned, Tawed, or Dressed",Australia,Number,1837843,1337843,1837843,60486,1337843,60486,-500000,8->3,6,5566381,True,True,0.03,0.05,0.09,1,True,False
False,True,6,q,infinity,as_1878,1878,SILK,Raw,China,Lbs,3814981,3314981,3814981,2851312,3314981,2851312,-500000,8->3,9,4170606,True,True,0.75,0.86,1.0,1,True,False
False,True,6,q,infinity,as_1890,1890,LINEN,Yarn,Germany,Lbs,810663,310663,810663,14670,310663,14670,-500000,8->3,5,17365236,True,True,0.02,0.05,0.04,1,True,False
False,True,6,v,infinity,as_1890,1890,"RAGS, and other MATERIALS for MAKING PAPER","Esparto, and other Vegetable Fibres",Algeria,Tons,861572,361572,78006,861572,78006,361572,-500000,8->3,5,1045722,True,True,11.04,4.64,4.25,1,True,False
False,False,6,v,infinity,as_1894,1894,"ANIMALS, LIVING'd)",Sheep and Lambs,United States of America,No,844843,344843,198138,844843,198138,344843,-500000,8->3,5,567078,True,True,4.26,1.74,1.74,1,True,False
False,True,6,q,chandra,as_1896,1896,BUTTER,MARGARINE (including all kinds of Artificial or Imitation Butter),Holland,Cwts,561887,861887,561887,2304335,861887,2304335,300000,5->8,6,925905,True,True,4.1,2.67,2.77,1,True,False
False,True,6,q,infinity,as_1895,1895,SPICES,Pepper,Holland,Lbs,270040,170040,270040,2372,170040,2372,-100000,2->1,6,552266,True,True,0.01,0.01,0.01,1,True,False
False,True,6,v,chandra,as_1883,1883,SILK,"Thrown, dyed or not",France,Lbs,298943,208943,188841,298943,188841,208943,-90000,9->0,5,303919,True,True,1.58,1.11,0.99,1,True,False
False,False,6,q,chandra,as_1895,1895,CHEESE,,Holland,Cwts,395920,305920,395920,774790,305920,774790,-90000,9->0,8,889359,True,True,1.96,2.53,2.52,1,True,False
False,False,6,v,chandra,as_1898,1897,WOOLLEN YARN,Cloths,Germany,,105221,195221,1281247,105221,1281247,195221,90000,0->9,6,869041,True,True,0.08,0.15,0.18,1,True,False
False,False,6,v,chandra,as_1899,1897,NUTS AND KERNELS,Coco-nut,British East Indies : Ceylon,Cwts,195622,105622,99212,195622,99212,105622,-90000,9->0,6,180797,True,True,1.97,1.06,1.05,1,True,False
False,False,6,q,infinity,as_1889,1889,LEATHER,Dressed,Germany,Lbs,1203474,1293474,1203474,222574,1293474,222574,90000,0->9,8,30344043,True,True,0.18,0.17,0.15,1,True,False
False,False,6,q,infinity,as_1897,1895,Beef,"Unenumerated, Old, fit only to be Re-manufactured—cont.",France,Tons,204011,294011,204011,611169,294011,611169,90000,0->9,8,544734,True,True,3.0,2.08,1.86,1,True,False
False,False,6,v,infinity,as_1898,1896,FLAX,"Other Plate, whether silvered or not",Belgium,Cwts,205030,295030,219335,205030,219335,295030,90000,0->9,5,312744,True,True,0.93,1.35,1.55,1,True,False
False,False,6,q,infinity,as_1899,1895,OIL,Coco-nut,British East Indies : Ceylon,Cwts,107236,197236,107236,217871,197236,217871,90000,0->9,5,252109,True,True,2.03,1.1,1.23,1,True,False
False,False,6,q,chandra,as_1889,1889,TALLOW and STEARINE,,Australasia,Cwts,481169,431169,481169,551072,431169,551072,-50000,8->3,6,456242,True,True,1.15,1.28,1.3,1,True,False
False,False,6,q,infinity,as_1898,1897,"CARDS, PLAYING",Raisins,"Turkey, Asiatic",Cwts,382499,332499,382499,504040,332499,504040,-50000,8->3,7,671598,True,True,1.32,1.52,1.48,1,True,False
False,True,6,v,infinity,as_1889,1889,IRON,"Old Broken, and Old Cast Iron and Steel",Sweden,Tons,13215,43215,12040,13215,12040,43215,30000,1->4,8,71172,True,True,1.1,3.59,3.0,1,True,False
False,True,6,v,infinity,as_1893,1893,SPICES,Pepper,British East Indies : Straits Settlements,Lbs,316477,346477,26125324,316477,26125324,346477,30000,1->4,13,374064,True,True,0.01,0.01,0.02,1,True,False
False,False,6,v,infinity,as_1872,1872,HEMP,Vegetable Substances applicable to the same uses as Hemp or Flax,Mexico,Cwts,63330,53330,30759,63330,30759,53330,-10000,6->5,8,94564,True,True,2.06,1.73,1.27,1,True,False
False,True,6,v,infinity,as_1876,1876,COTTON,Yarn,Holland,Lbs,62012,52012,536400,62012,536400,52012,-10000,6->5,5,183259,True,True,0.12,0.1,0.09,1,True,False
False,False,6,v,chandra,as_1881,1881,WOOD and TIMBER,Staves,Sweden,Loads,20144,29144,13677,20144,13677,29144,9000,0->9,8,586788,True,True,1.47,2.13,7.05,1,True,False
False,False,6,q,chandra,as_1894,1894,CAOUTCHOUQ,Manufactures of,United States of America,Lbs,559239,550239,559239,61794,550239,61794,-9000,9->0,7,3195464,True,True,0.11,0.11,0.15,1,True,False
False,False,6,v,chandra,as_1898,1896,MEAT,"Unenumerated, Salted or Fresh",United States of America,Cwts,90058,99058,60610,90058,60610,99058,9000,0->9,8,536326,True,True,1.49,1.63,2.11,1,True,False
False,False,6,q,chandra,as_1898,1897,WOOLLEN YARN,Cloths,France,,10573,19573,10573,2504,19573,2504,9000,0->9,6,5376141,True,True,0.24,0.13,0.18,1,True,False
False,False,6,q,chandra,as_1899,1899,FRUIT,"Cherries, Raw",Holland,Bushels,20020,29020,20020,11920,29020,11920,9000,0->9,5,281236,True,True,0.6,0.41,0.44,1,True,False
False,True,6,v,chandra,as_1899,1897,MEAT,"Unenumerated, Salted or Fresh",Australasia : New Zealand,Cwts,29734,20734,8602,29734,8602,20734,-9000,9->0,6,30046,True,True,3.46,2.41,2.47,1,True,False
False,False,6,v,infinity,as_1898,1897,BEEF,Fresh,United States of America,Cwts,4600130,4609130,2242063,4600130,2242063,4609130,9000,0->9,7,4834982,True,True,2.05,2.06,2.17,1,True,False
False,False,6,v,infinity,as_1898,1897,METAL,Coco-nut,France,Cwts,20807,29807,27698,20807,27698,29807,9000,0->9,6,84871,True,True,0.75,1.08,1.09,1,True,False
False,False,6,v,infinity,as_1898,1894,SUGAR,"Sawn or Split, planed or dressed, Fir",Canada,Loads,2770539,2779539,1216718,2770539,1216718,2779539,9000,0->9,7,2845466,True,True,2.28,2.28,5.46,1,True,False
False,False,6,q,infinity,as_1898,1896,TOBACCO,Other Sorts,France,Lbs,10034,19034,10034,4777,19034,4777,9000,0->9,12,642858,True,True,0.48,0.25,0.23,1,True,False
False,False,6,q,infinity,as_1899,1897,HATS OR BONNETS,Of Straw,Belgium,,70688,79688,70688,43291,79688,43291,9000,0->9,8,225445,True,True,0.61,0.54,0.37,1,True,False
False,False,6,v,infinity,as_1899,1899,METAL,"Unenumerated, Old, fit only to be Re-manufactured—cont.",British East Indies : Bengal,Tons,60589,69589,12301,60589,12301,69589,9000,0->9,7,105755,True,True,4.93,5.66,7.05,1,True,False
False,False,6,v,infinity,as_1899,1896,SUGAR,"Hewn, Unenumerated",Canada,Loads,150969,159969,43558,150969,43558,159969,9000,0->9,3,197904,True,True,3.47,3.67,5.73,1,True,False
False,False,6,v,chandra,as_1889,1889,BUTTER,,British East Indies,Cwts,9063,3063,1091,9063,1091,3063,-6000,9->3,5,175490,True,True,8.31,2.81,5.14,1,True,False
False,True,6,q,infinity,as_1879,1879,DYE WOODS,Logwood,British West India Islands,Tons,28641,23641,28641,134861,23641,134861,-5000,8->3,5,44553,True,True,4.71,5.7,6.41,1,True,False
False,True,6,v,infinity,as_1894,1894,MANURES,Unenumerated,Holland,Tons,8269,3269,331,8269,331,3269,-5000,8->3,11,144597,True,True,24.98,9.88,3.19,1,True,False
False,True,6,v,infinity,as_1894,1894,SPICES,Pepper,Java,Lbs,8302,3302,312452,8302,312452,3302,-5000,8->3,4,11600,True,True,0.03,0.01,0.02,1,True,False
False,False,6,v,chandra,as_1893,1893,WOOLLEN MANUFACTURES,Cloths,Holland,Yards,363959,363059,2130204,363959,2130204,363059,-900,9->0,5,468797,True,True,0.17,0.17,0.15,1,True,False
False,False,6,v,chandra,as_1898,1893,GLASS,Leaves of,France,Number,8045,8945,4649400,8045,4649400,8945,900,0->9,4,163571,True,True,0.0,0.0,0.0,1,True,False
False,False,6,v,chandra,as_1898,1894,PORK,Salted (not hams),Holland,,1038,1938,1935,1038,1935,1938,900,0->9,7,323616,True,True,0.54,1.0,1.58,1,True,False
False,False,6,q,infinity,as_1879,1879,FLAX,Dressed,Holland,Cwts,13024,13924,13024,52888,13924,52888,900,0->9,4,23275,True,True,4.06,3.8,3.75,1,True,False
False,False,6,v,infinity,as_1882,1882,PITON,,Russia,,9046,9946,30758,9046,30758,9946,900,0->9,4,24321,True,True,0.29,0.32,0.44,1,True,False
False,False,6,q,infinity,as_1895,1895,Cotton,Flax or Linseed,Italy,Quarters,2096,2996,2096,5801,2996,5801,900,0->9,11,1389062,True,True,2.77,1.94,1.75,1,True,False
False,False,6,v,infinity,as_1897,1893,TIN,"Hewn, Teak",France,Loads,1015,1915,165,1015,165,1915,900,0->9,6,15814,True,True,6.15,11.61,10.19,1,True,False
False,False,6,v,infinity,as_1898,1893,FLAX,Leaves of,Belgium,Number,153031,153931,79638000,153031,79638000,153931,900,0->9,4,163571,True,True,0.0,0.0,0.0,1,True,False
False,False,6,q,infinity,as_1898,1894,LEATHER,"Unenumerated, Salted or Fresh",Australasia : New Zealand,Cwts,2016,2916,2016,8258,2916,8258,900,0->9,5,11240,True,True,4.1,2.83,3.32,1,True,False
False,False,6,q,infinity,as_1898,1894,Beef,Mutton,Australasia : New South Wales,Cwts,80061,80961,80061,137174,80961,137174,900,0->9,6,107877,True,True,1.71,1.69,1.68,1,True,False
False,True,6,v,infinity,as_1898,1894,METAL,Castor,Belgium,Cwts,28008,28908,25505,28008,25505,28908,900,0->9,6,119944,True,True,1.1,1.13,1.46,1,True,False
False,False,6,v,infinity,as_1898,1894,METAL,Cotton Cake,France,Tons,17077,17977,4040,17077,4040,17977,900,0->9,5,427778,True,True,4.23,4.45,4.65,1,True,False
False,False,6,v,infinity,as_1898,1897,METAL,Of other sorts,British East Indies : Ceylon,Tons,3064,3964,756,3064,756,3964,900,0->9,7,8301,True,True,4.05,5.24,5.0,1,True,False
False,False,6,q,infinity,as_1898,1898,SUGAR,"Hewn, Unenumerated",United States of America,Loads,11014,11914,11014,51925,11914,51925,900,0->9,7,41680,True,True,4.71,4.36,1.78,1,True,False
False,False,6,v,infinity,as_1899,1897,GOLD,Eastern Coast of Africa,Portuguese Possessions,,1079,1979,162,1079,162,1979,900,0->9,5,13231,True,True,6.66,12.22,22.96,1,True,False
False,False,6,q,infinity,as_1899,1899,LEATHER,"Varnished, Japanned, or Enamelled",Holland,,2018,2918,2018,83512,2918,83512,900,0->9,5,8106,True,True,41.38,28.62,31.45,1,True,False
False,False,6,v,infinity,as_1899,1898,Beef,Other Sorts,Australasia : Victoria,Cwts,26099,26999,19271,26099,19271,26999,900,0->9,7,83304,True,True,1.35,1.4,1.64,1,True,False
False,False,6,v,infinity,as_1899,1896,SEEDS,Clover and Grass,France,Cwts,215095,215995,130630,215095,130630,215995,900,0->9,9,691169,True,True,1.65,1.65,1.87,1,True,False
False,False,6,v,chandra,as_1893,1893,TOBACCO,Other sorts,Malta,Lbs,928,328,2082,928,2082,328,-600,9->3,3,1497,True,True,0.45,0.16,0.11,1,True,False
False,False,6,q,infinity,as_1873,1873,LIQUORICE,,Spain,Cwts,3071,3671,3071,10608,3671,10608,600,0->6,5,29179,True,True,3.45,2.89,2.36,1,True,False
False,False,6,q,infinity,as_1882,1882,Corn and Grain,Rye,Roumania,Cwts,24966,24366,24966,7676,24366,7676,-600,9->3,6,305939,True,True,0.31,0.32,0.4,1,True,False
False,False,6,q,chandra,as_1893,1893,VINEGAR,,Belgium,Gallons,92819,92319,92819,4551,92319,4551,-500,8->3,4,172642,True,True,0.05,0.05,0.08,1,True,False
False,False,6,v,infinity,as_1877,1877,IRON,Bars,Sweden,,815839,815339,69699,815839,69699,815339,-500,8->3,4,977971,True,True,11.71,11.7,11.65,1,True,False
False,True,6,q,infinity,as_1887,1887,"DYE STUFFS, and Substances used in Tanning",Shumach,France,Tons,895,395,895,5053,395,5053,-500,8->3,4,13038,True,True,5.65,12.79,11.69,1,True,False
False,True,6,q,infinity,as_1897,1895,Cotton,Dutch Possessions in Indian Seas,Channel Islands,Tons,247891,247391,247891,139289,247391,139289,-500,8->3,3,247445,True,True,0.56,0.56,9.64,1,True,False
False,False,6,q,chandra,as_1882,1882,WOOLLEN YARN,For Weaving,France,,1795400,1795490,1795400,285219,1795490,285219,90,0->9,4,12731339,True,True,0.16,0.16,0.12,1,True,False
False,False,6,q,chandra,as_1897,1893,"CARDS, PLAYING",,Other Foreign Countries,Dozen Packs,400,490,400,500,490,500,90,0->9,3,99102,True,True,1.25,1.02,0.67,1,True,False
False,False,6,v,chandra,as_1898,1898,"COPPER, ORE OF",Yarn,Other Foreign Countries,Lbs,708,798,21906,708,21906,798,90,0->9,6,206669,True,True,0.03,0.04,0.05,1,True,False
False,False,6,v,chandra,as_1898,1895,PORK,Salted (not hams),Holland,,1206,1296,1197,1206,1197,1296,90,0->9,7,253978,True,True,1.01,1.08,1.39,1,True,False
False,False,6,v,chandra,as_1899,1895,IRON,"Manufactures of Iron or Steel, unenumerated",Australasia,Cwts,2900,2990,2032,2900,2032,2990,90,0->9,4,23458,True,True,1.43,1.47,2.62,1,True,False
False,False,6,q,infinity,as_1887,1887,LEAD,Ore of,Italy,Tons,302,392,302,3138,392,3138,90,0->9,12,14856,True,True,10.39,8.01,7.75,1,True,False
False,False,6,q,infinity,as_1888,1888,Corn and Grain,Pease,Morocco,Cwts,2904,2994,2904,1180,2994,1180,90,0->9,8,1121774,True,True,0.41,0.39,0.37,1,True,False
False,True,6,v,infinity,as_1890,1890,"ORE, unenumerated",,United States of America,,1407,1497,91,1407,91,1497,90,0->9,18,343398,True,True,15.46,16.45,22.07,1,True,False
False,False,6,v,infinity,as_1896,1896,WOOL,Mohair,Other British Possessions,Lbs,202,292,8720,202,8720,292,90,0->9,3,540750,True,True,0.02,0.03,0.05,1,True,False
False,False,6,v,infinity,as_1897,1896,WOOL,"Alpaca, Vicuña, and Llama",Chile,,47403,47493,842840,47403,842840,47493,90,0->9,4,295758,True,True,0.06,0.06,0.06,1,True,False
False,False,6,v,infinity,as_1897,1895,"CARDS, PLAYING",,Germany,Dozen Packs,2503,2593,14494,2503,14494,2593,90,0->9,3,3610,True,True,0.17,0.18,0.22,1,True,False
False,False,6,v,infinity,as_1898,1897,"ANIMALS, LIVING",Geldings,Denmark,Number,16501,16591,1605,16501,1605,16591,90,0->9,9,506403,True,True,10.28,10.34,29.07,1,True,False
False,False,6,v,infinity,as_1898,1894,Cotton,"Garden, unenumerated",Canada,Lbs,1905,1995,155088,1905,155088,1995,90,0->9,4,4030,True,True,0.01,0.01,0.02,1,True,False
False,False,6,q,infinity,as_1898,1895,"SKINS, AND FURS",Cinnamon,Holland,Lbs,16300,16390,16300,621,16390,621,90,0->9,3,26960,True,True,0.04,0.04,0.04,1,True,False
False,True,6,v,infinity,as_1898,1898,ZINC,"Crude, in cakes",Australasia,Tons,12102,12192,1015,12102,1015,12192,90,0->9,3,15798,True,True,11.92,12.01,15.02,1,True,False
False,False,6,q,infinity,as_1898,1895,SPIRITS,Rum,France,Proof Gallons,315507,315597,315507,26188,315597,26188,90,0->9,7,1259634,True,True,0.08,0.08,0.07,1,True,False
False,False,6,q,infinity,as_1899,1899,GLASS,"Manufactures, unenumerated",Italy,Cwts,105,195,105,272,195,272,90,0->9,10,905732,True,True,2.59,1.39,1.77,1,True,False
False,False,6,v,infinity,as_1899,1897,SUGAR,"Hewn, Unenumerated",Norway,Loads,1204,1294,913,1204,913,1294,90,0->9,7,115214,True,True,1.32,1.42,1.78,1,True,False
False,False,6,q,infinity,as_1899,1897,SUGAR,Mahogany,Other Foreign Countries,,108,198,108,1560,198,1560,90,0->9,12,48603,True,True,14.44,7.88,9.14,1,True,False
False,False,6,v,infinity,as_1899,1895,"CARDS, PLAYING","Kiln Dried, Roasted, or Ground",Germany,Lbs,203,293,6626,203,6626,293,90,0->9,6,814,True,True,0.03,0.04,0.05,1,True,False
False,False,6,v,infinity,as_1897,1894,Cotton,Dutch Possessions in Indian Seas,British West India Islands,Lbs,630,690,8996,630,8996,690,60,3->9,3,4810,True,True,0.07,0.08,0.17,1,True,False
False,False,6,q,infinity,as_1898,1896,Cotton,"Garden, unenumerated",British East Indies,Lbs,37404,37464,37404,1812,37464,1812,60,0->6,3,91516,True,True,0.05,0.05,0.03,1,True,False
False,False,6,q,infinity,as_1894,1894,GOLD,"Ore of, or Ore of which the greater part in value is Gold",Other Foreign Countries,,83,33,83,1567,33,1567,-50,8->3,3,66,True,True,18.88,47.48,49.84,1,True,False
False,False,6,q,chandra,as_1890,1890,HORNS and HGOFS,,British Possessions in South Africa,Tons,330,339,330,14619,339,14619,9,0->9,4,2533,True,True,44.3,43.12,41.08,1,True,False
False,False,6,q,chandra,as_1897,1894,CORDAGE,Maize or Indian Corn,Other British Possessions,Cwts,1849,1840,1849,370,1840,370,-9,9->0,3,786988,True,True,0.2,0.2,0.21,1,True,False
False,False,6,v,chandra,as_1898,1896,AMMUNITION,Stallions,Australasia : New Zealand,,2509,2500,3,2509,3,2500,-9,9->0,6,13075,True,True,836.33,833.33,615.0,1,True,False
False,False,6,q,infinity,as_1897,1893,TIN,"Hewn, Fir",Germany,Loads,170010,170019,170010,310782,170019,310782,9,0->9,9,1804934,True,True,1.83,1.83,1.31,1,True,False
False,False,6,v,infinity,as_1898,1898,LEATHER,Phosphate of Lime and Rock,Other Foreign Countries,,49,40,8,49,8,40,-9,9->0,11,500519,True,True,6.12,5.0,1.58,1,True,False
False,False,6,q,infinity,as_1898,1894,METAL,"Fish, Sperm or Head-matter",United States of America,Tuns,190,199,190,7618,199,7618,9,0->9,4,557,True,True,40.09,38.28,38.27,1,True,False
False,False,6,v,infinity,as_1898,1895,"SKINS, AND FURS",Dutch Possessions in Indian Seas,Channel Islands,Lbs,139280,139289,247301,139280,247301,139289,9,0->9,3,140113,True,True,0.56,0.56,9.64,1,True,False
False,False,6,v,infinity,as_1898,1896,ZINC,"Crude, in cakes",Other Foreign Countries,Tons,1570,1579,118,1570,118,1579,9,0->9,8,1236015,True,True,13.31,13.38,16.1,1,True,False
False,False,6,q,infinity,as_1899,1896,BEEF,Fresh,Canada,Cwts,9100,9109,9100,18111,9109,18111,9,0->9,5,532887,True,True,1.99,1.99,1.36,1,True,False
False,False,6,q,infinity,as_1899,1898,CHEESE,"Old, fit only to be re-manu- factured",British Guiana,Tons,30,39,30,1546,39,1546,9,0->9,7,337,True,True,51.53,39.64,36.04,1,True,False
False,True,6,v,infinity,as_1899,1896,FRUIT,"Unenumerated, Dried",Persia,Cwts,6700,6709,9570,6700,9570,6709,9,0->9,10,231629,True,True,0.7,0.7,1.57,1,True,False
False,False,6,v,infinity,as_1899,1896,Cotton,Flax or Linseed,British East Indies : Madras,Quarters,60,69,40,60,40,69,9,0->9,6,1195106,True,True,1.5,1.73,1.84,1,True,False
False,False,6,q,infinity,as_1899,1895,"CARDS, PLAYING",Figs and Fig Cake,Greece,Cwts,830,839,830,1350,839,1350,9,0->9,8,138737,True,True,1.63,1.61,1.11,1,True,False
False,False,6,v,chandra,as_1897,1896,WOOL,"Alpaca, Vicuña, and Llama",United States of America : On the Atlantic,,21046,21040,276190,21046,276190,21040,-6,6->0,4,295758,True,True,0.08,0.08,0.06,1,True,False
False,True,6,q,infinity,as_1888,1888,Corn and Grain,"Meal, unenumerated",Austrian Territories,Cwts,44638,44633,44638,10022,44633,10022,-5,8->3,8,588291,True,True,0.22,0.22,0.27,1,True,False
False,True,6,q,chandra,as_1881,1881,FISH,Fresh (not of British taking),Other Countries,Cwts,11401,11404,11401,22080,11404,22080,3,1->4,5,535753,True,True,1.94,1.94,1.53,1,True,False
False,False,6,v,chandra,as_1896,1896,BEEF,Fresh,Argentine Republic,Cwts,69395,69398,50095,69395,50095,69398,3,5->8,4,4289942,True,True,1.39,1.39,2.03,1,True,False
False,True,6,q,infinity,as_1896,1896,"CORN, GRAIN, MEAL, AND FLOUR",Oats,United States of America,Cwts,1552500,4552500,1552500,1051702,4552500,1051702,3000000,1->4,10,16726030,True,True,0.68,0.23,0.26,2,False,False
False,False,6,q,infinity,as_1888,1888,LEATHER'd),Dressed,Belgium,Lbs,832848,332848,832848,51654,332848,51654,-500000,8->3,8,21923202,True,True,0.06,0.16,0.15,3,False,False
False,True,6,q,infinity,as_1878,1878,Corn and Grain,Wheat,United States of America : On the Atlantic,Cwts,24168189,24468189,24168189,13653159,24468189,13653159,300000,1->4,17,49906484,True,True,0.56,0.56,0.54,12,False,False
False,True,6,v,infinity,as_1880,1880,"TEETH, Elephants', Sea Cow, and Sea Horse","In Blocks, Ingots, Bars, or Slabs, and Regulus",Australia,Cwts,529698,829698,188037,529698,188037,829698,300000,5->8,4,1736096,True,True,2.82,4.41,4.48,2,False,False
False,True,6,q,infinity,as_1885,1885,BACON AND HAMS,Bacon,Germany,Cwts,132627,432627,132627,1340943,432627,1340943,300000,1->4,5,2978467,True,True,10.11,3.1,2.85,2,False,False
False,True,6,v,infinity,as_1894,1894,Corn and Grain,Wheat,United States of America : On the Pacific,Cwts,2198504,2498504,8884417,2198504,8884417,2498504,300000,1->4,13,15459543,True,True,0.25,0.28,0.27,6,False,False
False,True,6,v,infinity,as_1872,1872,"SILVER ORE, or ORE of which the greater part in value is Silver",,Chili,Tons,623472,523472,4132,623472,4132,523472,-100000,6->5,7,2188010,True,True,150.89,126.69,91.75,4,False,False
False,True,6,q,infinity,as_1889,1889,CHICORY,"Red, in Casks",France,Gallons,3606964,3666964,3606964,768690,3666964,768690,60000,0->6,5,9677301,True,True,0.21,0.21,0.17,2,False,False
False,False,6,v,infinity,as_1898,1897,Bark,Valonia,Asiatic,Tons,200315,260315,24780,200315,24780,260315,60000,0->6,5,300324,True,True,8.08,10.51,9.78,2,False,False
False,False,6,q,infinity,as_1898,1897,LEATHER,Gloves,Holland,Doz. Pairs,603727,663727,603727,708216,663727,708216,60000,0->6,6,2026236,True,True,1.17,1.07,1.11,2,False,False
False,True,6,q,chandra,as_1872,1872,Wool,Other Kinds and Wool Flocks,Turkey,,686681,636681,686681,12203,636681,12203,-50000,8->3,6,1531074,True,True,0.02,0.02,0.03,4,False,False
False,True,6,q,chandra,as_1889,1889,SPICES,East Coast of Africa,British East Indies,,5233915,5283915,5233915,264749,5283915,264749,50000,3->8,5,10256180,True,True,0.05,0.05,0.02,4,False,False
False,False,6,v,chandra,as_1893,1893,MARGARINE,,Norway,Cwts,88761,38761,14011,88761,14011,38761,-50000,8->3,6,3655169,True,True,6.34,2.77,2.78,2,False,False
False,False,6,q,chandra,as_1894,1894,GLASS,"Manufactures of, unenumerated",Germany,,233220,283220,233220,497923,283220,497923,50000,3->8,8,732070,True,True,2.13,1.76,1.94,4,False,False
False,True,6,q,chandra,as_1898,1895,"COPPER, ORE OF",Yarn,Holland,Lbs,933002,983002,933002,52004,983002,52004,50000,3->8,6,7371059,True,True,0.06,0.05,0.05,5,False,False
False,False,6,q,chandra,as_1898,1898,ZINC,"Crude, in cakes",British East Indies : Bombay,Goods,37675,87675,37675,92508,87675,92508,50000,3->8,29,302818,True,True,2.46,1.06,1.22,4,False,False
False,False,6,q,infinity,as_1878,1878,Corn and Grain,Beans,Morocco,,383650,333650,383650,123948,333650,123948,-50000,8->3,8,1872182,True,True,0.32,0.37,0.43,4,False,False
False,True,6,q,infinity,as_1888,1888,Cotton,Tares and Lentils,Germany,Bushels,182138,132138,182138,23967,132138,23967,-50000,8->3,5,304013,True,True,0.13,0.18,0.17,3,False,False
False,False,6,q,infinity,as_1895,1895,EGGS,,Portugal,Great Hundreds,87162,37162,87162,14282,37162,14282,-50000,8->3,12,12256672,True,True,0.16,0.38,0.31,4,False,False
False,False,6,q,infinity,as_1898,1895,LEATHER,Undressed,British East Indies : Madras,Cwts,235469,285469,235469,2037865,285469,2037865,50000,3->8,14,548171,True,True,8.65,7.14,4.77,4,False,False
False,True,6,v,chandra,as_1875,1875,Cotton,Rape,Turkey,Quarters,46585,16585,6200,46585,6200,16585,-30000,4->1,7,1159184,True,True,7.51,2.67,2.51,5,False,False
False,False,6,v,chandra,as_1880,1880,"HIDES, not Tanned, Tawed, Curried, or in any way Dressed",Wet,Holland,Cwts,52887,82887,32121,52887,32121,82887,30000,5->8,14,1608127,True,True,1.65,2.58,2.74,11,False,False
False,True,6,q,chandra,as_1880,1880,"SKINS, FURS, and PELTS","Unenumerated: Other Sorts, Tanned, Tawed, or Dressed",France,Number,111310,141310,111310,41304,141310,41304,30000,1->4,3,366033,True,True,0.37,0.29,0.11,3,False,False
False,True,6,v,chandra,as_1884,1884,IRON,"Manufactures, of Iron and Steel;   Sewing Machines : Unenumerated",Holland,Cwts,1013724,1043724,1641317,1013724,1641317,1043724,30000,1->4,12,2693422,True,True,0.62,0.64,1.62,7,False,False
False,True,6,q,chandra,as_1895,1895,BEADS OF ALL SORTS,Fresh,United States of America,Cwts,1619473,1649473,1619473,3450184,1649473,3450184,30000,1->4,4,1680732,True,True,2.13,2.09,1.93,2,False,False
False,False,6,v,chandra,as_1896,1896,"COPPER, Ore of",Regulus and Precipitate,Cape of Good Hope,Tons,58504,88504,4366,58504,4366,88504,30000,5->8,6,213333,True,True,13.4,20.27,24.17,2,False,False
False,False,6,v,chandra,as_1897,1895,WOOLLEN YARN,Cloths,Germany,,51526,81526,483332,51526,483332,81526,30000,5->8,6,701641,True,True,0.11,0.17,0.16,2,False,False
False,True,6,v,chandra,as_1899,1896,NUTS AND KERNELS,Commonly used for expressing Oil therefrom,Islands in the Pacific,Tons,52223,82223,6017,52223,6017,82223,30000,5->8,16,175742,True,True,8.68,13.67,13.29,3,False,False
False,False,6,q,chandra,as_1899,1898,Cotton,"Garden, unenumerated",Italy,Lbs,51800,81800,51800,3234,81800,3234,30000,5->8,9,2007609,True,True,0.06,0.04,0.04,5,False,False
False,False,6,v,infinity,as_1875,1875,COPPER,Maize or Indian Corn,Wallachia and Moldavia,Cwts,213107,243107,578502,213107,578502,243107,30000,1->4,11,8119957,True,True,0.37,0.42,0.4,9,False,False
False,True,6,q,infinity,as_1875,1875,PRINTS and ENGRAVINGS,,Other Countries,Number,10388,40388,10388,2444,40388,2444,30000,1->4,3,5996520,True,True,0.24,0.06,0.02,2,False,False
False,True,6,v,infinity,as_1878,1878,COPPER,Regulus,Chili,Tons,313081,343081,11480,313081,11480,343081,30000,1->4,9,1151920,True,True,27.27,29.89,37.51,9,False,False
False,True,6,q,infinity,as_1880,1880,SUGAR,"Refined, or Sugar equal in quality thereto, and Sugar Candy",Germany,Cwts,214645,244645,214645,339969,244645,339969,30000,1->4,6,3036074,True,True,1.58,1.39,1.48,4,False,False
False,True,6,q,infinity,as_1883,1883,Bark,Myrobalans,British India: Bombay,Cwts,319275,349275,319275,184983,349275,184983,30000,1->4,7,495874,True,True,0.58,0.53,0.46,3,False,False
False,True,6,v,infinity,as_1884,1884,HATS OR BONNETS,Of Felt,France,Number,18254,48254,253170,18254,253170,48254,30000,1->4,4,91551,True,True,0.07,0.19,0.17,2,False,False
False,True,6,v,infinity,as_1885,1885,"LEATHER, Undressed","Varnished, Japanned, or Enamelled",Holland,lbs,18179,48179,159505,18179,159505,48179,30000,1->4,5,135133,True,True,0.11,0.3,0.21,3,False,False
False,True,6,v,infinity,as_1887,1887,MANURES,Bones for Manure,Argentine Republic,Tons,13055,43055,8906,13055,8906,43055,30000,1->4,17,168556,True,True,1.47,4.83,4.71,5,False,False
False,True,6,q,infinity,as_1887,1887,Cotton,,Egypt,Tons,212361,242361,212361,1393876,242361,1393876,30000,1->4,7,274253,True,True,6.56,5.75,4.88,2,False,False
False,True,6,v,infinity,as_1891,1891,"MEAT, unenumerated",Other Sorts,Argentine Republic,Cwts,15295,45295,18397,15295,18397,45295,30000,1->4,10,363288,True,True,0.83,2.46,3.21,5,False,False
False,True,6,v,infinity,as_1891,1891,PAPER,For Printing or Writing,Holland,Cwts,13247,43247,28795,13247,28795,43247,30000,1->4,12,397776,True,True,0.46,1.5,1.4,4,False,False
False,True,6,v,infinity,as_1893,1893,TALLOW and STEARINE,,Australasia : New Zealand,,216239,246239,174725,216239,174725,246239,30000,1->4,10,1480239,True,True,1.24,1.41,1.39,3,False,False
False,True,6,v,infinity,as_1876,1876,Corn and Grain,Wheat,France,Cwts,168439,158439,292050,168439,292050,158439,-10000,6->5,20,23178011,True,True,0.58,0.54,0.52,18,False,False
False,True,6,v,infinity,as_1884,1884,ANIMALS LIVING,Cows,Channel Islands,Number,62830,52830,2161,62830,2161,52830,-10000,6->5,8,1201973,True,True,29.07,24.45,19.77,5,False,False
False,True,6,q,infinity,as_1890,1890,"CHINA OR PORCELAIN, and EARTHEN-WARE",,Holland,,69084,59084,69084,188108,59084,188108,-10000,6->5,7,183457,True,True,2.72,3.18,3.07,3,False,False
False,True,6,q,infinity,as_1890,1890,Corn and Grain,"Meal, unenumerated",France,Cwts,64840,54840,64840,13184,54840,13184,-10000,6->5,8,320825,True,True,0.2,0.24,0.26,6,False,False
False,True,6,v,infinity,as_1894,1894,HEMP,Dressed or Undressed,British East Indies : Hong Kong,Tons,61054,51054,2261,61054,2261,51054,-10000,6->5,10,213841,True,True,27.0,22.58,20.5,4,False,False
False,False,6,v,chandra,as_1884,1884,MANURES,Unenumerated,France,Tons,20408,29408,26175,20408,26175,29408,9000,0->9,7,130170,True,True,0.78,1.12,2.83,2,False,False
False,False,6,q,chandra,as_1898,1897,LATES,Pepper,Spain,Lbs,20020,29020,20020,425,29020,425,9000,0->9,10,3878234,True,True,0.02,0.01,0.02,2,False,False
False,False,6,q,chandra,as_1898,1897,WOOD AND TIMBER,"Sawn or Split, planed or dressed, Fir",Russia,Loads,1739413,1730413,1739413,3061027,1730413,3061027,-9000,9->0,12,4906126,True,True,1.76,1.77,2.53,3,False,False
False,False,6,v,infinity,as_1891,1891,HEMP,Dressed or Undressed,Hong Kong,Cwts,109426,100426,60786,109426,60786,100426,-9000,9->0,4,312865,True,True,1.8,1.65,1.3,2,False,False
False,False,6,v,infinity,as_1899,1898,SUGAR,"Unrefined, Cane, and other Sorts",Java,Cwts,270348,279348,562845,270348,562845,279348,9000,0->9,20,1846353,True,True,0.48,0.5,0.56,2,False,False
False,True,6,v,chandra,as_1882,1882,Cows,Calves,Denmark,Number,19567,13567,3340,19567,3340,13567,-6000,9->3,4,161207,True,True,5.86,4.06,4.76,2,False,False
False,False,6,v,chandra,as_1890,1890,OIL,Olive,Turkey,Tons,219803,213803,5577,219803,5577,213803,-6000,9->3,9,784452,True,True,39.41,38.34,38.1,4,False,False
False,False,6,v,infinity,as_1876,1876,"HIDES, not Tanned, Tawed, Curried, or in any way Dressed",Dry,France,,19373,13373,3784,19373,3784,13373,-6000,9->3,15,1659822,True,True,5.12,3.53,3.12,7,False,False
False,False,6,q,infinity,as_1898,1895,"CHINA, OR PORCELAIN, AND EARTHENWARE",,"Turkey, European",Cwts,7216,1216,7216,1912,1216,1912,-6000,7->1,8,46720,True,True,0.26,1.57,3.35,2,False,False
False,True,6,v,infinity,as_1898,1895,"CHINA, OR PORCELAIN, AND EARTHENWARE",,United States of America,Cwts,60725,66725,37621,60725,37621,66725,6000,0->6,8,96143,True,True,1.61,1.77,3.35,4,False,False
False,False,6,q,infinity,as_1898,1897,"CARDS, PLAYING",Currants,Greece,Cwts,1120478,1126478,1120478,1043646,1126478,1043646,6000,0->6,5,1153142,True,True,0.93,0.93,0.9,2,False,False
False,False,6,q,infinity,as_1899,1898,CHEESE,Rye,Russia : Southern Ports,Cwts,30900,36900,30900,9852,36900,9852,6000,0->6,6,691900,True,True,0.32,0.27,0.28,4,False,False
False,False,6,q,infinity,as_1899,1898,Beef,Mutton,Australasia : New South Wales,Cwts,60433,66433,60433,113812,66433,113812,6000,0->6,5,115228,True,True,1.88,1.71,1.57,3,False,False
False,False,6,v,chandra,as_1875,1875,OIL,Olive,Malta,Tuns,28158,23158,570,28158,570,23158,-5000,8->3,11,1559068,True,True,49.4,40.63,42.19,5,False,False
False,False,6,q,chandra,as_1888,1888,IRON,"Bar, Angle, Bolt and Rod",Sweden,Tons,93571,98571,93571,943276,98571,943276,5000,3->8,7,113175,True,True,10.08,9.57,8.66,3,False,False
False,True,6,q,chandra,as_1888,1888,OIL,"Chemical, Essential, or Perfumed",Italy,Lbs,268693,263693,268693,63626,263693,63626,-5000,8->3,9,563963,True,True,0.24,0.24,0.26,2,False,False
False,True,6,q,chandra,as_1889,1889,BUTTER,,Russia,Cwts,3393,8393,3393,42007,8393,42007,5000,3->8,10,1887371,True,True,12.38,5.01,5.38,6,False,False
False,False,6,v,chandra,as_1890,1890,PAPER,Millboard and Pasteboard,France,Cwts,18250,13250,2623,18250,2623,13250,-5000,8->3,9,457688,True,True,6.96,5.05,0.5,4,False,False
False,True,6,q,chandra,as_1892,1892,"FLOWERS, Artificial","Grapes, Raw",United States of America,Bushels,8427,3427,8427,1243,3427,1243,-5000,8->3,8,712016,True,True,0.15,0.36,0.52,2,False,False
False,True,6,q,chandra,as_1895,1895,Cotton,"Garden, unenumerated",Italy,Lbs,93510,98510,93510,4017,98510,4017,5000,3->8,9,4337076,True,True,0.04,0.04,0.04,3,False,False
False,True,6,q,chandra,as_1898,1896,WOOD AND TIMBER,"Hewn, Fir",Spain,Loads,48137,43137,48137,32486,43137,32486,-5000,8->3,11,2053476,True,True,0.67,0.75,1.31,7,False,False
False,True,6,v,chandra,as_1898,1894,WOOLLEN YARN,Cloths,Holland,,333993,338993,2020036,333993,2020036,338993,5000,3->8,6,466516,True,True,0.17,0.17,0.18,5,False,False
False,True,6,v,chandra,as_1899,1897,BEEF,Fresh,Australasia : New South Wales,Cwts,83145,88145,59450,83145,59450,88145,5000,3->8,5,948685,True,True,1.4,1.48,1.46,5,False,False
False,True,6,v,chandra,as_1899,1897,CORDAGE,Yarn,Belgium,Lbs,18705,13705,233472,18705,233472,13705,-5000,8->3,6,250835,True,True,0.08,0.06,0.06,2,False,False
False,False,6,v,chandra,as_1899,1896,FRUIT,"Unenumerated, Dried","Turkey, Asiatic",Cwts,153373,158373,242917,153373,242917,158373,5000,3->8,10,231629,True,True,0.63,0.65,1.57,5,False,False
False,True,6,v,chandra,as_1899,1897,MANURES,Bones for Manure (whether burnt or not),British East Indies : Bengal,Tons,48152,43152,10381,48152,10381,43152,-5000,8->3,8,133461,True,True,4.64,4.16,4.0,2,False,False
False,True,6,q,chandra,as_1899,1895,Cotton,"Garden, unenumerated",Italy,Lbs,93510,98510,93510,4017,98510,4017,5000,3->8,9,4337076,True,True,0.04,0.04,0.04,3,False,False
False,True,6,q,infinity,as_1873,1873,PYRITES of IRON or COPPER or SULPHUR,"WOOLLEN: Applicable to other uses than Manure, torn up or not",Belgium,Tons,8922,3922,8922,86459,3922,86459,-5000,8->3,8,24827,True,True,9.69,22.04,20.14,3,False,False
False,False,6,q,infinity,as_1875,1875,SILK,Raw,Bengal and Burmah,Lbs,258717,253717,258717,187872,253717,187872,-5000,8->3,12,4487837,True,True,0.73,0.74,1.05,2,False,False
False,False,6,v,infinity,as_1876,1876,DYE WOODS,Logwood,United States of America,Tons,18009,13009,1852,18009,1852,13009,-5000,8->3,6,415857,True,True,9.72,7.02,7.61,3,False,False
False,True,6,v,infinity,as_1877,1877,ANIMALS,Cows,Sweden,Number,18072,13072,656,18072,656,13072,-5000,8->3,7,444455,True,True,27.55,19.93,19.09,5,False,False
False,True,6,v,infinity,as_1881,1881,COTTON,Yarn,Other Countries,Lbs,18832,13832,158465,18832,158465,13832,-5000,8->3,3,453542,True,True,0.12,0.09,0.07,2,False,False
False,True,6,q,infinity,as_1882,1882,Corn and Grain,Barley,Turkey,Cwts,518344,513344,518344,173985,513344,173985,-5000,8->3,13,15540112,True,True,0.34,0.34,0.43,10,False,False
False,True,6,v,infinity,as_1886,1886,"LEATHER, Undressed",Dressed,Germany,Lbs,238690,233690,1118137,238690,1118137,233690,-5000,8->3,7,2051698,True,True,0.21,0.21,0.16,2,False,False
False,True,6,q,infinity,as_1889,1889,SEEDS,"Unenumerated, other sorts",Other Foreign Countries,Cwts,8272,3272,8272,1937,3272,1937,-5000,8->3,15,514511,True,True,0.23,0.59,0.51,7,False,False
False,False,6,v,infinity,as_1889,1889,"SKINS, FURS, and PELTS","Sheep, Undressed",Argentine Republic,Number,128057,123057,720402,128057,720402,123057,-5000,8->3,13,408255,True,True,0.18,0.17,0.11,4,False,False
False,True,6,q,infinity,as_1890,1890,"RAGS, and other MATERIALS for MAKING PAPER",Linen and Cotton,Egypt,Tons,8436,3436,8436,19763,3436,19763,-5000,8->3,12,34083,True,True,2.34,5.75,10.89,4,False,False
False,True,6,v,infinity,as_1891,1891,SUCCADES,,British East Indies,,23096,28096,20330,23096,20330,28096,5000,3->8,5,86710,True,True,1.14,1.38,1.33,2,False,False
False,True,6,v,infinity,as_1893,1893,"CHINA or PORCELAIN, and EARTHENWARE",,France,Cwts,98838,93838,21125,98838,21125,93838,-5000,8->3,7,622127,True,True,4.68,4.44,3.06,2,False,False
False,True,6,q,infinity,as_1893,1893,SUGAR,Unrefined : Total of,Germany,Cwts,6308877,6303877,6308877,4525243,6303877,4525243,-5000,8->3,20,13440099,True,True,0.72,0.72,0.77,10,False,False
False,False,6,q,infinity,as_1897,1897,Beef,Mutton,Australasia : New Zealand,Cwts,23125,28125,23125,41315,28125,41315,5000,3->8,7,91259,True,True,1.79,1.47,1.61,4,False,False
False,False,6,v,chandra,as_1878,1878,"ORE, Unenumerated",,Islands in the Pacific (except Fiji),Tons,5000,8000,670,5000,670,8000,3000,5->8,8,131016,True,True,7.46,11.94,24.19,6,False,False
False,True,6,v,chandra,as_1880,1880,STATIONERY other than PAPER,"STONES, MARBLE, SLATE, and other Sorts of STONE, Rough, Hewn, or Manufactured",Italy,Tons,108842,105842,16616,108842,16616,105842,-3000,8->5,9,491336,True,True,6.55,6.37,4.49,6,False,False
False,True,6,v,chandra,as_1880,1880,ZINC,"Manufactures, Unenumerated",Holland,Cwts,145801,148801,133564,145801,133564,148801,3000,5->8,5,387921,True,True,1.09,1.11,1.22,3,False,False
False,False,6,v,chandra,as_1884,1884,"LEATHER, Undressed",Boots and Shoes,Belgium,Dozen Pairs,95619,98619,48761,95619,48761,98619,3000,5->8,5,352567,True,True,1.96,2.02,3.23,5,False,False
False,True,6,q,chandra,as_1885,1885,SPICES,Refined; Total of,Holland,Cwts,1265522,1268522,1265522,1165899,1268522,1165899,3000,5->8,7,5328630,True,True,0.92,0.92,0.91,5,False,False
False,False,6,v,chandra,as_1892,1892,IRON and STEEL,"Bar, Angle, Bolt and Rod",Holland,Tons,31910,34910,5298,31910,5298,34910,3000,1->4,4,692259,True,True,6.02,6.59,9.62,4,False,False
False,True,6,v,chandra,as_1892,1892,PAPER,Millboard and Pasteboard,Germany,Cwts,81132,84132,195647,81132,195647,84132,3000,1->4,9,453545,True,True,0.41,0.43,0.48,6,False,False
False,True,6,v,chandra,as_1897,1893,DRUGS,Opium,Holland,Lbs,4820,1820,3640,4820,3640,1820,-3000,4->1,9,155364,True,True,1.32,0.5,0.51,3,False,False
False,True,6,v,chandra,as_1897,1893,SLATES,"In Blocks, Ingots, Bars, or Slabs",United States of America : Chile,Cwts,95019,98019,25235,95019,25235,98019,3000,5->8,8,149615,True,True,3.77,3.88,4.53,8,False,False
False,False,6,q,infinity,as_1874,1874,WOOL,,Chili,,721685,724685,721685,110428,724685,110428,3000,1->4,3,4182867,True,True,0.15,0.15,0.13,3,False,False
False,False,6,v,infinity,as_1875,1875,"SKINS, FURS, and PELTS","Sheep and Lamb, Tanned, Tawed, or Dressed",Australia,Number,51059,54059,955925,51059,955925,54059,3000,1->4,6,332559,True,True,0.05,0.06,0.07,5,False,False
False,True,6,v,infinity,as_1876,1876,FISH,Cured or Salted,Norway,Cwts,101433,104433,145288,101433,145288,104433,3000,1->4,8,1169334,True,True,0.7,0.72,1.56,4,False,False
False,True,6,v,infinity,as_1879,1879,"SKINS, FURS, AND PELTS","Goat and Kid, Undressed",Other Countries,Number,21858,24858,225908,21858,225908,24858,3000,1->4,9,189311,True,True,0.1,0.11,0.12,7,False,False
False,True,6,v,infinity,as_1879,1879,"SKINS, FURS, AND PELTS","Goat and Kid, Tanned, Tawed, or Dressed",Bengal and Burmah,Number,21222,24222,206556,21222,206556,24222,3000,1->4,6,956111,True,True,0.1,0.12,0.18,3,False,False
False,True,6,v,infinity,as_1881,1881,"ORE, UNENUMERATED",,Other Countries,Tons,31555,34555,2214,31555,2214,34555,3000,1->4,9,173398,True,True,14.25,15.61,18.42,7,False,False
False,True,6,q,infinity,as_1883,1883,"SAUCES or CONDIMENTS, Unenumerated",,Germany,Lbs,21213,24213,21213,1478,24213,1478,3000,1->4,12,1263008,True,True,0.07,0.06,0.03,6,False,False
False,True,6,v,infinity,as_1885,1885,"MEAT, Unenumerated",Salted or Fresh,Germany,Cwts,11144,14144,4811,11144,4811,14144,3000,1->4,6,79449,True,True,2.32,2.94,2.67,6,False,False
False,True,6,q,infinity,as_1888,1888,SILK,"Sheep, Undressed",France,Number,231725,234725,231725,30525,234725,30525,3000,1->4,13,2377550,True,True,0.13,0.13,0.13,9,False,False
False,True,6,q,infinity,as_1889,1889,CHICORY,"Of Silver, Gilt or Ungilt",France,Oz. Troy,21531,24531,21531,17447,24531,17447,3000,1->4,8,109852,True,True,0.81,0.71,0.44,6,False,False
False,True,6,v,infinity,as_1891,1891,TOBACCO,Total of all Kinds,United States of America,Gallons,5678,8678,47786,5678,47786,8678,3000,5->8,15,5898890,True,True,0.12,0.18,0.21,12,False,False
False,True,6,v,infinity,as_1891,1891,WAX,,Chile,,1453,4453,621,1453,621,4453,3000,1->4,10,105386,True,True,2.34,7.17,5.23,8,False,False
False,False,6,v,infinity,as_1892,1892,DRUGS,Opium,British East Indies : Bengal,Lbs,1131,4131,8000,1131,8000,4131,3000,1->4,5,11667,True,True,0.14,0.52,0.5,2,False,False
False,False,6,q,infinity,as_1893,1893,Corn and Grain,Oats,Australasia : New Zealand,Cwts,171776,174776,171776,61672,174776,61672,3000,1->4,5,942057,True,True,0.36,0.35,0.31,4,False,False
False,True,6,q,infinity,as_1893,1893,DYE WOODS,Unenumerated,Republic of Colombia,Tons,1204,4204,1204,19276,4204,19276,3000,1->4,11,15251,True,True,16.01,4.59,6.13,4,False,False
False,False,6,v,infinity,as_1894,1894,GLASS,"Manufactures of, unenumerated",Norway,,1496,4496,3022,1496,3022,4496,3000,1->4,8,1362860,True,True,0.5,1.49,1.94,3,False,False
False,True,6,q,infinity,as_1894,1894,WOOD and TIMBER,Mahogany,Republic of Colombia,Tons,1379,4379,1379,28323,4379,28323,3000,1->4,9,43723,True,True,20.54,6.47,8.21,7,False,False
False,False,6,v,infinity,as_1895,1895,LEATHER,"Varnished, Japanned, or Enamelled",Other Foreign Countries,Lbs,1449,4449,35796,1449,35796,4449,3000,1->4,3,101957,True,True,0.04,0.12,0.21,3,False,False
False,True,6,q,infinity,as_1896,1896,GUM,"Lac, Seed, Shell, Stick or Dye",Bengal,Cwts,141594,144594,141594,740441,144594,740441,3000,1->4,5,156371,True,True,5.23,5.12,3.77,2,False,False
False,False,6,q,infinity,as_1896,1896,"HIDES, Raw, and Pieces thereof",East-Coast of Africa,Cape of Good Hope,,41240,44240,41240,142535,44240,142535,3000,1->4,14,250961,True,True,3.46,3.22,2.3,7,False,False
False,False,6,v,infinity,as_1899,1896,GLASS,"Manufactures, unenumerated",Germany,Cwts,491799,494799,272399,491799,272399,494799,3000,1->4,10,1362305,True,True,1.81,1.82,1.86,7,False,False
False,True,6,v,chandra,as_1899,1897,SUGAR,"Refined, or rendered by any process equal thereto : In Lumps and Loaves",Belgium,,55053,56053,84965,55053,84965,56053,1000,5->6,7,1684605,True,True,0.65,0.66,0.66,4,False,False
False,True,6,v,infinity,as_1890,1890,SEEDS,Tares and Lentils,Turkey,Bushels,6722,5722,21295,6722,21295,5722,-1000,6->5,6,50525,True,True,0.32,0.27,0.22,4,False,False
False,True,6,q,infinity,as_1894,1894,Beef,Other Sorts,Australasia : Queensland,Cwts,6100,5100,6100,10082,5100,10082,-1000,6->5,7,46309,True,True,1.65,1.98,1.88,4,False,False
False,True,6,v,infinity,as_1898,1897,"ANIMALS, LIVING",Sheep and Lambs,Other Foreign Countries,Number,2269,3269,2972,2269,2972,3269,1000,2->3,4,823486,True,True,0.76,1.1,1.5,3,False,False
False,False,6,v,chandra,as_1884,1884,WOOD and TIMBER,Mahogany,United States of America,Tons,4049,4949,558,4049,558,4949,900,0->9,8,567488,True,True,7.26,8.87,9.73,2,False,False
False,False,6,q,chandra,as_1897,1896,SLATES,"Unrefined, Total",Russia : Northern Ports,Cwts,2055,2955,2055,1510,2955,1510,900,0->9,22,12639587,True,True,0.73,0.51,0.56,2,False,False
False,False,6,v,chandra,as_1898,1896,Cotton,,United States of America,Tons,57047,57947,13236,57047,13236,57947,900,0->9,11,1728253,True,True,4.31,4.38,4.39,2,False,False
False,False,6,q,chandra,as_1899,1896,HATS OR BONNETS,Of Straw,Holland,,68095,68995,68095,9409,68995,9409,900,0->9,8,939408,True,True,0.14,0.14,0.1,2,False,False
False,False,6,v,infinity,as_1882,1882,ANIMALS LIVING,Horses,Germany,Number,44037,44937,2998,44037,2998,44937,900,0->9,7,212074,True,True,14.69,14.99,40.03,2,False,False
False,False,6,v,infinity,as_1891,1891,ZINC,ARTICLES Imported by PARCEL POST,Channel Islands,,39034,39934,64838,39034,64838,39934,900,0->9,11,240779,True,True,0.6,0.62,1.23,2,False,False
False,False,6,v,infinity,as_1898,1894,LEATHER,Gloves,Germany,Doz. Pairs,26016,26916,29183,26016,29183,26916,900,0->9,6,2114021,True,True,0.89,0.92,1.06,3,False,False
False,False,6,q,infinity,as_1898,1898,LEATHER,Phosphate of Lime and Rock,United States of America,,105085,105985,105085,179645,105985,179645,900,0->9,11,329638,True,True,1.71,1.7,1.58,2,False,False
False,False,6,v,infinity,as_1898,1894,SUGAR,"Hewn, Fir",Norway,Loads,343019,343919,272850,343019,272850,343919,900,0->9,10,2494191,True,True,1.26,1.26,1.3,2,False,False
False,True,6,q,infinity,as_1898,1895,WOOLLEN YARN,Stuffs,Holland,Yards,5062040,5062940,5062040,470404,5062940,470404,900,0->9,6,90135913,True,True,0.09,0.09,0.08,2,False,False
False,False,6,q,infinity,as_1898,1896,"CARDS, PLAYING",Figs and Fig Cake,Italy,Cwts,7031,7931,7031,12378,7931,12378,900,0->9,8,143339,True,True,1.76,1.56,1.35,3,False,False
False,False,6,v,infinity,as_1899,1899,"CARDS, PLAYING",Prunes,Austrian Territories,Cwts,3073,3973,3362,3073,3362,3973,900,0->9,5,37268,True,True,0.91,1.18,1.63,2,False,False
False,False,6,v,chandra,as_1876,1876,"HIDES, not Tanned, Tawed, Curried, or in any way Dressed",Dry,Germany,Cwts,32606,32006,7130,32606,7130,32006,-600,6->0,15,1659822,True,True,4.57,4.49,3.12,6,False,False
False,False,6,q,chandra,as_1893,1893,"Nitre, Cubic",Phosphate of Lime and Rock,French Guiana,Tons,320,920,320,2760,920,2760,600,3->9,9,310055,True,True,8.62,3.0,2.06,4,False,False
False,False,6,q,chandra,as_1894,1894,OIL SEED-CAKE,Linseed Cake,France,Tons,943,343,943,1813,343,1813,-600,9->3,15,179714,True,True,1.92,5.29,6.24,5,False,False
False,True,6,q,chandra,as_1895,1895,LEAD,Ore of,Australasia : Victoria,Tons,6396,6996,6396,36386,6996,36386,600,3->9,8,23841,True,True,5.69,5.2,5.01,5,False,False
False,True,6,v,chandra,as_1897,1895,SLATES,Dutch Possessions in Indian Seas,Northern Ports,Tons,1025,1625,1005,1025,1005,1625,600,0->6,13,540864,True,True,1.02,1.62,1.82,7,False,False
False,True,6,v,chandra,as_1898,1896,SHELLS of all kinds,Raw,Asiatic,,2005,2605,3446,2005,3446,2605,600,0->6,8,897957,True,True,0.58,0.76,0.69,4,False,False
False,True,6,v,chandra,as_1898,1898,WOOL,"Other kinds, and Flocks",Belgium,Lbs,33630,33030,341060,33630,341060,33030,-600,6->0,6,103015,True,True,0.1,0.1,0.09,4,False,False
False,False,6,v,chandra,as_1899,1898,"COPPER, ORE OF","Old, fit only to be re-manu- factured",Cape of Good Hope,Tons,1603,1003,31,1603,31,1003,-600,6->0,7,12699,True,True,51.71,32.35,37.8,3,False,False
False,True,6,q,chandra,as_1899,1896,GLASS,"Other Plate, whether silvered or not",France,Cwts,1032,1632,1032,2522,1632,2522,600,0->6,5,258822,True,True,2.44,1.55,1.88,3,False,False
False,False,6,q,infinity,as_1882,1882,HATS OR BONNETS,"Unenumerated Vegetable Substances, applicable to the same uses as Hemp or Flax",Mauritius,Cwts,10064,10664,10064,15767,10664,15767,600,0->6,7,63155,True,True,1.57,1.48,1.52,6,False,False
False,False,6,q,infinity,as_1886,1886,TALLOW and STEARINE,,Other British Possessions,,3900,3300,3900,3917,3300,3917,-600,9->3,11,425604,True,True,1.0,1.19,1.21,6,False,False
False,True,6,v,infinity,as_1890,1890,EGGS,,Germany,,868059,868659,2915491,868059,2915491,868659,600,0->6,10,3418701,True,True,0.3,0.3,0.36,7,False,False
False,False,6,q,infinity,as_1898,1898,"CHINA, OR PORCELAIN, AND EARTHENWARE",Yarn,Belgium,Lbs,160015,160615,160015,9323,160615,9323,600,0->6,6,3967211,True,True,0.06,0.06,0.05,3,False,False
False,True,6,q,infinity,as_1898,1896,"CHINA, OR PORCELAIN, AND EARTHENWARE",Opium,Holland,Lbs,3020,3620,3020,1721,3620,1721,600,0->6,6,455975,True,True,0.57,0.48,0.52,5,False,False
False,True,6,v,infinity,as_1898,1894,FLAX,"Plums, Raw",Germany,Bushels,42067,42667,168194,42067,168194,42667,600,0->6,6,301879,True,True,0.25,0.25,0.3,2,False,False
False,False,6,q,infinity,as_1898,1896,LEATHER,"Unenumerated, Salted or Fresh",Australasia : New Zealand,Cwts,3040,3640,3040,8563,3640,8563,600,0->6,6,8557,True,True,2.82,2.35,2.14,4,False,False
False,False,6,q,infinity,as_1898,1896,Beef,Other Sorts,Australasia : Queensland,Cwts,5051,5651,5051,13849,5651,13849,600,0->6,7,71338,True,True,2.74,2.45,2.53,4,False,False
False,True,6,q,infinity,as_1898,1897,METAL,Linseed Cake,Canada,Tons,4015,4615,4015,25255,4615,25255,600,0->6,3,11686,True,True,6.29,5.47,5.73,2,False,False
False,True,6,v,infinity,as_1898,1894,Cotton,Raw,Belgium,,4031,4631,9169,4031,9169,4631,600,0->6,8,830831,True,True,0.44,0.51,0.74,4,False,False
False,True,6,q,infinity,as_1898,1896,"SKINS, AND FURS",Pepper,Spain,Lbs,47040,47640,47040,1042,47640,1042,600,0->6,10,1531638,True,True,0.02,0.02,0.01,5,False,False
False,False,6,q,infinity,as_1898,1895,SUGAR,Mahogany,Western Coast of Africa : French Possessions,,3003,3603,3003,31476,3603,31476,600,0->6,11,21505,True,True,10.48,8.74,7.56,7,False,False
False,True,6,v,infinity,as_1898,1896,"CARDS, PLAYING",Currants,"Turkey, Asiatic",Cwts,1030,1630,1658,1030,1658,1630,600,0->6,4,747734,True,True,0.62,0.98,0.87,2,False,False
False,True,6,v,infinity,as_1899,1895,BEEF,Fresh,Australasia : Queensland,Cwts,534063,534663,359264,534063,359264,534663,600,0->6,6,778810,True,True,1.49,1.49,1.65,2,False,False
False,True,6,v,infinity,as_1899,1896,GOLD,Leaves of,Belgium,Number,129060,129660,66374300,129060,66374300,129660,600,0->6,5,138853,True,True,0.0,0.0,0.0,3,False,False
False,False,6,v,infinity,as_1899,1896,MALT,Bones for Manure (whether burnt or not),Germany,Tons,1023,1623,467,1023,467,1623,600,0->6,17,98495,True,True,2.19,3.48,3.55,7,False,False
False,True,6,q,infinity,as_1899,1896,PORK,Salted (not hams),United States of America,Cwts,137073,137673,137073,176079,137673,176079,600,0->6,7,238696,True,True,1.28,1.28,0.99,5,False,False
False,True,6,v,infinity,as_1899,1897,SUGAR,"In Blocks, Ingots, Bars, or Slabs",Australasia : Queensland,,14071,14671,4800,14071,4800,14671,600,0->6,6,1512797,True,True,2.93,3.06,3.1,4,False,False
False,True,6,q,infinity,as_1899,1895,WOOLLEN YARN,Cloths,Belgium,Yards,475036,475636,475036,87494,475636,87494,600,0->6,6,4149636,True,True,0.18,0.18,0.17,4,False,False
False,True,6,q,chandra,as_1876,1876,Iron and Steel,Wrought or Manufactured,Sweden,Cwts,97887,97387,97887,75668,97387,75668,-500,8->3,9,1390225,True,True,0.77,0.78,1.79,6,False,False
False,False,6,q,chandra,as_1889,1889,OIL,Turpentine,Belgium,Cwts,1338,1838,1338,3126,1838,3126,500,3->8,6,408074,True,True,2.34,1.7,1.51,4,False,False
False,False,6,v,chandra,as_1893,1893,PAPER,Millboard and Pasteboard,Sweden,Cwts,16325,16825,35762,16325,35762,16825,500,3->8,9,448121,True,True,0.46,0.47,0.47,5,False,False
False,True,6,v,chandra,as_1898,1895,LEATHER MANUFACTURES,Gloves,Denmark,Doz. Pairs,2344,2844,2746,2344,2746,2844,500,3->8,6,2177895,True,True,0.85,1.04,1.04,3,False,False
False,True,6,q,chandra,as_1898,1894,METAL,"Leaf, not Gold",Germany,Packets,39382,39882,39382,6445,39882,6445,500,3->8,4,147770,True,True,0.16,0.16,0.15,2,False,False
False,True,6,q,chandra,as_1898,1896,NUTS AND KERNELS,Seed,British East Indies : Hong Kong,Tons,49367,49867,49367,15855,49867,15855,500,3->8,8,1182852,True,True,0.32,0.32,0.14,3,False,False
False,False,6,q,chandra,as_1898,1896,ZINC,"Crude, in cakes",Holland,Tons,19883,19383,19883,312001,19383,312001,-500,8->3,8,75910,True,True,15.69,16.1,15.95,3,False,False
False,False,6,q,chandra,as_1899,1896,LEAD,"Manufactures of, Unenumerated",France,Cwts,310,810,310,1327,810,1327,500,3->8,5,4299,True,True,4.28,1.64,2.57,4,False,False
False,False,6,q,chandra,as_1899,1898,LEAD,"Varnished, Japanned, or Enamelled",Holland,Cwts,2860,2360,2860,64439,2360,64439,-500,8->3,5,6686,True,True,22.53,27.3,24.97,2,False,False
False,False,6,v,chandra,as_1899,1896,MEAT,Other Sorts,United States of America,Cwts,259379,259879,75522,259379,75522,259879,500,3->8,10,374288,True,True,3.43,3.44,3.88,5,False,False
False,True,6,v,chandra,as_1899,1898,SILK,"Thrown, Dyed, or not Dyed",Other Foreign Countries,Lbs,334,834,976,334,976,834,500,3->8,4,312565,True,True,0.34,0.85,0.72,2,False,False
False,True,6,q,infinity,as_1875,1875,WOOD AND TIMBER,"Sawn or Split, Planed or Dressed : Fir",British North America,Loads,948828,948328,948828,2685116,948328,2685116,-500,8->3,7,3015032,True,True,2.83,2.83,2.85,6,False,False
False,True,6,v,infinity,as_1876,1876,BARK,Peruvian,Brazil,Cwts,4812,4312,342,4812,342,4312,-500,8->3,9,272154,True,True,14.07,12.61,9.92,3,False,False
False,True,6,v,infinity,as_1876,1876,OIL,OPIUM,China,Lbs,5840,5340,5660,5840,5660,5340,-500,8->3,5,394034,True,True,1.03,0.94,0.98,3,False,False
False,True,6,v,infinity,as_1883,1883,WOOD AND TIMBER,"Hewn, Fir : Teak",British Possessions in South Africa,Loads,2890,2390,152,2890,152,2390,-500,8->3,5,647470,True,True,19.01,15.72,14.13,4,False,False
False,True,6,v,infinity,as_1885,1885,"LEATHER, Undressed",,Germany,lbs,4870,4370,58834,4870,58834,4370,-500,8->3,7,836316,True,True,0.08,0.07,0.06,4,False,False
False,False,6,q,infinity,as_1886,1886,CORK,Unmanufactured,Germany,Tons,841,341,841,4429,341,4429,-500,8->3,6,11650,True,True,5.27,12.99,19.09,3,False,False
False,True,6,v,infinity,as_1886,1886,MANURES,Bones for Manure,Turkey,Tons,12844,12344,2455,12844,2455,12344,-500,8->3,15,193189,True,True,5.23,5.03,5.07,6,False,False
False,False,6,v,infinity,as_1886,1886,OIL,Olive,Other Foreign Countries,Tuns,2824,2324,58,2824,58,2324,-500,8->3,12,790528,True,True,48.69,40.07,37.53,6,False,False
False,True,6,q,infinity,as_1886,1886,"SKINS, FURS, and PELTS","Goat, Undressed",Other British Possessions,Number,7853,7353,7853,498,7353,498,-500,8->3,5,4152260,True,True,0.06,0.07,0.1,3,False,False
False,True,6,v,infinity,as_1886,1886,"SKINS, FURS, and PELTS","Sheep, Undressed",Australasia,,281838,281338,2500024,281838,2500024,281338,-500,8->3,7,568495,True,True,0.11,0.11,0.11,2,False,False
False,False,6,q,infinity,as_1887,1887,FEATHERS,For Beds,United States of America,Cwts,1891,1391,1891,3078,1391,3078,-500,8->3,6,19871,True,True,1.63,2.21,4.65,3,False,False
False,True,6,v,infinity,as_1887,1887,"LEATHER, Undressed",,Australasia : Tasmania,,5831,5331,109370,5831,109370,5331,-500,8->3,15,2437405,True,True,0.05,0.05,0.05,8,False,False
False,True,6,q,infinity,as_1888,1888,LEATHER MANUFACTURES,Boots and Shoes,Germany,Dozen Pairs,2824,2324,2824,4079,2324,4079,-500,8->3,6,129043,True,True,1.44,1.76,3.01,4,False,False
False,True,6,q,infinity,as_1888,1888,MANURES,Bones for Manure,Germany,,876,376,876,2058,376,2058,-500,8->3,18,41239,True,True,2.35,5.47,4.7,7,False,False
False,True,6,q,infinity,as_1888,1888,SPICES,Unenumerated,France,,63842,63342,63842,964,63342,964,-500,8->3,8,2660014,True,True,0.02,0.02,0.02,4,False,False
False,False,6,v,infinity,as_1888,1888,"STRAW PLATTING, for making Hats or Bonnets",,Belgium,Lbs,27838,27338,263107,27838,263107,27338,-500,8->3,8,558950,True,True,0.11,0.1,0.08,5,False,False
False,True,6,q,infinity,as_1888,1888,"SUGAR, Refined",Unrefined : Beetroot,Holland,Cwts,220888,220388,220888,135507,220388,135507,-500,8->3,7,6282088,True,True,0.61,0.61,0.66,4,False,False
False,False,6,q,infinity,as_1889,1889,"RAGS, and other MATERIALS for MAKING PAPER","Other Materials, and Pulp of Rags",Other Foreign Countries,Tons,871,371,871,2930,371,2930,-500,8->3,11,44758,True,True,3.36,7.9,7.05,4,False,False
False,False,6,q,infinity,as_1890,1890,CORK,Manufactured,Portugal,Lbs,4298835,4298335,4298835,279048,4298335,279048,-500,8->3,4,9356609,True,True,0.06,0.06,0.07,3,False,False
False,True,6,q,infinity,as_1890,1890,COTTON,Raw,Denmark,Cwts,10868,10368,10868,24170,10368,24170,-500,8->3,15,13860340,True,True,2.22,2.33,2.69,11,False,False
False,False,6,v,infinity,as_1890,1890,DRUGS,Valonia,Austrian Territories,Tons,4896,4396,224,4896,224,4396,-500,8->3,5,501669,True,True,21.86,19.62,19.5,4,False,False
False,True,6,q,infinity,as_1890,1890,"FLOWERS, Artificial",GALLS,Other Foreign Countries,,825,325,825,971,325,971,-500,8->3,7,36055,True,True,1.18,2.99,2.45,4,False,False
False,False,6,q,infinity,as_1890,1890,GLASS,"Plate, whether Silvered or not",France,Cwts,12369,12869,12369,44583,12869,44583,500,3->8,5,156308,True,True,3.6,3.46,1.87,4,False,False
False,False,6,v,infinity,as_1890,1890,"HIDES, Raw, and Pieces thereof",Dry,Italy,Cwts,7899,7399,2722,7899,2722,7399,-500,8->3,22,311542,True,True,2.9,2.72,2.77,14,False,False
False,True,6,v,infinity,as_1890,1890,LEATHER,Dressed,Holland,Lbs,375839,375339,1910452,375839,1910452,375339,-500,8->3,8,2767441,True,True,0.2,0.2,0.16,6,False,False
False,True,6,v,infinity,as_1890,1890,OIL,Seed,Other Foreign Countries,Tons,1872,1372,46,1872,46,1372,-500,8->3,7,612062,True,True,40.7,29.83,28.61,3,False,False
False,True,6,v,infinity,as_1893,1893,MARGARINE,,France,Cwts,160877,160377,41302,160877,41302,160377,-500,8->3,6,3655169,True,True,3.9,3.88,2.77,4,False,False
False,True,6,q,infinity,as_1893,1893,"CHINA or PORCELAIN, and EARTHENWARE",,Other Foreign Countries,Cwts,2827,2327,2827,5137,2327,5137,-500,8->3,7,201022,True,True,1.82,2.21,3.06,4,False,False
False,False,6,v,infinity,as_1893,1893,FRUIT,Unenumerated : Dried,Gibraltar,Cwts,5829,5329,1681,5829,1681,5329,-500,8->3,4,8536,True,True,3.47,3.17,3.07,2,False,False
False,True,6,q,infinity,as_1893,1893,PAPER-MAKING MATERIALS,Pulp of Wood,Other Foreign Countries,Tons,843,343,843,3232,343,3232,-500,8->3,10,208050,True,True,3.83,9.42,7.56,5,False,False
False,False,6,v,infinity,as_1893,1893,SPICES,Pepper,Java,Lbs,31890,31390,1720806,31890,1720806,31390,-500,8->3,11,56572,True,True,0.02,0.02,0.02,6,False,False
False,False,6,q,infinity,as_1894,1894,HATS OR BONNETS,Of Felt,Holland,No,14850,14350,14850,2119,14350,2119,-500,8->3,4,438781,True,True,0.14,0.15,0.15,3,False,False
False,True,6,v,infinity,as_1894,1894,PAPER,Linen and Cotton Rags,Germany,Tons,45834,45334,3707,45834,3707,45334,-500,8->3,8,188092,True,True,12.36,12.23,9.07,3,False,False
False,True,6,q,infinity,as_1898,1898,"SKINS, AND FURS",Dutch Possessions in Indian Seas,British West India Islands,Lbs,2800,2300,2800,240,2300,240,-500,8->3,3,10328,True,True,0.09,0.1,0.21,2,False,False
False,False,6,q,infinity,as_1899,1897,OIL,Other Materials.,Holland,Tons,5865,5365,5865,35006,5365,35006,-500,8->3,11,19608,True,True,5.97,6.52,6.66,4,False,False
False,False,6,q,chandra,as_1872,1872,"HIDES, not Tanned, Tawed, Curried, or in any way Dressed","Tanned, not otherwise Dressed",France,,1331581,1331881,1331581,114438,1331881,114438,300,5->8,13,23574061,True,True,0.09,0.09,0.06,6,False,False
False,True,6,q,chandra,as_1872,1872,LEAD,Ore,Italy,Tons,5520,5820,5520,88830,5820,88830,300,5->8,8,14560,True,True,16.09,15.26,15.45,6,False,False
False,False,6,v,chandra,as_1874,1874,"Cannon and Mortars, mounted or accompanied   with Carriages","Swords, Cutlasses, Bayonets, and Arms of other Sorts, Unenumerated",Belgium,Cwts,3592,3892,619,3592,619,3892,300,5->8,5,36005,True,True,5.8,6.29,7.08,5,False,False
False,False,6,q,chandra,as_1875,1875,MANURES,"Bones of Animals, and Fish for Manure only",Other Countries,Tons,2586,2886,2586,18310,2886,18310,300,5->8,15,97217,True,True,7.08,6.34,6.61,9,False,False
False,True,6,q,chandra,as_1876,1876,Corn and Grain,Beans,Italy,,440444,440144,440444,167059,440144,167059,-300,4->1,11,4607555,True,True,0.38,0.38,0.41,8,False,False
False,True,6,q,chandra,as_1876,1876,ICE,INDIGO,New Granada,Cwts,1508,1808,1508,48109,1808,48109,300,5->8,12,88722,True,True,31.9,26.61,23.26,11,False,False
False,True,6,q,chandra,as_1876,1876,RAGS and other Materials for making Paper,Linen and Cotton Rags,Belgium,Tons,594,894,594,20172,894,20172,300,5->8,8,13927,True,True,33.96,22.56,16.12,5,False,False
False,True,6,q,chandra,as_1877,1877,WOOD and TIMBER,Furniture Hardwoods and Veneers : Mahogany,Spanish West India Islands,Tons,504,804,504,7377,804,7377,300,5->8,7,53600,True,True,14.64,9.18,9.23,5,False,False
False,True,6,q,chandra,as_1880,1880,"HIDES, not Tanned, Tawed, Curried, or in any way Dressed","Tanned, not otherwise Dressed",Holland,Lbs,418573,418873,418573,36811,418873,36811,300,5->8,12,39058429,True,True,0.09,0.09,0.05,10,False,False
False,True,6,v,chandra,as_1880,1880,IRON,"Manufactures of Iron and Steel, Unenumerated",Sweden,Cwts,360154,360454,559266,360154,559266,360454,300,1->4,9,2425522,True,True,0.64,0.64,1.2,7,False,False
False,True,6,q,chandra,as_1881,1881,PYRITES of IRON or COPPER,,British North America,Tons,1519,1819,1519,5457,1819,5457,300,5->8,6,542378,True,True,3.59,3.0,2.16,5,False,False
False,True,6,q,chandra,as_1883,1883,Wool,"Alpaca, Vicuña, and Llama",Spanish West India Islands,Lbs,7505,7805,7505,1365,7805,1365,300,5->8,5,1517977,True,True,0.18,0.17,0.07,4,False,False
False,True,6,v,chandra,as_1895,1895,FRUIT,Almonds,Portugal,Cwts,6563,6863,3222,6563,3222,6863,300,5->8,8,339620,True,True,2.04,2.13,2.28,6,False,False
False,True,6,q,chandra,as_1895,1895,MANURES,Phosphate of Lime and Rock,French Guiana,Tons,1150,1450,1150,4350,1450,4350,300,1->4,8,357403,True,True,3.78,3.0,1.83,4,False,False
False,True,6,q,chandra,as_1898,1895,LATES,Dutch Possessions in Indian Seas,Italy,Lbs,20577,20877,20577,125856,20877,125856,300,5->8,13,327439,True,True,6.12,6.03,1.82,12,False,False
False,False,6,v,chandra,as_1899,1897,METAL,"Unenumerated, Unwrought",Australasia : New South Wales,Tons,1511,1811,170,1511,170,1811,300,5->8,3,2152,True,True,8.89,10.65,20.0,2,False,False
False,False,6,v,chandra,as_1899,1898,SEEDS,Clover and Grass,Belgium,Cwts,16532,16832,11813,16532,11813,16832,300,5->8,9,582047,True,True,1.4,1.42,1.95,4,False,False
False,False,6,q,infinity,as_1872,1872,SPICES,Unenumerated,China,Lbs,1088137,1088437,1088137,52694,1088437,52694,300,1->4,10,9461253,True,True,0.05,0.05,0.03,4,False,False
False,True,6,q,infinity,as_1874,1874,HEMP,Tow or Codilla of,Italy,Cwts,29174,29474,29174,46716,29474,46716,300,1->4,4,58527,True,True,1.6,1.58,1.59,3,False,False
False,True,6,v,infinity,as_1874,1874,ISINGLASS,,Other Countries,,7567,7867,389,7567,389,7867,300,5->8,6,83880,True,True,19.45,20.22,21.17,4,False,False
False,False,6,v,infinity,as_1875,1875,WOOD AND TIMBER,Staves,Other Countries,Loads,3141,3441,723,3141,723,3441,300,1->4,8,614050,True,True,4.34,4.76,6.35,6,False,False
False,True,6,q,infinity,as_1876,1876,MANURES,Unenumerated,British West India Islands,Tons,6168,6468,6168,28363,6468,28363,300,1->4,9,204707,True,True,4.6,4.39,3.82,6,False,False
False,True,6,v,infinity,as_1876,1876,OIL,Castor,British India: Madras,Cwts,4133,4433,12368,4133,12368,4433,300,1->4,3,133838,True,True,0.33,0.36,1.66,2,False,False
False,True,6,q,infinity,as_1877,1877,Corn and Grain,Wheat Meal and Flour,Austrian Territories,,1034166,1034466,1034166,1119887,1034466,1119887,300,1->4,13,7377303,True,True,1.08,1.08,0.88,11,False,False
False,True,6,q,infinity,as_1878,1878,BACON and HAMS,Bacon,Germany,Cwts,274561,274861,274561,876500,274861,876500,300,5->8,6,3488357,True,True,3.19,3.19,1.95,4,False,False
False,True,6,q,infinity,as_1880,1880,ANIMALS LIVING,Oxen and Bulls,United States of America,Number,156190,156490,156190,3680866,156490,3680866,300,1->4,11,317408,True,True,23.57,23.52,21.18,9,False,False
False,True,6,q,infinity,as_1880,1880,ANIMALS LIVING,Cows,Channel Islands,Number,2190,2490,2190,50988,2490,50988,300,1->4,7,33445,True,True,23.28,20.48,18.92,6,False,False
False,True,6,q,infinity,as_1880,1880,CANDLES,Stearine,Russia,Cwts,3151,3451,3151,9026,3451,9026,300,1->4,5,124577,True,True,2.86,2.62,2.7,3,False,False
False,True,6,v,infinity,as_1880,1880,"HIDES, not Tanned, Tawed, Curried, or in any way Dressed",Dry,Argentine Republic,Cwts,14551,14851,4355,14551,4355,14851,300,5->8,13,2271455,True,True,3.34,3.41,3.38,10,False,False
False,True,6,v,infinity,as_1880,1880,"PLATINA, WROUGHT AND UNWROUGHT",Fresh,United States of America,Cwts,30522,30822,14705,30522,14705,30822,300,5->8,3,57771,True,True,2.08,2.1,2.58,3,False,False
False,False,6,q,infinity,as_1881,1881,LEAD,Ore,Italy,Tons,5578,5878,5578,61087,5878,61087,300,5->8,6,15228,True,True,10.95,10.39,10.29,4,False,False
False,False,6,q,infinity,as_1881,1881,"ONIONS, RAW",,Malta,Bushels,56184,56484,56184,16113,56484,16113,300,1->4,9,2701019,True,True,0.29,0.29,0.27,6,False,False
False,True,6,q,infinity,as_1883,1883,COPPER,"Old, fit only to be re-manufactured",Italy,Tons,127,427,127,17800,427,17800,300,1->4,16,2375,True,True,140.16,41.69,41.55,5,False,False
False,False,6,v,infinity,as_1883,1883,"HIDES, Raw, and Pieces thereof",Dry,Mauritius,Cwts,8133,8433,2669,8133,2669,8433,300,1->4,36,2251129,True,True,3.05,3.16,3.43,26,False,False
False,True,6,v,infinity,as_1884,1884,SUGAR,"Refined, or rendered by any process equal thereto; In lumps and loaves",Holland,Cwts,892190,892490,853824,892190,853824,892490,300,1->4,6,2091466,True,True,1.04,1.05,1.11,3,False,False
False,False,6,v,infinity,as_1885,1885,"SKINS, FURS, and PELTS","Goat, Undressed",Other Foreign Countries,Number,3108,3408,34365,3108,34365,3408,300,1->4,13,93281,True,True,0.09,0.1,0.1,11,False,False
False,True,6,q,infinity,as_1886,1886,"DYE STUFFS, and Substances used in Tanning",Indigo,France,Cwts,149,449,149,8933,449,8933,300,1->4,7,7700,True,True,59.95,19.9,24.2,5,False,False
False,True,6,v,infinity,as_1886,1886,Cotton,Rape,France,Quarters,2174,2474,1614,2174,1614,2474,300,1->4,6,144491,True,True,1.35,1.53,1.47,4,False,False
False,True,6,q,infinity,as_1887,1887,"MEAT, unenumerated","Preserved, otherwise than by Salting",Russia,Cwts,1100,1400,1100,5121,1400,5121,300,1->4,11,281527,True,True,4.66,3.66,3.24,5,False,False
False,True,6,q,infinity,as_1888,1888,GUM,Arabic,Austrian Territories,Cwts,4134,4434,4134,31918,4434,31918,300,1->4,12,23557,True,True,7.72,7.2,5.08,9,False,False
False,True,6,q,infinity,as_1888,1888,"HIDES, Raw, and Pieces thereof",Wet,Russia,Cwts,3147,3447,3147,8042,3447,8042,300,1->4,19,515851,True,True,2.56,2.33,2.36,14,False,False
False,True,6,v,infinity,as_1889,1889,PORK,Salted (not Hams),Denmark,Cwts,76149,76449,57386,76149,57386,76449,300,1->4,8,378964,True,True,1.33,1.33,1.49,6,False,False
False,False,6,q,infinity,as_1893,1893,Bark,"Madder, Madder Root, Garancine and Munjeet",Holland,Cwts,4129,4429,4129,7744,4429,7744,300,1->4,4,7006,True,True,1.88,1.75,1.74,2,False,False
False,True,6,q,infinity,as_1893,1893,"RAGS, WOOLLEN, applicable to other uses than Manure",,Australasia,Tons,141,441,141,6963,441,6963,300,1->4,3,699,True,True,49.38,15.79,20.44,2,False,False
False,True,6,q,infinity,as_1893,1893,SUGAR,"Unrefined : Cane, and Other Sorts",Belgium,Cwts,4192,4492,4192,3513,4492,3513,300,1->4,18,4876780,True,True,0.84,0.78,0.8,12,False,False
False,True,6,q,infinity,as_1894,1894,"CARDS, PLAYING","Red, in Casks",France,Gallons,3494183,3494483,3494183,698639,3494483,698639,300,1->4,11,8730988,True,True,0.2,0.2,0.17,9,False,False
False,False,6,q,infinity,as_1894,1894,"CARDS, PLAYING","White, in Casks",Spain,Gallons,2188565,2188865,2188565,559079,2188865,559079,300,5->8,11,2956115,True,True,0.26,0.26,0.21,7,False,False
False,False,6,v,infinity,as_1894,1894,"STONES, MARBLE, and SLATE. Rough, Hewn or Manufactured (Other than Works of Art)",STRAW,France,Tons,34124,34424,11605,34124,11605,34424,300,1->4,8,151002,True,True,2.94,2.97,3.31,6,False,False
False,True,6,q,infinity,as_1894,1894,TIN,VINEGAR,Holland,,49173,49473,49173,4614,49473,4614,300,1->4,5,215812,True,True,0.09,0.09,0.07,2,False,False
False,True,6,v,infinity,as_1894,1894,ZINC,ARTICLES Imported by PARCEL POST,Malta,,13150,13450,7798,13150,7798,13450,300,1->4,14,414723,True,True,1.69,1.72,2.2,10,False,False
False,True,6,q,infinity,as_1895,1895,DYE WOODS,Logwood,France,Tons,139,439,139,2634,439,2634,300,1->4,6,13572,True,True,18.95,6.0,7.42,5,False,False
False,True,6,q,infinity,as_1895,1895,FRUIT,Apples. Raw,United States of America,Bushels,984113,984413,984113,307018,984413,307018,300,1->4,7,2111752,True,True,0.31,0.31,0.29,4,False,False
False,False,6,v,infinity,as_1896,1896,JUTE,,Madras,,131,431,37,131,37,431,300,1->4,3,4154083,True,True,3.54,11.65,10.01,3,False,False
False,True,6,v,infinity,as_1896,1896,PAPER AND PASTEBOARD,Wood Pulp Boards,Norway,Cwts,9165,9465,20668,9165,20668,9465,300,1->4,9,81580,True,True,0.44,0.46,0.47,8,False,False
False,True,6,q,infinity,as_1896,1896,TAR,,Germany,,4172,4472,4172,3660,4472,3660,300,1->4,4,109639,True,True,0.88,0.82,0.83,2,False,False
False,True,6,v,infinity,as_1897,1896,"CHINA, OR PORCELAIN, AND EARTHENWARE",,Norway,Tons,12573,12873,1813,12573,1813,12873,300,5->8,15,227810,True,True,6.93,7.1,9.83,11,False,False
False,True,6,q,infinity,as_1897,1895,Beef,Seed,Belgium,,6564,6864,6564,147426,6864,147426,300,5->8,9,35872,True,True,22.46,21.48,21.66,8,False,False
False,False,6,q,infinity,as_1897,1893,SUGAR,"Unrefined, Total",Madagascar,Cwts,1560,1860,1560,1669,1860,1669,300,5->8,21,13440099,True,True,1.07,0.9,0.77,10,False,False
False,True,6,q,infinity,as_1897,1894,WOOLLEN YARN,"Crude, in cakes",Belgium,Tons,13592,13892,13592,221704,13892,221704,300,5->8,7,52430,True,True,16.31,15.96,15.45,3,False,False
False,True,6,q,infinity,as_1898,1895,BEEF,Fresh,United States of America,Cwts,1649173,1649473,1649173,3450184,1649473,3450184,300,1->4,7,1680732,True,True,2.09,2.09,1.93,4,False,False
False,True,6,v,infinity,as_1898,1896,FLAX,Tow,Belgium,Tons,84150,84450,7436,84150,7436,84450,300,1->4,6,335842,True,True,11.32,11.36,15.63,5,False,False
False,True,6,v,chandra,as_1878,1878,NUTS and KERNELS,Commonly used for expressing Oil therefrom,West Coast of Africa (Foreign),Tons,142651,142851,10373,142651,10373,142851,200,6->8,6,513507,True,True,13.75,13.77,17.03,4,False,False
False,True,6,q,chandra,as_1883,1883,Cotton,"Garden, Unenumerated",France,Lbs,597634,597834,597634,34749,597834,34749,200,6->8,10,1587346,True,True,0.06,0.06,0.05,9,False,False
False,True,6,v,chandra,as_1884,1884,"PLATINA, Wrought or Unwrought",,Belgium,Oz. Troy,72675,72875,67716,72675,67716,72875,200,6->8,4,86504,True,True,1.07,1.08,1.12,4,False,False
False,False,6,q,chandra,as_1898,1898,WOOLLEN YARN,Stuffs,Holland,,1839680,1839880,1839680,172059,1839880,172059,200,6->8,5,73197051,True,True,0.09,0.09,0.09,5,False,False
False,True,6,q,chandra,as_1899,1899,FRUIT,Figs and Fig Cake,"Turkey, Asiatic",Cwts,103604,103804,103604,182063,103804,182063,200,6->8,8,143551,True,True,1.76,1.75,1.16,7,False,False
False,True,6,v,infinity,as_1878,1878,LEAD,Pig and Sheet,United States of America,,10607,10807,623,10607,623,10807,200,6->8,9,1817729,True,True,17.03,17.35,18.28,7,False,False
False,True,6,v,infinity,as_1885,1885,COPPER,Part wrought,Germany,Tons,2633,2833,56,2633,56,2833,200,6->8,6,61772,True,True,47.02,50.59,53.12,5,False,False
False,False,6,q,chandra,as_1882,1882,"LEATHER, Undressed",Boots and Shoes,Belgium,Dozen Pairs,9666,9566,9666,25358,9566,25358,-100,6->5,5,109959,True,True,2.62,2.65,2.77,4,False,False
False,True,6,q,chandra,as_1882,1882,PAPER,Unenumerated,Norway,Cwts,19693,19593,19693,18496,19593,18496,-100,6->5,8,307490,True,True,0.94,0.94,1.91,8,False,False
False,True,6,v,chandra,as_1897,1896,COTTON MANUFACTURES,"Piece Goods, Muslins",Belgium,Yds,7295,7395,416110,7295,416110,7395,100,2->3,3,9271,True,True,0.02,0.02,0.02,3,False,False
False,False,6,v,chandra,as_1898,1896,"COPPER, ORE OF",Valonia,France,Tons,1290,1390,152,1290,152,1390,100,2->3,7,333054,True,True,8.49,9.14,8.83,7,False,False
False,True,6,q,chandra,as_1899,1898,"HIDES, Raw, and pieces thereof—cont",Wet,British East Indies : Straits Settlements,,130,230,130,410,230,410,100,1->2,17,91858,True,True,3.15,1.78,1.98,14,False,False
False,True,6,v,chandra,as_1899,1896,LEATHER MANUFACTURES,Gloves,Holland,Doz. Pairs,910621,910521,854545,910621,854545,910521,-100,6->5,6,2341637,True,True,1.07,1.07,1.05,6,False,False
False,True,6,q,infinity,as_1872,1872,"SKINS, FUNS, AND PELTS","Goat and Kid, Undressed",Madras,Number,33621,33521,33621,4011,33521,4011,-100,6->5,11,1132054,True,True,0.12,0.12,0.16,10,False,False
False,True,6,q,infinity,as_1872,1872,"SKINS, FUNS, AND PELTS","Sheep and Lamb, Tanned, Tawed, or Dressed",Australia,Number,257606,257506,257606,11849,257506,11849,-100,6->5,10,2824072,True,True,0.05,0.05,0.12,9,False,False
False,False,6,v,infinity,as_1872,1872,"SKINS, FUNS, AND PELTS","Sheep and Lamb, Tanned, Tawed, or Dressed",Other Countries,Number,8622,8522,59490,8622,59490,8522,-100,6->5,10,219924,True,True,0.14,0.14,0.12,10,False,False
False,True,6,q,infinity,as_1874,1874,Copper,Regulus,Chili,Tons,22621,22521,22621,832558,22521,832558,-100,6->5,9,28424,True,True,36.8,36.97,43.08,4,False,False
False,True,6,q,infinity,as_1874,1874,TAR,,Other Countries,Barrels,3685,3585,3685,2903,3585,2903,-100,6->5,5,233313,True,True,0.79,0.81,1.17,5,False,False
False,True,6,q,infinity,as_1876,1876,BARK,Peruvian,Ecuador,Cwts,3604,3504,3604,35035,3504,35035,-100,6->5,9,26021,True,True,9.72,10.0,9.92,8,False,False
False,False,6,q,infinity,as_1876,1876,Cotton,Rape,Bengal and Burmah,Quarters,257636,257536,257636,659740,257536,659740,-100,6->5,6,459973,True,True,2.56,2.56,2.62,6,False,False
False,True,6,q,infinity,as_1877,1877,PYRITES of IRON or COPPER,,Germany,Tons,11341,11241,11341,17318,11241,17318,-100,3->2,5,679312,True,True,1.53,1.54,1.86,5,False,False
False,True,6,q,infinity,as_1884,1884,"HIDES. Raw, and Pieces thereof",Wet,Holland,Cwts,22658,22558,22658,57002,22558,57002,-100,6->5,21,571582,True,True,2.52,2.53,2.69,19,False,False
False,True,6,q,infinity,as_1890,1890,"ANIMALS, LIVING",Sheep and Lambs,Norway,No,23613,23513,23613,30978,23513,30978,-100,6->5,6,315808,True,True,1.31,1.32,1.8,5,False,False
False,True,6,q,infinity,as_1890,1890,CORK,Unmanufactured,Sweden,Tons,612,512,612,2884,512,2884,-100,6->5,8,17743,True,True,4.71,5.63,6.76,7,False,False
False,True,6,v,infinity,as_1899,1895,FRUIT,Lemons,Spain,Bushels,54622,54522,119006,54622,119006,54522,-100,6->5,8,364431,True,True,0.46,0.46,0.37,7,False,False
False,False,6,v,chandra,as_1883,1883,"SKINS, FURS, and PELTS","Sheep, Undressed",Falkland Islands,Number,3195,3105,26747,3195,26747,3105,-90,9->0,27,1003487,True,True,0.12,0.12,0.11,4,False,False
False,True,6,v,chandra,as_1883,1883,SPICES,Pepper,Aden,Lbs,5691,5601,176133,5691,176133,5601,-90,9->0,12,839003,True,True,0.03,0.03,0.03,2,False,False
False,False,6,v,chandra,as_1888,1888,OIL,Seed,Belgium,Tons,99205,99295,4130,99205,4130,99295,90,0->9,8,412172,True,True,24.02,24.04,24.34,2,False,False
False,False,6,q,chandra,as_1891,1891,TIN,"In Blocks, Ingots, Bars, or Slabs",Belgium,Cwts,1090,1000,1090,4500,1000,4500,-90,9->0,6,19726,True,True,4.13,4.5,4.53,2,False,False
False,True,6,q,chandra,as_1894,1894,MANURES,Bones for Manure,Holland,,895,805,895,3672,805,3672,-90,9->0,14,41008,True,True,4.1,4.56,4.66,2,False,False
False,False,6,v,chandra,as_1897,1895,MEAT,Other Sorts,Australasia : New South Wales,Cwts,20291,20201,6517,20291,6517,20201,-90,9->0,7,123722,True,True,3.11,3.1,2.28,2,False,False
False,True,6,q,chandra,as_1897,1894,SLATES,Dutch Possessions in Indian Seas,France,Tons,11695,11605,11695,34424,11605,34424,-90,9->0,9,47201,True,True,2.94,2.97,3.31,2,False,False
False,False,6,q,chandra,as_1897,1895,WOOLLEN YARN,Unenumerated,Italy,Lbs,303,393,303,7577,393,7577,90,0->9,13,37185,True,True,25.01,19.28,19.11,3,False,False
False,False,6,q,chandra,as_1898,1895,FRUIT,Prunes,United States of America,Cwts,1504,1594,1504,2432,1594,2432,90,0->9,5,21130,True,True,1.62,1.53,1.02,2,False,False
False,False,6,v,chandra,as_1899,1896,DYE STUFFS (Other than Dye Woods) and Substances used in Tan- ning or Dyeing,Sumach,"Turkey, Asiatic",Tons,1090,1000,100,1090,100,1000,-90,9->0,7,154350,True,True,10.9,10.0,10.24,2,False,False
False,False,6,q,chandra,as_1899,1895,METAL,"Unenumerated, Wrought or     Manufactured : Old, fit only to be Re-     manufactured",Germany,Tons,1000,1090,1000,32142,1090,32142,90,0->9,14,3139,True,True,32.14,29.49,24.78,3,False,False
False,False,6,v,infinity,as_1895,1895,FRUIT,"Plums, Raw",Belgium,Bushels,10302,10392,34788,10302,34788,10392,90,0->9,5,165606,True,True,0.3,0.3,0.3,2,False,False
False,False,6,v,infinity,as_1897,1893,TIN,Mahogany,Spanish West India Islands,,19005,19095,3288,19005,3288,19095,90,0->9,12,331231,True,True,5.78,5.81,9.05,2,False,False
False,False,6,q,infinity,as_1898,1894,"CHINA, OR PORCELAIN, AND EARTHENWARE",,United States of America,Cwts,302,392,302,1581,392,1581,90,0->9,8,200861,True,True,5.24,4.03,3.35,5,False,False
False,False,6,q,infinity,as_1898,1897,FLAX,"Manufactures, unenumerated",Sweden,Cwts,28504,28594,28504,56859,28594,56859,90,0->9,10,873613,True,True,1.99,1.99,1.91,6,False,False
False,True,6,q,infinity,as_1898,1894,LEAD,"Manufactures of, Unenumerated",Germany,Cwts,1305,1395,1305,2825,1395,2825,90,0->9,5,2591,True,True,2.16,2.03,1.77,2,False,False
False,False,6,v,infinity,as_1898,1897,LEATHER,Undressed,Austrian Territories,Cwts,1006,1096,314,1006,314,1096,90,0->9,19,1000007,True,True,3.2,3.49,4.84,3,False,False
False,False,6,q,infinity,as_1898,1894,METAL,Of other sorts,Other Foreign Countries,Tons,201,291,201,1372,291,1372,90,0->9,8,6331,True,True,6.83,4.71,4.8,2,False,False
False,True,6,v,infinity,as_1898,1897,SUGAR,"Unrefined, Total",British East Indies : Madras,Cwts,151606,151696,436490,151606,436490,151696,90,0->9,8,875394,True,True,0.35,0.35,0.63,4,False,False
False,False,6,q,infinity,as_1898,1894,SUGAR,"Hewn, Fir",Russia,Loads,372001,372091,372001,550155,372091,550155,90,0->9,10,2053273,True,True,1.48,1.48,1.3,3,False,False
False,False,6,q,infinity,as_1898,1897,WOOL,"Alpaca, Vicuña, and Llama",United States of America,,11602,11692,11602,741,11692,741,90,0->9,5,5121543,True,True,0.06,0.06,0.05,2,False,False
False,False,6,v,infinity,as_1898,1894,ZINC,"Crude, in cakes",United States of America,Tons,36201,36291,3019,36201,3019,36291,90,0->9,7,814370,True,True,11.99,12.02,15.45,5,False,False
False,False,6,v,infinity,as_1899,1895,ALKALI,Geldings,Other British Possessions,Number,502,592,25,502,25,592,90,0->9,4,264718,True,True,20.08,23.68,50.0,2,False,False
False,False,6,v,infinity,as_1899,1897,CHEESE,"Old, fit only to be re-manu- factured",Brazil,Tons,4704,4794,141,4704,141,4794,90,0->9,14,96925,True,True,33.36,34.0,34.77,2,False,False
False,False,6,v,infinity,as_1899,1897,CHEESE,"Unwrought, in bars, blocks or slabs, cakes or ingots",Australasia : Queensland,Tons,11201,11291,252,11201,252,11291,90,0->9,8,525739,True,True,44.45,44.81,51.17,3,False,False
False,False,6,v,infinity,as_1899,1896,CHEESE,Part Wrought,Germany,Tons,8007,8097,172,8007,172,8097,90,0->9,5,36384,True,True,46.55,47.08,48.09,3,False,False
False,False,6,v,infinity,as_1899,1896,HATS OR BONNETS,Of Straw,Other Foreign Countries,,1501,1591,18503,1501,18503,1591,90,0->9,8,186858,True,True,0.08,0.09,0.13,4,False,False
False,False,6,v,infinity,as_1899,1895,HONEY,,United States of America : Cuba and Porto Rico,Cwts,2201,2291,2006,2201,2006,2291,90,0->9,9,32034,True,True,1.1,1.14,1.63,3,False,False
False,False,6,q,chandra,as_1872,1872,COPPER,Regulus,Central America,,660,600,660,18000,600,18000,-60,6->0,8,28779,True,True,27.27,30.0,44.71,3,False,False
False,True,6,q,chandra,as_1877,1877,"Cannon and Mortars, mounted or accompanied with Carriages","Muskets, Rifles, and Guns of any other Sort, and Pistols",Belgium,Number,92298,92238,92298,61663,92238,61663,-60,9->3,6,100605,True,True,0.67,0.67,1.62,3,False,False
False,False,6,v,chandra,as_1888,1888,NUTS AND KERNELS,Commonly used for expressing oil therefrom,France,Tons,8497,8437,597,8497,597,8437,-60,9->3,11,288440,True,True,14.23,14.13,13.88,4,False,False
False,True,6,q,chandra,as_1890,1890,"RAGS, and other MATERIALS for MAKING PAPER","Esparto, and other Vegetable Fibres",Tunis,Tons,23990,23930,23990,99570,23930,99570,-60,9->3,5,217028,True,True,4.15,4.16,4.25,2,False,False
False,True,6,v,chandra,as_1893,1893,Cotton,Rape,Roumania,Quarters,17838,17898,17838,17838,17838,17898,60,3->9,6,141068,True,True,1.0,1.0,1.82,4,False,False
False,True,6,v,chandra,as_1896,1896,ZINC,ARTICLES Imported by PARCEL POST,New South Wales,Number of Packets,10367,10307,5230,10367,5230,10307,-60,6->0,19,393926,True,True,1.98,1.97,1.84,8,False,False
False,True,6,q,chandra,as_1897,1897,DYE WOODS,Logwood,United States of America : Hayti and St. Domingo,Tons,9460,9400,9460,18353,9400,18353,-60,6->0,6,14725,True,True,1.94,1.95,5.97,2,False,False
False,True,6,v,chandra,as_1897,1895,WOOL,Eastern Coast of Africa,British East Indies : Bengal,,709,769,117230,709,117230,769,60,0->6,6,537786,True,True,0.01,0.01,0.04,3,False,False
False,False,6,q,chandra,as_1898,1897,FISH (including Turtle),"Cured, Sardines",France,Cwts,71530,71590,71530,331293,71590,331293,60,3->9,8,197237,True,True,4.63,4.63,1.9,4,False,False
False,True,6,v,chandra,as_1898,1894,NUTS AND KERNELS,"Fish, Sperm or Head-matter",Norway,,2000,2060,102,2000,102,2060,60,0->6,4,19264,True,True,19.61,20.2,38.27,3,False,False
False,True,6,q,chandra,as_1898,1894,OIL-SEED CAKE,Linseed Cake,British East Indies : Bombay,Tons,2104,2164,2104,14134,2164,14134,60,0->6,4,6169,True,True,6.72,6.53,6.4,2,False,False
False,True,6,v,chandra,as_1898,1895,OIL-SEED CAKE,Of other sorts,United States of America,Tons,1205,1265,310,1205,310,1265,60,0->6,8,17579,True,True,3.89,4.08,4.06,5,False,False
False,False,6,q,chandra,as_1898,1895,"SILVER, Ore of, or Ore of which the greater part in Value is Silver","Skins, Unenumerated, undressed",Other British Possessions,Number,2700,2760,2700,411,2760,411,60,0->6,11,108506,True,True,0.15,0.15,0.12,6,False,False
False,True,6,v,chandra,as_1899,1895,CHEESE,,Australasia : Victoria,Cwts,27209,27269,11597,27209,11597,27269,60,0->6,6,2558571,True,True,2.35,2.35,2.73,4,False,False
False,False,6,q,chandra,as_1899,1895,FRUIT,"Apples, Raw",Australasia : New South Wales,Bushels,230,290,230,144,290,144,60,3->9,8,1180510,True,True,0.63,0.5,0.5,4,False,False
False,False,6,q,infinity,as_1877,1877,BONES (except Whalefins),Applicable to Manufacturing Purposes,Brazil,Tons,1093,1033,1093,7716,1033,7716,-60,9->3,9,7455,True,True,7.06,7.47,11.29,5,False,False
False,True,6,q,infinity,as_1882,1882,IVORY,Vegetable,United States of Colombia,Cwts,12109,12169,12109,9621,12169,9621,60,0->6,5,34560,True,True,0.79,0.79,0.71,3,False,False
False,False,6,q,infinity,as_1886,1886,"SKINS, FURS, and PELTS",Seal,Norway,Number,79693,79633,79693,27512,79633,27512,-60,9->3,9,395765,True,True,0.35,0.35,0.51,5,False,False
False,False,6,v,infinity,as_1897,1896,"CARDS, PLAYING","White, in Bottles, Still",Australasia,Gallons,901,961,1888,901,1888,961,60,0->6,4,2332,True,True,0.48,0.51,0.56,3,False,False
False,True,6,q,infinity,as_1898,1895,FLAX,Bottles,Germany,Gross,366806,366866,366806,178300,366866,178300,60,0->6,8,853673,True,True,0.49,0.49,0.47,4,False,False
False,True,6,q,infinity,as_1898,1895,HATS OR BONNETS,TOW,Russia,Tons,1906,1966,1906,38520,1966,38520,60,0->6,5,4274,True,True,20.21,19.59,14.37,3,False,False
False,False,6,q,infinity,as_1898,1896,METAL,Coco-nut,United States of America,Cwts,1903,1963,1903,2503,1963,2503,60,0->6,6,78607,True,True,1.32,1.28,1.17,4,False,False
False,False,6,v,infinity,as_1898,1896,SUGAR,"In Blocks, Ingots, Bars, or Slabs",Chile,Cwts,61904,61964,22496,61904,22496,61964,60,0->6,5,99652,True,True,2.75,2.75,2.9,2,False,False
False,False,6,q,infinity,as_1898,1897,SUGAR,"Sawn or Split, planed or dressed, Fir",New Zealand,Loads,10400,10460,10400,52700,10460,52700,60,0->6,6,1937242,True,True,5.07,5.04,4.44,5,False,False
False,False,6,v,infinity,as_1898,1895,ZINC,"Crude, in cakes",Malta,Tons,17102,17162,9095,17102,9095,17162,60,0->6,29,425900,True,True,1.88,1.89,2.19,10,False,False
False,True,6,q,infinity,as_1898,1898,"CARDS, PLAYING","Plums, Dried or Preserved",Other Foreign Countries,Cwts,101,161,101,631,161,631,60,0->6,5,39289,True,True,6.25,3.92,1.55,4,False,False
False,True,6,v,infinity,as_1899,1895,ALKALI,Stallions,Other British Possessions,,600,660,21,600,21,660,60,0->6,5,18187,True,True,28.57,31.43,57.14,5,False,False
False,True,6,v,infinity,as_1899,1897,ALKALI,Geldings,Other British Possessions,Number,603,663,27,603,27,663,60,0->6,4,179672,True,True,22.33,24.56,58.44,2,False,False
False,False,6,v,infinity,as_1899,1897,CHEESE,,Australasia : New Zealand,Cwts,160707,160767,68253,160707,68253,160767,60,0->6,6,3512032,True,True,2.35,2.36,2.5,4,False,False
False,True,6,q,infinity,as_1899,1897,CHEESE,"Unwrought, in bars, blocks or slabs, cakes or ingots",Mexico,Tons,2600,2660,2600,133110,2660,133110,60,0->6,15,50365,True,True,51.2,50.04,50.22,7,False,False
False,False,6,v,infinity,as_1899,1897,HATS OR BONNETS,Of Straw,China,,135,195,6140,135,6140,195,60,3->9,8,89704,True,True,0.02,0.03,0.37,2,False,False
False,False,6,q,infinity,as_1899,1898,IRON,Vegetable,Republic of Colombia,Cwts,3603,3663,3603,1836,3663,1836,60,0->6,4,12106,True,True,0.51,0.5,0.45,3,False,False
False,False,6,q,infinity,as_1899,1898,MALT,Bones for Manure (whether burnt or not),British East Indies : Bengal,Tons,7403,7463,7403,32924,7463,32924,60,0->6,7,32314,True,True,4.45,4.41,4.15,4,False,False
False,True,6,q,infinity,as_1899,1898,MALT,Guano,Norway,Tons,503,563,503,2773,563,2773,60,0->6,11,22170,True,True,5.51,4.93,4.0,4,False,False
False,True,6,v,infinity,as_1899,1898,OIL,"Of Silver, gilt or ungilt",Other Foreign Countries,Ozs. troy,708,768,3753,708,3753,768,60,0->6,7,28389,True,True,0.19,0.2,0.29,5,False,False
False,True,6,v,infinity,as_1899,1899,"CARDS, PLAYING",Currants,Holland,Cwts,10606,10666,12697,10606,12697,10666,60,0->6,4,1035874,True,True,0.84,0.84,0.88,3,False,False
False,True,6,q,infinity,as_1899,1899,"CARDS, PLAYING",Rum,Cuba and Porto Rico,Proof Gallons,100793,100733,100793,4712,100733,4712,-60,9->3,7,958319,True,True,0.05,0.05,0.07,5,False,False
False,False,6,v,infinity,as_1899,1896,TOBACCO,Total of all Kinds,Turkey,Gallons,4506,4566,29433,4506,29433,4566,60,0->6,13,5818645,True,True,0.15,0.16,0.25,5,False,False
False,True,6,q,chandra,as_1878,1878,"FLOWERS, ARTIFICIAL","Preserved without Sugar, Unenumerated",Spain and Canary Islands,Lbs,306336,306386,306336,5611,306386,5611,50,3->8,9,8402581,True,True,0.02,0.02,0.01,7,False,False
False,False,6,q,chandra,as_1884,1884,Corn and Grain,Rye,Russia,Cwts,34784,34734,34784,11657,34734,11657,-50,8->3,6,220579,True,True,0.34,0.34,0.37,3,False,False
False,True,6,q,chandra,as_1888,1888,IRON,"Old Broken, and Old Cast Iron   and Steel",Australasia,Tons,681,631,681,1483,631,1483,-50,8->3,4,4921,True,True,2.18,2.35,2.29,3,False,False
False,False,6,q,chandra,as_1889,1889,CANDLES OF ALL SORTS,,Holland,Cwts,24888,24838,24888,50144,24838,50144,-50,8->3,6,45865,True,True,2.01,2.02,2.29,3,False,False
False,True,6,q,chandra,as_1893,1893,"ANIMALS, LIVING",Stallions : Geldings,Germany,No,4787,4737,4787,54495,4737,54495,-50,8->3,10,8724,True,True,11.38,11.5,33.43,4,False,False
False,True,6,q,chandra,as_1893,1893,SUGAR'd),Glucose,United States of America,Cwts,1152985,1152935,1152985,640890,1152935,640890,-50,8->3,5,1235800,True,True,0.56,0.56,0.64,3,False,False
False,True,6,q,chandra,as_1894,1894,IRON and STEEL,"Iron, Ore of (including Chrome)",Spain,Tons,3852287,3852237,3852287,2512796,3852237,2512796,-50,8->3,12,4412628,True,True,0.65,0.65,0.79,4,False,False
False,True,6,v,chandra,as_1896,1896,FRUIT,"Preserved without Sugar, other than Dried",Russia,,1038,1088,175536,1038,175536,1088,50,3->8,9,441284,True,True,0.01,0.01,0.01,6,False,False
False,False,6,v,chandra,as_1896,1896,WOOL,"Other Kinds, and Flocks",Germany,Lbs,14230,14280,374058,14230,374058,14280,50,3->8,6,85916,True,True,0.04,0.04,0.05,4,False,False
False,True,6,q,chandra,as_1898,1894,"COPPER, ORE OF","Meal, not otherwise enumerated or described",British East Indies : Bombay,Cwts,33884,33834,33884,6003,33834,6003,-50,8->3,4,47909,True,True,0.18,0.18,0.2,2,False,False
False,False,6,q,chandra,as_1898,1894,NUTS AND KERNELS,Animal,Germany,Cwts,934,984,934,1758,984,1758,50,3->8,5,53500,True,True,1.88,1.79,1.54,2,False,False
False,True,6,v,chandra,as_1898,1895,NUTS AND KERNELS,Castor,Other Foreign Countries,Cwts,730,780,734,730,734,780,50,3->8,6,111761,True,True,0.99,1.06,1.16,4,False,False
False,False,6,v,chandra,as_1898,1897,NUTS AND KERNELS,Coco-nut,Belgium,Cwts,52484,52434,47971,52484,47971,52434,-50,8->3,6,84871,True,True,1.09,1.09,1.08,3,False,False
False,False,6,v,chandra,as_1898,1896,COFFEE,"Kiln Dried, Roasted, or Ground",Holland,Lbs,33,83,1767,33,1767,83,50,3->8,6,706,True,True,0.02,0.05,0.06,2,False,False
False,False,6,v,chandra,as_1899,1895,BEEF,SalTED,Other Foreign Countries,,338,388,256,338,256,388,50,3->8,4,276225,True,True,1.32,1.52,1.5,3,False,False
False,True,6,q,chandra,as_1899,1897,WOOD AND TIMBER,"Hewn, Fir",United States of America : On the Atlantic,Loads,62637,62687,62637,173441,62687,173441,50,3->8,11,2403278,True,True,2.77,2.77,1.55,6,False,False
False,False,6,q,infinity,as_1883,1883,"RAGS, WOOLLEN, applicable to other uses than Manure, torn up or not",,British Possessions in South Africa,Tons,85,35,85,577,35,577,-50,8->3,19,35767,True,True,6.79,16.49,19.8,5,False,False
False,False,6,q,infinity,as_1884,1884,"CHEMICAL MANUFACTURES AND PRODUCTS, Unenumerated","Old, fit only to be re-manufactured",United States of America,Tons,80,30,80,1465,30,1465,-50,8->3,18,2386,True,True,18.31,48.83,38.21,6,False,False
False,True,6,q,infinity,as_1886,1886,ANIMALS LIVING,Oxen and Bulls,Germany,No,6285,6235,6285,97216,6235,97216,-50,8->3,9,177820,True,True,15.47,15.59,16.83,7,False,False
False,False,6,q,infinity,as_1886,1886,CAOUTCHOUC,East Africa,Aden,,4934,4984,4934,47545,4984,47545,50,3->8,12,53623,True,True,9.64,9.54,9.27,8,False,False
False,True,6,q,infinity,as_1886,1886,LEAD,Pig or Sheet,Other Foreign Countries,Tons,389,339,389,4209,339,4209,-50,8->3,11,105410,True,True,10.82,12.42,12.58,7,False,False
False,True,6,v,infinity,as_1887,1887,CONFECTIONERY,Pease,Other Foreign Countries,Cwts,3983,3933,11481,3983,11481,3933,-50,8->3,7,406109,True,True,0.35,0.34,0.3,2,False,False
False,True,6,v,infinity,as_1887,1887,TIN,"In Blocks, Ingots, Bars, or Slabs",United States of America,Cwts,13883,13833,1801,13883,1801,13833,-50,8->3,8,164902,True,True,7.71,7.68,5.21,3,False,False
False,False,6,q,infinity,as_1888,1888,"ANIMALS, LIVING",Calves,Denmark,No,4284,4234,4284,15955,4234,15955,-50,8->3,4,39795,True,True,3.72,3.77,4.31,3,False,False
False,False,6,v,infinity,as_1888,1888,"HIDES, Raw, and Pieces thereof",Wet,Other Foreign Countries,Cwts,1087,1037,436,1087,436,1037,-50,8->3,19,1225756,True,True,2.49,2.38,2.36,11,False,False
False,False,6,v,infinity,as_1888,1888,"MEAT, unenumerated","Preserved, otherwise than by Salting",Other British Possessions,,80,30,12,80,12,30,-50,8->3,3,414291,True,True,6.67,2.5,2.22,3,False,False
False,True,6,v,infinity,as_1888,1888,Cotton,"Unenumerated, other sorts",Other British Possessions,Cwts,783,733,303,783,303,733,-50,8->3,3,32006,True,True,2.58,2.42,0.44,2,False,False
False,True,6,q,infinity,as_1888,1888,"STRAW PLATTING, for making Hats or Bonnets",,Other Foreign Countries,Lbs,280,230,280,13,230,13,-50,8->3,8,7945243,True,True,0.05,0.06,0.08,3,False,False
False,False,6,q,infinity,as_1890,1890,CONFECTIONERY,"Old, fit only to be re-manufactured",Brazil,Tons,86,36,86,1403,36,1403,-50,8->3,14,2375,True,True,16.31,38.97,38.69,5,False,False
False,True,6,q,infinity,as_1890,1890,EGGS,,Channel Islands,,9386,9336,9386,3183,9336,3183,-50,8->3,3,26225,True,True,0.34,0.34,0.41,2,False,False
False,False,6,q,infinity,as_1890,1890,"FLOWERS, Artificial",Almonds,Portugal,Cwts,7283,7233,7283,18672,7233,18672,-50,8->3,8,98068,True,True,2.56,2.58,3.57,4,False,False
False,False,6,v,infinity,as_1890,1890,MANURES,Bones for Manure,Morocco,,1981,1931,350,1981,350,1931,-50,8->3,20,174989,True,True,5.66,5.52,5.27,11,False,False
False,True,6,v,infinity,as_1890,1890,"PICTURES and DRAWINGS, by HAND",,United States of America,,10788,10738,347,10788,347,10738,-50,8->3,9,392116,True,True,31.09,30.95,19.15,6,False,False
False,True,6,v,infinity,as_1890,1890,SAGO and SAGO FLOUR,,Other Foreign Countries,,681,631,987,681,987,631,-50,8->3,3,3915,True,True,0.69,0.64,0.59,2,False,False
False,True,6,q,infinity,as_1891,1891,HOPS,,Belgium,Cwts,42687,42637,42687,178850,42637,178850,-50,8->3,7,191627,True,True,4.19,4.19,5.31,4,False,False
False,True,6,v,infinity,as_1891,1891,IRON,Pig and Puddled,Other Foreign Countries,Tons,1083,1033,272,1083,272,1033,-50,8->3,5,255908,True,True,3.98,3.8,3.8,2,False,False
False,True,6,q,infinity,as_1892,1892,"COALS, CULM, and CINDERS",,Holland,,2388,2338,2388,1300,2338,1300,-50,8->3,3,11820,True,True,0.54,0.56,0.85,2,False,False
False,False,6,q,infinity,as_1892,1892,"PICKLES and VEGETABLES, preserved in Salt or Vinegar",,Holland,Gallons,1024388,1024338,1024388,43006,1024338,43006,-50,8->3,6,1815889,True,True,0.04,0.04,0.07,4,False,False
False,True,6,q,infinity,as_1893,1893,COPPER,"Old, fit only to be re-manufactured",United States of America,Tons,380,330,380,9793,330,9793,-50,8->3,7,1629,True,True,25.77,29.68,32.44,3,False,False
False,False,6,v,infinity,as_1893,1893,Cotton,,Peru,Tons,44583,44533,7437,44583,7437,44533,-50,8->3,11,2398496,True,True,5.99,5.99,5.88,4,False,False
False,True,6,q,infinity,as_1893,1893,SUGAR,Unrefined : Beetroot,Germany,Cwts,6278685,6278635,6278685,4502558,6278635,4502558,-50,8->3,7,8563319,True,True,0.72,0.72,0.76,3,False,False
False,False,6,v,infinity,as_1894,1894,PORK,Fresh,Other Foreign Countries,Cwts,287,237,101,287,101,237,-50,8->3,7,435359,True,True,2.84,2.35,2.52,4,False,False
False,False,6,v,infinity,as_1895,1895,"ANIMALS, LIVING",Sheep and Lambs,Argentine Republic,,505587,505537,308094,505587,308094,505537,-50,8->3,5,1389151,True,True,1.64,1.64,1.57,4,False,False
False,True,6,q,infinity,as_1896,1896,YEAST,,France,Cwts,36037,36087,36037,136652,36087,136652,50,3->8,5,172387,True,True,3.79,3.79,2.25,3,False,False
False,False,6,q,infinity,as_1897,1894,TIN,Eastern Coast of Africa,Australasia,,285,235,285,7500,235,7500,-50,8->3,4,393,True,True,26.32,31.91,38.57,3,False,False
False,True,6,v,infinity,as_1899,1898,MALT,"MANGANESE, Ore of",Australasia,Tons,80,30,8,80,8,30,-50,8->3,5,48836,True,True,10.0,3.75,4.94,2,False,False
False,True,6,v,chandra,as_1872,1872,METAL,"Unenumerated, Unwrought",France,Tons,3015,3045,62,3015,62,3045,30,1->4,5,47599,True,True,48.63,49.11,50.9,4,False,False
False,False,6,v,chandra,as_1874,1874,WOOL,,Other Countries,,2819,2849,22396,2819,22396,2849,30,1->4,3,557600,True,True,0.13,0.13,0.13,3,False,False
False,False,6,v,chandra,as_1879,1879,FISH,Cured or Salted,British North America,Cwts,363019,363049,283968,363019,283968,363049,30,1->4,8,1271609,True,True,1.28,1.28,1.82,6,False,False
False,True,6,v,chandra,as_1879,1879,MANURES,"Bones of Animals, and Fish for Manure only",Turkey,Tons,32815,32845,5828,32815,5828,32845,30,1->4,9,365772,True,True,5.63,5.64,5.78,7,False,False
False,True,6,v,chandra,as_1879,1879,ZINO,"Manufactures, Unenumerated",Holland,Cwts,126013,126043,116063,126013,116063,126043,30,1->4,4,346443,True,True,1.09,1.09,1.14,2,False,False
False,True,6,v,chandra,as_1880,1880,ANIMALS LIVING,Horses,Germany,Number,56211,56241,3705,56211,3705,56241,30,1->4,7,233770,True,True,15.17,15.18,42.08,5,False,False
False,True,6,q,chandra,as_1892,1892,PAPER,For Printing and Writing,Other Foreign Countries,Cwts,1316,1346,1316,2001,1346,2001,30,1->4,11,363278,True,True,1.52,1.49,1.36,6,False,False
False,True,6,q,chandra,as_1893,1893,IRON and STEEL,Pig and Puddled,United States of America,Tons,1184,1154,1184,3607,1154,3607,-30,8->5,6,35317,True,True,3.05,3.13,4.6,4,False,False
False,True,6,q,chandra,as_1893,1893,PORK,Fresh,Belgium,Owts,25216,25246,25216,63456,25246,63456,30,1->4,6,181860,True,True,2.52,2.51,2.46,5,False,False
False,True,6,q,chandra,as_1894,1894,PAPER,Unenumerated,United States of America,Cwts,55555,55585,55555,74767,55585,74767,30,5->8,11,1555382,True,True,1.35,1.35,1.07,9,False,False
False,True,6,v,chandra,as_1896,1896,PORK,Salted (not Hams),Germany,Cwts,4558,4588,8149,4558,8149,4588,30,5->8,7,272675,True,True,0.56,0.56,0.99,5,False,False
False,False,6,v,chandra,as_1897,1896,"CHINA, OR PORCELAIN, AND EARTHENWARE",,Belgium,Tons,958,988,1567,958,1567,988,30,5->8,5,5722,True,True,0.61,0.63,0.62,8,False,False
False,False,6,q,chandra,as_1897,1893,DYE STUFFS (Other than Dye Woods) and Substances used in Tan- ning or Dyeing,Cutch and Gambier,Germany,Tons,55,85,55,2121,85,2121,30,5->8,6,521,True,True,38.56,24.95,27.31,6,False,False
False,False,6,q,chandra,as_1898,1897,LINEN,Bones for Manure (whether burnt or not),British East Indies : Bengal,Tons,10351,10381,10351,43152,10381,43152,30,5->8,8,34210,True,True,4.17,4.16,4.0,7,False,False
False,True,6,q,chandra,as_1898,1894,ZINC,"Crude, in cakes",British East Indies : Bombay,Goods,67350,67380,67350,185809,67380,185809,30,5->8,29,228732,True,True,2.76,2.76,2.09,19,False,False
False,True,6,v,chandra,as_1898,1894,FRUIT,Rum,Spanish West India Islands,Proof Gallons,3359,3389,77900,3359,77900,3389,30,5->8,8,94997,True,True,0.04,0.04,0.06,7,False,False
False,True,6,v,chandra,as_1899,1895,"BONES (except Whalebone) whether burnt or not, or as Animal Charcoal",Applicable to Manufacturing Purposes,Argentine Republic,,10857,10887,2430,10857,2430,10887,30,5->8,10,59780,True,True,4.47,4.48,5.83,9,False,False
False,True,6,v,chandra,as_1899,1896,FRUIT,"Unenumerated, Raw",Holland,Bushels,47451,47481,131159,47451,131159,47481,30,5->8,12,576344,True,True,0.36,0.36,0.38,9,False,False
False,True,6,q,chandra,as_1899,1898,HATS OR BONNETS,Tow,Other Foreign Countries,Tons,111,141,111,2772,141,2772,30,1->4,5,4733,True,True,24.97,19.66,18.88,3,False,False
False,True,6,q,chandra,as_1899,1896,IRON,Ore of (including Chrome),Russia,Tons,7350,7380,7350,15756,7380,15756,30,5->8,17,5420175,True,True,2.14,2.13,0.93,15,False,False
False,False,6,q,chandra,as_1899,1898,MANURES,Bones for Manure (whether burnt or not),British East Indies : Bombay,Tons,24259,24289,24259,103214,24289,103214,30,5->8,7,32314,True,True,4.25,4.25,4.15,6,False,False
False,True,6,q,chandra,as_1899,1898,FRUIT,Transparent in the Manufacture     of which Spirit has been used,"United States of America, on the Atlantic",Lbs,1155,1185,1155,158,1185,158,30,5->8,4,12164,True,True,0.14,0.13,0.09,2,False,False
False,True,6,v,infinity,as_1872,1872,OIL,Animal,France,Cwts,6011,6041,5118,6011,5118,6041,30,1->4,4,46454,True,True,1.17,1.18,2.21,4,False,False
False,True,6,q,infinity,as_1872,1872,OIL,Turpentine (Oil or Spirit of),France,Cwts,28917,28947,28917,69160,28947,69160,30,1->4,3,220292,True,True,2.39,2.39,2.13,3,False,False
False,False,6,q,infinity,as_1873,1873,ANIMALS,Oxen and Bulls,Germany,Number,43459,43489,43459,891233,43489,891233,30,5->8,8,121220,True,True,20.51,20.49,20.06,7,False,False
False,True,6,q,infinity,as_1873,1873,"Hides, not Tanned, Tawed, Curried, or in any way Dressed",Dry,Egypt,Cwts,31159,31189,31159,153634,31189,153634,30,5->8,19,626274,True,True,4.93,4.93,3.83,16,False,False
False,True,6,v,infinity,as_1875,1875,Cotton,SHUMACH,Austrian Territories,Tons,9916,9946,738,9916,738,9946,30,1->4,3,246343,True,True,13.44,13.48,16.45,2,False,False
False,True,6,v,infinity,as_1875,1875,SUGAR,Unrefined of all Kinds,British Possessions in South Africa,Cwts,29510,29540,29376,29510,29376,29540,30,1->4,24,17210137,True,True,1.0,1.01,1.04,23,False,False
False,True,6,v,infinity,as_1876,1876,RAGS and other Materials for making Paper,Linen and Cotton Rags,Egypt,Tons,11010,11040,976,11010,976,11040,30,1->4,8,229972,True,True,11.28,11.31,16.12,4,False,False
False,False,6,v,infinity,as_1876,1876,Cotton,,Other Countries,Tons,13413,13443,1967,13413,1967,13443,30,1->4,6,1825116,True,True,6.82,6.83,7.4,5,False,False
False,True,6,v,infinity,as_1876,1876,"SKINS, FURS, AND PEELTS",Seal,Germany,Number,11852,11882,32771,11852,32771,11882,30,5->8,8,219540,True,True,0.36,0.36,0.59,6,False,False
False,True,6,q,infinity,as_1878,1878,PAPER,Millboard and Pasteboard,Other Countries,Cwts,3651,3681,3651,5570,3681,5570,30,5->8,6,403156,True,True,1.53,1.51,0.7,5,False,False
False,False,6,v,infinity,as_1879,1879,FEATHERS,Cured or Salted,Denmark,Cwts,29715,29745,40273,29715,40273,29745,30,1->4,8,1271609,True,True,0.74,0.74,1.81,6,False,False
False,False,6,q,infinity,as_1879,1879,WOOL,Sheep and Lambs',Falkland Islands,,1123414,1123444,1123414,47797,1123444,47797,30,1->4,21,412784316,True,True,0.04,0.04,0.04,14,False,False
False,True,6,q,infinity,as_1880,1880,Iron,Pig,Holland,Tons,17818,17848,17818,107036,17848,107036,30,1->4,4,66939,True,True,6.01,6.0,4.79,4,False,False
False,True,6,q,infinity,as_1880,1880,LEATHER MANUFACTURES,Gloves,Belgium,Dozen Pairs,160919,160949,160919,185125,160949,185125,30,1->4,6,1455765,True,True,1.15,1.15,1.09,5,False,False
False,False,6,v,infinity,as_1881,1881,Iron,"Manufactures of Iron and Steel, Unenumerated",Russia,Cwts,47616,47646,42448,47616,42448,47646,30,1->4,9,2564823,True,True,1.12,1.12,1.16,5,False,False
False,True,6,v,infinity,as_1881,1881,"SAUCES OR CONDIMENTS, Unenumerated",,Other Countries,Lbs,6517,6547,271296,6517,271296,6547,30,1->4,4,24776,True,True,0.02,0.02,0.03,3,False,False
False,True,6,q,infinity,as_1881,1881,Cotton,,United States of America,Tons,5817,5847,5817,40958,5847,40958,30,1->4,5,232199,True,True,7.04,7.0,6.46,2,False,False
False,False,6,q,infinity,as_1882,1882,DRUGS,"Bark, Peruvian",Persia,Cwts,54412,54442,54412,41219,54442,41219,30,1->4,5,478624,True,True,0.76,0.76,0.74,3,False,False
False,True,6,q,infinity,as_1882,1882,WOOD AND TIMBER,Mahogany,Mexico,Tons,19414,19444,19414,194818,19444,194818,30,1->4,5,36478,True,True,10.03,10.02,9.87,3,False,False
False,True,6,q,infinity,as_1883,1883,COPPER,"Unwrought, in bars, blocks or slabs, cakes or ingots",United States of America,,1557,1587,1557,103506,1587,103506,30,5->8,12,34752,True,True,66.48,65.22,64.81,10,False,False
False,False,6,v,infinity,as_1883,1883,DRUGS,"Bark, Peruvian",Belgium,Cwts,1916,1946,195,1916,195,1946,30,1->4,20,1423516,True,True,9.83,9.98,12.22,15,False,False
False,True,6,v,infinity,as_1883,1883,IRON,Ore of,Greece,Tons,22857,22887,21497,22857,21497,22887,30,5->8,11,2750870,True,True,1.06,1.06,1.11,6,False,False
False,True,6,v,infinity,as_1883,1883,WAX,,Madagascar,Cwts,1416,1446,288,1416,288,1446,30,1->4,23,97142,True,True,4.92,5.02,5.61,17,False,False
False,False,6,q,infinity,as_1884,1884,MANURES,Unenumerated,Uruguay,Tons,1410,1440,1410,10626,1440,10626,30,1->4,7,70901,True,True,7.54,7.38,2.83,6,False,False
False,False,6,q,infinity,as_1885,1885,"LEATHER, Undressed",,Holland,lbs,237759,237789,237759,13913,237789,13913,30,5->8,7,18107301,True,True,0.06,0.06,0.06,6,False,False
False,True,6,v,infinity,as_1885,1885,OIL SEED CAKE,,United States of America,Tons,1442410,1442440,195532,1442410,195532,1442440,30,1->4,12,2014777,True,True,7.38,7.38,7.54,8,False,False
False,True,6,v,infinity,as_1885,1885,"RAGS, and other Materials, for making Paper","RAGS, WOOLLEN, applicable to other uses than Manure, torn up or not",Holland,Tons,68518,68548,3739,68518,3739,68548,30,1->4,10,674688,True,True,18.33,18.33,18.42,8,False,False
False,True,6,q,infinity,as_1885,1885,"SKINS, FURS, and PELTS","Goat, Undressed",Holland,Number,100515,100545,100515,20390,100545,20390,30,1->4,13,960659,True,True,0.2,0.2,0.1,10,False,False
False,False,6,v,infinity,as_1888,1888,"FLOWERS, Artificial",Almonds,Portugal,Cwts,13418,13448,6211,13418,6211,13448,30,1->4,7,242022,True,True,2.16,2.17,2.77,4,False,False
False,False,6,q,infinity,as_1888,1888,ICE,Pig and Puddled,Holland,Tons,1915,1945,1915,8298,1945,8298,30,1->4,5,37218,True,True,4.33,4.27,4.05,5,False,False
False,False,6,v,infinity,as_1891,1891,COTTON,Waste of (Raw and Yarn),Portugal,Lbs,2418,2448,402811,2418,402811,2448,30,1->4,10,75100,True,True,0.01,0.01,0.01,5,False,False
False,True,6,q,infinity,as_1891,1891,PARAFFINE,,Germany,,2019,2049,2019,4029,2049,4029,30,1->4,3,515851,True,True,2.0,1.97,1.66,2,False,False
False,True,6,v,infinity,as_1892,1892,DYE WOODS,Unenumerated,Philippine Islands,Tons,1512,1542,278,1512,278,1542,30,1->4,10,46152,True,True,5.44,5.55,5.88,8,False,False
False,False,6,v,infinity,as_1892,1892,"SKINS, FURS, and PELTS",Furs,China,,18410,18440,334785,18410,334785,18440,30,1->4,10,392027,True,True,0.05,0.06,0.07,6,False,False
False,False,6,q,infinity,as_1893,1893,HAIR,"Cow, Ox, Bull, or Elk",Other Foreign Countries,Cwts,1018,1048,1018,2272,1048,2272,30,1->4,9,71505,True,True,2.23,2.17,1.31,8,False,False
False,True,6,q,infinity,as_1896,1896,DYE WOODS,Logwood,France,Tons,150,180,150,1835,180,1835,30,5->8,6,30976,True,True,12.23,10.19,6.39,5,False,False
False,True,6,v,infinity,as_1896,1896,SILK,"Knubs or Husks, and Waste",Bombay,Cwts,10017,10047,1236,10017,1236,10047,30,1->4,5,181535,True,True,8.1,8.13,8.48,3,False,False
False,False,6,v,infinity,as_1896,1896,SUGAR,Glucose,United States of America,Cwts,584352,584382,1468620,584352,1468620,584382,30,5->8,5,622724,True,True,0.4,0.4,0.44,4,False,False
False,True,6,v,infinity,as_1897,1896,Cotton,Dutch Possessions in Indian Seas,Holland,Tons,41952,41982,34541,41952,34541,41982,30,5->8,13,663169,True,True,1.21,1.22,1.95,12,False,False
False,False,6,v,infinity,as_1897,1897,Cotton,Dutch Possessions in Indian Seas,Channel Islands,Tons,195757,195787,331128,195757,331128,195787,30,5->8,3,197510,True,True,0.59,0.59,5.12,9,False,False
False,False,6,q,infinity,as_1897,1896,TIN,"Sawn or Split, planed or dressed, Fir",United States of America : Other Foreign Countries,Loads,514,544,514,2084,544,2084,30,1->4,10,4460220,True,True,4.05,3.83,2.35,8,False,False
False,False,6,v,infinity,as_1897,1894,WOOLLEN YARN,Stuffs,Germany,Yards,140756,140786,1703225,140756,1703225,140786,30,5->8,6,5665127,True,True,0.08,0.08,0.09,5,False,False
False,True,6,v,infinity,as_1897,1895,"CARDS, PLAYING",,Germany,Dozen Packs,255,285,27821,255,27821,285,30,5->8,4,2357,True,True,0.01,0.01,0.03,4,False,False
False,True,6,v,infinity,as_1898,1895,"CHINA, OR PORCELAIN, AND EARTHENWARE",,Hong Kong,Cwts,2515,2545,768,2515,768,2545,30,1->4,3,3987,True,True,3.27,3.31,3.71,2,False,False
False,True,6,v,infinity,as_1898,1896,"CHINA, OR PORCELAIN, AND EARTHENWARE",,Hong Kong,Cwts,2050,2080,757,2050,757,2080,30,5->8,3,4472,True,True,2.71,2.75,3.11,3,False,False
False,True,6,v,infinity,as_1898,1896,FLAX,"Apples, Raw",Spain,Bushels,1357,1387,5262,1357,5262,1387,30,5->8,10,851566,True,True,0.26,0.26,0.27,10,False,False
False,False,6,v,infinity,as_1898,1898,IRON,"Steel, Unwrought",United States of America,Tons,158659,158689,29374,158659,29374,158689,30,5->8,8,250314,True,True,5.4,5.4,9.44,5,False,False
False,True,6,q,infinity,as_1898,1894,LEATHER,Undressed,France,Cwts,2056,2086,2056,14840,2086,14840,30,5->8,18,307336,True,True,7.22,7.11,5.58,13,False,False
False,True,6,v,infinity,as_1898,1895,METAL,Of other sorts,Holland,Tons,1659,1689,800,1659,800,1689,30,5->8,8,17579,True,True,2.07,2.11,4.08,6,False,False
False,True,6,v,infinity,as_1898,1895,ZINC,Ore of,Belgium,Tons,37815,37845,11205,37815,11205,37845,30,1->4,10,142460,True,True,3.37,3.38,5.84,6,False,False
False,True,6,q,infinity,as_1899,1896,FRUIT,Lemons,Other Foreign Countries,Bushels,1218,1248,1218,383,1248,383,30,1->4,8,1653357,True,True,0.31,0.31,0.31,5,False,False
False,True,6,q,infinity,as_1899,1898,HONEY,Eastern Coast of Africa,British East Indies : Ceylon,,55,85,55,4448,85,4448,30,5->8,16,3569,True,True,80.87,52.33,30.35,12,False,False
False,False,6,q,infinity,as_1899,1899,METAL,"Unenumerated, Wrought or Manufactured : Old, fit only to be Re-manufactured",Spain,Tons,14,44,14,2045,44,2045,30,1->4,14,4601,True,True,146.07,46.48,33.49,13,False,False
False,True,6,q,infinity,as_1899,1896,Cotton,Tares and Lentils,Bombay,Bushels,87410,87440,87410,21204,87440,21204,30,1->4,3,157634,True,True,0.24,0.24,0.14,2,False,False
False,True,6,v,infinity,as_1899,1897,SUGAR,"Unrefined, Total",Philippine and Ladrone Islands,Cwts,310810,310840,812111,310810,812111,310840,30,1->4,21,5347577,True,True,0.38,0.38,0.45,18,False,False
False,False,6,q,infinity,as_1899,1897,"CARDS, PLAYING","Kiln Dried, Roasted, or Ground",France,Lbs,1415,1445,1415,111,1445,111,30,1->4,6,11323,True,True,0.08,0.08,0.06,4,False,False
False,True,6,q,chandra,as_1876,1876,HATS or BONNETS,Of Straw,Other Countries,Lbs,22167,22187,22167,6017,22187,6017,20,6->8,3,478480,True,True,0.27,0.27,0.22,3,False,False
False,True,6,q,chandra,as_1877,1877,WOOD and TIMBER,"Sawn or Split, Planed or Dressed : Unenumerated",Sweden,Loads,121686,121666,121686,166425,121666,166425,-20,8->6,10,374114,True,True,1.37,1.37,3.83,9,False,False
False,True,6,q,chandra,as_1877,1877,BONES (except Whalefins),Applicable to Manufacturing Purposes,Belgium,Tons,262,252,262,2846,252,2846,-10,6->5,9,7455,True,True,10.86,11.29,11.17,8,False,False
False,True,6,v,chandra,as_1877,1877,OIL,"Chemical, Essential, or Perfumed",Other Countries,Lbs,10663,10653,16036,10663,16036,10653,-10,6->5,8,237484,True,True,0.66,0.66,0.4,7,False,False
False,True,6,q,chandra,as_1897,1893,GLASS,"Window and German Sheet, including Shades and Cylinders",France,Cwts,1520,1530,1520,1476,1530,1476,10,2->3,5,936524,True,True,0.97,0.96,0.71,5,False,False
False,True,6,v,chandra,as_1898,1895,GLASS,Tow,France,Tons,1525,1535,137,1525,137,1535,10,2->3,5,74219,True,True,11.13,11.2,14.39,5,False,False
False,False,6,v,chandra,as_1899,1898,HONEY,,Australasia : Queensland,Cwts,553,563,408,553,408,563,10,5->6,8,7303,True,True,1.36,1.38,1.67,6,False,False
False,True,6,v,infinity,as_1876,1876,"PLATINA, Wrought and Unwrought",,Belgium,Oz. Troy,14360,14350,15352,14360,15352,14350,-10,6->5,4,39957,True,True,0.94,0.93,0.78,3,False,False
False,True,6,q,infinity,as_1890,1890,Corn and Grain,Wheat,Egypt,,425465,425455,425465,142852,425455,142852,-10,6->5,15,47176349,True,True,0.34,0.34,0.38,15,False,False
False,True,6,q,infinity,as_1890,1890,HORNS and HOORS,,Other British Possessions,Tons,64,54,64,910,54,910,-10,6->5,4,2533,True,True,14.22,16.85,41.08,4,False,False
False,True,6,v,infinity,as_1898,1895,LEATHER,Undressed,Japan,Cwts,60,50,11,60,11,50,-10,6->5,19,1336585,True,True,5.45,4.55,4.91,14,False,False
False,True,6,q,infinity,as_1899,1895,METAL,"Unenumerated, Unwrought",Holland,Tons,64,54,64,1974,54,1974,-10,6->5,8,1001,True,True,30.84,36.56,140.58,6,False,False
False,False,6,q,chandra,as_1888,1888,CORK,Unmanufactured,Algeria,Tons,620,629,620,20420,629,20420,9,0->9,8,14076,True,True,32.94,32.46,16.26,4,False,False
False,False,6,q,chandra,as_1897,1897,DYE STUFFS (Other than Dye Woods) and Substances used in Tan- ning or Dyeing,"Madder, Madder Root, Garancine, and Munjeet",Asiatic,Cwts,369,360,369,375,360,375,-9,9->0,4,3793,True,True,1.02,1.04,1.66,2,False,False
False,False,6,q,chandra,as_1897,1893,WOOD AND TIMBER,Mahogany,Western Coast of Africa : French Possessions,,4000,4009,4000,38865,4009,38865,9,0->9,12,38235,True,True,9.72,9.69,8.52,3,False,False
False,False,6,q,chandra,as_1898,1895,LEAD,Undressed,China,Cwts,20,29,20,207,29,207,9,0->9,19,370081,True,True,10.35,7.14,4.55,4,False,False
False,False,6,v,chandra,as_1898,1896,NUTS AND KERNELS,"Fish, Sperm or Head-matter",Portugal,,3620,3629,134,3620,134,3629,9,0->9,5,8066,True,True,27.01,27.08,28.17,3,False,False
False,False,6,q,chandra,as_1898,1896,PORK,Salted (not hams),Other Foreign Countries,,320,329,320,412,329,412,9,0->9,7,238696,True,True,1.29,1.25,0.99,2,False,False
False,False,6,v,chandra,as_1898,1894,TOBACCO,Other Sorts,Malta,Lbs,630,639,2764,630,2764,639,9,0->9,8,2952,True,True,0.23,0.23,0.28,2,False,False
False,True,6,v,chandra,as_1899,1899,"MATCHES, Safety and Other Sorts",Other sorts,Holland,,3510,3519,70070,3510,70070,3519,9,0->9,6,194729,True,True,0.05,0.05,0.06,2,False,False
False,False,6,v,infinity,as_1890,1890,LEAD,Ore of,Belgium,Tons,3270,3279,410,3270,410,3279,9,0->9,13,88585,True,True,7.98,8.0,8.0,2,False,False
False,False,6,v,infinity,as_1895,1895,IRON,Unenumerated,Germany,Cwts,408099,408090,309979,408099,309979,408090,-9,9->0,11,2816369,True,True,1.32,1.32,1.18,3,False,False
False,False,6,q,infinity,as_1897,1897,"CHINA, OR PORCELAIN, AND EARTHENWARE",RAW,Peru,Cwts,70160,70169,70160,157213,70169,157213,9,0->9,17,15010590,True,True,2.24,2.24,2.02,5,False,False
False,False,6,q,infinity,as_1897,1897,"CHINA, OR PORCELAIN, AND EARTHENWARE",RAW,Brazil,Cwts,150120,150129,150120,303425,150129,303425,9,0->9,17,15010590,True,True,2.02,2.02,2.02,5,False,False
False,False,6,v,infinity,as_1897,1894,Cotton,Dutch Possessions in Indian Seas,Germany,Tons,18970,18979,6088,18970,6088,18979,9,0->9,9,151002,True,True,3.12,3.12,3.31,3,False,False
False,False,6,q,infinity,as_1897,1895,"CARDS, PLAYING","White, in Bottles, Still",Other British Possessions,Gallons,1020,1029,1020,585,1029,585,9,0->9,4,3708,True,True,0.57,0.57,0.51,2,False,False
False,False,6,q,infinity,as_1898,1897,"CHINA, OR PORCELAIN, AND EARTHENWARE",,France,Tons,200,209,200,2345,209,2345,9,0->9,12,20154,True,True,11.72,11.22,10.27,3,False,False
False,True,6,q,infinity,as_1898,1896,Bark,Logwood,British Honduras,Tons,20960,20969,20960,171585,20969,171585,9,0->9,4,45099,True,True,8.19,8.18,6.0,2,False,False
False,False,6,v,infinity,as_1898,1894,HATS OR BONNETS,Eastern Coast of Africa,British East Indies : Hong Kong,,800,809,432,800,432,809,9,0->9,22,685327,True,True,1.85,1.87,2.19,3,False,False
False,False,6,v,infinity,as_1898,1895,LEATHER,"Unenumerated, Salted or Fresh",Canada,Cwts,1730,1739,1501,1730,1501,1739,9,0->9,5,20727,True,True,1.15,1.16,1.98,3,False,False
False,False,6,v,infinity,as_1898,1895,SUGAR,"Sawn or Split, planed or dressed, Fir",Other British Possessions,Loads,60,69,33,60,33,69,9,0->9,6,2534728,True,True,1.82,2.09,6.13,2,False,False
False,False,6,q,infinity,as_1898,1898,SUGAR,Mahogany,United States of America,,13170,13179,13170,124183,13179,124183,9,0->9,12,41110,True,True,9.43,9.42,8.76,4,False,False
False,False,6,q,infinity,as_1899,1895,LEATHER,Dressed,Canada,,10300,10309,10300,61940,10309,61940,9,0->9,7,13867,True,True,6.01,6.01,5.88,2,False,False
False,False,6,q,infinity,as_1899,1897,Beef,Other Sorts,Canada,Cwts,8390,8399,8390,27842,8399,27842,9,0->9,7,80087,True,True,3.32,3.31,2.07,2,False,False
False,False,6,q,infinity,as_1899,1896,OIL,Other Materials.,Denmark,Tons,720,729,720,6001,729,6001,9,0->9,11,22678,True,True,8.33,8.23,7.08,3,False,False
False,True,6,q,infinity,as_1899,1897,Cotton,Flax or Linseed,Cyprus,Quarters,550,559,550,1129,559,1129,9,0->9,15,1381749,True,True,2.05,2.02,1.62,4,False,False
False,False,6,q,infinity,as_1899,1898,SUGAR,Mahogany,United States of America,,13170,13179,13170,124183,13179,124183,9,0->9,12,41110,True,True,9.43,9.42,8.76,4,False,False
False,False,6,v,infinity,as_1899,1895,WOOLLEN YARN,Cloths,Other Foreign Countries,Yards,150,159,1060,150,1060,159,9,0->9,6,701641,True,True,0.14,0.15,0.17,2,False,False
False,True,6,q,chandra,as_1872,1872,WOOD and TIMBER,Mahogany,Hayti and St. Domingo,Tons,1096,1090,1096,11235,1090,11235,-6,6->0,8,33920,True,True,10.25,10.31,11.94,2,False,False
False,False,6,q,chandra,as_1882,1882,"SKINS, FURS, and PELTS",Furs,British North America,,622050,622056,622050,126593,622056,126593,6,0->6,9,23125624,True,True,0.2,0.2,0.09,5,False,False
False,False,6,v,chandra,as_1896,1896,COTTON,Waste of (Raw and Yarn),Italy,Lbs,15216,15210,1989100,15216,1989100,15210,-6,6->0,10,79556,True,True,0.01,0.01,0.01,5,False,False
False,False,6,v,chandra,as_1898,1894,"CHINA, OR PORCELAIN, AND EARTHENWARE",,Hong Kong,,1290,1296,495,1290,495,1296,6,0->6,3,3715,True,True,2.61,2.62,6.74,2,False,False
False,True,6,q,chandra,as_1899,1896,DYE STUFFS (Other than Dye Woods) and Substances used in Tan- ning or Dyeing,"Madder, Madder Root, Garancine, and Munjeet",Holland,Cwts,3700,3706,3700,5718,3706,5718,6,0->6,4,5217,True,True,1.55,1.54,1.39,3,False,False
False,False,6,v,infinity,as_1894,1894,"HIDES, Raw, and Pieces thereof",Dry,Russia,Cwts,31359,31353,6158,31359,6158,31353,-6,9->3,20,303585,True,True,5.09,5.09,2.47,11,False,False
False,True,6,v,infinity,as_1894,1894,PAPER,Other Materials,Germany,Tons,39060,39066,5371,39060,5371,39066,6,0->6,10,216756,True,True,7.27,7.27,7.95,5,False,False
False,False,6,v,infinity,as_1898,1897,LEATHER,Bones for Manure (whether burnt or not),Channel Islands,Tons,300,306,103,300,103,306,6,0->6,8,133461,True,True,2.91,2.97,4.0,4,False,False
False,False,6,v,infinity,as_1899,1895,ALKALI,Sheep and Lambs,Other Foreign Countries,Number,940,946,624,940,624,946,6,0->6,6,1389151,True,True,1.51,1.52,1.64,2,False,False
False,False,6,v,infinity,as_1899,1897,MALT,Bones for Manure (whether burnt or not),British East Indies : Bombay,Tons,88180,88186,23315,88180,23315,88186,6,0->6,8,133461,True,True,3.78,3.78,4.0,4,False,False
False,True,6,v,chandra,as_1882,1882,"SAUCES or CONDIMENTS, Unenumerated",,China,Lbs,10803,10808,1301670,10803,1301670,10808,5,3->8,5,30979,True,True,0.01,0.01,0.03,2,False,False
False,True,6,v,chandra,as_1888,1888,Meal and Flour,"Meal, unenumerated",Belgium,Cwts,21458,21453,75622,21458,75622,21453,-5,8->3,8,151621,True,True,0.28,0.28,0.27,4,False,False
False,True,6,q,chandra,as_1888,1888,NUTS AND KERNELS,Commonly used for expressing oil therefrom,The Gold Coast (including Lagos),Tons,13388,13383,13388,134344,13383,134344,-5,8->3,6,36010,True,True,10.03,10.04,13.2,10,False,False
False,False,6,v,chandra,as_1890,1890,SEEDS,"Unenumerated, for expressing oil therefrom",Holland,Quarters,24638,24633,8717,24638,8717,24633,-5,8->3,9,86805,True,True,2.83,2.83,1.92,4,False,False
False,False,6,q,chandra,as_1894,1894,COPPER,"Unwrought, in bars, blocks or slabs, cakes or ingots",Germany,Tons,573,578,573,23810,578,23810,5,3->8,9,49793,True,True,41.55,41.19,40.86,6,False,False
False,True,6,q,chandra,as_1894,1894,IRON and STEEL,"Iron and Steel, Unwrought",United States of America,Tons,148,143,148,1034,143,1034,-5,8->3,8,8573,True,True,6.99,7.23,8.6,2,False,False
False,False,6,q,chandra,as_1896,1896,SKINS and FURS,"Goat, Undressed",Aden,Number,616028,616023,616028,39284,616023,39284,-5,8->3,8,4987035,True,True,0.06,0.06,0.07,3,False,False
False,False,6,q,chandra,as_1898,1896,FISH (including Turtle),"Apples, Raw",Italy,Bushels,603,608,603,216,608,216,5,3->8,10,3362653,True,True,0.36,0.36,0.27,4,False,False
False,True,6,q,chandra,as_1898,1898,"SILVER, Ore of, or Ore of which the greater part in Value is Silver","Skins, Unenumerated, undressed",Canada,Number,83,88,83,30,88,30,5,3->8,9,159137,True,True,0.36,0.34,0.1,8,False,False
False,False,6,v,chandra,as_1898,1894,WOOD AND TIMBER,"Hewn, Fir",Spain,Loads,35623,35628,47853,35623,47853,35628,5,3->8,10,2494191,True,True,0.74,0.74,1.3,4,False,False
False,True,6,v,chandra,as_1898,1895,WOOLLEN YARN,Stuffs,United States of America,,1723,1728,38010,1723,38010,1728,5,3->8,6,6473945,True,True,0.05,0.05,0.08,4,False,False
False,True,6,q,chandra,as_1898,1898,COFFEE,"Kiln Dried, Roasted, or Ground",France,Lbs,1503,1508,1503,112,1508,112,5,3->8,6,16398,True,True,0.07,0.07,0.05,4,False,False
False,False,6,q,chandra,as_1899,1898,"ANIMALS, LIVING",Stallions,Other Foreign Countries,,18,13,18,380,13,380,-5,8->3,8,665,True,True,21.11,29.23,65.57,3,False,False
False,True,6,q,chandra,as_1899,1897,"HORNS, tips and pieces of Horns and Hoofs",Eastern Coast of Africa,British East Indies : Burmah,,103,108,103,3605,108,3605,5,3->8,15,3415,True,True,35.0,33.38,31.07,6,False,False
False,True,6,v,chandra,as_1899,1896,METAL,"Unenumerated, Old, fit only to be Re-manufactured—cont.",British East Indies : Madras,Tons,27793,27798,3481,27793,3481,27798,5,3->8,7,91289,True,True,7.98,7.99,8.41,2,False,False
False,False,6,q,chandra,as_1899,1895,Cotton,Flax or Linseed,Belgium,Quarters,923,928,923,2603,928,2603,5,3->8,15,1389062,True,True,2.82,2.8,1.75,10,False,False
False,True,6,q,chandra,as_1899,1897,Cotton,Tares and Lentils,France,Bushels,4073,4078,4073,1110,4078,1110,5,3->8,10,240547,True,True,0.27,0.27,0.22,5,False,False
False,True,6,q,chandra,as_1899,1895,WOOD AND TIMBER,"Hewn, Unenumerated",France,Loads,173,178,173,928,178,928,5,3->8,7,45089,True,True,5.36,5.21,1.71,3,False,False
False,False,6,q,infinity,as_1875,1875,WOOL,"Alpaca, Llama, and Vicuna",Peru,Lbs,3610058,3610053,3610058,472761,3610053,472761,-5,8->3,4,4162308,True,True,0.13,0.13,0.14,3,False,False
False,False,6,q,infinity,as_1880,1880,FEATHERS,Ornamental,British East Indies,Lbs,20288,20283,20288,22164,20283,22164,-5,8->3,10,323896,True,True,1.09,1.09,2.9,5,False,False
False,False,6,v,infinity,as_1882,1882,Corn and Grain,Oats,British North America,Cwts,67318,67313,184754,67318,184754,67313,-5,8->3,7,4601176,True,True,0.36,0.36,0.36,3,False,False
False,True,6,q,infinity,as_1884,1884,TIN,Ore of,Germany,Tons,78,73,78,1768,73,1768,-5,8->3,6,1091,True,True,22.67,24.22,41.71,3,False,False
False,True,6,v,infinity,as_1887,1887,"LEATHER, Undressed",Dressed,Germany,,220258,220253,1125076,220258,1125076,220253,-5,8->3,7,2077531,True,True,0.2,0.2,0.14,4,False,False
False,True,6,q,infinity,as_1888,1888,Bark,Indigo,United States of America,Cwts,128,123,128,2270,123,2270,-5,8->3,10,8712,True,True,17.73,18.46,23.16,6,False,False
False,False,6,v,infinity,as_1888,1888,SILK,Unenumerated : Undressed,Other British Possessions,,168,163,847,168,847,163,-5,8->3,3,86239,True,True,0.2,0.19,0.13,2,False,False
False,False,6,v,infinity,as_1888,1888,SILK,Furs,British East Indies,,958,953,1494,958,1494,953,-5,8->3,6,461447,True,True,0.64,0.64,0.17,3,False,False
False,True,6,q,infinity,as_1889,1889,IRON,"Old Broken, and Old Cast Iron and Steel",Holland,Tons,3058,3053,3058,8053,3053,8053,-5,8->3,8,21330,True,True,2.63,2.64,3.0,5,False,False
False,True,6,v,infinity,as_1890,1890,IRON,Unenumerated,Italy,,1268,1263,584,1268,584,1263,-5,8->3,12,2668330,True,True,2.17,2.16,1.64,8,False,False
False,True,6,q,infinity,as_1890,1890,"RAGS, and other MATERIALS for MAKING PAPER","Other Materials, and Pulp of Rags",Russia,Tons,248,243,248,1781,243,1781,-5,8->3,10,46911,True,True,7.18,7.33,7.67,8,False,False
False,False,6,v,infinity,as_1890,1890,SUGAR,"Other Sorts, including Candy",Belgium,,77818,77813,82878,77818,82878,77813,-5,8->3,8,6365549,True,True,0.94,0.94,0.82,3,False,False
False,True,6,q,infinity,as_1892,1892,SUGAR,Unrefined : Total of,Germany,Cwts,6707318,6707313,6707318,4402970,6707313,4402970,-5,8->3,23,13605794,True,True,0.66,0.66,0.67,11,False,False
False,False,6,v,infinity,as_1893,1893,CHEESE,,France,Cwts,181768,181763,58346,181768,58346,181763,-5,8->3,6,2488629,True,True,3.12,3.12,2.52,6,False,False
False,True,6,v,infinity,as_1893,1893,HONEY,,Other British Possessions,,28,23,9,28,9,23,-5,8->3,7,4264,True,True,3.11,2.56,2.09,7,False,False
False,True,6,v,infinity,as_1895,1895,FRUIT,Apples. Raw,Canada,Bushels,278153,278158,1006595,278153,1006595,278158,5,3->8,6,365729,True,True,0.28,0.28,0.49,5,False,False
False,True,6,q,infinity,as_1896,1896,METAL,"Leaf, not Gold",Germany,Packets,107723,107728,107723,10327,107728,10327,5,3->8,3,180985,True,True,0.1,0.1,0.09,3,False,False
False,False,6,q,infinity,as_1897,1894,WOOL,"Other kinds, and Flocks",Germany,Lbs,297663,297668,297663,8955,297668,8955,5,3->8,7,1836694,True,True,0.03,0.03,0.03,2,False,False
False,True,6,v,infinity,as_1897,1896,WOOLLEN YARN,"For Fancy Purposes, including Berlin Wool and Zephyr Yarn",France,Lbs,3,8,70,3,70,8,5,3->8,5,220849,True,True,0.04,0.11,0.14,2,False,False
False,False,6,v,infinity,as_1897,1894,"CARDS, PLAYING",Rum,Natal,Proof Gallons,2963,2968,69053,2963,69053,2968,5,3->8,8,327610,True,True,0.04,0.04,0.05,4,False,False
False,True,6,q,infinity,as_1898,1894,"ANIMALS, LIVING","Swords, Cutlasses, Matchets, Bayonets",United States of America,Cwts,93,98,93,1500,98,1500,5,3->8,6,2389,True,True,16.13,15.31,5.58,3,False,False
False,False,6,q,infinity,as_1899,1899,CHEESE,,Other Foreign Countries,Cwts,208,203,208,472,203,472,-5,8->3,8,1013015,True,True,2.27,2.33,2.34,3,False,False
False,True,6,v,infinity,as_1899,1898,Bark,Sumach,Austrian Territories,Tons,2383,2388,255,2383,255,2388,5,3->8,4,114258,True,True,9.35,9.36,9.83,3,False,False
False,True,6,q,chandra,as_1875,1875,WOOD and TIMBER,"Hewn, Fir",Germany,,186601,186604,186601,503947,186604,503947,3,1->4,8,1508357,True,True,2.7,2.7,2.19,5,False,False
False,True,6,q,chandra,as_1876,1876,COTTON MANUFACTURES,Other than Muslins,Other Countries,Pieces,3025,3028,3025,2212,3028,2212,3,5->8,6,1421046,True,True,0.73,0.73,0.38,5,False,False
False,True,6,q,chandra,as_1883,1883,"HEMP, Dressed or Undressed",Tow or Codilla of,Austrian Territories,Cwts,481,484,481,761,484,761,3,1->4,8,98883,True,True,1.58,1.57,1.0,7,False,False
False,False,6,v,chandra,as_1896,1896,DYE WOODS,Logwood,British West India Islands,Tons,136205,136208,23970,136205,23970,136208,3,5->8,3,308740,True,True,5.68,5.68,5.92,2,False,False
False,True,6,q,chandra,as_1897,1893,SLATES,Dutch Possessions in Indian Seas,Other British Possessions,Tons,65,68,65,434,68,434,3,5->8,3,250763,True,True,6.68,6.38,3.02,2,False,False
False,True,6,q,chandra,as_1898,1895,"COPPER, ORE OF",Valonia,Austrian Territories,Tons,51,54,51,610,54,610,3,1->4,5,35605,True,True,11.96,11.3,11.53,3,False,False
False,False,6,q,chandra,as_1899,1897,"ANIMALS, LIVING",Geldings,Holland,Number,721,724,721,23415,724,23415,3,1->4,9,21932,True,True,32.48,32.34,29.07,6,False,False
False,True,6,v,chandra,as_1899,1895,FRUIT,"Unenumerated, Raw",United States of America,Bushels,11235,11238,29231,11235,29231,11238,3,5->8,12,500556,True,True,0.38,0.38,0.42,10,False,False
False,True,6,v,infinity,as_1873,1873,POTATOES,,Belgium,Cwts,613721,613724,2164579,613721,2164579,613724,3,1->4,6,2120154,True,True,0.28,0.28,0.32,4,False,False
False,False,6,v,infinity,as_1875,1875,FEATHERS,Fresh (not of British taking),Holland,Cwts,134961,134964,195553,134961,195553,134964,3,1->4,5,218031,True,True,0.69,0.69,1.58,3,False,False
False,True,6,q,infinity,as_1875,1875,IRON,Old broken Iron and Steel,Belgium,Tons,1721,1724,1721,17846,1724,17846,3,1->4,7,19394,True,True,10.37,10.35,4.85,5,False,False
False,False,6,v,infinity,as_1880,1880,COPPER,Ore,Italy,Tons,89515,89518,12593,89515,12593,89518,3,5->8,15,941121,True,True,7.11,7.11,10.39,9,False,False
False,True,6,v,infinity,as_1883,1883,FRUIT,GALLS,Turkey,Cwts,23385,23388,9056,23385,9056,23388,3,5->8,8,108945,True,True,2.58,2.58,2.63,8,False,False
False,False,6,q,infinity,as_1883,1883,SPICES,Ginger,Other Countries,Cwts,175,178,175,540,178,540,3,5->8,9,38112,True,True,3.09,3.03,2.76,8,False,False
False,True,6,q,infinity,as_1883,1883,WHALEBONE (Whalefin),,United States of America,Cwts,355,358,355,22110,358,22110,3,5->8,10,2734,True,True,62.28,61.76,24.04,6,False,False
False,False,6,v,infinity,as_1885,1885,COTTON,Yarn,Belgium,Lbs,7401,7404,133153,7401,133153,7404,3,1->4,5,491920,True,True,0.06,0.06,0.06,4,False,False
False,False,6,v,infinity,as_1885,1885,OIL,"Train, or Blubber",British East Indies,Tuns,6925,6928,379,6925,379,6928,3,5->8,5,170661,True,True,18.27,18.28,24.83,4,False,False
False,True,6,v,infinity,as_1887,1887,SEEDS'd),"Unenumerated, other sorts",Russia,Cwts,7001,7004,52311,7001,52311,7004,3,1->4,13,195389,True,True,0.13,0.13,0.63,8,False,False
False,True,6,q,infinity,as_1889,1889,CANDLES OF ALL SORTS,,Other Foreign Countries,Cwts,115,118,115,328,118,328,3,5->8,6,45865,True,True,2.85,2.78,2.29,4,False,False
False,True,6,q,infinity,as_1891,1891,"HIDES, Raw, and Pieces thereof",Wet,British North America,Cwts,501,504,501,1992,504,1992,3,1->4,9,74646,True,True,3.98,3.95,1.92,5,False,False
False,True,6,v,infinity,as_1891,1891,PITCH,,Germany,,3801,3804,13726,3801,13726,3804,3,1->4,6,31725,True,True,0.28,0.28,0.37,6,False,False
False,False,6,q,infinity,as_1892,1892,LEAD,Pig or Sheet,Belgium,Tons,1625,1628,1625,19590,1628,19590,3,5->8,12,128660,True,True,12.06,12.03,11.0,10,False,False
False,True,6,q,infinity,as_1892,1892,WAX,,United States of America,,2261,2264,2261,14658,2264,14658,3,1->4,11,24127,True,True,6.48,6.47,5.33,7,False,False
False,False,6,q,infinity,as_1893,1893,Corn and Grain,Wheat Meal or Flour,Italy,Cwts,10651,10654,10651,5415,10654,5415,3,1->4,8,19293391,True,True,0.51,0.51,0.49,7,False,False
False,True,6,v,infinity,as_1894,1894,"COPPER, Ore of",Regulus and Precipitate,Italy,Tons,6401,6404,366,6401,366,6404,3,1->4,11,1599826,True,True,17.49,17.5,23.45,10,False,False
False,True,6,v,infinity,as_1894,1894,"CARDS, PLAYING",Total of all Kinds,Germany,Gallons,50091,50094,395075,50091,395075,50094,3,1->4,12,4935716,True,True,0.13,0.13,0.24,9,False,False
False,False,6,v,infinity,as_1894,1894,SPICES,Unenumerated,Other Foreign Countries,Lbs,3351,3354,271113,3351,271113,3354,3,1->4,4,44930,True,True,0.01,0.01,0.02,4,False,False
False,False,6,q,infinity,as_1896,1896,"DYE STUFFS (other than Dye Woods), and Substances used in Tanning or Dyeing",Cutch and Gambier,Ceylon,Tons,71,74,71,2158,74,2158,3,1->4,6,26191,True,True,30.39,29.16,25.56,4,False,False
False,False,6,v,infinity,as_1896,1896,WOOLLEN MANUFACTURES,Cloths,France,Yards,2041,2044,21830,2041,21830,2044,3,1->4,6,953440,True,True,0.09,0.09,0.16,6,False,False
False,True,6,q,infinity,as_1897,1893,"CARDS, PLAYING",,Other Foreign Countries,Dozen Packs,225,228,225,46,228,46,3,5->8,3,20046,True,True,0.2,0.2,0.15,2,False,False
False,True,6,v,infinity,as_1897,1895,"CARDS, PLAYING","Kiln Dried, Roasted, or Ground",Holland,Lbs,31,34,731,31,731,34,3,1->4,6,814,True,True,0.04,0.05,0.05,6,False,False
False,False,6,q,infinity,as_1897,1896,"CARDS, PLAYING","Kiln Dried, Roasted, or Ground",France,Lbs,2335,2338,2335,191,2338,191,3,5->8,6,13452,True,True,0.08,0.08,0.06,5,False,False
False,True,6,q,infinity,as_1898,1896,BEEF,Fresh,United States of America,Cwts,2074641,2074644,2074641,4216247,2074644,4216247,3,1->4,5,2126813,True,True,2.03,2.03,1.96,4,False,False
False,True,6,q,infinity,as_1898,1894,HATS OR BONNETS,Eastern Coast of Africa,British East Indies : Madras,,165,168,165,11087,168,11087,3,5->8,16,2873,True,True,67.19,65.99,34.47,11,False,False
False,False,6,q,infinity,as_1898,1896,ZINC,Ore of,Holland,Tons,701,704,701,4747,704,4747,3,1->4,10,20151,True,True,6.77,6.74,5.75,5,False,False
False,True,6,q,infinity,as_1899,1896,FLAX,Dressed or undressed,Belgium,Tons,14831,14834,14831,993769,14834,993769,3,1->4,9,75917,True,True,67.01,66.99,31.78,7,False,False
False,True,6,q,infinity,as_1899,1898,Beef,Other Sorts,Russia,Cwts,1191,1194,1191,4708,1194,4708,3,1->4,10,134778,True,True,3.95,3.94,3.76,13,False,False
False,False,6,v,infinity,as_1899,1899,Cotton,"Knubs or Husks of Silk, and Waste","Turkey, European",Cwts,2261,2264,261,2261,261,2264,3,1->4,11,400950,True,True,8.66,8.67,8.91,7,False,False
False,False,6,v,infinity,as_1899,1895,SUGAR,"Glucose, Solid or Liquid",United States of America,Cwts,557691,557694,1228507,557691,1228507,557694,3,1->4,5,605780,True,True,0.45,0.45,0.49,4,False,False
False,True,6,v,infinity,as_1899,1899,"CARDS, PLAYING","Kiln Dried, Roasted, or Ground",Germany,Lbs,431,434,11313,431,11313,434,3,1->4,6,938,True,True,0.04,0.04,0.05,4,False,False
False,True,6,q,chandra,as_1878,1878,PORK,Salted (not Hams),Denmark,Cwts,21096,21098,21096,51737,21098,51737,2,6->8,5,370515,True,True,2.45,2.45,1.62,4,False,False
False,True,6,q,chandra,as_1880,1880,Corn and Grain,Beans,Turkey,Cwts,302768,302766,302768,97405,302766,97405,-2,8->6,8,2577133,True,True,0.32,0.32,0.43,8,False,False
False,True,6,v,chandra,as_1883,1883,Cotton,"Unenumerated, other Sorts",Persia,Cwts,1306,1308,3491,1306,3491,1308,2,6->8,21,354329,True,True,0.37,0.37,0.47,19,False,False
False,True,6,q,chandra,as_1884,1884,"CHEMICAL MANUFACTURES and PRODUCTS, Unenumerated",,British East Indies,Cwts,176,178,176,1319,178,1319,2,6->8,11,143556,True,True,7.49,7.41,4.98,10,False,False
False,True,6,v,chandra,as_1894,1894,SUGAR,"Unrefined, Total of",British East Indies : Madras,Cwts,472186,472188,1089619,472186,1089619,472188,2,6->8,11,2072545,True,True,0.43,0.43,0.63,8,False,False
False,True,6,q,infinity,as_1883,1883,ANIMALS LIVING,Cows,Channel Islands,Number,2226,2228,2226,56093,2228,56093,2,6->8,8,60032,True,True,25.2,25.18,20.0,7,False,False
False,True,6,q,infinity,as_1888,1888,OIL,Olive,Belgium,Tuns,68,66,68,2130,66,2130,-2,8->6,11,18527,True,True,31.32,32.27,34.47,9,False,False
False,True,6,v,infinity,as_1897,1896,Cotton,"Thrown, Dyed, or not Dyed",Other Foreign Countries,Lbs,396,398,950,396,950,398,2,6->8,4,430709,True,True,0.42,0.42,0.8,4,False,False
False,True,6,q,infinity,as_1899,1899,LEAD,Ore of,China,Tons,816,818,816,7516,818,7516,2,6->8,11,6118,True,True,9.21,9.19,9.12,10,False,False
False,False,6,q,infinity,as_1899,1895,SUGAR,"Hewn, Unenumerated",Sweden,Loads,9168,9166,9168,12138,9166,12138,-2,8->6,7,45089,True,True,1.32,1.32,1.71,7,False,False
False,True,6,q,chandra,as_1894,1894,"MEAT, Unenumerated",Mutton,United States of America,Cwts,3625,3626,3625,7684,3626,7684,1,5->6,3,5051,True,True,2.12,2.12,1.85,3,False,False
False,True,6,q,chandra,as_1897,1896,SHELLS of all kinds,Raw,Asiatic,,3445,3446,3445,2605,3446,2605,1,5->6,8,1358108,True,True,0.76,0.76,0.74,8,False,False
False,True,6,q,chandra,as_1898,1897,WINE,In Casks,Madeira,,124322,124323,124322,37470,124323,37470,1,2->3,14,13740978,True,True,0.3,0.3,0.18,14,False,False
False,False,6,q,infinity,as_1890,1890,PLUMBAGO,,Italy,Tons,176,175,176,1019,175,1019,-1,6->5,5,4109,True,True,5.79,5.82,10.46,5,False,False
False,True,6,q,infinity,as_1890,1890,"SKINS, FURS, AND PELTS","Goat, Undressed",Other Foreign Countries,,38046,38045,38046,2732,38045,2732,-1,6->5,19,3937635,True,True,0.07,0.07,0.1,15,False,False
False,True,6,v,infinity,as_1890,1890,SUGAR,"Unrefined : Cane, and Other Sorts",Madagascar,Cwts,4842,4843,6868,4842,6868,4843,1,2->3,18,2240124,True,True,0.71,0.71,0.73,15,False,False
False,True,6,q,infinity,as_1891,1891,PAPER,Hangings,Germany,,356,355,356,1097,355,1097,-1,6->5,6,8135,True,True,3.08,3.09,4.18,6,False,False
False,True,6,v,infinity,as_1892,1892,"SKINS, FURS, and PELTS",Seal,Newfoundland,,92105,92106,400552,92105,400552,92106,1,5->6,4,222601,True,True,0.23,0.23,1.44,4,False,False
False,True,6,v,infinity,as_1893,1893,TOBACCO,Cigars,Brazil,Lbs,1916,1915,3550,1916,3550,1915,-1,6->5,12,765357,True,True,0.54,0.54,0.39,11,False,False
False,True,6,q,infinity,as_1893,1893,"COPPER, Ore of",,Italy,,7076,7075,7076,30522,7075,30522,-1,6->5,15,52093,True,True,4.31,4.31,10.73,14,False,False
False,True,6,v,infinity,as_1894,1894,IRON and STEEL,"Girders, Beams and Pillars",Belgium,Tons,321026,321025,51548,321026,51548,321025,-1,6->5,4,428230,True,True,6.23,6.23,6.01,4,False,False
False,True,6,q,infinity,as_1894,1894,"ONIONS, Raw",,Germany,,227176,227175,227176,31758,227175,31758,-1,6->5,10,5233847,True,True,0.14,0.14,0.21,8,False,False
False,True,6,v,infinity,as_1896,1896,Cotton,,Other Foreign Countries,Tons,1655,1656,389,1655,389,1656,1,5->6,9,1728253,True,True,4.25,4.26,4.39,8,False,False
False,True,6,v,infinity,as_1897,1893,"CARDS, PLAYING",Unmanufactured,Australasia,Lbs,162,161,5832,162,5832,161,-1,2->1,5,2313,True,True,0.03,0.03,0.03,5,False,False
False,True,6,q,infinity,as_1899,1895,ZINC,"Crude, in cakes",Australasia : New Zealand,Tons,76,75,76,793,75,793,-1,6->5,7,398,True,True,10.43,10.57,10.78,7,False,False
False,True,6,v,infinity,as_1899,1898,"CARDS, PLAYING","Kiln Dried, Roasted, or Ground",Holland,Lbs,65,66,1460,65,1460,66,1,5->6,6,774,True,True,0.04,0.05,0.05,6,False,False
False,False,5,q,infinity,as_1895,1895,Cotton,"Garden, unenumerated",France,Lbs,2095347,2995347,2095347,84443,2995347,84443,900000,0->9,9,4337076,True,False,0.04,0.03,0.04,1,True,False
False,False,5,q,infinity,as_1899,1897,GOLD,Leaves of,France,Number,2055000,2955000,2055000,5996,2955000,5996,900000,0->9,5,68173400,True,False,0.0,0.0,0.0,1,True,False
False,False,5,v,infinity,as_1883,1883,WOOLLEN MANUFACTURES,STUFFS,France,Yards,3928309,3228309,33577258,3928309,33577258,3228309,-700000,9->2,10,3365335,True,True,0.12,0.1,0.08,1,True,False
False,True,5,v,chandra,as_1896,1896,WOOL,"Alpaca, Vicuña and Llama",Peru,Lbs,318515,218515,3635440,318515,3635440,218515,-100000,3->2,4,295758,True,False,0.09,0.06,0.08,1,True,False
False,False,5,q,infinity,as_1899,1896,HATS OR BONNETS,Of Straw,France,,691130,591130,691130,141056,591130,141056,-100000,6->5,8,939408,True,False,0.2,0.24,0.13,1,True,False
False,False,5,v,chandra,as_1897,1894,SHELLS of all kinds,"Manufactures, Broad Stuffs, Silk and Satin",Holland,,893284,803284,0,893284,0,803284,-90000,9->0,6,6555923,True,False,0,0,0,1,True,False
False,False,5,v,infinity,as_1897,1896,Cotton,"Manufactures of Skins and Furs, including Rugs",France,,202683,292683,0,202683,0,292683,90000,0->9,9,772097,True,False,0,0,0,1,True,False
False,False,5,v,infinity,as_1898,1896,FLAX,"Nuts, used as Fruit",France,,102582,192582,0,102582,0,192582,90000,0->9,12,486735,True,False,0,0,0,1,True,False
False,False,5,q,infinity,as_1898,1897,TOBACCO,Cavendish or Negrohead,United States of America,Lbs,908058,998058,908058,43406,998058,43406,90000,0->9,5,1002316,True,False,0.05,0.04,0.05,1,True,False
False,False,5,q,infinity,as_1878,1878,BARK,For Tanners' or Dyers' Use,Other Countries,Cwts,92401,22401,92401,7250,22401,7250,-70000,9->2,7,587525,True,True,0.08,0.32,0.34,1,True,False
False,False,5,q,chandra,as_1877,1877,WOOD and TIMBER,"Hewn, Fir",France,Loads,200128,260128,200128,273600,260128,273600,60000,0->6,8,1848319,True,False,1.37,1.05,2.13,1,True,False
False,False,5,v,chandra,as_1894,1894,BACON AND HAMS,Hams,United States of America,Cwts,2691272,2631272,1075270,2691272,1075270,2631272,-60000,9->3,4,2644501,True,False,2.5,2.45,3.26,1,True,False
False,False,5,v,infinity,as_1899,1899,Cotton,"Manufactures, Broad Stuffs, Silk and Satin",France,,6708856,6768856,0,6708856,0,6768856,60000,0->6,6,8030762,True,False,0,0,0,1,True,False
False,True,5,v,infinity,as_1885,1885,SPICES,Pepper,British East Indies,Lbs,914309,944309,30650305,914309,30650305,944309,30000,1->4,5,950631,True,False,0.03,0.03,0.02,1,True,False
False,True,5,q,infinity,as_1882,1882,WOOL,For Fancy purposes,Germany,Lbs,532818,552818,532818,103863,552818,103863,20000,3->5,4,938819,True,True,0.19,0.19,0.17,1,True,False
False,True,5,v,chandra,as_1885,1885,ZINC,Manufactured,Russia,,20214,29214,0,20214,0,29214,9000,0->9,20,5799060,True,False,0,0,0,1,True,False
False,False,5,v,chandra,as_1895,1895,BEADS OF ALL SORTS,,Italy,Lbs,69215,60215,2051888,69215,2051888,60215,-9000,9->0,6,88125,True,False,0.03,0.03,0.06,1,True,False
False,False,5,q,chandra,as_1897,1894,CORDAGE,Wheatmeal or Flour,Australasia : Victoria,Cwts,39907,30907,39907,12243,30907,12243,-9000,9->0,5,1269282,True,False,0.31,0.4,0.32,1,True,False
False,False,5,q,chandra,as_1898,1894,SHELLS of all kinds,"Thrown, Dyed, or not Dyed",France,Lbs,250849,259849,250849,232370,259849,232370,9000,0->9,4,395926,True,False,0.93,0.89,0.93,1,True,False
False,False,5,q,infinity,as_1876,1876,FEATHERS,Ornamental,Germany,Lbs,20055,29055,20055,7298,29055,7298,9000,0->9,12,324618,True,False,0.36,0.25,1.7,1,True,False
False,False,5,v,infinity,as_1885,1885,ISINGLASS,,Brazil,Cwts,10276,19276,1037,10276,1037,19276,9000,0->9,5,32646,True,False,9.91,18.59,12.03,1,True,False
False,False,5,v,infinity,as_1897,1896,Bark,"Dyes obtained from Coal Tar, Aniline",Germany,,69901,60901,0,69901,0,60901,-9000,9->0,5,461847,True,False,0,0,0,1,True,False
False,False,5,q,infinity,as_1897,1895,FLAX,Dressed or undressed,Russia : Northern Ports,Tons,60566,69566,60566,1965916,69566,1965916,9000,0->9,8,87844,True,False,32.46,28.26,37.94,1,True,False
False,False,5,v,infinity,as_1898,1897,"CHINA, OR PORCELAIN, AND EARTHENWARE",Yarn,Holland,Lbs,30870,39870,693444,30870,693444,39870,9000,0->9,6,250835,True,False,0.04,0.06,0.05,1,True,False
False,False,5,q,infinity,as_1898,1894,LEATHER,Boots and Shoes,Belgium,Doz. Pairs,50641,59641,50641,143359,59641,143359,9000,0->9,6,115080,True,False,2.83,2.4,3.2,1,True,False
False,False,5,v,infinity,as_1898,1895,LEATHER,Gloves,France,Doz. Pairs,770755,779755,747998,770755,747998,779755,9000,0->9,6,2177895,True,False,1.03,1.04,1.04,1,True,False
False,False,5,v,infinity,as_1898,1898,SUGAR,"Unrefined, Cane, and other Sorts",British West India Islands,Cwts,220211,229211,369563,220211,369563,229211,9000,0->9,10,775570,True,False,0.6,0.62,0.56,1,True,False
False,False,5,v,infinity,as_1899,1898,FRUIT,"Nuts, used as Fruit",Italy,,20975,29975,0,20975,0,29975,9000,0->9,13,496753,True,False,0,0,0,1,True,False
False,False,5,v,infinity,as_1899,1896,Cotton,"Manufactures of Silk or of Silk mixed with other Materials, unenumerated",Australasia : New South Wales,Silk,120316,129316,0,120316,0,129316,9000,0->9,9,313801,True,False,0,0,0,1,True,False
False,True,5,q,infinity,as_1884,1884,"NITRE, CUBIC (NITRATE OF SODA)",,Bolivia,Cwts,289138,282138,289138,134348,282138,134348,-7000,9->2,6,2030948,True,True,0.46,0.48,0.48,1,True,False
False,False,5,q,infinity,as_1897,1896,WOOL,"Other kinds, and Flocks",United States of America : On the Atlantic,Lbs,80560,86560,80560,3827,86560,3827,6000,0->6,6,1623912,True,False,0.05,0.04,0.05,1,True,False
False,True,5,q,chandra,as_1894,1894,COTTON,Waste of (Raw and Yarn),Canada,,18532,13532,18532,163,13532,163,-5000,8->3,3,2642806,True,False,0.01,0.01,0.01,1,True,False
False,False,5,q,infinity,as_1876,1876,HATS OR BONNETS,Of Straw,France,Lbs,368069,363069,368069,79138,363069,79138,-5000,8->3,3,478480,True,False,0.22,0.22,0.22,1,True,False
False,False,5,v,infinity,as_1876,1876,LEATHER MANUFACTURES,Garancine,Holland,Cwts,91627,94627,8198,91627,8198,94627,3000,1->4,3,142038,True,False,11.18,11.54,6.59,1,True,False
False,True,5,q,chandra,as_1896,1896,"DYE STUFFS (other than Dye Woods), and Substances used in Tanning or Dyeing","Madder, Madder Root, Garancine and Munjeet",Holland,Cwts,5706,3706,5706,5718,3706,5718,-2000,5->3,4,5217,True,True,1.0,1.54,1.36,1,True,False
False,True,5,q,infinity,as_1897,1895,"CARDS, PLAYING",Unmanufactured,British East Indies,Lbs,15931,13931,15931,401,13931,401,-2000,5->3,5,15903,True,True,0.03,0.03,0.05,1,True,False
False,False,5,v,chandra,as_1876,1876,COTTON,Waste,France,Lbs,12039,12939,968818,12039,968818,12939,900,0->9,4,23218,True,False,0.01,0.01,0.01,1,True,False
False,False,5,v,chandra,as_1877,1877,"EARTHENWARE, not being China or Porcelain Ware",,France,Cwts,33092,33992,10369,33092,10369,33992,900,0->9,5,85231,True,False,3.19,3.28,2.52,1,True,False
False,False,5,q,chandra,as_1899,1897,MEAT,"Unenumerated, Salted or Fresh",Canada,Cwts,1068,1968,1068,2637,1968,2637,900,0->9,6,13892,True,False,2.47,1.34,2.47,1,True,False
False,False,5,v,chandra,as_1899,1899,SHELLS of all kinds,Dutch Possession in Indian Seas,Australasia : British West India Islands,,2056,2956,0,2056,0,2956,900,0->9,18,430559,True,False,0,0,0,1,True,False
False,False,5,v,infinity,as_1876,1876,"FLOWERS, ARTIFICIAL",,Germany,,2067,2967,0,2067,0,2967,900,0->9,4,527001,True,False,0,0,0,1,True,False
False,False,5,q,infinity,as_1894,1894,"CARDS, PLAYING",Figs and Fig Cake,Spain,Cwts,3015,3915,3015,3122,3915,3122,900,0->9,5,164036,True,False,1.04,0.8,1.35,1,True,False
False,False,5,v,infinity,as_1897,1893,"CHINA, OR PORCELAIN, AND EARTHENWARE",Unenumerated,Belgium,,219004,219904,0,219004,0,219904,900,0->9,10,1562193,True,False,0,0,0,1,True,False
False,False,5,v,infinity,as_1897,1893,Beef,Eastern Coast of Africa,British East Indies,,4019,4919,0,4019,0,4919,900,0->9,5,8119,True,False,0,0,0,1,True,False
False,False,5,q,infinity,as_1897,1896,"CARDS, PLAYING",,Belgium,Dozen Packs,102077,102977,102077,45961,102977,45961,900,0->9,3,103160,True,False,0.45,0.45,1.0,1,True,False
False,False,5,v,infinity,as_1897,1895,"CARDS, PLAYING","White, in Bottles, Still",Germany,Gallons,5006,5906,10726,5006,10726,5906,900,0->9,7,208603,True,False,0.47,0.55,0.51,1,True,False
False,False,5,v,infinity,as_1898,1898,"CHINA, OR PORCELAIN, AND EARTHENWARE",Opium,"Turkey, European",Lbs,114071,114971,214678,114071,214678,114971,900,0->9,8,204593,True,False,0.53,0.54,0.5,1,True,False
False,False,5,q,infinity,as_1898,1898,Bark,Logwood,British Honduras,Tons,11010,11910,11010,104860,11910,104860,900,0->9,3,16671,True,False,9.52,8.8,9.52,1,True,False
False,True,5,v,infinity,as_1898,1895,LEATHER,"Varnished, Japanned, or Enamelled",France,,1014,1914,37,1014,37,1914,900,0->9,5,101957,True,False,27.41,51.73,23.25,1,True,False
False,False,5,v,infinity,as_1898,1897,LEATHER,Phosphate of Lime and Rock,Australasia,,1000,1900,904,1000,904,1900,900,0->9,3,4369,True,False,1.11,2.1,1.5,1,True,False
False,False,5,q,infinity,as_1898,1895,ZINC,of other Sorts,Germany,Barrels,16027,16927,16027,35114,16927,35114,900,0->9,5,42660,True,False,2.19,2.07,2.26,1,True,False
False,False,5,v,infinity,as_1898,1895,ZINC,of other Sorts,Denmark,Barrels,3071,3971,1361,3071,1361,3971,900,0->9,5,97730,True,False,2.26,2.92,2.26,1,True,False
False,True,5,v,infinity,as_1899,1895,LEATHER,"Varnished, Japanned, or Enamelled",France,,1014,1914,37,1014,37,1914,900,0->9,5,101957,True,False,27.41,51.73,26.14,1,True,False
False,False,5,q,infinity,as_1899,1897,SEEDS,Clover and Grass,France,Cwts,68097,68997,68097,100702,68997,100702,900,0->9,9,275253,True,False,1.48,1.46,1.77,1,True,False
False,False,5,v,infinity,as_1899,1899,SEEDS,Clover and Grass,Chile,Cwts,6018,6918,3144,6018,3144,6918,900,0->9,9,495020,True,False,1.91,2.2,1.53,1,True,False
False,False,5,q,infinity,as_1899,1898,ZINC,"Manufactures of, unenumerated",Germany,Cwts,98087,98987,98087,107453,98987,107453,900,0->9,5,425281,True,False,1.1,1.09,1.1,1,True,False
False,True,5,q,chandra,as_1879,1879,DYE WOODS,Unenumerated,Philippine Islands,Tons,231,931,231,8812,931,8812,700,2->9,8,24849,True,True,38.15,9.47,6.5,1,True,False
False,False,5,q,infinity,as_1883,1883,SUGAR,Molasses,Brazil,Cwts,2925,2225,2925,793,2225,793,-700,9->2,16,372683,True,True,0.27,0.36,0.48,1,True,False
False,False,5,q,infinity,as_1885,1885,OIL,Animal,Belgium,Cwts,4921,4221,4921,5776,4221,5776,-700,9->2,5,114407,True,True,1.17,1.37,1.72,1,True,False
False,True,5,v,chandra,as_1882,1882,DRUGS,Dyes obtained from Coal Tar (Aniline),France,,8020,8620,0,8020,0,8620,600,0->6,5,415706,True,False,0,0,0,1,True,False
False,True,5,v,chandra,as_1899,1896,FRUIT,"Cherries, Raw",France,Bushels,58025,58625,85894,58025,85894,58625,600,0->6,4,105811,True,False,0.68,0.68,0.37,1,True,False
False,False,5,v,infinity,as_1874,1874,DYE WOODS,Logwood,Mexico,Tons,16128,16728,1876,16128,1876,16728,600,1->7,5,236134,True,False,8.6,8.92,5.36,1,True,False
False,False,5,v,infinity,as_1877,1877,WATCHES,,France,,16036,16636,0,16036,0,16636,600,0->6,3,504164,True,False,0,0,0,1,True,False
False,False,5,v,infinity,as_1882,1882,IRON,Pig and Puddled,Other Countries,Tons,8906,8306,1810,8906,1810,8306,-600,9->3,3,222743,True,False,4.92,4.59,4.92,1,True,False
False,False,5,v,infinity,as_1896,1896,HAIR,Horse,New South Wales,Cwts,7069,7669,1150,7069,1150,7669,600,0->6,4,18461,True,False,6.15,6.67,6.25,1,True,False
False,False,5,v,infinity,as_1898,1895,LEATHER,"Unenumerated, or whereof leather is the most valuable part",France,—,26020,26620,0,26020,0,26620,600,0->6,6,407096,True,False,0,0,0,1,True,False
False,False,5,q,infinity,as_1899,1896,IRON,"Manufactures of Iron or Steel, unenumerated",Canada,Cwts,12012,12612,12012,18302,12612,18302,600,0->6,4,24115,True,False,1.52,1.45,1.52,1,True,False
False,False,5,q,infinity,as_1882,1882,HATS OR BONNETS,Of Felt,France,Number,344800,344300,344800,80250,344300,80250,-500,8->3,3,686734,True,False,0.23,0.23,0.21,1,True,False
False,False,5,v,infinity,as_1887,1887,Cotton,Garden,British North America,Lbs,800,300,56798,800,56798,300,-500,8->3,3,1693,True,False,0.01,0.01,0.04,1,True,False
False,False,5,q,infinity,as_1888,1888,"ANIMALS, LIVING",Swine,Denmark,No,16825,16325,16825,56521,16325,56521,-500,8->3,3,24508,True,False,3.36,3.46,3.0,1,True,False
False,True,5,q,chandra,as_1897,1895,CORDAGE,Buckwheat,Northern Ports,Cwts,18580,18880,18580,5053,18880,5053,300,5->8,4,134570,True,False,0.27,0.27,0.27,1,True,False
False,False,5,v,chandra,as_1892,1892,IRON and STEEL,Pig and Puddled,Spain,Tons,32495,32405,14479,32495,14479,32405,-90,9->0,5,235646,True,False,2.24,2.24,3.62,1,True,False
False,False,5,v,chandra,as_1898,1894,"COPPER, ORE OF",Part Wrought,France,Tons,44595,44505,945,44595,945,44505,-90,9->0,6,83548,True,False,47.19,47.1,50.77,1,True,False
False,False,5,v,chandra,as_1898,1898,"HORNS, tips and pieces of Horns and Hoofs","Steel, Unwrought",Germany,Tons,2101,2191,148,2101,148,2191,90,0->9,8,250314,True,False,14.2,14.8,9.44,1,True,False
False,False,5,q,chandra,as_1898,1897,Cotton,"Garden, unenumerated",Other British Possessions,Lbs,701,791,701,37,791,37,90,0->9,4,333601,True,False,0.05,0.05,0.05,1,True,False
False,False,5,v,chandra,as_1899,1898,DYE STUFFS (Other than Dye Woods) and Substances used in Tan- ning or Dyeing,Cutch and Gambier,China,Tons,590,500,50,590,50,500,-90,9->0,6,8838,True,False,11.8,10.0,17.97,1,True,False
False,True,5,q,chandra,as_1899,1895,METAL,"Unenumerated, Unwrought",Germany,Tons,197,107,197,19239,107,19239,-90,9->0,8,1001,True,False,97.66,179.8,97.66,1,True,False
False,False,5,v,chandra,as_1899,1898,NUTS AND KERNELS,"Fish, Sperm or Head-matter",United States of America,,7800,7890,231,7800,231,7890,90,0->9,5,23154,True,False,33.77,34.16,33.77,1,True,False
False,False,5,v,infinity,as_1876,1876,SEEDS,SHUMACH,Other Countries,Tons,6901,6991,497,6901,497,6991,90,0->9,3,215253,True,False,13.89,14.07,13.89,1,True,False
False,False,5,q,infinity,as_1876,1876,WOOLLEN YARN,,Other Countries,Lbs,1202,1292,1202,201,1292,201,90,0->9,5,841878,True,False,0.17,0.16,0.2,1,True,False
False,False,5,q,infinity,as_1882,1882,HATS OR BONNETS,Tow or Codilla of Hemp,Germany,Cwts,41701,41791,41701,41377,41791,41377,90,0->9,4,99415,True,False,0.99,0.99,0.99,1,True,False
False,False,5,q,infinity,as_1890,1890,"PICTURES and DRAWINGS, by HAND",,Germany,,7709,7799,7709,11694,7799,11694,90,0->9,9,49007,True,False,1.52,1.5,19.15,1,True,False
False,False,5,v,infinity,as_1891,1891,ANIMALS. LIVING,Stallions,Other British Possessions,No,595,505,22,595,22,505,-90,9->0,3,2650,True,False,27.05,22.95,72.65,1,True,False
False,False,5,v,infinity,as_1894,1894,WOOD and TIMBER,Staves,France,Loads,3308,3398,697,3308,697,3398,90,0->9,9,540015,True,False,4.75,4.88,4.75,1,True,False
False,False,5,v,infinity,as_1897,1895,Bark,"Dyes obtained from Coal Tar, Aniline",Other Foreign Countries,,505,595,0,505,0,595,90,0->9,5,376320,True,False,0,0,0,1,True,False
False,False,5,v,infinity,as_1897,1894,Cotton,Dutch Possessions in Indian Seas,Asiatic,Lbs,1904,1994,9140,1904,9140,1994,90,0->9,10,178785,True,False,0.21,0.22,0.15,1,True,False
False,False,5,q,infinity,as_1898,1898,"CHINA, OR PORCELAIN, AND EARTHENWARE",Opium,Asiatic,Lbs,70103,70193,70103,34294,70193,34294,90,0->9,8,391486,True,False,0.49,0.49,0.5,1,True,False
False,False,5,q,infinity,as_1898,1894,LEATHER,Phosphate of Lime and Rock,Canada,,3102,3192,3102,6774,3192,6774,90,0->9,3,3768,True,False,2.18,2.12,2.18,1,True,False
False,False,5,q,infinity,as_1898,1895,METAL,"Leaf, not Gold",Holland,Packets,104703,104793,104703,8771,104793,8771,90,0->9,4,186727,True,False,0.08,0.08,0.11,1,True,False
False,False,5,q,infinity,as_1898,1894,METAL,Animal,Other Foreign Countries,Cwts,205,295,205,419,295,419,90,0->9,5,53500,True,False,2.04,1.42,1.79,1,True,False
False,False,5,q,infinity,as_1898,1897,METAL,Cotton Cake,Mexico,Tons,3300,3390,3300,15027,3390,15027,90,0->9,9,111478,True,False,4.55,4.43,4.73,1,True,False
False,False,5,q,infinity,as_1898,1895,SUGAR,"Hewn, Fir",Spain,Loads,52508,52598,52508,38702,52598,38702,90,0->9,10,1937689,True,False,0.74,0.74,1.32,1,True,False
False,False,5,v,infinity,as_1898,1897,SUGAR,"Hewn, Unenumerated",British Guiana,Loads,33708,33798,5146,33708,5146,33798,90,0->9,3,192622,True,False,6.55,6.57,6.55,1,True,False
False,False,5,v,infinity,as_1898,1895,ZINC,"Crude, in cakes",Canada,Tons,506,596,44,506,44,596,90,0->9,3,4448,True,False,11.5,13.55,10.94,1,True,False
False,False,5,q,infinity,as_1899,1896,ALKALI,Mares,United States of America,Number,7602,7692,7602,225711,7692,225711,90,0->9,9,10461,True,False,29.69,29.34,29.69,1,True,False
False,False,5,q,infinity,as_1899,1897,Cotton,"Thrown, Dyed, or not Dyed",Other Foreign Countries,Lbs,300,390,300,260,390,260,90,0->9,4,412116,True,False,0.87,0.67,0.81,1,True,False
False,False,5,v,chandra,as_1882,1882,"POULTRY and GAME (alive or dead), including Rabbits",,Belgium,,300601,300661,0,300601,0,300661,60,0->6,4,501008,True,False,0,0,0,1,True,False
False,False,5,q,infinity,as_1876,1876,"PLATINA, Wrought and Unwrought",,Other Countries,Oz. Troy,2606,2666,2606,1732,2666,1732,60,0->6,4,53045,True,False,0.66,0.65,0.78,1,True,False
False,True,5,v,infinity,as_1884,1884,Corn and Grain,Valonia,Greece,Tons,55898,55838,4054,55898,4054,55838,-60,9->3,4,521621,True,False,13.79,13.77,15.3,1,True,False
False,True,5,v,infinity,as_1889,1889,CHICORY,"White, in Bottles, Sparkling : Other Sorts",Other Foreign Countries,,972,912,1306,972,1306,912,-60,7->1,3,3205,True,False,0.74,0.7,0.74,1,True,False
False,False,5,q,infinity,as_1897,1895,WOOLLEN YARN,"For Fancy Purposes, including Berlin Wool and Zephyr Yarn",Holland,Lbs,120500,120560,120500,16414,120560,16414,60,0->6,4,1221104,True,False,0.14,0.14,0.18,1,True,False
False,True,5,q,chandra,as_1897,1897,"HORNS, tips and pieces of Horns and Hoofs",Ore of (including Chrome),Newfoundland,Tons,3338,3388,3338,2705,3388,2705,50,3->8,3,15287,True,False,0.81,0.8,3.53,1,True,False
False,True,5,q,infinity,as_1880,1880,LINEN,YARN,Germany,Lbs,660783,660733,660783,33916,660733,33916,-50,8->3,4,5958731,True,False,0.05,0.05,0.05,1,True,False
False,False,5,v,infinity,as_1890,1890,"FLOWERS, Artificial",,France,,375183,375133,0,375183,0,375133,-50,8->3,5,410168,True,False,0,0,0,1,True,False
False,False,5,v,infinity,as_1893,1893,BRIMSTONE,,Italy,Cwts,117734,117784,473656,117734,473656,117784,50,3->8,3,124748,True,False,0.25,0.25,0.25,1,True,False
False,False,5,v,infinity,as_1898,1895,Bark,"Madder, Madder Root, Garancine, and Munjeet","Turkey, Asiatic",Cwts,630,680,474,630,474,680,50,3->8,4,8110,True,False,1.33,1.43,1.36,1,True,False
False,False,5,v,infinity,as_1899,1898,SUGAR,"Hewn, Unenumerated",Other British Possessions,Loads,287,237,50,287,50,237,-50,8->3,3,170290,True,False,5.74,4.74,5.74,1,True,False
False,False,5,q,chandra,as_1875,1875,PRINTS and ENGRAVINGS,,Germany,Number,1386313,1386343,1386313,23570,1386343,23570,30,1->4,3,5996520,True,False,0.02,0.02,0.02,1,True,False
False,True,5,q,chandra,as_1884,1884,"DYE STUFFS, and Substances used in Tanning",Myrobalans,Other Countries,Cwts,316,346,316,172,346,172,30,1->4,4,394899,True,False,0.54,0.5,0.53,1,True,False
False,False,5,v,chandra,as_1897,1895,DYE STUFFS (Other than Dye Woods) and Substances used in Tan- ning or Dyeing,"Madder, Madder Root, Garancine, and Munjeet",Asiatic,Cwts,650,680,474,650,474,680,30,5->8,4,8110,True,False,1.37,1.43,1.37,1,True,False
False,True,5,q,infinity,as_1885,1885,COTTON MANUFACTURES,Muslins,Belgium,Yards,2151291,2151281,2151291,25892,2151281,25892,-10,9->8,3,2263886,True,True,0.01,0.01,0.02,1,True,False
False,False,5,v,chandra,as_1893,1893,"RAGS, WOOLLEN, applicable to other uses than Manure",,Channel Islands,Tons,1809,1800,206,1809,206,1800,-9,9->0,3,9826,True,False,8.78,8.74,15.79,1,True,False
False,True,5,v,chandra,as_1893,1893,"VEGETABLES, Raw : Unenumerated",,Channel Islands,,277959,277950,0,277959,0,277950,-9,9->0,4,283370,True,False,0,0,0,1,True,False
False,False,5,q,chandra,as_1894,1894,FISH,"Cured or Salted, unenumerated",Sweden,Cwts,2659,2650,2659,4682,2650,4682,-9,9->0,11,577711,True,False,1.76,1.77,1.33,1,True,False
False,False,5,q,chandra,as_1897,1896,SLATES,"In Blocks, Ingots, Bars, or Slabs",Australasia : New South Wales,Cwts,45539,45530,45539,140136,45530,140136,-9,9->0,6,732447,True,False,3.08,3.08,3.02,1,True,False
False,True,5,v,chandra,as_1898,1894,AMMUNITION,Stallions,Canada,,1499,1490,40,1499,40,1490,-9,9->0,4,2700,True,False,37.48,37.25,50.0,1,True,False
False,False,5,q,chandra,as_1898,1897,"COPPER, ORE OF","Meal, not otherwise enumerated or described",Holland,Cwts,559,550,559,172,550,172,-9,9->0,13,817124,True,False,0.31,0.31,0.2,1,True,False
False,False,5,q,chandra,as_1898,1898,"COPPER, ORE OF","Meal, not otherwise enumerated or described",France,Cwts,19599,19590,19599,5222,19590,5222,-9,9->0,12,205014,True,False,0.27,0.27,0.19,1,True,False
False,False,5,v,chandra,as_1898,1895,SHELLS of all kinds,"Manufactures of Silk or of Silk mixed with other Materials, unenumerated",Canada,,20,29,0,20,0,29,9,0->9,7,84844,True,False,0,0,0,1,True,False
False,False,5,v,chandra,as_1898,1896,WOOD AND TIMBER,"Sawn or Split, planed or dressed, Fir",Belgium,Loads,3120,3129,653,3120,653,3129,9,0->9,11,9598883,True,False,4.78,4.79,2.33,1,True,False
False,False,5,q,chandra,as_1899,1896,CAOUTCHOUIC,Manufactures of,British East Indies,Lbs,269,260,269,25,260,25,-9,9->0,3,7456,True,False,0.09,0.1,0.09,1,True,False
False,False,5,v,chandra,as_1899,1896,BEER AND ALE,of other Sorts,Holland,Barrels,57310,57319,21066,57310,21066,57319,9,0->9,5,103104,True,False,2.72,2.72,2.72,1,True,False
False,False,5,q,infinity,as_1897,1894,"CHINA, OR PORCELAIN, AND EARTHENWARE",Buckwheat,United States of America : Other Foreign Countries,Cwts,4070,4079,4070,1130,4079,1130,9,0->9,5,133567,True,False,0.28,0.28,0.29,1,True,False
False,False,5,q,infinity,as_1897,1893,Beef,Whale Fisheries,British West India Islands,,160,169,160,3003,169,3003,9,0->9,4,5403,True,False,18.77,17.77,20.17,1,True,False
False,False,5,v,infinity,as_1897,1894,Cotton,"Manufactures, Broad Stuffs, Silk and Satin",France,,5478470,5478479,0,5478470,0,5478479,9,0->9,6,6555923,True,False,0,0,0,1,True,False
False,False,5,q,infinity,as_1897,1896,"CARDS, PLAYING",,Other Foreign Countries,Dozen Packs,59,50,59,13,50,13,-9,9->0,3,21911,True,False,0.22,0.26,0.22,1,True,False
False,False,5,q,infinity,as_1898,1896,FLAX,Tow,Other Foreign Countries,Tons,29,20,29,386,20,386,-9,9->0,6,18951,True,False,13.31,19.3,15.63,1,True,False
False,False,5,q,infinity,as_1898,1897,LEAD,"Manufactures of, Unenumerated",Holland,Cwts,2470,2479,2470,5220,2479,5220,9,0->9,5,5866,True,False,2.11,2.11,2.11,1,True,False
False,False,5,v,infinity,as_1898,1897,LEATHER,Gloves,Other Foreign Countries,Doz. Pairs,70,79,60,70,60,79,9,0->9,6,2144166,True,False,1.17,1.32,1.11,1,True,False
False,False,5,q,infinity,as_1898,1898,METAL,Whale Fisheries,British West India Islands,,130,139,130,2476,139,2476,9,0->9,5,5181,True,False,19.05,17.81,19.05,1,True,False
False,True,5,v,infinity,as_1898,1895,METAL,Linseed Cake,Canada,Tons,2840,2849,512,2840,512,2849,9,0->9,3,30489,True,False,5.55,5.56,5.39,1,True,False
False,False,5,q,infinity,as_1898,1896,SUGAR,"In Blocks, Ingots, Bars, or Slabs",Germany,Cwts,1050,1059,1050,3049,1059,3049,9,0->9,5,35048,True,False,2.9,2.88,2.9,1,True,False
False,False,5,v,infinity,as_1898,1896,SUGAR,"Sawn or Split, planed or dressed, Fir",New South Wales,Loads,1180,1189,194,1180,194,1189,9,0->9,5,3327643,True,False,6.08,6.13,2.66,1,True,False
False,False,5,q,infinity,as_1899,1895,ALKALI,Geldings,Canada,Number,8960,8969,8960,261100,8969,261100,9,0->9,4,9046,True,False,29.14,29.11,50.0,1,True,False
False,False,5,v,infinity,as_1897,1893,"CHINA, OR PORCELAIN, AND EARTHENWARE","Hosiery, of all Sorts",Belgium,,5770,5776,0,5770,0,5776,6,0->6,5,371433,True,False,0,0,0,1,True,False
False,True,5,v,infinity,as_1897,1894,Beef,Eastern Coast of Africa,Canada,,920,926,0,920,0,926,6,0->6,3,8187,True,False,0,0,0,1,True,False
False,False,5,v,infinity,as_1899,1897,CAOUTCHOUC,Manufactures of,Other British Possessions,Lbs,100,106,1313,100,1313,106,6,0->6,3,2434,True,False,0.08,0.08,0.08,1,True,False
False,False,5,v,chandra,as_1886,1886,"SKINS, FURS, and PELTS","Manufactures of, including Rugs",British North America,,1158,1153,0,1158,0,1153,-5,8->3,3,8229,True,False,0,0,0,1,True,False
False,False,5,v,chandra,as_1887,1887,HATS OR BONNETS,Of Felt,Belgium,Number,70018,70013,575695,70018,575695,70013,-5,8->3,4,98629,True,False,0.12,0.12,0.15,1,True,False
False,True,5,v,infinity,as_1896,1896,COTTON,Yarn,Holland,Lbs,44073,44078,826168,44073,826168,44078,5,3->8,6,295917,True,False,0.05,0.05,0.05,1,True,False
False,True,5,v,chandra,as_1880,1880,"SAUCES or CONDIMENTS, Unenumerated",,British East Indies,Lbs,10475,10478,314000,10475,314000,10478,3,5->8,4,32154,True,False,0.03,0.03,0.03,1,True,False
False,False,5,q,chandra,as_1877,1877,"SKINS, FURS, and PELTS","Goat and Kid, Tanned, Tawed, or Dressed",British India: Bombay and Scinde,Number,319942,819942,319942,68618,819942,68618,500000,3->8,6,6316178,True,False,0.21,0.08,0.18,4,False,False
False,True,5,v,chandra,as_1887,1887,ZINC,Manufactured,Germany,,320793,820793,0,320793,0,820793,500000,3->8,18,4942816,True,False,0,0,0,2,False,False
False,False,5,v,infinity,as_1887,1887,COTTON,Raw,British East Indies : Bombay and Scinde,Cwts,3876369,3376369,1692935,3876369,1692935,3376369,-500000,8->3,10,4839899,True,False,2.29,1.99,2.19,2,False,False
False,True,5,q,chandra,as_1875,1875,SUGAR,"Refined, or Sugar equal in quality thereto, and Sugar Candy",Holland,Cwts,120417,520417,120417,795600,520417,795600,400000,1->5,8,2860776,True,True,6.61,1.53,1.52,3,False,False
False,True,5,v,infinity,as_1881,1881,ANIMALS LIVING,Oxen and Bulls,United States of America,Number,2100386,2400386,102020,2100386,102020,2400386,300000,1->4,11,5475177,True,False,20.59,23.53,20.59,6,False,False
False,True,5,v,chandra,as_1877,1877,PYRITES of IRON or COPPER,,Portugal,Tons,512563,412563,149562,512563,149562,412563,-100000,5->4,5,1643614,True,True,3.43,2.76,1.86,2,False,False
False,False,5,q,chandra,as_1898,1894,WOOL,"Goats' wool, or Hair",France,Lbs,108992,198992,108992,2965,198992,2965,90000,0->9,9,8187142,True,False,0.03,0.01,0.04,2,False,False
False,True,5,q,infinity,as_1888,1888,SILK,Furs,Belgium,,701109,791109,701109,25738,791109,25738,90000,0->9,10,6192172,True,False,0.04,0.03,0.06,2,False,False
False,True,5,q,infinity,as_1889,1889,"SKINS, FURS, and PELTS",Furs,Germany,Number,706550,796550,706550,57264,796550,57264,90000,0->9,9,7192710,True,False,0.08,0.07,0.08,2,False,False
False,False,5,q,infinity,as_1898,1894,TOBACCO,Unmanufactured,Japan,Lbs,2101394,2191394,2101394,55069,2191394,55069,90000,0->9,16,87682709,True,False,0.03,0.03,0.03,2,False,False
False,False,5,q,chandra,as_1874,1874,TALLOW and STEARINE,,Other Countries,Cwts,92095,22095,92095,51316,22095,51316,-70000,9->2,10,1155243,True,True,0.56,2.32,2.01,4,False,False
False,False,5,q,infinity,as_1875,1875,"HIDES, not Tanned, Tawed, Curried, or in any way Dressed","Varnished, Japanned, or Enamelled",Other Countries,Lbs,98624,28624,98624,5854,28624,5854,-70000,9->2,5,457898,True,True,0.06,0.2,0.22,2,False,False
False,False,5,q,infinity,as_1885,1885,SPICES,Pepper,Other Foreign Countries,Lbs,192156,122156,192156,3210,122156,3210,-70000,9->2,4,633790,True,True,0.02,0.03,0.03,2,False,False
False,False,5,v,chandra,as_1898,1895,WOOD AND TIMBER,"House frames, fittings, joiners' and cabinet work",United States of America,,202126,262126,0,202126,0,262126,60000,0->6,13,737487,True,False,0,0,0,2,False,False
False,False,5,v,infinity,as_1896,1896,WOOD and TIMBER,Hewn : Fir,Germany,Loads,408172,468172,243532,408172,243532,468172,60000,0->6,9,2600661,True,False,1.68,1.92,1.31,5,False,False
False,False,5,v,infinity,as_1899,1895,CAOUTCHOUC,Manufactures of,Germany,Lbs,206887,266887,1780683,206887,1780683,266887,60000,0->6,7,549574,True,False,0.12,0.15,0.13,4,False,False
False,False,5,q,chandra,as_1873,1873,WOOLLEN YARN,For Fancy purposes,France,,38705,88705,38705,9745,88705,9745,50000,3->8,3,325259,True,False,0.25,0.11,0.23,2,False,False
False,False,5,q,chandra,as_1893,1893,Corn and Grain,Barley,Belgium,,185424,135424,185424,52536,135424,52536,-50000,8->3,18,22796725,True,False,0.28,0.39,0.33,9,False,False
False,False,5,q,chandra,as_1898,1895,"SILVER, Ore of, or Ore of which the greater part in Value is Silver",Eastern Coast of Africa,Cape of Good Hope,,5234210,5284210,5234210,475982,5284210,475982,50000,3->8,13,13138073,True,False,0.09,0.09,0.12,8,False,False
False,False,5,q,chandra,as_1898,1896,WOOLLEN YARN,Stuffs,Germany,,2030625,2080625,2030625,168951,2080625,168951,50000,3->8,6,81907862,True,False,0.08,0.08,0.08,2,False,False
False,False,5,v,infinity,as_1890,1890,CAOUTCHOUC,East Africa,West Africa Settlements,,180513,130513,15636,180513,15636,130513,-50000,8->3,6,465197,True,False,11.54,8.35,10.21,3,False,False
False,True,5,v,infinity,as_1893,1893,"CORDAGE, TWINE, and CABLE YARN",,Russia,,83736,33736,0,83736,0,33736,-50000,8->3,8,316670,True,False,0,0,0,4,False,False
False,False,5,v,infinity,as_1895,1895,BEEF,Fresh,Australasia : Queensland,Cwts,584663,534663,359264,584663,359264,534663,-50000,8->3,6,778810,True,False,1.63,1.49,1.65,2,False,False
False,False,5,q,infinity,as_1898,1896,"CHINA, OR PORCELAIN, AND EARTHENWARE",Peas,United States of America,Cwts,332730,382730,332730,114101,382730,114101,50000,3->8,6,1605557,True,False,0.34,0.3,0.32,4,False,False
False,False,5,v,chandra,as_1872,1872,OIL,Train or Blubber,British North America,Tuns,253007,283007,7892,253007,7892,283007,30000,5->8,10,522056,True,False,32.06,35.86,32.7,6,False,False
False,False,5,v,chandra,as_1874,1874,LINEN YARN,,Belgium,Lbs,56814,86814,1399896,56814,1399896,86814,30000,5->8,3,121410,True,False,0.04,0.06,0.04,2,False,False
False,False,5,v,chandra,as_1878,1878,FLAX,Tow or Codilla of,Russia,,253226,283226,168111,253226,168111,283226,30000,5->8,4,412045,True,False,1.51,1.68,1.27,3,False,False
False,True,5,q,chandra,as_1879,1879,Eggs,,Denmark,Great Hundreds,217408,247408,217408,70547,247408,70547,30000,1->4,9,6389232,True,False,0.32,0.29,0.33,4,False,False
False,True,5,v,chandra,as_1879,1879,SEEDS,Clover and Grass,Germany,Cwts,213227,243227,82827,213227,82827,243227,30000,1->4,6,755333,True,False,2.57,2.94,2.4,4,False,False
False,True,5,q,chandra,as_1896,1896,COTTON MANUFACTURES,Other than Muslins,Canada,Yards,357495,387495,357495,6978,387495,6978,30000,5->8,3,1762935,True,False,0.02,0.02,0.02,3,False,False
False,True,5,v,chandra,as_1897,1894,SLATES,Dutch Possessions in Indian Seas,Holland,Lbs,54168,84168,0,54168,0,84168,30000,5->8,7,160884,True,False,0,0,0,4,False,False
False,True,5,q,infinity,as_1872,1872,SPICES,Pepper,Other Countries,Lbs,216849,246849,216849,5505,246849,5505,30000,1->4,10,27576710,True,False,0.03,0.02,0.03,5,False,False
False,True,5,q,infinity,as_1874,1874,COTTON MANUFACTURES,Other than Muslins,France,Pieces,115307,145307,115307,59224,145307,59224,30000,1->4,6,193561,True,False,0.51,0.41,0.66,2,False,False
False,True,5,v,infinity,as_1875,1875,HEMP,,Italy,Cwts,415199,445199,230807,415199,230807,445199,30000,1->4,8,1972140,True,False,1.8,1.93,1.66,6,False,False
False,True,5,v,infinity,as_1877,1877,"FLOWERS, ARTIFICIAL",,France,,514625,544625,0,514625,0,544625,30000,1->4,4,588828,True,False,0,0,0,3,False,False
False,True,5,v,infinity,as_1884,1884,WOOD and TIMBER,Staves,Germany,Loads,150404,180404,21787,150404,21787,180404,30000,5->8,8,554870,True,False,6.9,8.28,5.65,6,False,False
False,True,5,v,infinity,as_1885,1885,GUM,"Manufactures, Unenumerated",Holland,Cwts,882133,852133,1538651,882133,1538651,852133,-30000,8->5,10,2316800,True,False,0.57,0.55,1.58,4,False,False
False,False,5,v,infinity,as_1886,1886,CONFECTIONERY,Regulus and Precipitate,Spain,Tons,815769,845769,37891,815769,37891,845769,30000,1->4,9,1515202,True,False,21.53,22.32,21.53,4,False,False
False,True,5,v,infinity,as_1886,1886,WOOLLEN MANUFACTURES,Unenumerated,France,,414712,444712,0,414712,0,444712,30000,1->4,8,2036056,True,False,0,0,0,5,False,False
False,True,5,q,infinity,as_1891,1891,TOBACCO,"White, in Casks",Italy,Gallons,318042,348042,318042,70369,348042,70369,30000,1->4,10,3154000,True,False,0.22,0.2,0.28,6,False,False
False,False,5,v,infinity,as_1891,1891,WOOD and TIMBER,"Sawn, Unenumerated",United States of America,Loads,56639,86639,20103,56639,20103,86639,30000,5->8,8,304602,True,False,2.82,4.31,2.5,7,False,False
False,True,5,v,infinity,as_1892,1892,LEATHER MANUFACTURES,Unenumerated,Holland,,210233,240233,0,210233,0,240233,30000,1->4,6,365579,True,False,0,0,0,5,False,False
False,True,5,q,infinity,as_1893,1893,LEATHER,Dressed,United States of America,Lbs,27917484,27947484,27917484,1481583,27947484,1481583,30000,1->4,8,36862129,True,False,0.05,0.05,0.13,7,False,False
False,False,5,q,infinity,as_1896,1896,"CORN, GRAIN, MEAL, AND FLOUR",Pease,United States of America,Cwts,352730,382730,352730,114101,382730,114101,30000,5->8,5,1605557,True,False,0.32,0.3,0.32,4,False,False
False,True,5,q,infinity,as_1897,1894,HATS OR BONNETS,Of Felt,Belgium,Number,316019,346019,316019,46793,346019,46793,30000,1->4,5,438781,True,False,0.15,0.14,0.15,2,False,False
False,True,5,q,infinity,as_1897,1896,Cotton,Raw,Japan,,57662,87662,57662,49662,87662,49662,30000,5->8,8,1358108,True,False,0.86,0.57,0.76,3,False,False
False,False,5,q,infinity,as_1897,1897,TIN,"Hewn, Fir",Russia,Loads,452526,482526,452526,748472,482526,748472,30000,5->8,11,2403278,True,False,1.65,1.55,1.65,9,False,False
False,True,5,q,infinity,as_1898,1896,PORK,Fresh,Holland,Cwts,214344,244344,214344,556527,244344,556527,30000,1->4,7,298771,True,False,2.6,2.28,2.45,2,False,False
False,False,5,q,infinity,as_1898,1896,SPIRITS,Rum,Guiana,Proof Gallons,2857182,2887182,2857182,124879,2887182,124879,30000,5->8,4,4520781,True,False,0.04,0.04,0.09,2,False,False
False,True,5,q,infinity,as_1899,1899,EGGS,,Canada,Gt. Hunds,616867,646867,616867,233693,646867,233693,30000,1->4,6,674552,True,False,0.38,0.36,0.38,2,False,False
False,True,5,q,chandra,as_1876,1876,CORK,Manufactured,France,Lbs,3154431,3174431,3154431,267624,3174431,267624,20000,5->7,4,6661203,True,True,0.08,0.08,0.08,4,False,False
False,True,5,v,chandra,as_1883,1883,OIL,"Fish, Train, or Blubber",Whale Fisheries: Northern,Tuns,33886,53886,1817,33886,1817,53886,20000,3->5,16,430035,True,True,18.65,29.66,28.91,4,False,False
False,True,5,v,infinity,as_1872,1872,RAGS and other Materials for making Paper,SAFFLOWER,British India,Cwts,39244,59244,7830,39244,7830,59244,20000,3->5,3,80371,True,True,5.01,7.57,9.02,2,False,False
False,False,5,q,infinity,as_1874,1874,"SKINS, FURS, AND PELTS","Unenumerated, not being Furs, Dressed and Undressed",United States of America,Number,1034202,1054202,1034202,187649,1054202,187649,20000,3->5,10,3204881,True,True,0.18,0.18,0.14,9,False,False
False,False,5,v,infinity,as_1880,1880,"HIDES, not Tanned, Tawed, Curried, or in any way Dressed",Wet,British Possessions in South Africa,Cwts,31547,51547,19217,31547,19217,51547,20000,3->5,14,1608127,True,True,1.64,2.68,2.74,12,False,False
False,False,5,v,infinity,as_1880,1880,"NITRE, CUBIC (nitrate of Soda)","Chemical, Essential, or Perfumed",Italy,Lbs,38919,58919,170732,38919,170732,58919,20000,3->5,8,207315,True,True,0.23,0.35,0.4,6,False,False
False,True,5,q,infinity,as_1899,1895,FRUIT,Almonds,Spain,,32636,52636,32636,181320,52636,181320,20000,3->5,11,120859,True,True,5.56,3.44,2.18,4,False,False
False,True,5,v,chandra,as_1872,1872,BACON and HAMS,Bacon,Germany,Cwts,492050,482050,154746,492050,154746,482050,-10000,9->8,5,3783316,True,True,3.18,3.12,2.43,4,False,False
False,True,5,v,infinity,as_1872,1872,WOOD AND TIMBER,Mahogany,Central America,,60548,50548,4757,60548,4757,50548,-10000,6->5,8,375790,True,False,12.73,10.63,12.0,4,False,False
False,True,5,q,infinity,as_1877,1877,WOOD AND TIMBER,"Sawn or Split, Planed or Dressed : Fir",United States of America,Loads,262099,252099,262099,840687,252099,840687,-10000,6->5,7,4209337,True,False,3.21,3.33,3.03,6,False,False
False,True,5,v,infinity,as_1882,1882,"ART, WORKS OF, other than PICTURES",,France,,60877,50877,0,60877,0,50877,-10000,6->5,5,117932,True,False,0,0,0,2,False,False
False,True,5,q,infinity,as_1882,1882,PAPER,For Printing or Writing,Belgium,Cwts,63558,53558,63558,100962,53558,100962,-10000,6->5,7,188111,True,False,1.59,1.89,1.68,3,False,False
False,True,5,q,infinity,as_1884,1884,FEATHERS,Cured or Salted,Norway,Cwts,127186,137186,127186,136867,137186,136867,10000,2->3,14,815983,True,False,1.08,1.0,2.03,8,False,False
False,False,5,v,infinity,as_1890,1890,HATS OR BONNETS,Of Felt,Belgium,Number,64962,54962,429692,64962,429692,54962,-10000,6->5,5,99856,True,False,0.15,0.13,0.15,2,False,False
False,True,5,q,infinity,as_1893,1893,TOBACCO,Unmanufactured,Other Foreign Countries,Lbs,62255,52255,62255,2426,52255,2426,-10000,6->5,14,81565578,True,False,0.04,0.05,0.04,14,False,False
False,False,5,v,chandra,as_1875,1875,FISH,Cured or Salted,Denmark,,49530,40530,41375,49530,41375,40530,-9000,9->0,8,1048546,True,False,1.2,0.98,1.62,2,False,False
False,False,5,q,chandra,as_1878,1878,GLASS,"Manufactures, Unenumerated",Holland,Cwts,19716,10716,19716,47263,10716,47263,-9000,9->0,8,334672,True,False,2.4,4.41,2.4,2,False,False
False,False,5,v,chandra,as_1898,1897,LATES,"Unrefined, Total",Germany,Cwts,1929556,1920556,4383928,1929556,4383928,1920556,-9000,9->0,21,5347577,True,False,0.44,0.44,0.48,2,False,False
False,True,5,v,infinity,as_1898,1897,SUGAR,Mahogany,Mexico,,70614,79614,8175,70614,8175,79614,9000,0->9,12,439204,True,False,8.64,9.74,8.69,2,False,False
False,False,5,v,infinity,as_1898,1895,WOOLLEN YARN,Stuffs,Germany,Yards,160936,169936,2087613,160936,2087613,169936,9000,0->9,6,6473945,True,False,0.08,0.08,0.08,2,False,False
False,False,5,v,infinity,as_1899,1897,CHEESE,"Cables (not of Iron), Twine, and Cable Yarn",Belgium,,100910,109910,0,100910,0,109910,9000,0->9,8,481928,True,False,0,0,0,2,False,False
False,False,5,v,infinity,as_1899,1895,TOBACCO,In Casks,Madeira,,20299,29299,94271,20299,94271,29299,9000,0->9,14,2972598,True,False,0.22,0.31,0.2,2,False,False
False,True,5,q,chandra,as_1898,1897,"HORNS, tips and pieces of Horns and Hoofs",Yarn,France,,1802572,1809572,1802572,30544,1809572,30544,7000,2->9,3,1957802,True,True,0.02,0.02,0.02,2,False,False
False,True,5,q,chandra,as_1877,1877,Corn and Grain,Maize or Indian Corn,"United States of America, on the Atlantic",Cwts,25571778,25577778,25571778,8225437,25577778,8225437,6000,1->7,10,30477818,True,False,0.32,0.32,0.33,8,False,False
False,False,5,v,chandra,as_1888,1888,"SUGAR, Refined",Refined : Total of,Germany,Cwts,2776521,2770521,3180186,2776521,3180186,2770521,-6000,6->0,8,6027609,True,False,0.87,0.87,0.9,4,False,False
False,False,5,v,chandra,as_1897,1893,COTTON MANUFACTURES,"Hosiery, of all Sorts",Holland,,300549,306549,0,300549,0,306549,6000,0->6,5,371433,True,False,0,0,0,2,False,False
False,False,5,v,chandra,as_1899,1897,CORDAGE,"Cables (not of Iron), Twine, and Cable Yarn",United States of America,,50477,56477,0,50477,0,56477,6000,0->6,8,481928,True,False,0,0,0,5,False,False
False,False,5,q,infinity,as_1877,1877,PAPER,Refined,Other Countries,Gallons,49414,43414,49414,3324,43414,3324,-6000,9->3,3,33474955,True,False,0.07,0.08,0.05,2,False,False
False,False,5,v,infinity,as_1882,1882,COPPER,Ore,Italy,Tons,89064,83064,12746,89064,12746,83064,-6000,9->3,13,1006588,True,False,6.99,6.52,7.93,3,False,False
False,False,5,q,infinity,as_1889,1889,"MEAT, unenumerated","Preserved, otherwise than by Salting",Belgium,Cwts,29680,23680,29680,246406,23680,246406,-6000,9->3,10,515415,True,False,8.3,10.41,3.38,3,False,False
False,False,5,q,infinity,as_1890,1890,"FLOWERS, Artificial","Apples, Raw",Spain,,60171,66171,60171,14581,66171,14581,6000,0->6,9,1855257,True,False,0.24,0.22,0.32,5,False,False
False,False,5,q,infinity,as_1893,1893,WOOD and TIMBER,"Hewn, Unenumerated",Sweden,Loads,1460358,1466358,1460358,2963446,1466358,2963446,6000,0->6,6,3540708,True,False,2.03,2.02,2.27,2,False,False
False,True,5,v,infinity,as_1896,1896,"VEGETABLES, Raw, Unenumerated",,Spain,,93140,99140,0,93140,0,99140,6000,3->9,13,956398,True,False,0,0,0,5,False,False
False,False,5,v,infinity,as_1897,1893,Beef,Eastern Coast of Africa,Holland,,430230,436230,0,430230,0,436230,6000,0->6,13,983210,True,False,0,0,0,10,False,False
False,False,5,q,infinity,as_1897,1893,WOOLLEN YARN,"For Fancy Purposes, including Berlin Wool and Zephyr Yarn",Germany,Lbs,1040093,1046093,1040093,185894,1046093,185894,6000,0->6,4,1320619,True,False,0.18,0.18,0.18,2,False,False
False,False,5,q,infinity,as_1898,1895,WOOL,"Goats' wool, or Hair",British East Indies : Bombay,Lbs,780504,786504,780504,4482,786504,4482,6000,0->6,6,12080144,True,False,0.01,0.01,0.04,3,False,False
False,False,5,v,infinity,as_1898,1894,"CARDS, PLAYING",Currants,Greece,Cwts,850752,856752,1301785,850752,1301785,856752,6000,0->6,3,860400,True,False,0.65,0.66,0.65,2,False,False
False,True,5,v,infinity,as_1898,1895,TOBACCO,Total of all Kinds,Portugal,Gallons,1020198,1026198,3363451,1020198,3363451,1026198,6000,0->6,13,5337262,True,False,0.3,0.31,0.22,8,False,False
False,True,5,q,infinity,as_1899,1895,GOLD,Leaves of,France,Number,4300500,4306500,4300500,8256,4306500,8256,6000,0->6,4,66138410,True,False,0.0,0.0,0.0,3,False,False
False,False,5,q,chandra,as_1874,1874,ANIMALS,Swine,Germany,Number,18527,13527,18527,48710,13527,48710,-5000,8->3,6,115389,True,False,2.63,3.6,3.02,3,False,False
False,False,5,q,chandra,as_1874,1874,"SAUCES or CONDIMENTS, Unenumerated",,Other Countries,,148037,143037,148037,6353,143037,6353,-5000,8->3,4,927373,True,False,0.04,0.04,0.04,2,False,False
False,True,5,q,chandra,as_1884,1884,Fish,Cured or Salted,British North America,Cwts,253354,258354,253354,464268,258354,464268,5000,3->8,14,815983,True,False,1.83,1.8,2.03,7,False,False
False,False,5,v,chandra,as_1886,1886,"DYE STUFFS, and Substances used in Tanning",Dyes obtained from Coal Tar : Aniline,Holland,,228899,223899,0,228899,0,223899,-5000,8->3,6,246032,True,False,0,0,0,2,False,False
False,True,5,q,chandra,as_1892,1892,BEADS OF ALL SORTS,,France,Lbs,28434,23434,28434,4888,23434,4888,-5000,8->3,7,1943013,True,False,0.17,0.21,0.05,4,False,False
False,True,5,v,chandra,as_1894,1894,"COPPER, Ore of",,Venezuela,Tons,8129,3129,1043,8129,1043,3129,-5000,8->3,13,301667,True,False,7.79,3.0,9.02,2,False,False
False,True,5,v,chandra,as_1897,1896,SLATES,Dutch Possessions in Indian Seas,Holland,Lbs,83131,88131,0,83131,0,88131,5000,3->8,7,187170,True,False,0,0,0,3,False,False
False,False,5,v,chandra,as_1898,1897,AMMUNITION,Sheep and Lambs,Argentine Republic,,523607,528607,245217,523607,245217,528607,5000,3->8,4,823486,True,False,2.14,2.16,1.5,3,False,False
False,False,5,q,chandra,as_1898,1897,MEAT,Mutton,Australasia : New Zealand,Cwts,23125,28125,23125,41316,28125,41316,5000,3->8,7,91259,True,False,1.79,1.47,1.63,4,False,False
False,False,5,q,chandra,as_1898,1896,WOOD AND TIMBER,"Sawn or Split, planed or dressed, Fir",Russia,Loads,1653355,1658355,1653355,3464637,1658355,3464637,5000,3->8,11,4460220,True,False,2.1,2.09,2.33,6,False,False
False,False,5,v,chandra,as_1899,1895,MANURES,Guano,Chile,Tons,38425,33425,5632,38425,5632,33425,-5000,8->3,11,337854,True,False,6.82,5.93,6.68,2,False,False
False,True,5,v,chandra,as_1899,1899,SILK,"Manufactures, Broad Stuffs, Silk and Satin",Japan,,63431,68431,0,63431,0,68431,5000,3->8,6,8036762,True,False,0,0,0,3,False,False
False,True,5,q,infinity,as_1872,1872,"SAUCES or CONDIMENTS, unenumerated",,British India,Lbs,118636,113636,118636,4511,113636,4511,-5000,8->3,4,1201573,True,False,0.04,0.04,0.04,4,False,False
False,False,5,v,infinity,as_1885,1885,ZINC,Manufactured,British North America,,58453,53453,0,58453,0,53453,-5000,8->3,7,377855,True,False,0,0,0,3,False,False
False,True,5,v,infinity,as_1890,1890,DYE WOODS,Logwood,Hayti and St. Domingo,Tons,58986,53986,8417,58986,8417,53986,-5000,8->3,3,111373,True,False,7.01,6.41,7.01,2,False,False
False,True,5,v,infinity,as_1890,1890,SILK MANUFACTURES,Unenumerated,Germany,,18975,13975,0,18975,0,13975,-5000,8->3,8,3182370,True,False,0,0,0,6,False,False
False,False,5,v,infinity,as_1895,1895,OIL,Unenumerated,Belgium,,13109,18109,0,13109,0,18109,5000,3->8,6,170728,True,False,0,0,0,4,False,False
False,False,5,q,infinity,as_1896,1896,SPICES,Ginger,Bengal,Cwts,13092,18092,13092,18343,18092,18343,5000,3->8,7,83539,True,False,1.4,1.01,1.92,3,False,False
False,True,5,q,infinity,as_1899,1896,SUGAR,"Hewn, Unenumerated",Sweden,Loads,3715,8715,3715,12255,8715,12255,5000,3->8,7,37035,True,False,3.3,1.41,3.3,5,False,False
False,True,5,q,infinity,as_1899,1898,SUGAR,"Sawn or Split, planed or dressed, Fir",Russia,Loads,1623202,1628202,1623202,3734711,1628202,3734711,5000,3->8,12,4588883,True,False,2.3,2.29,2.5,3,False,False
False,False,5,v,chandra,as_1877,1877,CORK,Unmanufactured,Spain,Tons,5404,9404,300,5404,300,9404,4000,5->9,5,203541,True,True,18.01,31.35,31.9,3,False,False
False,True,5,v,chandra,as_1872,1872,ANIMALS,Sheep and Lambs,Holland,Number,505871,508871,229804,505871,229804,508871,3000,5->8,8,1666874,True,False,2.2,2.21,2.09,5,False,False
False,True,5,v,chandra,as_1872,1872,HEMP,Vegetable Substances applicable to the same uses as Hemp or Flax,Bengal and Burmah,Cwts,4707,1707,2775,4707,2775,1707,-3000,4->1,8,94564,True,False,1.7,0.62,1.48,5,False,False
False,True,5,q,chandra,as_1874,1874,POTATOES,,Germany,Cwts,95599,98599,95599,23465,98599,23465,3000,5->8,7,3986662,True,False,0.25,0.24,0.33,6,False,False
False,True,5,q,chandra,as_1878,1878,PYRITES of IRON or COPPER,,Germany,Tons,5949,8949,5949,11659,8949,11659,3000,5->8,6,579261,True,False,1.96,1.3,2.22,5,False,False
False,False,5,q,chandra,as_1880,1880,SUGAR,Unrefined of all Kinds,Mexico,Cwts,91879,94879,91879,98113,94879,98113,3000,1->4,25,17001613,True,False,1.07,1.03,1.09,18,False,False
False,False,5,v,chandra,as_1880,1880,WOOL,"Alpaca, Vicuna, and Llama",Chili,Lbs,61621,64621,890627,61621,890627,64621,3000,1->4,4,181097,True,False,0.07,0.07,0.07,3,False,False
False,False,5,q,chandra,as_1882,1882,DRUGS,Myrobalans,Madras,Cwts,121948,124948,121948,59659,124948,59659,3000,1->4,5,442994,True,False,0.49,0.48,0.49,4,False,False
False,False,5,v,chandra,as_1883,1883,BACON and HAMS,Bacon,Denmark,Cwts,161543,164543,51871,161543,51871,164543,3000,1->4,9,8201121,True,False,3.11,3.17,2.62,6,False,False
False,True,5,v,chandra,as_1884,1884,PAPER,For Printing or Writing,Belgium,Cwts,65370,68370,42139,65370,42139,68370,3000,5->8,8,317713,True,False,1.55,1.62,1.55,5,False,False
False,True,5,v,chandra,as_1886,1886,Furniture and Hardwoods,"House Frames, Fittings, Joiners' and Cabinet Work",Holland,,51149,54149,0,51149,0,54149,3000,1->4,10,535825,True,False,0,0,0,7,False,False
False,False,5,v,chandra,as_1892,1892,LEATHER MANUFACTURES,Gloves,Holland,Dozen Pairs,844361,841361,794277,844361,794277,841361,-3000,4->1,6,1969649,True,False,1.06,1.06,1.06,5,False,False
False,True,5,q,chandra,as_1894,1894,"SKINS, FURS, and PELTS","Goat, Undressed",Tripoli,Number,21600,24600,21600,1575,24600,1575,3000,1->4,19,4574295,True,False,0.07,0.06,0.11,12,False,False
False,True,5,q,chandra,as_1895,1895,GALLS,,China,,4280,1280,4280,10477,1280,10477,-3000,4->1,4,21378,True,False,2.45,8.19,2.45,2,False,False
False,True,5,v,chandra,as_1899,1897,IRON,"Steel, Unwrought",Sweden,Tons,105835,108835,10128,105835,10128,108835,3000,5->8,8,275814,True,False,10.45,10.75,10.45,5,False,False
False,False,5,q,infinity,as_1873,1873,HATS OR BONNETS,Of Straw,France,Lbs,91152,94152,91152,16157,94152,16157,3000,1->4,5,200258,True,False,0.18,0.17,0.3,5,False,False
False,True,5,q,infinity,as_1873,1873,LINEN YARN,,France,Lbs,141955,144955,141955,6604,144955,6604,3000,1->4,3,603286,True,False,0.05,0.05,0.09,3,False,False
False,False,5,q,infinity,as_1874,1874,ZINC,"Manufactures, Unenumerated",Holland,,61117,64117,61117,90867,64117,90867,3000,1->4,5,252893,True,False,1.49,1.42,1.49,5,False,False
False,False,5,v,infinity,as_1875,1875,LEATHER MANUFACTURES,Boots and Shoes,Germany,Dozen Pairs,31471,34471,9940,31471,9940,34471,3000,1->4,4,240000,True,False,3.17,3.47,3.17,4,False,False
False,True,5,q,infinity,as_1875,1875,Cotton,"Unenumerated, other Sorts",Morocco,Cwts,4539,7539,4539,10610,7539,10610,3000,4->7,10,526323,True,True,2.34,1.41,1.48,7,False,False
False,False,5,v,infinity,as_1875,1875,"SKINS, FURS, and PELTS","Unenumerated, being Furs",United States of America,Number,401855,404855,2115136,401855,2115136,404855,3000,1->4,9,971697,True,False,0.19,0.19,0.1,6,False,False
False,True,5,v,infinity,as_1875,1875,SPICES,Ginger (Raw),British West India Islands,Cwts,51955,54955,15215,51955,15215,54955,3000,1->4,6,163812,True,False,3.41,3.61,3.09,4,False,False
False,True,5,q,infinity,as_1875,1875,WOOL,Sheep or Lambs',Argentine Republic,Lbs,2741849,2744849,2741849,97638,2744849,97638,3000,1->4,28,360903270,True,False,0.04,0.04,0.05,19,False,False
False,True,5,q,infinity,as_1876,1876,"SKINS, FURS, AND PEELTS","Unenumerated, being Furs",Chili,Number,81249,84249,81249,5771,84249,5771,3000,1->4,9,7574936,True,False,0.07,0.07,0.08,6,False,False
False,True,5,v,infinity,as_1877,1877,"PLATINA, Wrought and Unwrought",,Belgium,Oz. Troy,31985,34985,33896,31985,33896,34985,3000,1->4,3,44785,True,False,0.94,1.03,0.73,2,False,False
False,False,5,q,infinity,as_1878,1878,"FLOWERS, ARTIFICIAL",Oranges and Lemons,Spain,Bushels,1801948,1804948,1801948,805890,1804948,805890,3000,1->4,7,3430176,True,False,0.45,0.45,0.45,7,False,False
False,True,5,v,infinity,as_1880,1880,BEEF,Fresh,Other Countries,Cwts,1752,4752,1492,1752,1492,4752,3000,1->4,3,1889730,True,False,1.17,3.18,2.16,3,False,False
False,True,5,v,infinity,as_1880,1880,"CHEMICAL MANUFACTURES and PRODUCTS, Unenumerated",,Italy,,251150,254150,0,251150,0,254150,3000,1->4,9,1139335,True,False,0,0,0,6,False,False
False,True,5,v,infinity,as_1880,1880,WOOL,Sheep and Lambs',France,Lbs,441009,444009,9057016,441009,9057016,444009,3000,1->4,20,26194310,True,False,0.05,0.05,0.05,14,False,False
False,True,5,q,infinity,as_1881,1881,WOOD AND TIMBER,"Hewn, Fir",Russia,Loads,221421,224421,221421,420145,224421,420145,3000,1->4,8,1674359,True,False,1.9,1.87,1.9,5,False,False
False,False,5,v,infinity,as_1881,1881,WOOD AND TIMBER,"Hewn, Teak",British India : Bengal and Burmah,Loads,525815,528815,39693,525815,39693,528815,3000,5->8,3,541669,True,False,13.25,13.32,13.25,3,False,False
False,True,5,q,infinity,as_1882,1882,"ARMS, AND AMMUNITION","Muskets, Rifles, Carbines, Fowling Pieces, or Guns of any other Sorts, not Enumerated; and parts thereof, and Pistols",United States of America,Number,18785,15785,18785,22276,15785,22276,-3000,8->5,6,560653,True,False,1.19,1.41,0.27,4,False,False
False,False,5,q,infinity,as_1882,1882,Corn and Grain,"Meal, Unenumerated",Other Countries,Cwts,31771,34771,31771,9615,34771,9615,3000,1->4,6,181829,True,False,0.3,0.28,0.32,5,False,False
False,False,5,v,infinity,as_1882,1882,SUGAR,Molasses,United States of America,Cwts,61429,64429,141897,61429,141897,64429,3000,1->4,6,91134,True,False,0.43,0.45,0.43,5,False,False
False,False,5,v,infinity,as_1883,1883,"YEAST, Dried",,France,,131277,134277,33847,131277,33847,134277,3000,1->4,6,730823,True,False,3.88,3.97,2.72,5,False,False
False,True,5,v,infinity,as_1885,1885,BUTTER AND BUTTERINE,"NOTE.—The total quantities and value of ""Butterine,"" declared as such, Imported in the year 1885 were",Belgium,,141404,144404,40465,141404,40465,144404,3000,1->4,4,3054519,True,False,3.49,3.57,3.49,3,False,False
False,False,5,v,infinity,as_1885,1885,COTTON MANUFACTURES,Hosiery,Holland,,391401,394401,0,391401,0,394401,3000,1->4,5,441037,True,False,0,0,0,3,False,False
False,True,5,q,infinity,as_1885,1885,"FLOWERS, ARTIFICIAL",Oranges and Lemons,Azores,Bushels,221409,224409,221409,75273,224409,75273,3000,1->4,11,4339373,True,False,0.34,0.34,0.35,9,False,False
False,False,5,q,infinity,as_1888,1888,Corn and Grain,Pease,British East Indies,Cwts,841169,844169,841169,210049,844169,210049,3000,1->4,4,1312602,True,False,0.25,0.25,0.35,3,False,False
False,True,5,v,infinity,as_1888,1888,"POULTRY and GAME, alive or dead",,Holland,,31719,34719,0,31719,0,34719,3000,1->4,9,403428,True,False,0,0,0,5,False,False
False,True,5,q,infinity,as_1889,1889,COTTON,Raw,British East Indies : Bombay and Scinde,,1891781,1894781,1891781,4117979,1894781,4117979,3000,1->4,10,2453161,True,False,2.18,2.17,2.44,7,False,False
False,False,5,v,infinity,as_1890,1890,WOOLLEN MANUFACTURES,Stuffs,Holland,Yards,441152,444152,4812028,441152,4812028,444152,3000,1->4,6,6071663,True,False,0.09,0.09,0.08,2,False,False
False,False,5,v,infinity,as_1891,1891,HOPS,,France,Cwts,91813,94813,15893,91813,15893,94813,3000,1->4,7,960597,True,False,5.78,5.97,5.31,4,False,False
False,True,5,v,infinity,as_1891,1891,LEATHER,Dressed,Belgium,Lbs,41760,44760,290016,41760,290016,44760,3000,1->4,9,2554823,True,False,0.14,0.15,0.14,7,False,False
False,False,5,v,infinity,as_1892,1892,"POULTRY and GAME, alive or dead",,Belgium,,161756,164756,0,161756,0,164756,3000,1->4,10,582420,True,False,0,0,0,6,False,False
False,False,5,q,infinity,as_1893,1893,COCOA,,Brazil,Lbs,2151081,2154081,2151081,68952,2154081,68952,3000,1->4,11,16940587,True,False,0.03,0.03,0.03,11,False,False
False,False,5,v,infinity,as_1895,1895,BACON AND HAMS,Bacon,Denmark,Cwts,2501697,2504697,1013930,2501697,1013930,2504697,3000,1->4,6,7422356,True,False,2.47,2.47,2.47,5,False,False
False,True,5,v,infinity,as_1895,1895,COTTON MANUFACTURES,Unenumerated,Holland,,661126,664126,0,661126,0,664126,3000,1->4,6,1754766,True,False,0,0,0,5,False,False
False,True,5,v,infinity,as_1895,1895,WOOD and TIMBER,"House Frames, Fittings, Joiners' and Cabinet Work",Canada,,15885,18885,0,15885,0,18885,3000,5->8,4,25351,True,False,0,0,0,3,False,False
False,True,5,q,infinity,as_1898,1896,"CHINA, OR PORCELAIN, AND EARTHENWARE",Yarn,Germany,Lbs,4231902,4234902,4231902,208908,4234902,208908,3000,1->4,6,5824357,True,False,0.05,0.05,0.05,4,False,False
False,True,5,q,infinity,as_1899,1897,EGGS,,Morocco,Gt. Hunds,35044,38044,35044,11321,38044,11321,3000,5->8,15,13418393,True,False,0.32,0.3,0.32,11,False,False
False,False,5,v,chandra,as_1880,1880,PAPER,For Printing or Writing,Sweden,Cwts,83078,85078,61527,83078,61527,85078,2000,3->5,8,450352,True,True,1.35,1.38,1.98,6,False,False
False,True,5,q,chandra,as_1896,1896,"COPPER, Ore of","Unwrought, in bars, blocks or slabs, cakes or ingots",Chile,,15349,13349,15349,621436,13349,621436,-2000,5->3,8,52433,True,True,40.49,46.55,46.63,2,False,False
False,True,5,v,infinity,as_1877,1877,"RAGS, WOOLLEN, applicable to other uses than Manure, torn up or not",,Belgium,Tons,236259,234259,6491,236259,6491,234259,-2000,6->4,7,760256,True,True,36.4,36.09,20.21,6,False,False
False,True,5,q,infinity,as_1883,1883,BRIMSTONE,,Belgium,Cwts,3547,5547,3547,2273,5547,2273,2000,3->5,8,877646,True,True,0.64,0.41,0.32,6,False,False
False,True,5,q,infinity,as_1885,1885,GUM,Sewing Machines,Holland,No,3863,5863,3863,38757,5863,38757,2000,3->5,6,85119,True,True,10.03,6.61,3.29,4,False,False
False,False,5,q,infinity,as_1890,1890,NUTS AND KERNELS,Commonly used for expressing oil therefrom,Australasia,Tons,3541,5541,3541,85320,5541,85320,2000,3->5,6,31533,True,True,24.09,15.4,13.39,4,False,False
False,True,5,v,infinity,as_1899,1895,IRON,Of Cotton,Belgium,,98159,96159,0,98159,0,96159,-2000,8->6,5,850695,True,False,0,0,0,4,False,False
False,True,5,v,chandra,as_1878,1878,COPPER,Regulus,United States of America,Tons,19991,18991,433,19991,433,18991,-1000,9->8,9,1151920,True,True,46.17,43.86,37.51,9,False,False
False,True,5,v,chandra,as_1885,1885,SPICES,Unenumerated,Holland,Lbs,29783,28783,387030,29783,387030,28783,-1000,9->8,6,61117,True,True,0.08,0.07,0.02,5,False,False
False,True,5,v,chandra,as_1894,1894,SPICES,Pepper,France,Lbs,3641,2641,265004,3641,265004,2641,-1000,3->2,4,11600,True,False,0.01,0.01,0.01,3,False,False
False,True,5,q,chandra,as_1898,1897,"COPPER, ORE OF",Opium,"Turkey, European",Lbs,243716,242716,243716,119731,242716,119731,-1000,3->2,8,423079,True,False,0.49,0.49,0.47,4,False,False
False,False,5,v,chandra,as_1898,1895,ZINC,"Crude, in cakes",Germany,Tons,309065,308065,20621,309065,20621,308065,-1000,9->8,7,929446,True,True,14.99,14.94,14.89,4,False,False
False,True,5,q,infinity,as_1872,1872,RAGS and other Materials for making Paper,ESPARTO and other Vegetable Fibres,Algeria,Tons,29068,28068,29068,198753,28068,198753,-1000,9->8,7,104621,True,True,6.84,7.08,7.02,3,False,False
False,True,5,v,infinity,as_1872,1872,SILK MANUFACTURES,Silk and Satin,France,,1216957,1215957,0,1216957,0,1215957,-1000,6->5,4,1483828,True,False,0,0,0,4,False,False
False,True,5,v,infinity,as_1885,1885,EGGS,,Belgium,Great Hundreds,709300,708300,2088646,709300,2088646,708300,-1000,9->8,9,2926636,True,True,0.34,0.34,0.34,8,False,False
False,True,5,q,infinity,as_1888,1888,WOOL,Sheep or Lambs',Italy,Lbs,189923,188923,189923,5737,188923,5737,-1000,9->8,21,85680267,True,True,0.03,0.03,0.04,19,False,False
False,True,5,v,infinity,as_1893,1893,"STATIONERY, other than PAPER",STRAW,Germany,,16747,15747,5935,16747,5935,15747,-1000,6->5,8,72923,True,False,2.82,2.65,2.82,4,False,False
False,True,5,q,infinity,as_1898,1897,"CHINA, OR PORCELAIN, AND EARTHENWARE",Yarn,United States of America,Lbs,22952,23952,22952,644,23952,644,1000,2->3,6,4884952,True,False,0.03,0.03,0.05,6,False,False
False,True,5,v,infinity,as_1899,1895,CHEESE,,Australasia : New Zealand,Cwts,176238,175238,74894,176238,74894,175238,-1000,6->5,6,2558571,True,False,2.35,2.34,2.76,5,False,False
False,False,5,v,chandra,as_1898,1894,FEATHERS AND DOWN,Eastern Coast of Africa,British East Indies : Bengal,,15983,15083,34747,15983,34747,15083,-900,9->0,12,549115,True,False,0.46,0.43,0.77,2,False,False
False,False,5,v,chandra,as_1898,1895,NUTS AND KERNELS,"Fish, Sperm or Head-matter",Australasia : Tasmania,,2064,2964,80,2064,80,2964,900,0->9,3,6444,True,False,25.8,37.05,25.8,2,False,False
False,False,5,v,chandra,as_1898,1894,WOOLLEN YARN,"For Weaving, Mixed or not with Silk",Holland,Lbs,11903,11003,135814,11903,135814,11003,-900,9->0,5,1511924,True,False,0.09,0.08,0.09,2,False,False
False,False,5,v,chandra,as_1899,1896,"LACE, and Articles thereof",Of Cotton,Belgium,,107943,107043,0,107943,0,107043,-900,9->0,5,873476,True,False,0,0,0,2,False,False
False,False,5,v,infinity,as_1885,1885,DRUGS,"Bark, Peruvian",France,Cwts,22059,22959,1881,22059,1881,22959,900,0->9,9,157296,True,False,11.73,12.21,10.45,3,False,False
False,False,5,v,infinity,as_1889,1889,GLASS,"Manufactures, unenumerated",United States of America,Cwts,8072,8972,4779,8072,4779,8972,900,0->9,10,1090333,True,False,1.69,1.88,1.57,3,False,False
False,False,5,q,infinity,as_1893,1893,CORK,Manufactured,Portugal,Lbs,4282016,4282916,4282016,217945,4282916,217945,900,0->9,5,9023492,True,False,0.05,0.05,0.07,2,False,False
False,False,5,v,infinity,as_1894,1894,"FARINACEOUS SUBSTANCES and Manufactures therefrom, unenumerated",Ornamental,British West India Islands,Lbs,1021,1921,665,1021,665,1921,900,0->9,9,549115,True,False,1.54,2.89,0.8,2,False,False
False,True,5,v,infinity,as_1897,1893,LEAD,"Unenumerated, Salted or Fresh",Australasia : New South Wales,Cwts,2053,2953,801,2053,801,2953,900,0->9,6,17977,True,False,2.56,3.69,2.56,2,False,False
False,False,5,v,infinity,as_1898,1896,PORK,Fresh,France,Cwts,9080,9980,3642,9080,3642,9980,900,0->9,7,686014,True,False,2.49,2.74,2.45,2,False,False
False,False,5,q,infinity,as_1898,1897,"CARDS, PLAYING",Transparent in the Manufacture of which Spirit has been used,Germany,Lbs,1077,1977,1077,101,1977,101,900,0->9,4,13397,True,False,0.09,0.05,0.09,2,False,False
False,False,5,v,infinity,as_1899,1895,CHEESE,Peas,Australasia : New Zealand,Cwts,9083,9983,19790,9083,19790,9983,900,0->9,8,273081,True,False,0.46,0.5,0.3,2,False,False
False,False,5,v,infinity,as_1899,1895,HONEY,Eastern Coast of Africa,British East Indies : Bombay,,25085,25985,654,25085,654,25985,900,0->9,16,125839,True,False,38.36,39.73,29.66,2,False,False
False,True,5,v,infinity,as_1899,1895,SUGAR,"Unrefined, Beetroot",Germany,Cwts,3235070,3235970,6800760,3235070,6800760,3235970,900,0->9,7,4309903,True,False,0.48,0.48,0.47,2,False,False
False,False,5,q,chandra,as_1874,1874,ALKALI,,Other Countries,Cwt,2916,2216,2916,3397,2216,3397,-700,9->2,7,106576,True,True,1.16,1.53,1.68,2,False,False
False,False,5,q,chandra,as_1883,1883,"SKINS, FURS, and PELTS","Sheep, Undressed",Peru,Number,7220,7920,7220,1692,7920,1692,700,2->9,27,8145431,True,True,0.23,0.21,0.11,10,False,False
False,False,5,v,chandra,as_1897,1894,WOOLLEN YARN,Cloths,Holland,,338293,338993,2020036,338293,2020036,338993,700,2->9,6,466516,True,True,0.17,0.17,0.17,5,False,False
False,False,5,q,chandra,as_1899,1895,CORDAGE,Raw,Australasia,Cwts,1923,1223,1923,2114,1223,2114,-700,9->2,9,468662,True,True,1.1,1.73,1.6,2,False,False
False,False,5,q,infinity,as_1872,1872,BARK,Peruvian,Central America,Cwts,1928,1228,1928,12280,1228,12280,-700,9->2,8,28451,True,True,6.37,10.0,9.29,5,False,False
False,False,5,v,infinity,as_1872,1872,"SAUCES or CONDIMENTS, unenumerated",,Other Countries,Lbs,5923,5223,129323,5923,129323,5223,-700,9->2,4,34696,True,True,0.05,0.04,0.04,2,False,False
False,False,5,v,infinity,as_1873,1873,IRON,"Bars, Unwrought",Denmark,Tons,12928,12228,843,12928,843,12228,-700,9->2,6,988885,True,True,15.34,14.51,13.18,3,False,False
False,True,5,v,infinity,as_1873,1873,OIL,Turpentine (Oil or Spirit of),Other Countries,Cwts,921,221,107,921,107,221,-700,9->2,4,420029,True,True,8.61,2.07,2.06,2,False,False
False,False,5,q,infinity,as_1873,1873,WOOD AND TIMBER,Unenumerated,West Coast of Africa (Foreign),Tons,1958,1258,1958,12733,1258,12733,-700,9->2,15,33433,True,True,6.5,10.12,9.75,7,False,False
False,False,5,q,infinity,as_1874,1874,MANURES,Guano,Patagonia,Tons,1927,1227,1927,8561,1227,8561,-700,9->2,6,112429,True,True,4.44,6.98,8.61,2,False,False
False,True,5,q,infinity,as_1874,1874,MEAT,"Preserved, otherwise than by Salting",United States of America,Cwts,11939,11239,11939,32157,11239,32157,-700,9->2,6,265223,True,True,2.69,2.86,4.43,3,False,False
False,True,5,q,infinity,as_1874,1874,PLUMBAGO,,Germany,Tons,2925,2225,2925,32632,2225,32632,-700,9->2,4,9270,True,True,11.16,14.67,18.0,3,False,False
False,False,5,v,infinity,as_1877,1877,LEAD,Ore,Italy,Tons,102925,102225,6505,102925,6505,102225,-700,9->2,8,196314,True,True,15.82,15.71,14.43,4,False,False
False,False,5,q,infinity,as_1878,1878,ANIMALS,Horses,Holland,Number,2921,2221,2921,74171,2221,74171,-700,9->2,10,26521,True,True,25.39,33.4,37.09,2,False,False
False,False,5,q,infinity,as_1878,1878,GLASS,Flint Glass,Other Countries,Cwts,3924,3224,3924,5751,3224,5751,-700,9->2,5,143727,True,True,1.47,1.78,3.46,3,False,False
False,True,5,q,infinity,as_1880,1880,ANIMALS LIVING,Horses,Belgium,Number,935,235,935,10145,235,10145,-700,9->2,7,9264,True,True,10.85,43.17,34.17,2,False,False
False,False,5,v,infinity,as_1880,1880,"PLATINA, WROUGHT AND UNWROUGHT",Salted (not Hams),Other Countries,Cwts,3915,3215,1631,3915,1631,3215,-700,9->2,5,626421,True,True,2.4,1.97,1.69,4,False,False
False,False,5,v,infinity,as_1882,1882,WOOD AND TIMBER,Mahogany,Other Countries,Tons,22970,22270,2152,22970,2152,22270,-700,9->2,5,355573,True,True,10.67,10.35,9.87,2,False,False
False,True,5,q,infinity,as_1884,1884,GUM,Unenumerated,Portugal,Cwts,1926,1226,1926,2207,1226,2207,-700,9->2,18,98232,True,True,1.15,1.8,3.55,4,False,False
False,True,5,q,infinity,as_1884,1884,"RAGS, AND OTHER MATERIALS, FOR MAKING PAPER",Linen and Cotton Rags,Channel Islands,Tons,982,282,982,3972,282,3972,-700,9->2,15,36233,True,True,4.04,14.09,12.83,4,False,False
False,False,5,v,infinity,as_1897,1896,WOOLLEN YARN,Ore of,Belgium,Tons,5276,5976,1218,5276,1218,5976,700,2->9,10,91340,True,True,4.33,4.91,6.74,3,False,False
False,False,5,v,chandra,as_1872,1872,ZINC,"Manufactures, Unenumerated",France,Cwts,6359,6959,4977,6359,4977,6959,600,3->9,5,327310,True,False,1.28,1.4,1.32,4,False,False
False,True,5,q,chandra,as_1877,1877,COPPER,Unwrought and Part Wrought,Australia,Tons,11610,11010,11610,951759,11010,951759,-600,6->0,8,40216,True,False,81.98,86.44,71.0,3,False,False
False,True,5,q,chandra,as_1880,1880,IRON,Bars,Other Countries,Tons,6624,6024,6624,51133,6024,51133,-600,6->0,3,120021,True,False,7.72,8.49,7.72,2,False,False
False,True,5,v,chandra,as_1880,1880,"SKINS, FURS, and PELTS",Articles manufactured of Skins and Furs,France,,225629,225029,0,225629,0,225029,-600,6->0,4,263399,True,False,0,0,0,2,False,False
False,False,5,v,chandra,as_1882,1882,"SKINS, FURS, and PELTS","Manufactures of, including Rugs",China,,42621,42021,0,42621,0,42021,-600,6->0,4,393663,True,False,0,0,0,3,False,False
False,True,5,v,chandra,as_1883,1883,PRECIOUS STONES (Unset),,United States of America,,6650,6050,0,6650,0,6050,-600,6->0,10,35359,True,False,0,0,0,5,False,False
False,False,5,v,chandra,as_1894,1894,IRON and STEEL,"Iron and Steel, Unwrought",Other Foreign Countries,Tons,991,391,124,991,124,391,-600,9->3,8,76604,True,False,7.99,3.15,8.6,4,False,False
False,False,5,v,chandra,as_1896,1896,WOOL,Mohair,China,Lbs,1960,1360,27300,1960,27300,1360,-600,9->3,5,385517,True,False,0.07,0.05,0.07,2,False,False
False,True,5,v,chandra,as_1897,1897,HATS OR BONNETS,Of Felt,Java,Number,3652,3052,77720,3652,77720,3052,-600,6->0,6,74296,True,False,0.05,0.04,0.15,4,False,False
False,False,5,v,chandra,as_1897,1897,SLATES,"Unrefined, Total",Brazil,Cwts,143682,143082,324957,143682,324957,143082,-600,6->0,22,5347577,True,False,0.44,0.44,0.45,9,False,False
False,False,5,q,chandra,as_1898,1896,FISH (including Turtle),Dressed or undressed,Russia,Tons,57695,57095,57695,1592081,57095,1592081,-600,6->0,9,75947,True,False,27.59,27.88,27.59,2,False,False
False,False,5,v,chandra,as_1898,1894,GLASS,Bottles,Holland,Gross,47044,47644,99811,47044,99811,47644,600,0->6,7,362094,True,False,0.47,0.48,0.47,4,False,False
False,False,5,v,chandra,as_1898,1896,SHELLS of all kinds,"Manufactures, Broad Stuffs, Silk and Satin",China,,8625,8025,0,8625,0,8025,-600,6->0,6,9576488,True,False,0,0,0,2,False,False
False,True,5,v,chandra,as_1898,1895,WOOL,"Alpaca, Vicuña, and Llama",Chile,,34031,34631,404040,34031,404040,34631,600,0->6,4,290797,True,False,0.08,0.09,0.07,2,False,False
False,True,5,v,chandra,as_1899,1895,"HORNS, tips and pieces of Horns and Hoofs",Eastern Coast of Africa,Cape of Good Hope,,14017,14617,286,14017,286,14617,600,0->6,16,125839,True,False,49.01,51.11,29.66,7,False,False
False,False,5,v,chandra,as_1899,1897,Cotton,Rape,Holland,Quarters,4026,4626,1913,4026,1913,4626,600,0->6,9,137506,True,False,2.1,2.42,1.5,4,False,False
False,False,5,v,infinity,as_1876,1876,"ARMS, AMMUNITION, AND MILITARY STORES","Muskets, Rifles, and Guns of any other Sort, and Pistols",United States of America,Number,57914,57314,46616,57914,46616,57314,-600,9->3,6,158727,True,False,1.24,1.23,1.91,2,False,False
False,True,5,q,infinity,as_1876,1876,LEATHER MANUFACTURES,Boots and Shoes,France,Dozen Pairs,75032,75632,75032,213793,75632,213793,600,0->6,5,109896,True,False,2.85,2.83,2.9,3,False,False
False,False,5,q,infinity,as_1876,1876,Cotton,"Garden, Unenumerated",Belgium,Lbs,8983,8383,8983,4981,8383,4981,-600,9->3,6,889718,True,False,0.55,0.59,0.05,4,False,False
False,False,5,v,infinity,as_1877,1877,OIL,"Chemical, Essential, or Perfumed",China,Lbs,23998,23398,93983,23998,93983,23398,-600,9->3,8,237484,True,False,0.26,0.25,0.4,3,False,False
False,True,5,q,infinity,as_1877,1877,PORK,Fresh,Belgium,Cwts,6077,6677,6077,18176,6677,18176,600,0->6,4,8754,True,False,2.99,2.72,3.01,3,False,False
False,False,5,v,infinity,as_1884,1884,HAIR,"Cow, Ox, Bull, or Elk",France,Cwts,22934,22334,20644,22934,20644,22334,-600,9->3,9,62937,True,False,1.11,1.08,1.25,4,False,False
False,False,5,v,infinity,as_1890,1890,IRON,"Sewing Machines, and Parts thereof",France,,1024,1624,0,1024,0,1624,600,0->6,6,237192,True,False,0,0,0,3,False,False
False,False,5,q,infinity,as_1894,1894,FRUIT,Unenumerated : Dried,Gibraltar,,1959,1359,1959,4649,1359,4649,-600,9->3,3,3923,True,False,2.37,3.42,1.81,3,False,False
False,False,5,q,infinity,as_1894,1894,IRON and STEEL,"Iron, Ore of (including Chrome)",Russia,Tons,2900,2300,2900,4600,2300,4600,-600,9->3,12,4412628,True,False,1.59,2.0,0.79,3,False,False
False,False,5,v,infinity,as_1895,1895,Bark,Aniline,Holland,,272085,272685,0,272085,0,272685,600,0->6,5,376320,True,False,0,0,0,2,False,False
False,True,5,v,infinity,as_1897,1896,Beef,"Unenumerated, Old, fit only to be Re-manufactured—cont.",British Guiana,Tons,2004,2604,73,2004,73,2604,600,0->6,8,9704,True,False,27.45,35.67,21.67,2,False,False
False,False,5,v,infinity,as_1898,1895,LEATHER,Dressed,Holland,,280075,280675,15153,280075,15153,280675,600,0->6,9,3156321,True,False,18.48,18.52,15.59,4,False,False
False,False,5,v,infinity,as_1898,1895,METAL,"Leaf, not Gold",Germany,Packets,8061,8661,72341,8061,72341,8661,600,0->6,4,18173,True,False,0.11,0.12,0.11,2,False,False
False,True,5,v,infinity,as_1898,1897,SUGAR,"Manufactures of, unenumerated",Germany,,4094,4694,0,4094,0,4694,600,0->6,5,6974,True,False,0,0,0,2,False,False
False,True,5,q,infinity,as_1899,1898,CHEESE,Buckwheat,Russia,Cwts,9200,9800,9200,2883,9800,2883,600,2->8,4,110640,True,True,0.31,0.29,0.29,2,False,False
False,False,5,v,infinity,as_1899,1896,SUGAR,"Unrefined, Beetroot",Austrian Territories,Cwts,42071,42671,80466,42071,80466,42671,600,0->6,7,4168484,True,False,0.52,0.53,0.51,5,False,False
False,True,5,v,infinity,as_1899,1896,SUGAR,"Sawn or Split, planed or dressed, Fir",New Zealand,Loads,41069,41669,6824,41069,6824,41669,600,0->6,5,3327643,True,False,6.02,6.11,2.66,3,False,False
False,True,5,v,chandra,as_1876,1876,ICE,INDIGO,Bengal and Burmah,Cwts,1384375,1384875,53905,1384375,53905,1384875,500,3->8,12,2130568,True,False,25.68,25.69,23.26,6,False,False
False,False,5,v,chandra,as_1882,1882,LINEN,MANUFACTURES,United States of America,,14322,14822,0,14322,0,14822,500,3->8,7,294297,True,False,0,0,0,4,False,False
False,True,5,v,chandra,as_1886,1886,COTTON,Raw,Germany,,13811,13311,5029,13811,5029,13311,-500,8->3,14,34442176,True,False,2.75,2.65,2.75,6,False,False
False,True,5,q,chandra,as_1886,1886,SUGAR,"Refined, other Sorts, including Candy",Belgium,Cwts,27803,27303,27803,28161,27303,28161,-500,8->3,7,4656061,True,False,1.01,1.03,0.82,5,False,False
False,True,5,v,chandra,as_1887,1887,"DYE STUFFS, and Substances used in Tanning",Extracts,France,,198895,198395,0,198895,0,198395,-500,8->3,7,363247,True,False,0,0,0,5,False,False
False,False,5,q,chandra,as_1888,1888,METAL,"Leaf, not Gold",Other Foreign Countries,Packet,8338,8838,8338,800,8838,800,500,3->8,3,98162,True,False,0.1,0.09,0.1,2,False,False
False,False,5,v,chandra,as_1889,1889,"FARINACEOUS SUBSTANCES, and Manufactures thereof, unenumerated",,Austrian Territories,,18367,18867,0,18367,0,18867,500,3->8,8,632488,True,False,0,0,0,3,False,False
False,False,5,v,chandra,as_1890,1890,LINEN,Manufactures,Other Foreign Countries,,348,848,0,348,0,848,500,3->8,7,431315,True,False,0,0,0,7,False,False
False,False,5,v,chandra,as_1894,1894,FEATHERS AND DOWN,Ornamental,Venezuela,Lbs,11360,11860,749,11360,749,11860,500,3->8,11,432344,True,False,15.17,15.83,0.62,6,False,False
False,False,5,v,chandra,as_1894,1894,HAIR,Unenumerated,Other Foreign Countries,,3347,3847,0,3347,0,3847,500,3->8,10,257098,True,False,0,0,0,5,False,False
False,False,5,q,chandra,as_1894,1894,HATS OR BONNETS,Of Straw,Japan,Lbs,10370,10870,10370,777,10870,777,500,3->8,5,687156,True,False,0.07,0.07,0.14,3,False,False
False,False,5,v,chandra,as_1894,1894,TIN,Manufactures of,France,,2353,2853,0,2353,0,2853,500,3->8,4,13086,True,False,0,0,0,3,False,False
False,False,5,v,chandra,as_1895,1895,EMBROIDERY and NEEDLEWORK,,Germany,,11809,11309,0,11809,0,11309,-500,8->3,5,685556,True,False,0,0,0,4,False,False
False,False,5,v,chandra,as_1898,1897,WOOLLEN YARN,Stuffs,Germany,,162352,162852,1951717,162352,1951717,162852,500,3->8,6,5964186,True,False,0.08,0.08,0.08,3,False,False
False,True,5,q,chandra,as_1899,1897,Cotton,Flax or Linseed,Roumania,Quarters,37370,37870,37370,58593,37870,58593,500,3->8,15,1381749,True,False,1.57,1.55,1.62,8,False,False
False,True,5,v,infinity,as_1872,1872,BEEF,Salted,United States of America,Cwts,277813,277313,161431,277813,161431,277313,-500,8->3,7,335435,True,False,1.72,1.72,1.86,3,False,False
False,True,5,v,infinity,as_1879,1879,COTTON MANUFACTURES,"DYE STUFFS, Unenumerated",New Granada,Cwts,21833,21333,28638,21833,28638,21333,-500,8->3,10,396252,True,False,0.76,0.74,1.44,5,False,False
False,False,5,v,infinity,as_1884,1884,FEATHERS,Ornamental,Other Countries,Lbs,5824,5324,5494,5824,5494,5324,-500,8->3,18,2101533,True,False,1.06,0.97,1.08,11,False,False
False,False,5,v,infinity,as_1884,1884,WOOL,Goats' Wool or Hair,Other Countries,Lbs,3826,3326,103217,3826,103217,3326,-500,8->3,10,1299930,True,False,0.04,0.03,0.04,8,False,False
False,False,5,v,infinity,as_1885,1885,WOOD AND TIMBER,Oak,France,Loads,3871,3371,616,3871,616,3371,-500,8->3,7,459917,True,False,6.28,5.47,5.99,4,False,False
False,False,5,v,infinity,as_1886,1886,DRUGS,Bark Peruvian,Holland,Cwts,20879,20379,3808,20879,3808,20379,-500,8->3,9,167688,True,False,5.48,5.35,6.86,7,False,False
False,False,5,q,infinity,as_1886,1886,"MEAT, UNENUMERATED",Salted or Fresh,France,Cwts,5831,5331,5831,20339,5331,20339,-500,8->3,7,40747,True,False,3.49,3.82,2.12,5,False,False
False,False,5,v,infinity,as_1886,1886,ZINC,Manufactured,Holland,,680831,680331,0,680831,0,680331,-500,8->3,16,4286887,True,False,0,0,0,9,False,False
False,False,5,q,infinity,as_1887,1887,LEAD,Manufactures,France,,1887,1387,1887,2138,1387,2138,-500,8->3,4,5773,True,False,1.13,1.54,1.06,4,False,False
False,False,5,v,infinity,as_1887,1887,"SKINS, FURS, and PELTS",Seal,Sweden,Number,1820,1320,4345,1820,4345,1320,-500,8->3,10,431515,True,False,0.42,0.3,0.61,5,False,False
False,False,5,v,infinity,as_1887,1887,WOOD and TIMBER,Staves,Russia,Loads,64800,64300,31511,64800,31511,64300,-500,8->3,7,538708,True,False,2.06,2.04,3.69,4,False,False
False,False,5,v,infinity,as_1888,1888,"ANIMALS, LIVING","Swords, Cutlasses, Matchets, Bayonets",Germany,Cwts,830,330,193,830,193,330,-500,8->3,5,5976,True,False,4.3,1.71,3.93,3,False,False
False,True,5,v,infinity,as_1888,1888,Corn and Grain,Pease,Other Foreign Countries,Cwts,2855,2355,7360,2855,7360,2355,-500,8->3,8,339311,True,False,0.39,0.32,0.37,5,False,False
False,True,5,q,infinity,as_1888,1888,GUM,Arabic,Aden,Cwts,3852,3352,3852,15423,3352,15423,-500,8->3,5,54171,True,False,4.0,4.6,4.0,2,False,False
False,True,5,v,infinity,as_1888,1888,"SUGAR, Refined",Unrefined : Beetroot,Belgium,Cwts,437831,437331,694302,437831,694302,437331,-500,8->3,7,4099470,True,False,0.63,0.63,0.66,5,False,False
False,True,5,v,infinity,as_1888,1888,"SUGAR, Unrefined",Molasses,United States of America,Cwts,85809,85309,278682,85809,278682,85309,-500,8->3,3,87499,True,False,0.31,0.31,0.41,2,False,False
False,False,5,q,infinity,as_1889,1889,COTTON MANUFACTURES,Other than Muslins,France,Yards,778855,778355,778855,20266,778355,20266,-500,8->3,6,33689909,True,False,0.03,0.03,0.02,4,False,False
False,False,5,v,infinity,as_1889,1889,METAL,Unenumerated: Unwrought,Japan,Tons,14873,14373,509,14873,509,14373,-500,8->3,9,173900,True,False,29.22,28.24,67.3,5,False,False
False,False,5,v,infinity,as_1889,1889,"RAGS, and other MATERIALS for MAKING PAPER","Other Materials, and Pulp of Rags",Egypt,Tons,4855,4355,741,4855,741,4355,-500,8->3,11,296791,True,False,6.55,5.88,7.05,8,False,False
False,False,5,v,infinity,as_1890,1890,HAIR,Unenumerated,Russia,,65823,65323,0,65823,0,65323,-500,8->3,10,218731,True,False,0,0,0,8,False,False
False,False,5,v,infinity,as_1890,1890,LEATHER MANUFACTURES,Gloves,Denmark,Dozen Pairs,14886,14386,14533,14886,14533,14386,-500,8->3,7,1749635,True,False,1.02,0.99,1.05,4,False,False
False,True,5,v,infinity,as_1890,1890,MANURES,Phosphate of Lime and Rock,United States of America,Tons,447858,447358,177283,447858,177283,447358,-500,8->3,9,767206,True,False,2.53,2.52,2.97,3,False,False
False,True,5,v,infinity,as_1890,1890,OIL,Animal,United States of America,Cwts,144846,144346,77588,144846,77588,144346,-500,8->3,6,176048,True,False,1.87,1.86,1.87,3,False,False
False,True,5,q,infinity,as_1890,1890,"PERFUMERY, and Articles used in the Manufacture thereof",,Other British Possessions,,825,325,825,147,325,147,-500,8->3,3,41185,True,False,0.18,0.45,0.21,2,False,False
False,True,5,q,infinity,as_1890,1890,SPICES,Ginger,Hong Kong,,862,362,862,800,362,800,-500,8->3,5,30250,True,False,0.93,2.21,1.0,2,False,False
False,False,5,q,infinity,as_1890,1890,WOOL,"Alpaca, Vicuña, and Llama",Peru,Lbs,3114836,3114336,3114836,190703,3114336,190703,-500,8->3,3,3791922,True,False,0.06,0.06,0.06,3,False,False
False,False,5,q,infinity,as_1890,1890,ZINC,"Crude, in Cakes",Holland,Tons,19832,19332,19832,445877,19332,445877,-500,8->3,8,55725,True,False,22.48,23.06,22.48,4,False,False
False,True,5,v,infinity,as_1892,1892,GLASS,"Plate, Fluted, Rolled, or Rough",Holland,Cwts,3864,3364,4077,3864,4077,3364,-500,8->3,5,88132,True,False,0.95,0.83,1.71,3,False,False
False,False,5,v,infinity,as_1892,1892,TIN,Not containing Alcohol,Germany,,2839,2339,0,2839,0,2339,-500,8->3,5,24885,True,False,0,0,0,4,False,False
False,False,5,q,infinity,as_1893,1893,COCOA,"Unenumerated, Sweetened or Mixed (Tested)",Denmark,Proof Gallons,3866,3366,3866,5097,3366,5097,-500,8->3,8,62750,True,False,1.32,1.51,1.32,5,False,False
False,False,5,v,infinity,as_1893,1893,CHEMICAL MANUFACTURES and PRODUCTS,,Belgium,,56827,56327,0,56827,0,56327,-500,8->3,10,1344844,True,False,0,0,0,8,False,False
False,True,5,v,infinity,as_1893,1893,HAIR,"Cow, Ox, Bull, or Elk",Italy,Cwts,3835,3335,2918,3835,2918,3335,-500,8->3,9,94320,True,False,1.31,1.14,1.31,4,False,False
False,False,5,v,infinity,as_1893,1893,SUGAR,Unrefined : Total of,France,Cwts,623801,623301,811954,623801,811954,623301,-500,8->3,20,9571726,True,False,0.77,0.77,0.77,10,False,False
False,True,5,v,infinity,as_1894,1894,FRUIT,Unenumerated : Dried,United States of America,,27827,27327,13875,27827,13875,27327,-500,8->3,8,265157,True,False,2.01,1.97,2.01,4,False,False
False,False,5,q,infinity,as_1894,1894,"HIDES, Raw, and Pieces thereof",Dry,Republic of Colombia,Cwts,6821,6321,6821,16737,6321,16737,-500,8->3,20,112912,True,False,2.45,2.65,2.47,7,False,False
False,True,5,v,infinity,as_1894,1894,Beef,Mutton,Argentine Republic,Cwts,2813,2313,1347,2813,1347,2313,-500,8->3,3,10141,True,False,2.09,1.72,2.09,2,False,False
False,True,5,v,infinity,as_1894,1894,PAPER,Linen and Cotton Rags,Holland,Tons,27894,27394,3074,27894,3074,27394,-500,8->3,8,188092,True,False,9.07,8.91,9.07,3,False,False
False,False,5,q,infinity,as_1896,1896,WOOLLEN MANUFACTURES,Stuffs,Holland,Yards,3791834,3791334,3791834,349934,3791334,349934,-500,8->3,5,81907862,True,False,0.09,0.09,0.08,4,False,False
False,False,5,q,infinity,as_1898,1898,SPIRITS,"Rum, Imitation",Germany,Proof Gallons,15363,15863,15363,921,15863,921,500,3->8,4,17297,True,False,0.06,0.06,0.12,3,False,False
False,True,5,v,chandra,as_1891,1891,OIL,Seed,United States of America,Tons,107584,107984,5283,107584,5283,107984,400,5->9,9,608470,True,True,20.36,20.44,26.95,5,False,False
False,True,5,q,chandra,as_1897,1895,GLASS,Leaves of,Germany,Number,13510,13910,13510,47,13910,47,400,5->9,4,66138410,True,True,0.0,0.0,0.0,4,False,False
False,False,5,q,infinity,as_1886,1886,CONFECTIONERY,Regulus and Precipitate,Other Foreign Countries,Tons,576,176,576,4557,176,4557,-400,5->1,9,65815,True,True,7.91,25.89,21.53,5,False,False
False,True,5,v,chandra,as_1873,1873,ZINC,Manufactured,France,,1794181,1794481,0,1794181,0,1794481,300,1->4,17,4220624,True,False,0,0,0,14,False,False
False,False,5,v,chandra,as_1874,1874,Horse,Unenumerated,Russia,,26528,26828,0,26528,0,26828,300,5->8,9,293066,True,False,0,0,0,5,False,False
False,True,5,v,chandra,as_1874,1874,"PLATINA, Wrought and Unwrought",,Russia,Oz. Troy,43540,43840,50532,43540,50532,43840,300,5->8,4,55434,True,False,0.86,0.87,0.86,3,False,False
False,True,5,v,chandra,as_1878,1878,"FLOWERS, ARTIFICIAL","Nuts, principally used as Fruit",Spain,,143506,143806,0,143506,0,143806,300,5->8,10,467905,True,False,0,0,0,9,False,False
False,True,5,q,chandra,as_1878,1878,"ORE, Unenumerated",,Portugal,Tons,522,822,522,11923,822,11923,300,5->8,8,5983,True,False,22.84,14.5,24.19,8,False,False
False,True,5,v,chandra,as_1878,1878,QUICKSILVER (Metallic),,Portugal,Lbs,267362,267662,2856050,267362,2856050,267662,300,3->6,4,302919,True,True,0.09,0.09,0.1,4,False,False
False,True,5,v,chandra,as_1879,1879,BARK,Extracts of Bark or other Substances to be used in Tanning or Dyeing,France,,83169,83469,0,83169,0,83469,300,1->4,6,484380,True,False,0,0,0,5,False,False
False,True,5,v,chandra,as_1879,1879,OIL,"Chemical, Essential, or Perfumed",Turkey,Lbs,9542,9842,1366,9542,1366,9842,300,5->8,8,194540,True,False,6.99,7.2,0.41,6,False,False
False,True,5,q,chandra,as_1880,1880,WOOD and TIMBER,"Hewn, Fir : Oak",British North America,Loads,44588,44888,44588,277915,44888,277915,300,5->8,7,98499,True,False,6.23,6.19,7.35,5,False,False
False,True,5,q,chandra,as_1881,1881,FISH,Cured or Salted,Norway,Cwts,212568,212868,212568,177720,212868,177720,300,5->8,9,994466,True,False,0.84,0.83,2.09,7,False,False
False,True,5,q,chandra,as_1882,1882,PYRITES of IRON or COPPER,,Spain,Tons,497507,497807,497507,1114505,497807,1114505,300,5->8,3,627700,True,False,2.24,2.24,2.24,2,False,False
False,True,5,v,chandra,as_1882,1882,SILK,"Thrown, dyed or not",France,Lbs,337991,337691,279462,337991,279462,337691,-300,9->6,3,351253,True,True,1.21,1.21,1.02,3,False,False
False,True,5,q,chandra,as_1883,1883,"SKINS, FURS, and PELTS",Furs,Other Countries,Number,15599,15899,15599,841,15899,841,300,5->8,17,28137880,True,False,0.05,0.05,0.07,15,False,False
False,False,5,v,chandra,as_1884,1884,BRIMSTONE,,Belgium,Cwts,2167,2467,5942,2167,5942,2467,300,1->4,4,193094,True,False,0.36,0.42,0.36,2,False,False
False,True,5,v,chandra,as_1884,1884,LINEN,MANUFACTURES,France,,53566,53866,0,53566,0,53866,300,5->8,7,319772,True,False,0,0,0,4,False,False
False,True,5,v,chandra,as_1884,1884,GIL,"Sperm, or Head Matter",Portugal,Tuns,3560,3860,59,3560,59,3860,300,5->8,7,82602,True,False,60.34,65.42,60.34,6,False,False
False,True,5,v,chandra,as_1892,1892,OIL,Chemical. Essential. or Perfumed,Turkey,Lbs,9571,9871,1141,9571,1141,9871,300,5->8,9,207647,True,False,8.39,8.65,0.35,7,False,False
False,True,5,q,chandra,as_1893,1893,"HIDES, Raw, and Pieces thereof",Wet,Australasia : Queensland,Cwts,17106,17406,17106,23789,17406,23789,300,1->4,14,103359,True,False,1.39,1.37,1.61,8,False,False
False,True,5,v,chandra,as_1894,1894,ARMS AND AMMUNITION,"Swords, Cutlasses, Bayonets",Italy,Cwts,2552,2852,795,2552,795,2852,300,5->8,5,8484,True,False,3.21,3.59,3.21,5,False,False
False,False,5,v,chandra,as_1896,1896,WAX,,Italy,Cwts,6511,6811,1118,6511,1118,6811,300,5->8,10,162023,True,False,5.82,6.09,5.78,8,False,False
False,True,5,q,chandra,as_1896,1896,WOOD and TIMBER,"Hewn, Oak",Norway,Loads,553,853,553,2626,853,2626,300,5->8,6,118613,True,False,4.75,3.08,5.9,4,False,False
False,True,5,v,chandra,as_1897,1893,CORDAGE,"Cables (not of Iron), Twine, and Cable Yarn",British East Indies : Bombay,,19532,19832,0,19532,0,19832,300,5->8,6,185475,True,False,0,0,0,5,False,False
False,True,5,v,chandra,as_1897,1895,LEAD,Phosphate of Lime and Rock,Norway,,1500,1800,400,1500,400,1800,300,5->8,12,628539,True,False,3.75,4.5,1.99,8,False,False
False,False,5,v,chandra,as_1897,1895,SALTPETRE (Nitrate of Potash),Rape,Germany,Quarters,17502,17802,11491,17502,11491,17802,300,5->8,9,240025,True,False,1.52,1.55,1.44,7,False,False
False,False,5,q,chandra,as_1897,1893,SLATES,"Refined, or rendered by any process equal thereto : In Lumps and Loaves",Holland,,821574,821874,821574,786954,821874,786954,300,5->8,6,2305171,True,False,0.96,0.96,0.99,5,False,False
False,False,5,q,chandra,as_1899,1897,"ANIMALS, LIVING","Swords, Cutlasses, Matchets, Bayonets",Belgium,Cwts,532,832,532,1113,832,1113,300,5->8,5,2029,True,False,2.09,1.34,2.65,4,False,False
False,True,5,v,chandra,as_1899,1897,FRUIT,Figs and Fig Cake,Other Foreign Countries,Cwts,1508,1808,1641,1508,1641,1808,300,5->8,8,212440,True,False,0.92,1.1,0.91,5,False,False
False,True,5,v,infinity,as_1872,1872,MANURES,Unenumerated,"Portugal, Azores, and Madeira",Tons,61198,61498,15656,61198,15656,61498,300,1->4,9,420739,True,False,3.91,3.93,3.79,6,False,False
False,True,5,v,infinity,as_1872,1872,OIL,Unenumerated,British North America,,6198,6498,0,6198,0,6498,300,1->4,10,226300,True,False,0,0,0,10,False,False
False,True,5,v,infinity,as_1873,1873,BARK,"For Tanners' or Dyers' Use, Unenumerated",United States of America,Cwts,16577,16877,37500,16577,37500,16877,300,5->8,7,176997,True,False,0.44,0.45,0.42,7,False,False
False,True,5,v,infinity,as_1873,1873,"Hides, not Tanned, Tawed, Curried, or in any way Dressed",Dry,Denmark,Cwts,16508,16808,2961,16508,2961,16808,300,5->8,19,2429946,True,False,5.58,5.68,3.83,13,False,False
False,False,5,v,infinity,as_1874,1874,Copper,Unwrought and Part Wrought,Australia,Tons,914173,914473,10274,914173,10274,914473,300,1->4,8,3136140,True,False,88.98,89.01,82.4,7,False,False
False,False,5,q,infinity,as_1874,1874,Corn and Grain,Oatmeal,United States of America,Cwts,5526,5826,5526,4325,5826,4325,300,5->8,3,41177,True,False,0.78,0.74,0.83,3,False,False
False,True,5,q,infinity,as_1874,1874,"HIDES, not Tanned, Tawed, Curried, or in any way Dressed","Varnished, Japanned, or Enamelled",Germany,Lbs,88192,88492,88192,23383,88492,23383,300,1->4,5,352843,True,False,0.27,0.26,0.27,5,False,False
False,True,5,v,infinity,as_1874,1874,"PLATINA, Wrought and Unwrought",,Germany,Oz. Troy,4130,4430,4919,4130,4919,4430,300,1->4,4,55434,True,False,0.84,0.9,0.84,2,False,False
False,True,5,q,infinity,as_1875,1875,COPPER,Ore,Italy,Tons,8192,8492,8192,83956,8492,83956,300,1->4,14,53663,True,False,10.25,9.89,12.55,7,False,False
False,True,5,q,infinity,as_1875,1875,COTTON,Raw,Spain,Cwts,37140,37440,37140,94025,37440,94025,300,1->4,22,13324564,True,False,2.53,2.51,3.37,17,False,False
False,True,5,q,infinity,as_1878,1878,BARK,Peruvian,France,Cwts,1518,1818,1518,22096,1818,22096,300,5->8,11,53886,True,False,14.56,12.15,15.57,8,False,False
False,True,5,v,infinity,as_1878,1878,MANURES,Guano,Peru,Tons,1469105,1469405,127813,1469105,127813,1469405,300,1->4,8,1806573,True,False,11.49,11.5,8.3,6,False,False
False,False,5,q,infinity,as_1879,1879,ANIMALS,Horses,Holland,Number,2175,2475,2175,53450,2475,53450,300,1->4,10,15246,True,False,24.57,21.6,41.8,8,False,False
False,False,5,v,infinity,as_1879,1879,EMBROIDERY and NEEDLEWORK,,France,,15125,15425,0,15125,0,15425,300,1->4,4,48038,True,False,0,0,0,4,False,False
False,False,5,v,infinity,as_1879,1879,OIL,Coco-nut,Madras,Cwts,122160,122460,59479,122160,59479,122460,300,1->4,5,398065,True,False,2.05,2.06,2.0,5,False,False
False,False,5,v,infinity,as_1879,1879,OIL,Olive,Italy,Tuns,763150,763450,16474,763150,16474,763450,300,1->4,7,1179021,True,False,46.32,46.34,43.93,6,False,False
False,True,5,v,infinity,as_1879,1879,SPICES,Unenumerated,Straits Settlements,Lbs,110102,110402,1121179,110102,1121179,110402,300,1->4,9,397776,True,False,0.1,0.1,0.05,6,False,False
False,True,5,v,infinity,as_1880,1880,ANIMALS LIVING,Sheep and Lambs,British North America,,172408,172108,78074,172408,78074,172108,-300,4->1,8,2266136,True,False,2.21,2.2,2.21,5,False,False
False,True,5,v,infinity,as_1880,1880,ANIMALS LIVING,Unenumerated,Germany,,3107,3407,0,3107,0,3407,300,1->4,6,36646,True,False,0,0,0,5,False,False
False,True,5,q,infinity,as_1880,1880,BACON AND HAMS,Hams,United States of America,Cwts,938510,938810,938510,2178264,938810,2178264,300,5->8,4,947566,True,False,2.32,2.32,3.52,3,False,False
False,True,5,q,infinity,as_1880,1880,FEATHERS,Cured or Salted,Norway,Cwts,128125,128425,128125,109661,128425,109661,300,1->4,9,792697,True,False,0.86,0.85,1.79,4,False,False
False,True,5,v,infinity,as_1880,1880,SPICES,Ginger (Raw),British India: Bombay and Scinde,Cwts,45528,45828,23249,45528,23249,45828,300,5->8,6,109545,True,False,1.96,1.97,1.96,4,False,False
False,True,5,q,infinity,as_1881,1881,Iron,"Manufactures of Iron and Steel, Unenumerated",Sweden,Cwts,533183,533483,533183,366648,533483,366648,300,1->4,9,3506926,True,False,0.69,0.69,1.16,8,False,False
False,True,5,q,infinity,as_1882,1882,PAPER,Millboard and Pasteboard,Germany,Cwts,234114,234414,234114,121160,234414,121160,300,1->4,5,602517,True,False,0.52,0.52,0.63,4,False,False
False,True,5,q,infinity,as_1883,1883,WOOL,Goats' Wool or Hair,China,Lbs,242144,242444,242144,12882,242444,12882,300,1->4,9,13364822,True,False,0.05,0.05,0.05,5,False,False
False,True,5,v,infinity,as_1884,1884,"CORDAGE, TWINE, and CABLE YARN",,Russia (Northern Ports),,75514,75814,0,75514,0,75814,300,5->8,14,518678,True,False,0,0,0,9,False,False
False,True,5,v,infinity,as_1885,1885,ANIMALS LIVING,"Rockets, and other Combustibles for purposes of War, Explosives, Percussion Caps, and Ammunition, Unenumerated",France,,11587,11887,0,11587,0,11887,300,5->8,6,162342,True,False,0,0,0,5,False,False
False,True,5,q,infinity,as_1885,1885,BEANS OF ALL SORTS,,Austrian Territories,Lbs,55196,55496,55196,1555,55496,1555,300,1->4,7,1566536,True,False,0.03,0.03,0.05,6,False,False
False,True,5,v,infinity,as_1885,1885,Bark,"Madder, Madder Root, Garancine, and Munjeet",Holland,Cwts,20186,20486,12771,20186,12771,20486,300,1->4,5,36825,True,False,1.58,1.6,1.4,4,False,False
False,True,5,v,infinity,as_1885,1885,PARAFFINE,,Germany,,3154,3454,1487,3154,1487,3454,300,1->4,3,410792,True,False,2.12,2.32,1.78,2,False,False
False,False,5,v,infinity,as_1885,1885,ZINC,Ore of,Germany,Tons,3184,3484,631,3184,631,3484,300,1->4,8,92265,True,False,5.05,5.52,5.05,5,False,False
False,False,5,v,infinity,as_1885,1885,ZINC,Manufactured,Egypt,,2157,2457,0,2157,0,2457,300,1->4,20,5799060,True,False,0,0,0,15,False,False
False,True,5,v,infinity,as_1887,1887,WOOLLEN MANUFACTURES,Unenumerated,Turkey,,174108,174408,0,174108,0,174408,300,1->4,9,2442925,True,False,0,0,0,8,False,False
False,False,5,v,infinity,as_1889,1889,"ANIMALS, LIVING",Unenumerated,British East Indies,,4185,4485,0,4185,0,4485,300,1->4,3,5224,True,False,0,0,0,3,False,False
False,True,5,v,infinity,as_1889,1889,HAIR,Unenumerated,Other Foreign Countries,,2153,2453,0,2153,0,2453,300,1->4,9,347556,True,False,0,0,0,5,False,False
False,True,5,v,infinity,as_1890,1890,"ANIMALS, LIVING","Cannon and Mortars, and parts thereof",Other Foreign Countries,,2187,2487,0,2187,0,2487,300,1->4,5,66741,True,False,0,0,0,4,False,False
False,True,5,v,infinity,as_1891,1891,ANIMALS. LIVING,"Rockets and other Combustibles for purposes of War; Explosives. Percussion Caps, and Ammunition unenumerated",France,,9160,9460,0,9160,0,9460,300,1->4,7,100927,True,False,0,0,0,7,False,False
False,False,5,v,infinity,as_1891,1891,FLAX,Tow or Codilla of,France,Cwt,6164,6464,7246,6164,7246,6464,300,1->4,5,189055,True,False,0.85,0.89,0.85,3,False,False
False,True,5,v,infinity,as_1892,1892,OIL,Unenumerated,British East Indies,,1160,1460,0,1160,0,1460,300,1->4,3,20559,True,False,0,0,0,3,False,False
False,True,5,q,infinity,as_1893,1893,TOBACCO,Red: Total of,Turkey,Gallons,12148,12448,12148,2175,12448,2175,300,1->4,15,9420657,True,False,0.18,0.17,0.2,10,False,False
False,True,5,v,infinity,as_1893,1893,Corn and Grain,Oats,Australasia : Victoria,Cwts,7167,7467,22980,7167,22980,7467,300,1->4,5,299604,True,False,0.31,0.32,0.31,5,False,False
False,False,5,q,infinity,as_1894,1894,Cotton,Rape,France,Quarters,1187,1487,1187,2476,1487,2476,300,1->4,6,220193,True,False,2.09,1.67,1.94,4,False,False
False,True,5,q,infinity,as_1895,1895,CONFECTIONERY,Regulus and Precipitate,Cape of Good Hope,Tons,4197,4497,4197,76200,4497,76200,300,1->4,6,14888,True,False,18.16,16.94,19.75,3,False,False
False,True,5,q,infinity,as_1895,1895,Bark,Unenumerated,Other Foreign Countries,Cwts,2199,2499,2199,2305,2499,2305,300,1->4,13,216582,True,False,1.05,0.92,1.05,8,False,False
False,False,5,v,infinity,as_1895,1895,PAPER,Other Materials,Belgium,Tons,69104,69404,9462,69104,9462,69404,300,1->4,9,166103,True,False,7.3,7.34,7.3,5,False,False
False,True,5,v,infinity,as_1895,1895,WOOD and TIMBER,Staves,France,Loads,4188,4488,882,4188,882,4488,300,1->4,9,589624,True,False,4.75,5.09,4.75,8,False,False
False,True,5,q,infinity,as_1896,1896,"PERFUMERY, and Articles used in the Manufacture thereof (except Perfumed Spirits)",,United States of America,Lbs,157594,157894,157594,15921,157894,15921,300,5->8,7,1090336,True,False,0.1,0.1,0.1,6,False,False
False,False,5,v,infinity,as_1897,1897,"CHINA, OR PORCELAIN, AND EARTHENWARE",,Holland,,9594,9894,0,9594,0,9894,300,5->8,6,537148,True,False,0,0,0,5,False,False
False,False,5,v,infinity,as_1897,1897,"CHINA, OR PORCELAIN, AND EARTHENWARE",Oats,Canada,Cwts,443593,443893,1754750,443593,1754750,443893,300,5->8,3,454050,True,False,0.25,0.25,0.25,2,False,False
False,False,5,q,infinity,as_1897,1893,FLAX,TOW,Belgium,Tons,1550,1850,1550,23380,1850,23380,300,5->8,5,10048,True,False,15.08,12.64,15.08,5,False,False
False,True,5,q,infinity,as_1897,1895,"CARDS, PLAYING",Unmanufactured,Japan,Lbs,2812551,2812851,2812551,48422,2812851,48422,300,5->8,14,72863720,True,False,0.02,0.02,0.03,9,False,False
False,True,5,v,chandra,as_1873,1873,"HIDES, not Tanned, Tawed, Curried, or in any way Dressed",Dry,Germany,,76698,76898,14786,76698,14786,76898,200,6->8,19,2429946,True,False,5.19,5.2,3.83,14,False,False
False,False,5,q,chandra,as_1883,1883,DRUGS,Opium,Malta,Lbs,3300,3500,3300,2600,3500,2600,200,3->5,10,774069,True,True,0.79,0.74,0.7,9,False,False
False,True,5,v,chandra,as_1884,1884,"DYE STUFFS, and Substances used in Tanning",Indigo,Germany,Cwts,3609,3809,146,3609,146,3809,200,6->8,13,2483931,True,False,24.72,26.09,24.02,11,False,False
False,True,5,v,chandra,as_1887,1887,IRON,"Bar, Angle, Bolt and Rod",Russia,Tons,2686,2886,263,2686,263,2886,200,6->8,6,989858,True,False,10.21,10.97,8.1,4,False,False
False,False,5,q,chandra,as_1898,1896,CIDER AND PERRY,,United States of America,Gallons,307616,307816,307616,10342,307816,10342,200,6->8,4,320165,True,False,0.03,0.03,0.07,4,False,False
False,True,5,v,chandra,as_1898,1894,FISH (including Turtle),"Plums, Raw",France,,170626,170826,306869,170626,306869,170826,200,6->8,6,301879,True,False,0.56,0.56,0.3,5,False,False
False,False,5,v,infinity,as_1880,1880,BACON AND HAMS,Bacon,United States of America,Cwts,7471399,7471599,3976537,7471399,3976537,7471599,200,3->5,5,8781151,True,True,1.88,1.88,2.24,5,False,False
False,True,5,v,infinity,as_1883,1883,DRUGS,Opium,Egypt,Lbs,1323,1523,2419,1323,2419,1523,200,3->5,10,563410,True,True,0.55,0.63,0.7,10,False,False
False,True,5,v,infinity,as_1883,1883,IRON,Old broken Iron and Steel,British West India Islands,Tons,322,522,165,322,165,522,200,3->5,18,39933,True,True,1.95,3.16,3.83,16,False,False
False,True,5,v,infinity,as_1884,1884,Corn and Grain,Maize or Indian Corn,Russia,,1053686,1053886,3542634,1053686,3542634,1053886,200,6->8,10,7297823,True,False,0.3,0.3,0.29,10,False,False
False,True,5,v,infinity,as_1884,1884,"PLANTS, SHRUBS, TREES, and FLOWER ROOTS",,United States of Colombia,,11631,11831,0,11631,0,11831,200,6->8,14,211906,True,False,0,0,0,13,False,False
False,True,5,q,infinity,as_1885,1885,GUM,"Manufactures, Unenumerated",Sweden,Cwts,372651,372851,372651,317418,372851,317418,200,6->8,10,3466983,True,False,0.85,0.85,1.58,9,False,False
False,True,5,v,infinity,as_1891,1891,VINEGAR,,France,,2644,2844,32494,2644,32494,2844,200,6->8,4,10894,True,False,0.08,0.09,0.08,4,False,False
False,True,5,v,infinity,as_1892,1892,LEATHER MANUFACTURES,Boots and Shoes,Canada,Dozen pairs,396,596,296,396,296,596,200,3->5,3,772,True,True,1.34,2.01,1.73,2,False,False
False,True,5,q,infinity,as_1897,1895,WOOLLEN YARN,Cloths,United States of America : On the Atlantic,,4520,4320,4520,320,4320,320,-200,5->3,6,4149636,True,True,0.07,0.07,0.17,5,False,False
False,True,5,q,chandra,as_1874,1874,Cotton,,Turkey,Tons,1576,1676,1576,10588,1676,10588,100,5->6,5,190591,True,False,6.72,6.32,6.78,4,False,False
False,True,5,v,chandra,as_1876,1876,ISINGLASS,,Straits Settlements,Cwts,18685,18585,1024,18685,1024,18585,-100,6->5,6,84629,True,False,18.25,18.15,18.25,5,False,False
False,True,5,v,chandra,as_1877,1877,EMBROIDERY and NEEDLEWORK,,Madeira,,20645,20545,0,20645,0,20545,-100,6->5,5,84609,True,False,0,0,0,3,False,False
False,False,5,q,chandra,as_1877,1877,WOOD and TIMBER,Other Kinds and Wool Flocks,France,Lbs,209373,209273,209373,8529,209273,8529,-100,3->2,4,748919,True,False,0.04,0.04,0.04,4,False,False
False,True,5,q,chandra,as_1882,1882,Cows,Swine,Germany,Number,2677,2577,2677,10396,2577,10396,-100,6->5,3,15670,True,False,3.88,4.03,3.77,3,False,False
False,True,5,q,chandra,as_1882,1882,Corn and Grain,Barley,United States of America,Cwts,47678,47578,47678,25136,47578,25136,-100,6->5,13,15540112,True,False,0.53,0.53,0.43,12,False,False
False,True,5,v,chandra,as_1882,1882,"HEMP, Dressed or Undressed","Unenumerated Vegetable Substances, applicable to the same uses as Hemp or Flax",United States of America,Cwts,7950,7850,5159,7950,5159,7850,-100,9->8,7,88305,True,True,1.54,1.52,1.48,6,False,False
False,False,5,q,chandra,as_1882,1882,MANURES,Guano,Peru,Tons,26377,26277,26377,231078,26277,231078,-100,3->2,7,44952,True,False,8.76,8.79,8.75,6,False,False
False,True,5,q,chandra,as_1884,1884,CHEESE,,Germany,Cwts,938,838,938,2316,838,2316,-100,9->8,11,1927139,True,True,2.47,2.76,2.7,11,False,False
False,True,5,v,chandra,as_1886,1886,IRON,Unenumerated,Hong Kong,Cwts,658,558,824,658,824,558,-100,6->5,7,10220,True,False,0.8,0.68,1.1,7,False,False
False,True,5,v,chandra,as_1890,1890,"FARINACEOUS SUBSTANCES, and Manufactures thereof, unenumerated",,Italy,,44640,44540,0,44640,0,44540,-100,6->5,8,764063,True,False,0,0,0,6,False,False
False,False,5,v,chandra,as_1894,1894,"MEAT, Unenumerated",Other Sorts,Australasia : New Zealand,Cwts,25539,25639,12701,25539,12701,25639,100,5->6,7,94044,True,False,2.01,2.02,1.91,6,False,False
False,True,5,q,chandra,as_1897,1894,SLATES,Dutch Possessions in Indian Seas,"Turkey, European",Lbs,427213,427313,427213,59322,427313,59322,100,2->3,10,1291811,True,False,0.14,0.14,0.15,8,False,False
False,True,5,q,chandra,as_1897,1897,"CARDS, PLAYING",,Belgium,Dozen Packs,108267,108367,108267,1127,108367,1127,100,2->3,4,150130,True,False,0.01,0.01,0.02,4,False,False
False,True,5,q,chandra,as_1897,1895,SPIRITS,"Rum, Imitation",Germany,Proof Gallons,27204,27304,27204,1450,27304,1450,100,2->3,3,27918,True,False,0.05,0.05,0.22,2,False,False
False,True,5,q,chandra,as_1898,1896,FISH (including Turtle),"Cherries, Raw",Holland,Bushels,65274,65374,65274,23715,65374,23715,100,2->3,4,219367,True,False,0.36,0.36,0.37,4,False,False
False,True,5,q,chandra,as_1898,1896,LATES,Dutch Possessions in Indian Seas,Germany,Lbs,3672,3572,3672,8637,3572,8637,-100,6->5,7,73793,True,False,2.35,2.42,2.35,5,False,False
False,True,5,v,infinity,as_1875,1875,BACON and HAMS,Bacon,Denmark,Cwts,60268,60368,20372,60268,20372,60368,100,2->3,5,6314362,True,False,2.96,2.96,2.53,5,False,False
False,True,5,q,infinity,as_1876,1876,BEADS,Of Glass,Italy,Lbs,767604,767504,767604,46037,767504,46037,-100,6->5,4,1326226,True,False,0.06,0.06,0.06,4,False,False
False,True,5,v,infinity,as_1876,1876,METAL,"Unenumerated, Unwrought",France,Tons,14623,14523,704,14623,704,14523,-100,6->5,6,82215,True,False,20.77,20.63,57.37,6,False,False
False,True,5,v,infinity,as_1876,1876,"PLANTS, SHRUBS, TREES, and FLOWER ROOTS",,Holland,,61606,61506,0,61606,0,61506,-100,6->5,4,126755,True,False,0,0,0,4,False,False
False,True,5,v,infinity,as_1877,1877,"DRUGS, Unenumerated",,United States of America,,33691,33591,0,33691,0,33591,-100,6->5,17,481501,True,False,0,0,0,15,False,False
False,True,5,v,infinity,as_1877,1877,SEEDS,Clover and Grass,France,Cwts,242673,242573,152650,242673,152650,242573,-100,6->5,6,923449,True,False,1.59,1.59,3.18,5,False,False
False,True,5,q,infinity,as_1877,1877,SILK,Raw,France,Lbs,566622,566522,566622,602004,566522,602004,-100,6->5,10,4441891,True,False,1.06,1.06,1.03,8,False,False
False,True,5,v,infinity,as_1878,1878,BARK,For Tanners' or Dyers' Use,Algeria,Cwts,15981,15881,37336,15981,37336,15881,-100,9->8,7,263110,True,True,0.43,0.43,0.34,6,False,False
False,True,5,v,infinity,as_1878,1878,COTTON MANUFACTURES,Hosiery of all sorts,France,,4610,4510,0,4610,0,4510,-100,6->5,4,306498,True,False,0,0,0,4,False,False
False,True,5,v,infinity,as_1881,1881,CORK,Manufactured,Other Countries,Lbs,4988,4888,59422,4988,59422,4888,-100,9->8,4,410536,True,True,0.08,0.08,0.07,4,False,False
False,True,5,q,infinity,as_1882,1882,CAOUTCHOUC,Manufactures of,United States of America,Lbs,94617,94517,94617,11227,94517,11227,-100,6->5,6,1447739,True,False,0.12,0.12,0.12,5,False,False
False,True,5,q,infinity,as_1882,1882,CHEESE,,United States of America,Cwts,969602,969502,969602,2711259,969502,2711259,-100,6->5,5,1694623,True,False,2.8,2.8,2.8,3,False,False
False,True,5,v,infinity,as_1882,1882,DRUGS,"Bark, Peruvian",Germany,Cwts,10699,10599,966,10699,966,10599,-100,6->5,13,1790220,True,False,11.08,10.97,12.5,13,False,False
False,True,5,v,infinity,as_1882,1882,Bark,Extracts,Holland,,74696,74596,0,74696,0,74596,-100,6->5,7,371417,True,False,0,0,0,6,False,False
False,True,5,q,infinity,as_1883,1883,WOOD AND TIMBER,"Hewn, Fir : Teak",British India: Bengal and Burmah,Loads,41638,41538,41638,587830,41538,587830,-100,6->5,5,45539,True,False,14.12,14.15,14.13,3,False,False
False,False,5,v,infinity,as_1885,1885,ANIMALS LIVING,"Shot, large and small",Other Foreign Countries,Cwts,1620,1520,1884,1620,1884,1520,-100,6->5,3,4978,True,False,0.86,0.81,2.0,3,False,False
False,True,5,v,infinity,as_1885,1885,SUGAR,Molasses,United States of America,Cwts,100625,100525,300163,100625,300163,100525,-100,6->5,4,105324,True,False,0.34,0.33,0.35,3,False,False
False,True,5,q,infinity,as_1886,1886,ANIMALS LIVING,Sheep and Lambs,United States of America,No,5651,5551,5651,10702,5551,10702,-100,6->5,9,944593,True,False,1.89,1.93,1.89,7,False,False
False,True,5,q,infinity,as_1886,1886,DRUGS,Bark Peruvian,Peru,Cwts,1637,1537,1637,12848,1537,12848,-100,6->5,9,19767,True,False,7.85,8.36,6.86,9,False,False
False,True,5,v,infinity,as_1886,1886,"LEATHER, Undressed",Boots and Shoes,British North America,Dozen Pairs,682,582,255,682,255,582,-100,6->5,3,1196,True,False,2.67,2.28,2.67,2,False,False
False,True,5,q,infinity,as_1888,1888,"ANIMALS, LIVING",Sheep and Lambs,Germany,No,299689,299589,299689,536851,299589,536851,-100,6->5,8,910871,True,False,1.79,1.79,1.71,6,False,False
False,True,5,v,infinity,as_1890,1890,"SKINS, FURS, AND PELTS","Goat, Undressed",United States of America,,9631,9531,117719,9631,117719,9531,-100,6->5,19,387329,True,False,0.08,0.08,0.1,18,False,False
False,True,5,q,infinity,as_1893,1893,WOOD and TIMBER,Staves,Austrian Territories,Loads,639,539,639,4689,539,4689,-100,6->5,9,131144,True,False,7.34,8.7,5.1,8,False,False
False,True,5,v,infinity,as_1894,1894,Bark,Extracts,Italy,,1652,1552,0,1652,0,1552,-100,6->5,10,391879,True,False,0,0,0,9,False,False
False,True,5,q,infinity,as_1894,1894,IRON and STEEL,"Iron and Steel, Unwrought",Germany,Tons,643,543,643,6175,543,6175,-100,6->5,8,8573,True,False,9.6,11.37,8.6,4,False,False
False,True,5,v,infinity,as_1894,1894,PAINTERS' COLOURS AND PIGMENTS,,France,,58628,58528,0,58628,0,58528,-100,6->5,11,902614,True,False,0,0,0,11,False,False
False,True,5,q,infinity,as_1898,1896,BEEF,Salted,Argentine Republic,Cwts,280,380,280,403,380,403,100,2->3,4,241487,True,False,1.44,1.06,1.44,4,False,False
False,True,5,q,infinity,as_1898,1897,LEATHER,Phosphate of Lime and Rock,Dutch West India Islands,,5623,5523,5623,12334,5523,12334,-100,6->5,10,322606,True,False,2.19,2.23,1.53,9,False,False
False,True,5,v,infinity,as_1898,1896,METAL,"Leaf, not Gold",Belgium,Packets,677,577,8220,677,8220,577,-100,6->5,4,16845,True,False,0.08,0.07,0.1,3,False,False
False,True,5,q,infinity,as_1898,1894,SUGAR,"Unrefined, Total",Russia,Cwts,309908,309808,309908,164840,309808,164840,-100,9->8,21,11020581,True,True,0.53,0.53,0.65,21,False,False
False,True,5,q,chandra,as_1893,1893,ZINC,ARTICLES Imported by PARCEL POST,British East Indies : Ceylon,Number of Packets,3992,3902,3992,10225,3902,10225,-90,9->0,14,216300,True,False,2.56,2.62,1.73,4,False,False
False,False,5,q,chandra,as_1898,1896,WOOL,Other Goats' Wool or Hair,Belgium,,150100,150190,150100,2363,150190,2363,90,0->9,5,822805,True,False,0.02,0.02,0.02,3,False,False
False,False,5,v,chandra,as_1899,1896,HATS OR BONNETS,Of Straw,Germany,,207,297,2356,207,2356,297,90,0->9,8,186858,True,False,0.09,0.13,0.1,4,False,False
False,False,5,q,infinity,as_1877,1877,PORK,Salted (not Hams),Germany,Cwts,22309,22399,22309,39346,22399,39346,90,0->9,5,294980,True,False,1.76,1.76,1.97,2,False,False
False,False,5,v,infinity,as_1890,1890,"FARINACEOUS SUBSTANCES, and MANUFACTURES thereof, unenumerated",,France,,68500,68590,0,68500,0,68590,90,0->9,8,764063,True,False,0,0,0,2,False,False
False,False,5,v,infinity,as_1897,1896,"CHINA, OR PORCELAIN, AND EARTHENWARE","Hosiery, of all Sorts",Germany,,144701,144791,0,144701,0,144791,90,0->9,5,350313,True,False,0,0,0,2,False,False
False,False,5,v,infinity,as_1898,1895,"CHINA, OR PORCELAIN, AND EARTHENWARE",,Germany,Cwts,34605,34695,0,34605,0,34695,90,0->9,6,474450,True,False,0,0,0,5,False,False
False,False,5,q,infinity,as_1898,1896,FLAX,"Manufactures, unenumerated",Belgium,Cwts,261202,261292,261202,492139,261292,492139,90,0->9,10,837186,True,False,1.88,1.88,1.88,2,False,False
False,False,5,v,infinity,as_1898,1895,FLAX,Leaves of,Holland,Number,905,995,484500,905,484500,995,90,0->9,5,138853,True,False,0.0,0.0,0.0,2,False,False
False,False,5,q,infinity,as_1898,1898,HATS OR BONNETS,TOW,Germany,Tons,1408,1498,1408,26062,1498,26062,90,0->9,5,4733,True,False,18.51,17.4,18.88,2,False,False
False,False,5,v,infinity,as_1898,1898,TOBACCO,Other Sorts,British East Indies : Burmah,Lbs,306,396,700,306,700,396,90,0->9,9,3507,True,False,0.44,0.57,0.21,3,False,False
False,False,5,v,infinity,as_1899,1896,CHEESE,Part Wrought,Norway,Tons,702,792,0,702,0,792,90,0->9,9,247805,True,False,0,0,0,3,False,False
False,True,5,v,infinity,as_1899,1898,CHEESE,Oats,Roumania,Cwts,51599,51509,190200,51599,190200,51509,-90,9->0,14,3672903,True,False,0.27,0.27,0.28,2,False,False
False,False,5,v,infinity,as_1899,1898,CHEESE,"Meal, not otherwise enumerated or described",Canada,Cwts,1109,1199,4600,1109,4600,1199,90,0->9,3,2353,True,False,0.24,0.26,0.21,2,False,False
False,False,5,q,infinity,as_1899,1899,HONEY,,British West India Islands,Cwts,3503,3593,3503,4971,3593,4971,90,0->9,8,6175,True,False,1.42,1.38,1.82,4,False,False
False,False,5,q,infinity,as_1899,1897,IRON,Vegetable,Germany,Cwts,8208,8298,8208,3804,8298,3804,90,0->9,4,14172,True,False,0.46,0.46,0.46,2,False,False
False,False,5,q,chandra,as_1883,1883,"MEAT, Unenumerated",Salted or Fresh,Belgium,Cwts,192,122,192,244,122,244,-70,9->2,9,36353,True,True,1.27,2.0,2.33,4,False,False
False,False,5,q,chandra,as_1890,1890,SUGAR,Unrefined: Total of,Austrian Territories,,43370,43300,43370,28910,43300,28910,-70,7->0,22,13382938,True,True,0.67,0.67,0.7,6,False,False
False,True,5,q,infinity,as_1878,1878,"ARMS, AMMUNITION, AND MILITARY STORES","Swords, Cutlasses, Bayonets, and Arms of other Sorts, Unenumerated",Norway,Cwts,2292,2222,2292,6187,2222,6187,-70,9->2,4,8823,True,True,2.7,2.78,2.91,2,False,False
False,True,5,v,infinity,as_1894,1894,WOOLLEN MANUFACTURES,Cloths,France,Yards,12294,12224,63124,12294,63124,12224,-70,9->2,5,466516,True,True,0.19,0.19,0.17,2,False,False
False,False,5,q,chandra,as_1877,1877,RAGS and other Materials for making Paper,Linen and Cotton Rags,Russia,Tons,2406,2466,2406,35956,2466,35956,60,0->6,7,17130,True,False,14.94,14.58,14.94,2,False,False
False,True,5,q,chandra,as_1888,1888,"FLAX, Dressed or Undressed",Tow or Codilla of,Holland,Cwts,3290,3230,3290,4927,3230,4927,-60,9->3,6,241428,True,False,1.5,1.53,1.34,2,False,False
False,True,5,v,chandra,as_1888,1888,LEATHER MANUFACTURES,Unenumerated,United States of America,,7297,7237,0,7297,0,7237,-60,9->3,6,286012,True,False,0,0,0,4,False,False
False,True,5,q,chandra,as_1893,1893,"ONIONS, Raw",,Germany,Bushels,173298,173238,173298,35140,173238,35140,-60,9->3,9,4658000,True,False,0.2,0.2,0.18,6,False,False
False,False,5,v,chandra,as_1895,1895,"PICKLES and VEGETABLES, preserved in Salt or Vinegar",,Holland,Gallons,40367,40307,997210,40367,997210,40307,-60,6->0,5,110467,True,False,0.04,0.04,0.05,2,False,False
False,True,5,q,chandra,as_1897,1893,SPIRITS,Perfumed,Holland,Gallons,21202,21262,21202,37198,21262,37198,60,0->6,6,46671,True,False,1.75,1.75,1.75,2,False,False
False,False,5,q,chandra,as_1899,1897,CORDAGE,Maize or Indian Corn,Other Foreign Countries,Cwts,10860,10800,10860,2322,10800,2322,-60,6->0,10,49534780,True,False,0.21,0.21,0.19,2,False,False
False,False,5,v,chandra,as_1899,1897,HONEY,,Germany,Cwts,107,167,80,107,80,167,60,0->6,10,17420,True,False,1.34,2.09,1.5,2,False,False
False,False,5,q,chandra,as_1899,1895,NUTS AND KERNELS,Coco-nut,British East Indies : Bengal,Cwts,3630,3690,3630,3972,3690,3972,60,3->9,5,252109,True,False,1.09,1.08,1.1,4,False,False
False,True,5,v,chandra,as_1899,1896,SUGAR,"Unrefined, Beetroot",Russia,Cwts,131109,131169,247135,131109,247135,131169,60,0->6,7,4168484,True,False,0.53,0.53,0.51,3,False,False
False,False,5,v,infinity,as_1876,1876,MANURES,Unenumerated,Portugal,Tons,53093,53033,13914,53093,13914,53033,-60,9->3,9,543165,True,False,3.82,3.81,3.82,6,False,False
False,True,5,v,infinity,as_1882,1882,"ANIMALS, LIVING",Calves,Other Countries,Number,593,533,124,593,124,533,-60,9->3,4,161207,True,False,4.78,4.3,4.76,3,False,False
False,True,5,v,infinity,as_1882,1882,HATS OR BONNETS,Tow or Codilla of Hemp,Italy,Cwts,20908,20968,16825,20908,16825,20968,60,0->6,4,99366,True,False,1.24,1.25,0.99,2,False,False
False,False,5,v,infinity,as_1886,1886,DYE WOODS,Unenumerated,Siam,Tons,1930,1990,230,1930,230,1990,60,3->9,10,103413,True,False,8.39,8.65,6.1,5,False,False
False,True,5,v,infinity,as_1886,1886,SEEDS,"Unenumerated, other sorts",Other British Possessions,Cwts,693,633,698,693,698,633,-60,9->3,3,21023,True,False,0.99,0.91,0.99,2,False,False
False,True,5,v,infinity,as_1888,1888,EGGS,,France,Great Hundreds,1053603,1053663,2692872,1053603,2692872,1053663,60,0->6,10,3078186,True,False,0.39,0.39,0.32,3,False,False
False,False,5,v,infinity,as_1888,1888,PLATED and GILT WARE,,Holland,,6403,6463,0,6403,0,6463,60,0->6,4,19549,True,False,0,0,0,3,False,False
False,False,5,v,infinity,as_1888,1888,SEEDS,Clover and Grass,Germany,Cwts,276603,276663,128006,276603,128006,276663,60,0->6,6,596052,True,False,2.16,2.16,1.98,2,False,False
False,False,5,q,infinity,as_1891,1891,NOTTON. FRESH,,Holland,Cwts,56608,56668,56608,127726,56668,127726,60,0->6,8,588756,True,False,2.26,2.25,2.3,4,False,False
False,False,5,v,infinity,as_1892,1892,"RAGS, and other MATERIALS for MAKING PAPER",Pulp of Wood,Holland,Tons,55602,55662,5163,55602,5163,55662,60,0->6,8,980940,True,False,10.77,10.78,9.31,4,False,False
False,False,5,v,infinity,as_1896,1896,SKINS and FURS,"Furs, Rabbit Skins",Other British Possessions,Number,293,233,96870,293,96870,233,-60,9->3,6,162992,True,False,0.0,0.0,0.01,2,False,False
False,False,5,v,infinity,as_1897,1893,"CHINA, OR PORCELAIN, AND EARTHENWARE",,British East Indies,Tons,1200,1260,105,1200,105,1260,60,0->6,8,196614,True,False,11.43,12.0,10.85,3,False,False
False,True,5,q,infinity,as_1897,1895,FLAX,TOW,Belgium,Tons,3608,3668,3608,45640,3668,45640,60,0->6,6,14778,True,False,12.65,12.44,13.51,3,False,False
False,True,5,v,infinity,as_1897,1894,WOOLLEN YARN,"Manufactures of, unenumerated",France,Cwts,6103,6163,3191,6103,3191,6163,60,0->6,5,374371,True,False,1.91,1.93,1.03,2,False,False
False,False,5,q,infinity,as_1897,1894,"CARDS, PLAYING",,Other Foreign Countries,Dozen Packs,9501,9561,9501,453,9561,453,60,0->6,4,131737,True,False,0.05,0.05,0.09,2,False,False
False,True,5,v,infinity,as_1898,1897,"BEADS, of all Sorts",,Other Foreign Countries,Lbs,165,105,3690,165,3690,105,-60,6->0,6,79014,True,False,0.04,0.03,0.04,4,False,False
False,False,5,q,infinity,as_1898,1897,"CHINA, OR PORCELAIN, AND EARTHENWARE",,Holland,Cwts,603,663,603,50,663,50,60,0->6,4,500335,True,False,0.08,0.08,0.08,2,False,False
False,True,5,v,infinity,as_1898,1895,IRON,"Steel, Unwrought",France,Tons,1063,1003,116,1063,116,1003,-60,6->0,8,94711,True,False,9.16,8.65,13.26,2,False,False
False,False,5,v,infinity,as_1898,1897,Beef,Mutton,Canada,Cwts,1600,1660,1016,1600,1016,1660,60,0->6,7,148736,True,False,1.57,1.63,1.58,3,False,False
False,True,5,v,infinity,as_1899,1897,Bark,Sumach,Italy,Tons,132303,132363,13802,132303,13802,132363,60,0->6,5,136182,True,False,9.59,9.59,9.59,3,False,False
False,False,5,v,infinity,as_1899,1897,FRUIT,"Grapes, Raw",Belgium,Bushels,25607,25667,16704,25607,16704,25667,60,0->6,7,398843,True,False,1.53,1.54,0.54,3,False,False
False,False,5,q,infinity,as_1899,1898,GUM,Arabic,Holland,,300,360,300,401,360,401,60,0->6,10,36759,True,False,1.34,1.11,2.26,4,False,False
False,True,5,q,infinity,as_1899,1897,HATS OR BONNETS,Of Other Materials,Chile,Number,3300,3360,3300,11603,3360,11603,60,0->6,12,115268,True,False,3.52,3.45,3.52,8,False,False
False,False,5,q,infinity,as_1899,1899,METAL,"Leaf, not Gold",Belgium,Packets,6604,6664,6604,342,6664,342,60,0->6,3,117749,True,False,0.05,0.05,0.17,2,False,False
False,False,5,v,infinity,as_1899,1899,NUTS AND KERNELS,Commonly used for expressing Oil therefrom,Western Coast of Africa : Philippine and Ladrone Islands,Tons,25502,25562,1740,25502,1740,25562,60,0->6,18,162006,True,False,14.66,14.69,12.16,6,False,False
False,False,5,v,infinity,as_1899,1898,SEEDS,Clover and Grass,United States of America,Cwts,302506,302566,155458,302506,155458,302566,60,0->6,9,582047,True,False,1.95,1.95,1.95,6,False,False
False,False,5,v,infinity,as_1899,1895,Cotton,,Peru,Tons,15504,15564,3318,15504,3318,15564,60,0->6,11,1738150,True,False,4.67,4.69,4.64,6,False,False
False,True,5,q,infinity,as_1899,1895,Cotton,"Garden, unenumerated",Other Foreign Countries,Lbs,38306,38366,38306,492,38366,492,60,0->6,9,4337076,True,False,0.01,0.01,0.04,5,False,False
False,False,5,q,infinity,as_1899,1898,ZINC,"Crude, in cakes",Australasia : New South Wales,Tons,804,864,804,10189,864,10189,60,0->6,6,1246,True,False,12.67,11.79,13.27,3,False,False
False,True,5,q,infinity,as_1899,1896,"CARDS, PLAYING","Kiln Dried, Roasted, or Ground",Holland,Lbs,1707,1767,1707,83,1767,83,60,0->6,6,13482,True,False,0.05,0.05,0.06,5,False,False
False,False,5,v,infinity,as_1899,1895,TOBACCO,"in Bottles, Still",Channel Islands,Gallons,3108,3168,5134,3108,5134,3168,60,0->6,4,7924,True,False,0.61,0.62,0.48,2,False,False
False,True,5,v,chandra,as_1876,1876,"POULTRY and GAME (alive or dead), including Rabbits",,Holland,,25385,25335,0,25385,0,25335,-50,8->3,6,297018,True,False,0,0,0,2,False,False
False,True,5,v,chandra,as_1885,1885,"POULTRY and GAME (alive or dead), including Rabbits",,Holland,,52531,52581,0,52531,0,52581,50,3->8,10,654965,True,False,0,0,0,2,False,False
False,False,5,v,chandra,as_1886,1886,FRUIT,"Nuts, used as Fruit",Other British Possessions,,833,883,0,833,0,883,50,3->8,3,83440,True,False,0,0,0,2,False,False
False,True,5,q,chandra,as_1886,1886,SEEDS,"Unenumerated, other sorts",Belgium,,5482,5432,5482,5252,5432,5252,-50,8->3,13,523520,True,False,0.96,0.97,0.61,5,False,False
False,True,5,v,chandra,as_1887,1887,IRON,Unenumerated,British East Indies,Cwts,687,637,512,687,512,637,-50,8->3,7,13609,True,False,1.34,1.24,1.44,6,False,False
False,True,5,q,chandra,as_1887,1887,OIL,Olive,Tunis,Tuns,936,986,936,33598,986,33598,50,3->8,9,20771,True,False,35.9,34.08,36.26,4,False,False
False,True,5,q,chandra,as_1887,1887,OIL,Seed,Holland,Tons,1232,1282,1232,29825,1282,29825,50,3->8,7,15461,True,False,24.21,23.26,23.93,4,False,False
False,True,5,v,chandra,as_1888,1888,FRUIT,"Nuts, used as Fruit",Other Foreign Countries,,2735,2785,0,2735,0,2785,50,3->8,12,416469,True,False,0,0,0,5,False,False
False,True,5,v,chandra,as_1888,1888,NUTS AND KERNELS,"Other Sorts, unenumerated (not Fruit)",France,,984,934,0,984,0,934,-50,8->3,4,5849,True,False,0,0,0,2,False,False
False,False,5,v,chandra,as_1889,1889,ARMS AND AMMUNITION,Gunpowder,Holland,Cwts,42733,42783,8720,42733,8720,42783,50,3->8,4,51821,True,False,4.9,4.91,4.9,3,False,False
False,False,5,v,chandra,as_1890,1890,NUTS AND KERNELS,Commonly used for expressing oil therefrom,British Possessions in South Africa,Tons,633,683,51,633,51,683,50,3->8,6,404446,True,False,12.41,13.39,12.41,3,False,False
False,True,5,v,chandra,as_1894,1894,"HIDES, Raw, and Pieces thereof",Dry,Belgium,Owts,16133,16183,5787,16133,5787,16183,50,3->8,20,303585,True,False,2.79,2.8,2.47,9,False,False
False,True,5,v,chandra,as_1894,1894,ZINC,ARTICLES Imported by PARCEL POST,Gibraltar,Number of Packets,10786,10736,5141,10786,5141,10736,-50,8->3,14,414723,True,False,2.1,2.09,2.2,9,False,False
False,True,5,q,chandra,as_1897,1896,DRUGS,Opium,British East Indies : Bombay,Lbs,10730,10780,10730,5261,10780,5261,50,3->8,4,33260,True,False,0.49,0.49,0.57,2,False,False
False,True,5,q,chandra,as_1898,1897,AMMUNITION,Geldings,Canada,Number,7039,7089,7039,175784,7089,175784,50,3->8,4,7168,True,False,24.97,24.8,58.44,3,False,False
False,False,5,v,chandra,as_1898,1895,FISH (including Turtle),"Plums, Raw",United States of America,,12032,12082,10061,12032,10061,12082,50,3->8,5,165606,True,False,1.2,1.2,0.3,2,False,False
False,True,5,q,chandra,as_1898,1895,GLASS,"Plate, Fluted, Rolled, or Rough",France,Cwts,738,788,738,568,788,568,50,3->8,4,48990,True,False,0.77,0.72,1.33,2,False,False
False,True,5,v,chandra,as_1898,1894,"HORNS, tips and pieces of Horns and Hoofs",Eastern Coast of Africa,British East Indies : Ceylon,,6037,6087,97,6037,97,6087,50,3->8,16,100280,True,False,62.24,62.75,34.47,13,False,False
False,False,5,q,chandra,as_1898,1894,LEAD,Pig and Sheet,Spain,Tons,76233,76283,76233,712862,76283,712862,50,3->8,15,112241,True,False,9.35,9.34,9.64,10,False,False
False,False,5,q,chandra,as_1898,1895,METAL,"Leaf, not Gold",Belgium,Packets,8330,8380,8330,420,8380,420,50,3->8,4,186727,True,False,0.05,0.05,0.12,3,False,False
False,False,5,v,chandra,as_1898,1895,LATES,"Manufactures of, unenumerated",Germany,,13536,13586,0,13536,0,13586,50,3->8,5,16114,True,False,0,0,0,2,False,False
False,True,5,q,chandra,as_1898,1895,WOOD AND TIMBER,Mahogany,Republic of Colombia,,2331,2381,2331,13645,2381,13645,50,3->8,11,21595,True,False,5.85,5.73,7.56,8,False,False
False,False,5,q,chandra,as_1898,1895,TOBACCO,Other Sorts,Holland,Lbs,6333,6383,6333,792,6383,792,50,3->8,12,521423,True,False,0.13,0.12,0.22,7,False,False
False,False,5,v,chandra,as_1899,1896,"COPPER, ORE OF","Old, fit only to be re-manu- factured",Sweden,Tons,2736,2786,84,2736,84,2786,50,3->8,15,111421,True,False,32.57,33.17,32.36,6,False,False
False,True,5,q,chandra,as_1899,1896,DRUGS,Opium,British East Indies : Bombay,Lbs,10730,10780,10730,5261,10780,5261,50,3->8,4,33260,True,False,0.49,0.49,0.57,2,False,False
False,False,5,v,chandra,as_1899,1896,DRUGS,Opium,Australasia,Lbs,1230,1280,1720,1230,1720,1280,50,3->8,4,18127,True,False,0.72,0.74,0.57,2,False,False
False,False,5,q,chandra,as_1899,1896,FRUIT,"Unenumerated, Raw",Other British Possessions,Bushels,1036,1086,1036,802,1086,802,50,3->8,4,16421,True,False,0.77,0.74,0.77,3,False,False
False,False,5,q,chandra,as_1899,1895,FRUIT,"Unenumerated, Dried",Egypt,Cwts,4337,4387,4337,5826,4387,5826,50,3->8,10,315415,True,False,1.34,1.33,1.5,6,False,False
False,False,5,v,chandra,as_1899,1899,GLASS,Bottles,Italy,Gross,730,780,1416,730,1416,780,50,3->8,8,527534,True,False,0.52,0.55,0.45,5,False,False
False,False,5,v,chandra,as_1899,1896,GLASS,"Manufactures, unenumerated",United States of America,Cwts,10537,10587,5174,10537,5174,10587,50,3->8,10,1362305,True,False,2.04,2.05,1.93,4,False,False
False,False,5,q,chandra,as_1899,1897,GUM,Arabic,Holland,,234,284,234,744,284,744,50,3->8,10,19408,True,False,3.18,2.62,2.96,6,False,False
False,False,5,q,chandra,as_1899,1898,WOOD AND TIMBER,"Hewn, Fir",Portugal,Loads,26635,26685,26635,21009,26685,21009,50,3->8,11,1967920,True,False,0.79,0.79,1.43,8,False,False
False,False,5,q,infinity,as_1877,1877,SUGAR,Molasses,United States of America,Cwts,104883,104833,104883,64006,104833,64006,-50,8->3,8,298261,True,False,0.61,0.61,0.47,3,False,False
False,True,5,v,infinity,as_1877,1877,WOOLLEN YARN,For Weaving,Belgium,Lbs,983989,983939,8259883,983989,8259883,983939,-50,8->3,4,1540239,True,False,0.12,0.12,0.12,2,False,False
False,True,5,q,infinity,as_1884,1884,CORK,Unmanufactured,Algeria,Tons,587,537,587,9722,537,9722,-50,8->3,6,11406,True,False,16.56,18.1,16.56,4,False,False
False,True,5,v,infinity,as_1884,1884,FEATHERS,Tow or Codilla of,Belgium,Cwts,104287,104237,108086,104287,108086,104237,-50,8->3,5,302030,True,False,0.96,0.96,0.96,3,False,False
False,False,5,v,infinity,as_1884,1884,PRECIOUS STONES (Unset),,United States of America,,2284,2234,0,2284,0,2234,-50,8->3,6,42568,True,False,0,0,0,3,False,False
False,False,5,q,infinity,as_1885,1885,PAPER,For Printing or Writing,Austrian Territories,Cwts,7181,7131,7181,16293,7131,16293,-50,8->3,9,260780,True,False,2.27,2.28,1.44,7,False,False
False,False,5,v,infinity,as_1887,1887,FEATHERS,Ornamental,Tripoli,Lbs,2382,2332,2897,2382,2897,2332,-50,8->3,8,433767,True,False,0.82,0.8,1.06,4,False,False
False,False,5,v,infinity,as_1887,1887,SILK,Raw,Other Foreign Countries,Lbs,284,234,362,284,362,234,-50,8->3,8,1284668,True,False,0.78,0.65,0.78,7,False,False
False,False,5,v,infinity,as_1888,1888,"EXTRACTS, of other Sorts, unenumerated",,Denmark,,2383,2333,0,2383,0,2333,-50,8->3,5,7371,True,False,0,0,0,4,False,False
False,False,5,q,infinity,as_1888,1888,FEATHERS,Fresh (not of British taking),Belgium,Cwts,1983,1933,1983,4021,1933,4021,-50,8->3,9,1079591,True,False,2.03,2.08,1.25,8,False,False
False,True,5,q,infinity,as_1888,1888,FRUIT,Unenumerated : Raw,Madeira,Bushels,20383,20333,20383,12519,20333,12519,-50,8->3,12,2976126,True,False,0.61,0.62,0.43,6,False,False
False,True,5,q,infinity,as_1888,1888,GUM,Unenumerated,France,Cwts,3181,3131,3181,21803,3131,21803,-50,8->3,14,48335,True,False,6.85,6.96,3.65,7,False,False
False,True,5,q,infinity,as_1888,1888,"MEAT, unenumerated","Preserved, otherwise than by Salting",France,,3084,3034,3084,14934,3034,14934,-50,8->3,10,347811,True,False,4.84,4.92,3.1,5,False,False
False,True,5,v,infinity,as_1888,1888,OIL SEED CAKE,,Other Foreign Countries,,1083,1033,373,1083,373,1033,-50,8->3,15,1579132,True,False,2.9,2.77,6.44,9,False,False
False,True,5,v,infinity,as_1888,1888,"ONIONS, Raw",,Other Foreign Countries,,587,537,2381,587,2381,537,-50,8->3,12,626127,True,False,0.25,0.23,0.24,7,False,False
False,True,5,q,infinity,as_1888,1888,"RAGS, and other MATERIALS for MAKING PAPER",Linen and Cotton,Denmark,Tons,286,236,286,3362,236,3362,-50,8->3,13,40832,True,False,11.76,14.25,10.06,6,False,False
False,False,5,q,infinity,as_1888,1888,SILK,"Thrown, Dyed or not Dyed",France,Lbs,351187,351137,351187,291828,351137,291828,-50,8->3,4,559289,True,False,0.83,0.83,0.83,2,False,False
False,False,5,v,infinity,as_1889,1889,CAOUTCHOUC,Manufactures of,Germany,Lbs,165185,165135,1943997,165185,1943997,165135,-50,8->3,6,318289,True,False,0.08,0.08,0.12,5,False,False
False,False,5,v,infinity,as_1889,1889,GUM,Arabic,Turkey,Cwts,3782,3732,880,3782,880,3732,-50,8->3,12,89598,True,False,4.3,4.24,5.02,6,False,False
False,False,5,v,infinity,as_1889,1889,SPICES,Ginger,West Africa Settlements,Cwts,2281,2231,2519,2281,2519,2231,-50,8->3,4,96452,True,False,0.91,0.89,1.45,2,False,False
False,True,5,q,infinity,as_1890,1890,Corn and Grain,Oats,Holland,Cwts,173284,173234,173284,59435,173234,59435,-50,8->3,9,12419302,True,False,0.34,0.34,0.3,5,False,False
False,False,5,q,infinity,as_1890,1890,Corn and Grain,Wheat Meal or Flour,Holland,Cwts,22884,22834,22884,14745,22834,14745,-50,8->3,13,14708372,True,False,0.64,0.65,0.58,8,False,False
False,True,5,v,infinity,as_1890,1890,DRUGS,Unenumerated,British Possessions in South Africa,Cwts,4386,4336,1704,4386,1704,4336,-50,8->3,4,9940,True,False,2.57,2.54,2.57,3,False,False
False,False,5,q,infinity,as_1890,1890,"HIDES, Raw, and Pieces thereof",Wet,Sweden,,1584,1534,1584,3746,1534,3746,-50,8->3,16,505277,True,False,2.36,2.44,2.36,6,False,False
False,True,5,q,infinity,as_1891,1891,SILK,"Thrown, Dyed or not Dyed",Belgium,,101633,101683,101633,83121,101683,83121,50,3->8,5,581867,True,False,0.82,0.82,0.82,3,False,False
False,True,5,q,infinity,as_1892,1892,HEMP,Dressed or Undressed,China,Cwts,3936,3986,3936,4344,3986,4344,50,3->8,13,1474453,True,False,1.1,1.09,1.29,7,False,False
False,True,5,q,infinity,as_1893,1893,LEAD,Ore of,Chile,Tons,631,681,631,3405,681,3405,50,3->8,10,6289,True,False,5.4,5.0,5.53,5,False,False
False,True,5,v,infinity,as_1896,1896,SUGAR,"Unrefined: Cane, and Other Sorts",Mauritius,,16781,16731,34657,16781,34657,16731,-50,8->3,8,1685102,True,False,0.48,0.48,0.6,5,False,False
False,False,5,v,infinity,as_1897,1893,HATS OR BONNETS,TOW,Italy,Tons,5937,5987,273,5937,273,5987,50,3->8,5,57239,True,False,21.75,21.93,17.79,3,False,False
False,True,5,v,infinity,as_1897,1897,TIN,"Sawn or Split, planed or dressed, Fir",Norway,Loads,55587,55537,24128,55587,24128,55537,-50,8->3,10,557701,True,False,2.3,2.3,5.62,7,False,False
False,True,5,q,infinity,as_1898,1895,"ORE, unenumerated","Of Silver, gilt or ungilt",France,Ozs. troy,12336,12386,12336,4465,12386,4465,50,3->8,6,59877,True,False,0.36,0.36,0.36,2,False,False
False,True,5,v,infinity,as_1898,1897,Cotton,"Manufactures, Broad Stuffs, Velvet, plain or figured, wholly of Silk",France,,183,133,0,183,0,133,-50,8->3,4,600240,True,False,0,0,0,2,False,False
False,True,5,v,infinity,as_1899,1898,BEEF,Applicable to Manufacturing Purposes,Other Foreign Countries,Tons,585,535,113,585,113,535,-50,8->3,10,21821,True,False,5.18,4.73,6.81,4,False,False
False,False,5,v,infinity,as_1899,1895,FRUIT,"Unenumerated, Raw",Cape of Good Hope,Br. els,1430,1480,852,1430,852,1480,50,3->8,5,12705,True,False,1.68,1.74,0.79,3,False,False
False,False,5,q,infinity,as_1899,1896,MALT,Bones for Manure (whether burnt or not),Denmark,Tons,330,380,330,1132,380,1132,50,3->8,17,27336,True,False,3.43,2.98,3.55,7,False,False
False,True,5,v,chandra,as_1872,1872,Meal and Flour,Wheat Meal and Flour,France,Cwts,1256450,1256480,1367176,1256450,1367176,1256480,30,5->8,11,4087639,True,False,0.92,0.92,0.91,8,False,False
False,True,5,v,chandra,as_1874,1874,COTTON MANUFACTURES,Unenumerated,Belgium,,186613,186643,0,186613,0,186643,30,1->4,6,1221272,True,False,0,0,0,4,False,False
False,False,5,q,chandra,as_1874,1874,DYE WOODS,Unenumerated,United States of America,Cwts,1118,1148,1118,9231,1148,9231,30,1->4,8,16023,True,False,8.26,8.04,8.58,6,False,False
False,True,5,q,chandra,as_1875,1875,MADDER,,Other Countries,Cwts,1213,1243,1213,1750,1243,1750,30,1->4,3,38241,True,False,1.44,1.41,2.36,3,False,False
False,True,5,q,chandra,as_1878,1878,MEAT,"Salted or Fresh, not otherwise described",Other Countries,Cwts,3315,3345,3315,9543,3345,9543,30,1->4,5,145981,True,False,2.88,2.85,2.88,4,False,False
False,True,5,q,chandra,as_1879,1879,ASPHALT or BITUMEN,,Other Countries,Tons,1212,1242,1212,2555,1242,2555,30,1->4,5,18269,True,False,2.11,2.06,2.92,5,False,False
False,True,5,q,chandra,as_1879,1879,FISH,Cured or Salted,Other Countries,Cwts,9510,9540,9510,17306,9540,17306,30,1->4,8,714896,True,False,1.82,1.81,1.82,6,False,False
False,True,5,v,chandra,as_1880,1880,FLAX,Dressed,France,Cwts,1755,1785,736,1755,736,1785,30,5->8,4,15062,True,False,2.38,2.43,2.39,3,False,False
False,False,5,q,chandra,as_1880,1880,HAIR,"Cow, Ox, Bull, or Elk",Germany,Cwts,10959,10989,10959,12011,10989,12011,30,5->8,5,85122,True,False,1.1,1.09,1.1,4,False,False
False,True,5,q,chandra,as_1880,1880,PAPER,Millboard and Pasteboard,Germany,Cwts,132513,132543,132513,60958,132543,60958,30,1->4,6,461663,True,False,0.46,0.46,0.71,6,False,False
False,True,5,v,chandra,as_1880,1880,Cotton,,Egypt,Tons,1748956,1748986,219388,1748956,219388,1748986,30,5->8,4,1818046,True,False,7.97,7.97,7.05,3,False,False
False,True,5,q,chandra,as_1881,1881,OIL,Animal,Australasia,,9950,9980,9950,11820,9980,11820,30,5->8,5,67893,True,False,1.19,1.18,1.78,4,False,False
False,True,5,v,chandra,as_1882,1882,SILK MANUFACTURES,Unenumerated,Other Countries,,16019,16049,0,16019,0,16049,30,1->4,6,3407991,True,False,0,0,0,6,False,False
False,True,5,q,chandra,as_1884,1884,BEEF,Salted,British North America,Cwts,4516,4546,4516,9749,4546,9749,30,1->4,4,212389,True,False,2.16,2.14,2.16,3,False,False
False,False,5,v,chandra,as_1884,1884,HAIR,Not being Goats' Hair or Wool,Germany,,5311,5341,0,5311,0,5341,30,1->4,3,5923,True,False,0,0,0,2,False,False
False,True,5,v,chandra,as_1884,1884,IRON,"Manufactures, of Iron and Steel;   Sewing Machines",Belgium,Number,9512,9542,1796,9512,1796,9542,30,1->4,7,284255,True,False,5.3,5.31,3.16,6,False,False
False,True,5,v,chandra,as_1885,1885,ARMS and AMMUNITION,"Rockets, and other Combustibles     for purposes of War, Explosives,     Percussion Caps, and Ammunition,     Unenumerated",Other Foreign Countries,,2258,2288,0,2258,0,2288,30,5->8,6,162342,True,False,0,0,0,4,False,False
False,True,5,v,chandra,as_1891,1891,ZINC,Manufactured,Norway,,9454,9484,0,9454,0,9484,30,5->8,19,6027348,True,False,0,0,0,12,False,False
False,True,5,v,chandra,as_1892,1892,OIL,Coco-Nut,Germany,Cwts,5211,5241,4688,5211,4688,5241,30,1->4,4,10557,True,False,1.11,1.12,1.11,3,False,False
False,True,5,v,chandra,as_1893,1893,DRUGS,"Unenumerated, including Medicinal preparations",Austrian Territories,,24616,24646,0,24616,0,24646,30,1->4,22,629555,True,False,0,0,0,16,False,False
False,True,5,v,chandra,as_1894,1894,ARMS AND AMMUNITION,"Swords, Cutlasses, Bayonets",Other Foreign Countries,Cwts,755,785,0,755,0,785,30,5->8,5,21879,True,False,0,0,0,4,False,False
False,True,5,v,chandra,as_1894,1894,"FLAX, Dressed or Undressed",Tow or Codilla of,Other Foreign Countries,Tons,359,389,13,359,13,389,30,5->8,6,228830,True,False,27.62,29.92,21.46,3,False,False
False,True,5,v,chandra,as_1894,1894,OIL,Unenumerated,France,,37014,37044,0,37014,0,37044,30,1->4,6,164767,True,False,0,0,0,6,False,False
False,True,5,q,chandra,as_1894,1894,"SKINS, FURS, and PELTS",Seal,Uruguay,Number,11010,11040,11010,7950,11040,7950,30,1->4,9,327567,True,False,0.72,0.72,0.72,8,False,False
False,True,5,v,chandra,as_1895,1895,FRUIT,Unenumerated : Raw,Other Foreign Countries,Bushels,650,680,1632,650,1632,680,30,5->8,11,500556,True,False,0.4,0.42,0.4,9,False,False
False,True,5,q,chandra,as_1895,1895,OIL,Turpentine,United States of America,Cwts,492517,492547,492517,511327,492547,511327,30,1->4,3,503683,True,False,1.04,1.04,1.04,3,False,False
False,False,5,q,chandra,as_1896,1896,MEAT,Other Sorts,Germany,Cwts,1652,1682,1652,5741,1682,5741,30,5->8,9,105900,True,False,3.48,3.41,3.72,7,False,False
False,False,5,q,chandra,as_1897,1896,SALTPETRE (Nitrate of Potash),Rape,Russia : Northern Ports,Quarters,250,280,250,204,280,204,30,5->8,8,144721,True,False,0.82,0.73,1.64,5,False,False
False,True,5,v,chandra,as_1898,1897,"COPPER, ORE OF",Peas,Germany,Cwts,16883,16853,46922,16883,46922,16853,-30,8->5,6,453201,True,False,0.36,0.36,0.36,4,False,False
False,True,5,v,chandra,as_1898,1898,SHELLS of all kinds,"Manufactures, Broad Stuffs, Velvet, plain or figured, wholly of Silk",Other Foreign Countries,,350,380,0,350,0,380,30,5->8,4,536043,True,False,0,0,0,4,False,False
False,False,5,v,chandra,as_1898,1895,WOOD AND TIMBER,Mahogany,Honduras (not British),,9235,9265,1410,9235,1410,9265,30,3->6,11,159815,True,True,6.55,6.57,7.56,9,False,False
False,False,5,q,chandra,as_1899,1898,"COPPER, ORE OF","Old, fit only to be re-manu- factured",Norway,Tons,256,286,256,8467,286,8467,30,5->8,15,3705,True,False,33.07,29.6,33.6,9,False,False
False,False,5,q,chandra,as_1899,1898,IRON,"Steel, Unwrought",France,Tons,356,386,356,3643,386,3643,30,5->8,8,39714,True,False,10.23,9.44,10.23,6,False,False
False,True,5,q,chandra,as_1899,1897,LEAD,"Manufactures of, Unenumerated",Germany,Cwts,1512,1542,1512,1073,1542,1073,30,1->4,5,5866,True,False,0.71,0.7,2.11,4,False,False
False,True,5,v,chandra,as_1899,1898,LEAD,"Manufactures of, Unenumerated",Holland,Cwts,4358,4388,1754,4358,1754,4388,30,5->8,5,13357,True,False,2.48,2.5,1.48,4,False,False
False,True,5,v,chandra,as_1899,1897,NUTS AND KERNELS,Castor,Other Foreign Countries,Cwts,155,185,120,155,120,185,30,5->8,4,95039,True,False,1.29,1.54,1.31,4,False,False
False,True,5,q,chandra,as_1899,1897,FRUIT,Currants,"Turkey, Asiatic",Cwts,5356,5386,5356,4852,5386,4852,30,5->8,5,1153142,True,False,0.91,0.9,0.91,4,False,False
False,True,5,q,infinity,as_1872,1872,Iron,"Bars, Unwrought",Belgium,,3410,3440,3410,35401,3440,35401,30,1->4,5,82371,True,False,10.38,10.29,10.38,3,False,False
False,True,5,v,infinity,as_1872,1872,LEAD,Ore,United States of America,Tons,57912,57942,2709,57912,2709,57942,30,1->4,8,228792,True,False,21.38,21.39,15.26,7,False,False
False,False,5,v,infinity,as_1872,1872,WOOD AND TIMBER,Staves,Austrian Territories,,108358,108388,9609,108358,9609,108388,30,5->8,6,623627,True,False,11.28,11.28,9.53,6,False,False
False,False,5,q,infinity,as_1873,1873,ANIMALS,Horses,Denmark,Number,3014,3044,3014,35580,3044,35580,30,1->4,6,17822,True,False,11.8,11.69,37.02,4,False,False
False,True,5,v,infinity,as_1873,1873,MANURES,Unenumerated,Other Countries,Tons,25314,25344,5857,25314,5857,25344,30,1->4,9,297675,True,False,4.32,4.33,3.48,7,False,False
False,True,5,v,infinity,as_1874,1874,POULTRY and GAME (alive or dead) including Rabbits,,United States of America,,7612,7642,0,7612,0,7642,30,1->4,6,270264,True,False,0,0,0,3,False,False
False,True,5,v,infinity,as_1875,1875,BARK,Extracts of Bark or other Substances to be used in Tanning or Dyeing,United States of America,,69816,69846,0,69816,0,69846,30,1->4,5,147399,True,False,0,0,0,4,False,False
False,True,5,q,infinity,as_1875,1875,COPPER,Wheat Meal and Flour,Chili,Cwts,14710,14740,14710,10964,14740,10964,30,1->4,10,6136083,True,False,0.75,0.74,0.77,8,False,False
False,True,5,v,infinity,as_1875,1875,OIL,Unenumerated,Holland,,17216,17246,0,17216,0,17246,30,1->4,7,126896,True,False,0,0,0,5,False,False
False,False,5,q,infinity,as_1876,1876,SPICES,Unenumerated,British India,Lbs,812418,812448,812418,37906,812448,37906,30,1->4,12,7533328,True,False,0.05,0.05,0.05,10,False,False
False,False,5,v,infinity,as_1878,1878,MANGANESE ORE,,Other Countries,Tons,4656,4686,1139,4656,1139,4686,30,5->8,5,40225,True,False,4.09,4.11,4.03,4,False,False
False,True,5,v,infinity,as_1878,1878,ZINC,"Manufactures, Unenumerated",Germany,Cwts,79015,79045,64564,79015,64564,79045,30,1->4,4,385863,True,False,1.22,1.22,1.22,2,False,False
False,True,5,q,infinity,as_1879,1879,COTTON,Yarn,Belgium,Lbs,74251,74281,74251,4520,74281,4520,30,5->8,4,6840297,True,False,0.06,0.06,0.06,3,False,False
False,True,5,q,infinity,as_1879,1879,OIL,Train or Blubber,Spain,Tuns,419,449,419,11552,449,11552,30,1->4,6,17949,True,False,27.57,25.73,26.65,5,False,False
False,True,5,q,infinity,as_1880,1880,ANIMALS LIVING,Swine,United States of America,,12410,12440,12410,33399,12440,33399,30,1->4,7,51191,True,False,2.69,2.68,3.53,5,False,False
False,True,5,v,infinity,as_1880,1880,DYE WOODS,Unenumerated,Mexico,,47617,47647,4148,47617,4148,47647,30,1->4,9,192392,True,False,11.48,11.49,7.61,6,False,False
False,False,5,q,infinity,as_1880,1880,SUGAR,Unrefined of all Kinds,British Possessions in South Africa,Cwts,76652,76682,76652,76720,76682,76720,30,5->8,25,17001613,True,False,1.0,1.0,1.09,20,False,False
False,False,5,q,infinity,as_1883,1883,Hops,,Russia,,1314,1344,1314,10656,1344,10656,30,1->4,9,129900,True,False,8.11,7.93,8.47,8,False,False
False,True,5,q,infinity,as_1883,1883,"RAGS, AND OTHER MATERIALS, FOR MAKING PAPER","Other Materials, and Pulp of Rags and of Wood",Holland,Tons,5310,5340,5310,32990,5340,32990,30,1->4,15,81787,True,False,6.21,6.18,8.95,13,False,False
False,False,5,v,infinity,as_1883,1883,SPICES,Pepper,British India,Lbs,44954,44984,1710306,44954,1710306,44984,30,5->8,12,839003,True,False,0.03,0.03,0.03,9,False,False
False,True,5,q,infinity,as_1884,1884,Corn and Grain,Pease,Egypt,,27518,27548,27518,8730,27548,8730,30,1->4,11,1938969,True,False,0.32,0.32,0.36,7,False,False
False,True,5,v,infinity,as_1884,1884,"LEATHER, Undressed",Boots and Shoes,Holland,Dozen Pairs,50151,50181,15539,50151,15539,50181,30,5->8,5,352567,True,False,3.23,3.23,3.23,5,False,False
False,True,5,v,infinity,as_1884,1884,SUGAR,"Glucose, Solid and Liquid",Germany,Cwts,282419,282449,346804,282419,346804,282449,30,1->4,5,356565,True,False,0.81,0.81,0.81,5,False,False
False,False,5,v,infinity,as_1884,1884,WOOD and TIMBER,Mahogany : Unenumerated,Germany,Tons,9452,9482,811,9452,811,9482,30,5->8,19,457400,True,False,11.65,11.69,8.27,15,False,False
False,False,5,q,infinity,as_1885,1885,NUTS AND KERNELS,Commonly used for expressing Oil therefrom,Portugal,Tons,310,340,310,3900,340,3900,30,1->4,8,23813,True,False,12.58,11.47,12.95,6,False,False
False,True,5,q,infinity,as_1885,1885,WOOL,Sheep or Lambs',China,Lbs,1096915,1096945,1096915,32506,1096945,32506,30,1->4,19,70736135,True,False,0.03,0.03,0.04,13,False,False
False,False,5,v,infinity,as_1887,1887,HAIR,Unenumerated,British East Indies,,1756,1786,0,1756,0,1786,30,5->8,3,3228,True,False,0,0,0,3,False,False
False,False,5,q,infinity,as_1887,1887,"HIDES, Raw, and Pieces thereof",Dry,Italy,Cwts,1614,1644,1614,4813,1644,4813,30,1->4,26,113222,True,False,2.98,2.93,3.03,19,False,False
False,True,5,v,infinity,as_1887,1887,MANURES,Unenumerated,Uruguay,Tons,1412,1442,267,1412,267,1442,30,1->4,7,119282,True,False,5.29,5.4,1.71,5,False,False
False,False,5,q,infinity,as_1888,1888,HONEY,,Spanish West India Islands,Cwts,3014,3044,3014,2683,3044,2683,30,1->4,6,16923,True,False,0.89,0.88,1.42,5,False,False
False,False,5,v,infinity,as_1888,1888,"STATIONERY, other than PAPER",,Belgium,,15014,15044,0,15014,0,15044,30,1->4,7,142423,True,False,0,0,0,4,False,False
False,True,5,q,infinity,as_1890,1890,WOOL'd),"Other Kinds, and Flocks",China,Lbs,49911,49941,49911,1170,49941,1170,30,1->4,7,2278531,True,False,0.02,0.02,0.04,7,False,False
False,False,5,v,infinity,as_1891,1891,SILK,"Thrown, Dyed or not Dyed",Holland,,78014,78044,90140,78014,90140,78044,30,1->4,5,501010,True,False,0.87,0.87,0.82,4,False,False
False,True,5,v,infinity,as_1892,1892,OIL,LINSEED CAKE,Russia,Tons,315016,315046,10211,315016,10211,315046,30,1->4,7,1474195,True,False,30.85,30.85,7.46,4,False,False
False,False,5,v,infinity,as_1892,1892,"RAGS, and other MATERIALS for MAKING PAPER",Linen and Cotton Rags,Channel Islands,Tons,4814,4844,413,4814,413,4844,30,1->4,3,6922,True,False,11.66,11.73,8.53,3,False,False
False,False,5,q,infinity,as_1892,1892,SEEDS,Clover and Grass,Holland,Cwts,17958,17988,17958,25242,17988,25242,30,5->8,6,272323,True,False,1.41,1.4,1.98,6,False,False
False,True,5,v,infinity,as_1893,1893,BACON AND HAMS,Hams,Germany,Cwts,4814,4844,1446,4814,1446,4844,30,1->4,5,2718075,True,False,3.33,3.35,3.19,4,False,False
False,False,5,v,infinity,as_1893,1893,TOBACCO,Unmanufactured,Philippine Islands,Lbs,2410,2440,65363,2410,65363,2440,30,1->4,14,2537229,True,False,0.04,0.04,0.04,10,False,False
False,True,5,q,infinity,as_1893,1893,FRUIT,Unenumerated : Raw,British Possessions in South Africa,Bushels,2912,2942,2912,1897,2942,1897,30,1->4,4,14963,True,False,0.65,0.64,0.77,3,False,False
False,True,5,q,infinity,as_1893,1893,ZINC,Ore of,Spain,Tons,314,344,314,1697,344,1697,30,1->4,11,34380,True,False,5.4,4.93,5.4,10,False,False
False,True,5,q,infinity,as_1894,1894,Corn and Grain,"Meal, unenumerated",Russia,Cwts,43418,43448,43418,8402,43448,8402,30,1->4,8,399142,True,False,0.19,0.19,0.25,7,False,False
False,True,5,v,infinity,as_1894,1894,"FARINACEOUS SUBSTANCES and Manufactures therefrom, unenumerated",Tow or Codilla of,Germany,Tons,14157,14187,661,14157,661,14187,30,5->8,6,228830,True,False,21.42,21.46,21.42,3,False,False
False,False,5,q,infinity,as_1894,1894,FRUIT,Almonds,Portugal,Cwts,14351,14381,14351,26806,14381,26806,30,5->8,9,136006,True,False,1.87,1.86,2.59,7,False,False
False,False,5,v,infinity,as_1894,1894,MANURES,Bones for Manure,Norway,Tons,4610,4640,928,4610,928,4640,30,1->4,14,189117,True,False,4.97,5.0,4.66,18,False,False
False,True,5,v,infinity,as_1895,1895,"SKINS, FURS, and PELTS","SPECIMENS illustrative of NATURAL SCIENCE, not otherwise enumerated",Other Foreign Countries,,1010,1040,0,1010,0,1040,30,1->4,6,6844,True,False,0,0,0,3,False,False
False,False,5,v,infinity,as_1896,1896,DRUGS,Opium,New South Wales,Lbs,1250,1280,1720,1250,1720,1280,30,5->8,4,18127,True,False,0.73,0.74,0.57,4,False,False
False,False,5,q,infinity,as_1896,1896,LEATHER,Undressed,Canada,Lbs,2341059,2341089,2341059,76743,2341089,76743,30,5->8,13,60393325,True,False,0.03,0.03,0.04,9,False,False
False,True,5,v,infinity,as_1896,1896,LEATHER,Dressed,Other British Possessions,Lbs,256,286,5840,256,5840,286,30,5->8,8,85860,True,False,0.04,0.05,0.04,7,False,False
False,True,5,q,infinity,as_1896,1896,MALT,Phosphate of Lime and Rock,United States of America,Tons,126854,126884,126854,226160,126884,226160,30,5->8,8,290670,True,False,1.78,1.78,1.78,5,False,False
False,False,5,v,infinity,as_1896,1896,Beef,Mutton,Canada,Cwts,2056,2086,930,2056,930,2086,30,5->8,6,190910,True,False,2.21,2.24,1.69,3,False,False
False,False,5,v,infinity,as_1896,1896,OIL,Fish: Train or Blubber,Norway,Tuns,116654,116684,6810,116654,6810,116684,30,5->8,10,248215,True,False,17.13,17.13,15.75,7,False,False
False,True,5,q,infinity,as_1896,1896,PAPER AND PASTEBOARD,Wood Pulp Boards,Germany,Cwts,43614,43644,43614,20616,43644,20616,30,1->4,9,175352,True,False,0.47,0.47,0.47,6,False,False
False,True,5,q,infinity,as_1896,1896,WOOLLEN YARN,Unenumerated,France,Lbs,10410,10440,10410,276,10440,276,30,1->4,4,48930,True,False,0.03,0.03,0.06,4,False,False
False,True,5,v,infinity,as_1896,1896,ZINC,Manufactured,Denmark,,46612,46642,0,46612,0,46642,30,1->4,19,7001664,True,False,0,0,0,14,False,False
False,True,5,v,infinity,as_1897,1893,FLAX,TOW,Russia : Northern Ports,Tons,133652,133682,5118,133652,5118,133682,30,5->8,5,200434,True,False,26.11,26.12,15.08,3,False,False
False,False,5,v,infinity,as_1897,1895,FLAX,"Plums, Raw",United States of America,Bushels,12052,12082,10061,12052,10061,12082,30,5->8,5,165606,True,False,1.2,1.2,0.3,4,False,False
False,False,5,v,infinity,as_1897,1896,Beef,Eastern Coast of Africa,Australasia,,2050,2080,0,2050,0,2080,30,5->8,5,10409,True,False,0,0,0,3,False,False
False,True,5,q,infinity,as_1897,1895,Cotton,Dutch Possessions in Indian Seas,Denmark,Tons,1856,1886,1856,4725,1886,4725,30,5->8,8,41531,True,False,2.55,2.51,2.55,6,False,False
False,True,5,q,infinity,as_1897,1894,"CARDS, PLAYING",,Germany,Dozen Packs,2352,2382,2352,1600,2382,1600,30,5->8,3,108040,True,False,0.68,0.67,0.68,6,False,False
False,True,5,q,infinity,as_1897,1894,"CARDS, PLAYING",,Other Foreign Countries,Dozen Packs,251,281,251,31,281,31,30,5->8,3,18360,True,False,0.12,0.11,0.14,6,False,False
False,True,5,v,infinity,as_1897,1896,"CARDS, PLAYING",,Germany,Dozen Packs,254,284,18224,254,18224,284,30,5->8,5,2043,True,False,0.01,0.02,0.01,4,False,False
False,False,5,q,infinity,as_1898,1897,"CHINA, OR PORCELAIN, AND EARTHENWARE","Meal, not otherwise enumerated or described",Argentine Republic,Cwts,40050,40080,40050,7230,40080,7230,30,5->8,13,817124,True,False,0.18,0.18,0.2,13,False,False
False,False,5,q,infinity,as_1898,1897,FLAX,"Unenumerated, Raw",Other British Possessions,,6153,6183,6153,2215,6183,2215,30,5->8,4,47906,True,False,0.36,0.36,0.46,4,False,False
False,False,5,v,infinity,as_1898,1895,HATS OR BONNETS,TOW,Germany,Tons,27057,27087,1883,27057,1883,27087,30,5->8,5,74219,True,False,14.37,14.39,14.37,5,False,False
False,False,5,v,infinity,as_1898,1894,IRON,"Steel, Unwrought",Sweden,Tons,51655,51685,5506,51655,5506,51685,30,5->8,8,76604,True,False,9.38,9.39,8.6,3,False,False
False,True,5,q,infinity,as_1898,1895,LEATHER,Yarn,France,Lbs,2637750,2637780,2637750,101753,2637780,101753,30,5->8,4,25657461,True,False,0.04,0.04,0.04,4,False,False
False,True,5,v,infinity,as_1898,1895,METAL,"Fish, Sperm or Head-matter",Australasia : New South Wales,Tuns,3050,3080,102,3050,102,3080,30,5->8,3,6444,True,False,29.9,30.2,29.9,3,False,False
False,False,5,v,infinity,as_1899,1897,ALKALI,Stallions,Argentine Republic,,1150,1180,23,1150,23,1180,30,5->8,8,33125,True,False,50.0,51.3,50.0,5,False,False
False,True,5,q,infinity,as_1899,1897,CHEESE,Peas,Russia : Northern Ports,Cwts,861810,861840,861810,222887,861840,222887,30,1->4,8,1639245,True,False,0.26,0.26,0.36,6,False,False
False,True,5,v,infinity,as_1899,1896,Bark,Cutch and Gambier,Other Foreign Countries,Tons,1910,1940,79,1910,79,1940,30,1->4,6,14393,True,False,24.18,24.56,23.84,4,False,False
False,True,5,v,infinity,as_1899,1895,HATS OR BONNETS,Of Straw,France,,73352,73382,365688,73352,365688,73382,30,5->8,8,130236,True,False,0.2,0.2,0.15,6,False,False
False,False,5,q,infinity,as_1899,1897,MALT,Bones for Manure (whether burnt or not),Spain,Tons,759,789,759,2864,789,2864,30,5->8,17,25018,True,False,3.77,3.63,3.77,10,False,False
False,True,5,v,infinity,as_1899,1895,Cotton,"Knubs or Husks of Silk, and Waste",Germany,Cwts,2957,2987,263,2957,263,2987,30,5->8,11,355246,True,False,11.24,11.36,9.04,10,False,False
False,False,5,v,infinity,as_1899,1899,WOOL,"Goats' wool, Mohair",Asiatic,,3517,3547,68100,3517,68100,3547,30,1->4,7,911613,True,False,0.05,0.05,0.05,7,False,False
False,True,5,q,infinity,as_1899,1898,"CARDS, PLAYING",Rum,British West India Islands,Proof Gallons,1196211,1196241,1196211,106223,1196241,106223,30,1->4,8,4901675,True,False,0.09,0.09,0.09,5,False,False
False,True,5,v,chandra,as_1874,1874,MADDER,Garancine,Other Countries,Cwts,230,250,42,230,42,250,20,3->5,4,389380,True,True,5.48,5.95,7.2,4,False,False
False,False,5,v,chandra,as_1874,1874,MANGANESE ORE,,Holland,Tons,7339,7359,2297,7339,2297,7359,20,3->5,4,96407,True,True,3.2,3.2,5.89,3,False,False
False,True,5,q,chandra,as_1874,1874,SEEDS,"Unenumerated, commonly used for expressing     Oil therefrom",Other Countries,Quarters,12939,12959,12939,41096,12959,41096,20,3->5,5,104569,True,True,3.18,3.17,2.91,4,False,False
False,False,5,v,chandra,as_1882,1882,CANDLES,of all Sorts,Belgium,,134589,134569,50037,134589,50037,134569,-20,8->6,5,280393,True,False,2.69,2.69,2.69,3,False,False
False,True,5,v,chandra,as_1884,1884,"CHEMICAL MANUFACTURES and PRODUCTS, Unenumerated",,Australasia,,1768,1788,0,1768,0,1788,20,6->8,16,1504021,True,False,0,0,0,12,False,False
False,False,5,v,chandra,as_1884,1884,ISINGLASS,,Brazil,Cwts,25662,25682,1399,25662,1399,25682,20,6->8,7,120500,True,False,18.34,18.36,13.55,5,False,False
False,False,5,q,chandra,as_1896,1896,"COPPER, Ore of",Regulus and Precipitate,United States of America,Tons,20636,20656,20636,591648,20656,591648,20,3->5,10,81507,True,True,28.67,28.64,26.17,10,False,False
False,True,5,v,chandra,as_1897,1895,TOBACCO,"Red, in Bottles, Still",Australasia,Gallons,1584,1564,4324,1584,4324,1564,-20,8->6,4,6028,True,False,0.37,0.36,0.48,3,False,False
False,True,5,v,chandra,as_1899,1898,WOOD AND TIMBER,"Sawn or Split, planed or dressed,     Fir",Victoria,Loads,4050,4030,730,4050,730,4030,-20,5->3,7,3775047,True,True,5.55,5.52,2.61,5,False,False
False,True,5,v,infinity,as_1878,1878,TIN,"In Blocks, Ingots, Bars, or Slabs, and Regulus",Straits Settlements,Cwts,368268,368288,115890,368268,115890,368288,20,6->8,5,1041026,True,False,3.18,3.18,3.11,5,False,False
False,False,5,v,infinity,as_1882,1882,Bark,Cutch and Gambier,United States of America,Tons,10530,10550,638,10530,638,10550,20,3->5,6,693003,True,True,16.5,16.54,27.97,5,False,False
False,True,5,v,infinity,as_1883,1883,PAPER,For Printing or Writing,Holland,Cwts,8533,8553,6383,8533,6383,8553,20,3->5,12,342840,True,True,1.34,1.34,1.83,10,False,False
False,True,5,v,infinity,as_1885,1885,ANIMALS LIVING,Calves,Other Foreign Countries,,32,52,11,32,11,52,20,3->5,4,208528,True,True,2.91,4.73,4.7,2,False,False
False,True,5,q,infinity,as_1885,1885,ZINC,"Manufactures, Unenumerated",Holland,Cwts,167360,167380,167360,150508,167380,150508,20,6->8,4,390793,True,False,0.9,0.9,0.96,2,False,False
False,True,5,v,infinity,as_1891,1891,OIL,Seed,France,Tons,120051,120031,3859,120051,3859,120031,-20,5->3,9,608470,True,True,31.11,31.1,26.95,8,False,False
False,False,5,v,infinity,as_1892,1892,IRON and STEEL,"Old Broken, and Old Cast Iron and Steel",Australasia,Tons,1946,1966,974,1946,974,1966,20,4->6,4,6519,True,True,2.0,2.02,2.86,4,False,False
False,True,5,v,infinity,as_1893,1893,Corn and Grain,Wheat Meal or Flour,Germany,Cwts,52239,52259,116164,52239,116164,52259,20,3->5,8,9238845,True,True,0.45,0.45,0.49,8,False,False
False,True,5,v,infinity,as_1893,1893,WOOD and TIMBER,"Sawn, Unenumerated",France,,40867,40887,9372,40867,9372,40887,20,6->8,8,266932,True,False,4.36,4.36,3.78,7,False,False
False,True,5,v,infinity,as_1894,1894,FRUIT,"Pears, Raw",Belgium,,168037,168057,693017,168037,693017,168057,20,3->5,6,403348,True,True,0.24,0.24,0.27,6,False,False
False,True,5,q,infinity,as_1895,1895,CONFECTIONERY,Regulus and Precipitate,Portugal,Tons,4938,4958,4938,147760,4958,147760,20,3->5,12,76379,True,True,29.92,29.8,27.18,12,False,False
False,True,5,v,infinity,as_1895,1895,OIL,"Chemical, Essential, or Perfumed",Italy,Lbs,68130,68150,295139,68130,295139,68150,20,3->5,9,216447,True,True,0.23,0.23,0.29,6,False,False
False,True,5,q,infinity,as_1896,1896,SPICES,Cinnamon,Other Foreign Countries,Lbs,4750,4730,4750,82,4730,82,-20,5->3,3,61250,True,True,0.02,0.02,0.03,3,False,False
False,True,5,q,infinity,as_1899,1895,ALKALI,"Shot, Large and Small",France,,161,181,161,253,181,253,20,6->8,6,8054,True,False,1.57,1.4,1.57,5,False,False
False,True,5,v,infinity,as_1899,1897,GOLD,Leaves of,Holland,Number,681,661,330000,681,330000,661,-20,8->6,5,133319,True,False,0.0,0.0,0.0,5,False,False
False,True,5,q,chandra,as_1877,1877,WOOD and TIMBER,"Hewn, Fir : Unenumerated",United States of America,Loads,3382,3392,3382,13666,3392,13666,10,8->9,8,91950,True,True,4.04,4.03,3.94,8,False,False
False,True,5,q,chandra,as_1892,1892,IRON and STEEL,Pig and Puddled,Other Foreign Countries,Tons,425,435,425,1538,435,1538,10,2->3,5,56527,True,False,3.62,3.54,3.62,4,False,False
False,True,5,v,chandra,as_1896,1896,SILK,Raw,Hong Kong,Lbs,69058,69068,138190,69058,138190,69068,10,5->6,4,166620,True,False,0.5,0.5,0.5,3,False,False
False,True,5,v,chandra,as_1897,1896,DYE WOODS,Logwood,United States of America : On the Atlantic,Tons,2785,2795,564,2785,564,2795,10,8->9,7,208052,True,True,4.94,4.96,5.97,7,False,False
False,True,5,v,chandra,as_1898,1896,"HORNS, tips and pieces of Horns and Hoofs",Vegetable,Germany,Cwts,3096,3086,6673,3096,6673,3086,-10,9->8,4,12462,True,True,0.46,0.46,0.44,4,False,False
False,True,5,v,infinity,as_1872,1872,SPICES,Unenumerated,Germany,Lbs,14561,14551,416840,14561,416840,14551,-10,6->5,10,310317,True,False,0.03,0.03,0.03,9,False,False
False,True,5,v,infinity,as_1875,1875,DYE WOODS,Unenumerated,United States of America,Tons,18893,18883,2212,18893,2212,18883,-10,9->8,10,225361,True,True,8.54,8.54,8.0,10,False,False
False,True,5,v,infinity,as_1875,1875,HORNS,Tips and Pieces of Horn and Hoofs,Bengal and Burmah,Tons,22162,22152,775,22162,775,22152,-10,6->5,13,172966,True,False,28.6,28.58,30.78,12,False,False
False,True,5,q,infinity,as_1876,1876,ANIMALS,Horses,Other Countries,Number,163,153,163,6504,153,6504,-10,6->5,9,41148,True,False,39.9,42.51,39.97,8,False,False
False,True,5,q,infinity,as_1879,1879,FEATHERS,Cured or Salted,Norway,Cwts,87320,87330,87320,77658,87330,77658,10,2->3,8,714896,True,False,0.89,0.89,1.81,7,False,False
False,True,5,v,infinity,as_1882,1882,Corn and Grain,Wheat,Southern Ports,Cwts,3345168,3345158,6860650,3345168,6860650,3345158,-10,6->5,15,34259126,True,False,0.49,0.49,0.51,14,False,False
False,True,5,q,infinity,as_1884,1884,Corn and Grain,"Madder, Madder Root, Garancine, and Munjeet",France,Cwts,5793,5783,5793,5868,5783,5868,-10,9->8,3,23208,True,True,1.01,1.01,1.14,3,False,False
False,True,5,v,infinity,as_1884,1884,"HEMP, Dressed or Undressed",Tow or Codilla of,Other Countries,Cwts,2860,2850,4058,2860,4058,2850,-10,6->5,4,86812,True,False,0.7,0.7,1.02,3,False,False
False,True,5,q,infinity,as_1884,1884,OIL,"Fish, Train, or Blubber",British North America,Tons,6363,6353,6363,192658,6353,192658,-10,6->5,11,16032,True,False,30.28,30.33,25.78,11,False,False
False,True,5,v,infinity,as_1884,1884,SUGAR,Molasses,United States of America,Cwts,124698,124688,346102,124698,346102,124688,-10,9->8,7,147268,True,True,0.36,0.36,0.33,6,False,False
False,True,5,v,infinity,as_1884,1884,WOOL,"Other Kinds, and Flocks",Holland,Lbs,4895,4885,67890,4895,67890,4885,-10,9->8,5,69813,True,True,0.07,0.07,0.06,4,False,False
False,True,5,q,infinity,as_1885,1885,"CORN, GRAIN, MEAL, and FLOUR",Pease,Egypt,Cwts,21992,21982,21992,6133,21982,6133,-10,9->8,8,866952,True,True,0.28,0.28,0.36,8,False,False
False,True,5,q,infinity,as_1885,1885,"CORN, GRAIN, MEAL, and FLOUR","Meal, unenumerated",Portugal,Cwts,61193,61183,61193,14107,61183,14107,-10,9->8,9,265639,True,True,0.23,0.23,0.29,9,False,False
False,True,5,q,infinity,as_1885,1885,DRUGS,"Bark, Peruvian",Germany,Cwts,393,383,393,2626,383,2626,-10,9->8,9,14374,True,True,6.68,6.86,10.45,8,False,False
False,True,5,v,infinity,as_1886,1886,FRUIT,Oranges and Lemons,Egypt,Bushels,15868,15858,47939,15868,47939,15858,-10,6->5,11,1480708,True,False,0.33,0.33,0.36,10,False,False
False,True,5,q,infinity,as_1889,1889,CHICORY,Brandy,Italy,Proof Gallons,2410,2400,2410,718,2400,718,-10,1->0,7,2856449,True,True,0.3,0.3,0.32,7,False,False
False,True,5,v,infinity,as_1890,1890,"ANIMALS, LIVING",Mares,Australasia,No,60,50,1,60,1,50,-10,6->5,3,4545,True,False,60.0,50.0,57.65,2,False,False
False,False,5,v,infinity,as_1890,1890,COTTON MANUFACTURES,Unenumerated,United States of America,,10563,10553,0,10563,0,10553,-10,6->5,6,1338395,True,False,0,0,0,6,False,False
False,True,5,v,infinity,as_1890,1890,"PRECIOUS STONES, unset",,China,,14360,14350,0,14360,0,14350,-10,6->5,5,68446,True,False,0,0,0,4,False,False
False,True,5,v,infinity,as_1892,1892,GLASS,"Manufactures of, unenumerated",Germany,Cwts,583164,583154,662646,583164,662646,583154,-10,6->5,9,1535613,True,False,0.88,0.88,1.25,9,False,False
False,False,5,v,infinity,as_1895,1895,LEATHER MANUFACTURES,Gloves,France,Dozen Pairs,779765,779755,747998,779765,747998,779755,-10,6->5,5,2177895,True,False,1.04,1.04,1.04,4,False,False
False,False,5,q,infinity,as_1896,1896,COTTON,Raw,Other British Possessions,Cwts,768,758,768,1793,758,1793,-10,6->5,6,595193,True,False,2.33,2.37,1.91,6,False,False
False,True,5,v,infinity,as_1897,1896,SUGAR,"Unrefined, Cane, and other Sorts",France,Cwts,6227,6237,9580,6227,9580,6237,10,2->3,18,2480775,True,False,0.65,0.65,0.59,17,False,False
False,False,5,v,infinity,as_1897,1895,WOOL,"Alpaca, Vicuña, and Llama",Germany,,14527,14517,257420,14527,257420,14517,-10,2->1,4,290797,True,False,0.06,0.06,0.07,4,False,False
False,False,5,q,infinity,as_1897,1897,"CARDS, PLAYING",,Germany,Dozen Packs,728,738,728,23,738,23,10,2->3,3,11904,True,False,0.03,0.03,0.03,3,False,False
False,True,5,q,infinity,as_1898,1895,FLAX,"Unenumerated, Raw",Canada,,91,81,91,46,81,46,-10,9->8,5,12555,True,True,0.51,0.57,0.79,5,False,False
False,True,5,q,infinity,as_1898,1897,SUGAR,"Hewn, Oak",United States of America,Loads,88465,88455,88465,498774,88455,498774,-10,6->5,10,143857,True,False,5.64,5.64,5.64,9,False,False
False,True,5,q,infinity,as_1899,1897,CHEESE,"Old, fit only to be re-manu- factured",Holland,Tons,223,233,223,6214,233,6214,10,2->3,14,2935,True,False,27.87,26.67,34.77,12,False,False
False,True,5,v,infinity,as_1899,1897,SUGAR,"Manufactures of, unenumerated",Holland,,463,453,0,463,0,453,-10,6->5,5,6974,True,False,0,0,0,5,False,False
False,True,5,v,infinity,as_1899,1898,"CARDS, PLAYING","Unenumerated, Sweetened, or Mixed (Tested)",Norway,Proof Gallons,65,55,74,65,74,55,-10,6->5,12,176056,True,False,0.88,0.74,1.44,11,False,False
False,False,5,v,chandra,as_1877,1877,"BRASS, BRONZE and METAL, Bronzed and Lacquered",,France,Cwts,42470,42479,2713,42470,2713,42479,9,0->9,5,85765,True,False,15.65,15.66,6.43,2,False,False
False,False,5,v,chandra,as_1880,1880,PAPER,Unenumerated,France,,106720,106729,0,106720,0,106729,9,0->9,8,471453,True,False,0,0,0,2,False,False
False,False,5,v,chandra,as_1888,1888,OIL,Fish: Train or Blubber,Germany,Tuns,6280,6289,308,6280,308,6289,9,0->9,12,182162,True,False,20.39,20.42,16.67,2,False,False
False,False,5,v,chandra,as_1898,1895,CONFECTIONERY (not containing any article liable to Duty),,Holland,Cwts,7380,7389,1662,7380,1662,7389,9,0->9,8,96143,True,False,4.44,4.45,3.35,2,False,False
False,False,5,v,chandra,as_1898,1895,"COPPER, ORE OF",Raw,British East Indies : Burmah,Cwts,189,180,150,189,150,180,-9,9->0,9,776211,True,False,1.26,1.2,1.62,2,False,False
False,False,5,q,chandra,as_1898,1894,FISH (including Turtle),"Cured, Sardines",United States of America,Cwts,39,30,39,120,30,120,-9,9->0,7,104165,True,False,3.08,4.0,2.24,3,False,False
False,False,5,q,chandra,as_1898,1895,PORK,Fresh,Argentine Republic,Cwts,330,339,330,687,339,687,9,0->9,7,287694,True,False,2.08,2.03,2.48,2,False,False
False,False,5,v,chandra,as_1898,1895,WOOD AND TIMBER,"Hewn, Fir",Australasia,Loads,620,629,100,620,100,629,9,0->9,3,307832,True,False,6.2,6.29,4.39,2,False,False
False,False,5,v,chandra,as_1898,1896,WOOL,Other Goats' Wool or Hair,China,,19210,19219,584530,19210,584530,19219,9,0->9,5,24066,True,False,0.03,0.03,0.02,2,False,False
False,False,5,q,chandra,as_1899,1895,MEAT,"Unenumerated, Salted or Fresh",Belgium,Cwts,8020,8029,8020,10589,8029,10589,9,0->9,8,228742,True,False,1.32,1.32,1.76,2,False,False
False,False,5,v,chandra,as_1899,1897,SEEDS,Clover and Grass,Australasia : New South Wales,Cwts,10,19,6,10,6,19,9,0->9,4,54473,True,False,1.67,3.17,2.26,2,False,False
False,True,5,q,infinity,as_1897,1894,"CHINA, OR PORCELAIN, AND EARTHENWARE",,Newfoundland,Tons,17960,17969,17960,26956,17969,26956,9,0->9,7,34489,True,False,1.5,1.5,11.41,2,False,False
False,False,5,q,infinity,as_1897,1894,DRUGS,Opium,Asiatic,Lbs,188260,188269,188260,92947,188269,92947,9,0->9,9,436253,True,False,0.49,0.49,0.5,5,False,False
False,False,5,q,infinity,as_1897,1897,"CARDS, PLAYING",,Germany,Dozen Packs,6950,6959,6950,532,6959,532,9,0->9,5,43100,True,False,0.08,0.08,0.13,3,False,False
False,False,5,v,infinity,as_1897,1897,"CARDS, PLAYING",Unmanufactured,Australasia,Lbs,99,90,3782,99,3782,90,-9,9->0,5,977,True,False,0.03,0.02,0.04,2,False,False
False,False,5,v,infinity,as_1898,1894,"ANIMALS, LIVING",Oxen and Bulls,Canada,Number,1315770,1315779,80450,1315770,80450,1315779,9,0->9,3,1318987,True,False,16.36,16.36,16.36,2,False,False
False,True,5,v,infinity,as_1898,1898,BEEF,Fresh,Canada,Cwts,41160,41169,21543,41160,21543,41169,9,0->9,6,994529,True,False,1.91,1.91,1.57,2,False,False
False,False,5,v,infinity,as_1898,1894,"CHINA, OR PORCELAIN, AND EARTHENWARE",,United States of America,Tons,22800,22809,1478,22800,1478,22809,9,0->9,14,301667,True,False,15.43,15.43,9.02,5,False,False
False,False,5,q,infinity,as_1898,1895,LEATHER,Undressed,Spain,Cwts,100,109,100,424,109,424,9,0->9,19,370081,True,False,4.24,3.89,4.91,4,False,False
False,False,5,v,infinity,as_1898,1898,METAL,"Other sorts, unenumerated (not used as fruit)",Spain,,240,249,0,240,0,249,9,0->9,7,8173,True,False,0,0,0,2,False,False
False,False,5,q,infinity,as_1898,1897,METAL,Coco-nut,Germany,Cwts,1200,1209,1200,1310,1209,1310,9,0->9,6,78133,True,False,1.09,1.08,1.09,3,False,False
False,False,5,v,infinity,as_1898,1896,PORK,Salted (not hams),United States of America,,176070,176079,137673,176070,137673,176079,9,0->9,7,272675,True,False,1.28,1.28,0.99,2,False,False
False,False,5,v,infinity,as_1899,1898,CHEESE,Oats,Australasia : Victoria,Cwts,1560,1569,4400,1560,4400,1569,9,0->9,4,709864,True,False,0.35,0.36,0.35,2,False,False
False,False,5,q,infinity,as_1899,1897,CHEESE,Raw,British East Indies : Bombay,Cwts,216560,216569,216560,371315,216569,371315,9,0->9,9,383690,True,False,1.71,1.71,1.73,3,False,False
False,False,5,q,infinity,as_1899,1896,Bark,Valonia,Italy,Tons,260,269,260,2277,269,2277,9,0->9,7,32795,True,False,8.76,8.46,9.14,2,False,False
False,False,5,v,infinity,as_1899,1897,"FLOWERS, ARTIFICIAL",,Belgium,,3050,3059,0,3050,0,3059,9,0->9,5,651152,True,False,0,0,0,2,False,False
False,False,5,q,infinity,as_1899,1897,"CARDS, PLAYING",,Germany,Dozen Packs,6950,6959,6950,832,6959,832,9,0->9,5,43100,True,False,0.12,0.12,0.14,2,False,False
False,False,5,q,infinity,as_1899,1895,"CARDS, PLAYING","Kiln Dried, Roasted, or Ground",Other Foreign Countries,Lbs,1370,1379,1370,65,1379,65,9,0->9,6,15795,True,False,0.05,0.05,0.05,2,False,False
False,False,5,v,infinity,as_1899,1898,"CARDS, PLAYING","Liqueurs, Cordials, &c., not tested, for ascertaining the strength",Holland,Gallons,1240,1249,1092,1240,1092,1249,9,0->9,8,20471,True,False,1.14,1.14,1.14,2,False,False
False,False,5,q,chandra,as_1877,1877,WOOD and TIMBER,"Hewn, Fir : Oak",France,Loads,3059,3052,3059,14345,3052,14345,-7,9->2,7,120118,True,True,4.69,4.7,6.27,2,False,False
False,True,5,q,chandra,as_1874,1874,BACON and HAMS,Hams,Denmark,Cwts,6060,6066,6060,18125,6066,18125,6,0->6,5,187759,True,False,2.99,2.99,3.23,4,False,False
False,False,5,v,chandra,as_1882,1882,"ART, WORKS OF, other than PICTURES",,Italy,,46220,46226,0,46220,0,46226,6,0->6,5,117932,True,False,0,0,0,2,False,False
False,False,5,q,chandra,as_1897,1896,SLATES,"Refined, or rendered by any process equal thereto : In Lumps and Loaves",Holland,,987210,987216,987210,730283,987216,730283,6,0->6,7,2645654,True,False,0.74,0.74,0.74,3,False,False
False,False,5,q,chandra,as_1898,1894,AMMUNITION,Oxen and Bulls,Australasia : New South Wales,Number,30,36,30,568,36,568,6,0->6,3,80603,True,False,18.93,15.78,18.93,2,False,False
False,True,5,q,chandra,as_1899,1896,"HORNS, tips and pieces of Horns and Hoofs",Eastern Coast of Africa,Australasia : South Australia,,40,46,40,809,46,809,6,0->6,15,3668,True,False,20.23,17.59,30.21,5,False,False
False,True,5,v,chandra,as_1899,1896,SILK,"Manufactures of Silk or of Silk mixed with other Materials, unenumerated",British East Indies : Straits Settlements,Silk Manufactures,476,470,0,476,0,470,-6,6->0,9,313801,True,False,0,0,0,4,False,False
False,False,5,v,chandra,as_1899,1896,TOBACCO,Unmanufactured,Australasia,,3510,3516,20077,3510,20077,3516,6,0->6,5,6233,True,False,0.17,0.18,0.02,3,False,False
False,False,5,v,infinity,as_1888,1888,"ANIMALS, LIVING",Sheep and Lambs,Portugal,No,89,83,52,89,52,83,-6,9->3,8,1651277,True,False,1.71,1.6,1.71,5,False,False
False,True,5,q,infinity,as_1894,1894,HAIR,"Cow, Ox, Bull, or Elk",Belgium,Cwts,1516,1510,1516,1504,1510,1504,-6,6->0,7,61990,True,False,0.99,1.0,0.99,4,False,False
False,True,5,v,infinity,as_1897,1895,WOOLLEN YARN,"Crude, in cakes",Canada,Tons,590,596,44,590,44,596,6,0->6,3,4448,True,False,13.41,13.55,10.94,3,False,False
False,False,5,q,infinity,as_1898,1897,LEAD,Pig and Sheet,Spain,Tons,98090,98096,98090,1103483,98096,1103483,6,0->6,15,150370,True,False,11.25,11.25,11.65,10,False,False
False,True,5,q,infinity,as_1898,1898,METAL,Castor,Russia,Cwts,160,166,160,133,166,133,6,0->6,5,83966,True,False,0.83,0.8,1.3,3,False,False
False,False,5,v,infinity,as_1898,1896,Cotton,,Other Foreign Countries,Tons,330,336,66,330,66,336,6,0->6,11,1728253,True,False,5.0,5.09,4.39,4,False,False
False,False,5,q,infinity,as_1898,1897,SUGAR,"In Blocks, Ingots, Bars, or Slabs",Germany,Cwts,2310,2316,2310,6716,2316,6716,6,0->6,6,40754,True,False,2.91,2.9,2.99,6,False,False
False,False,5,q,infinity,as_1898,1896,SUGAR,"Sawn or Split, planed or dressed, Fir",United States of America : On the Pacific,Loads,1340,1346,1340,3136,1346,3136,6,0->6,11,4460220,True,False,2.34,2.33,2.34,6,False,False
False,False,5,q,infinity,as_1898,1894,SPIRITS,Rum,Holland,Proof Gallons,17230,17236,17230,917,17236,917,6,0->6,8,1159055,True,False,0.05,0.05,0.06,6,False,False
False,False,5,q,infinity,as_1899,1897,EGGS,,Other British Possessions,Gt. Hunds,330,336,330,81,336,81,6,0->6,5,613361,True,False,0.25,0.24,0.33,3,False,False
False,False,5,v,infinity,as_1899,1899,"FLOWERS, ARTIFICIAL",,France,,557590,557596,0,557590,0,557596,6,0->6,5,646104,True,False,0,0,0,2,False,False
False,True,5,q,infinity,as_1899,1895,OIL,Coco-nut,Belgium,Cwts,29463,29469,29463,33156,29469,33156,6,3->9,5,32907,True,False,1.13,1.13,1.18,2,False,False
False,False,5,v,chandra,as_1877,1877,Corn and Grain,Barley,Algeria,Cwts,33258,33253,96427,33258,96427,33253,-5,8->3,13,5396019,True,False,0.34,0.34,0.4,9,False,False
False,False,5,q,chandra,as_1878,1878,BACON and HAMS,Bacon,Denmark,Cwts,20458,20453,20458,63757,20453,63757,-5,8->3,6,3488357,True,False,3.12,3.12,1.95,3,False,False
False,True,5,q,chandra,as_1878,1878,Corn and Grain,Pease,Russia,Cwts,37243,37248,37243,14010,37248,14010,5,3->8,7,1824118,True,False,0.38,0.38,0.41,5,False,False
False,False,5,v,chandra,as_1878,1878,PAPER,Millboard and Pasteboard,Norway,,9763,9768,12177,9763,12177,9768,5,3->8,6,220664,True,False,0.8,0.8,0.7,4,False,False
False,False,5,v,chandra,as_1882,1882,OIL,"Chemical, Essential, or Perfumed",China,Lbs,6418,6413,22447,6418,22447,6413,-5,8->3,8,211428,True,False,0.29,0.29,0.41,7,False,False
False,False,5,v,chandra,as_1883,1883,"SKINS, FURS, and PELTS","Manufactures of, including Rugs",France,,271818,271813,0,271818,0,271813,-5,8->3,12,506538,True,False,0,0,0,8,False,False
False,False,5,v,chandra,as_1886,1886,"SKINS, FURS, and PELTS","Manufactures of, including Rugs",Other Foreign Countries,,2353,2358,0,2353,0,2358,5,3->8,6,499521,True,False,0,0,0,2,False,False
False,False,5,v,chandra,as_1888,1888,ARMS AND AMMUNITION,"Swords, Cutlasses, Matchets, Bayonets",Holland,Cwts,4688,4683,1394,4688,1394,4683,-5,8->3,5,5976,True,False,3.36,3.36,3.36,2,False,False
False,False,5,q,chandra,as_1889,1889,CAOUTCHOUK,East Africa,British East Indies,,14993,14998,14993,125095,14998,125095,5,3->8,6,39511,True,False,8.34,8.34,8.34,2,False,False
False,True,5,q,chandra,as_1889,1889,NUTS AND KERNELS,Commonly used for expressing oil therefrom,United States of America,Tons,223,228,223,2277,228,2277,5,3->8,12,23506,True,False,10.21,9.99,13.34,8,False,False
False,False,5,q,chandra,as_1890,1890,DYE WOODS,Unenumerated,Holland,Tons,88,83,88,765,83,765,-5,8->3,13,19169,True,False,8.69,9.22,5.85,8,False,False
False,True,5,v,chandra,as_1890,1890,"PLANTS, SHRUBS, TREES, and FLOWER ROOTS",,Channel Islands,,3853,3858,0,3853,0,3858,5,3->8,7,14898,True,False,0,0,0,4,False,False
False,True,5,q,chandra,as_1893,1893,EGGS,,Gibraltar,Great Hundreds,3513,3518,3513,1145,3518,1145,5,3->8,4,233537,True,False,0.33,0.33,0.36,2,False,False
False,True,5,q,chandra,as_1896,1896,IRON,Unenumerated,Australasia,Cwts,9593,9598,9593,3512,9598,3512,5,3->8,3,24115,True,False,0.37,0.37,1.08,2,False,False
False,False,5,q,chandra,as_1897,1895,NUTS AND KERNELS,Seed,Japan,,173,178,173,3309,178,3309,5,3->8,9,35872,True,False,19.13,18.59,19.13,6,False,False
False,False,5,q,chandra,as_1897,1894,SLATES,"Refined, or rendered by any process equal thereto : In Lumps and Loaves",Russia : Southern Ports,,17653,17658,17653,14683,17658,14683,5,3->8,6,2711040,True,False,0.83,0.83,0.85,3,False,False
False,True,5,v,chandra,as_1897,1894,COFFEE,"Kiln Dried, Roasted, or Ground",Belgium,Lbs,28,23,641,28,641,23,-5,8->3,6,623,True,False,0.04,0.04,0.05,3,False,False
False,True,5,v,chandra,as_1897,1895,SPIRITS,Rum,Other Foreign Countries,,113,118,1664,113,1664,118,5,3->8,7,85047,True,False,0.07,0.07,0.07,4,False,False
False,True,5,q,chandra,as_1898,1894,BEEF,Fresh,United States of America,Cwts,1775533,1775538,1775533,3726337,1775538,3726337,5,3->8,7,1799417,True,False,2.1,2.1,2.26,5,False,False
False,False,5,v,chandra,as_1898,1894,"CLOCKS, AND PARTS THEREOF",,Germany,,32123,32128,0,32123,0,32128,5,3->8,6,442031,True,False,0,0,0,4,False,False
False,True,5,q,chandra,as_1898,1895,"HORNS, tips and pieces of Horns and Hoofs",Yarn,Germany,,179023,179028,179023,2161,179028,2161,5,3->8,4,2608818,True,False,0.01,0.01,0.02,4,False,False
False,True,5,v,chandra,as_1898,1895,"LACE, and Articles thereof",Of Cotton,Denmark,,2323,2328,0,2323,0,2328,5,3->8,6,850695,True,False,0,0,0,3,False,False
False,False,5,q,chandra,as_1898,1896,MEAT,"Unenumerated, Salted or Fresh",Argentine Republic,Cwts,13223,13228,13223,18158,13228,18158,5,3->8,8,270833,True,False,1.37,1.37,2.11,5,False,False
False,True,5,q,chandra,as_1898,1896,METAL,"Leaf, not Gold",Germany,Packets,107723,107728,107723,10327,107728,10327,5,3->8,4,180985,True,False,0.1,0.1,0.1,4,False,False
False,False,5,v,chandra,as_1898,1895,SHELLS of all kinds,Raw,France,,458503,458508,526351,458503,526351,458508,5,3->8,9,889942,True,False,0.87,0.87,0.8,6,False,False
False,False,5,q,chandra,as_1898,1897,SHELLS of all kinds,Raw,"Turkey,—European",,8723,8728,8723,5374,8728,5374,5,3->8,9,1470011,True,False,0.62,0.62,0.63,7,False,False
False,True,5,v,chandra,as_1898,1898,"CARDS, PLAYING",,Spain,Dozen Packs,33,38,120,33,120,38,5,3->8,6,9355,True,False,0.28,0.32,0.24,3,False,False
False,False,5,q,chandra,as_1898,1895,WINE,Total of all Kinds,Italy,,414073,414078,414073,77942,414078,77942,5,3->8,13,15223611,True,False,0.19,0.19,0.22,9,False,False
False,True,5,q,chandra,as_1899,1898,"COPPER, ORE OF","Unwrought, in bars, blocks or slabs, cakes or ingots",Canada,Tons,93,98,93,4920,98,4920,5,3->8,8,13385,True,False,52.9,50.2,52.75,5,False,False
False,False,5,v,chandra,as_1899,1895,"COPPER, ORE OF",Part Wrought,United States of America,Tons,36293,36298,0,36293,0,36298,5,3->8,9,181431,True,False,0,0,0,3,False,False
False,True,5,q,chandra,as_1899,1895,LEAD,Dressed,Australasia : Victoria,Cwts,893,898,893,3390,898,3390,5,3->8,7,13867,True,False,3.8,3.78,5.88,3,False,False
False,False,5,q,chandra,as_1899,1898,METAL,"Unenumerated, Wrought or     Manufactured : Old, fit only to be Re-     manufactured",Other Foreign Countries,Tons,38,33,38,958,33,958,-5,8->3,14,3946,True,False,25.21,29.03,23.84,9,False,False
False,False,5,v,chandra,as_1899,1896,PAPER,Other Materials,Norway,Tons,2293,2298,305,2293,305,2298,5,3->8,11,141881,True,False,7.52,7.53,7.08,8,False,False
False,True,5,v,chandra,as_1899,1898,SILK,"Manufactures, Broad Stuffs, Silk and Satin",Other Foreign Countries,,933,938,0,933,0,938,5,3->8,6,8992076,True,False,0,0,0,4,False,False
False,False,5,v,chandra,as_1899,1897,WOOD AND TIMBER,"Hewn, Unenumerated",British Guiana,Loads,33793,33798,5146,33793,5146,33798,5,3->8,3,192622,True,False,6.57,6.57,6.57,3,False,False
False,False,5,v,infinity,as_1876,1876,MEAT,"Preserved, otherwise than by Salting",United States of America,Cwts,297178,297173,90790,297178,90790,297173,-5,8->3,8,887035,True,False,3.27,3.27,3.27,5,False,False
False,True,5,v,infinity,as_1877,1877,PYRITES of IRON or COPPER,,Other Countries,Tons,20418,20413,10968,20418,10968,20413,-5,8->3,5,1643614,True,False,1.86,1.86,1.86,3,False,False
False,True,5,q,infinity,as_1880,1880,RAGS AND OTHER MATERIALS FOR MAKING PAPER,"RAGS, WOOLLEN, applicable to other uses than Manure, torn up or not",Germany,Tons,13083,13088,13083,274907,13088,274907,5,3->8,6,41266,True,False,21.01,21.0,21.7,4,False,False
False,True,5,q,infinity,as_1886,1886,QUICKSILVER,,Spain,Lbs,3627773,3627778,3627773,302966,3627778,302966,5,3->8,4,4414678,True,False,0.08,0.08,0.08,4,False,False
False,True,5,v,infinity,as_1888,1888,"FARINACEOUS SUBSTANCES, and MANUFACTURES thereof, unenumerated",,France,,52648,52643,0,52648,0,52643,-5,8->3,8,704484,True,False,0,0,0,4,False,False
False,True,5,q,infinity,as_1888,1888,FRUIT,Oranges and Lemons,Malta,Bushels,9388,9383,9388,3585,9383,3585,-5,8->3,3,12271,True,False,0.38,0.38,0.34,2,False,False
False,False,5,q,infinity,as_1888,1888,MANURES,Guano,France,Tons,1638,1633,1638,13123,1633,13123,-5,8->3,10,22437,True,False,8.01,8.04,6.88,4,False,False
False,False,5,q,infinity,as_1889,1889,BEEF,"BOOKS, Bound or Unbound, including MAPS and CHARTS",British East Indies,Cwts,228,223,228,3034,223,3034,-5,8->3,4,1189,True,False,13.31,13.61,11.09,3,False,False
False,True,5,q,infinity,as_1890,1890,HAIR,"Cow, Ox, Bull, or Elk",Australasia,Cwts,168,163,168,759,163,759,-5,8->3,3,462,True,False,4.52,4.66,4.52,2,False,False
False,False,5,q,infinity,as_1890,1890,SUGAR,Glucose,Other Foreign Countries,Cwts,178,173,178,105,173,105,-5,8->3,5,736905,True,False,0.59,0.61,0.59,2,False,False
False,False,5,v,infinity,as_1892,1892,GUM,Dutch Possessions in India,British East Indies,,80848,80843,44051,80848,44051,80843,-5,8->3,7,116238,True,False,1.84,1.84,2.24,4,False,False
False,False,5,v,infinity,as_1892,1892,HAIR,Horse,Uruguay,Cwts,3088,3083,535,3088,535,3083,-5,8->3,8,132406,True,False,5.77,5.76,6.25,5,False,False
False,True,5,q,infinity,as_1893,1893,"ANIMALS, LIVING",Stallions : Geldings,France,No,218,213,218,8903,213,8903,-5,8->3,10,8724,True,False,40.84,41.8,33.43,7,False,False
False,True,5,q,infinity,as_1893,1893,FRUIT,Unenumerated : Dried,Other British Possessions,Cwts,58,53,58,178,53,178,-5,8->3,4,5633,True,False,3.07,3.36,3.07,2,False,False
False,True,5,v,infinity,as_1898,1895,Bark,"Cured, Sardines",Norway,Cwts,1503,1508,726,1503,726,1508,5,3->8,8,426739,True,False,2.07,2.08,2.07,6,False,False
False,True,5,v,infinity,as_1899,1899,ALKALI,Geldings,Holland,Number,26673,26678,807,26673,807,26678,5,3->8,9,533617,True,False,33.05,33.06,31.05,6,False,False
False,False,5,v,chandra,as_1873,1873,ANIMALS,Swine,Denmark,Number,34301,34304,7099,34301,7099,34304,3,1->4,6,242010,True,False,4.83,4.83,3.82,4,False,False
False,True,5,v,chandra,as_1876,1876,COTTON MANUFACTURES,Unenumerated,Other Countries,,7481,7484,0,7481,0,7484,3,1->4,6,935248,True,False,0,0,0,5,False,False
False,True,5,q,chandra,as_1876,1876,FISH,Fresh (not of British taking),Holland,Cwts,197161,197164,197161,174641,197164,174641,3,1->4,5,267708,True,False,0.89,0.89,1.8,4,False,False
False,False,5,v,chandra,as_1877,1877,Corn and Grain,Maize or Indian Corn,Morocco,Cwts,100231,100234,300889,100231,300889,100234,3,1->4,10,9854512,True,False,0.33,0.33,0.33,7,False,False
False,False,5,v,chandra,as_1878,1878,ICR,INDIGO,Germany,,6005,6008,228,6005,228,6008,3,5->8,8,1583191,True,False,26.34,26.35,22.33,7,False,False
False,True,5,v,chandra,as_1880,1880,LEATHER MANUFACTURES,Boots and Shoes,Other Countries,Dozen Pairs,10601,10604,3461,10601,3461,10604,3,1->4,5,381579,True,False,3.06,3.06,3.06,4,False,False
False,True,5,v,chandra,as_1880,1880,ZINC,"Crude, in Cakes",Holland,Tons,153201,153204,7996,153201,7996,153204,3,1->4,6,630839,True,False,19.16,19.16,19.04,5,False,False
False,True,5,v,chandra,as_1882,1882,Wood and Timber,"Hewn, Fir : Oak",Russia,,30601,30604,2945,30601,2945,30604,3,1->4,6,617987,True,False,10.39,10.39,6.6,5,False,False
False,True,5,v,chandra,as_1882,1882,Wood and Timber,Staves,Austrian Territories,,40761,40764,4829,40761,4829,40764,3,1->4,8,653558,True,False,8.44,8.44,7.49,5,False,False
False,False,5,v,chandra,as_1883,1883,COTTON MANUFACTURES,Unenumerated,Germany,,41825,41828,0,41825,0,41828,3,5->8,9,1561912,True,False,0,0,0,7,False,False
False,True,5,q,chandra,as_1883,1883,"Dye STUFFS, and Substances used in Tanning",Shumach,Spain,Tons,51,54,51,616,54,616,3,1->4,5,14876,True,False,12.08,11.41,13.05,3,False,False
False,True,5,v,chandra,as_1883,1883,Cotton,Flax or Linseed,France,Quarters,1781,1784,509,1781,509,1784,3,1->4,22,4786903,True,False,3.5,3.5,2.14,13,False,False
False,True,5,q,chandra,as_1883,1883,"YEAST, Dried",,Holland,,146321,146324,146321,363700,146324,363700,3,1->4,6,260904,True,False,2.49,2.49,2.72,3,False,False
False,True,5,v,chandra,as_1884,1884,LEAD,Pig or Sheet,Other Countries,Tons,2061,2064,166,2061,166,2064,3,1->4,11,1222325,True,False,12.42,12.43,11.55,6,False,False
False,True,5,v,chandra,as_1885,1885,COTTON MANUFACTURES,Hosiery,Other Foreign Countries,,165,168,0,165,0,168,3,5->8,5,441037,True,False,0,0,0,5,False,False
False,True,5,v,chandra,as_1885,1885,"FARINACEOUS SUBSTANCES and Manufac- tures thereof, Unenumerated",,Other Foreign Countries,,2121,2124,0,2121,0,2124,3,1->4,9,514734,True,False,0,0,0,8,False,False
False,False,5,v,chandra,as_1892,1892,IVORY,"Teeth, Elephants', Sea Cow, Sea Horse, or Sea Morsé",East Coast of Africa : Portuguese Possessions,Cwts,6901,6904,141,6901,141,6904,3,1->4,9,280280,True,False,48.94,48.96,45.84,5,False,False
False,True,5,v,chandra,as_1894,1894,PAINTERS' COLOURS AND PIGMENTS,,Germany,,199161,199164,0,199161,0,199164,3,1->4,11,902614,True,False,0,0,0,8,False,False
False,False,5,q,chandra,as_1895,1895,Cotton,"Unenumerated, for expressing oil therefrom",Russia,Quarters,13301,13304,13301,18629,13304,18629,3,1->4,9,44801,True,False,1.4,1.4,2.32,8,False,False
False,True,5,v,chandra,as_1895,1895,SUGAR,"Other Sorts, including Candy",Holland,Cwts,693425,693428,993070,693425,993070,693428,3,5->8,7,7528195,True,False,0.7,0.7,0.66,6,False,False
False,True,5,v,chandra,as_1896,1896,SILK,"Knubs or Husks, and Waste",Spain,Cwt,2355,2358,168,2355,168,2358,3,5->8,8,363137,True,False,14.02,14.04,10.18,4,False,False
False,True,5,v,chandra,as_1897,1895,"CARDS, PLAYING",,Germany,Dozen Packs,5,8,6,5,6,8,3,5->8,3,53274,True,False,0.83,1.33,0.83,3,False,False
False,False,5,q,infinity,as_1873,1873,"Hides, not Tanned, Tawed, Curried, or in any way Dressed","Varnished, Japanned, or Enamelled",Germany,Lbs,83695,83698,83695,16876,83698,16876,3,5->8,5,461870,True,False,0.2,0.2,0.2,3,False,False
False,False,5,q,infinity,as_1874,1874,POTATOES,,Belgium,,948781,948784,948781,214329,948784,214329,3,1->4,7,3986662,True,False,0.23,0.23,0.33,3,False,False
False,True,5,v,infinity,as_1875,1875,BARK,"For Tanners' or Dyers' Use, Unenumerated",Spain,Cwts,4341,4344,11056,4341,11056,4344,3,1->4,7,247919,True,False,0.39,0.39,0.39,6,False,False
False,False,5,q,infinity,as_1875,1875,HEMP,,United States of America,Cwts,26941,26944,26941,39370,26944,39370,3,1->4,8,1178142,True,False,1.46,1.46,1.66,5,False,False
False,False,5,v,infinity,as_1877,1877,CORK,Unmanufactured,Algeria,Tons,4431,4434,139,4431,139,4434,3,1->4,5,203541,True,False,31.88,31.9,31.88,5,False,False
False,True,5,v,infinity,as_1877,1877,"FLOWERS, ARTIFICIAL",Unenumerated,France,,31431,31434,0,31431,0,31434,3,1->4,8,287506,True,False,0,0,0,7,False,False
False,True,5,q,infinity,as_1878,1878,BEEF,Applicable to Manufacturing Purposes,Germany,Tons,165,168,165,1871,168,1871,3,5->8,7,4177,True,False,11.34,11.14,11.34,5,False,False
False,True,5,v,infinity,as_1878,1878,"FLOWERS, ARTIFICIAL",Oranges and Lemons,Turkey,Bushels,11951,11954,26084,11951,26084,11954,3,1->4,7,1419579,True,False,0.46,0.46,0.45,6,False,False
False,True,5,q,infinity,as_1879,1879,ZINC,"Manufactures, Unenumerated",Belgium,Cwts,115031,115034,115031,131188,115034,131188,3,1->4,4,309425,True,False,1.14,1.14,1.14,4,False,False
False,False,5,v,infinity,as_1880,1880,COPPER,Unwrought and Part Wrought,Australia,Tons,681005,681008,9406,681005,9406,681008,3,5->8,9,2434972,True,False,72.4,72.4,70.33,8,False,False
False,True,5,v,infinity,as_1880,1880,WOOD AND TIMBER,"Furniture, Hardwoods and Veneers : Mahogany",Mexico,Tons,218601,218604,21096,218601,21096,218604,3,1->4,6,358865,True,False,10.36,10.36,10.36,5,False,False
False,False,5,q,infinity,as_1883,1883,BACON AND HAMS,Hams,British North America,Cwts,36485,36488,36485,111987,36488,111987,3,5->8,8,606162,True,False,3.07,3.07,4.2,7,False,False
False,True,5,v,infinity,as_1883,1883,ISINGLASS,,France,Cwts,415,418,23,415,23,418,3,5->8,11,101548,True,False,18.04,18.17,18.1,10,False,False
False,True,5,v,infinity,as_1883,1883,SUGAR,"Refined, or rendered by any process equal thereto; Total of",Holland,Cwts,1356725,1356728,1006209,1356725,1006209,1356728,3,5->8,10,4468617,True,False,1.35,1.35,1.35,10,False,False
False,True,5,v,infinity,as_1883,1883,WOOL,"Other Kinds, and Flocks",Belgium,Lbs,19661,19664,87581,19661,87581,19664,3,1->4,10,60257,True,False,0.22,0.22,0.05,6,False,False
False,True,5,v,infinity,as_1884,1884,SUGAR,"Other Sorts, including Candy",Belgium,Cwts,43231,43234,33644,43231,33644,43234,3,1->4,9,2361385,True,False,1.28,1.29,1.06,6,False,False
False,True,5,q,infinity,as_1884,1884,WOOLLEN YARN,For Weaving,Holland,Lbs,23231,23234,23231,3011,23234,3011,3,1->4,4,13341685,True,False,0.13,0.13,0.13,4,False,False
False,True,5,q,infinity,as_1885,1885,Corn and Grain,Manufactured,Portugal,Lbs,3134245,3134248,3134245,185141,3134248,185141,3,5->8,4,6613469,True,False,0.06,0.06,0.07,2,False,False
False,False,5,q,infinity,as_1885,1885,IVORY,East Coast of Africa,West Africa: British,Cwts,291,294,291,12126,294,12126,3,1->4,6,3422,True,False,41.67,41.24,42.94,6,False,False
False,True,5,v,infinity,as_1885,1885,"LEATHER, Undressed",Dressed,Belgium,lbs,61205,61208,360610,61205,360610,61208,3,5->8,7,2068315,True,False,0.17,0.17,0.17,3,False,False
False,True,5,v,infinity,as_1887,1887,ANIMALS LIVING,Cannon and Mortars,France,,13551,13554,0,13551,0,13554,3,1->4,5,110648,True,False,0,0,0,4,False,False
False,False,5,v,infinity,as_1887,1887,"ART, WORKS of, other than PICTURES",,Holland,,2791,2794,0,2791,0,2794,3,1->4,9,108102,True,False,0,0,0,5,False,False
False,False,5,v,infinity,as_1887,1887,HAIR,Unenumerated,United States of America,,50821,50824,0,50821,0,50824,3,1->4,8,238320,True,False,0,0,0,7,False,False
False,True,5,v,infinity,as_1889,1889,MANURES,Unenumerated,Uruguay,Tons,11501,11504,1701,11501,1701,11504,3,1->4,9,122208,True,False,6.76,6.76,3.2,9,False,False
False,True,5,v,infinity,as_1889,1889,"SKINS, FURS, and PELTS",Furs,Holland,Number,14601,14604,168669,14601,168669,14604,3,1->4,9,425317,True,False,0.09,0.09,0.08,6,False,False
False,False,5,q,infinity,as_1891,1891,"EXTRACTS, of other Sorts. unenumerated",Sardines,Spain,Cwts,3905,3908,3905,8590,3908,8590,3,5->8,5,125190,True,False,2.2,2.2,3.28,3,False,False
False,True,5,v,infinity,as_1891,1891,FRUIT,Unenumerated : Preserved without Sugar,United States of America,Lbs,89751,89754,5979173,89751,5979173,89754,3,1->4,12,293425,True,False,0.02,0.02,0.01,6,False,False
False,True,5,q,infinity,as_1891,1891,"HIDES, Raw, and Pieces thereof",Dry,British East Indies : Burmah,Cwts,5701,5704,5701,13263,5704,13263,3,1->4,16,338574,True,False,2.33,2.33,2.66,12,False,False
False,True,5,v,infinity,as_1892,1892,COTTON,Raw,Brazil,,367841,367844,155534,367841,155534,367844,3,1->4,15,36702016,True,False,2.37,2.37,2.33,12,False,False
False,False,5,q,infinity,as_1892,1892,EGGS,,Canada,,248761,248764,248761,83025,248764,83025,3,1->4,4,261882,True,False,0.33,0.33,0.37,3,False,False
False,True,5,v,infinity,as_1892,1892,MANURES,Unenumerated,Uruguay,Tons,431,434,70,431,70,434,3,1->4,12,99547,True,False,6.16,6.2,4.45,9,False,False
False,False,5,v,infinity,as_1893,1893,SILK,"Ribbons, Silk or Satin",France,,646401,646404,0,646401,0,646404,3,1->4,4,2392100,True,False,0,0,0,3,False,False
False,True,5,v,infinity,as_1894,1894,"CARDS, PLAYING",,United States of America,Dozen Packs,4601,4604,14575,4601,14575,4604,3,1->4,5,6794,True,False,0.32,0.32,0.22,5,False,False
False,True,5,q,infinity,as_1894,1894,Corn and Grain,Wheat,British East Indies : Bombay,Cwts,5069041,5069044,5069041,1356206,5069044,1356206,3,1->4,7,12054989,True,False,0.27,0.27,0.28,6,False,False
False,True,5,q,infinity,as_1895,1895,GALS,,Turkey,,16905,16908,16905,38273,16908,38273,3,5->8,4,21378,True,False,2.26,2.26,2.61,4,False,False
False,True,5,q,infinity,as_1895,1895,GUM,Arabic,Other Foreign Countries,Cwts,1291,1294,1291,2602,1294,2602,3,1->4,8,35543,True,False,2.02,2.01,2.75,7,False,False
False,True,5,q,infinity,as_1895,1895,"MILK, CONDENSED OR PRESERVED",,Germany,Cwts,6101,6104,6101,9036,6104,9036,3,1->4,7,544734,True,False,1.48,1.48,2.08,3,False,False
False,False,5,v,infinity,as_1895,1895,PAPER,Linen and Cotton Rags,Italy,Tons,3181,3184,285,3181,285,3184,3,1->4,11,225841,True,False,11.16,11.17,9.51,8,False,False
False,True,5,q,infinity,as_1895,1895,TAR,,Other Foreign Countries,Barrels,1591,1594,1591,1171,1594,1171,3,1->4,3,115924,True,False,0.74,0.73,0.74,2,False,False
False,False,5,v,infinity,as_1896,1896,DRUGS,Unenumerated (including Medi- cinal preparations),British West India Islands,,5341,5344,0,5341,0,5344,3,1->4,13,187520,True,False,0,0,0,9,False,False
False,True,5,v,infinity,as_1896,1896,IRON,"Steel, Unwrought",Germany,Tons,12541,12544,832,12541,832,12544,3,1->4,7,155853,True,False,15.07,15.08,8.56,6,False,False
False,True,5,v,infinity,as_1897,1893,Cotton,"Manufactures of Skins and Furs, including Rugs",France,,206885,206888,0,206885,0,206888,3,5->8,8,608846,True,False,0,0,0,5,False,False
False,True,5,v,infinity,as_1898,1894,"CHINA, OR PORCELAIN, AND EARTHENWARE","Cables (not of Iron), Twine, and Cable Yarn",Belgium,,43305,43308,0,43305,0,43308,3,5->8,9,350696,True,False,0,0,0,7,False,False
False,False,5,v,infinity,as_1898,1896,"CHINA, OR PORCELAIN, AND EARTHENWARE","Meal, not otherwise enumerated or described",France,Cwts,6941,6944,27310,6941,27310,6944,3,1->4,13,113030,True,False,0.25,0.25,0.22,11,False,False
False,True,5,v,infinity,as_1898,1895,FLAX,"Cherries, Raw",Holland,Bushels,19745,19748,52956,19745,52956,19748,3,5->8,4,96047,True,False,0.37,0.37,0.37,3,False,False
False,False,5,q,infinity,as_1898,1896,IVORY,Yarn,Germany,,2803,2800,2803,17,2800,17,-3,3->0,3,1757698,True,True,0.01,0.01,0.02,2,False,False
False,True,5,v,infinity,as_1898,1897,TOBACCO,Total of all Kinds,Portugal,Gallons,1141701,1141704,3957505,1141701,3957505,1141704,3,1->4,13,6308276,True,False,0.29,0.29,0.19,11,False,False
False,True,5,q,infinity,as_1899,1895,ALKALI,Cows,Canada,Number,231,234,231,3338,234,3338,3,1->4,3,1779,True,False,14.45,14.26,14.45,3,False,False
False,False,5,v,infinity,as_1899,1898,ALKALI,"Swords, Cutlasses, Matchets, Bayonets",Germany,Cwts,3341,3344,997,3341,997,3344,3,1->4,5,6021,True,False,3.35,3.35,3.35,3,False,False
False,True,5,v,infinity,as_1899,1895,"BEADS, of all Sorts",,France,Lbs,4081,4084,33510,4081,33510,4084,3,1->4,6,88125,True,False,0.12,0.12,0.06,4,False,False
False,False,5,q,infinity,as_1899,1895,FRUIT,"Cherries, Raw",Germany,Bushels,37521,37524,37521,11860,37524,11860,3,1->4,4,195632,True,False,0.32,0.32,0.35,4,False,False
False,True,5,q,infinity,as_1899,1898,GUM,GUNPOWDER,Belgium,Cwts,231,234,231,709,234,709,3,1->4,3,405,True,False,3.07,3.03,3.94,2,False,False
False,True,5,v,infinity,as_1899,1896,METAL,"Unenumerated, Old, fit only to be Re-manufactured—cont.",British Guiana,Tons,2001,2004,78,2001,78,2004,3,1->4,8,9704,True,False,25.65,25.69,21.67,7,False,False
False,True,5,v,infinity,as_1899,1896,SUGAR,"Refined, or rendered by any process equal thereto : Refined, Total",Portugal,Cwts,461,464,622,461,622,464,3,1->4,9,10034933,True,False,0.74,0.75,0.71,5,False,False
False,True,5,v,infinity,as_1899,1898,SUGAR,"House frames, fittings, joiners' and cabinet work",Hong Kong,,1801,1804,0,1801,0,1804,3,1->4,5,63278,True,False,0,0,0,5,False,False
False,True,5,v,chandra,as_1878,1878,WOOLLEN MANUFACTURES,Unenumerated,France,,2064406,2064408,0,2064406,0,2064408,2,6->8,9,3939837,True,False,0,0,0,8,False,False
False,False,5,q,chandra,as_1883,1883,SPICES,Cinnamon,Straits Settlements,Lbs,10866,10868,10866,522,10868,522,2,6->8,6,1697770,True,False,0.05,0.05,0.06,6,False,False
False,True,5,q,chandra,as_1890,1890,"ANIMALS, LIVING",Swine,United States of America,No,1088,1086,1088,4054,1086,4054,-2,8->6,4,4036,True,False,3.73,3.73,3.73,3,False,False
False,True,5,q,chandra,as_1894,1894,MANURES,Bones for Manure,Channel Islands,,145,143,145,650,143,650,-2,5->3,9,47656,True,True,4.48,4.55,4.66,7,False,False
False,True,5,q,chandra,as_1897,1897,MEAT,"Unenumerated, Salted or Fresh",Other Foreign Countries,Cwts,358,356,358,807,356,807,-2,8->6,8,350930,True,False,2.25,2.27,2.16,7,False,False
False,False,5,q,chandra,as_1898,1894,"CHINA, OR PORCELAIN, AND EARTHENWARE",,Other British Possessions,,78,76,78,526,76,526,-2,8->6,3,828,True,False,6.74,6.92,6.74,3,False,False
False,True,5,v,chandra,as_1898,1894,"COPPER, ORE OF","Cables (not of Iron), Twine, and Cable Yarn",France,,77086,77088,0,77086,0,77088,2,6->8,9,350696,True,False,0,0,0,7,False,False
False,True,5,v,chandra,as_1899,1897,CORDAGE,Peas,Canada,Cwts,287498,287496,1112730,287498,1112730,287496,-2,8->6,8,317854,True,False,0.26,0.26,0.42,6,False,False
False,True,5,v,infinity,as_1872,1872,HEMP,Dressed,Germany,Cwts,10723,10725,6073,10723,6073,10725,2,3->5,6,94004,True,True,1.77,1.77,2.18,5,False,False
False,True,5,q,infinity,as_1878,1878,RAGS and other Materials for making Paper,Esparto and other Vegetable Fibres,Tripoli and Tunis,Tons,60476,60478,60476,329474,60478,329474,2,6->8,4,140505,True,False,5.45,5.45,6.65,4,False,False
False,True,5,q,infinity,as_1886,1886,COTTON MANUFACTURES,Other than Muslins,France,Yards,590293,590295,590293,22519,590295,22519,2,3->5,6,30844756,True,True,0.04,0.04,0.02,4,False,False
False,True,5,q,infinity,as_1892,1892,"RAGS, and other MATERIALS for MAKING PAPER",Pulp of Wood,Sweden,Tons,46326,46328,46326,274508,46328,274508,2,6->8,8,190929,True,False,5.93,5.93,9.31,8,False,False
False,True,5,q,infinity,as_1894,1894,PAPER,Unenumerated,Norway,Cwts,208136,208138,208136,163031,208138,163031,2,6->8,11,1555382,True,False,0.78,0.78,1.07,9,False,False
False,True,5,v,infinity,as_1898,1896,TOBACCO,Total of all Kinds,Turkey,Gallons,4568,4566,29433,4568,29433,4566,-2,8->6,13,5818645,True,False,0.16,0.16,0.25,10,False,False
False,False,5,v,chandra,as_1877,1877,TOYS,,Germany,,234636,234635,0,234636,0,234635,-1,6->5,6,444829,True,False,0,0,0,6,False,False
False,True,5,q,chandra,as_1882,1882,BACON and HAMS,Bacon,United States of America,Cwts,2013719,2013718,2013719,5063908,2013718,5063908,-1,9->8,6,2352967,True,True,2.51,2.51,2.86,6,False,False
False,True,5,v,chandra,as_1885,1885,PAINTERS' COLOURS AND PIGMENTS,,British East Indies,,3975,3976,0,3975,0,3976,1,5->6,3,5261,True,False,0,0,0,3,False,False
False,True,5,v,chandra,as_1896,1896,"DYE STUFFS (other than Dye Woods), and Substances used in Tanning or Dyeing",Other Coal Tar Dyes,Holland,,5625,5626,0,5625,0,5626,1,5->6,5,23156,True,False,0,0,0,4,False,False
False,True,5,q,chandra,as_1898,1895,ZINC,"Crude, in cakes",Austrian Territories,Goods,5082,5083,5082,5237,5083,5237,1,2->3,16,426565,True,False,1.03,1.03,1.28,14,False,False
False,True,5,q,infinity,as_1872,1872,RAGS and other Materials for making Paper,PULP of Rags and Wood,Sweden,Tons,3829,3828,3829,37032,3828,37032,-1,9->8,7,10536,True,True,9.67,9.67,12.98,6,False,False
False,True,5,q,infinity,as_1876,1876,OIL,Palm,West Coast of Africa (Foreign) : Postuguese Possessions,Cwts,6139,6138,6139,10595,6138,10595,-1,9->8,6,879824,True,True,1.73,1.73,1.73,6,False,False
False,True,5,q,infinity,as_1879,1879,Corn and Grain,Wheat Meal and Flour,Chili,Cwts,68519,68518,68519,50146,68518,50146,-1,9->8,11,10728252,True,True,0.73,0.73,0.75,10,False,False
False,True,5,v,infinity,as_1883,1883,SUCCADES (including all Fruits and Vegetables preserved in Sugar),,Belgium,Cwts,562,563,156,562,156,563,1,2->3,16,124088,True,False,3.6,3.61,3.01,16,False,False
False,True,5,v,infinity,as_1884,1884,"CHEMICAL MANUFACTURES AND PRODUCTS, Unenumerated",,France,Cwts,141329,141328,26462,141329,26462,141328,-1,9->8,11,550600,True,True,5.34,5.34,5.03,11,False,False
False,True,5,v,infinity,as_1884,1884,LEAD,Pig or Sheet,Portugal,Tons,1959,1958,151,1959,151,1958,-1,9->8,11,1222325,True,True,12.97,12.97,11.55,10,False,False
False,True,5,v,infinity,as_1884,1884,PETROLEUM,,France,Gallons,5329,5328,78761,5329,78761,5328,-1,9->8,6,1711313,True,True,0.07,0.07,0.05,6,False,False
False,True,5,q,infinity,as_1888,1888,"ANIMALS, LIVING","Swords, Cutlasses, Matchets, Bayonets",Other Foreign Countries,Cwts,6,5,6,32,5,32,-1,6->5,5,1831,True,False,5.33,6.4,3.93,4,False,False
False,True,5,q,infinity,as_1888,1888,"SUGAR, Refined","Unrefined : Cane, and Other Sorts",Madagascar,Cwts,3595,3596,3595,2657,3596,2657,1,5->6,20,8128432,True,False,0.74,0.74,0.74,19,False,False
False,True,5,v,infinity,as_1890,1890,BACON AND HAMS,Hams,United States of America,Cwts,2583746,2583745,1094383,2583746,1094383,2583745,-1,6->5,6,2602658,True,False,2.36,2.36,3.26,5,False,False
False,True,5,q,infinity,as_1890,1890,CONFECTIONERY,"Unwrought, in bars, blocks, slabs, cakes, or ingots",Australasia,Tons,5356,5355,5356,331509,5355,331509,-1,6->5,5,9340,True,False,61.89,61.91,57.96,4,False,False
False,True,5,v,infinity,as_1890,1890,SUGAR,Molasses,British East Indies,Cwts,486,485,3498,486,3498,485,-1,6->5,5,14468,True,False,0.14,0.14,0.29,4,False,False
False,True,5,v,infinity,as_1893,1893,WOOD and TIMBER,"Hewn, Unenumerated",Norway,Loads,2476,2475,1668,2476,1668,2475,-1,6->5,8,71652,True,False,1.48,1.48,2.75,8,False,False
False,True,5,v,infinity,as_1894,1894,"CARDS, PLAYING",Raisins,Other Foreign Countries,Cwts,4065,4066,3275,4065,3275,4066,1,5->6,5,895268,True,False,1.24,1.24,1.13,5,False,False
False,True,5,v,infinity,as_1894,1894,FRUIT,"Grapes, Raw",Spain,Bushels,334546,334545,712389,334546,712389,334545,-1,6->5,4,370896,True,False,0.47,0.47,0.73,4,False,False
False,True,5,v,infinity,as_1897,1896,Beef,Seed,Other British Possessions,,195,196,7,195,7,196,1,5->6,3,3272,True,False,27.86,28.0,27.86,3,False,False
False,True,5,v,infinity,as_1897,1897,TIN,"Hewn, Teak",Belgium,Loads,643,644,53,643,53,644,1,3->4,7,121435,True,True,12.13,12.15,12.36,6,False,False
False,True,5,q,infinity,as_1898,1897,"ANIMALS, LIVING",Stallions,Germany,,25,26,25,1265,26,1265,1,5->6,8,427,True,False,50.6,48.65,50.6,8,False,False
False,True,5,q,infinity,as_1898,1895,LEAD,Ore of,Peru,Tons,329,328,329,1611,328,1611,-1,9->8,12,7885,True,True,4.9,4.91,4.95,12,False,False
False,False,5,v,infinity,as_1899,1898,CHEESE,"Old, fit only to be re-manu- factured",Australasia,Tons,176,175,5,176,5,175,-1,6->5,7,12699,True,False,35.2,35.0,36.04,7,False,False
False,True,5,q,infinity,as_1899,1898,HATS OR BONNETS,Of Other Materials,Holland,Number,6376,6375,6376,437,6375,437,-1,6->5,8,967996,True,False,0.07,0.07,0.03,5,False,False
False,True,4,v,infinity,as_1882,1882,PORK,Salted (not Hams),United States of America,Cwts,492067,422067,214051,492067,214051,422067,-70000,9->2,5,526198,True,False,2.3,1.97,2.3,1,True,False
False,True,4,v,infinity,as_1883,1883,ANIMALS LIVING,"Horses, mares, geldings, colts, and foals",Denmark,,93536,23536,3165,93536,3165,23536,-70000,9->2,12,212033,True,False,29.55,7.44,34.6,1,True,False
False,True,4,q,infinity,as_1880,1880,"NITRE, CUBIC (nitrate of Soda)",Olive,Italy,Tons,15926,15226,15926,688437,15226,688437,-700,9->2,7,20260,True,False,43.23,45.21,43.23,1,True,False
False,False,4,v,infinity,as_1885,1885,ALKALI,,Other Foreign Countries,,2973,2273,7454,2973,7454,2273,-700,9->2,5,29988,True,False,0.4,0.3,0.95,1,True,False
False,True,4,q,infinity,as_1885,1885,"SAUCES OR CONDIMENTS, Unenumerated",,Other British Possessions,Lbs,2922,2222,2922,65,2222,65,-700,9->2,3,1994165,True,False,0.02,0.03,0.02,1,True,False
False,True,4,v,infinity,as_1874,1874,BEEF,Salted,Other Countries,Cwts,7394,7324,2928,7394,2928,7324,-70,9->2,4,434817,True,False,2.53,2.5,2.53,1,True,False
False,True,4,v,chandra,as_1891,1891,SUGAR,Refined: Total of,Germany,,5567001,5367001,6572045,5567001,6572045,5367001,-200000,5->3,7,9352839,True,False,0.85,0.82,0.85,4,False,False
False,True,4,v,chandra,as_1896,1896,FISH (including Turtle),"Cured or Salted, unenumerated",Norway,Cwts,531088,331088,311508,531088,311508,331088,-200000,5->3,10,1114145,True,False,1.7,1.06,1.78,2,False,False
False,True,4,q,infinity,as_1885,1885,"CORN, GRAIN, MEAL, and FLOUR",Maize or Indian Corn,United States of America,,19302622,19502622,19302622,5212541,19502622,5212541,200000,3->5,13,30559795,True,False,0.27,0.27,0.28,7,False,False
False,False,4,q,chandra,as_1877,1877,SPICES,Unenumerated,Holland,Lbs,553147,523147,553147,48648,523147,48648,-30000,5->2,9,9989575,True,False,0.09,0.09,0.05,7,False,False
False,True,4,v,chandra,as_1880,1880,"CHEMICAL MANUFACTURES and PRODUCTS, Unenumerated",,United States of America,,28691,58691,0,28691,0,58691,30000,2->5,9,1139335,True,False,0,0,0,7,False,False
False,False,4,q,chandra,as_1874,1874,"SKINS, FURS, and PELTS","Unenumerated, not being Furs, Dressed and Undressed",Australia,Number,232180,252180,232180,7591,252180,7591,20000,3->5,10,3204881,True,False,0.03,0.03,0.14,9,False,False
False,True,4,q,chandra,as_1877,1877,PAPER,For Printing or Writing,Sweden,Cwts,32467,52467,32467,84482,52467,84482,20000,3->5,8,239910,True,False,2.6,1.61,2.79,6,False,False
False,True,4,v,infinity,as_1879,1879,ALKALI,,British North America,Cwts,39541,59541,18661,39541,18661,59541,20000,3->5,3,76631,True,False,2.12,3.19,1.16,2,False,False
False,True,4,v,infinity,as_1887,1887,FEATHERS,Fresh (not of British taking),Sweden,Cwts,58643,38643,109717,58643,109717,38643,-20000,5->3,9,750269,True,False,0.53,0.35,1.23,4,False,False
False,True,4,v,infinity,as_1892,1892,MATCHES,,Norway,,38873,58873,0,38873,0,58873,20000,3->5,6,367634,True,False,0,0,0,4,False,False
False,True,4,v,infinity,as_1883,1883,SUGAR,In lumps and loaves,Germany,Cwts,196918,186918,139763,196918,139763,186918,-10000,9->8,6,2327757,True,False,1.41,1.34,1.41,3,False,False
False,True,4,q,infinity,as_1896,1896,"CORN, GRAIN, MEAL, AND FLOUR",Maize or Indian Corn,Canada,Cwts,2893400,2883400,2893400,539205,2883400,539205,-10000,9->8,3,2912100,True,False,0.19,0.19,0.19,2,False,False
False,False,4,v,infinity,as_1891,1891,FRUIT,"Nuts, used as Fruit",Spain,,167240,160240,0,167240,0,160240,-7000,7->0,11,535673,True,False,0,0,0,4,False,False
False,True,4,v,infinity,as_1892,1892,LINEN,Manufactures,United States of America,,9479,2479,0,9479,0,2479,-7000,9->2,7,382269,True,False,0,0,0,3,False,False
False,True,4,v,chandra,as_1884,1884,WOOL,"Other Kinds, and Flocks",Belgium,Lbs,24176,28176,254709,24176,254709,28176,4000,4->8,5,69813,True,False,0.09,0.11,0.06,5,False,False
False,True,4,v,chandra,as_1874,1874,MYRABOLAMS,,British India: Bombay and Scinde,Cwts,83791,85791,130465,83791,130465,85791,2000,3->5,4,205368,True,False,0.64,0.66,0.58,4,False,False
False,True,4,q,chandra,as_1874,1874,Cotton,"Garden, Unenumerated",France,Lbs,83684,85684,83684,3586,85684,3586,2000,3->5,5,626327,True,False,0.04,0.04,0.04,4,False,False
False,False,4,v,chandra,as_1874,1874,Cotton,Tares and Lentils,Germany,Bushels,33297,35297,136274,33297,136274,35297,2000,3->5,4,61072,True,False,0.24,0.26,0.24,4,False,False
False,True,4,q,chandra,as_1893,1893,"MUTTON, FRESH",,Argentine Republic,Cwts,513611,515611,513611,959299,515611,959299,2000,3->5,7,774642,True,False,1.87,1.86,2.31,5,False,False
False,True,4,q,chandra,as_1894,1894,"ANIMALS, LIVING",Sheep and Lambs,Argentine Republic,No,75446,73446,75446,127797,73446,127797,-2000,5->3,5,347865,True,False,1.69,1.74,1.69,3,False,False
False,True,4,q,infinity,as_1882,1882,WOOD AND TIMBER,"Sawn, Fir : Unenumerated",Norway,Loads,43233,45233,43233,55382,45233,55382,2000,3->5,8,366603,True,False,1.28,1.22,3.3,8,False,False
False,True,4,v,infinity,as_1890,1890,OIL,Fish: Train or Blubber,Denmark,Tuns,15180,13180,798,15180,798,13180,-2000,5->3,11,260032,True,False,19.02,16.52,19.07,6,False,False
False,True,4,q,infinity,as_1891,1891,GLASS,"Plate, whether Silvered or not",Belgium,Cwts,153341,155341,153341,279648,155341,279648,2000,3->5,4,175792,True,False,1.82,1.8,1.85,3,False,False
False,True,4,v,chandra,as_1876,1876,HAIR,Unenumerated,Germany,,29289,28289,0,29289,0,28289,-1000,9->8,7,255786,True,False,0,0,0,6,False,False
False,True,4,v,chandra,as_1882,1882,MANURES,,Portugal,Tons,289774,288774,106197,289774,106197,288774,-1000,9->8,8,613198,True,False,2.73,2.72,3.38,8,False,False
False,True,4,v,chandra,as_1885,1885,CHEMICAL MANUFACTURES and PRODUCTS,,Spain,,59584,58584,0,59584,0,58584,-1000,9->8,13,1342714,True,False,0,0,0,12,False,False
False,True,4,v,chandra,as_1893,1893,YEAST,,Germany,Cwts,119925,118925,50259,119925,50259,118925,-1000,9->8,5,575333,True,False,2.39,2.37,2.39,3,False,False
False,True,4,v,infinity,as_1873,1873,POULTRY and GAME (alive or dead) including Rabbits,,Holland,,19281,18281,0,19281,0,18281,-1000,9->8,6,257389,True,False,0,0,0,6,False,False
False,True,4,v,infinity,as_1874,1874,Corn and Grain,"Meal, Unenumerated",France,Cwts,9388,8388,19176,9388,19176,8388,-1000,9->8,3,18651,True,False,0.49,0.44,0.49,3,False,False
False,True,4,v,infinity,as_1875,1875,"POULTRY and GAME (alive or dead), including Rabbits",,Holland,,29870,28870,0,29870,0,28870,-1000,9->8,6,328044,True,False,0,0,0,6,False,False
False,True,4,v,infinity,as_1881,1881,Cotton,"Thrown, dyed or not",Holland,Lbs,29951,28951,31899,29951,31899,28951,-1000,9->8,3,140957,True,False,0.94,0.91,0.97,3,False,False
False,False,4,q,chandra,as_1872,1872,Rough and in the Husk,Not Rough nor in the Husk,Holland,Cwts,49927,49227,49927,61991,49227,61991,-700,9->2,5,7033361,True,False,1.24,1.26,0.51,3,False,False
False,True,4,v,chandra,as_1874,1874,Meal and Flour,Yarn,France,Lbs,10932,10232,108496,10932,108496,10232,-700,9->2,5,151222,True,False,0.1,0.09,0.1,4,False,False
False,False,4,v,chandra,as_1878,1878,"DRUGS, Unenumerated",,France,,47949,47249,0,47949,0,47249,-700,9->2,18,487590,True,False,0,0,0,7,False,False
False,False,4,v,chandra,as_1880,1880,PAPER,Millboard and Pasteboard,Holland,Cwts,122927,122227,250623,122927,250623,122227,-700,9->2,6,237841,True,False,0.49,0.49,0.71,4,False,False
False,False,4,v,chandra,as_1882,1882,"ONIONS, Raw",,Germany,Bushels,48935,48235,342786,48935,342786,48235,-700,9->2,9,527781,True,False,0.14,0.14,0.25,3,False,False
False,False,4,q,chandra,as_1883,1883,"NITRE, CUBIC (NITRATE OF SODA)",,Germany,Cwts,1925,1225,1925,959,1225,959,-700,9->2,8,2051825,True,False,0.5,0.78,0.63,2,False,False
False,False,4,q,chandra,as_1883,1883,"SKINS, FURS, and PELTS","Sheep, Undressed",Denmark,Number,80226,80926,80226,7803,80926,7803,700,2->9,27,8145431,True,False,0.1,0.1,0.11,10,False,False
False,False,4,v,infinity,as_1872,1872,"SKINS, FUNS, AND PELTS","Sheep and Lamb, Undressed",Turkey,Number,72916,72216,573154,72916,573154,72216,-700,9->2,11,1150878,True,False,0.13,0.13,0.13,4,False,False
False,False,4,v,infinity,as_1873,1873,COPPER,Wheat Meal and Flour,Chili,Cwts,181924,181224,210274,181924,210274,181224,-700,9->2,11,5849852,True,False,0.87,0.86,0.93,2,False,False
False,False,4,v,infinity,as_1878,1878,BARK,Extracts of Bark or other Substances to be used in Tanning or Dyeing,United States of America,,13920,13220,0,13920,0,13220,-700,9->2,6,128694,True,False,0,0,0,3,False,False
False,False,4,v,infinity,as_1882,1882,WOOL,Sheep or Lambs',China,Lbs,37929,37229,911791,37929,911791,37229,-700,9->2,20,24745493,True,False,0.04,0.04,0.04,7,False,False
False,False,4,v,infinity,as_1884,1884,"LEATHER, Undressed","Varnished, Japanned, or Enamelled",Other Countries,Lbs,1925,1225,5737,1925,5737,1225,-700,9->2,6,146732,True,False,0.34,0.21,0.34,2,False,False
False,False,4,q,infinity,as_1885,1885,Cotton,Rape,Japan,Quarters,1916,1216,1916,2617,1216,2617,-700,9->2,7,179615,True,False,1.37,2.15,1.37,2,False,False
False,False,4,q,infinity,as_1897,1895,TIN,Mahogany,Hayti and St. Domingo,,1925,1225,1925,11349,1225,11349,-700,9->2,11,21595,True,False,5.9,9.26,7.36,2,False,False
False,False,4,v,infinity,as_1898,1895,FLAX,"Grapes, Raw",France,Bushels,287,987,765,287,765,987,700,2->9,7,391587,True,False,0.38,1.29,0.66,3,False,False
False,True,4,q,chandra,as_1897,1895,FLAX,"Plums, Raw",Germany,,164239,164839,164239,40804,164839,40804,600,2->8,5,400886,True,False,0.25,0.25,0.3,4,False,False
False,True,4,v,infinity,as_1883,1883,IRON,"Bar, Angle, Bolt, and Rod",Russia,Tons,1099,1599,176,1099,176,1599,500,0->5,11,1236735,True,False,6.24,9.09,7.1,6,False,False
False,True,4,q,chandra,as_1897,1896,HEMP,Dressed or Undressed,Russia,,8965,8665,8965,226837,8665,226837,-300,9->6,15,68491,True,False,25.3,26.18,20.43,6,False,False
False,False,4,q,chandra,as_1872,1872,OIL,"Seed Oil, of all Kinds",British India,Tuns,399,599,399,19475,599,19475,200,3->5,9,20084,True,False,48.81,32.51,40.86,7,False,False
False,False,4,v,chandra,as_1893,1893,FARINACEOUS SUBSTANCES,,Japan,,4583,4383,0,4583,0,4383,-200,5->3,12,854857,True,False,0,0,0,12,False,False
False,False,4,v,infinity,as_1872,1872,OIL,Olive,Greece,Tuns,24305,24505,511,24305,511,24505,200,3->5,11,1193064,True,False,47.56,47.95,47.56,5,False,False
False,True,4,v,infinity,as_1874,1874,BACON and HAMS,Hams,Germany,Cwts,79325,79525,24611,79325,24611,79525,200,3->5,5,517692,True,False,3.22,3.23,3.22,4,False,False
False,True,4,v,infinity,as_1883,1883,CLOCKS,,France,No,249306,249506,83606,249306,83606,249506,200,3->5,6,468664,True,False,2.98,2.98,0.47,6,False,False
False,True,4,q,infinity,as_1894,1894,OIL,Olive,France,Tuns,1363,1163,1363,45083,1163,45083,-200,3->1,8,26709,True,False,33.08,38.76,33.08,5,False,False
False,False,4,q,chandra,as_1874,1874,LEAD,Pig and Sheet,Portugal,,2929,2829,2929,64207,2829,64207,-100,9->8,6,61987,True,False,21.92,22.7,21.92,6,False,False
False,True,4,v,chandra,as_1877,1877,LEATHER MANUFACTURES,"Manufactures, Unenumerated",Other Countries,,2981,2881,0,2981,0,2881,-100,9->8,6,379005,True,False,0,0,0,6,False,False
False,False,4,q,chandra,as_1890,1890,"STONES, MARBLE, and SLATE",For Agricultural purposes,Holland,,2853,2953,2853,7720,2953,7720,100,8->9,5,20034,True,False,2.71,2.61,2.71,4,False,False
False,True,4,v,chandra,as_1894,1894,"FARINACEOUS SUBSTANCES and Manu- factures thereof, unenumerated",,Canada,,1841,1941,0,1841,0,1941,100,8->9,8,427827,True,False,0,0,0,6,False,False
False,True,4,v,infinity,as_1874,1874,MADDER,Garancine,Italy,Cwts,10906,10806,1591,10906,1591,10806,-100,9->8,4,389380,True,False,6.85,6.79,7.2,4,False,False
False,True,4,v,infinity,as_1885,1885,COTTON,Raw,Belgium,Cwts,3959,3859,1695,3959,1695,3859,-100,9->8,16,33548511,True,False,2.34,2.28,2.83,15,False,False
False,True,4,q,infinity,as_1897,1895,WOOLLEN YARN,"Crude, in cakes",Belgium,Tons,18918,18818,18918,259118,18818,259118,-100,9->8,7,62127,True,False,13.7,13.77,13.7,5,False,False
False,True,4,v,infinity,as_1898,1898,SUGAR,"Hewn, Oak",Russia : Southern Ports,Loads,80957,80857,17911,80957,17911,80857,-100,9->8,10,817362,True,False,4.52,4.51,6.8,10,False,False
False,True,4,v,infinity,as_1898,1898,SUGAR,"Hewn, Oak",Norway,Loads,1941,1841,606,1941,606,1841,-100,9->8,10,817362,True,False,3.2,3.04,6.8,10,False,False
False,False,4,q,chandra,as_1899,1897,FRUIT,Figs and Fig Cake,"Turkey, Asiatic",Cwts,124279,124209,124279,198757,124209,198757,-70,7->0,8,145568,True,False,1.6,1.6,0.91,3,False,False
False,False,4,v,infinity,as_1879,1879,OIL,"Chemical, Essential, or Perfumed",France,Lbs,35592,35522,108399,35592,108399,35522,-70,9->2,8,194540,True,False,0.33,0.33,0.41,3,False,False
False,True,4,q,infinity,as_1880,1880,WOOLLEN YARN,For Fancy purposes,Germany,Lbs,513297,513227,513297,92573,513227,92573,-70,9->2,4,752700,True,False,0.18,0.18,0.15,3,False,False
False,False,4,q,infinity,as_1883,1883,WOOLLEN MANUFACTURES,Cloths,Germany,Yards,492392,492322,492392,78436,492322,78436,-70,9->2,6,832071,True,False,0.16,0.16,0.16,2,False,False
False,True,4,q,chandra,as_1875,1875,"HIDES, not Tanned, Tawed, Curried, or in any way Dressed",Dry,British India: Bombay and Scinde,Cwts,9329,9389,9329,32512,9389,32512,60,2->8,19,552292,True,False,3.49,3.46,4.02,7,False,False
False,True,4,v,infinity,as_1885,1885,GUM,Tow or Codilla of,Other Foreign Countries,Cwts,1158,1198,1077,1158,1077,1198,40,5->9,4,95858,True,False,1.08,1.11,1.08,2,False,False
False,True,4,v,infinity,as_1896,1896,COTTON,Waste of (Raw and Yarn),Germany,Lbs,1750,1790,153416,1750,153416,1790,40,5->9,10,79556,True,False,0.01,0.01,0.01,9,False,False
False,True,4,q,infinity,as_1896,1896,SKINS and FURS,"Goat, Undressed",Natal,Number,41345,41305,41345,2977,41305,2977,-40,4->0,8,4987035,True,False,0.07,0.07,0.07,6,False,False
False,True,4,v,infinity,as_1878,1878,MANURES,Unenumerated,Germany,Tons,107252,107222,47139,107252,47139,107222,-30,5->2,10,760227,True,False,2.28,2.27,3.85,7,False,False
False,True,4,q,chandra,as_1872,1872,MANURES,Bones of Animals and Fish for Manure only,Spain,Tons,2838,2858,2838,16617,2858,16617,20,3->5,16,97644,True,False,5.86,5.81,6.8,14,False,False
False,True,4,q,chandra,as_1872,1872,"ORE, Unenumerated",,France,,1232,1252,1232,5363,1252,5363,20,3->5,11,8625,True,False,4.35,4.28,16.98,8,False,False
False,False,4,q,chandra,as_1872,1872,PAPER,Hangings,Other Countries,,237,257,237,1232,257,1232,20,3->5,4,8017,True,False,5.2,4.79,5.68,4,False,False
False,False,4,v,chandra,as_1874,1874,CHINA or PORCELAIN WARE,,Holland,Cwts,16934,16954,1942,16934,1942,16954,20,3->5,9,323507,True,False,8.72,8.73,8.72,8,False,False
False,True,4,v,chandra,as_1874,1874,ISINGLASS,,Other Countries,,8035,8055,9994,8035,9994,8055,20,3->5,3,3553179,True,False,0.8,0.81,0.8,2,False,False
False,True,4,v,chandra,as_1874,1874,PICKLES and VEGETABLES preserved in Salt,,Holland,,43732,43752,0,43732,0,43752,20,3->5,4,96189,True,False,0,0,0,3,False,False
False,True,4,q,chandra,as_1875,1875,COTTON,Waste,Other Countries,Lbs,164632,164652,164632,1976,164652,1976,20,3->5,3,1231566,True,False,0.01,0.01,0.01,2,False,False
False,True,4,q,chandra,as_1877,1877,WOOD and TIMBER,Staves,Germany,Loads,27157,27137,27157,256619,27137,256619,-20,5->3,8,116869,True,False,9.45,9.46,6.98,5,False,False
False,True,4,v,chandra,as_1882,1882,PAPER,Hangings,France,Cwts,30932,30952,4431,30932,4431,30952,20,3->5,3,40361,True,False,6.98,6.99,2.22,3,False,False
False,True,4,v,chandra,as_1887,1887,CAOUTCHOUK,Manufactures of,France,Lbs,48158,48138,394269,48158,394269,48138,-20,5->3,6,317422,True,False,0.12,0.12,0.12,6,False,False
False,False,4,q,chandra,as_1887,1887,IRON,Unenumerated,Holland,Cwts,1345735,1345755,1345735,748099,1345755,748099,20,3->5,10,2785812,True,False,0.56,0.56,1.45,7,False,False
False,True,4,v,chandra,as_1893,1893,IRON and STEEL.,"Steel, Unwrought",Sweden,Tons,63735,63755,6302,63735,6302,63755,20,3->5,5,89882,True,False,10.11,10.12,9.81,5,False,False
False,False,4,q,chandra,as_1896,1896,GLASS,"Manufactures of, unenumerated",Belgium,Cwts,223555,223535,223555,431076,223535,431076,-20,5->3,9,752480,True,False,1.93,1.93,1.86,8,False,False
False,True,4,q,chandra,as_1896,1896,PAPER,Printed or Coated,Germany,Cwts,14752,14732,14752,44823,14732,44823,-20,5->3,7,85424,True,False,3.04,3.04,3.04,5,False,False
False,False,4,v,chandra,as_1896,1896,Cotton,Flax or Linseed,Other British Possessions,Quarters,1234,1254,555,1234,555,1254,20,3->5,4,1195106,True,False,2.22,2.26,1.84,3,False,False
False,True,4,v,chandra,as_1897,1897,DRUGS,Opium,Holland,Lbs,1033,1053,2100,1033,2100,1053,20,3->5,7,199869,True,False,0.49,0.5,0.46,6,False,False
False,True,4,v,chandra,as_1897,1896,SLATES,Dutch Possessions in Indian Seas,Sweden,Tons,12221,12201,8139,12221,8139,12201,-20,2->0,13,663169,True,False,1.5,1.5,1.95,11,False,False
False,True,4,q,chandra,as_1898,1894,"HORNS, tips and pieces of Horns and Hoofs",Eastern Coast of Africa,Australasia : New South Wales,,533,553,533,13465,553,13465,20,3->5,16,2873,True,False,25.26,24.35,34.47,13,False,False
False,False,4,q,infinity,as_1872,1872,OIL,Train or Blubber,British India,Tuns,939,959,939,28906,959,28906,20,3->5,10,15004,True,False,30.78,30.14,33.74,6,False,False
False,False,4,q,infinity,as_1876,1876,CANDLES,Stearine,Holland,Cwts,45932,45952,45932,150890,45952,150890,20,3->5,4,81514,True,False,3.29,3.28,3.74,3,False,False
False,False,4,v,infinity,as_1880,1880,CLOCKS,,France,Number,285930,285950,92747,285930,92747,285950,20,3->5,6,555018,True,False,3.08,3.08,1.07,6,False,False
False,True,4,v,infinity,as_1882,1882,"ONIONS, RAW","OIL, Unenumerated",Other Countries,Tons,25157,25137,2268,25157,2268,25137,-20,5->3,11,192606,True,False,11.09,11.08,14.24,10,False,False
False,True,4,v,infinity,as_1883,1883,Bark,Shumach,Italy,Tons,184132,184152,12395,184132,12395,184152,20,3->5,5,215298,True,False,14.86,14.86,13.05,5,False,False
False,True,4,v,infinity,as_1885,1885,Chemical Manufactures and Products,,Other British Possessions,,631,651,0,631,0,651,20,3->5,3,13577,True,False,0,0,0,3,False,False
False,True,4,q,infinity,as_1888,1888,"RAGS, and other MATERIALS for MAKING PAPER","Other Materials, and Pulp of Rags",Germany,Tons,19937,19957,19937,66740,19957,66740,20,3->5,9,63467,True,False,3.35,3.34,6.74,7,False,False
False,True,4,q,infinity,as_1894,1894,Corn and Grain,Pease,Germany,Cwts,85532,85552,85532,25324,85552,25324,20,3->5,5,1069082,True,False,0.3,0.3,0.3,5,False,False
False,False,4,q,infinity,as_1895,1895,WOOD and TIMBER,"Hewn, Unenumerated",United States of America,Loads,11658,11638,11658,47708,11638,47708,-20,5->3,6,45089,True,False,4.09,4.1,1.8,6,False,False
False,True,4,q,infinity,as_1896,1896,IVORY,Vegetable,Ecuador,,3053,3033,3053,1327,3033,1327,-20,5->3,4,29757,True,False,0.43,0.44,0.43,3,False,False
False,True,4,v,infinity,as_1897,1893,"CHINA, OR PORCELAIN, AND EARTHENWARE","Cables (not of Iron), Twine, and Cable Yarn",Australasia,,638,658,0,638,0,658,20,3->5,6,185475,True,False,0,0,0,4,False,False
False,False,4,v,infinity,as_1898,1898,"CHINA, OR PORCELAIN, AND EARTHENWARE",,Hong Kong,Cwts,2557,2537,827,2557,827,2537,-20,5->3,3,5292,True,False,3.09,3.07,3.63,2,False,False
False,False,4,q,chandra,as_1873,1873,OIL,"Seed Oil, of all Kinds",Germany,Tuns,8097,8087,8097,316014,8087,316014,-10,9->8,8,17593,True,False,39.03,39.08,36.86,8,False,False
False,True,4,q,chandra,as_1888,1888,Cotton,,France,Tons,298,288,298,1645,288,1645,-10,9->8,8,252322,True,False,5.52,5.71,5.44,6,False,False
False,False,4,q,chandra,as_1891,1891,OIL,Olive,Morocco,Tuns,836,846,836,32607,846,32607,10,3->4,11,18105,True,False,39.0,38.54,39.17,10,False,False
False,True,4,q,chandra,as_1897,1896,HEMP,Tow,Italy,Tons,391,381,391,7780,381,7780,-10,9->8,5,5180,True,False,19.9,20.42,18.17,4,False,False
False,True,4,q,chandra,as_1898,1897,ZINC,Ore of,Holland,,292,282,292,2225,282,2225,-10,9->8,10,23529,True,False,7.62,7.89,6.63,10,False,False
False,True,4,v,chandra,as_1899,1897,Cotton,,Peru,Fons,7889,7899,1763,7889,1763,7899,10,8->9,11,1924457,True,False,4.47,4.48,4.3,9,False,False
False,True,4,q,infinity,as_1875,1875,WOOD AND TIMBER,"Sawn or Split, Planed or Dressed : Unenumerated",Holland,Loads,15698,15688,15698,82310,15688,82310,-10,9->8,9,290358,True,False,5.24,5.25,3.27,6,False,False
False,True,4,v,infinity,as_1877,1877,WOOLLEN MANUFACTURES,Cloths and Stuffs,France,Pieces,1766096,1766086,413460,1766096,413460,1766086,-10,9->8,5,1913177,True,False,4.27,4.27,4.27,5,False,False
False,True,4,v,infinity,as_1878,1878,TOYS,,Belgium,,117796,117786,0,117796,0,117786,-10,9->8,6,554926,True,False,0,0,0,6,False,False
False,True,4,q,infinity,as_1880,1880,Corn and Grain,Beans,Germany,,130847,130837,130847,61954,130837,61954,-10,4->3,8,2577133,True,False,0.47,0.47,0.43,8,False,False
False,True,4,v,infinity,as_1892,1892,"ANIMALS, LIVING",Calves,Denmark,No,890,880,260,890,260,880,-10,9->8,3,4387,True,False,3.42,3.38,3.42,3,False,False
False,True,4,v,infinity,as_1895,1895,COTTON,Waste of (Raw and Yarn),Portugal,Lbs,1691,1681,427860,1691,427860,1681,-10,9->8,8,53651,True,False,0.0,0.0,0.01,7,False,False
False,True,4,v,infinity,as_1897,1894,"CHINA, OR PORCELAIN, AND EARTHENWARE","Hosiery, of all Sorts",Holland,,207891,207881,0,207891,0,207881,-10,9->8,5,363332,True,False,0,0,0,5,False,False
False,True,4,v,infinity,as_1898,1896,"CARDS, PLAYING",,Belgium,Dozen Packs,493,483,3305,493,3305,483,-10,9->8,7,10505,True,False,0.15,0.15,0.22,4,False,False
False,True,4,v,infinity,as_1899,1898,ZINC,of other Sorts,Denmark,Barrels,7393,7396,2357,7393,2357,7396,3,3->6,5,109104,True,False,3.14,3.14,2.93,5,False,False
False,True,4,v,chandra,as_1874,1874,LEAD,Pig and Sheet,Greece,,31823,31825,1411,31823,1411,31825,2,3->5,6,1411988,True,False,22.55,22.55,21.92,4,False,False
False,True,4,q,chandra,as_1879,1879,RAGS and other Materials for making Paper,Pulp of Rags and Wood,Belgium,Tons,733,735,733,5780,735,5780,2,3->5,7,27807,True,False,7.89,7.86,8.56,7,False,False
False,True,4,q,chandra,as_1882,1882,"CHINA or PORCELAIN, AND EARTHENWARE",,Japan,Cwts,7315,7313,7315,42390,7313,42390,-2,5->3,7,148310,True,False,5.79,5.8,5.08,4,False,False
False,True,4,v,chandra,as_1896,1896,LEATHER MANUFACTURES,Boots and Shoes,Germany,Dozen pairs,26735,26733,9864,26735,9864,26733,-2,5->3,6,518234,True,False,2.71,2.71,2.91,4,False,False
False,True,4,v,chandra,as_1898,1896,AMMUNITION,Cows,Argentine Republic,Number,15,13,1,15,1,13,-2,5->3,3,2615,True,False,15.0,13.0,15.01,3,False,False
False,True,4,v,infinity,as_1874,1874,FLAX,Unenumerated,Holland,,36883,36885,0,36883,0,36885,2,3->5,9,293066,True,False,0,0,0,5,False,False
False,True,4,q,infinity,as_1882,1882,OIL,Seed,Holland,Tuns,1023,1025,1023,32501,1025,32501,2,3->5,7,14507,True,False,31.77,31.71,32.2,4,False,False
False,True,4,v,infinity,as_1893,1893,PYRITES of Iron or Copper,,Other Foreign Countries,Tons,2577,2575,1700,2577,1700,2575,-2,7->5,6,1062717,True,False,1.52,1.51,1.52,4,False,False
False,True,4,q,infinity,as_1894,1894,"COPPER, Ore of",Part Wrought,Germany,Tons,223,225,223,10316,225,10316,2,3->5,5,1753,True,False,46.26,45.85,48.33,2,False,False
False,True,4,q,chandra,as_1875,1875,Meal and Flour,Wheat Meal and Flour,Russia,Cwts,122019,122018,122019,122065,122018,122065,-1,9->8,10,6136083,True,False,1.0,1.0,0.77,9,False,False
False,True,4,v,chandra,as_1878,1878,WOOLLEN YARN,For Weaving,Holland,Lbs,18915,18914,183397,18915,183397,18914,-1,5->4,4,1365431,True,False,0.1,0.1,0.12,4,False,False
False,True,4,v,chandra,as_1879,1879,RAGS and other Materials for making Paper,Esparto and other Vegetable Fibres,Algeria,Tons,307489,307488,46636,307489,46636,307488,-1,9->8,4,1055616,True,False,6.59,6.59,6.59,4,False,False
False,True,4,v,infinity,as_1877,1877,FLAX,Tow or Codilla of,Germany,,28539,28538,18785,28539,18785,28538,-1,9->8,6,724108,True,False,1.52,1.52,1.52,6,False,False
False,True,4,v,infinity,as_1878,1878,Corn and Grain,Rye,Other Countries,,7039,7038,18378,7039,18378,7038,-1,9->8,4,125291,True,False,0.38,0.38,0.38,4,False,False
False,True,4,v,infinity,as_1878,1878,GLASS,Unenumerated,France,,13949,13948,0,13949,0,13948,-1,9->8,7,213026,True,False,0,0,0,6,False,False
False,True,4,q,infinity,as_1880,1880,"HIDES, not Tanned, Tawed, Curried, or in any way Dressed","Varnished, Japanned, or Enamelled",Germany,Lbs,55959,55958,55959,12623,55958,12623,-1,9->8,4,656037,True,False,0.23,0.23,0.23,4,False,False
False,True,4,v,infinity,as_1883,1883,"SKINS, FURS, AND PELTS",In any way dressed; not leather,British India,Number,219,218,2005,219,2005,218,-1,9->8,10,8928,True,False,0.11,0.11,0.27,8,False,False
False,True,4,q,infinity,as_1896,1896,OIL,Castor,Other Foreign Countries,Cwts,561,560,561,697,560,697,-1,1->0,5,119548,True,False,1.24,1.24,1.2,5,False,False
False,True,4,q,infinity,as_1898,1894,METAL,Of other sorts,Canada,Tons,189,188,189,1425,188,1425,-1,9->8,6,3152,True,False,7.54,7.58,5.17,4,False,False
False,False,2,q,chandra,as_1897,1896,CORDAGE,"Cables (not of Iron), Twine, and Cable Yarn",British East Indies : Bombay,Cwts,2940440,2040440,2940440,604177,2040440,604177,-900000,9->0,4,5737340,False,True,0.21,0.3,0.3,1,True,False
False,False,2,q,chandra,as_1898,1897,WOOL,"Goats' wool, Mohair","Turkey, European",,9058920,9958920,9058920,709661,9958920,709661,900000,0->9,6,10821960,False,True,0.08,0.07,0.07,1,True,False
False,False,2,q,chandra,as_1899,1895,CORDAGE,"Cables (not of Iron), Twine, and Cable Yarn",Australasia : Victoria,Cwts,1014370,1914370,1014370,552450,1914370,552450,900000,0->9,7,14134170,False,True,0.54,0.29,0.29,1,True,False
False,False,2,v,infinity,as_1898,1898,CHEESE,,Canada,Cwts,2043725,2943725,1432181,2043725,1432181,2943725,900000,0->9,6,3035498,False,True,1.43,2.06,2.19,1,True,False
False,False,2,v,infinity,as_1898,1896,"ORE, unenumerated",PARAFFINE,United States of America,Gallons,2084304,2984304,145189142,2084304,145189142,2984304,900000,0->9,9,3732053,False,True,0.01,0.02,0.04,1,True,False
False,True,2,q,chandra,as_1899,1897,BUTTER,Margarine (including all kinds of Artificial or Imitation Butters),Holland,Cwts,572473,872473,572473,2291796,872473,2291796,300000,5->8,7,936543,False,True,4.0,2.63,2.75,1,True,False
False,True,2,v,chandra,as_1880,1880,"ONIONS, Raw",OPIUM,Turkey,,355692,255692,288764,355692,288764,255692,-100000,3->2,4,358613,False,True,1.23,0.89,0.99,1,True,False
False,True,2,v,chandra,as_1898,1894,POTATOES,,Channel Islands,Cwts,640539,540539,1139542,640539,1139542,540539,-100000,6->5,3,552626,False,True,0.56,0.47,0.51,1,True,False
False,True,2,q,chandra,as_1899,1897,CHEESE,,Canada,Cwts,1626664,1526664,1626664,3349501,1526664,3349501,-100000,6->5,6,1595647,False,True,2.06,2.19,2.5,1,True,False
False,True,2,q,infinity,as_1898,1895,"CHINA, OR PORCELAIN, AND EARTHENWARE",Wheatmeal or Flour,Canada,Cwts,2243300,2343300,2243300,1003779,2343300,1003779,100000,2->3,4,2417140,False,True,0.45,0.43,0.4,1,True,False
False,False,2,q,chandra,as_1888,1888,WHALEBONE (Whalefins),Whale Fisheries,Sweden,Loads,205014,295014,205014,391864,295014,391864,90000,0->9,8,1638808,False,True,1.91,1.33,1.59,1,True,False
False,False,2,v,chandra,as_1897,1896,GLASS,"Other Plate, whether silvered or not",Belgium,Cwts,205030,295030,249335,205030,249335,295030,90000,0->9,5,312744,False,True,0.82,1.18,1.55,1,True,False
False,False,2,q,chandra,as_1898,1896,PAPER,Hangings,Germany,Gallons,409246,499246,409246,23070,499246,23070,90000,0->9,9,189953845,False,True,0.06,0.05,0.04,1,True,False
False,False,2,v,chandra,as_1898,1894,LATES,"Unrefined, Total",United States of America,Cwts,107925,197925,733361,107925,733361,197925,90000,0->9,7,213114,False,True,0.15,0.27,0.25,1,True,False
False,False,2,q,infinity,as_1898,1894,CHEESE,,Holland,Cwts,208693,298693,208693,760835,298693,760835,90000,0->9,8,1069005,False,True,3.65,2.55,2.63,1,True,False
False,False,2,v,infinity,as_1898,1894,"ORE, unenumerated",PARAFFINE,United States of America,Gallons,2006170,2096170,129118671,2006170,129118671,2096170,90000,0->9,9,2484507,False,True,0.02,0.02,0.04,1,True,False
False,False,2,v,infinity,as_1898,1894,SUGAR,Molasses,United States of America,Cwts,107925,197925,733361,107925,733361,197925,90000,0->9,7,213114,False,True,0.15,0.27,0.25,1,True,False
False,False,2,v,infinity,as_1898,1894,WOOLLEN YARN,Unenumerated,France,Lbs,108721,198721,9257,108721,9257,198721,90000,0->9,15,628580,False,True,11.74,21.47,19.84,1,True,False
False,False,2,v,infinity,as_1898,1896,WOOLLEN YARN,Cloths,Germany,,102964,192964,1172669,102964,1172669,192964,90000,0->9,6,953440,False,True,0.09,0.16,0.14,1,True,False
False,False,2,v,infinity,as_1898,1898,SPIRITS,TEA,British East Indies : Ceylon,Lbs,3604123,3694123,97613977,3604123,97613977,3694123,90000,0->9,11,9220499,False,True,0.04,0.04,0.04,1,True,False
False,False,2,v,infinity,as_1899,1899,SUGAR,"Refined, or rendered by any process equal thereto : In Lumps and Loaves",Holland,,501122,591122,893465,501122,893465,591122,90000,0->9,7,1772132,False,True,0.56,0.66,0.65,1,True,False
False,False,2,v,infinity,as_1899,1897,SUGAR,"Sawn or Split, planed or dressed, Fir",Sweden,Loads,4409787,4499787,1967666,4409787,1967666,4499787,90000,0->9,12,11524754,False,True,2.24,2.29,2.43,1,True,False
False,False,2,q,infinity,as_1899,1896,ZINC,"Manufactures of, unenumerated",Holland,Cwts,103783,193783,103783,185070,193783,185070,90000,0->9,5,419885,False,True,1.78,0.96,1.03,1,True,False
False,False,2,q,chandra,as_1898,1897,"CARDS, PLAYING",,Belgium,Lbs,168367,108367,168367,1127,108367,1127,-60000,6->0,4,150130,False,True,0.01,0.01,0.02,1,True,False
False,False,2,q,infinity,as_1897,1897,Cotton,"Garden, unenumerated",Germany,Lbs,806020,866020,806020,40015,866020,40015,60000,0->6,9,2211010,False,True,0.05,0.05,0.04,1,True,False
False,False,2,v,infinity,as_1894,1894,PYRITES of Iron or Copper,RABBITS,Belgium,,283828,233828,85978,283828,85978,233828,-50000,8->3,4,295765,False,True,3.3,2.72,2.99,1,True,False
False,True,2,q,chandra,as_1887,1887,OIL,Turpentine,United States of America,Cwts,318036,348036,318036,460636,348036,460636,30000,1->4,5,359202,False,True,1.45,1.32,1.35,1,True,False
False,True,2,v,infinity,as_1895,1895,IRON,Pig and Puddled,Holland,,15648,45648,7254,15648,7254,45648,30000,1->4,4,549482,False,True,2.16,6.29,8.39,1,True,False
False,True,2,v,chandra,as_1885,1885,"Dye Stuffs, and Substances used in Tanning",Valonia,Greece,Tons,58546,68546,4685,58546,4685,68546,10000,5->6,3,465112,False,True,12.5,14.63,15.48,1,True,False
False,True,2,v,infinity,as_1885,1885,Bark,Valonia,Greece,Tons,58546,68546,4685,58546,4685,68546,10000,5->6,3,465112,False,True,12.5,14.63,15.48,1,True,False
False,False,2,q,chandra,as_1893,1893,SPICES,Pepper,Niger Protectorate,Lbs,179435,170435,179435,1529,170435,1529,-9000,9->0,13,27995690,False,True,0.01,0.01,0.02,1,True,False
False,False,2,q,chandra,as_1896,1896,FISH (including Turtle),"Cured or Salted, unenumerated",Denmark,Cwts,129019,120019,129019,82517,120019,82517,-9000,9->0,10,734687,False,True,0.64,0.69,1.78,1,True,False
False,False,2,v,chandra,as_1897,1896,CHEESE,,Canada,Cwts,2580301,2589301,1234207,2580301,1234207,2589301,9000,0->9,6,2707504,False,True,2.09,2.1,2.33,1,True,False
False,False,2,v,chandra,as_1898,1897,FISH (including Turtle),Herrings,Sweden,,10555,19555,67871,10555,67871,19555,9000,0->9,4,134397,False,True,0.16,0.29,0.32,1,True,False
False,False,2,v,chandra,as_1898,1897,GLASS,Bottles,Sweden,Gross,40926,49926,104693,40926,104693,49926,9000,0->9,8,445812,False,True,0.39,0.48,0.5,1,True,False
False,False,2,q,chandra,as_1898,1896,MEAT,Mutton,Australasia : New Zealand,Cwts,10754,19754,10754,28682,19754,28682,9000,0->9,6,116000,False,True,2.67,1.45,1.7,1,True,False
False,False,2,q,chandra,as_1898,1895,NUTS AND KERNELS,Coco-nut,Belgium,Cwts,20469,29469,20469,33156,29469,33156,9000,0->9,5,32907,False,True,1.62,1.13,1.18,1,True,False
False,False,2,v,chandra,as_1898,1898,LATES,Dutch Possessions in Indian Seas,China,Lbs,210130,219130,3974200,210130,3974200,219130,9000,0->9,8,766470,False,True,0.05,0.06,0.1,1,True,False
False,False,2,v,chandra,as_1898,1897,WOOL,"Alpaca, Vicuña, and Llama",Chile,,10805,19805,465508,10805,465508,19805,9000,0->9,5,247620,False,True,0.02,0.04,0.05,1,True,False
False,False,2,q,chandra,as_1898,1896,FRUIT,Prunes,France,Cwts,10225,19225,10225,22332,19225,22332,9000,0->9,5,24062,False,True,2.18,1.16,1.36,1,True,False
False,False,2,v,chandra,as_1899,1898,BACON,,Russia,Cwts,10751,19751,10972,10751,10972,19751,9000,0->9,6,9325972,False,True,0.98,1.8,2.57,1,True,False
False,False,2,v,chandra,as_1899,1896,FRUIT,"Grapes, Raw",Spain,Bushels,270891,279891,677196,270891,677196,279891,9000,0->9,7,333510,False,True,0.4,0.41,0.57,1,True,False
False,False,2,q,chandra,as_1899,1896,NUTS AND KERNELS,Coco-nut,France,Cwts,29731,20731,29731,23513,20731,23513,-9000,9->0,6,78607,False,True,0.79,1.13,1.27,1,True,False
False,False,2,v,chandra,as_1899,1895,PAPER,Strawboard and Millboard,Russia,Cwts,20252,29252,59412,20252,59412,29252,9000,0->9,9,83912,False,True,0.34,0.49,0.47,1,True,False
False,True,2,q,chandra,as_1899,1897,VINEGAR,,Holland,Gallons,20099,29099,20099,2478,29099,2478,9000,0->9,5,199497,False,True,0.12,0.09,0.05,1,True,False
False,False,2,v,chandra,as_1899,1895,WOOD AND TIMBER,"Hewn, Teak",Siam,Loads,120722,129722,14673,120722,14673,129722,9000,0->9,5,131232,False,True,8.23,8.84,10.0,1,True,False
False,False,2,q,infinity,as_1893,1893,SPICES,Pepper,Niger Protectorate,Lbs,179435,170435,179435,1529,170435,1529,-9000,9->0,13,27995690,False,True,0.01,0.01,0.02,1,True,False
False,True,2,v,infinity,as_1894,1894,OIL,Castor,France,Cwts,70284,79284,67567,70284,67567,79284,9000,0->9,6,119944,False,True,1.04,1.17,1.46,1,True,False
False,False,2,q,infinity,as_1898,1897,BEEF,"BOOKS, Bound and Unbound, including Maps and Charts",Holland,Cwts,1300609,1309609,1300609,139013,1309609,139013,9000,0->9,6,3125655,False,True,0.11,0.11,0.08,1,True,False
False,False,2,v,infinity,as_1898,1894,"CHINA, OR PORCELAIN, AND EARTHENWARE","Unwrought, in bars, blocks or slabs, cakes or ingots",Australasia : New South Wales,Tons,120526,129526,3110,120526,3110,129526,9000,0->9,5,232667,False,True,38.75,41.65,41.0,1,True,False
False,False,2,v,infinity,as_1898,1897,FLAX,Bottles,Sweden,Gross,40926,49926,104693,40926,104693,49926,9000,0->9,8,445812,False,True,0.39,0.48,0.5,1,True,False
False,False,2,q,infinity,as_1898,1895,LEATHER,Guano,Peru,Tons,20560,29560,20560,260001,29560,260001,9000,0->9,12,43617,False,True,12.65,8.8,5.55,1,True,False
False,False,2,q,infinity,as_1898,1896,METAL,"MILK, condensed",Holland,Cwts,220283,229283,220283,515864,229283,515864,9000,0->9,7,1042008,False,True,2.34,2.25,1.7,1,True,False
False,False,2,q,infinity,as_1898,1897,"SKINS, AND FURS","Furs, Rabbit Skins",France,Number,2040500,2049500,2040500,23003,2049500,23003,9000,0->9,5,6871300,False,True,0.01,0.01,0.01,1,True,False
False,False,2,v,infinity,as_1898,1895,"SKINS, AND FURS",Dutch Possessions in Indian Seas,United States of America,Lbs,10056,19056,194760,10056,194760,19056,9000,0->9,10,155121,False,True,0.05,0.1,0.14,1,True,False
False,False,2,q,infinity,as_1898,1896,"CARDS, PLAYING",Prunes,France,Cwts,10225,19225,10225,22832,19225,22832,9000,0->9,5,24062,False,True,2.23,1.19,1.36,1,True,False
False,False,2,q,infinity,as_1899,1898,FRUIT,"Apples, Raw",Australasia : Tasmania,Bushels,120758,129758,120758,71250,129758,71250,9000,0->9,8,1610570,False,True,0.59,0.55,0.37,1,True,False
False,False,2,v,infinity,as_1899,1897,IRON,"Bar, angle, bolt, and rod",United States of America,Tons,10396,19396,3156,10396,3156,19396,9000,0->9,7,537906,False,True,3.29,6.15,6.7,1,True,False
False,False,2,v,infinity,as_1899,1895,OIL,"PLATINUM, wrought or unwrought",Belgium,Ozs. troy,50503,59503,47078,50503,47078,59503,9000,0->9,4,78891,False,True,1.07,1.26,1.55,1,True,False
False,False,2,v,infinity,as_1899,1895,SUGAR,"Hewn, Teak",Siam,Loads,120722,129722,14673,120722,14673,129722,9000,0->9,5,131232,False,True,8.23,8.84,10.0,1,True,False
False,False,2,v,chandra,as_1884,1884,FRUIT,Currants,Turkey,Cwts,1540,7540,4940,1540,4940,7540,6000,1->7,3,1603786,False,True,0.31,1.53,1.33,1,True,False
False,True,2,q,chandra,as_1899,1895,CONFECTIONERY (not containing any article liable to Duty),,United States of America,Cwts,37621,31621,37621,60725,31621,60725,-6000,7->1,8,40720,False,True,1.61,1.92,3.06,1,True,False
False,True,2,v,chandra,as_1899,1896,NUTS AND KERNELS,Animal,United States of America,Cwts,70513,76513,59140,70513,59140,76513,6000,0->6,6,78551,False,True,1.19,1.29,1.45,1,True,False
False,True,2,v,infinity,as_1899,1897,PORK,Salted (not hams),United States of America,Cwts,167500,161500,141428,167500,141428,161500,-6000,7->1,7,230684,False,True,1.18,1.14,0.91,1,True,False
False,True,2,v,chandra,as_1877,1877,WoolLEN YARN,For Fancy purposes,Belgium,Lbs,8988,3988,21302,8988,21302,3988,-5000,8->3,4,190369,False,True,0.42,0.19,0.22,1,True,False
False,False,2,q,chandra,as_1898,1895,"COCOA OR CHOCOLATE, IN THE MANUFACTURE OF WHICH SPIRIT HAS BEEN USED",,Holland,Lbs,23093,28093,23093,2700,28093,2700,5000,3->8,4,81037,False,True,0.12,0.1,0.1,1,True,False
False,True,2,v,infinity,as_1877,1877,WOOLLEN YARN,For Fancy purposes,Belgium,Lbs,8988,3988,21302,8988,21302,3988,-5000,8->3,4,190369,False,True,0.42,0.19,0.22,1,True,False
False,False,2,v,infinity,as_1890,1890,Corn and Grain,Wheat Meal or Flour,Australasia,Cwts,78012,73012,131140,78012,131140,73012,-5000,8->3,3,596527,False,True,0.59,0.56,0.57,1,True,False
False,True,2,q,infinity,as_1893,1893,WOOD and TIMBER,"Hewn, Unenumerated",Newfoundland,Loads,8735,3735,8735,10640,3735,10640,-5000,8->3,3,1070286,False,True,1.22,2.85,2.21,1,True,False
False,False,2,v,infinity,as_1898,1895,Cotton,Tares and Lentils,Bengal,Bushels,8128,3128,24880,8128,24880,3128,-5000,8->3,3,28460,False,True,0.33,0.13,0.21,1,True,False
False,True,2,v,infinity,as_1898,1896,SUGAR,"In Blocks, Ingots, Bars, or Slabs",Australasia : Tasmania,Cwts,8430,3430,1140,8430,1140,3430,-5000,8->3,6,2190036,False,True,7.39,3.01,3.05,1,True,False
False,True,2,v,infinity,as_1899,1896,SUGAR,"In Blocks, Ingots, Bars, or Slabs",Australasia : Tasmania,,8430,3430,1140,8430,1140,3430,-5000,8->3,6,2190036,False,True,7.39,3.01,3.08,1,True,False
False,True,2,v,chandra,as_1899,1897,FISH (including Turtle),Herrings,Norway,,111306,114306,458931,111306,458931,114306,3000,1->4,4,134397,False,True,0.24,0.25,0.32,1,True,False
False,True,2,v,chandra,as_1899,1895,SEEDS,Clover and Grass,Australasia : New Zealand,Cwts,61937,64937,25588,61937,25588,64937,3000,1->4,4,73050,False,True,2.42,2.54,2.66,1,True,False
False,False,2,q,chandra,as_1899,1897,Cotton,Tares and Lentils,Bombay,Bushels,81873,84873,81873,175141,84873,175141,3000,1->4,8,160517,False,True,2.14,2.06,1.97,1,True,False
False,True,2,v,chandra,as_1899,1898,FRUIT,"Rum, Imitation",Canada,Proof Gallons,1909,4909,9618,1909,9618,4909,3000,1->4,4,5963,False,True,0.2,0.51,0.55,1,True,False
False,False,2,v,infinity,as_1876,1876,METAL,MYRABOLAMS,Madras,Cwts,91738,94738,172254,91738,172254,94738,3000,1->4,4,210734,False,True,0.53,0.55,0.61,1,True,False
False,True,2,q,infinity,as_1898,1897,METAL,"Unenumerated, Unwrought",United States of America,Tons,6716,5716,6716,159870,5716,159870,-1000,6->5,8,6578,False,True,23.8,27.97,44.14,1,True,False
False,False,2,q,chandra,as_1877,1877,FATHERS,For Bens,Russia,Cwts,2093,2993,2093,23818,2993,23818,900,0->9,6,22876,False,True,11.38,7.96,5.46,1,True,False
False,True,2,q,chandra,as_1882,1882,LEAD,Manufactures,Germany,Cwts,3990,3090,3990,4162,3090,4162,-900,9->0,4,8096,False,True,1.04,1.35,1.57,1,True,False
False,True,2,q,chandra,as_1888,1888,SUGAR,In Lumps and Leaves,United States of America,Cwts,1090,1990,1090,1940,1990,1940,900,0->9,6,1695925,False,True,1.78,0.97,0.93,1,True,False
False,False,2,v,chandra,as_1896,1896,ZINC,Manufactures,France,Cwts,11948,11048,8328,11948,8328,11048,-900,9->0,5,418742,False,True,1.43,1.33,1.0,1,True,False
False,False,2,q,chandra,as_1897,1893,CORDAGE,"Cables (not of Iron), Twine, and Cable Yarn",Spain,Tons,1914,1014,1914,8472,1014,8472,-900,9->0,9,12934,False,True,4.43,8.36,6.74,1,True,False
False,False,2,v,chandra,as_1897,1894,"HORNS, tips and pieces of Horns and Hoofs","Steel, Unwrought",France,Tons,1958,1058,123,1958,123,1058,-900,9->0,8,76604,False,True,15.92,8.6,9.39,1,True,False
False,False,2,q,chandra,as_1897,1894,SALTPETRE (Nitrate of Potash),Rape,Bengal,Quarters,16934,16034,16934,23244,16034,23244,-900,9->0,10,87238,False,True,1.37,1.45,2.06,1,True,False
False,False,2,v,chandra,as_1897,1893,WOOLLEN YARN,Cloths,Holland,,363959,363059,2130204,363959,2130204,363059,-900,9->0,5,468797,False,True,0.17,0.17,0.15,1,True,False
False,False,2,v,chandra,as_1898,1897,"COPPER, ORE OF",Yarn,Belgium,Lbs,7943,7043,415260,7943,415260,7043,-900,9->0,3,7808,False,True,0.02,0.02,0.02,1,True,False
False,False,2,v,chandra,as_1898,1897,FISH (including Turtle),"Nuts, used as Fruit",Channel Islands,Nuts,1079,1979,4751,1079,4751,1979,900,0->9,3,3440,False,True,0.23,0.42,0.42,1,True,False
False,False,2,q,chandra,as_1898,1896,FISH (including Turtle),"Unenumerated, Dried",Gibraltar,Cwts,1078,1978,1078,6837,1978,6837,900,0->9,5,17155,False,True,6.34,3.46,1.94,1,True,False
False,False,2,v,chandra,as_1898,1895,GALLS,,"Turkey, Asiatic",Cwts,37066,37966,16753,37066,16753,37966,900,0->9,6,56431,False,True,2.21,2.27,2.36,1,True,False
False,False,2,q,chandra,as_1898,1895,"HORNS, tips and pieces of Horns and Hoofs",Ore of (including Chrome),Germany,Tons,1989,1089,1989,3228,1089,3228,-900,9->0,9,10591,False,True,1.62,2.96,2.88,1,True,False
False,False,2,q,chandra,as_1898,1896,LEATHER MANUFACTURES,Boots and Shoes,United States of America,,25008,25908,25008,90970,25908,90970,900,0->9,6,172591,False,True,3.64,3.51,2.91,1,True,False
False,False,2,v,chandra,as_1898,1894,NUTS AND KERNELS,Coco-nut,Not Particularly Designated,Cwts,32069,32969,30452,32069,30452,32969,900,0->9,10,260850,False,True,1.05,1.08,1.07,1,True,False
False,False,2,v,chandra,as_1898,1895,POTATOES,,France,Prints,1098,1998,20620,1098,20620,1998,900,0->9,7,334558,False,True,0.05,0.1,0.09,1,True,False
False,False,2,q,chandra,as_1898,1896,POTATOES,,Canary Islands,Cwts,100091,100991,100091,56223,100991,56223,900,0->9,9,957869,False,True,0.56,0.56,0.38,1,True,False
False,True,2,q,chandra,as_1898,1897,COFFEE,Raw,Other Foreign Countries,,1015,1915,1015,8920,1915,8920,900,0->9,21,594989,False,True,8.79,4.66,4.7,1,True,False
False,False,2,q,chandra,as_1899,1898,BACON,,Russia,Cwts,10972,10072,10972,10751,10072,10751,-900,9->0,6,5175404,False,True,0.98,1.07,2.57,1,True,False
False,False,2,v,chandra,as_1899,1897,"COPPER, ORE OF","Old, fit only to be re-manu- factured",Newfoundland,Tons,1959,1059,31,1959,31,1059,-900,9->0,7,11769,False,True,63.19,34.16,34.4,1,True,False
False,False,2,q,chandra,as_1899,1895,DRUGS,Opium,British East Indies : Bengal,Lbs,4900,4000,4900,1760,4000,1760,-900,9->0,3,8464,False,True,0.36,0.44,0.49,1,True,False
False,False,2,q,chandra,as_1899,1898,FISH (including Turtle),Shell Fish of all sorts,Norway,Cwts,2036,2936,2036,6208,2936,6208,900,0->9,8,239106,False,True,3.05,2.11,2.06,1,True,False
False,False,2,q,chandra,as_1899,1896,Horse,,China,Cwts,6006,6906,6006,51557,6906,51557,900,0->9,12,23090,False,True,8.58,7.47,6.87,1,True,False
False,False,2,v,chandra,as_1899,1897,LEAD,"Manufactures of, Unenumerated",Germany,Cwts,1073,1973,1512,1073,1512,1973,900,0->9,5,12224,False,True,0.71,1.3,2.11,1,True,False
False,False,2,q,chandra,as_1899,1896,LEAD,Dressed,Australasia : New South Wales,Cwts,1007,1907,1007,7462,1907,7462,900,0->9,8,15814,False,True,7.41,3.91,4.92,1,True,False
False,True,2,q,chandra,as_1899,1895,PARAFFINE,,Germany,Cwts,1012,1912,1012,2156,1912,2156,900,0->9,3,689977,False,True,2.13,1.13,1.28,1,True,False
False,False,2,q,chandra,as_1899,1895,SUGAR,"In Blocks, Ingots, Bars, or Slabs",France,,1061,1961,1061,6703,1961,6703,900,0->9,7,35751,False,True,6.32,3.42,3.21,1,True,False
False,False,2,v,chandra,as_1899,1896,ZINC,"GOODS, not being either in part or wholly manufactured, unenumerated",Other Foreign Countries,Goods,1027,1927,1739,1027,1739,1927,900,0->9,18,618431,False,True,0.59,1.11,1.33,1,True,False
False,False,2,v,chandra,as_1899,1897,FRUIT,"Rum, Imitation",Canada,Proof Gallons,2931,2031,3995,2931,3995,2031,-900,9->0,4,2944,False,True,0.73,0.51,0.56,1,True,False
False,False,2,v,infinity,as_1877,1877,CHINA or PORCELAIN WARE,,Belgium,Cwts,9003,9903,1514,9003,1514,9903,900,0->9,7,279888,False,True,5.95,6.54,8.95,1,True,False
False,True,2,q,infinity,as_1882,1882,LEAD,Manufactures,Germany,Cwts,3990,3090,3990,4162,3090,4162,-900,9->0,4,8096,False,True,1.04,1.35,1.57,1,True,False
False,False,2,v,infinity,as_1893,1893,METAL,"Old, fit only to be re-manufactured",Other Foreign Countries,Tons,8027,8927,512,8027,512,8927,900,0->9,4,36487,False,True,15.68,17.44,29.54,1,True,False
False,False,2,q,infinity,as_1894,1894,OIL,Seed,Belgium,Tons,7037,7937,7037,170600,7937,170600,900,0->9,6,29536,False,True,24.24,21.49,22.66,1,True,False
False,False,2,v,infinity,as_1894,1894,PAPER,"PLATINA, Wrought or Unwrought",Belgium,Ozs. Troy,85013,85913,68438,85013,68438,85913,900,0->9,4,111194,False,True,1.24,1.26,1.44,1,True,False
False,False,2,v,infinity,as_1895,1895,BEEF,BRISTLES,Belgium,Lbs,3094,3994,28662,3094,28662,3994,900,0->9,8,486524,False,True,0.11,0.14,0.15,1,True,False
False,False,2,v,infinity,as_1896,1896,ZINC,Manufactures,France,,11948,11048,8328,11948,8328,11048,-900,9->0,5,418742,False,True,1.43,1.33,1.0,1,True,False
False,False,2,v,infinity,as_1897,1897,FLAX,"Pears, Raw",Channel Islands,Bushels,1079,1979,4751,1079,4751,1979,900,0->9,3,3440,False,True,0.23,0.42,0.54,1,True,False
False,False,2,q,infinity,as_1897,1896,Cotton,"Furs, Unenumerated",Australasia : New South Wales,,1347949,1347049,1347949,37557,1347049,37557,-900,9->0,10,3354233,False,True,0.03,0.03,0.07,1,True,False
False,False,2,v,infinity,as_1897,1896,SUGAR,"Refined, or rendered by any process equal thereto : In Lumps and Loaves",Belgium,,93016,93916,127618,93016,127618,93916,900,0->9,7,1950514,False,True,0.73,0.74,0.74,1,True,False
False,False,2,v,infinity,as_1897,1893,WOOLLEN YARN,"Crude, in cakes",Australasia,Tons,5014,5914,395,5014,395,5914,900,0->9,3,8319,False,True,12.69,14.97,14.19,1,True,False
False,False,2,q,infinity,as_1897,1897,"CARDS, PLAYING",COLLODION,Belgium,Gallons,154018,154918,154018,15125,154918,15125,900,0->9,5,219573,False,True,0.1,0.1,0.07,1,True,False
False,True,2,v,infinity,as_1897,1897,"CARDS, PLAYING",Prunes,Germany,Cwts,2085,2985,2187,2085,2187,2985,900,0->9,5,30963,False,True,0.95,1.36,1.3,1,True,False
False,False,2,v,infinity,as_1898,1897,"CHINA, OR PORCELAIN, AND EARTHENWARE","Piece Goods, Muslins",Belgium,Yards,7943,7043,415260,7943,415260,7043,-900,9->0,3,7808,False,True,0.02,0.02,0.02,1,True,False
False,False,2,v,infinity,as_1898,1894,"CHINA, OR PORCELAIN, AND EARTHENWARE",Opium,Asiatic,Lbs,92047,92947,188260,92047,188260,92947,900,0->9,9,216213,False,True,0.49,0.49,0.5,1,True,False
False,False,2,v,infinity,as_1898,1895,FLAX,"Preserved without Sugar, other than Dried","Turkey, Asiatic",Cwts,37066,37966,16753,37066,16753,37966,900,0->9,6,56431,False,True,2.21,2.27,2.36,1,True,False
False,False,2,v,infinity,as_1898,1896,IRON,"Old broken and old cast iron, and old broken steel",British East Indies,,1027,1927,917,1027,917,1927,900,0->9,9,11288,False,True,1.12,2.1,2.3,1,True,False
False,False,2,v,infinity,as_1898,1896,IRON,"Steel, Unwrought",Holland,Tons,2065,2965,259,2065,259,2965,900,0->9,8,155853,False,True,7.97,11.45,9.77,1,True,False
False,False,2,v,infinity,as_1898,1897,METAL,"MILK, condensed",Germany,Cwts,2953,2053,1553,2953,1553,2053,-900,9->0,4,132492,False,True,1.9,1.32,1.5,1,True,False
False,False,2,v,infinity,as_1898,1895,METAL,Coco-nut,British East Indies : Bengal,Cwts,3072,3972,3690,3072,3690,3972,900,0->9,5,284485,False,True,0.83,1.08,1.1,1,True,False
False,False,2,q,infinity,as_1898,1897,METAL,Coco-nut,British East Indies : Madras,Cwts,34010,34910,34010,44033,34910,44033,900,0->9,5,164598,False,True,1.29,1.26,1.05,1,True,False
False,False,2,v,infinity,as_1898,1897,METAL,Palm,"Western Coast of Africa : German ,,",Cwts,10081,10981,11475,10081,11475,10981,900,0->9,11,167683,False,True,0.88,0.96,0.98,1,True,False
False,False,2,v,infinity,as_1898,1896,METAL,Seed,Russia,Tons,5087,5987,7731,5087,7731,5987,900,0->9,5,490381,False,True,0.66,0.77,0.99,1,True,False
False,False,2,v,infinity,as_1898,1895,"ORE, unenumerated",Linen and Cotton Rags,Egypt,Tons,15001,15901,3386,15001,3386,15901,900,0->9,12,225841,False,True,4.43,4.7,9.51,1,True,False
False,True,2,q,infinity,as_1898,1895,"ORE, unenumerated",PARAFFINE,Germany,Cwts,1012,1912,1012,2156,1912,2156,900,0->9,3,689977,False,True,2.13,1.13,1.28,1,True,False
False,False,2,v,infinity,as_1898,1898,PORK,POTATOES,Holland,Cwts,34079,34979,13749,34079,13749,34979,900,0->9,3,297368,False,True,2.48,2.54,2.71,1,True,False
False,False,2,v,infinity,as_1898,1898,Cotton,"Garden, unenumerated",Australasia,Lbs,2059,2959,116490,2059,116490,2959,900,0->9,4,3577,False,True,0.02,0.03,0.07,1,True,False
False,False,2,v,infinity,as_1898,1895,"SKINS, AND FURS","Skins, Unenumerated, undressed",British East Indies : Madras,Number,1006,1906,18980,1006,18980,1906,900,0->9,11,11721,False,True,0.05,0.1,0.13,1,True,False
False,False,2,q,infinity,as_1898,1897,"SKINS, AND FURS","Skins, Unenumerated, undressed",British East Indies : Madras,Number,2070,2970,2070,245,2970,245,900,0->9,13,192649,False,True,0.12,0.08,0.08,1,True,False
False,True,2,v,infinity,as_1898,1895,"SKINS, AND FURS",Ginger,Japan,Cwts,1010,1910,1200,1010,1200,1910,900,0->9,5,6923,False,True,0.84,1.59,1.76,1,True,False
False,False,2,v,infinity,as_1898,1896,SUGAR,"Refined, or rendered by any process equal thereto : In Lumps and Loaves",Belgium,,93016,93916,127518,93016,127518,93916,900,0->9,6,1950514,False,True,0.73,0.74,0.75,1,True,False
False,True,2,v,infinity,as_1898,1894,SUGAR,Eastern Coast of Africa,Denmark,,4094,4994,528,4094,528,4994,900,0->9,10,124984,False,True,7.75,9.46,52.86,1,True,False
False,False,2,v,infinity,as_1898,1894,ZINC,Ore of,Australasia.,Tons,1022,1922,283,1022,283,1922,900,0->9,3,2501,False,True,3.61,6.79,7.25,1,True,False
False,False,2,v,infinity,as_1898,1896,"CARDS, PLAYING",Raw or Kiln dried,Belgium,Cwts,45061,45961,102977,45061,102977,45961,900,0->9,3,46239,False,True,0.44,0.45,1.0,1,True,False
False,False,2,v,infinity,as_1899,1897,CHEESE,"Old, fit only to be re-manu- factured",Newfoundland,Tons,1959,1059,31,1959,31,1059,-900,9->0,7,11769,False,True,63.19,34.16,34.4,1,True,False
False,False,2,q,infinity,as_1899,1898,EGGS,"Cured, Sardines",Norway,Cwts,2036,2936,2036,6205,2936,6205,900,0->9,8,239106,False,True,3.05,2.11,2.06,1,True,False
False,True,2,q,infinity,as_1899,1898,FRUIT,"Grapes, Raw",France,Bushels,31933,31033,31933,10423,31033,10423,-900,9->0,6,1083082,False,True,0.33,0.34,0.72,1,True,False
False,False,2,q,infinity,as_1899,1896,GUM,HAMS,Denmark,Cwts,1047,1947,1047,5650,1947,5650,900,0->9,6,1290111,False,True,5.4,2.9,3.02,1,True,False
False,False,2,v,infinity,as_1899,1898,IRON,"Pig, and puddled",Germany,Tons,6060,6960,1694,6060,1694,6960,900,0->9,9,534292,False,True,3.58,4.11,3.92,1,True,False
False,False,2,v,infinity,as_1899,1897,LEAD,"Manufactures of, Unenumerated",Germany,Cwts,1073,1973,1542,1073,1542,1973,900,0->9,5,12224,False,True,0.7,1.28,2.11,1,True,False
False,False,2,v,infinity,as_1899,1899,METAL,"Unenumerated, Old, fit only to be Re-manufactured—cont.",United States of America,Tons,18008,18908,120103,18008,120103,18908,900,0->9,7,59531,False,True,0.15,0.16,0.17,1,True,False
False,False,2,q,infinity,as_1899,1896,Cotton,Unenumerated,Republic of Colombia,Lbs,87040,87940,87040,1830,87940,1830,900,0->9,10,3155090,False,True,0.02,0.02,0.02,1,True,False
False,False,2,q,infinity,as_1899,1899,SUGAR,TALLOW and STEARINE,Chile,Cwts,3078,3978,3078,181009,3978,181009,900,0->9,10,6097,False,True,58.81,45.5,36.75,1,True,False
False,False,2,q,infinity,as_1899,1895,SUGAR,"In Blocks, Ingots, Bars, or Slabs",France,,1061,1961,1061,6703,1961,6703,900,0->9,7,35751,False,True,6.32,3.42,3.2,1,True,False
False,False,2,v,infinity,as_1899,1899,WOOL,"Alpaca, Vicuña, and Llama",Germany,,1025,1925,47060,1025,47060,1925,900,0->9,3,260061,False,True,0.02,0.04,0.04,1,True,False
False,False,2,v,infinity,as_1899,1897,WOOLLEN YARN,"For Fancy Purposes, including Berlin Wool and Zephyr Yarn",Holland,Lbs,5024,5924,44748,5024,44748,5924,900,0->9,4,199557,False,True,0.11,0.13,0.18,1,True,False
False,False,2,q,infinity,as_1899,1897,"CARDS, PLAYING",COLLODION,Belgium,Gallons,154018,154918,154018,15125,154918,15125,900,0->9,5,219573,False,True,0.1,0.1,0.07,1,True,False
False,True,2,v,infinity,as_1898,1896,SUGAR,"Hewn, Fir",Australasia,Loads,4802,4002,805,4802,805,4002,-800,8->0,3,425044,False,True,5.97,4.97,5.21,1,True,False
False,True,2,v,infinity,as_1899,1898,Beef,Mutton,Australasia : New South Wales,Cwts,113812,113012,60433,113812,60433,113012,-800,8->0,5,189064,False,True,1.88,1.87,1.57,1,True,False
False,False,2,q,chandra,as_1882,1882,SALTPETRE. (NITRATE OF POTASH),,Other Countries,Cwts,9089,9689,9089,10694,9689,10694,600,0->6,4,322024,False,True,1.18,1.1,1.12,1,True,False
False,True,2,v,chandra,as_1897,1893,CORDAGE,Peas,Holland,Cwts,46927,46327,98784,46927,98784,46327,-600,9->3,5,294369,False,True,0.48,0.47,0.32,1,True,False
False,True,2,q,chandra,as_1897,1896,COLLODIUM,,Austrian Territories,Gallons,1601,1001,1601,1257,1001,1257,-600,6->0,5,24062,False,True,0.79,1.26,1.25,1,True,False
False,False,2,q,chandra,as_1899,1897,BEER AND ALE,of other Sorts,Denmark,Barrels,1081,1681,1081,5181,1681,5181,600,0->6,5,44520,False,True,4.79,3.08,2.5,1,True,False
False,False,2,q,infinity,as_1882,1882,SALTPETRE (NITRATE OF POTASH),,Other Countries,Cwts,9089,9689,9089,10694,9689,10694,600,0->6,4,322024,False,True,1.18,1.1,1.12,1,True,False
False,True,2,q,infinity,as_1899,1895,Bark,"Madder, Madder Root, Garancine, and Munjeet",France,Cwts,1692,1092,1692,1481,1092,1481,-600,6->0,4,6054,False,True,0.88,1.36,1.43,1,True,False
False,False,2,q,infinity,as_1899,1897,ZINC,of other Sorts,Denmark,Barrels,1081,1681,1081,5181,1681,5181,600,0->6,5,44520,False,True,4.79,3.08,2.5,1,True,False
False,False,2,q,chandra,as_1899,1895,NUTS AND KERNELS,"Fish, Sperm or Head-matter",Norway,,836,336,836,6008,336,6008,-500,8->3,4,752,False,True,7.19,17.88,28.12,1,True,False
False,False,2,q,infinity,as_1899,1895,OIL,"Fish, Sperm or Head-matter",Norway,Tuns,836,336,836,6008,336,6008,-500,8->3,4,752,False,True,7.19,17.88,28.12,1,True,False
False,True,2,v,chandra,as_1897,1893,GLASS,Eastern Coast of Africa,Belgium,Cwts,2572,2872,942,2572,942,2872,300,5->8,4,13623,False,True,2.73,3.05,13.18,1,True,False
False,True,2,q,chandra,as_1898,1897,PAPER,Hangings,British East Indies,Cwts,829,629,829,3642,629,3642,-200,8->6,3,718,False,True,4.39,5.79,8.73,1,True,False
False,False,2,v,chandra,as_1896,1896,IRON,Unenumerated,Canada,Cwts,18392,18302,12612,18392,12612,18302,-90,9->0,3,23864,False,True,1.46,1.45,1.08,1,True,False
False,False,2,v,chandra,as_1897,1896,"PLATINUM, wrought or unwrought",,France,Ozs. troy,11206,11296,7691,11206,7691,11296,90,0->9,4,72282,False,True,1.46,1.47,2.08,1,True,False
False,False,2,v,chandra,as_1897,1894,WHALEBONE,,Newfoundland,Cwts,495,405,6,495,6,405,-90,9->0,5,5813,False,True,82.5,67.5,47.49,1,True,False
False,True,2,q,chandra,as_1897,1894,COLLODIUM,,United States of America,Gallons,3404,3494,3404,9458,3494,9458,90,0->9,5,18994,False,True,2.78,2.71,1.2,1,True,False
False,False,2,v,chandra,as_1897,1895,COLLODIUM,,"Turkey, Asiatic",Gallons,392704,392794,350382,392704,350382,392794,90,0->9,7,888080,False,True,1.12,1.12,1.38,1,True,False
False,False,2,v,chandra,as_1897,1894,SPIRITS,"Rum, Imitation",Other Foreign Countries,Proof Gallons,295,205,1048,295,1048,205,-90,9->0,4,1736,False,True,0.28,0.2,0.16,1,True,False
False,False,2,v,chandra,as_1897,1893,TOBACCO,"White, in Bottles, Still : Champagne",Portugal,Gallons,973898,973808,2166780,973898,2166780,973808,-90,9->0,13,2201012,False,True,0.45,0.45,0.21,1,True,False
False,False,2,v,chandra,as_1898,1895,BACON,,Other British Possessions,Cwts,896,806,375,896,375,806,-90,9->0,3,503623,False,True,2.39,2.15,1.9,1,True,False
False,False,2,q,chandra,as_1898,1897,"BOOKS, Bound and Unbound, in- cluding Maps and Charts",,British East Indies,Cwts,209,299,209,2556,299,2556,90,0->9,3,1430,False,True,12.23,8.55,5.4,1,True,False
False,False,2,v,chandra,as_1898,1895,"COPPER, ORE OF",Valonia,Asiatic,Tons,306896,306806,25992,306896,25992,306806,-90,9->0,5,395943,False,True,11.81,11.8,11.53,1,True,False
False,False,2,q,chandra,as_1898,1896,FISH (including Turtle),"Unenumerated, Raw",Channel Islands,Bushels,6506,6596,6506,9338,6596,9338,90,0->9,4,16421,False,True,1.44,1.42,0.77,1,True,False
False,False,2,v,chandra,as_1898,1897,GLASS,"Window and German Sheet, in- cluding Shades and Cylinders",Germany,Cwts,97696,97606,100729,97696,100729,97606,-90,9->0,5,605736,False,True,0.97,0.97,0.48,1,True,False
False,False,2,q,chandra,as_1898,1894,GLASS,"Manufactures, unenumerated",France,Cwts,91394,91304,91394,144917,91304,144917,-90,9->0,10,717556,False,True,1.59,1.59,1.81,1,True,False
False,False,2,q,chandra,as_1898,1896,METAL,"Leaf, not Gold",Germany,Packets,103,193,103,19959,193,19959,90,0->9,7,2379,False,True,193.78,103.41,60.0,1,True,False
False,False,2,v,chandra,as_1898,1896,METAL,"Leaf, not Gold",Queensland,Packets,290,200,1,290,1,200,-90,9->0,5,2053,False,True,290.0,200.0,20.0,1,True,False
False,False,2,v,chandra,as_1898,1895,PAPER,Hangings,Algeria,Cwts,285403,285493,68970,285403,68970,285493,90,0->9,5,791146,False,True,4.14,4.14,4.35,1,True,False
False,False,2,q,chandra,as_1898,1897,PORK,Fresh,Denmark,Cwts,1309,1399,1309,4138,1399,4138,90,0->9,7,347355,False,True,3.16,2.96,2.16,1,True,False
False,False,2,v,chandra,as_1898,1895,POTATOES,,Belgium,Prints,234208,234298,86057,234208,86057,234298,90,0->9,4,293349,False,True,2.72,2.72,3.0,1,True,False
False,False,2,v,chandra,as_1898,1898,LATES,"Unrefined, Total",Mauritius and Dependencies,Cwts,31605,31695,62614,31605,62614,31695,90,0->9,10,775570,False,True,0.5,0.51,0.55,1,True,False
False,False,2,v,chandra,as_1898,1896,WOOD AND TIMBER,"Unenumerated (not being ash, beech, birch, elm, oak, or wainscot)",Western Coast of Africa : French Possessions,Tons,3700,3790,913,3700,913,3790,90,0->9,19,683218,False,True,4.05,4.15,7.77,1,True,False
False,False,2,v,chandra,as_1898,1896,FRUIT,"Rum, Imitation",Norway,Proof Gallons,709,799,18869,709,18869,799,90,0->9,8,58768,False,True,0.04,0.04,0.04,1,True,False
False,False,2,v,chandra,as_1899,1895,FLAX,Tow,Holland,,23698,23608,1028,23698,1028,23608,-90,9->0,6,272062,False,True,23.05,22.96,22.67,1,True,False
False,False,2,v,chandra,as_1899,1895,FRUIT,"Grapes, Raw",Spain,Bushels,353509,353599,731807,353509,731807,353599,90,0->9,7,391587,False,True,0.48,0.48,0.7,1,True,False
False,False,2,v,chandra,as_1899,1895,LEATHER MANUFACTURES,Boots and Shoes,Other Foreign Countries,,109,199,83,109,83,199,90,0->9,6,397736,False,True,1.31,2.4,3.03,1,True,False
False,False,2,q,chandra,as_1899,1898,NUTS AND KERNELS,Whale Fisheries,Newfoundland,,4895,4805,4895,91314,4805,91314,-90,9->0,4,5181,False,True,18.65,19.0,21.34,1,True,False
False,True,2,v,chandra,as_1899,1895,NUTS AND KERNELS,"Fish, Sperm or Head-matter",Norway,,6008,6098,836,6008,836,6098,90,0->9,4,21491,False,True,7.19,7.29,28.12,1,True,False
False,False,2,v,chandra,as_1899,1897,NUTS AND KERNELS,"Fish, Sperm or Head-matter",Azores,,600,690,25,600,25,690,90,0->9,5,9168,False,True,24.0,27.6,26.07,1,True,False
False,False,2,q,chandra,as_1899,1898,NUTS AND KERNELS,"Chemical, Essential or Perfumed",France,Tons,2107,2197,2107,8774,2197,8774,90,0->9,8,8572,False,True,4.16,3.99,3.83,1,True,False
False,False,2,v,chandra,as_1899,1896,PORK,Salted (not hams),Sweden,Cwts,2203,2293,2708,2203,2708,2293,90,0->9,7,272675,False,True,0.81,0.85,0.98,1,True,False
False,False,2,q,chandra,as_1899,1898,SLATES,,Burmah,Lbs,30090,30000,30090,500,30000,500,-90,9->0,6,1800814,False,True,0.02,0.02,0.04,1,True,False
False,False,2,v,chandra,as_1899,1898,"STONES, MARBLE, rough hewn, or manufactured (other than Works of Art)",,Channel Islands,Tons,190706,190796,346014,190706,346014,190796,90,0->9,3,193417,False,True,0.55,0.55,1.16,1,True,False
False,False,2,q,chandra,as_1899,1896,WHALEBONE,,France,,896,806,896,23706,806,23706,-90,9->0,11,4249,False,True,26.46,29.41,50.0,1,True,False
False,False,2,v,chandra,as_1899,1896,WOOL,"Goats' wool, Mohair",Other British Possessions,,202,292,8720,202,8720,292,90,0->9,3,540750,False,True,0.02,0.03,0.05,1,True,False
False,False,2,v,chandra,as_1899,1897,FRUIT,Currants,"Russia, South",Cwts,11902,11992,14513,11902,14513,11992,90,0->9,5,1067224,False,True,0.82,0.83,0.91,1,True,False
False,False,2,q,chandra,as_1899,1896,FRUIT,"Rum, Imitation",Other Foreign Countries,Proof Gallons,209,299,209,62,299,62,90,0->9,3,359035,False,True,0.3,0.21,0.17,1,True,False
False,True,2,q,chandra,as_1899,1899,WINE,"in Bottles, Still",Other Foreign Countries,Gallons,200,290,200,271,290,271,90,0->9,3,46097,False,True,1.35,0.93,0.93,1,True,False
False,False,2,v,infinity,as_1876,1876,ASPHALT,,France,,12004,12094,3759,12004,3759,12094,90,0->9,5,82963,False,True,3.19,3.22,3.51,1,True,False
False,False,2,q,infinity,as_1882,1882,LEAD,Ore of,Italy,Tons,5907,5997,5907,68176,5997,68176,90,0->9,6,15035,False,True,11.54,11.37,9.52,1,True,False
False,False,2,v,infinity,as_1890,1890,"EXTRACTS, of other Sorts, unenumerated",,British West India Islands,,7202,7292,1566,7202,1566,7292,90,0->9,4,35272,False,True,4.6,4.66,8.07,1,True,False
False,False,2,v,infinity,as_1894,1894,DRUGS,"Bark, Peruvian",Portugal,Cwts,10209,10299,6720,10209,6720,10299,90,0->9,6,31314,False,True,1.52,1.53,3.03,1,True,False
False,False,2,v,infinity,as_1896,1896,IRON,Unenumerated,Canada,,18392,18302,12612,18392,12612,18302,-90,9->0,3,23864,False,True,1.46,1.45,1.08,1,True,False
False,False,2,v,infinity,as_1897,1897,HATS OR BONNETS,Wet,Chile,Cwts,3809,3899,3596,3809,3596,3899,90,0->9,10,17420,False,True,1.06,1.08,1.61,1,True,False
False,False,2,v,infinity,as_1897,1893,PORK,POTATOES,Holland,Prints,21503,21593,25531,21503,25531,21593,90,0->9,4,105024,False,True,0.84,0.85,1.03,1,True,False
False,False,2,v,infinity,as_1897,1893,SUGAR,"Refined, or rendered by any process equal thereto : In Lumps and Loaves",Germany,,656604,656694,688398,656604,688398,656694,90,0->9,6,2230006,False,True,0.95,0.95,0.99,1,True,False
False,False,2,q,infinity,as_1897,1896,SUGAR,TALLOW AND STEARINE,Canada,Cwts,4307,4397,4307,4766,4397,4766,90,0->9,10,1328972,False,True,1.11,1.08,1.08,1,True,False
False,True,2,q,infinity,as_1897,1895,TIN,WAX,Canada,Cwts,295,205,295,157,205,157,-90,9->0,5,501,False,True,0.53,0.77,6.05,1,True,False
False,False,2,v,infinity,as_1897,1894,"CARDS, PLAYING","Rum, Imitation",Other Foreign Countries,Proof Gallons,295,205,1048,295,1048,205,-90,9->0,4,1736,False,True,0.28,0.2,0.16,1,True,False
False,True,2,v,infinity,as_1897,1894,"CARDS, PLAYING",Geneva,Canada,Proof Gallons,6096,6006,8449,6096,8449,6006,-90,9->0,4,6309,False,True,0.72,0.71,0.48,1,True,False
False,False,2,q,infinity,as_1898,1898,"CHINA, OR PORCELAIN, AND EARTHENWARE",,France,Cwts,1708,1798,1708,7604,1798,7604,90,0->9,8,68658,False,True,4.45,4.23,3.1,1,True,False
False,False,2,v,infinity,as_1898,1898,"CHINA, OR PORCELAIN, AND EARTHENWARE","Bark, Peruvian",Portugal,Cwts,4606,4696,2599,4606,2599,4696,90,0->9,9,34123,False,True,1.77,1.81,2.21,1,True,False
False,False,2,v,infinity,as_1898,1895,FLAX,"Pears, Raw",Belgium,Bushels,32000,32090,115937,32000,115937,32090,90,0->9,6,161819,False,True,0.28,0.28,0.3,1,True,False
False,False,2,q,infinity,as_1898,1896,FLAX,"Unenumerated, Raw",Channel Islands,,6506,6596,6506,9338,6596,9338,90,0->9,4,16421,False,True,1.44,1.42,0.77,1,True,False
False,False,2,q,infinity,as_1898,1894,FLAX,"Manufactures, unenumerated",France,Cwts,91394,91304,91394,144017,91304,144017,-90,9->0,10,717556,False,True,1.58,1.58,1.81,1,True,False
False,False,2,q,infinity,as_1898,1898,IRON,ISINGLASS,France,,100,190,100,1775,190,1775,90,0->9,11,3315,False,True,17.75,9.34,9.01,1,True,False
False,False,2,q,infinity,as_1898,1896,IVORY,LARD,Russia,Cwts,200,290,200,486,290,486,90,0->9,8,1629436,False,True,2.43,1.68,1.54,1,True,False
False,False,2,v,infinity,as_1898,1896,LEATHER,"Manufactures, including manufactures of linen mixed with cotton",British East Indies : Bengal,—,2005,2095,970,2005,970,2095,90,0->9,4,29201,False,True,2.07,2.16,2.98,1,True,False
False,False,2,q,infinity,as_1898,1898,METAL,"Leaf, not Gold",Germany,Packets,31803,31893,31803,5873,31893,5873,90,0->9,3,100940,False,True,0.18,0.18,0.11,1,True,False
False,False,2,q,infinity,as_1898,1896,METAL,"Unenumerated, Unwrought",Germany,Tons,103,193,103,19959,193,19959,90,0->9,7,2379,False,True,193.78,103.41,60.0,1,True,False
False,False,2,v,infinity,as_1898,1896,METAL,"Unenumerated, Unwrought",Australasia : Queensland,Tons,290,200,1,290,1,200,-90,9->0,5,2053,False,True,290.0,200.0,20.0,1,True,False
False,False,2,q,infinity,as_1898,1894,METAL,Seed,France,Tons,1401,1491,1401,1825,1491,1825,90,0->9,4,406813,False,True,1.3,1.22,1.07,1,True,False
False,False,2,q,infinity,as_1898,1895,METAL,OLEO-MARGARINE,United States of America,Cwts,59503,59593,59503,130442,59593,130442,90,0->9,5,101007,False,True,2.19,2.19,1.75,1,True,False
False,False,2,v,infinity,as_1898,1896,"ORE, unenumerated",PARAFFINE,Belgium,Gallons,52901,52991,5512,52901,5512,52991,90,0->9,8,275653,False,True,9.6,9.61,17.0,1,True,False
False,False,2,q,infinity,as_1898,1897,PORK,Fresh,Denmark,Cwts,1309,1399,1309,4138,1399,4138,90,0->9,7,347355,False,True,3.16,2.96,2.16,1,True,False
False,False,2,v,infinity,as_1898,1897,"SKINS, AND FURS",Eastern Coast of Africa,China,,907,997,14730,907,14730,997,90,0->9,8,8410,False,True,0.06,0.07,0.22,1,True,False
False,False,2,v,infinity,as_1898,1896,SUGAR,"Hewn, Oak",Germany,Loads,123702,123792,26833,123702,26833,123792,90,0->9,9,688775,False,True,4.61,4.61,5.9,1,True,False
False,False,2,q,infinity,as_1898,1895,"CARDS, PLAYING",,United States of America,Dozen Packs,12801,12891,12801,4038,12891,4038,90,0->9,6,26387,False,True,0.32,0.31,0.3,1,True,False
False,False,2,v,infinity,as_1898,1895,"CARDS, PLAYING","Kiln Dried, Roasted, or Ground",Germany,Lbs,203,293,6020,203,6020,293,90,0->9,6,814,False,True,0.03,0.05,0.05,1,True,False
False,False,2,v,infinity,as_1898,1896,SPIRITS,Brandy,Egypt,Proof Gallons,200,290,2183,200,2183,290,90,0->9,11,1255434,False,True,0.09,0.13,0.23,1,True,False
False,False,2,v,infinity,as_1898,1896,SPIRITS,"Unenumerated, not Sweetened, or Mixed",Norway,Proof Gallons,709,799,18869,709,18869,799,90,0->9,8,58768,False,True,0.04,0.04,0.04,1,True,False
False,False,2,q,infinity,as_1898,1897,SPIRITS,"Unenumerated, not Sweetened, or Mixed",Canada,Proof Gallons,3005,3095,3005,2031,3095,2031,90,0->9,4,7041,False,True,0.68,0.66,0.52,1,True,False
False,False,2,q,infinity,as_1899,1895,BEEF,Applicable to Manufacturing Purposes,Australasia : Victoria,Tons,212707,212797,212707,982682,212797,982682,90,0->9,9,353932,False,True,4.62,4.62,4.36,1,True,False
False,False,2,q,infinity,as_1899,1899,CHEESE,"Unwrought, in bars, blocks or slabs, cakes or ingots",British East Indies : Straits Settlements,Tons,404,494,404,35683,494,35683,90,0->9,9,16923,False,True,88.32,72.23,74.0,1,True,False
False,False,2,v,infinity,as_1899,1895,CHEESE,Buckwheat,Other Foreign Countries,Cwts,303,393,1700,303,1700,393,90,0->9,4,36826,False,True,0.18,0.23,0.27,1,True,False
False,False,2,v,infinity,as_1899,1896,MALT,"MANGANESE, Ore of",Bengal,Tons,2005,2095,970,2005,970,2095,90,0->9,4,29201,False,True,2.07,2.16,2.98,1,True,False
False,False,2,q,infinity,as_1899,1899,Beef,,Belgium,,9707,9797,9707,131482,9797,131482,90,0->9,10,216379,False,True,13.55,13.42,2.38,1,True,False
False,True,2,v,infinity,as_1899,1895,OIL,"Fish, Sperm or Head-matter",Norway,Tuns,6008,6098,836,6008,836,6098,90,0->9,4,21491,False,True,7.19,7.29,28.12,1,True,False
False,False,2,q,infinity,as_1899,1897,OIL,Cotton Cake,Germany,Tons,105,195,105,900,195,900,90,0->9,9,111478,False,True,8.57,4.62,4.73,1,True,False
False,False,2,q,infinity,as_1899,1898,OIL,Of other sorts,France,Tons,2107,2197,2107,8774,2197,8774,90,0->9,8,8572,False,True,4.16,3.99,3.83,1,True,False
False,False,2,v,infinity,as_1899,1895,Cotton,Unenumerated,Ecuador,Lbs,200,290,21000,200,21000,290,90,0->9,9,67983,False,True,0.01,0.01,0.01,1,True,False
False,False,2,v,infinity,as_1899,1898,Cotton,Unenumerated,Channel Islands,Lbs,190706,190796,346014,190706,346014,190796,90,0->9,3,193417,False,True,0.55,0.55,1.16,1,True,False
False,False,2,v,infinity,as_1899,1896,SUGAR,Molasses,United States of America,Cwts,131605,131695,483351,131605,483351,131695,90,0->9,7,166756,False,True,0.27,0.27,0.3,1,True,False
False,False,2,v,infinity,as_1899,1897,SUGAR,Eastern Coast of Africa,Other British Possessions,,400,490,45,400,45,490,90,0->9,5,4541,False,True,8.89,10.89,17.33,1,True,False
False,False,2,v,infinity,as_1899,1896,WOOL,"Goats' wool, Mohair",Other British Possessions,,202,292,8720,202,8720,292,90,0->9,3,540750,False,True,0.02,0.03,0.05,1,True,False
False,False,2,q,infinity,as_1899,1896,WOOL,"Other kinds, and Flocks",Holland,Lbs,75807,75897,75807,7076,75897,7076,90,0->9,6,1623912,False,True,0.09,0.09,0.05,1,True,False
False,False,2,q,infinity,as_1899,1895,"CARDS, PLAYING",,United States of America,Dozen Packs,12801,12891,12801,4038,12891,4038,90,0->9,6,26387,False,True,0.32,0.31,0.3,1,True,False
False,False,2,v,infinity,as_1899,1897,"CARDS, PLAYING",Currants,"Russia, South",Cwts,11902,11992,14513,11902,14513,11992,90,0->9,5,1067224,False,True,0.82,0.83,0.9,1,True,False
False,False,2,v,infinity,as_1899,1895,"CARDS, PLAYING",Brandy,Germany,Proof Gallons,6501,6591,33762,6501,33762,6591,90,0->9,10,1188920,False,True,0.19,0.2,0.4,1,True,False
False,False,2,q,infinity,as_1899,1896,"CARDS, PLAYING",Geneva,Other Foreign Countries,Proof Gallons,209,299,209,62,299,62,90,0->9,3,359035,False,True,0.3,0.21,0.17,1,True,False
False,False,2,v,infinity,as_1899,1899,TOBACCO,Other Sorts,France,Gallons,1301,1391,1867,1301,1867,1391,90,0->9,5,2237,False,True,0.7,0.75,0.79,1,True,False
False,False,2,v,infinity,as_1899,1895,HATS OR BONNETS,Of Felt,Germany,Number,501,581,4862,501,4862,581,80,0->8,5,74176,False,True,0.1,0.12,0.13,1,True,False
False,True,2,v,chandra,as_1876,1876,CANDLES,Stearine,Belgium,Cwts,86207,86267,24294,86207,24294,86267,60,0->6,4,278992,False,True,3.55,3.55,3.6,1,True,False
False,True,2,q,chandra,as_1877,1877,MADDER,,Other Countries,Cwts,609,669,609,1588,669,1588,60,0->6,3,19675,False,True,2.61,2.37,1.72,1,True,False
False,False,2,q,chandra,as_1897,1895,AMMUNITION,"Muskets, Rifles, Carbines, Fowling Pieces, or Guns of any other sorts not enumerated, and parts thereof, and Pistols",Italy,Tons,1863,1803,1863,4622,1803,4622,-60,6->0,6,21489,False,True,2.48,2.56,4.08,1,True,False
False,False,2,q,chandra,as_1898,1894,"COPPER, ORE OF","Madder, Madder Root, Garancine,     and Munjeet",Holland,Cwts,6206,6266,6206,9005,6266,9005,60,0->6,4,8744,False,True,1.45,1.44,1.28,1,True,False
False,True,2,v,chandra,as_1898,1894,PAPER,Hangings,Other Foreign Countries,Cwts,368,308,249,368,249,308,-60,6->0,3,602713,False,True,1.48,1.24,1.16,1,True,False
False,True,2,v,chandra,as_1898,1895,"CONFECTIONERY, in the Manufacture of which Spirit has been used",,France,Lbs,508,568,6862,508,6862,568,60,0->6,5,16279,False,True,0.07,0.08,0.08,1,True,False
False,True,2,v,chandra,as_1899,1895,FISH (including Turtle),Herrings,Norway,,43511,43571,215993,43511,215993,43571,60,1->7,4,119564,False,True,0.2,0.2,0.27,1,True,False
False,False,2,q,chandra,as_1899,1897,SLATES,,Bombay,Lbs,3560,3500,3560,140,3500,140,-60,6->0,4,1550570,False,True,0.04,0.04,0.04,1,True,False
False,True,2,q,chandra,as_1899,1896,VINEGAR,,Belgium,Gallons,62369,62309,62369,3282,62309,3282,-60,6->0,5,186237,False,True,0.05,0.05,0.05,1,True,False
False,False,2,q,infinity,as_1882,1882,ZINC,Ore of,Algeria,Tons,9876,9816,9876,18565,9816,18565,-60,7->1,4,34498,False,True,1.88,1.89,4.09,1,True,False
False,False,2,q,infinity,as_1898,1894,Bark,"Madder, Madder Root, Garancine, and Munjeet",Holland,Cwts,6206,6266,6206,9005,6266,9005,60,0->6,4,8744,False,True,1.45,1.44,1.2,1,True,False
False,True,2,v,infinity,as_1898,1894,PORK,POTATOES,United States of America,Cwts,318003,318063,1420431,318003,1420431,318063,60,0->6,3,331486,False,True,0.22,0.22,0.38,1,True,False
False,False,2,v,infinity,as_1898,1897,"CARDS, PLAYING",COLLODION,Holland,Gallons,102,162,102,102,102,162,60,0->6,3,420,False,True,1.0,1.59,1.36,1,True,False
False,False,2,q,infinity,as_1899,1898,OIL,"Fish, Train or Blubber",Canada,Tuns,292,232,292,4052,232,4052,-60,9->3,4,5181,False,True,13.88,17.47,19.0,1,True,False
False,True,2,v,infinity,as_1899,1898,"CARDS, PLAYING",Brandy,Victoria,Proof Gallons,10203,10263,40485,10203,40485,10263,60,0->6,3,11774,False,True,0.25,0.25,0.34,1,True,False
False,False,2,q,chandra,as_1878,1878,PITCH,,Other Countries,Cwts,8235,8285,8235,2780,8285,2780,50,3->8,3,80918,False,True,0.34,0.34,0.3,1,True,False
False,True,2,q,infinity,as_1899,1896,"CARDS, PLAYING",Raw or Kiln dried,Other Foreign Countries,Cwts,132,182,132,277,182,277,50,3->8,3,103160,False,True,2.1,1.52,1.0,1,True,False
False,False,2,v,chandra,as_1879,1879,Wool,"Alpaca, Llama, and Vicuna",Other Countries,Lbs,1015,1045,21027,1015,21027,1045,30,1->4,3,281311,False,True,0.05,0.05,0.06,1,True,False
False,False,2,v,chandra,as_1895,1895,HATS OR BONNETS,Of Other Materials,Spain,No,6013,6043,898106,6013,898106,6043,30,1->4,3,8308,False,True,0.01,0.01,0.02,1,True,False
False,True,2,v,chandra,as_1899,1898,FRUIT,"Rum, Imitation",Other Foreign Countries,Proof Gallons,347,317,1192,347,1192,317,-30,4->1,4,1252,False,True,0.29,0.27,0.12,1,True,False
False,False,2,v,infinity,as_1879,1879,WOOL,"Alpaca, Llama, and Vicuna",Other Countries,,1015,1045,21027,1015,21027,1045,30,1->4,3,281311,False,True,0.05,0.05,0.06,1,True,False
False,False,2,v,infinity,as_1895,1895,HATS OR BONNETS,Of Other Materials,Spain,No,6013,6043,898106,6013,898106,6043,30,1->4,3,8308,False,True,0.01,0.01,0.02,1,True,False
False,False,2,q,chandra,as_1872,1872,"ARMS, AMMUNITION, and MILITARY STORES","ASPHALT, or BITUMEN JUDAICUM",Germany,Tons,1920,1929,1920,8881,1929,8881,9,0->9,7,17975,False,True,4.63,4.6,3.29,1,True,False
False,False,2,q,chandra,as_1872,1872,WOOD and TIMBER,Mahogany : Unenumerated,British Honduras,Tons,589,580,589,5977,580,5977,-9,9->0,14,37088,False,True,10.15,10.31,10.58,1,True,False
False,False,2,q,chandra,as_1874,1874,BEADS,Of Glass,Germany,Lbs,686980,686989,686980,43654,686989,43654,9,0->9,4,3238380,False,True,0.06,0.06,0.06,1,True,False
False,False,2,v,chandra,as_1877,1877,"SKINS, FURS, and PELTS","Unenumerated, being Furs",Germany,Number,49210,49219,1105916,49210,1105916,49219,9,0->9,10,699317,False,True,0.04,0.04,0.11,1,True,False
False,False,2,v,chandra,as_1896,1896,OIL,Coco-Nut,Bombay,Cwts,1569,1560,1200,1569,1200,1560,-9,9->0,5,158397,False,True,1.31,1.3,1.16,1,True,False
False,False,2,q,chandra,as_1897,1894,BEEF,Salted,Canada,Cwts,2720,2729,2720,4124,2729,4124,9,0->9,5,6104,False,True,1.52,1.51,1.28,1,True,False
False,False,2,v,chandra,as_1897,1896,COTTON,Raw,Other British Possessions,Cwts,459,450,210,459,210,450,-9,9->0,8,1053037,False,True,2.19,2.14,1.91,1,True,False
False,False,2,q,chandra,as_1897,1893,COTTON MANUFACTURES,"Piece Goods, Muslins",Holland,Yds,47999,47990,47999,859,47990,859,-9,9->0,3,379769,False,True,0.02,0.02,0.02,1,True,False
False,False,2,v,chandra,as_1897,1894,DRUGS,Opium,Egypt,Lbs,2389,2380,4709,2389,4709,2380,-9,9->0,9,216213,False,True,0.51,0.51,0.5,1,True,False
False,False,2,q,chandra,as_1897,1897,METAL,"Unenumerated, Old, fit only to be Re-manufactured—cont.",France,Tons,10649,10640,10649,3655,10640,3655,-9,9->0,5,17551,False,True,0.34,0.34,0.8,1,True,False
False,True,2,v,chandra,as_1897,1893,NUTS AND KERNELS,Eastern Coast of Africa,Other British Possessions,,479,470,58,479,58,470,-9,9->0,3,4550,False,True,8.26,8.1,6.76,1,True,False
False,False,2,v,chandra,as_1897,1893,POTATOES,,Channel Islands,Cwts,520450,520459,1140922,520450,1140922,520459,9,0->9,3,559505,False,True,0.46,0.46,0.71,1,True,False
False,False,2,q,chandra,as_1897,1896,SHELLS of all kinds,dressed,Other British Possessions,,14399,14390,14399,754,14390,754,-9,9->0,8,132215,False,True,0.05,0.05,0.08,1,True,False
False,False,2,v,chandra,as_1897,1897,COLLODIUM,,"United States of America, on the Atlantic",Gallons,139,130,1026,139,1026,130,-9,9->0,4,793,False,True,0.14,0.13,0.09,1,True,False
False,False,2,q,chandra,as_1898,1896,FISH (including Turtle),"Unenumerated, Dried",Canada,Cwts,1318909,1318900,1318909,9925,1318900,9925,-9,9->0,5,13027838,False,True,0.01,0.01,0.01,1,True,False
False,False,2,q,chandra,as_1898,1896,METAL,"Leaf, not Gold",New Zealand,Packets,30,39,30,1100,39,1100,9,0->9,5,90,False,True,36.67,28.21,20.0,1,True,False
False,True,2,v,chandra,as_1898,1897,PAPER,Hangings,Norway,Cwts,9870,9879,21316,9870,21316,9879,9,0->9,10,133249,False,True,0.46,0.46,0.5,1,True,False
False,False,2,q,chandra,as_1898,1898,SHELLS of all kinds,Dutch Possession in Indian Seas,Hong Kong,,12180,12189,12180,112157,12189,112157,9,0->9,6,17672,False,True,9.21,9.2,3.54,1,True,False
False,False,2,q,chandra,as_1898,1894,LATES,"Unrefined, Total",Sweden,Cwts,80,89,80,30,89,30,9,0->9,7,822728,False,True,0.38,0.34,0.25,1,True,False
False,False,2,v,chandra,as_1898,1894,BEER AND ALE,of other Sorts,Germany,Barrels,36840,36849,17513,36840,17513,36849,9,0->9,5,94964,False,True,2.1,2.1,2.42,1,True,False
False,False,2,v,chandra,as_1898,1897,"CARDS, PLAYING",,Denmark,Lbs,120,129,11110,120,11110,129,9,0->9,3,154,False,True,0.01,0.01,0.03,1,True,False
False,False,2,q,chandra,as_1898,1898,"CARDS, PLAYING",,Other Foreign Countries,Lbs,330,339,330,9,339,9,9,0->9,5,108097,False,True,0.03,0.03,0.02,1,True,False
False,False,2,q,chandra,as_1898,1895,TOBACCO,Other Sorts,British East Indies : Ceylon,Lbs,660,669,660,198,669,198,9,0->9,7,11112,False,True,0.3,0.3,0.13,1,True,False
False,False,2,v,chandra,as_1898,1897,TOBACCO,Other Sorts,British East Indies : Bengal,Lbs,350,359,2875,350,2875,359,9,0->9,9,4358,False,True,0.12,0.12,0.31,1,True,False
False,False,2,q,chandra,as_1898,1897,WINE,Total of all Kinds,Belgium,,52100,52109,52100,18474,52109,18474,9,0->9,13,16817716,False,True,0.35,0.35,0.19,1,True,False
False,False,2,q,chandra,as_1899,1896,"ANIMALS, LIVING",Oxen and Bulls,United States of America,Number,392930,392939,392930,6732955,392939,6732955,9,0->9,3,459001,False,True,17.14,17.13,14.45,1,True,False
False,False,2,v,chandra,as_1899,1897,"CHINA, OR PORCELAIN, AND EARTHENWARE",,Holland,Cwts,300220,300229,117415,300220,117415,300229,9,0->9,8,900558,False,True,2.56,2.56,2.58,1,True,False
False,False,2,v,chandra,as_1899,1895,MEAT,Beef,Australasia : New Zealand,,630,639,355,630,355,639,9,0->9,7,411408,False,True,1.77,1.8,1.89,1,True,False
False,True,2,q,chandra,as_1899,1899,NUTS AND KERNELS,"Fish, Sperm or Head-matter",Azores,,110,119,110,3740,119,3740,9,0->9,5,389,False,True,34.0,31.43,31.2,1,True,False
False,False,2,v,chandra,as_1899,1897,QUICKSILVER,,Other Foreign Countries,Lbs,930,939,10175,930,10175,939,9,0->9,6,390881,False,True,0.09,0.09,0.1,1,True,False
False,False,2,q,chandra,as_1899,1895,"CARDS, PLAYING",,Other Foreign Countries,Dozen Packs,370,379,370,145,379,145,9,0->9,3,18795,False,True,0.39,0.38,0.18,1,True,False
False,True,2,q,chandra,as_1899,1898,FRUIT,Prunes,Other Foreign Countries,Cwts,29,20,29,29,20,29,-9,9->0,5,24190,False,True,1.0,1.45,1.35,1,True,False
False,False,2,q,infinity,as_1872,1872,WOOD AND TIMBER,Mahogany : Unenumerated,British Honduras,Tons,589,580,589,5977,580,5977,-9,9->0,14,37088,False,True,10.15,10.31,10.58,1,True,False
False,True,2,q,infinity,as_1884,1884,DYE WOODS,Unenumerated,Chile,Tons,440,449,440,2683,449,2683,9,0->9,19,22929,False,True,6.1,5.98,5.95,1,True,False
False,False,2,v,infinity,as_1896,1896,OIL,Coco-Nut,Bombay,Cwts,1569,1560,1200,1569,1200,1560,-9,9->0,5,158397,False,True,1.31,1.3,1.16,1,True,False
False,False,2,v,infinity,as_1897,1896,"CHINA, OR PORCELAIN, AND EARTHENWARE",RAW,Other British Possessions,Cwts,459,450,210,459,210,450,-9,9->0,8,1053037,False,True,2.19,2.14,1.91,1,True,False
False,False,2,v,infinity,as_1897,1896,"CHINA, OR PORCELAIN, AND EARTHENWARE","Piece Goods, Muslins",Other Foreign Countries,Yds,1249,1240,60593,1249,60593,1240,-9,9->0,3,9271,False,True,0.02,0.02,0.02,1,True,False
False,False,2,q,infinity,as_1897,1894,TIN,WAX,Other British Possessions,Cwts,89,80,89,389,80,389,-9,9->0,5,222,False,True,4.37,4.86,47.49,1,True,False
False,False,2,v,infinity,as_1897,1897,TIN,"Sawn or Split, planed or dressed, Fir",New Zealand,Loads,52709,52700,10400,52709,10400,52700,-9,9->0,6,4590552,False,True,5.07,5.07,4.44,1,True,False
False,False,2,v,infinity,as_1897,1894,WOOLLEN YARN,"For Weaving, Mixed or not with Silk",Germany,Lbs,111740,111749,1726565,111740,1726565,111749,9,0->9,5,1511024,False,True,0.06,0.06,0.09,1,True,False
False,False,2,v,infinity,as_1898,1896,"CHINA, OR PORCELAIN, AND EARTHENWARE","Old, fit only to be re-manu- factured",Newfoundland,Tons,1050,1059,75,1050,75,1059,9,0->9,7,9107,False,True,14.0,14.12,36.13,1,True,False
False,False,2,q,infinity,as_1898,1896,FLAX,"Apples, Raw",Australasia : Tasmania,Bushels,152460,152469,152460,77919,152469,77919,9,0->9,8,2814303,False,True,0.51,0.51,0.38,1,True,False
False,False,2,q,infinity,as_1898,1895,FLAX,"Pears, Raw",United States of America,Bushels,41200,41209,41200,22829,41209,22829,9,0->9,6,397004,False,True,0.55,0.55,0.3,1,True,False
False,False,2,q,infinity,as_1898,1896,FLAX,"Pears, Raw",Other Foreign Countries,Bushels,1160,1169,1160,945,1169,945,9,0->9,6,471907,False,True,0.81,0.81,0.52,1,True,False
False,False,2,v,infinity,as_1898,1895,GUM,Horse,Canada,Cwts,829,820,122,829,122,820,-9,9->0,9,16226,False,True,6.8,6.72,6.74,1,True,False
False,False,2,q,infinity,as_1898,1894,IVORY,LARD,Germany,Cwts,10,19,10,45,19,45,9,0->9,8,1381503,False,True,4.5,2.37,2.35,1,True,False
False,False,2,q,infinity,as_1898,1894,LEATHER,Bones for Manure (whether burnt or not),France,Tons,520,529,520,2510,529,2510,9,0->9,18,41008,False,True,4.83,4.74,4.56,1,True,False
False,False,2,q,infinity,as_1898,1896,Beef,,Canada,,26610,26619,26610,54627,26619,54627,9,0->9,6,168073,False,True,2.05,2.05,1.88,1,True,False
False,False,2,q,infinity,as_1898,1896,METAL,"Unenumerated, Unwrought",Australasia : New Zealand,Tons,30,39,30,1100,39,1100,9,0->9,5,90,False,True,36.67,28.21,20.0,1,True,False
False,False,2,v,infinity,as_1898,1895,METAL,Seed,Russia,Tons,7740,7749,10402,7740,10402,7749,9,0->9,5,520065,False,True,0.74,0.74,1.04,1,True,False
False,False,2,v,infinity,as_1898,1897,"ORE, unenumerated",PARAFFINE,Other British Possessions,Gallons,470,479,543,470,543,479,9,0->9,4,3176,False,True,0.87,0.88,9.26,1,True,False
False,False,2,q,infinity,as_1898,1895,"SKINS, AND FURS",Skins in any way dressed (not Leather),Russia,Number,5509,5500,5509,300,5500,300,-9,9->0,9,252103,False,True,0.05,0.05,0.15,1,True,False
False,False,2,v,infinity,as_1898,1895,"SKINS, AND FURS","Furs, Rabbit Skins",Newfoundland,Number,74800,74809,282549,74800,282549,74809,9,0->9,5,196781,False,True,0.26,0.26,1.22,1,True,False
False,True,2,q,infinity,as_1898,1894,SUGAR,"Glucose, Solid or Liquid",Germany,Cwts,2200,2209,2200,2441,2209,2441,9,0->9,4,107099,False,True,1.11,1.11,0.75,1,True,False
False,False,2,v,infinity,as_1898,1897,"CARDS, PLAYING",Roasted or Ground,Denmark,Lbs,120,129,11110,120,11110,129,9,0->9,3,154,False,True,0.01,0.01,0.03,1,True,False
False,False,2,q,infinity,as_1898,1898,"CARDS, PLAYING",Roasted or Ground,Other Foreign Countries,Lbs,330,339,330,9,339,9,9,0->9,5,108097,False,True,0.03,0.03,0.02,1,True,False
False,False,2,q,infinity,as_1898,1897,"CARDS, PLAYING",COLLODION,Belgium,Gallons,16740,16749,16740,1896,16749,1896,9,0->9,4,26792,False,True,0.11,0.11,0.11,1,True,False
False,False,2,q,infinity,as_1898,1895,TOBACCO,Other Sorts,British East Indies : Ceylon,Lbs,660,669,660,108,669,108,9,0->9,7,11112,False,True,0.16,0.16,0.1,1,True,False
False,False,2,v,infinity,as_1898,1897,TOBACCO,Other Sorts,British East Indies : Bengal,Lbs,250,259,2876,250,2876,259,9,0->9,9,4258,False,True,0.09,0.09,0.31,1,True,False
False,False,2,q,infinity,as_1898,1895,TOBACCO,"in Bottles, Still",Other British Possessions,Gallons,2880,2889,2880,1813,2889,1813,9,0->9,4,16262,False,True,0.63,0.63,0.62,1,True,False
False,False,2,q,infinity,as_1898,1897,TOBACCO,Total of all Kinds,Belgium,Gallons,52100,52109,52100,18474,52109,18474,9,0->9,13,16817716,False,True,0.35,0.35,0.19,1,True,False
False,False,2,q,infinity,as_1899,1896,ALKALI,Oxen and Bulls,United States of America,Number,392930,392939,392930,6732955,392939,6732955,9,0->9,3,459001,False,True,17.14,17.13,14.45,1,True,False
False,False,2,v,infinity,as_1899,1896,IRON,"Manufactures of Iron or Steel, unenumerated",Other Foreign Countries,Cwts,430,439,57,430,57,439,9,0->9,12,36673,False,True,7.54,7.7,8.61,1,True,False
False,False,2,q,infinity,as_1899,1897,MALT,Guano,Hayti and St. Domingo,Tons,839,830,839,1038,830,1038,-9,9->0,10,322606,False,True,1.24,1.25,1.52,1,True,False
False,False,2,q,infinity,as_1899,1896,Beef,Mutton,United States of America,Cwts,3630,3639,3630,6103,3639,6103,9,0->9,3,6551,False,True,1.68,1.68,1.58,1,True,False
False,False,2,q,infinity,as_1899,1895,OIL,Unprinted,Sweden,Cwts,10730,10739,10730,5365,10739,5365,9,0->9,11,1358192,False,True,0.5,0.5,0.49,1,True,False
False,False,2,v,infinity,as_1899,1897,PORK,"POULTRY AND GAME, alive or dead",Other Foreign Countries,,930,939,10175,930,10175,939,9,0->9,6,390881,False,True,0.09,0.09,0.1,1,True,False
False,False,2,q,infinity,as_1899,1895,SUGAR,TALLOW and STEARINE,Peru,Cwts,60,69,60,2070,69,2070,9,0->9,10,4553,False,True,34.5,30.0,26.17,1,True,False
False,True,2,q,infinity,as_1899,1896,"CARDS, PLAYING",Roasted or Ground,Germany,Lbs,1200,1209,1200,55,1209,55,9,0->9,3,18689,False,True,0.05,0.05,0.04,1,True,False
False,True,2,q,infinity,as_1899,1898,"CARDS, PLAYING",Prunes,Other Foreign Countries,Cwts,29,20,29,29,20,29,-9,9->0,5,24100,False,True,1.0,1.45,1.35,1,True,False
False,False,2,q,infinity,as_1899,1895,TOBACCO,Unmanufactured,Canada,Lbs,1480,1489,1480,130,1489,130,9,0->9,5,15003,False,True,0.09,0.09,0.05,1,True,False
False,False,2,q,chandra,as_1897,1897,GALLS,,Hong Kong,Cwts,10,16,10,37,16,37,6,0->6,3,290,False,True,3.7,2.31,2.76,1,True,False
False,False,2,q,chandra,as_1898,1898,METAL,"Leaf, not Gold",Holland,Packets,77176,77170,77176,90770,77170,90770,-6,6->0,4,80449,False,True,1.18,1.18,1.28,1,True,False
False,False,2,q,chandra,as_1898,1896,NUTS AND KERNELS,Whale Fisheries,Other British Possessions,,40,46,40,1368,46,1368,6,0->6,4,5663,False,True,34.2,29.74,16.3,1,True,False
False,False,2,q,chandra,as_1899,1897,Horse,,Victoria,Cwts,870,876,870,7977,876,7977,6,0->6,7,3804,False,True,9.17,9.11,7.23,1,True,False
False,False,2,v,chandra,as_1899,1898,TOBACCO,Cigars,Holland,Lbs,10,16,768,10,768,16,6,0->6,5,55943,False,True,0.01,0.02,0.04,1,True,False
False,False,2,q,infinity,as_1897,1897,FLAX,FRUITS AND VEGETABLES preserved in Sugar,Hong Kong,Cwts,10,16,10,37,16,37,6,0->6,3,290,False,True,3.7,2.31,2.82,1,True,False
False,True,2,v,infinity,as_1898,1898,"ANIMALS, LIVING",Stallions,Australasia : New South Wales,,3006,3000,6,3006,6,3000,-6,6->0,6,8220,False,True,501.0,500.0,290.0,1,True,False
False,False,2,q,infinity,as_1898,1896,METAL,Whale Fisheries,Other British Possessions,,40,46,40,1368,46,1368,6,0->6,4,5663,False,True,34.2,29.74,17.35,1,True,False
False,False,2,q,chandra,as_1877,1877,Corn and Grain,Buckwheat,Other Countries,Cwts,3733,3738,3733,1898,3738,1898,5,3->8,3,61424,False,True,0.51,0.51,0.37,1,True,False
False,True,2,q,infinity,as_1890,1890,DYE WOODS,Logwood,British West India Islands,Tons,30718,30713,30718,159639,30713,159639,-5,8->3,6,47254,False,True,5.2,5.2,8.25,1,True,False
False,False,2,q,infinity,as_1890,1890,"METAL"" Old, fit only to be re-manufactured","NAPHTHA, WOOD, not potable",Holland,Gallons,30098,30093,30098,5942,30093,5942,-5,8->3,6,134007,False,True,0.2,0.2,0.22,1,True,False
False,True,2,q,infinity,as_1898,1896,WOOLLEN YARN,Unenumerated,British East Indies,Lbs,53,58,53,1207,58,1207,5,3->8,4,678,False,True,22.77,20.81,21.24,1,True,False
False,True,2,q,chandra,as_1891,1891,WINE,"White, in Casks",Belgium,Gallons,5901,5904,5901,3493,5904,3493,3,1->4,7,543475,False,True,0.59,0.59,0.55,1,True,False
False,True,2,q,infinity,as_1894,1894,EGGS,,Canada,Great Hundreds,254601,254604,254601,92644,254604,92644,3,1->4,3,275448,False,True,0.36,0.36,0.33,1,True,False
False,True,2,v,infinity,as_1899,1899,BEEF,Applicable to Manufacturing Purposes,Other Foreign Countries,Tons,3496,3495,5516,3496,5516,3495,-1,6->5,4,30815,False,True,0.63,0.63,0.5,1,True,False
True,True,1,q,infinity,as_1882,1882,PETROLEUM,,United States of America,,58904975,68904975,58904975,1677208,68904975,1677208,10000000,5->6,3,69695982,False,False,0.03,0.02,0.05,1,True,False
False,True,1,v,chandra,as_1897,1893,AMMUNITION,Oxen and Bulls,United States of America : On the Atlantic,Number,1667152,4667152,248825,1667152,248825,4667152,3000000,1->4,3,4774166,False,False,6.7,18.76,10.0,1,True,False
True,True,1,q,chandra,as_1873,1873,WOOL,,Peru,,3896366,2896366,3896366,464933,2896366,464933,-1000000,3->2,3,4540037,False,False,0.12,0.16,0.1,1,True,False
True,True,1,q,infinity,as_1873,1873,WOOL,,Peru,,3896366,2896366,3896366,464933,2896366,464933,-1000000,3->2,3,4540037,False,False,0.12,0.16,0.1,1,True,False
False,False,1,q,chandra,as_1888,1888,WOOL,"Alpaca, Vicuña, and Llama",Peru,,3062611,3962611,3062611,166808,3962611,166808,900000,0->9,4,4324290,False,False,0.05,0.04,0.05,1,True,False
True,True,1,q,chandra,as_1890,1890,"SKINS, FURS, and PELTS","Sheep, Undressed",South Africa,Number,3056733,3956733,3056733,339635,3956733,339635,900000,0->9,6,7977164,False,False,0.11,0.09,0.11,1,True,False
True,True,1,q,chandra,as_1898,1897,"CARDS, PLAYING",,France,Lbs,3912651,3012651,3912651,105671,3012651,105671,-900000,9->0,13,14056830,False,False,0.03,0.04,0.02,1,True,False
True,True,1,v,infinity,as_1882,1882,SUGAR,Unrefined; Beetroot : Of all Kinds,British Guiana,Cwts,1934051,1034051,1501547,1934051,1501547,1034051,-900000,9->0,26,20036039,False,False,1.29,0.69,1.07,1,True,False
False,False,1,q,infinity,as_1888,1888,WOOL,"Alpaca, Vicuña, and Llama",Peru,Lbs,3062611,3962611,3062611,166808,3962611,166808,900000,0->9,4,4824290,False,False,0.05,0.04,0.05,1,True,False
True,True,1,q,infinity,as_1899,1898,CHEESE,Wheatmeal or Flour,Canada,Cwts,1968200,1068200,1968200,1057927,1068200,1057927,-900000,9->0,4,1078320,False,False,0.54,0.99,0.54,1,True,False
False,True,1,v,chandra,as_1877,1877,BEER,Fresh or Slightly Salted,United States of America,Cwts,1903997,1203997,443042,1903997,443042,1203997,-700000,9->2,5,1276141,False,True,4.3,2.72,2.77,1,True,False
False,False,1,v,infinity,as_1875,1875,OIL,OIL SEED CAKE,United States of America,Tons,1942985,1242985,112007,1942985,112007,1242985,-700000,9->2,10,1834465,False,True,17.35,11.1,10.43,1,True,False
False,True,1,v,infinity,as_1877,1877,BEEF,Fresh or Slightly Salted,United States of America,Cwts,1903997,1203997,443042,1903997,443042,1203997,-700000,9->2,5,1276141,False,True,4.3,2.72,2.77,1,True,False
True,True,1,v,chandra,as_1899,1895,FLAX,Dressed or undressed,Russia,,1965946,1365946,69506,1965946,69506,1365946,-600000,9->3,8,2098778,False,False,28.28,19.65,37.94,1,True,False
True,True,1,q,chandra,as_1885,1885,COTTON,Raw,British East Indies : Bengal,Cwts,214370,714370,214370,436773,714370,436773,500000,2->7,8,1805243,False,False,2.04,0.61,2.37,1,True,False
True,True,1,q,chandra,as_1890,1890,Cotton,,Egypt,Tons,282670,782670,282670,1605801,782670,1605801,500000,2->7,7,812741,False,False,5.68,2.05,5.3,1,True,False
False,True,1,v,chandra,as_1874,1874,FLAX,Tow or Codilla of,Russia,Cwts,190026,490026,260730,190026,260730,490026,300000,1->4,5,605690,False,False,0.73,1.88,1.12,1,True,False
True,True,1,q,chandra,as_1874,1874,NAPHTHA (Crude),,United States of America,Gallons,3598243,3898243,3598243,161193,3898243,161193,300000,5->8,3,3919678,False,False,0.04,0.04,0.1,1,True,False
False,True,1,v,chandra,as_1874,1874,Cotton,,Egypt,Tons,1162333,1462333,182929,1162333,182929,1462333,300000,1->4,5,1514900,False,False,6.35,7.99,6.78,1,True,False
True,True,1,q,chandra,as_1880,1880,RICE,,Siam,Cwts,843785,543785,843785,338177,543785,338177,-300000,8->5,8,7589710,False,False,0.4,0.62,0.48,1,True,False
False,True,1,v,chandra,as_1883,1883,FRUIT,Currants,Greece,Cwts,1122379,1422379,1026027,1122379,1026027,1422379,300000,1->4,3,1423062,False,False,1.09,1.39,1.16,1,True,False
True,True,1,q,chandra,as_1884,1884,COTTON,Yarn,Germany,Lbs,6530353,6830353,6530353,357319,6830353,357319,300000,5->8,5,7789936,False,False,0.05,0.05,0.06,1,True,False
False,True,1,q,chandra,as_1897,1895,FLAX,"Unenumerated, Dried",British East Indies : Straits Settlements,Cwts,4534384,4834384,4534384,41932,4834384,41932,300000,5->8,7,6701622,False,False,0.01,0.01,0.01,1,True,False
False,True,1,q,chandra,as_1898,1897,FISH (including Turtle),"Unenumerated, Dried","Turkey, Asiatic",Cwts,133113,433113,133113,291042,433113,291042,300000,1->4,9,494819,False,False,2.19,0.67,1.85,1,True,False
True,True,1,v,chandra,as_1898,1894,NUTS AND KERNELS,Coco-nut,Italy,Cwts,460583,160583,13023,460583,13023,160583,-300000,4->1,10,594089,False,False,35.37,12.33,33.0,1,True,False
False,True,1,v,infinity,as_1874,1874,Cotton,,Egypt,Tons,1162333,1462333,182929,1162333,182929,1462333,300000,1->4,5,1514900,False,False,6.35,7.99,6.78,1,True,False
False,True,1,v,infinity,as_1875,1875,"FLOWERS, ARTIFICIAL",,France,,193210,493210,0,193210,0,493210,300000,1->4,4,510800,False,False,0,0,0,1,True,False
False,True,1,v,chandra,as_1880,1880,COTTON,Yarn,Germany,Lbs,236905,436905,7618092,236905,7618092,436905,200000,2->4,3,536031,False,True,0.03,0.06,0.06,1,True,False
False,True,1,v,infinity,as_1880,1880,COTTON,Yarn,Germany,Lbs,236905,436905,7618092,236905,7618092,436905,200000,2->4,3,536031,False,True,0.03,0.06,0.06,1,True,False
False,True,1,v,infinity,as_1892,1892,SUGAR,TALLOW and STEARINE,United States of America,,382486,582486,472182,382486,472182,582486,200000,3->5,10,815481,False,True,0.81,1.23,1.55,1,True,False
False,True,1,v,chandra,as_1873,1873,IRON and STEEL,Wrought or Manufactured,Belgium,Cwts,282837,182837,251926,282837,251926,182837,-100000,2->1,9,1008636,False,False,1.12,0.73,1.83,1,True,False
False,True,1,v,chandra,as_1875,1875,TOYS,,Germany,,229980,129980,0,229980,0,129980,-100000,2->1,5,392149,False,False,0,0,0,1,True,False
False,True,1,v,chandra,as_1898,1895,"WATCHES, and parts thereof",,France,,656433,556433,0,656433,0,556433,-100000,6->5,5,828143,False,False,0,0,0,1,True,False
False,True,1,v,infinity,as_1875,1875,TOYS,,Germany,,229980,129980,0,229980,0,129980,-100000,2->1,5,392149,False,False,0,0,0,1,True,False
False,True,1,v,infinity,as_1893,1893,PORK,POTATOES,Channel Islands,,620459,520459,1140922,620459,1140922,520459,-100000,6->5,3,550505,False,False,0.54,0.46,0.55,1,True,False
False,False,1,v,chandra,as_1891,1891,SUGAR,Unrefined: Beetroot,Belgium,,409921,499921,518073,409921,518073,499921,90000,0->9,7,5787536,False,False,0.79,0.96,0.63,1,True,False
True,False,1,q,chandra,as_1897,1893,SLATES,Dutch Possessions in Indian Seas,On the Atlantic,Lbs,105834,195834,105834,21574,195834,21574,90000,0->9,11,1672219,False,False,0.2,0.11,0.16,1,True,False
False,False,1,q,chandra,as_1897,1896,WOOL,"Goats' wool, Mohair",Asiatic,,694680,604680,694680,31551,604680,31551,-90000,9->0,6,4962580,False,False,0.05,0.05,0.05,1,True,False
False,False,1,q,chandra,as_1898,1897,PAPER,Hangings,Holland,Cwts,1109466,1199466,1109466,391010,1199466,391010,90000,0->9,11,1482062,False,False,0.35,0.33,0.42,1,True,False
False,False,1,v,chandra,as_1898,1895,"SILVER, Ore of, or Ore of which the greater part in Value is Silver","Skins, Unenumerated, undressed",Canada,Number,200911,290911,1218781,200911,1218781,290911,90000,0->9,12,366329,False,False,0.16,0.24,0.11,1,True,False
False,False,1,q,chandra,as_1898,1898,LATES,In Lumps and Loaves,Germany,,1108156,1198156,1108156,708441,1198156,708441,90000,0->9,6,2546185,False,False,0.64,0.59,0.66,1,True,False
False,False,1,q,chandra,as_1898,1896,LATES,"Unrefined, Cane, and other Sorts",British East Indies : Straits Settlements,Cwts,109476,199476,109476,84683,199476,84683,90000,0->9,9,3104089,False,False,0.77,0.42,0.6,1,True,False
False,False,1,v,chandra,as_1898,1894,WOOLLEN YARN,"For Fancy Purposes, including Berlin Wool and Zephyr Yarn",Germany,Lbs,107224,197224,1038022,107224,1038022,197224,90000,0->9,4,224357,False,False,0.1,0.19,0.14,1,True,False
False,False,1,v,chandra,as_1898,1895,WOOLLEN YARN,"For Fancy Purposes, including Berlin Wool and Zephyr Yarn",Germany,Lbs,102879,192879,1062012,102879,1062012,192879,90000,0->9,4,216435,False,False,0.1,0.18,0.14,1,True,False
False,False,1,q,chandra,as_1899,1896,ROSIN,,United States of America,Cwts,1509903,1599903,1509903,400790,1599903,400790,90000,0->9,4,1655374,False,False,0.27,0.25,0.34,1,True,False
True,True,1,v,chandra,as_1899,1896,SEEDS,Clover and Grass,United States of America,Cwts,199802,109802,98144,199802,98144,109802,-90000,9->0,9,601169,False,False,2.04,1.12,1.87,1,True,False
False,False,1,v,chandra,as_1899,1897,"VEGETABLES, raw, unenumerated",,Channel Islands,Vegetables,391364,301364,0,391364,0,301364,-90000,9->0,3,312709,False,False,0,0,0,1,True,False
True,False,1,q,chandra,as_1899,1899,WOOL,Cloths,Belgium,Yards,606459,696459,606459,57697,696459,57697,90000,0->9,6,71288230,False,False,0.1,0.08,0.09,1,True,False
False,False,1,v,infinity,as_1898,1896,"CHINA, OR PORCELAIN, AND EARTHENWARE",,Belgium,Cwts,200951,290951,0,200951,0,290951,90000,0->9,6,561070,False,False,0,0,0,1,True,False
False,False,1,q,infinity,as_1898,1896,FLAX,"Window and German Sheet, including Shades and Cylinders",Holland,Cwts,200187,290187,200187,138841,290187,138841,90000,0->9,5,1184311,False,False,0.69,0.48,0.69,1,True,False
False,False,1,q,infinity,as_1898,1895,Cotton,Raw,China,,701350,791350,701350,390720,791350,390720,90000,0->9,9,1358595,False,False,0.56,0.49,0.8,1,True,False
False,False,1,v,infinity,as_1898,1896,"SKINS, AND FURS","Furs, Rabbit Skins",France,Number,202683,292683,0,202683,0,292683,90000,0->9,9,772097,False,False,0,0,0,1,True,False
False,False,1,q,infinity,as_1898,1898,SUGAR,"Refined, or rendered by any process equal thereto : In Lumps and Loaves",Germany,,1108156,1198156,1108156,790682,1198156,790682,90000,0->9,6,2546185,False,False,0.71,0.66,0.77,1,True,False
False,False,1,q,infinity,as_1898,1896,SUGAR,"Sawn or Split, planed or dressed, Fir",Canada,Loads,1307913,1397913,1307913,3252147,1397913,3252147,90000,0->9,5,1417229,False,False,2.49,2.33,2.66,1,True,False
False,False,1,v,infinity,as_1898,1895,WOOLLEN YARN,"For Fancy Purposes, including Berlin Wool and Zephyr Yarn",Germany,Lbs,102879,192879,1062012,102879,1062012,192879,90000,0->9,4,216435,False,False,0.1,0.18,0.14,1,True,False
False,False,1,q,infinity,as_1899,1896,PORK,ROSIN,United States of America,Cwts,1509903,1599903,1509903,400790,1599903,400790,90000,0->9,4,1655374,False,False,0.27,0.25,0.34,1,True,False
False,False,1,v,infinity,as_1899,1896,Cotton,"Manufactures of Skins and Furs, including Rugs",Holland,,107056,197056,0,107056,0,197056,90000,0->9,9,772097,False,False,0,0,0,1,True,False
True,False,1,q,infinity,as_1899,1899,WOOLLEN YARN,Stuffs,Belgium,Yards,606459,696459,606459,57697,696459,57697,90000,0->9,6,71288230,False,False,0.1,0.08,0.09,1,True,False
True,True,1,q,chandra,as_1888,1888,SPIRITS,Unmanufactured,British East Indies,Lbs,196551,136551,196551,5535,136551,5535,-60000,9->3,5,331888,False,False,0.03,0.04,0.03,1,True,False
False,True,1,q,chandra,as_1894,1894,Cotton,"Unenumerated, other sorts",Turkey,Cwts,281834,221834,281834,88024,221834,88024,-60000,8->2,18,505622,False,True,0.31,0.4,0.64,1,True,False
False,False,1,q,chandra,as_1899,1896,WOOL,Eastern Coast of Africa,France,,604858,664858,604858,30232,664858,30232,60000,0->6,6,1623912,False,False,0.05,0.05,0.05,1,True,False
True,True,1,v,chandra,as_1899,1899,WOOL,Eastern Coast of Africa,France,,91872,31872,1204470,91872,1204470,31872,-60000,9->3,6,105357,False,False,0.08,0.03,0.08,1,True,False
True,True,1,q,chandra,as_1899,1895,"CONFECTIONERY, in the Manufacture of which Spirit has been used",,Belgium,Lbs,77096,17096,77096,6875,17096,6875,-60000,7->1,5,100708,False,False,0.09,0.4,0.09,1,True,False
True,True,1,v,chandra,as_1886,1886,RABBITS,,Belgium,Cwts,284112,234112,102637,284112,102637,234112,-50000,8->3,3,237668,False,False,2.77,2.28,2.65,1,True,False
True,True,1,q,chandra,as_1895,1895,SUGAR,Molasses,United States of America,Cwts,788978,738978,788978,191658,738978,191658,-50000,8->3,6,832821,False,False,0.24,0.26,0.19,1,True,False
False,True,1,q,chandra,as_1898,1897,LARD,,United States of America,Cwts,1635119,1685119,1635119,1927162,1685119,1927162,50000,3->8,7,1699720,False,False,1.18,1.14,1.32,1,True,False
False,True,1,q,chandra,as_1898,1894,PAPER,Hangings,United States of America,Cwts,539992,589992,539992,601001,589992,601001,50000,3->8,3,591449,False,False,1.11,1.02,1.16,1,True,False
True,True,1,q,chandra,as_1898,1895,LATES,"Unrefined, Total",United States of America,Cwts,788978,738978,788978,191658,738978,191658,-50000,8->3,6,832821,False,False,0.24,0.26,0.24,1,True,False
False,True,1,q,infinity,as_1892,1892,TIN,VINEGAR,France,Gallons,84505,34505,84505,3129,34505,3129,-50000,8->3,4,203996,False,False,0.04,0.09,0.05,1,True,False
True,True,1,q,infinity,as_1895,1895,SUGAR,Molasses,United States of America,Cwts,788978,738978,788978,191658,738978,191658,-50000,8->3,6,832821,False,False,0.24,0.26,0.19,1,True,False
False,True,1,q,infinity,as_1898,1894,"CHINA, OR PORCELAIN, AND EARTHENWARE",Wheatmeal or Flour,Canada,Cwts,1195421,1145421,1195421,451905,1145421,451905,-50000,9->4,5,1209252,False,False,0.38,0.39,0.35,1,True,False
False,True,1,v,chandra,as_1899,1895,MOSS LITTER,,Holland,Tons,50890,90890,82592,50890,82592,90890,40000,5->9,4,94032,False,True,0.62,1.1,1.25,1,True,False
False,True,1,q,chandra,as_1872,1872,SAGO and SAGO FLOUR,,Straits Settlements,Cwts,258862,288862,258862,235810,288862,235810,30000,5->8,3,298418,False,False,0.91,0.82,0.91,1,True,False
True,True,1,q,chandra,as_1873,1873,ICE,INDIGO,Bengal and Burmah,Cwts,49724,19724,49724,1557884,19724,1557884,-30000,4->1,10,57233,False,False,31.33,78.98,22.54,1,True,False
False,True,1,v,chandra,as_1879,1879,QUICKSILVER (Metallic),,Portugal,Lbs,289690,259690,3385723,289690,3385723,259690,-30000,8->5,5,314731,False,False,0.09,0.08,0.09,1,True,False
False,False,1,v,chandra,as_1883,1883,Eggs,,Holland,Great Hundreds,58404,88404,0,58404,0,88404,30000,5->8,6,111774,False,False,0,0,0,1,True,False
False,True,1,q,chandra,as_1899,1897,GLASS,"Other Plate, whether silvered or not",Belgium,Cwts,214427,244427,214427,237369,244427,237369,30000,1->4,6,252033,False,False,1.11,0.97,2.61,1,True,False
False,True,1,v,infinity,as_1879,1879,QUICKSILVER (Metallic),,Portugal,Lbs,289690,259690,3385793,289690,3385793,259690,-30000,8->5,5,314731,False,False,0.09,0.08,0.09,1,True,False
False,True,1,q,infinity,as_1898,1895,"CHINA, OR PORCELAIN, AND EARTHENWARE",Peas,Australasia : New Zealand,Cwts,59490,89490,59490,30250,89490,30250,30000,5->8,4,90880,False,False,0.51,0.34,0.67,1,True,False
False,True,1,q,infinity,as_1898,1896,FLAX,"Other Plate, whether silvered or not",Belgium,Cwts,219335,249335,219335,205030,249335,205030,30000,1->4,5,258822,False,False,0.93,0.82,1.55,1,True,False
True,True,1,q,infinity,as_1898,1896,TOBACCO,Unmanufactured,British East Indies,Lbs,42203,12203,42203,1014,12203,1014,-30000,4->1,5,157948,False,False,0.02,0.08,0.02,1,True,False
False,True,1,q,infinity,as_1899,1897,GLASS,"Other Plate, whether silvered or not",Belgium,Cwts,214427,244427,214427,287369,244427,287369,30000,1->4,6,252033,False,False,1.34,1.18,1.88,1,True,False
False,True,1,v,chandra,as_1880,1880,"ARMS, and AMMUNITION","Swords, Cutlasses, Matchets, Bayonets, Gun Barrels, Gun Locks, and Cannon and Mortars of Iron, not mounted nor accompanied with Carriages",Sweden,Cwts,58089,38089,996,58089,996,38089,-20000,5->3,5,63183,False,True,58.32,38.24,4.11,1,True,False
False,True,1,v,chandra,as_1898,1896,PLUMBAGO,,United States of America,Tons,124445,104445,2495,124445,2495,104445,-20000,2->0,5,131931,False,True,49.88,41.86,9.8,1,True,False
False,True,1,q,infinity,as_1898,1897,FLAX,"Grapes, Raw",Channel Islands,Bushels,23377,43377,23377,89067,43377,89067,20000,2->4,4,52069,False,True,3.81,2.05,0.96,1,True,False
False,True,1,v,chandra,as_1876,1876,FRUIT,Figs,"Turkey, Asiatic",Cwts,295398,285398,138936,295398,138936,285398,-10000,9->8,6,318717,False,True,2.13,2.05,1.55,1,True,False
False,False,1,v,chandra,as_1888,1888,ARMS AND AMMUNITION,"Cannon and Mortars, and parts thereof",Belgium,,66575,56575,0,66575,0,56575,-10000,6->5,6,91264,False,False,0,0,0,1,True,False
False,False,1,v,infinity,as_1888,1888,"ANIMALS, LIVING","Cannon and Mortars, and parts thereof",Belgium,,66575,56575,0,66575,0,56575,-10000,6->5,6,91264,False,False,0,0,0,1,True,False
False,False,1,v,chandra,as_1878,1878,POTATOES,,France,Cwts,569754,560754,2107439,569754,2107439,560754,-9000,9->0,10,2386143,False,False,0.27,0.27,0.31,1,True,False
False,False,1,v,chandra,as_1890,1890,"FARINACEOUS SUBSTANCES, and Manufactures thereof, unenumerated",,British West India Islands,,20245,29245,0,20245,0,29245,9000,0->9,4,390224,False,False,0,0,0,1,True,False
False,False,1,v,chandra,as_1897,1893,CORDAGE,"Cables (not of Iron), Twine, and Cable Yarn",Australasia : Victoria,Cwts,380230,389230,1064924,380230,1064924,389230,9000,0->9,6,3875977,False,False,0.36,0.37,0.33,1,True,False
False,True,1,v,chandra,as_1897,1896,FEATHERS AND DOWN,Eastern Coast of Africa,United States of America : On the Atlantic,,109924,100924,152282,109924,152282,100924,-9000,9->0,4,250964,False,False,0.72,0.66,2.12,1,True,False
False,False,1,v,chandra,as_1897,1896,FLAX,Tow,Russia : Northern Ports,Tons,220442,229442,10132,220442,10132,229442,9000,0->9,6,335842,False,False,21.76,22.65,19.3,1,True,False
True,True,1,q,chandra,as_1897,1897,TOBACCO,"White, in Bottles, Still",France,Gallons,69911,60911,69911,22221,60911,22221,-9000,9->0,7,420877,False,False,0.32,0.36,0.07,1,True,False
False,False,1,v,chandra,as_1898,1894,CAOUTCHOUCC,Eastern Coast of Africa,Holland,Cwts,769835,760835,295693,769835,295693,760835,-9000,9->0,8,2647091,False,False,2.6,2.57,2.6,1,True,False
False,False,1,v,chandra,as_1898,1897,"CHEMICAL MANUFACTURES AND PRODUCTS, not enumerated and not chargeable with duty",,Peru,,20961,29961,0,20961,0,29961,9000,0->9,21,1343933,False,False,0,0,0,1,True,False
False,False,1,q,chandra,as_1898,1896,"COPPER, ORE OF",Yarn,Other Foreign Countries,Lbs,69893,60893,69893,1240,60893,1240,-9000,9->0,3,512303,False,False,0.02,0.02,0.02,1,True,False
True,True,1,q,chandra,as_1898,1895,LEATHER MANUFACTURES,Gloves,Germany,Doz. Pairs,30570,39570,30570,27934,39570,27934,9000,0->9,6,2039419,False,False,0.91,0.71,1.04,1,True,False
True,False,1,q,chandra,as_1898,1895,LINEN,Phosphate of Lime and Rock,Germany,Tons,50403,59403,50403,124020,59403,124020,9000,0->9,13,71633,False,False,2.46,2.09,4.98,1,True,False
False,False,1,q,chandra,as_1898,1895,MEAT,Other Sorts,Australasia : Victoria,Cwts,10372,19372,10372,31766,19372,31766,9000,0->9,7,66491,False,False,3.06,1.64,2.4,1,True,False
False,False,1,q,chandra,as_1898,1898,MEAT,Other Sorts,Australasia : Victoria,Cwts,10271,19271,10271,26939,19271,26939,9000,0->9,7,40501,False,False,2.62,1.4,2.62,1,True,False
True,False,1,q,chandra,as_1898,1897,Cotton,"Garden, unenumerated",France,Lbs,970089,979089,970089,28865,979089,28865,9000,0->9,9,2211910,False,False,0.03,0.03,0.05,1,True,False
False,False,1,v,chandra,as_1898,1895,"VEGETABLES, raw, unenumerated",,Channel Islands,,280304,289304,0,280304,0,289304,9000,0->9,4,292447,False,False,0,0,0,1,True,False
True,True,1,q,chandra,as_1898,1894,WOOLLEN YARN,"For Fancy Purposes, including Berlin Wool and Zephyr Yarn",Belgium,Lbs,49741,40741,49741,8534,40741,8534,-9000,9->0,4,1210181,False,False,0.17,0.21,0.14,1,True,False
False,False,1,q,chandra,as_1898,1896,YEAST,,Germany,Cwts,20773,29773,20773,65832,29773,65832,9000,0->9,5,172387,False,False,3.17,2.21,2.99,1,True,False
False,False,1,q,chandra,as_1899,1899,BUTTER,,Holland,Lbs,430320,439320,430320,25988,439320,25988,9000,0->9,4,493452,False,False,0.06,0.06,0.06,1,True,False
False,False,1,q,chandra,as_1899,1897,FRUIT,"Plums, Raw",Holland,,140503,149503,140503,42836,149503,42836,9000,0->9,6,1042991,False,False,0.3,0.29,0.44,1,True,False
False,False,1,q,chandra,as_1899,1897,GLASS,"Plate, Fluted, Rolled, or Rough",Holland,Cwts,10388,19388,10388,8843,19388,8843,9000,0->9,5,86147,False,False,0.85,0.46,1.62,1,True,False
False,False,1,v,chandra,as_1899,1897,NUTS AND KERNELS,"Chemical, Essential or Perfumed",Egypt,Tons,129514,120514,31085,129514,31085,120514,-9000,9->0,9,525260,False,False,4.17,3.88,4.73,1,True,False
True,False,1,v,chandra,as_1899,1897,Cotton,Tares and Lentils,Holland,Bushels,10687,19687,5933,10687,5933,19687,9000,0->9,14,88002,False,False,1.8,3.32,1.8,1,True,False
True,True,1,v,chandra,as_1899,1898,WOOD AND TIMBER,"Hewn, Unenumerated",Russia,Loads,20566,29566,11541,20566,11541,29566,9000,0->9,7,109802,False,False,1.78,2.56,1.78,1,True,False
True,True,1,q,chandra,as_1899,1896,ZINC,"Manufactures of, unenumerated",Germany,Cwts,129116,120116,129116,133315,120116,133315,-9000,9->0,5,410885,False,False,1.03,1.11,1.0,1,True,False
True,True,1,v,chandra,as_1899,1897,FRUIT,"Rum, Imitation",France,Proof Gallons,1300182,1309182,2790416,1300182,2790416,1309182,9000,0->9,11,1369737,False,False,0.47,0.47,0.29,1,True,False
False,True,1,v,infinity,as_1897,1893,"CHINA, OR PORCELAIN, AND EARTHENWARE",Peas,Cyprus,Cwts,49120,40120,206059,49120,206059,40120,-9000,9->0,15,1100266,False,False,0.24,0.19,0.29,1,True,False
False,False,1,v,infinity,as_1897,1896,FLAX,TOW,Russia : Northern Ports,Tons,220442,229442,10132,220442,10132,229442,9000,0->9,6,335842,False,False,21.76,22.65,19.3,1,True,False
True,False,1,v,infinity,as_1897,1893,WOOLLEN YARN,"Manufactures of, unenumerated",France,Cwts,10406,19406,6646,10406,6646,19406,9000,0->9,5,397397,False,False,1.57,2.92,1.11,1,True,False
True,True,1,q,infinity,as_1897,1896,"CARDS, PLAYING","White, in Bottles, Still",France,Gallons,49228,40228,49228,23023,40228,23023,-9000,9->0,7,370273,False,False,0.47,0.57,0.47,1,True,False
True,False,1,v,infinity,as_1898,1898,Bark,Fresh (not of British taking) Herrings,Denmark,Cwts,39543,30543,38192,39543,38192,30543,-9000,9->0,9,433681,False,False,1.04,0.8,2.5,1,True,False
True,True,1,q,infinity,as_1898,1894,METAL,"MILK, condensed",Holland,Cwts,199969,190969,199969,453097,190969,453097,-9000,9->0,8,840141,False,False,2.27,2.37,2.27,1,True,False
False,True,1,q,infinity,as_1898,1894,METAL,Linseed Cake,Russia : Northern Ports,Tons,59709,50709,59709,401070,50709,401070,-9000,9->0,18,170714,False,False,6.72,7.91,6.26,1,True,False
False,False,1,q,infinity,as_1898,1898,PORK,POTATOES,Bombay,Cwts,1000563,1009563,1000563,16940,1009563,16940,9000,0->9,7,2874937,False,False,0.02,0.02,0.02,1,True,False
False,False,1,v,infinity,as_1898,1894,Cotton,Tares and Lentils,Bombay,Bushels,10787,19787,92330,10787,92330,19787,9000,0->9,3,23377,False,False,0.12,0.21,0.13,1,True,False
False,False,1,v,infinity,as_1898,1895,SUGAR,TOYS,Channel Islands,,280304,289304,0,280304,0,289304,9000,0->9,4,292447,False,False,0,0,0,1,True,False
False,False,1,q,infinity,as_1898,1896,WOOLLEN YARN,YEAST,Germany,Cwts,20773,29773,20773,65832,29773,65832,9000,0->9,5,172387,False,False,3.17,2.21,2.97,1,True,False
False,False,1,v,infinity,as_1899,1895,CHEESE,Manufactured,France,Lbs,230176,239176,3579634,230176,3579634,239176,9000,0->9,5,573764,False,False,0.06,0.07,0.06,1,True,False
False,False,1,v,infinity,as_1899,1897,OIL,Cotton Cake,Egypt,Tons,129514,120514,31085,129514,31085,120514,-9000,9->0,9,525260,False,False,4.17,3.88,4.73,1,True,False
False,False,1,v,infinity,as_1899,1899,PORK,"POULTRY AND GAME, alive or dead",Spain,,360296,369296,3435810,360296,3435810,369296,9000,0->9,4,415430,False,False,0.1,0.11,0.1,1,True,False
True,True,1,v,infinity,as_1899,1898,SUGAR,"Hewn, Unenumerated",Russia,Loads,20566,29566,11541,20566,11541,29566,9000,0->9,7,109802,False,False,1.78,2.56,1.78,1,True,False
False,True,1,v,infinity,as_1899,1897,WOOLLEN YARN,"For Weaving, Mixed or not with Silk",France,Lbs,430797,439797,3280818,430797,3280818,439797,9000,0->9,5,1569753,False,False,0.13,0.13,0.09,1,True,False
False,True,1,v,infinity,as_1883,1883,GUM,"Lac, Seed, Shell, Stick, and Dye",United States of America,Cwts,9100,2100,707,9100,707,2100,-7000,9->2,7,490428,False,True,12.87,2.97,3.57,1,True,False
False,False,1,q,chandra,as_1876,1876,PRINTS and ENGRAVINGS,,Other Countries,Number,89813,83813,89813,3461,83813,3461,-6000,9->3,3,5654877,False,False,0.04,0.04,0.01,1,True,False
True,True,1,v,chandra,as_1890,1890,Cotton,Tares and Lentils,Germany,Bushels,10384,16384,47987,10384,47987,16384,6000,0->6,6,56525,False,False,0.22,0.34,0.22,1,True,False
True,True,1,v,chandra,as_1893,1893,WOOL,Goats' Wool or Hair,British East Indies : Other British East Indies,Lbs,1270,7270,53891,1270,53891,7270,6000,1->7,6,466857,False,False,0.02,0.13,0.04,1,True,False
True,True,1,v,chandra,as_1896,1896,"ANIMALS, LIVING",Stallions,Russia,No,1144,7144,39,1144,39,7144,6000,1->7,7,26278,False,False,29.33,183.18,43.45,1,True,False
False,False,1,v,chandra,as_1898,1894,LEATHER MANUFACTURES,Gloves,Holland,Doz. Pairs,950908,956908,901329,950908,901329,956908,6000,0->6,6,2114921,False,False,1.06,1.06,1.06,1,True,False
True,True,1,q,chandra,as_1898,1897,WOOD AND TIMBER,"Hewn, Unenumerated",Sweden,Loads,3439,9439,3439,7054,9439,7054,6000,3->9,7,46673,False,False,2.05,0.75,1.78,1,True,False
True,True,1,v,chandra,as_1899,1896,FRUIT,"Unenumerated, Dried",British East Indies : Bombay,Cwts,7063,1063,13792,7063,13792,1063,-6000,7->1,5,10192,False,False,0.51,0.08,2.03,1,True,False
False,False,1,q,chandra,as_1899,1897,"PLATINUM, wrought or unwrought",,Belgium,Ozs. troy,50378,56378,50378,60607,56378,60607,6000,0->6,4,72192,False,False,1.2,1.08,2.7,1,True,False
False,True,1,v,chandra,as_1899,1895,VINEGAR,,France,Gallons,7432,1432,66230,7432,66230,1432,-6000,7->1,5,10738,False,False,0.11,0.02,0.07,1,True,False
True,True,1,v,infinity,as_1896,1896,"ANIMALS, LIVING",Stallions,Russia,No,1144,7144,39,1144,39,7144,6000,1->7,7,26278,False,False,29.33,183.18,43.45,1,True,False
False,True,1,q,infinity,as_1897,1895,"CHINA, OR PORCELAIN, AND EARTHENWARE",,Spain,Tons,49217,43217,49217,1288760,43217,1288760,-6000,9->3,14,70370,False,False,26.19,29.82,26.93,1,True,False
True,True,1,v,infinity,as_1899,1896,CHEESE,Rye,Russia : Northern Ports,Cwts,36251,30251,168100,36251,168100,30251,-6000,6->0,6,200333,False,False,0.22,0.18,0.26,1,True,False
True,True,1,v,infinity,as_1899,1896,FRUIT,"Unenumerated, Dried",British East Indies : Bombay,Cwts,7063,1063,13792,7063,13792,1063,-6000,7->1,5,10192,False,False,0.51,0.08,1.94,1,True,False
False,True,1,v,infinity,as_1899,1896,OIL,"Fish, Train or Blubber",Newfoundland,Tuns,97727,91727,6150,97727,6150,91727,-6000,7->1,4,100300,False,False,15.89,14.91,17.35,1,True,False
True,True,1,v,infinity,as_1899,1898,OIL,Of other sorts,United States of America,Cwts,167293,161293,113776,167293,113776,161293,-6000,7->1,4,250518,False,False,1.47,1.42,1.47,1,True,False
False,False,1,q,infinity,as_1899,1897,OIL,"PLATINUM, wrought or unwrought",Belgium,Ozs. troy,50378,56378,50378,60007,56378,60007,6000,0->6,4,72192,False,False,1.19,1.06,2.7,1,True,False
True,True,1,v,infinity,as_1899,1899,TOBACCO,Cavendish or Negrohead,United States of America,Lbs,66221,60221,1238677,66221,1238677,60221,-6000,6->0,5,60344,False,False,0.05,0.05,0.05,1,True,False
True,False,1,v,chandra,as_1890,1890,Meal and Flour,Wheat Meal or Flour,Australasia,Cwts,78012,73012,181140,78012,181140,73012,-5000,8->3,3,596527,False,False,0.43,0.4,0.56,1,True,False
True,True,1,v,chandra,as_1890,1890,"NAPHTHA, WOOD, not potable",,Germany,Gallons,7701,2701,34611,7701,34611,2701,-5000,7->2,6,23947,False,False,0.22,0.08,0.22,1,True,False
True,True,1,q,chandra,as_1897,1894,SLATES,Dutch Possessions in Indian Seas,Channel Islands,Tons,263994,268994,263994,153849,268994,153849,5000,3->8,3,269601,False,False,0.58,0.57,4.24,1,True,False
True,False,1,q,chandra,as_1898,1898,FISH (including Turtle),Other sorts of Shell Fishst,Holland,,103479,108479,103479,30492,108479,30492,5000,3->8,5,110230,False,False,0.29,0.28,1.96,1,True,False
False,True,1,q,chandra,as_1898,1896,"HORNS, tips and pieces of Horns and Hoofs","Girders, Beams, and Pillars",Belgium,,53353,58353,53353,359214,58353,359214,5000,3->8,3,75197,False,False,6.73,6.16,6.73,1,True,False
False,False,1,q,chandra,as_1898,1894,LINEN,Yarn,Belgium,,13993836,13998836,13993836,543537,13998836,543537,5000,3->8,4,16321160,False,False,0.04,0.04,0.04,1,True,False
True,True,1,q,chandra,as_1898,1894,LATES,Dutch Possessions in Indian Seas,Channel Islands,Lbs,263994,268994,263994,153349,268994,153349,5000,3->8,3,269601,False,False,0.58,0.57,4.24,1,True,False
False,True,1,v,chandra,as_1899,1898,PLATE,"Of Silver, gilt or ungilt",Germany,Ozs. troy,7529,2529,26773,7529,26773,2529,-5000,7->2,7,23389,False,False,0.28,0.09,0.29,1,True,False
False,False,1,v,infinity,as_1878,1878,PETROLEUM,PICKLES and VEGETABLES preserved in Salt,Other Countries,,8749,3749,0,8749,0,3749,-5000,8->3,3,107129,False,False,0,0,0,1,True,False
False,True,1,v,infinity,as_1889,1889,CHICORY,"White, in Bottles, Sparkling : Other Sorts",British Possessions in South Africa,,4679,9679,10388,4679,10388,9679,5000,4->9,8,68598,False,False,0.45,0.93,0.45,1,True,False
False,False,1,v,infinity,as_1894,1894,PAPER,PLATE OF SILVER,Belgium,Ozs. Troy,18037,13037,39082,18037,39082,13037,-5000,8->3,6,26864,False,False,0.46,0.33,0.4,1,True,False
True,False,1,q,infinity,as_1898,1898,Bark,Fresh (not of British taking) Herrings,Holland,Cwts,103479,108479,103479,30492,108479,30492,5000,3->8,5,110230,False,False,0.29,0.28,1.96,1,True,False
False,True,1,q,chandra,as_1897,1896,"COPPER, ORE OF",,Newfoundland,Tons,36514,32514,36514,82933,32514,82933,-4000,6->2,8,54602,False,True,2.27,2.55,16.33,1,True,False
False,True,1,q,chandra,as_1880,1880,COPPER,Unwrought and Part Wrought,Chili,Tons,21327,24327,21327,1554580,24327,1554580,3000,1->4,9,36578,False,False,72.89,63.9,70.33,1,True,False
False,True,1,v,chandra,as_1880,1880,JUTE,Yarn and Waste of,France,Lbs,121091,124091,3694976,121091,3694976,124091,3000,1->4,3,163833,False,False,0.03,0.03,0.03,1,True,False
True,True,1,q,chandra,as_1892,1892,"DYE STUFFS, and Substances used in Tanning",Unenumerated,British East Indies,Cwts,28450,25450,28450,22085,25450,22085,-3000,8->5,6,31323,False,False,0.78,0.87,0.75,1,True,False
True,True,1,q,chandra,as_1893,1893,"DYE STUFFS, and Substances used in Tanning",Valonia,Greece,Tons,4323,1323,4323,49828,1323,49828,-3000,4->1,3,31815,False,False,11.53,37.66,11.63,1,True,False
False,True,1,v,chandra,as_1897,1897,WOOLLEN YARN,Of Goats' Wool or Hair mixed or not with other materials,Holland,,71526,74526,0,71526,0,74526,3000,1->4,4,93072,False,False,0,0,0,1,True,False
True,True,1,q,chandra,as_1898,1895,"COPPER, ORE OF","Unwrought, in bars, blocks or slabs, cakes or ingots",Chile,Tons,14972,11972,14972,640587,11972,640587,-3000,4->1,14,31358,False,False,42.79,53.51,42.75,1,True,False
True,True,1,q,infinity,as_1874,1874,Cotton,"Unenumerated, commonly used for expressing Oil therefrom",Madras,Quarters,8811,5811,8811,20796,5811,20796,-3000,8->5,5,101569,False,False,2.36,3.58,2.91,1,True,False
False,True,1,q,infinity,as_1880,1880,COPPER,Unwrought and Part Wrought,Chili,Tons,21327,24327,21327,1554580,24327,1554580,3000,1->4,9,36578,False,False,72.89,63.9,70.33,1,True,False
False,True,1,v,infinity,as_1880,1880,Isinglass,Yarn and Waste of,France,Lbs,121091,124091,3694976,121091,3694976,124091,3000,1->4,3,163833,False,False,0.03,0.03,0.03,1,True,False
True,True,1,v,infinity,as_1892,1892,OIL,Fish: Train or Blubber,Newfoundland,Tuns,138659,135659,7169,138659,7169,135659,-3000,8->5,4,141485,False,False,19.34,18.92,19.57,1,True,False
True,True,1,q,infinity,as_1893,1893,Bark,Valonia,Greece,Tons,4323,1323,4323,49828,1323,49828,-3000,4->1,3,31815,False,False,11.53,37.66,11.63,1,True,False
False,True,1,q,infinity,as_1895,1895,COPPER,Unwrought. in bars. blocks or slabs. cakes or ingots,Chile,Tons,14972,11972,14972,610587,11972,610587,-3000,4->1,7,31358,False,False,40.78,51.0,42.32,1,True,False
False,True,1,q,infinity,as_1899,1897,EGGS,Other sorts of Shell Fish,Holland,,125100,122100,125100,29365,122100,29365,-3000,5->2,5,125046,False,True,0.23,0.24,1.65,1,True,False
False,True,1,v,infinity,as_1899,1895,OIL,Coco-nut,British East Indies : Ceylon,Cwts,217871,214871,107236,217871,107236,214871,-3000,7->4,5,281485,False,True,2.03,2.0,1.23,1,True,False
False,True,1,q,infinity,as_1899,1896,ASPHALT or BITUMEN,BACON,Canada,Cwts,458723,456723,458723,695643,456723,695643,-2000,8->6,3,457014,False,False,1.52,1.52,1.52,1,True,False
False,False,1,v,chandra,as_1873,1873,HAIR,Unenumerated,United States of America,,73932,73032,0,73932,0,73032,-900,9->0,8,237676,False,False,0,0,0,1,True,False
True,False,1,q,chandra,as_1876,1876,"RAGS WOOLLEN: Applicable to other uses than Manure, torn up or not",,Germany,Tons,8078,8978,8078,188603,8978,188603,900,0->9,7,28847,False,False,23.35,21.01,23.35,1,True,False
True,False,1,v,chandra,as_1882,1882,"BOOKS, bound or unbound, including MAPS and CHARTS",,France,Cwts,68085,68985,4408,68085,4408,68985,900,0->9,7,191034,False,False,15.45,15.65,8.1,1,True,False
True,True,1,v,chandra,as_1883,1883,COCOA,Husks and Shells,Spain,Cwts,2987,2087,3266,2987,3266,2087,-900,9->0,4,3076,False,False,0.91,0.64,0.91,1,True,False
True,True,1,q,chandra,as_1890,1890,SPIRITS,Rum,Spanish West India Islands,Proof Gallons,430092,430992,430092,31814,430992,31814,900,0->9,7,1208971,False,False,0.07,0.07,0.09,1,True,False
True,False,1,q,chandra,as_1890,1890,PAPER,For Printing or Writing,France,Cwts,7927,7027,7927,22512,7027,22512,-900,9->0,13,309231,False,False,2.84,3.2,1.4,1,True,False
True,False,1,v,chandra,as_1893,1893,COTTON,Waste of (Raw and Yarn),Belgium,Lbs,10936,10036,1410438,10936,1410438,10036,-900,9->0,9,131254,False,False,0.01,0.01,0.01,1,True,False
False,True,1,v,chandra,as_1893,1893,PRECIOUS STONES,,United States of America,,5000,5900,0,5000,0,5900,900,0->9,4,37910,False,False,0,0,0,1,True,False
True,False,1,q,chandra,as_1894,1894,"PERFUMERY, and Articles used in the Manufacture thereof, except Perfumed Spirits",,Holland,Lbs,236077,236977,236077,13326,236977,13326,900,0->9,7,1626616,False,False,0.06,0.06,0.09,1,True,False
False,False,1,v,chandra,as_1896,1896,FRUIT,"Nuts, used as Fruit",Belgium,,18985,18085,0,18985,0,18085,-900,9->0,10,486735,False,False,0,0,0,1,True,False
False,False,1,v,chandra,as_1897,1896,AMMUNITION,Oxen and Bulls,Canada,Number,1576950,1576050,99188,1576950,99188,1576050,-900,9->0,3,1579617,False,False,15.9,15.89,15.9,1,True,False
True,True,1,v,chandra,as_1897,1893,GLASS,Eastern Coast of Africa,Holland,Cwts,25937,25037,4023,25937,4023,25037,-900,9->0,9,37067,False,False,6.45,6.22,9.74,1,True,False
False,True,1,v,chandra,as_1897,1895,Horse,,Germany,Hair,8925,8025,0,8925,0,8025,-900,9->0,4,11042,False,False,0,0,0,1,True,False
True,False,1,v,chandra,as_1897,1896,NUTS AND KERNELS,"Chemical, Essential or Perfumed",British East Indies : Ceylon,Tons,2041,2941,257,2041,257,2941,900,0->9,5,6131,False,False,7.94,11.44,6.0,1,True,False
True,True,1,q,chandra,as_1897,1897,SALTPETRE (Nitrate of Potash),Rape,Holland,Quarters,866920,866020,866920,40015,866020,40015,-900,9->0,9,2211010,False,False,0.05,0.05,0.04,1,True,False
False,False,1,q,chandra,as_1897,1897,SALTPETRE (Nitrate of Potash),Rape,Southern Ports,Quarters,6076,6976,6076,9692,6976,9692,900,0->9,13,49219,False,False,1.6,1.39,1.78,1,True,False
False,True,1,v,chandra,as_1897,1896,SLATES,Dutch Possessions in Indian Seas,Other British Possessions,Tons,1032,1932,63,1032,63,1932,900,0->9,3,165958,False,False,16.38,30.67,9.09,1,True,False
False,True,1,v,chandra,as_1897,1894,WHALEBONE,,Denmark,Cwts,4994,4094,528,4994,528,4094,-900,9->0,10,124084,False,False,9.46,7.75,52.86,1,True,False
True,False,1,v,chandra,as_1897,1897,SPIRITS,Brandy,United States of America,Proof Gallons,3073,3973,1122,3073,1122,3973,900,0->9,8,22792,False,False,2.74,3.54,1.08,1,True,False
False,False,1,q,chandra,as_1898,1896,"BOOKS, Bound and Unbound, in- cluding Maps and Charts",,Other Foreign Countries,Cwts,4965,4065,4965,1406,4065,1406,-900,9->0,3,452565,False,False,0.28,0.35,0.28,1,True,False
False,False,1,q,chandra,as_1898,1898,"BOOKS, Bound and Unbound, in- cluding Maps and Charts",,Other Foreign Countries,Cwts,2986,2086,2986,455,2086,455,-900,9->0,3,386647,False,False,0.15,0.22,0.18,1,True,False
False,False,1,q,chandra,as_1898,1896,FISH (including Turtle),"Shell Fish, Oysterst",Holland,,8909,8009,8909,33030,8009,33030,-900,9->0,4,215937,False,False,3.71,4.12,2.12,1,True,False
True,False,1,v,chandra,as_1898,1898,FISH (including Turtle),"Unenumerated, Dried",British East Indies : Straits Settlements,Cwts,99025,99925,11267394,99025,11267394,99925,900,0->9,4,131362,False,False,0.01,0.01,0.01,1,True,False
False,False,1,v,chandra,as_1898,1894,LINEN,Bones for Manure (whether burnt or not),Cape of Good Hope,Tons,14059,14959,1405,14059,1405,14959,900,0->9,3,15260,False,False,10.01,10.65,9.2,1,True,False
False,False,1,v,chandra,as_1898,1896,LINEN,Bones for Manure (whether burnt or not),Australasia,Tons,3092,3992,936,3092,936,3992,900,0->9,7,153371,False,False,3.3,4.26,3.7,1,True,False
True,False,1,v,chandra,as_1898,1897,OIL-SEED CAKE,Linseed Cake,British East Indies : Bengal,Tons,19000,19900,3318,19000,3318,19900,900,0->9,3,66514,False,False,5.73,6.0,5.69,1,True,False
False,False,1,v,chandra,as_1898,1895,OIL-SEED CAKE,Of other sorts,Australasia : Queensland,Tons,3046,3946,165,3046,165,3946,900,0->9,10,58234,False,False,18.46,23.92,11.78,1,True,False
False,False,1,v,chandra,as_1898,1897,"SILVER, Ore of, or Ore of which the greater part in Value is Silver","Skins, Unenumerated, undressed",United States of America,Number,23003,23903,2049500,23003,2049500,23903,900,0->9,5,65318,False,False,0.01,0.01,0.01,1,True,False
False,False,1,q,chandra,as_1898,1898,LATES,,Portugal,,1741048,1741948,1741048,9549,1741948,9549,900,0->9,5,59305435,False,False,0.01,0.01,0.01,1,True,False
False,False,1,v,chandra,as_1898,1894,WOOL,"Goats' wool, or Hair",Asiatic,Lbs,29045,29945,789009,29045,789009,29945,900,0->9,9,411073,False,False,0.04,0.04,0.04,1,True,False
False,False,1,v,chandra,as_1898,1896,"COCOA OR CHOCOLATE, GROUND, PREPARED, OR IN ANY WAY MANUFACTURED",,Belgium,Lbs,47002,47902,537181,47002,537181,47902,900,0->9,6,362006,False,False,0.09,0.09,0.09,1,True,False
False,True,1,q,chandra,as_1898,1895,"CONFECTIONERY, in the Manufacture of which Spirit has been used","CONFECTIONERY, containing not more than 50 % Chocolate, in the Manufacture of which Spirit has been used",Holland,Lbs,4099,4999,4099,433,4999,433,900,0->9,3,17983,False,False,0.11,0.09,0.1,1,True,False
False,False,1,q,chandra,as_1898,1896,FRUIT,Raisins,"Turkey, Asiatic",Cwts,305043,305943,305043,403359,305943,403359,900,0->9,7,619481,False,False,1.32,1.32,1.5,1,True,False
True,False,1,q,chandra,as_1899,1899,DYE STUFFS (Other than Dye Woods) and Substances used in Tan- ning or Dyeing,Valonia,British East Indies : Madras,Cwts,6076,6976,6076,647,6976,647,900,0->9,6,23426,False,False,0.11,0.09,0.11,1,True,False
False,True,1,v,chandra,as_1899,1896,FRUIT,"Apples, Raw",Australasia : Tasmania,Bushels,77019,77919,152460,77019,152460,77919,900,0->9,8,730929,False,False,0.51,0.51,0.48,1,True,False
False,False,1,q,chandra,as_1899,1898,FRUIT,"Cherries, Raw",France,Bushels,258988,258088,258988,176230,258088,176230,-900,9->0,4,401810,False,False,0.68,0.68,0.41,1,True,False
True,False,1,v,chandra,as_1899,1898,"MILK AND CREAM, fresh or preserved, other than condensed milk",,Sweden,Gallons,4001,4901,1204,4001,1204,4901,900,0->9,5,11071,False,False,3.32,4.07,1.83,1,True,False
True,True,1,v,chandra,as_1899,1896,NUTS AND KERNELS,"Fish, Sperm or Head-matter",Azores,,2000,2900,71,2000,71,2900,900,0->9,5,8966,False,False,28.17,40.85,28.17,1,True,False
True,True,1,v,chandra,as_1899,1898,PAPER,Strawboard and Millboard,United States of America,Cwts,41916,41016,13475,41916,13475,41016,-900,9->0,8,550096,False,False,3.11,3.04,7.0,1,True,False
False,False,1,q,chandra,as_1899,1896,PITCH,,France,Cwts,7016,7916,7016,2308,7916,2308,900,0->9,9,124702,False,False,0.33,0.29,0.33,1,True,False
False,False,1,q,chandra,as_1899,1898,SLATES,,Canada,Cwts,4943,4043,4943,15393,4043,15393,-900,9->0,9,81445,False,False,3.11,3.81,1.42,1,True,False
True,False,1,v,chandra,as_1899,1899,SLATES,,United States of America,Cwts,9097,9997,2930,9097,2930,9997,900,0->9,4,13407,False,False,3.1,3.41,2.4,1,True,False
False,False,1,v,chandra,as_1899,1899,WOOL,Eastern Coast of Africa,Holland,,11068,11968,50041,11068,50041,11968,900,0->9,4,185480,False,False,0.22,0.24,0.18,1,True,False
False,False,1,q,chandra,as_1899,1895,WOOL,Eastern Coast of Africa,Germany,,1062042,1062942,1062042,192879,1062942,192879,900,0->9,4,1221104,False,False,0.18,0.18,0.18,1,True,False
False,False,1,v,infinity,as_1882,1882,"MEAT, Unenumerated",,Holland,Cwts,20076,20976,5362,20076,5362,20976,900,0->9,4,37630,False,False,3.74,3.91,2.99,1,True,False
True,True,1,q,infinity,as_1891,1891,TOBACCO,"Red, in Casks",British Possessions in South Africa,Gallons,6972,6072,6972,1839,6072,1839,-900,9->0,3,366016,False,False,0.26,0.3,0.26,1,True,False
False,False,1,v,infinity,as_1896,1896,FRUIT,"Nuts, used as Fruit",Belgium,,18985,18085,0,18985,0,18085,-900,9->0,10,486735,False,False,0,0,0,1,True,False
False,False,1,q,infinity,as_1897,1893,Bark,Herrings,Sweden,,467023,467923,467023,65065,467923,65065,900,0->9,4,724497,False,False,0.14,0.14,0.22,1,True,False
False,True,1,v,infinity,as_1897,1897,PORK,POTATOES,Australasia,Cwts,1947,1047,0,1947,0,1047,-900,9->0,3,3042,False,False,0,0,0,1,True,False
False,False,1,q,infinity,as_1897,1894,Cotton,"Skins, Unenumerated, undressed",France,Number,20079,20979,20079,1150,20979,1150,900,0->9,9,62493,False,False,0.06,0.05,0.15,1,True,False
False,False,1,v,infinity,as_1897,1895,"CARDS, PLAYING","Red, in Bottles, Still",Channel Islands,Gallons,2027,2927,4502,2027,4502,2927,900,0->9,4,6025,False,False,0.45,0.65,0.47,1,True,False
False,False,1,v,infinity,as_1898,1897,"CHINA, OR PORCELAIN, AND EARTHENWARE","Bark, Peruvian",Chile,Cwts,2053,2953,391,2053,391,2953,900,0->9,9,20717,False,False,5.25,7.55,1.87,1,True,False
False,False,1,v,infinity,as_1898,1896,Bark,Unenumerated,British East Indies : Straits Settlements,Tons,221099,221999,0,221099,0,221999,900,0->9,9,396050,False,False,0,0,0,1,True,False
True,False,1,v,infinity,as_1898,1898,FLAX,"Preserved without Sugar, other than Dried",British East Indies : Straits Settlements,Lbs,99025,99925,11267394,99025,11267394,99925,900,0->9,4,131362,False,False,0.01,0.01,0.01,1,True,False
False,False,1,v,infinity,as_1898,1898,LEATHER,Boots and Shoes,France,Doz. Pairs,163084,163984,56090,163084,56090,163984,900,0->9,6,509856,False,False,2.91,2.92,2.73,1,True,False
True,True,1,v,infinity,as_1898,1895,LEATHER,"Unenumerated, Salted or Fresh",Denmark,Cwts,13912,13012,13527,13912,13527,13012,-900,9->0,8,469023,False,False,1.03,0.96,1.85,1,True,False
False,False,1,q,infinity,as_1898,1894,METAL,"Leaf, not Gold",Belgium,Packets,10080,10980,10080,653,10980,653,900,0->9,4,147770,False,False,0.06,0.06,0.15,1,True,False
False,False,1,q,infinity,as_1898,1895,METAL,MICA AND TALC,Other Foreign Countries,,1006,1906,1006,686,1906,686,900,0->9,6,13470,False,False,0.68,0.36,1.2,1,True,False
False,False,1,q,infinity,as_1898,1894,METAL,Seed,Belgium,Tons,7037,7937,7037,170600,7937,170600,900,0->9,8,29536,False,False,24.24,21.49,23.95,1,True,False
False,False,1,q,infinity,as_1898,1896,METAL,Seed,British East Indies : Bombay,Tons,13055,13955,13055,1041,13955,1041,900,0->9,8,1182852,False,False,0.08,0.07,0.08,1,True,False
True,False,1,q,infinity,as_1898,1894,"ORE, unenumerated",PARAFFINE,Holland,Cwts,236077,236977,236077,13326,236977,13326,900,0->9,9,1626616,False,False,0.06,0.06,0.09,1,True,False
False,False,1,q,infinity,as_1898,1896,"ORE, unenumerated",PARAFFINE,France,Cwts,7016,7916,7016,2308,7916,2308,900,0->9,9,124702,False,False,0.33,0.29,0.33,1,True,False
False,False,1,q,infinity,as_1898,1894,PORK,POTATOES,Belgium,Cwts,85078,85978,85078,233828,85978,233828,900,0->9,4,107227,False,False,2.75,2.72,2.78,1,True,False
False,False,1,q,infinity,as_1898,1895,PORK,POTATOES,Denmark,Lbs,17020,17920,17020,1370,17920,1370,900,0->9,7,3724053,False,False,0.08,0.08,0.09,1,True,False
True,True,1,q,infinity,as_1898,1894,"SKINS, AND FURS","Skins, Unenumerated, undressed",British East Indies : Madras,Number,17910,17010,17910,1862,17010,1862,-900,9->0,11,105086,False,False,0.1,0.11,0.1,1,True,False
False,False,1,v,infinity,as_1898,1897,"SKINS, AND FURS","Furs, Rabbit Skins",France,Number,23003,23903,2040500,23003,2040500,23903,900,0->9,5,65318,False,False,0.01,0.01,0.01,1,True,False
False,False,1,v,infinity,as_1898,1897,SUGAR,TOYS,France,,162036,162936,0,162036,0,162936,900,0->9,7,1068650,False,False,0,0,0,1,True,False
False,False,1,q,infinity,as_1898,1898,WOOL,Other Goats' Wool or Hair,France,,123036,123936,123036,1967,123936,1967,900,0->9,6,963613,False,False,0.02,0.02,0.02,1,True,False
True,True,1,q,infinity,as_1898,1896,ZINC,"Crude, in cakes",United States of America,Tons,7949,7049,7949,133625,7049,133625,-900,9->0,8,75010,False,False,16.81,18.96,16.1,1,True,False
False,False,1,q,infinity,as_1898,1896,"CARDS, PLAYING",Raisins,"Turkey, Asiatic",Cwts,305043,305943,305043,403359,305943,403359,900,0->9,7,619481,False,False,1.32,1.32,1.5,1,True,False
False,True,1,q,infinity,as_1898,1897,SPIRITS,"Unenumerated, not Sweetened, or Mixed",Russia,Proof Gallons,198025,198925,198025,5777,198925,5777,900,0->9,8,1360919,False,False,0.03,0.03,0.07,1,True,False
False,False,1,q,infinity,as_1899,1899,CHEESE,Unmanufactured,Russia,Tons,2053,2953,2053,11972,2953,11972,900,0->9,9,24832,False,False,5.83,4.05,8.64,1,True,False
True,False,1,q,infinity,as_1899,1895,CHEESE,Wheatmeal or Flour,Australasia : Victoria,Cwts,59010,59910,59010,23051,59910,23051,900,0->9,4,2417140,False,False,0.39,0.38,0.39,1,True,False
False,False,1,v,infinity,as_1899,1899,GUM,"Manufactures of (other than goat's hair), mixed or not with other materials",Other Foreign Countries,,1029,1929,0,1029,0,1929,900,0->9,4,9564,False,False,0,0,0,1,True,False
False,False,1,q,infinity,as_1899,1896,METAL,"Unenumerated, Unwrought",United States of America,Tons,1077,1977,1077,91959,1977,91959,900,0->9,7,2379,False,False,85.38,46.51,85.38,1,True,False
False,False,1,v,infinity,as_1899,1896,NUTS AND KERNELS,Commonly used for expressing Oil therefrom,"Turkey, Asiatic",Tons,1043,1943,50,1043,50,1943,900,0->9,16,175742,False,False,20.86,38.86,13.63,1,True,False
False,False,1,q,infinity,as_1899,1899,OIL,"PERFUMERY, and Articles used in the Manufacture thereof, except Perfumed Spirits",British East Indies : Bengal,Lbs,8073,8973,8073,7400,8973,7400,900,0->9,5,18103,False,False,0.92,0.82,0.92,1,True,False
True,False,1,v,infinity,as_1899,1899,Cotton,Ginger,United States of America,Cwts,9097,9997,2930,9097,2930,9997,900,0->9,4,13407,False,False,3.1,3.41,2.42,1,True,False
False,False,1,v,infinity,as_1899,1898,SUGAR,TALLOW and STEARINE,Germany,Cwts,5031,5931,5564,5031,5564,5931,900,0->9,4,79505,False,False,0.9,1.07,0.79,1,True,False
False,False,1,q,infinity,as_1899,1896,WOOL,Other Goats' Wool or Hair,France,,24000,24900,24000,187,24900,187,900,0->9,5,822805,False,False,0.01,0.01,0.02,1,True,False
False,False,1,v,infinity,as_1899,1895,"CARDS, PLAYING",,United States of America,Dozen Packs,4038,4938,12801,4038,12801,4938,900,0->9,6,7505,False,False,0.32,0.39,0.3,1,True,False
False,False,1,v,infinity,as_1899,1896,"CARDS, PLAYING",Roasted or Ground,Belgium,Lbs,47092,47992,537181,47092,537181,47992,900,0->9,6,362096,False,False,0.09,0.09,0.09,1,True,False
False,False,1,q,infinity,as_1899,1897,"CARDS, PLAYING",Brandy,New South Wales,Proof Gallons,1930,1030,1930,495,1030,495,-900,9->0,4,52731,False,False,0.26,0.48,0.33,1,True,False
True,True,1,v,chandra,as_1899,1898,HATS OR BONNETS,Of Felt,Holland,Number,2073,2873,12245,2073,12245,2873,800,0->8,5,80823,False,False,0.17,0.23,0.17,1,True,False
True,False,1,q,infinity,as_1882,1882,HATS OR BONNETS,"HIDE, Dressed or Undressed",Russia,Cwts,386034,386834,386034,487883,386834,487883,800,0->8,15,1250243,False,False,1.26,1.26,1.53,1,True,False
True,False,1,v,infinity,as_1898,1894,"SKINS, AND FURS",Dutch Possessions in Indian Seas,"Turkey, European",Lbs,1094,1894,9140,1094,9140,1894,800,0->8,10,178785,False,False,0.12,0.21,0.14,1,True,False
False,False,1,v,chandra,as_1872,1872,CANDLES,Stearine,Other Countries,Cwts,2934,2234,636,2934,636,2234,-700,9->2,3,384375,False,True,4.61,3.51,3.75,1,True,False
True,False,1,v,chandra,as_1874,1874,PARAFFINE,"PERFUMERY, Unenumerated",China,,13152,13752,600,13152,600,13752,600,1->7,6,77036,False,False,21.92,22.92,0.14,1,True,False
False,True,1,q,chandra,as_1880,1880,OIL,Animal,Other Countries,Cwts,16040,16640,16040,21998,16640,21998,600,0->6,3,127819,False,False,1.37,1.32,2.6,1,True,False
False,False,1,q,chandra,as_1882,1882,CANDLES,of all Sorts,Belgium,,50037,50637,50037,134589,50637,134589,600,0->6,5,109323,False,False,2.69,2.66,2.69,1,True,False
False,False,1,q,chandra,as_1882,1882,OIL,Turpentine,United States of America,Cwts,346070,346670,346070,618350,346670,618350,600,0->6,3,358094,False,False,1.79,1.78,1.79,1,True,False
True,True,1,v,chandra,as_1882,1882,WOOLLEN YARN,For Fancy purposes,Holland,,48140,48740,289773,48140,289773,48740,600,1->7,4,166973,False,False,0.17,0.17,0.17,1,True,False
True,False,1,q,chandra,as_1888,1888,SPIRITS,Rum,British Possessions in South       Africa,Proof Gallons,51903,51303,51903,3381,51303,3381,-600,9->3,5,3974519,False,False,0.07,0.07,0.07,1,True,False
True,False,1,v,chandra,as_1891,1891,WOOLLEN YARN,For Weaving,France,Lbs,300303,300903,1952015,300303,1952015,300903,600,3->9,5,1633501,False,False,0.15,0.15,0.1,1,True,False
True,False,1,q,chandra,as_1895,1895,HEMP,Dressed or Undressed,Mauritius,Tons,1616,1016,1616,19974,1016,19974,-600,6->0,8,12896,False,False,12.36,19.66,15.43,1,True,False
True,True,1,v,chandra,as_1897,1893,CAOUTCHouc,Manufactures of,Canada,Lbs,1661,1061,21322,1661,21322,1061,-600,6->0,3,2096,False,False,0.08,0.05,0.08,1,True,False
False,False,1,q,chandra,as_1897,1894,"COCOA OR CHOCOLATE, IN THE MANUFACTURE OF WHICH SPIRIT HAS BEEN USED",,Holland,Lbs,72977,72377,72977,7384,72377,7384,-600,9->3,4,131737,False,False,0.1,0.1,0.09,1,True,False
False,False,1,v,chandra,as_1898,1894,"COPPER, ORE OF","Madder, Madder Root, Garancine,     and Munjeet",Holland,Cwts,9005,9605,6206,9005,6206,9605,600,0->6,4,12563,False,False,1.45,1.55,1.28,1,True,False
True,True,1,q,chandra,as_1898,1894,POTATOES,,Other British Possessions,Cwts,343,943,343,84,943,84,600,3->9,3,1163921,False,False,0.24,0.09,0.51,1,True,False
False,False,1,q,chandra,as_1898,1898,WOOL,"Alpaca, Vicuña, and Llama",Chile,,889010,889610,889010,35793,889610,35793,600,0->6,4,4853594,False,False,0.04,0.04,0.05,1,True,False
False,True,1,v,chandra,as_1899,1898,METAL,"Leaf, not Gold",Holland,Packets,6736,6136,66257,6736,66257,6136,-600,7->1,3,15039,False,False,0.1,0.09,0.1,1,True,False
False,True,1,v,chandra,as_1899,1896,SUGAR,"Glucose, Solid or Liquid",Germany,Cwts,3060,3660,4472,3060,4472,3660,600,0->6,4,71763,False,False,0.68,0.82,0.68,1,True,False
True,True,1,v,chandra,as_1899,1899,WOOL,"Alpaca, Vicuña, and Llama",Peru,,207365,207965,4231100,207365,4231100,207965,600,3->9,3,260661,False,False,0.05,0.05,0.04,1,True,False
True,True,1,v,infinity,as_1874,1874,Corn and Grain,Waste,Belgium,Lbs,7341,7941,525189,7341,525189,7941,600,3->9,4,25676,False,False,0.01,0.02,0.01,1,True,False
False,False,1,q,infinity,as_1882,1882,OIL,Turpentine,United States of America,Cwts,346070,346670,346070,618350,346670,618350,600,0->6,3,358094,False,False,1.79,1.78,1.79,1,True,False
True,False,1,q,infinity,as_1895,1895,HEMP,Dressed or Undressed,Mauritius,Tons,1616,1016,1616,19974,1016,19974,-600,6->0,8,12896,False,False,12.36,19.66,15.43,1,True,False
True,True,1,v,infinity,as_1897,1893,HATS OR BONNETS,Of Other Materials,Spain,Number,2740,2140,684840,2740,684840,2140,-600,7->1,7,7016,False,False,0.0,0.0,0.02,1,True,False
False,True,1,v,infinity,as_1897,1896,SUGAR,TAR,Germany,,3060,3660,4472,3060,4472,3660,600,0->6,4,71763,False,False,0.68,0.82,0.68,1,True,False
False,True,1,v,infinity,as_1897,1894,WOOLLEN YARN,of other Sorts,Denmark,Barrels,5073,5673,1584,5073,1584,5673,600,0->6,5,94964,False,False,3.2,3.58,2.91,1,True,False
True,False,1,q,infinity,as_1898,1897,IRON,"Bar, angle, bolt, and rod",Norway,,56799,56199,56799,464195,56199,464195,-600,7->1,6,67796,False,False,8.17,8.26,6.7,1,True,False
True,True,1,q,infinity,as_1898,1894,LEATHER,Bones for Manure (whether burnt or not),British East Indies : Bombay,Tons,31704,31104,31704,148096,31104,148096,-600,7->1,10,47056,False,False,4.67,4.76,4.66,1,True,False
False,True,1,v,infinity,as_1898,1898,"CARDS, PLAYING",Raw or Kiln dried,Belgium,Cwts,40080,40680,94056,40080,94056,40680,600,0->6,3,40797,False,False,0.43,0.43,0.43,1,True,False
False,False,1,v,infinity,as_1899,1896,"FLOWERS, ARTIFICIAL",,Belgium,,2168,2768,0,2168,0,2768,600,1->7,5,559521,False,False,0,0,0,1,True,False
False,False,1,v,infinity,as_1899,1898,LEATHER,"Varnished, Japanned, or Enamelled",Germany,,8214,8814,329,8214,329,8814,600,2->8,5,214267,False,True,24.97,26.79,27.3,1,True,False
False,True,1,v,infinity,as_1899,1898,METAL,"Leaf, not Gold",Holland,Packets,6786,6186,66257,6786,66257,6186,-600,7->1,3,15089,False,False,0.1,0.09,0.1,1,True,False
False,True,1,v,infinity,as_1899,1896,SUGAR,TALLOW and STEARINE,Germany,Cwts,3060,3660,4472,3060,4472,3660,600,0->6,4,71763,False,False,0.68,0.82,0.68,1,True,False
False,True,1,v,chandra,as_1880,1880,PLUMBAGO,,Other Countries,Tons,1822,1322,100,1822,100,1322,-500,8->3,4,106057,False,False,18.22,13.22,17.68,1,True,False
True,True,1,q,chandra,as_1882,1882,CONFECTIONERY,,Holland,Cwts,132441,132941,132441,338468,132941,338468,500,4->9,7,230846,False,False,2.56,2.55,2.73,1,True,False
True,True,1,v,chandra,as_1891,1891,WOOD and TIMBER,Mahogany,the Gold Coast Colony,Tons,11305,11805,1208,11305,1208,11805,500,3->8,4,161887,False,False,9.36,9.77,9.36,1,True,False
False,False,1,v,chandra,as_1897,1895,FLAX,"Unenumerated, Dried",British East Indies : Bombay,Cwts,7822,7322,7414,7822,7414,7322,-500,8->3,4,12740,False,False,1.06,0.99,1.86,1,True,False
False,True,1,q,chandra,as_1898,1894,FISH (including Turtle),Herrings,Denmark,,6895,6395,6895,1525,6395,1525,-500,8->3,4,956327,False,False,0.22,0.24,0.17,1,True,False
False,False,1,q,chandra,as_1899,1898,DYE STUFFS (Other than Dye Woods) and Substances used in Tan- ning or Dyeing,"Madder, Madder Root, Garancine, and Munjeet",Holland,Cwts,2860,2360,2860,3671,2360,3671,-500,8->3,4,2961,False,False,1.28,1.56,1.24,1,True,False
False,True,1,v,infinity,as_1880,1880,TOYS,,Germany,,106419,106919,0,106419,0,106919,500,4->9,6,577897,False,False,0,0,0,1,True,False
False,False,1,v,infinity,as_1893,1893,MALT,"MANGANESE, ORE of",British East Indies : Madras,Tons,6805,6305,2676,6805,2676,6305,-500,8->3,3,8749,False,False,2.54,2.36,2.54,1,True,False
False,False,1,q,infinity,as_1898,1894,IVORY,Eastern Coast of Africa,British East Indies : Bombay,,1455,1955,1455,63439,1955,63439,500,4->9,16,5140,False,False,43.6,32.45,42.5,1,True,False
False,False,1,v,infinity,as_1898,1897,"SKINS, AND FURS","Furs, Rabbit Skins",British East Indies,Number,1843,1343,0,1843,0,1343,-500,8->3,3,2809,False,False,0,0,0,1,True,False
False,False,1,q,infinity,as_1899,1898,Bark,"Madder, Madder Root, Garancine, and Munjeet",Holland,Cwts,2860,2360,2860,3671,2360,3671,-500,8->3,4,2961,False,False,1.28,1.56,1.24,1,True,False
False,True,1,v,chandra,as_1880,1880,PITCH,,Other Countries,Cwts,4548,4848,12181,4548,12181,4848,300,5->8,3,16687,False,False,0.37,0.4,0.28,1,True,False
True,True,1,v,chandra,as_1897,1893,AMMUNITION,"Swords, Cutlasses, Matchets, Bayonets",Holland,Cwts,2418,2118,357,2418,357,2118,-300,4->1,5,2574,False,False,6.77,5.93,6.77,1,True,False
False,True,1,v,chandra,as_1898,1894,METAL,"Leaf, not Gold",Sweden,Packets,18111,18411,93334,18111,93334,18411,300,1->4,5,21371,False,False,0.19,0.2,0.1,1,True,False
True,True,1,v,chandra,as_1899,1896,FRUIT,Transparent in the Manufacture     of which Spirit has been used,Belgium,Lbs,426,126,8264,426,8264,126,-300,4->1,5,560,False,False,0.05,0.02,0.07,1,True,False
True,False,1,v,infinity,as_1887,1887,GUM,GUTTA PERCHA,British East Indies: (Straits Settlements),Cwts,142136,142436,22313,142136,22313,142436,300,1->4,3,151233,False,False,6.37,6.38,6.37,1,True,False
True,True,1,q,infinity,as_1889,1889,IRON,ISINGLASS,Brazil,Cwts,1410,1110,1410,21117,1110,21117,-300,4->1,8,2123,False,False,14.98,19.02,13.95,1,True,False
False,False,1,q,infinity,as_1895,1895,HATS OR BONNETS,Of Other Materials,Spain,No,898106,898406,898106,6013,898406,6013,300,1->4,3,1024052,False,False,0.01,0.01,0.02,1,True,False
False,True,1,v,infinity,as_1898,1894,METAL,"MILK, condensed",Sweden,Cwts,18111,18411,93334,18111,93334,18411,300,1->4,5,21371,False,False,0.19,0.2,0.1,1,True,False
True,True,1,v,infinity,as_1899,1895,MALT,Guano,Germany,Tons,11440,11140,1524,11440,1524,11140,-300,4->1,3,998597,False,False,7.51,7.31,8.15,1,True,False
False,True,1,v,infinity,as_1899,1898,TOBACCO,Burgundy,Holland,Gallons,591,891,881,591,881,891,300,5->8,3,11685,False,False,0.67,1.01,0.75,1,True,False
True,False,1,q,chandra,as_1876,1876,Corn and Grain,Pease,Other Countries,,83101,83191,83101,34816,83191,34816,90,0->9,6,1611250,False,False,0.42,0.42,0.45,1,True,False
False,False,1,v,chandra,as_1877,1877,HEMP,Vegetable Substances applicable to the same uses as Hemp or Flax,China,Cwts,4903,4993,1773,4903,1773,4993,90,0->9,4,24786,False,False,2.77,2.82,1.11,1,True,False
True,False,1,q,chandra,as_1877,1877,LEATHER MANUFACTURES,Gloves,Denmark,Dozen Pairs,28205,28295,28205,27180,28295,27180,90,0->9,6,1242159,False,False,0.96,0.96,1.17,1,True,False
False,False,1,v,chandra,as_1882,1882,PAPER,Millboard and Pasteboard,Sweden,Cwts,12808,12898,16664,12808,16664,12898,90,0->9,5,319841,False,False,0.77,0.77,0.67,1,True,False
True,True,1,q,chandra,as_1883,1883,"SUGARRefined, or rendered by any process equal thereto; 
                    Other Sorts, including Candy","Glucose, Solid and Liquid",Sweden,Cwts,100,190,100,90,190,90,90,0->9,6,403494,False,False,0.9,0.47,0.89,1,True,False
False,False,1,q,chandra,as_1884,1884,WOOD and TIMBER,"Sawn, Fir",Other Countries,Leads,2693,2603,2693,6551,2603,6551,-90,9->0,8,3738087,False,False,2.43,2.52,2.39,1,True,False
True,False,1,q,chandra,as_1890,1890,OIL SEED CAKE,,British East Indies,Tons,5302,5392,5302,30471,5392,30471,90,0->9,3,6147,False,False,5.75,5.65,5.75,1,True,False
False,False,1,v,chandra,as_1892,1892,"STATIONERY, other than PAPER",,Other Foreign Countries,,291,201,0,291,0,201,-90,9->0,7,168846,False,False,0,0,0,1,True,False
True,False,1,q,chandra,as_1893,1893,IRON and STEEL,Unenumerated,Australasia,Cwts,596,506,596,1282,506,1282,-90,9->0,5,2923,False,False,2.15,2.53,1.93,1,True,False
True,False,1,q,chandra,as_1896,1896,"CORN, GRAIN, MEAL, and FLOUR",Wheat,Victoria,Cwts,6590,6500,6590,2080,6500,2080,-90,9->0,4,5737340,False,False,0.32,0.32,0.3,1,True,False
False,False,1,q,chandra,as_1897,1896,FEATHERS AND DOWN,Eastern Coast of Africa,Holland,,8099,8009,8099,33030,8009,33030,-90,9->0,4,215937,False,False,4.08,4.12,2.12,1,True,False
False,False,1,v,chandra,as_1897,1894,GLASS,"Plate, Fluted, Rolled, or Rough",Holland,Cwts,3392,3302,6253,3392,6253,3302,-90,9->0,5,45929,False,False,0.54,0.53,1.58,1,True,False
False,False,1,q,chandra,as_1897,1897,GLASS,"Plate, Fluted, Rolled, or Rough",France,Cwts,3106,3196,3106,3051,3196,3051,90,0->9,5,86147,False,False,0.98,0.95,1.62,1,True,False
True,False,1,q,chandra,as_1897,1897,"HORNS, tips and pieces of Horns and Hoofs",unenumerated,Belgium,,932505,932595,932505,477913,932595,477913,90,0->9,12,3418917,False,False,0.51,0.51,0.88,1,True,False
True,False,1,q,chandra,as_1897,1896,LEAD,"Manufactures, including manu- factures of linen mixed with cotton",British East Indies : Madras,,12601,12691,12601,26729,12691,26729,90,0->9,4,13752,False,False,2.12,2.11,2.98,1,True,False
True,False,1,v,chandra,as_1897,1895,MEAT,Mutton,United States of America : On the Atlantic,Cwts,10705,10795,5260,10705,5260,10795,90,0->9,3,14079,False,False,2.04,2.05,1.53,1,True,False
False,False,1,q,chandra,as_1897,1895,METAL,"Leaf, not Gold",Holland,Packets,104703,104793,104703,8771,104793,8771,90,0->9,4,186727,False,False,0.08,0.08,0.12,1,True,False
False,True,1,q,chandra,as_1897,1893,SALTPETRE (Nitrate of Potash),Rape,Belgium,Quarters,263404,263494,263404,7856,263494,7856,90,0->9,10,3519595,False,False,0.03,0.03,0.03,1,True,False
False,True,1,v,chandra,as_1897,1893,WOOLLEN YARN,"For Fancy Purposes, including Berlin Wool and Zephyr Yarn",Germany,,185894,185804,1046093,185894,1046093,185804,-90,9->0,4,231706,False,False,0.18,0.18,0.18,1,True,False
False,False,1,v,chandra,as_1897,1895,ZINC,Ore of,Holland,,2505,2595,444,2505,444,2595,90,0->9,10,142460,False,False,5.64,5.84,5.64,1,True,False
False,False,1,v,chandra,as_1897,1893,TOBACCO,"White, in Bottles, Still",Holland,Gallons,125000,125090,190049,125000,190049,125090,90,0->9,7,149526,False,False,0.66,0.66,0.54,1,True,False
False,False,1,v,chandra,as_1898,1895,AMMUNITION,Stallions,Canada,,490,400,7,490,7,400,-90,9->0,5,18187,False,False,70.0,57.14,70.0,1,True,False
False,True,1,q,chandra,as_1898,1894,"BOOKS, Bound and Unbound, in- cluding Maps and Charts",,Belgium,Cwts,1491,1401,1491,14236,1401,14236,-90,9->0,7,40803,False,False,9.55,10.16,5.78,1,True,False
False,False,1,q,chandra,as_1898,1896,"BUTTONS AND STUDS, not of Metal",,Other Foreign Countries,Gross,2600,2690,2600,130,2690,130,90,0->9,6,3596917,False,False,0.05,0.05,0.08,1,True,False
False,False,1,v,chandra,as_1898,1894,"CHEMICAL MANUFACTURES AND PRODUCTS, not enumerated and not chargeable with duty",,Australasia,,3300,3390,0,3300,0,3390,90,0->9,3,10555,False,False,0,0,0,1,True,False
True,True,1,q,chandra,as_1898,1896,"COPPER, ORE OF",,Australasia : West Australia,Tons,802,892,802,8000,892,8000,90,0->9,8,58692,False,False,9.98,8.97,16.33,1,True,False
False,False,1,v,chandra,as_1898,1895,"COPPER, ORE OF",,Australasia : New South Wales,Tons,24700,24790,1384,24700,1384,24790,90,0->9,6,284088,False,False,17.85,17.91,17.85,1,True,False
True,True,1,q,chandra,as_1898,1895,"COPPER, ORE OF",Opium,Asiatic,Lbs,167508,167598,167508,80125,167598,80125,90,0->9,8,374692,False,False,0.48,0.48,0.49,1,True,False
True,False,1,q,chandra,as_1898,1896,"COPPER, ORE OF",Opium,British East Indies : Bengal,Lbs,4600,4690,4600,2167,4690,2167,90,0->9,4,33260,False,False,0.47,0.46,0.57,1,True,False
False,True,1,v,chandra,as_1898,1896,"COPPER, ORE OF",Cutch and Gambier,Japan,,1102,1192,50,1102,50,1192,90,0->9,6,14393,False,False,22.04,23.84,22.7,1,True,False
False,False,1,v,chandra,as_1898,1897,"COPPER, ORE OF","Dyes obtained from Coal Tar, Aniline",Holland,,324105,324195,0,324105,0,324195,90,0->9,5,445776,False,False,0,0,0,1,True,False
False,False,1,v,chandra,as_1898,1897,"COPPER, ORE OF","Dyes obtained from Coal Tar, other Coal Tar Dyes",Holland,,6909,6999,0,6909,0,6999,90,0->9,5,25767,False,False,0,0,0,1,True,False
True,True,1,v,chandra,as_1898,1894,FEATHERS AND DOWN,"For Beds, in Beds or otherwise",Other Foreign Countries,Cwts,901,991,223,901,223,991,90,0->9,11,77295,False,False,4.04,4.44,4.04,1,True,False
False,False,1,q,chandra,as_1898,1894,FISH (including Turtle),Shell Fish of all sorts,Other Foreign Countries,Cwts,1592,1502,1592,2155,1502,2155,-90,9->0,5,324262,False,False,1.35,1.43,1.35,1,True,False
True,True,1,q,chandra,as_1898,1896,FISH (including Turtle),Other sorts of Shell Fishst,Norway,,2194,2104,2194,3810,2104,3810,-90,9->0,5,153601,False,False,1.74,1.81,0.44,1,True,False
True,True,1,v,chandra,as_1898,1894,FISH (including Turtle),"Unenumerated, Dried",British East Indies : Hong Kong,Cwts,37301,37391,27103,37301,27103,37391,90,0->9,10,81294,False,False,1.38,1.38,1.34,1,True,False
True,True,1,v,chandra,as_1898,1898,"HORNS, tips and pieces of Horns and Hoofs",Ore of (including Chrome),Other British Possessions,Tons,3703,3793,1383,3703,1383,3793,90,0->9,8,14991,False,False,2.68,2.74,2.4,1,True,False
False,False,1,q,chandra,as_1898,1895,"HORNS, tips and pieces of Horns and Hoofs","Girders, Beams, and Pillars",Belgium,,56508,56598,56508,360036,56598,360036,90,0->9,3,69200,False,False,6.37,6.36,6.37,1,True,False
False,False,1,q,chandra,as_1898,1895,LINEN,Bones for Manure (whether burnt or not),Other British Possessions,Tons,705,795,705,1641,795,1641,90,0->9,3,6225,False,False,2.33,2.06,3.62,1,True,False
False,True,1,v,chandra,as_1898,1895,MEAT,Beef,Other British Possessions,,692,602,345,692,345,602,-90,9->0,7,411408,False,False,2.01,1.74,2.01,1,True,False
False,False,1,v,chandra,as_1898,1894,METAL,"Leaf, not Gold",British East Indies,Packets,1008,1098,36,1008,36,1098,90,0->9,6,13035,False,False,28.0,30.5,25.98,1,True,False
False,False,1,v,chandra,as_1898,1894,METAL,"Leaf, not Gold",Belgium,Packets,369997,369907,192711,369997,192711,369907,-90,9->0,6,1076893,False,False,1.92,1.92,2.12,1,True,False
True,False,1,q,chandra,as_1898,1897,NUTS AND KERNELS,Animal,Germany,Cwts,605,695,605,807,695,807,90,0->9,6,52406,False,False,1.33,1.16,1.31,1,True,False
False,False,1,v,chandra,as_1898,1896,NUTS AND KERNELS,Castor,Other Foreign Countries,Cwts,607,697,560,607,560,697,90,0->9,5,135785,False,False,1.08,1.24,1.16,1,True,False
True,True,1,q,chandra,as_1898,1898,POTATOES,,Channel Islands,Cwts,1192004,1192094,1192004,547856,1192094,547856,90,0->9,3,1252196,False,False,0.46,0.46,0.46,1,True,False
False,False,1,q,chandra,as_1898,1896,Cotton,"Garden, unenumerated",Germany,Lbs,331503,331593,331503,15749,331593,15749,90,0->9,9,2583540,False,False,0.05,0.05,0.05,1,True,False
False,False,1,v,chandra,as_1898,1894,SHELLS of all kinds,Dutch Possession in Indian Seas,Aden and Dependencies,,4400,4490,0,4400,0,4490,90,0->9,20,347920,False,False,0,0,0,1,True,False
False,False,1,q,chandra,as_1898,1895,LATES,Dutch Possessions in Indian Seas,Channel Islands,Lbs,247301,247391,247301,139289,247391,139289,90,0->9,3,247445,False,False,0.56,0.56,9.64,1,True,False
False,False,1,v,chandra,as_1898,1896,LATES,Dutch Possessions in Indian Seas,Malta,Lbs,2303,2393,12252,2303,12252,2393,90,0->9,3,3116,False,False,0.19,0.2,0.15,1,True,False
True,True,1,v,chandra,as_1898,1897,LATES,"Unrefined, Cane, and other Sorts",British East Indies : Madras,Cwts,151696,151606,436490,151696,436490,151606,-90,9->0,8,875304,False,False,0.35,0.35,0.6,1,True,False
False,False,1,q,chandra,as_1898,1894,ZINC,"Crude, in cakes",Australasia,Tons,305,395,305,4519,395,4519,90,0->9,3,467,False,False,14.82,11.44,13.29,1,True,False
False,False,1,v,chandra,as_1898,1897,"CARDS, PLAYING",,Other Foreign Countries,Lbs,201,291,834,201,834,291,90,0->9,3,4244,False,False,0.24,0.35,0.2,1,True,False
False,False,1,q,chandra,as_1898,1896,"CONFECTIONERY, in the Manufacture of which Spirit has been used",,Germany,Lbs,11206,11296,11206,686,11296,686,90,0->9,5,185478,False,False,0.06,0.06,0.09,1,True,False
True,True,1,q,chandra,as_1898,1898,FRUIT,Prunes,Austrian Territories,Cwts,1391,1301,1391,1815,1301,1815,-90,9->0,5,24100,False,False,1.3,1.4,1.35,1,True,False
True,False,1,q,chandra,as_1898,1897,FRUIT,Rum,British West India Islands,Proof Gallons,1587502,1587592,1587502,159155,1587592,159155,90,0->9,7,4267817,False,False,0.1,0.1,0.12,1,True,False
False,False,1,q,chandra,as_1898,1897,FRUIT,"Rum, Imitation",Germany,Proof Gallons,27402,27492,27402,1455,27492,1455,90,0->9,4,28651,False,False,0.05,0.05,0.14,1,True,False
True,True,1,v,chandra,as_1898,1894,TOBACCO,Unmanufactured,China,Lbs,691,601,1555,691,1555,601,-90,9->0,18,690109,False,False,0.44,0.39,0.44,1,True,False
False,False,1,q,chandra,as_1898,1895,WINE,"in Bottles, Still",Other Foreign Countries,Gallons,507,597,507,540,597,540,90,0->9,3,12979,False,False,1.07,0.9,1.05,1,True,False
True,False,1,q,chandra,as_1899,1899,"ANIMALS, LIVING",Geldings,Canada,Number,3500,3590,3500,96024,3590,96024,90,0->9,4,3622,False,False,27.44,26.75,41.88,1,True,False
False,False,1,q,chandra,as_1899,1896,"BOOKS, Bound and Unbound, including Maps and Charts",,Australasia,Cwts,105,195,105,1535,195,1535,90,0->9,3,706,False,False,14.62,7.87,14.62,1,True,False
False,False,1,q,chandra,as_1899,1898,BUTTER,,Belgium,Lbs,292,202,292,10,202,10,-90,9->0,4,737550,False,False,0.03,0.05,0.04,1,True,False
True,False,1,v,chandra,as_1899,1899,CORDAGE,Oats,Australasia : Victoria,Cwts,1208,1298,3000,1208,3000,1298,90,0->9,5,465029,False,False,0.4,0.43,0.34,1,True,False
False,False,1,q,chandra,as_1899,1895,DYE STUFFS (Other than Dye Woods) and Substances used in Tan- ning or Dyeing,"Madder, Madder Root, Garancine, and Munjeet",France,Cwts,1002,1092,1002,1481,1092,1481,90,0->9,4,6054,False,False,1.48,1.36,1.48,1,True,False
False,False,1,v,chandra,as_1899,1895,GOLD,Leaves of,Holland,,1204,1294,643000,1204,643000,1294,90,0->9,4,128221,False,False,0.0,0.0,0.0,1,True,False
True,False,1,q,chandra,as_1899,1898,Horse,,New South Wales,Cwts,1398,1308,1398,10583,1308,10583,-90,9->0,8,2768,False,False,7.57,8.09,7.62,1,True,False
True,True,1,q,chandra,as_1899,1897,HATS OR BONNETS,Of Other Materials,Russia,Number,5592,5502,5592,145022,5502,145022,-90,9->0,17,72702,False,False,25.93,26.36,20.21,1,True,False
False,False,1,q,chandra,as_1899,1895,JUTE,,Germany,Tons,1108,1198,1108,14780,1198,14780,90,0->9,7,1331,False,False,13.34,12.34,13.65,1,True,False
False,True,1,v,chandra,as_1899,1897,JUTE,"Manufactures of, including     Piece Goods, Sacks, and     Bags",Holland,,4104,4194,0,4104,0,4194,90,0->9,6,64492,False,False,0,0,0,1,True,False
False,False,1,q,chandra,as_1899,1896,LEAD,Ore of,Asiatic,Tons,104,194,104,734,194,734,90,0->9,13,5164,False,False,7.06,3.78,6.36,1,True,False
False,False,1,q,chandra,as_1899,1895,LEAD,Dressed,Tripoli,Cwts,302,392,302,4570,392,4570,90,0->9,9,331112,False,False,15.13,11.66,15.59,1,True,False
False,False,1,q,chandra,as_1899,1896,LEATHER MANUFACTURES,Gloves,Denmark,Doz. Pairs,2407,2497,2407,2516,2497,2516,90,0->9,6,2213542,False,False,1.05,1.01,1.05,1,True,False
True,False,1,q,chandra,as_1899,1896,LIQUORICE,"MANGANESE, Ore of",British East Indies : Madras,Tons,12601,12691,12601,26700,12691,26700,90,0->9,4,13752,False,False,2.12,2.1,2.98,1,True,False
False,False,1,v,chandra,as_1899,1895,MEAT,Mutton,United States of America,Cwts,10705,10795,5200,10705,5200,10795,90,0->9,3,14079,False,False,2.06,2.08,1.83,1,True,False
False,False,1,v,chandra,as_1899,1896,NUTS AND KERNELS,Whale Fisheries,British West India Islands,,1402,1492,56,1402,56,1492,90,0->9,4,106300,False,False,25.04,26.64,25.04,1,True,False
False,False,1,v,chandra,as_1899,1898,"PETROLEUM, Lubricating","PETROLEUM, Illuminating and Lu- bricating",Germany,Gallons,28000,28090,626734,28000,626734,28090,90,0->9,9,3732371,False,False,0.04,0.04,0.03,1,True,False
False,True,1,q,chandra,as_1899,1896,PLUMBAGO,,Germany,,2306,2396,2306,23488,2396,23488,90,0->9,5,5699,False,False,10.19,9.8,10.19,1,True,False
False,True,1,v,chandra,as_1899,1897,SILK,"Thrown, Dyed, or not Dyed",France,Lbs,101704,101794,125279,101704,125279,101794,90,0->9,4,301291,False,False,0.81,0.81,0.8,1,True,False
False,False,1,v,chandra,as_1899,1898,WOOL,Other Goats' Wool or Hair,Other Foreign Countries,,2307,2397,130264,2307,130264,2397,90,0->9,6,21324,False,False,0.02,0.02,0.02,1,True,False
True,False,1,q,chandra,as_1899,1898,ZINC,Ore of,Australasia : South Australia,Tons,2900,2990,2900,7734,2990,7734,90,0->9,6,4632,False,False,2.67,2.59,8.23,1,True,False
True,False,1,v,chandra,as_1899,1899,ZINC,Ore of,Canada,Tons,704,794,51,704,51,794,90,0->9,6,15472,False,False,13.8,15.57,7.92,1,True,False
False,False,1,v,chandra,as_1899,1895,"CARDS, PLAYING",,Other Foreign Countries,Dozen Packs,100,190,100,100,100,190,90,0->9,3,53274,False,False,1.0,1.9,1.0,1,True,False
False,False,1,v,chandra,as_1899,1898,TOBACCO,Unmanufactured,Other British Possessions,,1401,1491,40338,1401,40338,1491,90,0->9,4,3076,False,False,0.03,0.04,0.03,1,True,False
True,False,1,q,chandra,as_1899,1899,TOBACCO,Cigars,Australasia,Lbs,506,596,506,32,596,32,90,0->9,3,5172,False,False,0.06,0.05,0.06,1,True,False
False,False,1,v,chandra,as_1899,1897,WINE,"in Bottles, Still",Channel Islands,Gallons,2303,2393,5086,2303,5086,2393,90,0->9,4,5929,False,False,0.45,0.47,0.45,1,True,False
False,True,1,q,infinity,as_1876,1876,SEEDS,SHUMACH,Other Countries,Tons,497,407,497,6901,407,6901,-90,9->0,3,12707,False,False,13.89,16.96,13.89,1,True,False
False,False,1,v,infinity,as_1877,1877,HEMP,Vegetable Substances applicable to the same uses as Hemp or Flax,China,Cwts,4903,4993,1773,4903,1773,4993,90,0->9,4,24786,False,False,2.77,2.82,1.11,1,True,False
True,True,1,v,infinity,as_1881,1881,EGGS,,Portugal,Great Hundreds,5090,5000,15766,5090,15766,5000,-90,9->0,9,2322300,False,False,0.32,0.32,0.35,1,True,False
False,False,1,q,infinity,as_1882,1882,"MEAT, Unenumerated",,France,Cwts,1709,1799,1709,3839,1799,3839,90,0->9,4,11472,False,False,2.25,2.13,2.99,1,True,False
True,True,1,q,infinity,as_1884,1884,PAPER,Millboard and Pasteboard,Other Countries,Cwts,2696,2606,2696,2663,2606,2663,-90,9->0,7,773101,False,False,0.99,1.02,0.63,1,True,False
False,False,1,q,infinity,as_1884,1884,WOOD and TIMBER,"Sawn, Fir",Other Countries,Loads,2693,2603,2693,6551,2603,6551,-90,9->0,8,3738087,False,False,2.43,2.52,2.39,1,True,False
False,False,1,v,infinity,as_1888,1888,Cotton,SHELLS of all kinds,France,,2908,2998,0,2908,0,2998,90,0->9,10,59752,False,False,0,0,0,1,True,False
True,True,1,q,infinity,as_1889,1889,CHICORY,"White, in Bottles, Sparkling : Other Sorts",Channel Islands,,12196,12106,12196,8642,12106,8642,-90,9->0,8,282803,False,False,0.71,0.71,0.45,1,True,False
False,False,1,q,infinity,as_1890,1890,"ANIMALS, LIVING",Geldings,Germany,No,10003,10093,10003,109629,10093,109629,90,0->9,10,13546,False,False,10.96,10.86,32.23,1,True,False
True,False,1,q,infinity,as_1890,1890,OIL SEED CAKE,,British East Indies,,5302,5392,5302,30471,5392,30471,90,0->9,3,6147,False,False,5.75,5.65,5.75,1,True,False
False,False,1,v,infinity,as_1890,1890,SPICES,SPONGE,Italy,,690,600,6215,690,6215,600,-90,9->0,9,233658,False,False,0.11,0.1,0.16,1,True,False
False,False,1,v,infinity,as_1892,1892,STATIONERY. other than PAPER,,Other Foreign Countries,,291,201,0,291,0,201,-90,9->0,7,168846,False,False,0,0,0,1,True,False
True,False,1,q,infinity,as_1893,1893,IRON AND STEEL,Unenumerated,Australasia,Cwts,596,506,596,1282,506,1282,-90,9->0,5,2923,False,False,2.15,2.53,1.93,1,True,False
False,False,1,v,infinity,as_1897,1896,DRUGS,Opium,Persia,Lbs,42008,42098,84040,42008,84040,42098,90,0->9,6,231453,False,False,0.5,0.5,0.5,1,True,False
False,False,1,q,infinity,as_1897,1897,Bark,Valonia,Greece,Tons,4601,4691,4601,38012,4691,38012,90,0->9,5,29637,False,False,8.26,8.1,9.78,1,True,False
False,False,1,q,infinity,as_1897,1895,FLAX,FRUITS AND VEGETABLES preserved in Sugar,British West India Islands,Cwts,6607,6697,6607,5322,6697,5322,90,0->9,10,98240,False,False,0.81,0.79,0.94,1,True,False
False,False,1,v,infinity,as_1897,1894,FLAX,"Plate, Fluted, Rolled, or Rough",Holland,Cwts,3392,3302,6253,3392,6253,3302,-90,9->0,5,45929,False,False,0.54,0.53,1.58,1,True,False
False,False,1,q,infinity,as_1897,1893,FLAX,GUTTA PERCHA,Australasia : New South Wales,Cwts,506,596,506,3710,596,3710,90,0->9,7,2039,False,False,7.33,6.22,7.15,1,True,False
False,False,1,v,infinity,as_1897,1896,PAPER,Other Materials,Canada,Gallons,1294,1204,72,1294,72,1204,-90,9->0,4,4166,False,False,17.97,16.72,17.97,1,True,False
False,False,1,v,infinity,as_1897,1895,Cotton,"Garden, unenumerated",Australasia,Lbs,1602,1692,93268,1602,93268,1692,90,0->9,3,1761,False,False,0.02,0.02,0.02,1,True,False
False,False,1,q,infinity,as_1897,1897,Cotton,"Garden, unenumerated",Other British Possessions,Lbs,701,791,701,57,791,57,90,0->9,4,333601,False,False,0.08,0.07,0.08,1,True,False
False,False,1,q,infinity,as_1897,1894,Cotton,"Knubs or Husks of Silk, and Waste",United States of America : On the Atlantic,Cwts,808,898,808,10529,898,10529,90,0->9,11,43051,False,False,13.03,11.72,12.98,1,True,False
False,False,1,v,infinity,as_1897,1895,Cotton,SLATES,France,,1803,1893,0,1803,0,1893,90,0->9,7,6844,False,False,0,0,0,1,True,False
False,True,1,v,infinity,as_1897,1893,WOOLLEN YARN,"For Fancy Purposes, including Berlin Wool and Zephyr Yarn",Germany,Lbs,185894,185804,1040093,185894,1040093,185804,-90,9->0,4,231706,False,False,0.18,0.18,0.18,1,True,False
False,False,1,q,infinity,as_1898,1896,BEEF,"BOOKS, Bound and Unbound, including Maps and Charts",Other Foreign Countries,Cwts,2600,2690,2600,130,2690,130,90,0->9,6,3596917,False,False,0.05,0.05,0.08,1,True,False
False,False,1,v,infinity,as_1898,1895,CHEESE,"CHEMICAL MANUFACTURES AND PRODUCTS, not enumerated and not chargeable with duty",Other British Possessions,,1701,1791,0,1701,0,1791,90,0->9,3,13234,False,False,0,0,0,1,True,False
True,True,1,q,infinity,as_1898,1895,"CHINA, OR PORCELAIN, AND EARTHENWARE","Meal, not otherwise enumerated or described",Canada,Cwts,490,400,490,165,400,165,-90,9->0,5,28009,False,False,0.34,0.41,0.2,1,True,False
True,True,1,q,infinity,as_1898,1895,"CHINA, OR PORCELAIN, AND EARTHENWARE",Opium,Asiatic,Lbs,167508,167598,167508,80125,167598,80125,90,0->9,8,374692,False,False,0.48,0.48,0.51,1,True,False
True,False,1,q,infinity,as_1898,1896,"CHINA, OR PORCELAIN, AND EARTHENWARE",Opium,British East Indies : Bengal,Lbs,4600,4690,4600,2167,4690,2167,90,0->9,4,33260,False,False,0.47,0.46,0.57,1,True,False
False,False,1,v,infinity,as_1898,1897,"CHINA, OR PORCELAIN, AND EARTHENWARE",Dutch Possessions in the Indian Seas,Aden and Dependencies,,908,998,0,908,0,998,90,0->9,15,209541,False,False,0,0,0,1,True,False
False,False,1,v,infinity,as_1898,1896,Bark,Fresh (not of British taking) Herrings,Other British Possessions,Cwts,308,398,108,308,108,398,90,0->9,3,11329,False,False,2.85,3.69,2.85,1,True,False
False,False,1,q,infinity,as_1898,1895,GUM,HAMS,Canada,Cwts,81707,81797,81707,195141,81797,195141,90,0->9,3,82049,False,False,2.39,2.39,2.7,1,True,False
True,True,1,v,infinity,as_1898,1898,IRON,"Old broken and old cast iron, and old broken steel",Other British Possessions,,3703,3793,1383,3703,1383,3793,90,0->9,8,14991,False,False,2.68,2.74,2.4,1,True,False
False,False,1,v,infinity,as_1898,1894,LEATHER,"Manufactures, including manufactures of linen mixed with cotton",Holland,—,23700,23790,0,23700,0,23790,90,0->9,7,407175,False,False,0,0,0,1,True,False
False,False,1,q,infinity,as_1898,1896,LEATHER,"Manufactures, including manufactures of linen mixed with cotton",British East Indies : Madras,—,12601,12691,12601,26799,12691,26799,90,0->9,4,13752,False,False,2.13,2.11,2.98,1,True,False
False,False,1,q,infinity,as_1898,1895,LEATHER,Guano,Other British Possessions,Tons,705,795,705,1041,795,1041,90,0->9,3,6225,False,False,1.48,1.31,3.62,1,True,False
True,False,1,v,infinity,as_1898,1897,METAL,MICA AND TALC,United States of America,,2705,2795,3402,2705,3402,2795,90,0->9,6,8358,False,False,0.8,0.82,0.8,1,True,False
True,False,1,q,infinity,as_1898,1897,METAL,Animal,Germany,Cwts,605,695,605,807,695,807,90,0->9,6,52406,False,False,1.33,1.16,1.3,1,True,False
False,False,1,v,infinity,as_1898,1896,METAL,Castor,Other Foreign Countries,Cwts,607,697,560,607,560,697,90,0->9,5,135785,False,False,1.08,1.24,1.16,1,True,False
False,False,1,v,infinity,as_1898,1895,METAL,Seed,Japan,Tons,4701,4791,13144,4701,13144,4791,90,0->9,11,216447,False,False,0.36,0.36,0.3,1,True,False
False,False,1,q,infinity,as_1898,1895,"ORE, unenumerated",PARAFFINE,France,Cwts,9708,9798,9708,3031,9798,3031,90,0->9,9,138772,False,False,0.31,0.31,0.31,1,True,False
False,True,1,q,infinity,as_1898,1898,PORK,POTATOES,Channel Islands,Cwts,1192004,1192094,1192004,547256,1192094,547256,90,0->9,3,1252196,False,False,0.46,0.46,0.46,1,True,False
False,False,1,q,infinity,as_1898,1896,PORK,POTATOES,Belgium,Cwts,91505,91595,91505,251109,91595,251109,90,0->9,4,117138,False,False,2.74,2.74,2.74,1,True,False
True,False,1,q,infinity,as_1898,1895,Cotton,"Knobs or Husks of Silk, and Waste",Japan,Cwts,4306,4396,4306,20379,4396,20379,90,0->9,11,39632,False,False,4.73,4.64,9.04,1,True,False
True,True,1,v,infinity,as_1898,1896,"SKINS, AND FURS",Skins in any way dressed (not Leather),Spain,Number,1297,1207,10200,1297,10200,1207,-90,9->0,9,18608,False,False,0.13,0.12,0.17,1,True,False
False,False,1,q,infinity,as_1898,1895,"SKINS, AND FURS",Dutch Possessions in Indian Seas,Channel Islands,Lbs,247301,247391,247301,139280,247391,139280,90,0->9,3,247445,False,False,0.56,0.56,9.64,1,True,False
False,False,1,q,infinity,as_1898,1898,SUGAR,"Glucose, Solid or Liquid",France,Cwts,15406,15496,15406,6587,15496,6587,90,0->9,5,1772939,False,False,0.43,0.43,0.57,1,True,False
False,True,1,v,infinity,as_1898,1897,SUGAR,TOYS,Belgium,,8792,8702,0,8792,0,8702,-90,9->0,14,1143902,False,False,0,0,0,1,True,False
False,False,1,v,infinity,as_1898,1898,SUGAR,TOYS,United States of America,,29007,29097,0,29007,0,29097,90,0->9,5,45625,False,False,0,0,0,1,True,False
False,False,1,v,infinity,as_1898,1895,SUGAR,Mahogany,France,,1706,1796,107,1706,107,1796,90,0->9,11,159815,False,False,15.94,16.79,7.56,1,True,False
False,False,1,v,infinity,as_1898,1898,WOOL,"Other kinds, and Flocks",Holland,Lbs,10600,10690,97008,10600,97008,10690,90,0->9,6,103015,False,False,0.11,0.11,0.09,1,True,False
True,False,1,v,infinity,as_1898,1898,WOOLLEN YARN,Unenumerated,Belgium,Lbs,592,502,6370,592,6370,502,-90,9->0,5,1399,False,False,0.09,0.08,0.09,1,True,False
False,False,1,v,infinity,as_1898,1895,"CARDS, PLAYING",Raw or Kiln dried,Other Foreign Countries,Cwts,100,190,100,100,100,190,90,0->9,3,53274,False,False,1.0,1.9,1.0,1,True,False
False,False,1,v,infinity,as_1898,1897,"CARDS, PLAYING",Roasted or Ground,Other Foreign Countries,Lbs,201,291,834,201,834,291,90,0->9,3,4244,False,False,0.24,0.35,0.2,1,True,False
True,True,1,q,infinity,as_1898,1898,"CARDS, PLAYING",Prunes,Austrian Territories,Cwts,1391,1301,1391,1815,1301,1815,-90,9->0,5,24100,False,False,1.3,1.4,1.35,1,True,False
True,False,1,q,infinity,as_1898,1897,SPIRITS,Rum,British West India Islands,Proof Gallons,1587502,1587592,1587502,159155,1587592,159155,90,0->9,7,4267817,False,False,0.1,0.1,0.12,1,True,False
False,False,1,q,infinity,as_1898,1897,SPIRITS,"Rum, Imitation",Germany,Proof Gallons,27402,27492,27402,1455,27492,1455,90,0->9,4,28651,False,False,0.05,0.05,0.14,1,True,False
True,False,1,q,infinity,as_1898,1898,SPIRITS,Genève,Belgium,Proof Gallons,3609,3699,3609,521,3699,521,90,0->9,3,352304,False,False,0.14,0.14,0.18,1,True,False
False,False,1,q,infinity,as_1899,1897,ALKALI,Sheep and Lambs,Denmark,Number,12707,12797,12707,19180,12797,19180,90,0->9,4,547741,False,False,1.51,1.5,1.51,1,True,False
True,False,1,q,infinity,as_1899,1899,ALKALI,Geldings,Canada,Number,3500,3590,3500,96024,3590,96024,90,0->9,4,3622,False,False,27.44,26.75,41.88,1,True,False
False,False,1,v,infinity,as_1899,1896,BEEF,Applicable to Manufacturing Purposes,Australasia : Victoria,Tons,769605,769695,154835,769605,154835,769695,90,0->9,7,1433750,False,False,4.97,4.97,4.9,1,True,False
True,False,1,q,infinity,as_1899,1899,CHEESE,"Imitation Cheese (including Lard Cheese, and all kinds of Artificial or Imitation Cheese)",Germany,Cwts,706,796,706,641,796,641,90,0->9,5,885,False,False,0.91,0.81,0.89,1,True,False
True,False,1,v,infinity,as_1899,1899,CHEESE,Oats,Australasia : Victoria,Cwts,1208,1298,3000,1208,3000,1298,90,0->9,5,465029,False,False,0.4,0.43,0.34,1,True,False
True,True,1,q,infinity,as_1899,1895,CHEESE,"Meal, not otherwise enumerated or described",Canada,Cwts,490,400,490,165,400,165,-90,9->0,5,28000,False,False,0.34,0.41,0.2,1,True,False
False,False,1,v,infinity,as_1899,1897,COTTON MANUFACTURES,Unenumerated,Other British Possessions,Cotton Manufactures,508,598,0,508,0,598,90,0->9,3,7272,False,False,0,0,0,1,True,False
True,False,1,q,infinity,as_1899,1899,EGGS,"For Beds, in Beds or otherwise",France,Cwts,9806,9896,9806,32950,9896,32950,90,0->9,10,29612,False,False,3.36,3.33,3.36,1,True,False
False,False,1,q,infinity,as_1899,1896,FRUIT,"Unenumerated, Dried",United States of America,Cwts,28201,28291,28201,44111,28291,44111,90,0->9,10,292301,False,False,1.56,1.56,1.57,1,True,False
False,False,1,v,infinity,as_1899,1895,GOLD,Leaves of,Holland,Number,1204,1294,643000,1204,643000,1294,90,0->9,4,128221,False,False,0.0,0.0,0.0,1,True,False
False,False,1,q,infinity,as_1899,1897,IRON,"Manufactures of Iron or Steel: Girders, Beams, and Pillars",Belgium,Tons,61301,61391,61301,394506,61391,394506,90,0->9,4,75910,False,False,6.44,6.43,6.44,1,True,False
False,False,1,v,infinity,as_1899,1896,IRON,Manufactures of Iron or Steel: Tyres and axles,United States of America,Cwts,902,992,783,902,783,992,90,0->9,5,34503,False,False,1.15,1.27,0.95,1,True,False
False,False,1,v,infinity,as_1899,1898,IRON,Manufactures of Iron or Steel: Cycles and parts thereof,Other Foreign Countries,,1203,1293,0,1203,0,1293,90,0->9,6,611235,False,False,0,0,0,1,True,False
False,False,1,q,infinity,as_1899,1896,MALT,"MANGANESE, Ore of",Madras,Tons,12601,12691,12601,26799,12691,26799,90,0->9,4,13752,False,False,2.13,2.11,2.98,1,True,False
False,False,1,q,infinity,as_1899,1898,Beef,,Canada,,9305,9395,9305,23051,9395,23051,90,0->9,7,113923,False,False,2.48,2.45,2.51,1,True,False
False,False,1,q,infinity,as_1899,1899,OIL,Linseed Cake,British East Indies : Bengal,Tons,3803,3893,3803,26873,3893,26873,90,0->9,3,13000,False,False,7.07,6.9,7.05,1,True,False
False,True,1,q,infinity,as_1899,1898,OIL,PARAFFINE,United States of America,Cwts,907500,907590,907500,771335,907590,771335,90,0->9,3,908898,False,False,0.85,0.85,1.0,1,True,False
False,False,1,v,infinity,as_1899,1895,Cotton,SLATES,Canada,,402,492,0,402,0,492,90,0->9,6,4219,False,False,0,0,0,1,True,False
False,True,1,v,infinity,as_1899,1898,Cotton,Ginger,British West India Islands,Cwts,23302,23392,5072,23302,5072,23392,90,0->9,9,133590,False,False,4.59,4.61,1.42,1,True,False
False,False,1,v,infinity,as_1899,1896,Cotton,Unenumerated,Malta,Lbs,2303,2393,12252,2303,12252,2393,90,0->9,4,3116,False,False,0.19,0.2,0.19,1,True,False
False,False,1,q,infinity,as_1899,1897,SUGAR,"Staves, of all Dimensions",Russia,Loads,36705,36795,36705,133455,36795,133455,90,0->9,9,123657,False,False,3.64,3.63,5.33,1,True,False
True,False,1,q,infinity,as_1899,1899,ZINC,Ore of,France,Tons,1503,1593,1503,9771,1593,9771,90,0->9,10,35285,False,False,6.5,6.13,7.36,1,True,False
False,False,1,v,infinity,as_1899,1895,"CARDS, PLAYING",Raw or Kiln dried,Other Foreign Countries,Cwts,100,190,100,100,100,190,90,0->9,3,53274,False,False,1.0,1.9,1.0,1,True,False
False,False,1,v,infinity,as_1899,1897,"CARDS, PLAYING",Roasted or Ground,Other Foreign Countries,Lbs,201,291,834,201,834,291,90,0->9,3,4244,False,False,0.24,0.35,0.2,1,True,False
False,False,1,v,infinity,as_1899,1898,"CARDS, PLAYING",Roasted or Ground,Germany,Lbs,2008,2098,0,2008,0,2098,90,0->9,6,611152,False,False,0,0,0.08,1,True,False
False,False,1,v,infinity,as_1899,1898,TOBACCO,Unmanufactured,Other British Possessions,Lbs,1401,1491,40338,1401,40338,1491,90,0->9,4,3076,False,False,0.03,0.04,0.03,1,True,False
True,True,1,q,chandra,as_1889,1889,SUGAR,In Lumps and Leaves,France,Cwts,566680,566600,566680,585504,566600,585504,-80,8->0,7,1979017,False,False,1.03,1.03,1.03,1,True,False
False,False,1,v,infinity,as_1882,1882,PAPER,Millboard and Pasteboard,Sweden,Cwts,12808,12888,16664,12808,16664,12888,80,0->8,5,319841,False,False,0.77,0.77,0.63,1,True,False
False,True,1,v,infinity,as_1891,1891,CONFECTIONERY,"COPPER, Ore of",British North America,,38288,38208,6965,38288,6965,38208,-80,8->0,5,297618,False,False,5.5,5.49,10.91,1,True,False
False,False,1,q,infinity,as_1893,1893,PORK,Fresh-,United States of America,,2101,2181,2101,4946,2181,4946,80,0->8,6,181860,False,False,2.35,2.27,2.45,1,True,False
False,True,1,v,infinity,as_1898,1896,"ORE, unenumerated",PARAFFINE,Other Foreign Countries,Cwts,285,205,1430,285,1430,205,-80,8->0,9,38216,False,False,0.2,0.14,0.33,1,True,False
False,True,1,q,chandra,as_1875,1875,Meal and Flour,Oatmeal,British North America,Cwts,22192,22122,22192,16179,22122,16179,-70,9->2,3,56502,False,True,0.73,0.73,0.75,1,True,False
False,True,1,q,infinity,as_1875,1875,COPPER,Oatmeal,British North America,Cwts,22192,22122,22192,16179,22122,16179,-70,9->2,3,56502,False,True,0.73,0.73,0.75,1,True,False
False,False,1,v,chandra,as_1880,1880,PARAFFINE,,Germany,Cwts,36217,36277,11187,36217,11187,36277,60,1->7,3,113202,False,False,3.24,3.24,2.23,1,True,False
False,False,1,v,chandra,as_1894,1894,BEADS OF ALL SORTS,Applicable to Manufacturing Purposes,France,Tons,7294,7234,1063,7294,1063,7234,-60,9->3,5,47668,False,False,6.86,6.81,7.55,1,True,False
False,True,1,v,chandra,as_1897,1895,COTTON,Yarn,United States of America : Other Foreign Countries,Lbs,70,10,1500,70,1500,10,-60,7->1,6,377808,False,False,0.05,0.01,0.05,1,True,False
True,True,1,v,chandra,as_1897,1896,SLATES,"Unrefined, Total",Germany,Cwts,3660,3600,4472,3660,4472,3600,-60,6->0,4,71703,False,False,0.82,0.81,0.82,1,True,False
True,False,1,v,chandra,as_1897,1897,WOOLLEN YARN,"For Fancy Purposes, including Berlin Wool and Zephyr Yarn",Germany,,184166,184106,1063428,184166,1063428,184106,-60,6->0,4,199557,False,False,0.17,0.17,0.17,1,True,False
False,False,1,v,chandra,as_1898,1897,"COPPER, ORE OF",Yarn,Bombay,Lbs,28368,28308,6727790,28368,6727790,28308,-60,6->0,3,29449,False,False,0.0,0.0,0.0,1,True,False
False,False,1,v,chandra,as_1898,1896,FISH (including Turtle),Other sorts of Shell Fishst,British West India Islands,,10107,10167,2367,10107,2367,10167,60,0->6,3,11329,False,False,4.27,4.3,3.86,1,True,False
False,True,1,v,chandra,as_1898,1896,FISH (including Turtle),"Nuts, used as Fruit",Other British Possessions,Nuts,432,492,652,432,652,492,60,3->9,3,5060,False,False,0.66,0.75,0.41,1,True,False
True,True,1,v,chandra,as_1898,1894,GLASS,"Ore of, or Ore of which the greater part in Value is Gold",Venezuela,Tons,1705,1765,4,1705,4,1765,60,0->6,5,3980,False,False,426.25,441.25,49.29,1,True,False
False,False,1,q,chandra,as_1898,1895,MEAT,Mutton,Other Foreign Countries,Cwts,307,367,307,562,367,562,60,0->6,3,7503,False,False,1.83,1.53,1.83,1,True,False
False,True,1,q,chandra,as_1898,1897,MEAT,Mutton,Other Foreign Countries,Cwts,176,116,176,536,116,536,-60,7->1,3,7703,False,False,3.05,4.62,1.93,1,True,False
False,False,1,v,chandra,as_1898,1898,LATES,Dutch Possessions in Indian Seas,Australasia,Lbs,2205,2265,1618,2205,1618,2265,60,0->6,3,193417,False,False,1.36,1.4,1.16,1,True,False
True,True,1,v,chandra,as_1898,1894,WOOD AND TIMBER,"Hewn, Unenumerated",Germany,Loads,7673,7613,3414,7673,3414,7613,-60,7->1,7,80100,False,False,2.25,2.23,2.25,1,True,False
True,True,1,q,chandra,as_1899,1896,"COAL, CULM, AND CINDERS",,Belgium,Tons,1567,1507,1567,988,1507,988,-60,6->0,5,8707,False,False,0.63,0.66,0.63,1,True,False
True,True,1,v,chandra,as_1899,1896,ETHER,,Holland,Lbs,207,267,147,207,147,267,60,0->6,4,483,False,False,1.41,1.82,1.41,1,True,False
False,True,1,v,infinity,as_1880,1880,"FLOWERS, ARTIFICIAL",,Belgium,,3295,3235,0,3295,0,3235,-60,9->3,4,463109,False,False,0,0,0,1,True,False
False,False,1,v,infinity,as_1891,1891,WOOD and TIMBER,Unenumerated,Australasia : Other Colonies,,1836,1896,272,1836,272,1896,60,3->9,6,75339,False,False,6.75,6.97,6.75,1,True,False
False,True,1,q,infinity,as_1897,1896,Bark,Other sorts of Shell Fish,Norway,,2194,2134,2194,3816,2134,3816,-60,9->3,4,153601,False,False,1.74,1.79,1.01,1,True,False
True,True,1,q,infinity,as_1897,1897,PAPER,Other Materials,Canada,Gallons,77,17,77,894,17,894,-60,7->1,4,907,False,False,11.61,52.59,8.84,1,True,False
True,True,1,q,infinity,as_1897,1893,PORK,Clover and Grass,Australasia : New South Wales,Cwts,6775,6715,6775,13526,6715,13526,-60,7->1,5,28531,False,False,2.0,2.01,2.0,1,True,False
True,True,1,v,infinity,as_1898,1894,FLAX,"Ore of, or Ore of which the greater part in Value is Gold",Venezuela,Tons,1705,1765,4,1705,4,1765,60,0->6,5,3980,False,False,426.25,441.25,49.29,1,True,False
True,False,1,q,infinity,as_1898,1897,HATS OR BONNETS,TOW,Russia,Tons,1910,1970,1910,32420,1970,32420,60,1->7,5,4513,False,False,16.97,16.46,16.97,1,True,False
False,True,1,q,infinity,as_1898,1895,METAL,MICA AND TALC,British East Indies : Ceylon,,298,238,298,2515,238,2515,-60,9->3,8,4615,False,False,8.44,10.57,8.68,1,True,False
False,True,1,v,infinity,as_1898,1896,METAL,Coco-nut,British East Indies : Madras,Cwts,37501,37561,31182,37501,31182,37561,60,0->6,5,158397,False,False,1.2,1.2,1.16,1,True,False
False,False,1,v,infinity,as_1898,1898,"SKINS, AND FURS",Dutch Possessions in Indian Seas,Australasia,Lbs,2205,2265,1618,2205,1618,2265,60,0->6,3,193417,False,False,1.36,1.4,1.16,1,True,False
False,True,1,q,infinity,as_1898,1898,ZINC,of other Sorts,Belgium,Barrels,3201,3261,3201,6706,3261,6706,60,0->6,5,45360,False,False,2.09,2.06,2.58,1,True,False
True,True,1,v,infinity,as_1898,1896,"CARDS, PLAYING",COLLODION,Holland,Gallons,207,267,147,207,147,267,60,0->6,4,483,False,False,1.41,1.82,1.41,1,True,False
False,False,1,q,infinity,as_1898,1897,"CARDS, PLAYING",COLLODION,Holland,Gallons,102,162,102,102,162,102,60,0->6,3,351,False,False,1.0,0.63,1.36,1,True,False
True,False,1,q,infinity,as_1899,1897,ASPHALT or BITUMEN,,Holland,Tons,1005,1065,1005,2258,1065,2258,60,0->6,6,36027,False,False,2.25,2.12,2.74,1,True,False
True,True,1,q,infinity,as_1899,1896,CHEESE,"Imitation Cheese (including Lard Cheese, and all kinds of Artificial or Imitation Cheese)",Belgium,Cwts,1567,1507,1567,988,1507,988,-60,6->0,5,8707,False,False,0.63,0.66,0.63,1,True,False
False,False,1,v,infinity,as_1899,1897,GUM,Unenumerated,Other British Possessions,,404,464,0,404,0,464,60,0->6,3,1805,False,False,0,0,0,1,True,False
True,True,1,v,infinity,as_1899,1899,ZINC,of other Sorts,Other Foreign Countries,Barrels,2003,2063,428,2003,428,2063,60,0->6,5,122267,False,False,4.68,4.82,2.7,1,True,False
True,True,1,q,infinity,as_1899,1898,"CARDS, PLAYING",COLLODION,Belgium,Gallons,15568,15508,15568,1826,15508,1826,-60,6->0,4,25608,False,False,0.12,0.12,0.09,1,True,False
True,True,1,v,infinity,as_1899,1895,TOBACCO,Other Sorts,France,Gallons,772,712,1128,772,1128,712,-60,7->1,5,5603,False,False,0.68,0.63,0.68,1,True,False
False,True,1,v,chandra,as_1880,1880,"FLOWERS, ARTIFICIAL",,Belgium,,3285,3235,0,3285,0,3235,-50,8->3,4,463109,False,False,0,0,0,1,True,False
False,True,1,q,chandra,as_1886,1886,"GOLD : 
                    „ Leaves of",Ore of. or Ore of which the greater part in value is Gold,Australasia,Tons,391,341,391,12225,341,12225,-50,9->4,3,414,False,False,31.27,35.85,31.27,1,True,False
False,False,1,v,chandra,as_1890,1890,ARTIFICIAL,,United States of America,Cwts,185,135,100,185,100,135,-50,8->3,3,950,False,False,1.85,1.35,1.85,1,True,False
False,True,1,v,chandra,as_1894,1894,"COPPER, Ore of",Regulus and Precipitate,Canada,Tons,15081,15031,716,15081,716,15031,-50,8->3,8,168129,False,False,21.06,20.99,21.68,1,True,False
True,True,1,v,chandra,as_1897,1895,TOBACCO,Cigars,United States of America,Lbs,45192,45142,1072408,45192,1072408,45142,-50,9->4,4,45338,False,False,0.04,0.04,0.04,1,True,False
False,False,1,v,chandra,as_1898,1896,AMMUNITION,Calves,Channel Islands,Number,1035,1085,166,1035,166,1085,50,3->8,3,1342,False,False,6.23,6.54,6.23,1,True,False
False,True,1,q,chandra,as_1898,1893,GLASS,Leaves of,Germany,Number,5480,5430,5480,41,5430,41,-50,8->3,4,84614330,False,False,0.01,0.01,0.0,1,True,False
False,False,1,v,chandra,as_1898,1894,MEAT,Beef,Australasia : New Zealand,,787,737,331,787,331,737,-50,8->3,6,212862,False,False,2.38,2.23,2.38,1,True,False
True,True,1,v,chandra,as_1898,1895,TOBACCO,Cavendish or Negrohead,United States of America,Lbs,45192,45142,1072408,45192,1072408,45142,-50,9->4,4,45338,False,False,0.04,0.04,0.04,1,True,False
True,True,1,v,chandra,as_1899,1896,"SAGO, and flour or meal thereof",,Philippine and Ladrone Islands,Cwts,2570,2520,7300,2570,7300,2520,-50,7->2,3,2836,False,False,0.35,0.35,0.46,1,True,False
False,True,1,v,chandra,as_1899,1898,"CARDS, PLAYING",,Belgium,Dozen Packs,40630,40680,94056,40630,94056,40680,50,3->8,3,40797,False,False,0.43,0.43,0.43,1,True,False
False,True,1,q,infinity,as_1886,1886,GOLD,"Ore of, or Ore of which the greater part in value is Gold",Australasia,Tons,391,341,391,12225,341,12225,-50,9->4,3,414,False,False,31.27,35.85,31.27,1,True,False
False,True,1,v,infinity,as_1899,1898,"CARDS, PLAYING",Raw or Kiln dried,Belgium,Cwts,40630,40680,94050,40630,94050,40680,50,3->8,3,40797,False,False,0.43,0.43,0.43,1,True,False
True,True,1,q,chandra,as_1874,1874,COCOA,Husks and Shells,France,Cwts,3958,3988,3958,2239,3988,2239,30,5->8,3,9564,False,False,0.57,0.56,1.04,1,True,False
False,False,1,v,chandra,as_1874,1874,"Cannon and Mortars, mounted or accompanied   with Carriages","Ordnance Stores and Ammunition, Unenum- erated",Holland,,6254,6284,0,6254,0,6284,30,5->8,4,28325,False,False,0,0,0,1,True,False
True,True,1,q,chandra,as_1879,1879,WHALEFINS,,"Whale Fisheries, Northern",Cwts,687,657,687,38602,657,38602,-30,8->5,4,2115,False,False,56.19,58.75,43.97,1,True,False
True,True,1,q,chandra,as_1886,1886,VEGETABLES. Raw : Unenumerated,VINEGAR,France,Gallons,41512,41542,41512,3259,41542,3259,30,1->4,5,139681,False,False,0.08,0.08,0.08,1,True,False
False,True,1,q,chandra,as_1897,1894,WOOLLEN YARN,"For Fancy Purposes, including Berlin Wool and Zephyr Yarn",Belgium,,49741,49711,49741,8534,49711,8534,-30,4->1,4,1219151,False,False,0.17,0.17,0.17,1,True,False
False,True,1,q,chandra,as_1898,1897,AMMUNITION,Stallions,Canada,,16,46,16,995,46,995,30,1->4,6,65,False,False,62.19,21.63,246.67,1,True,False
False,False,1,v,chandra,as_1899,1898,FISH (including Turtle),Shell Fish of all sorts,Channel Islands,Cwts,2317,2347,640,2317,640,2347,30,1->4,3,13914,False,False,3.62,3.67,3.62,1,True,False
True,True,1,q,chandra,as_1899,1896,RABBITS (Dead),,Holland,Cwts,11315,11345,11315,28259,11345,28259,30,1->4,4,117138,False,False,2.5,2.49,2.74,1,True,False
False,False,1,q,infinity,as_1872,1872,HATS OR BONNETS,Of Felt,France,No,124913,124943,124913,21787,124943,21787,30,1->4,3,172724,False,False,0.17,0.17,0.17,1,True,False
True,True,1,q,infinity,as_1886,1886,VINEGAR,,France,Gallons,41512,41542,41512,3259,41542,3259,30,1->4,5,139681,False,False,0.08,0.08,0.08,1,True,False
False,False,1,q,infinity,as_1894,1894,WOOD and TIMBER,"Hewn, Teak",Siam,Loads,5619,5649,5619,54102,5649,54102,30,1->4,3,6319,False,False,9.63,9.58,10.22,1,True,False
True,True,1,v,infinity,as_1897,1896,PAPER,Linen and Cotton Rags,Other British Possessions,Tons,1142,1112,150,1142,150,1112,-30,4->1,3,4856,False,False,7.61,7.41,8.23,1,True,False
False,True,1,q,infinity,as_1897,1894,WOOLLEN YARN,"For Fancy Purposes, including Berlin Wool and Zephyr Yarn",Belgium,Lbs,49741,49711,49741,8534,49711,8534,-30,4->1,4,1219151,False,False,0.17,0.17,0.17,1,True,False
False,True,1,q,infinity,as_1898,1897,"ANIMALS, LIVING",Stallions,Canada,,16,46,16,995,46,995,30,1->4,6,65,False,False,62.19,21.63,246.67,1,True,False
False,False,1,q,infinity,as_1898,1898,SPIRITS,Brandy,South Australia,Proof Gallons,1315,1345,1315,453,1345,453,30,1->4,3,43613,False,False,0.34,0.34,0.34,1,True,False
False,False,1,v,infinity,as_1899,1897,COTTON MANUFACTURES,"Piece Goods, Muslins",Belgium,Yards,7013,7043,415230,7013,415230,7043,30,1->4,3,7808,False,False,0.02,0.02,0.02,1,True,False
False,True,1,q,infinity,as_1899,1895,MALT,"MANGANESE, Ore of",Madras,Tons,4893,4863,4893,9730,4863,9730,-30,9->6,3,5300,False,True,1.99,2.0,2.08,1,True,False
False,True,1,q,infinity,as_1898,1896,"ANIMALS, LIVING",Stallions,Canada,,23,33,23,765,33,765,10,2->3,6,45,False,False,33.26,23.18,833.33,1,True,False
True,False,1,q,chandra,as_1872,1872,"FLOWERS, ARTIFICIAL","Raw, not otherwise described",Other Countries,Bushels,10890,10899,10890,6116,10899,6116,9,0->9,10,1691703,False,False,0.56,0.56,0.61,1,True,False
False,False,1,v,chandra,as_1873,1873,SPIRITS,Brandy,Germany,Cwts,820,829,132,820,132,829,9,0->9,11,215188,False,False,6.21,6.28,4.75,1,True,False
False,True,1,q,chandra,as_1874,1874,BOOKS,,Other Countries,Cwts,2020,2029,2020,13359,2029,13359,9,0->9,8,16399,False,False,6.61,6.58,11.25,1,True,False
False,False,1,q,chandra,as_1877,1877,WoolLEN YARN,For Fancy purposes,Other Countries,Lbs,1220,1229,1220,270,1229,270,9,0->9,4,976044,False,False,0.22,0.22,0.22,1,True,False
False,False,1,v,chandra,as_1882,1882,DRUGS,Indigo,British Honduras,Cwts,24220,24229,641,24220,641,24229,9,0->9,6,2605841,False,False,37.78,37.8,28.95,1,True,False
True,False,1,v,chandra,as_1883,1883,SPIRITS,Not tested for ascertaining strength,Channel Islands,Lbs,1530,1539,2369,1530,2369,1539,9,0->9,26,949173,False,False,0.65,0.65,0.5,1,True,False
False,True,1,q,chandra,as_1884,1884,DYE WOODS,Unenumerated,Chile,Tons,440,449,440,2583,449,2583,9,0->9,19,22929,False,False,5.87,5.75,5.87,1,True,False
False,False,1,q,chandra,as_1890,1890,OIL,"Fish : Spermaceti, or Head Mutton",Other Foreign Countries,Tuns,70,79,70,3111,79,3111,9,0->9,5,572,False,False,44.44,39.38,44.44,1,True,False
True,False,1,q,chandra,as_1892,1892,IRON and STEEL.,Manufactures of Iron and Steel,British East Indies,,359,350,359,517,350,517,-9,9->0,5,6763,False,False,1.44,1.48,1.44,1,True,False
True,True,1,v,chandra,as_1894,1894,HAIR,"Cow, Ox, Bull, or Elk",Other Foreign Countries,Owts,3550,3559,1591,3550,1591,3559,9,0->9,7,73029,False,False,2.23,2.24,1.0,1,True,False
True,True,1,v,chandra,as_1896,1896,OIL,Fish: Train or Blubber,Other British Possessions,Tuns,2860,2869,132,2860,132,2869,9,0->9,3,106309,False,False,21.67,21.73,18.95,1,True,False
False,False,1,v,chandra,as_1897,1896,"CHEMICAL MANUFACTURES AND PRODUCTS, not enumerated and not chargeable with duty",,British East Indies,,3210,3219,0,3210,0,3219,9,0->9,3,17104,False,False,0,0,0,1,True,False
True,False,1,q,chandra,as_1897,1893,GLASS,Eastern Coast of Africa,Chile,,40,49,40,2000,49,2000,9,0->9,4,57,False,False,50.0,40.82,50.0,1,True,False
False,False,1,q,chandra,as_1897,1895,GLASS,Eastern Coast of Africa,Germany,Cwts,59,50,59,658,50,658,-9,9->0,4,1108,False,False,11.15,13.16,10.33,1,True,False
False,False,1,v,chandra,as_1897,1893,GLASS,Arabic,Persia,Cwts,8569,8560,3653,8569,3653,8560,-9,9->0,11,93107,False,False,2.35,2.34,2.94,1,True,False
True,False,1,v,chandra,as_1897,1895,IVORY,Eastern Coast of Africa,France,,3639,3630,7248,3639,7248,3630,-9,9->0,6,6151,False,False,0.5,0.5,0.51,1,True,False
False,False,1,q,chandra,as_1897,1894,LEAD,Bones for Manure (whether     burnt or not),Chile,,121250,121259,121250,1129877,121259,1129877,9,0->9,4,125300,False,False,9.32,9.32,9.32,1,True,False
True,False,1,v,chandra,as_1897,1893,SALTPETRE (Nitrate of Potash),Rape,Other British Possessions,Quarters,10,19,772,10,772,19,9,0->9,3,2223,False,False,0.01,0.02,0.01,1,True,False
False,False,1,v,chandra,as_1897,1895,SHELLS of all kinds,"Manufactures, Broad Stuffs, Velvet, plain or figured, wholly of Silk",France,,870,879,0,870,0,879,9,0->9,4,503480,False,False,0,0,0,1,True,False
False,False,1,v,chandra,as_1897,1897,WOOD AND TIMBER,"Unenumerated (not being ash,     beech, birch, elm, oak, or     wainscot)",Hong Kong,Tons,1870,1879,0,1870,0,1879,9,0->9,5,52435,False,False,0,0,0,1,True,False
False,True,1,q,chandra,as_1897,1895,WOOLLEN YARN,Unenumerated,Germany,Lbs,12839,12830,12839,1022,12830,1022,-9,9->0,5,33970,False,False,0.08,0.08,0.06,1,True,False
False,False,1,v,chandra,as_1897,1893,"COCOA OR CHOCOLATE, IN THE MANUFACTURE OF WHICH SPIRIT HAS BEEN USED",,Holland,Lbs,7370,7379,75030,7370,75030,7379,9,0->9,4,7675,False,False,0.1,0.1,0.1,1,True,False
False,False,1,q,chandra,as_1897,1897,COLLODIUM,,Spain,Gallons,4590,4599,4590,3842,4599,3842,9,0->9,8,145568,False,False,0.84,0.84,0.91,1,True,False
False,False,1,q,chandra,as_1897,1897,COLLODIUM,,Other Foreign Countries,Gallons,549,540,549,1264,540,1264,-9,9->0,5,58656,False,False,2.3,2.34,1.87,1,True,False
False,True,1,v,chandra,as_1897,1895,TOBACCO,"White, in Bottles, Still : Champagne",Other Foreign Countries,Gallons,1099,1090,1611,1099,1611,1090,-9,9->0,3,36520,False,False,0.68,0.68,0.68,1,True,False
False,False,1,v,chandra,as_1898,1896,AMMUNITION,"Shot, Large and Small",Other Foreign Countries,,690,699,530,690,530,699,9,0->9,5,8063,False,False,1.3,1.32,1.3,1,True,False
True,False,1,v,chandra,as_1898,1898,AMMUNITION,"Muskets, Rifles, Carbines,     Fowling Pieces, or Guns of     any other sorts not enumer-     ated, and parts thereof, and     Pistols",United States of America,Tons,340,349,65,340,65,349,9,0->9,6,97440,False,False,5.23,5.37,3.98,1,True,False
True,True,1,q,chandra,as_1898,1897,"BONES (except Whalebone) whether burnt or not, or as Animal Charcoal",Applicable to Manufacturing Purposes,Germany,,10,19,10,40,19,40,9,0->9,8,4259,False,False,4.0,2.11,5.76,1,True,False
False,False,1,q,chandra,as_1898,1896,"COPPER, ORE OF",Regulus and Precipitate,Australasia : South Australia,Tons,180,189,180,2975,189,2975,9,0->9,6,9292,False,False,16.53,15.74,24.17,1,True,False
False,False,1,q,chandra,as_1898,1896,"COPPER, ORE OF","Unwrought, in bars, blocks or slabs, cakes or ingots",Australasia : South Australia,Tons,1189,1180,1189,55234,1180,55234,-9,9->0,6,7997,False,False,46.45,46.81,46.45,1,True,False
False,False,1,v,chandra,as_1898,1896,"COPPER, ORE OF","Dyes obtained from Coal Tar, Alizarine",Holland,,255270,255279,0,255270,0,255279,9,0->9,3,256344,False,False,0,0,0,1,True,False
False,False,1,v,chandra,as_1898,1895,FISH (including Turtle),Herrings,Sweden,,71689,71680,505854,71689,505854,71680,-9,9->0,4,119564,False,False,0.14,0.14,0.27,1,True,False
False,False,1,v,chandra,as_1898,1896,FISH (including Turtle),Other sorts of Shell Fishst,Norway,,3810,3819,2194,3810,2194,3819,9,0->9,5,38845,False,False,1.74,1.74,0.44,1,True,False
False,False,1,v,chandra,as_1898,1895,FISH (including Turtle),"Nuts, used as Fruit",Canada,Nuts,59,50,200,59,200,50,-9,9->0,3,4877,False,False,0.29,0.25,0.48,1,True,False
True,True,1,q,chandra,as_1898,1898,FISH (including Turtle),"Unenumerated, Dried",Gibraltar,Cwts,3409,3400,3409,1081,3400,1081,-9,9->0,5,20010,False,False,0.32,0.32,0.18,1,True,False
True,False,1,q,chandra,as_1898,1897,GLASS,Australia,Chile,Tons,3369,3360,3369,11693,3360,11693,-9,9->0,12,115268,False,False,3.47,3.48,3.47,1,True,False
False,False,1,q,chandra,as_1898,1897,GLASS,Tow,Russia,Tons,1949,1940,1949,32420,1940,32420,-9,9->0,5,4513,False,False,16.63,16.71,16.63,1,True,False
False,True,1,q,chandra,as_1898,1894,"HORNS, tips and pieces of Horns and Hoofs",Ore of (including Chrome),Holland,Tons,1350,1359,1350,2097,1359,2097,9,0->9,9,10789,False,False,1.55,1.54,2.84,1,True,False
True,False,1,q,chandra,as_1898,1894,LEAD,"Varnished, Japanned, or Enamelled",United States of America,Cwts,1450,1459,1450,30797,1459,30797,9,0->9,4,3027,False,False,21.24,21.11,38.07,1,True,False
True,False,1,q,chandra,as_1898,1898,LINEN,"Manufactures, including manu- factures of linen mixed with cotton",Russia,,11040,11049,11040,19712,11049,19712,9,0->9,6,32765,False,False,1.79,1.78,2.17,1,True,False
False,False,1,v,chandra,as_1898,1894,METAL,"Leaf, not Gold",Other Foreign Countries,Packets,200,209,75,200,75,209,9,0->9,8,1556725,False,False,2.67,2.79,2.43,1,True,False
True,False,1,v,chandra,as_1898,1895,NUTS AND KERNELS,Seed,Australasia,Tons,500,509,4000,500,4000,509,9,0->9,8,60226,False,False,0.12,0.13,0.12,1,True,False
True,False,1,v,chandra,as_1898,1894,PAPER,Hangings,Australasia,Cwts,2150,2159,393,2150,393,2159,9,0->9,3,4222,False,False,5.47,5.49,5.47,1,True,False
False,True,1,v,chandra,as_1898,1895,PAPER,Hangings,France,Gallons,1790,1799,23320,1790,23320,1799,9,0->9,9,3368849,False,False,0.08,0.08,0.03,1,True,False
False,False,1,q,chandra,as_1898,1898,POTATOES,,Holland,Prints,13740,13749,13740,34979,13749,34979,9,0->9,3,109465,False,False,2.55,2.54,2.71,1,True,False
True,False,1,q,chandra,as_1898,1894,"SAGO, and flour or meal thereof",,Siam,Cwts,2000,2009,2000,600,2009,600,9,0->9,3,2064,False,False,0.3,0.3,0.42,1,True,False
False,False,1,q,chandra,as_1898,1897,SALTPETRE (Nitrate of Potash),,New Zealand,Cwts,18470,18479,18470,41790,18479,41790,9,0->9,4,24693,False,False,2.26,2.26,2.26,1,True,False
False,False,1,v,chandra,as_1898,1895,Cotton,"Garden, unenumerated",Holland,Lbs,12670,12679,287482,12670,287482,12679,9,0->9,9,138567,False,False,0.04,0.04,0.04,1,True,False
False,False,1,v,chandra,as_1898,1898,SHELLS of all kinds,"Manufactures, Ribbons, other Kinds",France,,79769,79760,0,79769,0,79760,-9,9->0,3,79949,False,False,0,0,0,1,True,False
False,False,1,v,chandra,as_1898,1896,LATES,,Portugal,,7930,7939,1606565,7930,1606565,7939,9,0->9,5,188178,False,False,0.0,0.0,0.0,1,True,False
False,False,1,v,chandra,as_1898,1897,LATES,Dutch Possessions in Indian Seas,Australasia,Lbs,160,169,33,160,33,169,9,0->9,3,197510,False,False,4.85,5.12,4.85,1,True,False
False,False,1,v,chandra,as_1898,1895,LATES,"Unrefined, Total",Mauritius and Dependencies,Cwts,70,79,158,70,158,79,9,0->9,4,8574,False,False,0.44,0.5,0.41,1,True,False
False,False,1,v,chandra,as_1898,1894,"VEGETABLES, raw, unenumerated",,Cape of Good Hope,,80,89,0,80,0,89,9,0->9,4,246045,False,False,0,0,0,1,True,False
False,False,1,v,chandra,as_1898,1895,WOOLLEN YARN,"For Weaving, Mixed or not with Silk",British East Indies,Lbs,860,869,39,860,39,869,9,0->9,4,6788,False,False,22.05,22.28,19.66,1,True,False
False,False,1,v,chandra,as_1898,1895,ETHER,,Germany,Lbs,140,149,2080,140,2080,149,9,0->9,3,194,False,False,0.07,0.07,0.07,1,True,False
False,False,1,v,chandra,as_1898,1894,FRUIT,"Unenumerated, Sweetened, or Mixed (Tested)",Holland,Proof Gallons,1060,1069,1009,1060,1009,1069,9,0->9,8,17126,False,False,1.05,1.06,1.05,1,True,False
False,False,1,v,chandra,as_1899,1896,CIDER AND PERRY,,Other Foreign Countries,Gallons,20,29,316,20,316,29,9,0->9,4,10991,False,False,0.06,0.09,0.06,1,True,False
True,False,1,v,chandra,as_1899,1899,"COAL, CULM, AND CINDERS",,Other Foreign Countries,Tons,40,49,45,40,45,49,9,0->9,5,713,False,False,0.89,1.09,0.9,1,True,False
True,False,1,v,chandra,as_1899,1897,"COPPER, ORE OF",Regulus and Precipitate,Sweden,Tons,1149,1140,108,1149,108,1140,-9,9->0,12,2137713,False,False,10.64,10.56,29.28,1,True,False
False,False,1,v,chandra,as_1899,1895,CORDAGE,Oats,Australasia : Victoria,Cwts,15280,15289,53700,15280,53700,15289,9,0->9,5,105683,False,False,0.28,0.28,0.28,1,True,False
False,False,1,v,chandra,as_1899,1897,CORDAGE,Beans (not Kidney or French),Other British Possessions,Cwts,10,19,20,10,20,19,9,0->9,3,5411,False,False,0.5,0.95,0.37,1,True,False
False,False,1,v,chandra,as_1899,1895,DRUGS,Opium,Other British Possessions,Lbs,109,100,224,109,224,100,-9,9->0,3,4114,False,False,0.49,0.45,0.49,1,True,False
False,False,1,v,chandra,as_1899,1898,FRUIT,"Nuts, used as Fruit",Holland,Nuts,7029,7020,22708,7029,22708,7020,-9,9->0,6,207985,False,False,0.31,0.31,0.5,1,True,False
False,True,1,q,chandra,as_1899,1895,FRUIT,"Unenumerated, Dried",Other British Possessions,Cwts,729,720,729,1353,720,1353,-9,9->0,4,10240,False,False,1.86,1.88,1.86,1,True,False
False,False,1,v,chandra,as_1899,1898,GUM,GUNPOWDER,Belgium,Cwts,709,700,234,709,234,700,-9,9->0,3,1597,False,False,3.03,2.99,3.94,1,True,False
False,False,1,q,chandra,as_1899,1895,LEAD,Ore of,Spain,Tons,2440,2449,2440,12467,2449,12467,9,0->9,12,7885,False,False,5.11,5.09,5.11,1,True,False
False,False,1,v,chandra,as_1899,1898,LIQUORICE,,Other Foreign Countries,Cwts,220,229,75,220,75,229,9,0->9,6,68953,False,False,2.93,3.05,2.22,1,True,False
False,False,1,v,chandra,as_1899,1896,METAL,"Unenumerated, Unwrought",Canada,Tons,29,20,1,29,1,20,-9,9->0,5,2053,False,False,29.0,20.0,28.21,1,True,False
True,True,1,q,chandra,as_1899,1896,METAL,"Unenumerated, Old, fit only to be Re-manufactured—cont.",British West India Islands,Tons,29,20,29,620,20,620,-9,9->0,8,520,False,False,21.38,31.0,21.67,1,True,False
False,False,1,q,chandra,as_1899,1896,NUTS AND KERNELS,Animal,United States of America,Cwts,59140,59149,59140,70513,59149,70513,9,0->9,6,60541,False,False,1.19,1.19,1.45,1,True,False
True,False,1,q,chandra,as_1899,1898,"PICTURES AND DRAWINGS, by hand",,Italy,Number,60,69,60,1103,69,1103,9,0->9,8,18863,False,False,18.38,15.99,18.38,1,True,False
True,False,1,q,chandra,as_1899,1896,SPONGE,,Australasia,Lbs,269,260,269,57,260,57,-9,9->0,4,16992,False,False,0.21,0.22,0.2,1,True,False
False,False,1,q,chandra,as_1899,1896,SUGAR,"In Blocks, Ingots, Bars, or Slabs",Germany,,1050,1059,1050,3049,1059,3049,9,0->9,5,35048,False,False,2.9,2.88,2.9,1,True,False
False,True,1,v,chandra,as_1899,1898,"VEGETABLES, raw, unenumerated",,Other British Possessions,Vegetables,289,280,0,289,0,280,-9,9->0,3,420040,False,False,0,0,0,1,True,False
False,True,1,q,chandra,as_1899,1895,WHALEBONE,,France,,1369,1360,1369,47462,1360,47462,-9,9->0,10,3960,False,False,34.67,34.9,33.23,1,True,False
False,False,1,v,chandra,as_1899,1898,WHALEBONE,,Cape of Good Hope,,3400,3409,66,3400,66,3409,9,0->9,4,5327,False,False,51.52,51.65,10.19,1,True,False
False,False,1,v,chandra,as_1899,1896,WOOL,Eastern Coast of Africa,Holland,,16220,16229,180435,16220,180435,16229,9,0->9,5,1820657,False,False,0.09,0.09,0.09,1,True,False
True,True,1,q,chandra,as_1899,1899,WOOL,Eastern Coast of Africa,"Turkey, European",Lbs,100,109,100,1363,109,1363,9,0->9,15,31629,False,False,13.63,12.5,19.15,1,True,False
False,False,1,q,chandra,as_1899,1897,YEAST,,Holland,Cwts,104070,104079,104070,219829,104079,219829,9,0->9,5,159504,False,False,2.11,2.11,2.31,1,True,False
True,False,1,q,chandra,as_1899,1896,ZINC,Ore of,Australasia : New South Wales,Tons,270,279,270,1516,279,1516,9,0->9,6,933,False,False,5.61,5.43,5.61,1,True,False
True,False,1,v,chandra,as_1899,1898,ZINC,Ore of,Canada,Tons,1970,1979,120,1970,120,1979,9,0->9,6,18414,False,False,16.42,16.49,8.23,1,True,False
False,False,1,v,chandra,as_1899,1895,BEER AND ALE,of other Sorts,Holland,Barrels,48540,48549,19803,48540,19803,48549,9,0->9,5,97730,False,False,2.45,2.45,2.45,1,True,False
False,False,1,v,chandra,as_1899,1895,ETHER,,Germany,Lbs,140,149,2080,140,2080,149,9,0->9,3,194,False,False,0.07,0.07,0.07,1,True,False
False,True,1,q,chandra,as_1899,1895,FRUIT,"Rum, Imitation",Canada,Proof Gallons,3359,3350,3359,2756,3350,2756,-9,9->0,4,4400,False,False,0.82,0.82,0.6,1,True,False
True,False,1,v,chandra,as_1899,1898,TOBACCO,Cigars,Canada,Lbs,200,209,2108,200,2108,209,9,0->9,3,808,False,False,0.09,0.1,0.04,1,True,False
False,False,1,q,infinity,as_1877,1877,WOOLLEN YARN,For Fancy purposes,Other Countries,Lbs,1220,1229,1220,270,1229,270,9,0->9,4,976044,False,False,0.22,0.22,0.22,1,True,False
True,False,1,v,infinity,as_1880,1880,Corn and Grain,Beans,France,,19050,19059,42733,19050,42733,19059,9,0->9,8,1050120,False,False,0.45,0.45,0.43,1,True,False
True,True,1,v,infinity,as_1882,1882,FISH,Cured or Salted,British North America,Cwts,509659,509650,284731,509659,284731,509650,-9,9->0,9,1662300,False,False,1.79,1.79,2.84,1,True,False
False,True,1,v,infinity,as_1894,1894,METAL,"Old, fit only to be re-manufactured",Other Foreign Countries,Tons,5569,5560,291,5569,291,5560,-9,9->0,8,64690,False,False,19.14,19.11,19.14,1,True,False
False,False,1,v,infinity,as_1897,1896,CHEESE,"CHEMICAL MANUFACTURES AND PRODUCTS, not enumerated and not chargeable with duty",British East Indies,,3210,3219,0,3210,0,3219,9,0->9,3,17104,False,False,0,0,0,1,True,False
False,False,1,q,infinity,as_1897,1894,"CHINA, OR PORCELAIN, AND EARTHENWARE",Oats,Australasia : New Zealand,Cwts,393460,393469,393460,132585,393469,132585,9,0->9,3,475355,False,False,0.34,0.34,0.34,1,True,False
True,False,1,q,infinity,as_1897,1893,FLAX,Eastern Coast of Africa,Chile,,40,49,40,2000,49,2000,9,0->9,4,57,False,False,50.0,40.82,50.0,1,True,False
False,False,1,q,infinity,as_1897,1894,LEAD,"Varnished, Japanned, or Enamelled",United States of America : On the Atlantic,Cwts,1450,1459,1450,30707,1459,30707,9,0->9,4,3027,False,False,21.18,21.05,38.07,1,True,False
True,False,1,v,infinity,as_1897,1893,Cotton,"Garden, unenumerated",Other British Possessions,Lbs,10,19,772,10,772,19,9,0->9,3,2223,False,False,0.01,0.02,0.01,1,True,False
False,False,1,q,infinity,as_1897,1893,Cotton,"Thrown, Dyed, or not Dyed",Belgium,Lbs,43050,43059,43050,31571,43059,31571,9,0->9,3,341622,False,False,0.73,0.73,0.85,1,True,False
True,True,1,q,infinity,as_1897,1894,SUGAR,TAR,Germany,,2209,2200,2209,2441,2200,2441,-9,9->0,4,107090,False,False,1.11,1.11,0.75,1,True,False
False,False,1,v,infinity,as_1897,1893,WOOLLEN YARN,Cloths,Holland,,363050,363059,2130904,363050,2130904,363059,9,0->9,5,468797,False,False,0.17,0.17,0.16,1,True,False
False,False,1,v,infinity,as_1897,1893,"CARDS, PLAYING",,Holland,Dozen Packs,7370,7379,75030,7370,75030,7379,9,0->9,4,7675,False,False,0.1,0.1,0.1,1,True,False
False,False,1,q,infinity,as_1897,1897,"CARDS, PLAYING","Plums, Dried or Preserved",Other Foreign Countries,Cwts,549,540,549,1264,540,1264,-9,9->0,5,58656,False,False,2.3,2.34,1.87,1,True,False
False,False,1,q,infinity,as_1897,1897,"CARDS, PLAYING","Rum, Imitation",Other Foreign Countries,Proof Gallons,939,930,939,222,930,222,-9,9->0,4,28651,False,False,0.24,0.24,0.2,1,True,False
False,False,1,q,infinity,as_1898,1895,"ANIMALS, LIVING","Swords, Cutlasses, Matchets, Bayonets",Germany,Cwts,320,329,320,751,329,751,9,0->9,5,605,False,False,2.35,2.28,6.16,1,True,False
True,True,1,q,infinity,as_1898,1897,BEEF,Applicable to Manufacturing Purposes,Germany,,10,19,10,40,19,40,9,0->9,8,4259,False,False,4.0,2.11,5.76,1,True,False
False,True,1,q,infinity,as_1898,1898,BEEF,Manufactures of,Other British Possessions,Lbs,12070,12079,12070,582,12079,582,9,0->9,3,58629,False,False,0.05,0.05,0.06,1,True,False
False,False,1,q,infinity,as_1898,1896,"CHINA, OR PORCELAIN, AND EARTHENWARE",,Asiatic,Cwts,1150,1159,1150,2028,1159,2028,9,0->9,8,37921,False,False,1.76,1.75,2.38,1,True,False
False,False,1,v,infinity,as_1898,1897,"CHINA, OR PORCELAIN, AND EARTHENWARE",,Holland,Cwts,300220,300229,117415,300220,117415,300229,9,0->9,8,900558,False,False,2.56,2.56,2.56,1,True,False
False,False,1,v,infinity,as_1898,1896,"CHINA, OR PORCELAIN, AND EARTHENWARE",Yarn,France,Lbs,14460,14469,227670,14460,227670,14469,9,0->9,6,295917,False,False,0.06,0.06,0.05,1,True,False
False,False,1,v,infinity,as_1898,1894,"CHINA, OR PORCELAIN, AND EARTHENWARE",Waste of (Raw and Yarn),Holland,Lbs,1030,1039,109097,1030,109097,1039,9,0->9,8,39550,False,False,0.01,0.01,0.01,1,True,False
False,False,1,q,infinity,as_1898,1895,Bark,Fresh (not of British taking) Herrings,United States of America,Cwts,132560,132569,132560,89455,132569,89455,9,0->9,5,272562,False,False,0.67,0.67,0.67,1,True,False
False,False,1,v,infinity,as_1898,1897,Bark,Fresh (not of British taking) Herrings,Other British Possessions,Cwts,1790,1799,593,1790,593,1799,9,0->9,3,12793,False,False,3.02,3.03,3.02,1,True,False
False,False,1,q,infinity,as_1898,1894,FLAX,"Window and German Sheet, including Shades and Cylinders",France,Cwts,3760,3769,3760,2705,3769,2705,9,0->9,5,1114755,False,False,0.72,0.72,0.72,1,True,False
False,False,1,v,infinity,as_1898,1894,IVORY,Yarn,France,,53140,53149,2000037,53140,2000037,53149,9,0->9,4,54332,False,False,0.03,0.03,0.02,1,True,False
False,False,1,v,infinity,as_1898,1897,IVORY,LARD,Germany,Cwts,2180,2189,1661,2180,1661,2189,9,0->9,7,1946285,False,False,1.31,1.32,1.31,1,True,False
True,False,1,v,infinity,as_1898,1896,LEAD,Ore of,Germany,Tons,700,709,93,700,93,709,9,0->9,13,30083,False,False,7.53,7.62,5.75,1,True,False
False,False,1,q,infinity,as_1898,1894,LEATHER,"Varnished, Japanned, or Enamelled",United States of America,,1450,1459,1450,30707,1459,30707,9,0->9,4,3027,False,False,21.18,21.05,38.07,1,True,False
False,False,1,q,infinity,as_1898,1894,METAL,"Unenumerated, Unwrought",Holland,Tons,430,439,430,10000,439,10000,9,0->9,8,2485,False,False,23.26,22.78,44.45,1,True,False
True,False,1,q,infinity,as_1898,1898,METAL,MICA AND TALC,France,,7830,7839,7830,1923,7839,1923,9,0->9,6,16498,False,False,0.25,0.25,1.37,1,True,False
False,False,1,q,infinity,as_1898,1894,METAL,"MILK, condensed",Norway,Cwts,37180,37189,37180,77856,37189,77856,9,0->9,7,528037,False,False,2.09,2.09,2.09,1,True,False
True,False,1,v,infinity,as_1898,1894,"ORE, unenumerated",Linen and Cotton Rags,Australasia,Tons,2150,2159,393,2150,393,2159,9,0->9,3,4222,False,False,5.47,5.49,5.47,1,True,False
False,False,1,v,infinity,as_1898,1895,"ORE, unenumerated",PARAFFINE,British West India Islands,Cwts,500,509,0,500,0,509,9,0->9,9,17653,False,False,0,0,0,1,True,False
True,False,1,q,infinity,as_1898,1894,PORK,POTATOES,Siam,Cwts,2000,2009,2000,600,2009,600,9,0->9,3,2064,False,False,0.3,0.3,0.42,1,True,False
False,False,1,q,infinity,as_1898,1897,PORK,POTATOES,New Zealand,Cwts,18470,18479,18470,41700,18479,41700,9,0->9,4,24693,False,False,2.26,2.26,2.26,1,True,False
False,False,1,q,infinity,as_1898,1894,Cotton,Tares and Lentils,Bombay,Bushels,92330,92339,92330,10787,92339,10787,9,0->9,3,120780,False,False,0.12,0.12,0.13,1,True,False
False,False,1,v,infinity,as_1898,1897,"SKINS, AND FURS",Dutch Possessions in Indian Seas,Australasia,Lbs,160,169,33,160,33,169,9,0->9,3,197510,False,False,4.85,5.12,4.85,1,True,False
False,False,1,v,infinity,as_1898,1895,SUGAR,Molasses,Mauritius and Dependencies,Cwts,70,79,158,70,158,79,9,0->9,4,8574,False,False,0.44,0.5,0.41,1,True,False
False,False,1,v,infinity,as_1898,1896,WOOLLEN YARN,"For Weaving, Mixed or not with Silk",Holland,Lbs,16220,16229,180435,16220,180435,16229,9,0->9,5,1820657,False,False,0.09,0.09,0.09,1,True,False
False,False,1,v,infinity,as_1898,1895,"CARDS, PLAYING",COLLODION,Germany,Gallons,140,149,2080,140,2080,149,9,0->9,3,194,False,False,0.07,0.07,0.07,1,True,False
False,False,1,v,infinity,as_1898,1897,SPIRITS,Genève,Holland,Proof Gallons,61730,61739,352029,61730,352029,61739,9,0->9,3,62702,False,False,0.18,0.18,0.18,1,True,False
False,False,1,v,infinity,as_1899,1895,BEEF,Applicable to Manufacturing Purposes,Holland,Tons,178020,178029,1702040,178020,1702040,178029,9,0->9,6,310515,False,False,0.1,0.1,0.1,1,True,False
False,False,1,v,infinity,as_1899,1896,BEEF,"CANDLES, of all Sorts",France,Cwts,1280,1289,523,1280,523,1289,9,0->9,6,51690,False,False,2.45,2.46,2.17,1,True,False
False,False,1,q,infinity,as_1899,1897,CHEESE,"Imitation Cheese (including Lard Cheese, and all kinds of Artificial or Imitation Cheese)",Hong Kong,Cwts,990,999,990,2347,999,2347,9,0->9,3,1620,False,False,2.37,2.35,2.37,1,True,False
False,False,1,v,infinity,as_1899,1895,CHEESE,Oats,Australasia : Victoria,Cwts,15280,15289,53700,15280,53700,15289,9,0->9,5,105683,False,False,0.28,0.28,0.28,1,True,False
False,False,1,v,infinity,as_1899,1897,CHEESE,Beans (not Kidney or French),Other British Possessions,Cwts,10,19,20,10,20,19,9,0->9,3,5411,False,False,0.5,0.95,0.4,1,True,False
False,False,1,v,infinity,as_1899,1895,COTTON MANUFACTURES,Opium,Other British Possessions,Lbs,109,100,221,109,221,100,-9,9->0,3,4114,False,False,0.49,0.45,0.49,1,True,False
False,False,1,q,infinity,as_1899,1896,FLAX,Tow,Germany,Tons,349,340,349,9190,340,9190,-9,9->0,6,18951,False,False,26.33,27.03,17.3,1,True,False
False,True,1,q,infinity,as_1899,1895,FRUIT,"Unenumerated, Dried",Other British Possessions,Cwts,729,720,729,1838,720,1838,-9,9->0,4,10240,False,False,2.52,2.55,2.52,1,True,False
False,False,1,v,infinity,as_1899,1898,GUM,GUNPOWDER,Belgium,Cwts,709,700,231,709,231,700,-9,9->0,3,1597,False,False,3.07,3.03,3.94,1,True,False
False,False,1,q,infinity,as_1899,1895,IRON,Manufactures of Iron or Steel: Tyres and axles,Holland,Cwts,3650,3659,3650,2056,3659,2056,9,0->9,5,35625,False,False,0.56,0.56,0.58,1,True,False
False,False,1,q,infinity,as_1899,1895,LEAD,Ore of,Spain,Tons,2440,2449,2440,12467,2449,12467,9,0->9,12,7885,False,False,5.11,5.09,5.11,1,True,False
False,False,1,v,infinity,as_1899,1897,Beef,,Brazil,,1490,1499,312,1490,312,1499,9,0->9,10,534817,False,False,4.78,4.8,3.23,1,True,False
False,False,1,v,infinity,as_1899,1896,METAL,"Unenumerated, Unwrought",Canada,Tons,29,20,1,29,1,20,-9,9->0,5,2053,False,False,29.0,20.0,28.21,1,True,False
False,False,1,v,infinity,as_1899,1896,METAL,"Unenumerated, Old, fit only to be Re-manufactured—cont.",Belgium,Tons,33610,33619,0,33610,0,33619,9,0->9,7,1153228,False,False,0,0,0,1,True,False
False,False,1,v,infinity,as_1899,1898,PORK,POTATOES,Malta,Cwts,30700,30709,59974,30700,59974,30709,9,0->9,3,578107,False,False,0.51,0.51,0.46,1,True,False
True,False,1,q,infinity,as_1899,1899,Cotton,Thrown,France,,148970,148979,148970,117955,148979,117955,9,0->9,3,317786,False,False,0.79,0.79,0.81,1,True,False
False,False,1,v,infinity,as_1899,1895,Cotton,"Furs, Rabbit Skins",Belgium,Number,53310,53319,2074263,53310,2074263,53319,9,0->9,6,63816,False,False,0.03,0.03,0.02,1,True,False
False,False,1,v,infinity,as_1899,1898,SUGAR,"Manufactures of, unenumerated",Other Foreign Countries,,160,169,0,160,0,169,9,0->9,5,3600,False,False,0,0,0,1,True,False
False,False,1,v,infinity,as_1899,1896,WOOLLEN YARN,"For Weaving, Mixed or not with Silk",Holland,Lbs,16220,16229,180435,16220,180435,16229,9,0->9,5,1820657,False,False,0.09,0.09,0.09,1,True,False
False,False,1,q,infinity,as_1899,1897,WOOLLEN YARN,YEAST,Holland,Cwts,104070,104079,104070,219820,104079,219820,9,0->9,5,159504,False,False,2.11,2.11,2.31,1,True,False
True,False,1,q,infinity,as_1899,1896,ZINC,Ore of,Australasia : New South Wales,Tons,270,279,270,1516,279,1516,9,0->9,6,933,False,False,5.61,5.43,5.61,1,True,False
False,False,1,v,infinity,as_1899,1899,"CARDS, PLAYING",,United States of America,Dozen Packs,8410,8419,20231,8410,20231,8419,9,0->9,5,10207,False,False,0.42,0.42,0.3,1,True,False
False,False,1,v,infinity,as_1899,1895,"CARDS, PLAYING","Unenumerated, not Sweetened, or Mixed",Canada,Proof Gallons,2750,2759,3859,2750,3859,2759,9,0->9,4,3338,False,False,0.71,0.71,0.6,1,True,False
True,False,1,v,chandra,as_1882,1882,"SKINS, FURS, and PELTS",Undressed,Holland,,3850,3858,10891,3850,10891,3858,8,0->8,6,31325,False,False,0.35,0.35,0.11,1,True,False
True,False,1,v,chandra,as_1898,1895,"CARDS, PLAYING",,Other Foreign Countries,Cwts,190,198,100,190,100,198,8,0->8,3,53274,False,False,1.9,1.98,1.9,1,True,False
True,False,1,q,infinity,as_1888,1888,"ANIMALS, LIVING",Mares,Norway,,740,748,740,4298,748,4298,8,0->8,8,2027,False,False,5.81,5.75,47.99,1,True,False
True,False,1,q,infinity,as_1897,1895,FLAX,Eastern Coast of Africa,Chile,,20,28,20,954,28,954,8,0->8,4,40,False,False,47.7,34.07,125.38,1,True,False
False,False,1,v,infinity,as_1897,1897,TIN,"Manufactures of, unenumerated",United States of America : Other Foreign Countries,,20,28,0,20,0,28,8,0->8,5,621,False,False,0,0,0,1,True,False
False,False,1,q,infinity,as_1899,1895,TOBACCO,Cavendish or Negrohead,United States of America,Lbs,1072408,1072400,1072408,45102,1072400,45102,-8,8->0,4,1077075,False,False,0.04,0.04,0.04,1,True,False
True,True,1,q,chandra,as_1876,1876,BEADS,Of Glass,Germany,Lbs,474286,474280,474286,26633,474280,26633,-6,6->0,4,1326220,False,False,0.06,0.06,0.06,1,True,False
False,False,1,q,chandra,as_1876,1876,CANDLES,Other Kinds,Holland,Cwts,2140,2146,2140,6828,2146,6828,6,0->6,4,5190,False,False,3.19,3.18,3.4,1,True,False
True,False,1,v,chandra,as_1890,1890,ZINC,"Manufactures, Unenumerated",Holland,Cwts,241916,241910,196424,241916,196424,241910,-6,6->0,5,439798,False,False,1.23,1.23,1.24,1,True,False
False,False,1,v,chandra,as_1895,1895,"METHYLIC ALCOHOL, not purified so as to be potable",,United States of America,Gallons,8029,8023,54510,8029,54510,8023,-6,9->3,5,25809,False,False,0.15,0.15,0.15,1,True,False
True,False,1,q,chandra,as_1897,1895,"CHINA, OR PORCELAIN, AND EARTHENWARE",,Other British Possessions,,120,126,120,467,126,467,6,0->6,3,1021,False,False,3.89,3.71,3.89,1,True,False
True,True,1,v,chandra,as_1897,1895,CORDAGE,"Meal, not otherwise enumerated or described",Australasia,Cwts,1001,1007,5130,1001,5130,1007,6,1->7,5,4668,False,False,0.2,0.2,0.2,1,True,False
True,False,1,q,chandra,as_1897,1893,"HORNS, tips and pieces of Horns and Hoofs",unenumerated,Australasia,,500,506,500,1232,506,1232,6,0->6,4,2923,False,False,2.46,2.43,2.46,1,True,False
True,True,1,q,chandra,as_1897,1893,IVORY,Eastern Coast of Africa,United States of America,,89,83,89,1552,83,1552,-6,9->3,6,2290,False,False,17.44,18.7,16.07,1,True,False
False,True,1,q,chandra,as_1897,1895,LEAD,Bones for Manure (whether     burnt or not),Chile,,121120,121126,121120,987126,121126,987126,6,0->6,3,122687,False,False,8.15,8.15,8.15,1,True,False
False,False,1,v,chandra,as_1897,1896,METAL,"Leaf, not Gold",Other Foreign Countries,Packets,130,136,554,130,554,136,6,0->6,4,16845,False,False,0.23,0.25,0.1,1,True,False
True,False,1,q,chandra,as_1897,1896,SLATES,Eastern Coast of Africa,Australasia,,11,17,11,312,17,312,6,1->7,3,121,False,False,28.36,18.35,31.11,1,True,False
False,False,1,v,chandra,as_1898,1894,NUTS AND KERNELS,"Fish, Sperm or Head-matter",Australasia : Victoria,,2406,2400,60,2406,60,2400,-6,6->0,4,7315,False,False,40.1,40.0,42.86,1,True,False
True,True,1,q,chandra,as_1899,1899,IRON,"Girders, Beams, and Pillars",United States of America,,8269,8263,8269,54904,8263,54904,-6,9->3,4,95470,False,False,6.64,6.64,6.64,1,True,False
False,False,1,q,infinity,as_1876,1876,CANDLES,Other Kinds,Holland,Cwts,2140,2146,2140,6828,2146,6828,6,0->6,4,5190,False,False,3.19,3.18,3.4,1,True,False
True,True,1,v,infinity,as_1888,1888,WOOD and TIMBER,Sawn. Fir,British North America,Loads,2142489,2142483,912198,2142489,912198,2142483,-6,9->3,3,2147223,False,False,2.35,2.35,2.5,1,True,False
True,False,1,q,infinity,as_1890,1890,"FLOWERS, Artificial","Apples, Raw",British North America,,642110,642116,642110,210634,642116,210634,6,0->6,4,719700,False,False,0.33,0.33,0.33,1,True,False
True,False,1,v,infinity,as_1890,1890,ZINC,"Manufactures, Unenumerated",Holland,Cwts,241916,241910,196424,241916,196424,241910,-6,6->0,5,439798,False,False,1.23,1.23,1.24,1,True,False
True,True,1,q,infinity,as_1896,1896,"CORN, GRAIN, MEAL, AND FLOUR",Beans (not Kidney or French),Russia,Cwts,59846,59840,59846,17221,59840,17221,-6,6->0,10,3078720,False,False,0.29,0.29,0.29,1,True,False
False,False,1,v,infinity,as_1897,1896,Beef,"Leaf, not Gold",Other Foreign Countries,Packets,130,136,554,130,554,136,6,0->6,4,16845,False,False,0.23,0.25,0.1,1,True,False
False,False,1,v,infinity,as_1897,1895,TIN,"VEGETABLES, raw, unenumerated",Cape of Good Hope,,959,953,0,959,0,953,-6,9->3,4,292447,False,False,0,0,0,1,True,False
False,False,1,v,infinity,as_1898,1896,Bark,"Madder, Madder Root, Garancine, and Munjeet",Holland,Cwts,5713,5719,3706,5713,3706,5719,6,3->9,4,7684,False,False,1.54,1.54,1.4,1,True,False
False,False,1,v,infinity,as_1898,1894,METAL,"Fish, Sperm or Head-matter",Australasia : Victoria,Tuns,2406,2400,60,2406,60,2400,-6,6->0,4,7315,False,False,40.1,40.0,42.86,1,True,False
True,False,1,q,infinity,as_1898,1898,METAL,Of other sorts,British East Indies : Ceylon,Tons,1516,1510,1516,9150,1510,9150,-6,6->0,8,3157,False,False,6.04,6.06,5.1,1,True,False
False,True,1,q,infinity,as_1899,1895,CHEESE,"Meal, not otherwise enumerated or described",Other Foreign Countries,Cwts,109,103,109,68,103,68,-6,9->3,13,308532,False,False,0.62,0.66,0.22,1,True,False
False,False,1,v,infinity,as_1899,1897,"CARDS, PLAYING",Roasted or Ground,Holland,Lbs,230,236,2330,230,2330,236,6,0->6,4,6884,False,False,0.1,0.1,0.1,1,True,False
True,False,1,q,chandra,as_1888,1888,TOBACCO,Other Manufactured Tobacco,British East Indies,Lbs,3088,3083,3088,692,3083,692,-5,8->3,3,19127,False,False,0.22,0.22,0.18,1,True,False
False,True,1,q,chandra,as_1888,1888,YEAST,,France,Cwts,70138,70133,70138,281065,70133,281065,-5,8->3,5,269234,False,False,4.01,4.01,2.29,1,True,False
True,True,1,v,chandra,as_1894,1894,"PLATINA, Wrought or Unwrought",,Belgium,Ozs. Troy,85918,85913,68438,85918,68438,85913,-5,8->3,4,111194,False,False,1.26,1.26,1.44,1,True,False
True,True,1,q,chandra,as_1897,1893,AMMUNITION,Geldings,Canada,Number,1449,1444,1449,58488,1444,58488,-5,9->4,4,1493,False,False,40.36,40.5,40.36,1,True,False
False,True,1,v,chandra,as_1897,1895,AMMUNITION,"Cannon and Mortars, and parts thereof",United States of America : Other Foreign Countries,,48,43,0,48,0,43,-5,8->3,4,56863,False,False,0,0,0,1,True,False
False,False,1,q,chandra,as_1897,1895,"HORNS, tips and pieces of Horns and Hoofs","Manufactures of Iron or Steel: Girders, Beams, and Pillars",Belgium,Tons,56593,56598,56593,360036,56598,360036,5,3->8,3,69200,False,False,6.36,6.36,6.36,1,True,False
True,True,1,q,chandra,as_1898,1895,FISH (including Turtle),Herrings,Denmark,,15508,15503,15508,4197,15503,4197,-5,8->3,4,767593,False,False,0.27,0.27,0.27,1,True,False
True,True,1,q,chandra,as_1899,1895,METAL,"Unenumerated, Unwrought",Other British Possessions,Tons,18,13,18,520,13,520,-5,8->3,3,923,False,False,28.89,40.0,16.88,1,True,False
True,True,1,q,chandra,as_1899,1899,"SAGO, and flour or meal thereof",,Other Foreign Countries,Cwts,2818,2813,2818,1372,2813,1372,-5,8->3,3,4123,False,False,0.49,0.49,0.45,1,True,False
True,True,1,q,infinity,as_1875,1875,PLUMBAGO,,Germany,Tons,2899,2894,2899,46966,2894,46966,-5,9->4,4,7083,False,False,16.2,16.23,16.2,1,True,False
False,False,1,q,infinity,as_1897,1895,HATS OR BONNETS,"Manufactures of Iron or Steel: Girders, Beams, and Pillars",Belgium,Tons,56593,56598,56593,360036,56598,360036,5,3->8,3,69200,False,False,6.36,6.36,6.36,1,True,False
True,True,1,q,infinity,as_1899,1897,HATS OR BONNETS,Of Felt,Holland,Number,13218,13213,13218,1931,13213,1931,-5,8->3,6,569583,False,False,0.15,0.15,0.15,1,True,False
False,False,1,v,infinity,as_1899,1896,PORK,"POULTRY AND GAME, alive or dead",Canada,,6263,6268,0,6263,0,6268,5,3->8,3,11502,False,False,0,0,0,1,True,False
False,True,1,v,chandra,as_1899,1899,DYE STUFFS (Other than Dye Woods) and Substances used in Tan- ning or Dyeing,Sumach,Austrian Territories,Tons,4875,4871,411,4875,411,4871,-4,5->1,6,145720,False,True,11.86,11.85,10.44,1,True,False
False,True,1,q,infinity,as_1875,1875,METAL,Bell,Germany,Packets of,124609,124605,124609,4367,124605,4367,-4,9->5,5,178424,False,True,0.04,0.04,0.08,1,True,False
False,True,1,v,infinity,as_1899,1899,Bark,Sumach,Austrian Territories,Tons,4875,4871,411,4875,411,4871,-4,5->1,6,145720,False,True,11.86,11.85,10.44,1,True,False
False,True,1,q,chandra,as_1880,1880,HATS or BONNETS,Of Felt,Other Countries,Number,7781,7784,7781,975,7784,975,3,1->4,4,516496,False,False,0.13,0.13,0.2,1,True,False
False,True,1,v,chandra,as_1898,1898,AMMUNITION,"Rockets and other Combustibles for purposes of War, Explosives, Percussion Caps, and Ammunition not otherwise enumerated or described",Channel Islands,,4784,4781,0,4784,0,4781,-3,4->1,3,14721,False,False,0,0,0,1,True,False
False,False,1,q,chandra,as_1898,1896,AMMUNITION,Oxen and Bulls,Other Foreign Countries,Number,361,364,361,5258,364,5258,3,1->4,3,459001,False,False,14.57,14.45,14.57,1,True,False
False,True,1,q,chandra,as_1898,1897,METAL,"Leaf, not Gold",New Zealand,Packets,4,1,4,50,1,50,-3,4->1,3,181,False,False,12.5,50.0,12.5,1,True,False
True,True,1,v,chandra,as_1898,1897,NUTS AND KERNELS,"Fish, Sperm or Head-matter",Norway,,1914,1911,95,1914,95,1911,-3,4->1,5,9165,False,False,20.15,20.12,26.58,1,True,False
True,True,1,q,chandra,as_1899,1899,WOOL,"Goats' wool, Mohair",Cape of Good Hope,,12948574,12948571,12948574,795454,12948571,795454,-3,4->1,3,14060401,False,False,0.06,0.06,0.06,1,True,False
False,True,1,q,infinity,as_1880,1880,HATS OR BONNETS,Of Felt,Other Countries,Number,7781,7784,7781,975,7784,975,3,1->4,4,516496,False,False,0.13,0.13,0.2,1,True,False
False,True,1,q,infinity,as_1897,1896,FLAX,"Preserved without Sugar, other than Dried",Other British Possessions,Lbs,20018,20015,20018,536,20015,536,-3,8->5,5,13027835,False,False,0.03,0.03,0.01,1,True,False
True,True,1,q,infinity,as_1898,1897,METAL,"Unenumerated, Unwrought",Australasia : New Zealand,Tons,4,1,4,80,1,80,-3,4->1,3,181,False,False,20.0,80.0,20.0,1,True,False
True,True,1,v,infinity,as_1898,1897,METAL,"Fish, Sperm or Head-matter",Norway,Tuns,1914,1911,95,1914,95,1911,-3,4->1,5,9165,False,False,20.15,20.12,26.58,1,True,False
True,True,1,q,infinity,as_1899,1896,CHEESE,"Meal, not otherwise enumerated or described",Germany,Cwts,59064,59061,59064,16266,59061,16266,-3,4->1,13,507781,False,False,0.28,0.28,0.21,1,True,False
False,True,1,v,infinity,as_1899,1898,PORK,"POULTRY AND GAME, alive or dead",Other British Possessions,,225,228,0,225,0,228,3,5->8,3,21716,False,False,0,0,0,1,True,False
True,True,1,v,chandra,as_1885,1885,BEEF,Fresh,Australasia,Cwts,41888,41886,16622,41888,16622,41886,-2,8->6,3,89746,False,False,2.52,2.52,2.66,1,True,False
False,True,1,q,infinity,as_1898,1896,PORK,POTATOES,New Zealand,Cwts,35638,35636,35638,79180,35636,79180,-2,8->6,4,44007,False,False,2.22,2.22,2.22,1,True,False
False,True,1,q,chandra,as_1893,1893,"ANIMALS, LIVING",Calves,British North America,No,3,2,3,13,2,13,-1,3->2,3,73,False,False,4.33,6.5,4.33,1,True,False
False,True,1,q,infinity,as_1893,1893,"ANIMALS, LIVING",Calves,Canada,No,3,2,3,13,2,13,-1,3->2,3,73,False,False,4.33,6.5,4.33,1,True,False
False,False,1,q,infinity,as_1898,1896,"CARDS, PLAYING",Roasted or Ground,Denmark,Lbs,17241,17242,17241,257,17242,257,1,1->2,3,18690,False,False,0.01,0.01,0.04,1,True,False
True,False,0,q,infinity,as_1879,1879,Corn and Grain,Wheat,United States of America : On the Atlantic,Cwts,29107312,22107312,29107312,15509533,22107312,15509533,-7000000,9->2,15,59591795,False,False,0.53,0.7,0.53,1,True,False
True,True,0,q,chandra,as_1882,1882,SPIRITS,"Unenumerated, not Sweetened or Mixed",Holland,Proof Gallons,8243589,2243589,8243589,328777,2243589,328777,-6000000,8->2,9,30075370,False,False,0.04,0.15,0.04,1,True,False
False,True,0,q,chandra,as_1872,1872,Corn and Grain,Maize or Indian Corn,United States of America,Cwts,16980683,13980683,16980683,6066626,13980683,6066626,-3000000,6->3,9,21532670,False,False,0.36,0.43,0.36,1,True,False
False,True,0,q,infinity,as_1872,1872,Corn and Grain,Maize or Indian Corn,United States of America,Cwts,16980683,13980683,16980683,6066626,13980683,6066626,-3000000,6->3,9,21532670,False,False,0.36,0.43,0.36,1,True,False
True,True,0,q,infinity,as_1878,1878,"HIDES, not Tanned, Tawed, Curried, or in any way Dressed","Tanned, not otherwise Dressed",Australia,Lbs,5113285,2113285,5113285,216917,2113285,216917,-3000000,5->2,10,41982858,False,False,0.04,0.1,0.05,1,True,False
True,False,0,v,chandra,as_1879,1879,Corn and Grain,Maize or Indian Corn,"United States of America, on the Atlantic",Cwts,8239570,7239570,30470123,8239570,30470123,7239570,-1000000,8->7,7,9818601,False,False,0.27,0.24,0.27,1,True,False
True,True,0,q,chandra,as_1892,1892,MARGARINE,,Holland,Cwts,1196756,1696756,1196756,3360707,1696756,3360707,500000,1->6,6,1805319,False,False,2.81,1.98,2.81,1,True,False
False,True,0,v,chandra,as_1874,1874,SILK MANUFACTURES,"Manufactures of Silk, ex of Silk mixed with other Materials, Unenumerated",France,,1745533,1445533,0,1745533,0,1445533,-300000,7->4,5,1577969,False,False,0,0,0,1,True,False
True,True,0,q,chandra,as_1896,1896,"MUTTON, FRESH",,New South Wales,Cwis,618091,318091,618091,936035,318091,936035,-300000,6->3,6,1553150,False,False,1.51,2.94,1.67,1,True,False
True,True,0,q,chandra,as_1897,1893,CORDAGE,Peas,United States of America : On the Atlantic,Cwts,515325,215325,515325,170567,215325,170567,-300000,5->2,5,577333,False,False,0.33,0.79,0.32,1,True,False
True,True,0,v,chandra,as_1897,1895,LEAD,Yarn,Belgium,Lbs,779484,479484,20262635,779484,20262635,479484,-300000,7->4,4,698386,False,False,0.04,0.02,0.04,1,True,False
True,True,0,q,chandra,as_1897,1893,WOOD AND TIMBER,"Hewn, Fir",France,Loads,568622,268622,568622,421842,268622,421842,-300000,5->2,9,1504934,False,False,0.74,1.57,1.14,1,True,False
False,True,0,q,infinity,as_1884,1884,"LEATHER, Undressed",Boots and Shoes : Gloves,France,Dozen Pairs,940488,640488,940488,1057319,640488,1057319,-300000,9->6,6,1195599,False,False,1.12,1.65,1.07,1,True,False
True,True,0,q,infinity,as_1896,1896,METAL,"MUTTON, FRESH",New South Wales,,618091,318091,618091,936035,318091,936035,-300000,6->3,6,1553150,False,False,1.51,2.94,1.67,1,True,False
False,True,0,q,chandra,as_1899,1898,GOLD,Leaves of,Belgium,,60553000,60353000,60553000,118312,60353000,118312,-200000,5->3,3,63632700,False,False,0.0,0.0,0.0,1,True,False
False,True,0,q,infinity,as_1899,1898,GOLD,Leaves of,Belgium,Number,60553000,60353000,60553000,118312,60353000,118312,-200000,5->3,3,63632700,False,False,0.0,0.0,0.0,1,True,False
True,True,0,q,chandra,as_1875,1875,TOBACCO,Cigars,Spanish West India Islands,Lbs,968928,868928,968928,865516,868928,865516,-100000,9->8,11,1583902,False,False,0.89,1.0,0.31,1,True,False
True,True,0,v,chandra,as_1881,1881,WOOLLEN YARN,Cloths and Stuffs,France,Pieces,3541838,3441838,774592,3541838,774592,3441838,-100000,5->4,5,3687109,False,False,4.57,4.44,4.57,1,True,False
True,True,0,v,chandra,as_1882,1882,HAMS,,United States of America,Cwts,1491569,1391569,539546,1491569,539546,1391569,-100000,4->3,4,1431998,False,False,2.76,2.58,3.36,1,True,False
False,False,0,q,chandra,as_1881,1881,COTTON MANUFACTURES,Other than Muslins,United States of America,Pieces,313560,393560,313560,277348,393560,277348,80000,1->9,5,967454,False,False,0.88,0.7,0.88,1,True,False
False,False,0,q,chandra,as_1899,1896,SUGAR,"Refined, or rendered by any process equal thereto : In Lumps and Loaves",France,,314778,394778,314778,239264,394778,239264,80000,1->9,6,2645654,False,False,0.76,0.61,0.76,1,True,False
False,True,0,v,infinity,as_1877,1877,PAPER,"PLANTS, SHRUBS, TREES, and FLOWER ROOTS",France,,93632,23632,0,93632,0,23632,-70000,9->2,4,125779,False,False,0,0,0,1,True,False
False,True,0,q,infinity,as_1898,1897,"CHINA, OR PORCELAIN, AND EARTHENWARE",Oats,Canada,Cwts,1754750,1704750,1754750,443592,1704750,443592,-50000,5->0,3,1731950,False,False,0.25,0.26,0.25,1,True,False
True,True,0,q,chandra,as_1883,1883,Cotton,,Egypt,Tons,233183,203183,233183,1741225,203183,1741225,-30000,3->0,9,218531,False,False,7.47,8.57,6.68,1,True,False
False,True,0,v,chandra,as_1896,1896,FISH (including Turtle),Fresh (not of British taking) : Other sorts,Norway,Cwts,70367,40367,33087,70367,33087,40367,-30000,7->4,8,353903,False,False,2.13,1.22,1.95,1,True,False
False,True,0,v,chandra,as_1898,1898,"HORNS, tips and pieces of Horns and Hoofs","Girders, Beams, and Pillars",Holland,,92586,62586,15093,92586,15093,62586,-30000,9->6,3,615893,False,False,6.13,4.15,6.13,1,True,False
False,True,0,q,chandra,as_1898,1897,MEAT,Beef,Australasia : New South Wales,,53464,23464,53464,218017,23464,218017,-30000,5->2,7,164127,False,False,4.08,9.29,1.71,1,True,False
True,True,0,v,chandra,as_1899,1899,WOOD AND TIMBER,"Hewn, Fir",Canada,Loads,275706,245706,53861,275706,53861,245706,-30000,7->4,4,250621,False,False,5.12,4.56,6.18,1,True,False
True,True,0,v,infinity,as_1879,1879,OIL,Palm,Portuguese Possessions,Cwts,996294,966294,657142,996294,657142,966294,-30000,9->6,6,1314788,False,False,1.52,1.47,1.56,1,True,False
True,True,0,q,infinity,as_1883,1883,Cotton,,Egypt,Tons,233183,203183,233183,1741225,203183,1741225,-30000,3->0,9,218531,False,False,7.47,8.57,6.68,1,True,False
True,True,0,q,infinity,as_1887,1887,CHEESE,,British North America,Cwts,632886,602886,632886,1555352,602886,1555352,-30000,3->0,3,613276,False,False,2.46,2.58,2.46,1,True,False
True,True,0,v,infinity,as_1892,1892,OIL,Fish: Train or Blubber,Norway,Tuns,154621,124621,8250,154621,8250,124621,-30000,5->2,9,210267,False,False,18.74,15.11,18.43,1,True,False
True,True,0,q,infinity,as_1895,1895,BEEF,MARGARINE (including all kinds of Artificial or Imitation Butter),Holland,Cwts,878827,848827,878827,2371711,848827,2371711,-30000,7->4,7,910168,False,False,2.7,2.79,2.58,1,True,False
False,True,0,v,infinity,as_1896,1896,"FARINACEOUS SUBSTANCES and MANUFACTURES thereof, unenumerated",Other sorts,Norway,Cwts,70367,40367,33087,70367,33087,40367,-30000,7->4,8,353903,False,False,2.13,1.22,1.95,1,True,False
True,True,0,v,infinity,as_1898,1898,IRON,"Manufactures of Iron or Steel: Girders, Beams, and Pillars",Holland,Tons,92586,62586,15098,92586,15098,62586,-30000,9->6,3,615893,False,False,6.13,4.15,6.13,1,True,False
False,True,0,q,infinity,as_1898,1898,PORK,Fresh,United States of America,Cwts,276829,246829,276829,556269,246829,556269,-30000,7->4,7,517472,False,False,2.01,2.25,2.13,1,True,False
False,True,0,v,infinity,as_1899,1898,SUGAR,"Glucose, Solid or Liquid",United States of America,Cwts,658662,628662,1717029,658662,1717029,628662,-30000,5->2,5,657980,False,False,0.38,0.37,0.57,1,True,False
True,True,0,q,chandra,as_1878,1878,OIL SEED CAKE,OPIUM,Persia,Lbs,37160,17160,37160,25235,17160,25235,-20000,3->1,3,538840,False,False,0.68,1.47,0.71,1,True,False
True,True,0,v,chandra,as_1894,1894,POTATOES,,Channel Islands,Cwts,540539,520539,1139542,540539,1139542,520539,-20000,4->2,3,532626,False,False,0.47,0.46,0.47,1,True,False
True,True,0,v,infinity,as_1897,1894,"CARDS, PLAYING","Red, in Bottles, Still",France,Gallons,206779,226779,293322,206779,293322,226779,20000,0->2,8,257735,False,False,0.7,0.77,0.56,1,True,False
False,True,0,q,chandra,as_1876,1876,OIL,Castor,Bengal,Cwts,75782,65782,75782,125501,65782,125501,-10000,7->6,3,79677,False,False,1.66,1.91,1.66,1,True,False
False,True,0,v,chandra,as_1897,1895,LEAD,Bones for Manure (whether     burnt or not),Chile,,987126,977126,121120,987126,121120,977126,-10000,8->7,3,988897,False,False,8.15,8.07,8.15,1,True,False
False,True,0,v,chandra,as_1899,1897,WOOD AND TIMBER,"House frames, fittings, joiners'     and cabinet work",Canada,,42769,52769,0,42769,0,52769,10000,4->5,5,62435,False,False,0,0,0,1,True,False
True,True,0,q,infinity,as_1875,1875,OIL,Castor,Bengal,Cwts,44911,34911,44911,83965,34911,83965,-10000,4->3,3,48044,False,False,1.87,2.41,1.87,1,True,False
False,True,0,q,infinity,as_1876,1876,OIL,Castor,Bengal,Cwts,75782,65782,75782,125501,65782,125501,-10000,7->6,3,79677,False,False,1.66,1.91,1.66,1,True,False
True,True,0,q,chandra,as_1899,1896,SILK,Raw,China,,571580,579580,571580,271551,579580,271551,8000,1->9,8,1358103,False,False,0.48,0.47,0.74,1,True,False
True,True,0,q,chandra,as_1898,1895,"COPPER, ORE OF",Regulus and Precipitate,Spain,Tons,49217,42217,49217,1288763,42217,1288763,-7000,9->2,14,70379,False,False,26.19,30.53,26.93,1,True,False
True,True,0,q,chandra,as_1878,1878,COTTON MANUFACTURES,Other than Muslins,Holland,Pieces,241886,246886,241886,84878,246886,84878,5000,1->6,5,1148065,False,False,0.35,0.34,0.36,1,True,False
True,True,0,v,chandra,as_1897,1894,CORDAGE,Maize or Indian Corn,Canada,Cwts,166682,161682,779495,166682,779495,161682,-5000,6->1,3,163447,False,False,0.21,0.21,0.21,1,True,False
True,True,0,v,chandra,as_1898,1896,AMMUNITION,Geldings,Canada,Number,226416,221416,8027,226416,8027,221416,-5000,6->1,4,223661,False,False,28.21,27.58,50.0,1,True,False
False,True,0,q,chandra,as_1880,1880,GOLD,Leaves of,France,Number,7353500,7350500,7353500,14687,7350500,14687,-3000,3->0,3,67181200,False,False,0.0,0.0,0.0,1,True,False
True,True,0,q,chandra,as_1883,1883,COPPER,"Unwrought, in bars, blocks or slabs, cakes or ingots",Australasia,Tons,9530,6530,9530,629585,6530,629585,-3000,9->6,12,31752,False,False,66.06,96.41,64.81,1,True,False
True,True,0,q,chandra,as_1885,1885,"Dye Stuffs, and Substances used in Tanning","Madder, Madder Root, Garancine, and Munjeet",France,,6088,3088,6088,7734,3088,7734,-3000,6->3,5,21698,False,False,1.27,2.5,1.4,1,True,False
True,True,0,q,chandra,as_1893,1893,GUM,Unenumerated,Sierra Leone,Cwts,5492,2492,5492,17434,2492,17434,-3000,5->2,9,61178,False,False,3.17,7.0,2.6,1,True,False
False,True,0,v,chandra,as_1899,1897,BACON,,Canada,Cwts,523195,520195,299283,523195,299283,520195,-3000,3->0,3,521400,False,False,1.75,1.74,1.75,1,True,False
True,True,0,v,chandra,as_1899,1899,GOLD,Eastern Coast of Africa,United States of America,,2510,5510,13,2510,13,5510,3000,2->5,4,7408,False,False,193.08,423.85,131.33,1,True,False
True,True,0,v,chandra,as_1899,1895,NUTS AND KERNELS,Coco-nut,British East Indies : Ceylon,Cwts,217871,214871,197236,217871,197236,214871,-3000,7->4,5,281485,False,False,1.1,1.09,1.1,1,True,False
False,True,0,q,infinity,as_1880,1880,GOLD,Leaves of,France,Number,7353500,7350500,7353500,14687,7350500,14687,-3000,3->0,3,67181200,False,False,0.0,0.0,0.0,1,True,False
True,True,0,q,infinity,as_1885,1885,Bark,"Madder, Madder Root, Garancine, and Munjeet",France,Cwts,6088,3088,6088,7734,3088,7734,-3000,6->3,5,21698,False,False,1.27,2.5,1.4,1,True,False
True,True,0,q,infinity,as_1892,1892,SILK,Raw,British East Indies : Hong Kong,Lbs,133258,130258,133258,82800,130258,82800,-3000,3->0,3,301732,False,False,0.62,0.64,0.62,1,True,False
True,True,0,q,infinity,as_1893,1893,GUM,Unenumerated,Sierra Leone,Cwts,5492,2492,5492,17434,2492,17434,-3000,5->2,9,61178,False,False,3.17,7.0,2.6,1,True,False
True,True,0,v,infinity,as_1897,1894,HATS OR BONNETS,"Manufactures of Iron or Steel: Girders, Beams, and Pillars",Holland,Tons,105832,102832,17607,105832,17607,102832,-3000,5->2,3,425230,False,False,6.01,5.84,6.01,1,True,False
False,True,0,v,infinity,as_1899,1897,ASPHALT or BITUMEN,BACON,Canada,Cwts,523195,520195,290283,523195,290283,520195,-3000,3->0,3,521400,False,False,1.8,1.79,1.8,1,True,False
True,False,0,q,infinity,as_1899,1897,EGGS,"Shell Fish, Oysters, all sorts",United States of America,,130745,133745,130745,93812,133745,93812,3000,0->3,4,191518,False,False,0.72,0.7,2.39,1,True,False
True,True,0,v,infinity,as_1899,1896,Cotton,Rape,Germany,Quarters,17006,14006,10350,17006,10350,14006,-3000,7->4,8,130869,False,False,1.64,1.35,1.64,1,True,False
False,False,0,v,chandra,as_1897,1894,CORDAGE,Beans (not Kidney or French),Australasia : New Zealand,Cwts,29866,28866,85407,29866,85407,28866,-1000,9->8,3,29311,False,False,0.35,0.34,0.35,1,True,False
True,True,0,v,chandra,as_1897,1897,HONEY,,British West India Islands,Cwts,3041,4041,1834,3041,1834,4041,1000,3->4,7,5641,False,False,1.66,2.2,1.66,1,True,False
False,False,0,v,infinity,as_1897,1894,"CHINA, OR PORCELAIN, AND EARTHENWARE",Peas,Australasia : New Zealand,Cwts,29866,28866,85407,29866,85407,28866,-1000,9->8,3,29311,False,False,0.35,0.34,0.35,1,True,False
True,True,0,v,infinity,as_1897,1897,HATS OR BONNETS,Wet,British West India Islands,Cwts,3041,4041,1834,3041,1834,4041,1000,3->4,7,5641,False,False,1.66,2.2,1.66,1,True,False
True,True,0,q,infinity,as_1899,1897,MALT,Guano,Chile,Tons,101325,100325,101325,778335,100325,778335,-1000,1->0,5,102805,False,False,7.68,7.76,7.68,1,True,False
False,True,0,v,chandra,as_1872,1872,GUAR,Arabic,Egypt,Cwts,81955,81155,30131,81955,30131,81155,-800,9->1,6,123080,False,False,2.72,2.69,3.7,1,True,False
True,False,0,v,chandra,as_1899,1897,DYE STUFFS (Other than Dye Woods) and Substances used in Tan- ning or Dyeing,Bark,Holland,,3167,3967,8889,3167,8889,3967,800,1->9,7,44486,False,False,0.36,0.45,0.25,1,True,False
False,False,0,q,infinity,as_1874,1874,"QUICKSILVER, (Metallic)",Linen and Cotton Rags,France,Tons,4984,4184,4984,97777,4184,97777,-800,9->1,10,17209,False,False,19.62,23.37,16.01,1,True,False
True,False,0,v,infinity,as_1890,1890,"MEAT, unenumerated",Unenumerated : Unwrought : Wrought or Manufactured,Belgium,Tons,12929,12129,118,12929,118,12129,-800,9->1,6,252715,False,False,109.57,102.79,167.02,1,True,False
True,True,0,q,chandra,as_1876,1876,ZINC,"Manufactures, Unenumerated",Holland,Cwts,123187,123887,123187,170473,123887,170473,700,1->8,4,294918,False,False,1.38,1.38,1.41,1,True,False
True,True,0,v,chandra,as_1899,1899,FRUIT,Figs and Fig Cake,France,Cwts,821,121,706,821,706,121,-700,8->1,8,213029,False,False,1.16,0.17,1.16,1,True,False
False,False,0,v,infinity,as_1897,1897,"CHINA, OR PORCELAIN, AND EARTHENWARE",Peas,Canada,Cwts,1957,1257,3410,1957,3410,1257,-700,9->2,3,5411,False,False,0.57,0.37,0.57,1,True,False
True,True,0,q,chandra,as_1897,1897,SLATES,"In Blocks, Ingots, Bars, or Slabs",Australasia : Queensland,Cwts,4800,4200,4800,1451,4200,1451,-600,8->2,6,494262,False,False,0.3,0.35,0.3,1,True,False
True,True,0,v,chandra,as_1898,1895,"CARDS, PLAYING",,Holland,Lbs,872,272,3922,872,3922,272,-600,8->2,3,3010,False,False,0.22,0.07,0.22,1,True,False
False,False,0,v,chandra,as_1899,1898,LEAD,"Varnished, Japanned, or Enamelled",Germany,Cwts,8214,8814,329,8214,329,8814,600,2->8,5,214267,False,False,24.97,26.79,24.97,1,True,False
False,True,0,v,chandra,as_1899,1897,"CONFECTIONERY, in the Manufacture of which Spirit has been used","CONFECTIONERY, containing not more than 50 % Chocolate, in the Manufacture of which Spirit has been used",Belgium,Lbs,1836,1236,16749,1836,16749,1236,-600,8->2,4,2076,False,False,0.11,0.07,0.09,1,True,False
True,True,0,q,infinity,as_1876,1876,ZINC,Ore,Spain,Tons,2885,2285,2885,15436,2285,15436,-600,8->2,3,11063,False,False,5.35,6.76,5.35,1,True,False
False,False,0,v,infinity,as_1894,1894,"MANGANESE, ORE of",,Australasia,,5896,5296,2571,5896,2571,5296,-600,8->2,3,18600,False,False,2.29,2.06,2.29,1,True,False
True,True,0,q,infinity,as_1898,1896,"SKINS, AND FURS",Ginger,United States of America,Cwts,1816,1216,1816,5832,1216,5832,-600,8->2,5,12078,False,False,3.21,4.8,1.43,1,True,False
True,True,0,v,chandra,as_1893,1893,GLASS,"Plate, Fluted, Rolled, or Rough",Belgium,Cwts,38137,38637,23784,38137,23784,38637,500,1->6,5,47808,False,False,1.6,1.62,0.8,1,True,False
True,True,0,v,infinity,as_1886,1886,"SKINS, FURS, and PELTS","In any way Dressed, (not Leather)",Belgium,,1178,1678,7055,1178,7055,1678,500,1->6,4,3870,False,False,0.17,0.24,0.17,1,True,False
False,False,0,v,chandra,as_1897,1897,Horse,,Canada,Hair,1497,1097,0,1497,0,1097,-400,4->0,3,1805,False,False,0,0,0,1,True,False
True,True,0,v,chandra,as_1897,1894,LEAD,Phosphate of Lime and Rock,Canada,,6774,6374,3182,6774,3182,6374,-400,7->3,3,7504,False,False,2.13,2.0,2.13,1,True,False
False,False,0,q,chandra,as_1899,1899,SLATES,,Bombay,Lbs,12500,12900,12500,685,12900,685,400,5->9,3,2761305,False,False,0.05,0.05,0.05,1,True,False
False,True,0,q,infinity,as_1897,1893,"CHINA, OR PORCELAIN, AND EARTHENWARE",Unmanufactured,Algeria,Tons,809,409,809,25770,409,25770,-400,8->4,9,12534,False,False,31.85,63.01,6.74,1,True,False
False,True,0,v,infinity,as_1897,1897,Cotton,SLATES,Other British Possessions,,846,446,0,846,0,446,-400,8->4,6,4517,False,False,0,0,0,1,True,False
True,True,0,v,chandra,as_1897,1897,BEEF,Salted,Australasia : New South Wales,Cwts,645,345,480,645,480,345,-300,6->3,4,1564,False,False,1.34,0.72,1.34,1,True,False
True,True,0,q,chandra,as_1897,1894,MEAT,Mutton,Australasia : New South Wales,Cwts,80961,80661,80961,137174,80661,137174,-300,9->6,6,107577,False,False,1.69,1.7,1.69,1,True,False
True,True,0,v,chandra,as_1898,1894,"COPPER, ORE OF","Meal, not otherwise enumerated or described",Australasia,Cwts,2385,2085,13995,2385,13995,2085,-300,3->0,4,8104,False,False,0.17,0.15,0.2,1,True,False
False,True,0,v,chandra,as_1899,1897,CORDAGE,Yarn,Holland,Lbs,683,383,43730,683,43730,383,-300,6->3,3,7508,False,False,0.02,0.01,0.02,1,True,False
False,True,0,q,chandra,as_1899,1899,"CARDS, PLAYING",,Germany,Dozen Packs,12580,12280,12580,2276,12280,2276,-300,5->2,3,21599,False,False,0.18,0.19,0.18,1,True,False
True,True,0,v,infinity,as_1898,1894,"CHINA, OR PORCELAIN, AND EARTHENWARE","Meal, not otherwise enumerated or described",Australasia,Cwts,2385,2085,13995,2385,13995,2085,-300,3->0,4,8104,False,False,0.17,0.15,0.2,1,True,False
False,True,0,v,infinity,as_1899,1895,OIL,Coco-nut,France,Cwts,2583,2383,2115,2583,2115,2383,-200,5->3,5,37065,False,False,1.22,1.13,1.18,1,True,False
False,True,0,v,infinity,as_1898,1894,BEEF,"BOOKS, Bound and Unbound, including Maps and Charts",Other Foreign Countries,Cwts,2600,2700,9110,2600,9110,2700,100,6->7,3,102629,False,False,0.29,0.3,0.29,1,True,False
False,True,0,v,chandra,as_1898,1895,"COPPER, ORE OF","Cables (not of Iron), Twine, and Cable Yarn",British East Indies : Ceylon,,54393,54313,0,54393,0,54313,-80,9->1,7,245603,False,False,0,0,0,1,True,False
False,True,0,q,chandra,as_1898,1896,GLASS,Australia,Other Foreign Countries,,95,15,95,497,15,497,-80,9->1,12,23000,False,False,5.23,33.13,7.04,1,True,False
False,False,0,q,infinity,as_1897,1894,PAPER,Other Materials,Canada,Tons,1312,1392,1312,6216,1392,6216,80,1->9,11,16447,False,False,4.74,4.47,4.74,1,True,False
True,False,0,q,infinity,as_1898,1896,Bark,Logwood,Other Foreign Countries,Tons,18,98,18,72,98,72,80,1->9,7,30976,False,False,4.0,0.73,5.97,1,True,False
False,False,0,q,chandra,as_1897,1895,FEATHERS AND DOWN,Eastern Coast of Africa,Holland,,102024,102094,102024,51597,102094,51597,70,2->9,5,272562,False,False,0.51,0.51,0.68,1,True,False
True,True,0,v,chandra,as_1897,1893,FLAX,"Grapes, Raw",Channel Islands,Bushels,101220,101290,48735,101220,48735,101290,70,2->9,3,105078,False,False,2.08,2.08,0.83,1,True,False
True,True,0,v,chandra,as_1897,1894,FLAX,"Grapes, Raw",Portugal,Bushels,23072,23002,65149,23072,65149,23002,-70,7->0,6,370826,False,False,0.35,0.35,0.73,1,True,False
True,False,0,v,chandra,as_1898,1896,"PLATINUM, wrought or unwrought",,France,Ozs. troy,11396,11326,7661,11396,7661,11326,-70,9->2,4,72332,False,False,1.49,1.48,2.11,1,True,False
False,False,0,q,chandra,as_1899,1895,CORDAGE,Yarn,Madras,Lbs,843676,843606,843676,22538,843606,22538,-70,7->0,6,1107041,False,False,0.03,0.03,0.02,1,True,False
False,True,0,q,infinity,as_1885,1885,PORK,Salted (not Hams),Denmark,Cwts,36688,36618,36688,86707,36618,86707,-70,8->1,5,307611,False,False,2.36,2.37,2.15,1,True,False
True,True,0,v,chandra,as_1897,1897,"CHINA, OR PORCELAIN, AND EARTHENWARE",,Other British Possessions,,583,523,377,583,377,523,-60,8->2,3,4220,False,False,1.55,1.39,2.61,1,True,False
False,True,0,q,chandra,as_1899,1896,"ANIMALS, LIVING",Oxen and Bulls,Canada,Number,99188,99128,99188,1570050,99128,1570050,-60,8->2,3,99300,False,False,15.83,15.84,15.83,1,True,False
True,False,0,v,infinity,as_1897,1895,WOOLLEN YARN,"Manufactures of, unenumerated",France,Cwts,12125,12185,8035,12125,8035,12185,60,2->8,5,374457,False,False,1.51,1.52,1.03,1,True,False
True,False,0,q,chandra,as_1897,1894,SALTPETRE (Nitrate of Potash),,British East Indies,Cwts,133059,133009,133059,112709,133009,112709,-50,5->0,3,266068,False,False,0.85,0.85,0.85,1,True,False
False,True,0,v,chandra,as_1899,1898,"CARDS, PLAYING",,Holland,Dozen Packs,854,804,4976,854,4976,804,-50,5->0,3,3739,False,False,0.17,0.16,0.17,1,True,False
True,True,0,v,infinity,as_1885,1885,OIL,West Africa,Other British Possessions,,101,151,70,101,70,151,50,0->5,3,505087,False,False,1.44,2.16,1.36,1,True,False
True,True,0,q,infinity,as_1890,1890,"ANIMALS, LIVING",Gunpowder,Belgium,Cwts,1316,1366,1316,4554,1366,4554,50,1->6,4,13783,False,False,3.46,3.33,4.47,1,True,False
False,True,0,v,infinity,as_1898,1895,"CHINA, OR PORCELAIN, AND EARTHENWARE",Peas,Australasia : New Zealand,Cwts,30250,30200,59490,30250,59490,30200,-50,5->0,4,30902,False,False,0.51,0.51,0.67,1,True,False
False,True,0,v,infinity,as_1898,1895,"CARDS, PLAYING","Plums, Dried or Preserved",United States of America,Cwts,9102,9152,3675,9102,3675,9152,50,0->5,5,34160,False,False,2.48,2.49,1.49,1,True,False
True,False,0,v,infinity,as_1899,1895,LEAD,"Manufactures of, Unenumerated",France,Cwts,858,818,552,858,552,818,-40,5->1,5,11592,False,False,1.55,1.48,1.55,1,True,False
True,True,0,q,chandra,as_1897,1897,SLATES,Dutch Possessions in Indian Seas,Other British Possessions,Tons,135,105,135,1554,105,1554,-30,3->0,3,331266,False,False,11.51,14.8,5.12,1,True,False
True,True,0,q,infinity,as_1879,1879,IRON,Bars,Other Countries,Tons,1296,1266,1296,10505,1266,10505,-30,9->6,3,95519,False,False,8.11,8.3,8.11,1,True,False
False,True,0,v,infinity,as_1899,1899,WOOLLEN YARN,YEAST,Germany,Cwts,30031,30001,13421,30031,13421,30001,-30,3->0,5,342753,False,False,2.24,2.24,2.31,1,True,False
True,True,0,q,chandra,as_1893,1893,SILK,"Knubs or Husks, and Waste",British East Indies,Cwts,6757,6737,6757,65849,6737,65849,-20,5->3,3,20666,False,False,9.75,9.77,9.75,1,True,False
True,True,0,q,chandra,as_1898,1897,FRUIT,Prunes,France,Cwts,10181,10188,10181,13259,10188,13259,7,1->8,5,21069,False,False,1.3,1.3,1.36,1,True,False
True,False,0,q,infinity,as_1881,1881,"SKINS, FURS, and PELTS",WAX,Portugal,Cwts,6948,6941,6948,27945,6941,27945,-7,8->1,8,30956,False,False,4.02,4.03,4.02,1,True,False
True,True,0,q,infinity,as_1897,1893,HATS OR BONNETS,Dressed or Undressed,Australasia : New Zealand,Tons,1537,1530,1537,33803,1530,33803,-7,7->0,9,9100,False,False,21.99,22.09,16.67,1,True,False
False,False,0,q,infinity,as_1898,1894,"CHINA, OR PORCELAIN, AND EARTHENWARE",Raw,Australasia,Cwts,929,922,929,2234,922,2234,-7,9->2,8,697245,False,False,2.4,2.42,1.92,1,True,False
True,True,0,q,chandra,as_1898,1894,WINE,"in Bottles, Still",Australasia,Gallons,4078,4072,4078,2110,4072,2110,-6,8->2,4,13900,False,False,0.52,0.52,0.52,1,True,False
True,True,0,v,chandra,as_1899,1897,LEAD,Dressed,British East Indies,Cwts,338,332,61,338,61,332,-6,8->2,8,95900,False,False,5.54,5.44,5.54,1,True,False
True,True,0,q,infinity,as_1897,1896,FLAX,FRUITS AND VEGETABLES preserved in Sugar,Germany,Cwts,1048,1042,1048,2655,1042,2655,-6,8->2,6,23290,False,False,2.53,2.55,2.27,1,True,False
False,True,0,v,infinity,as_1897,1893,FLAX,GUTTA PERCHA,Other Foreign Countries,Hair,148,142,0,148,0,142,-6,8->2,4,4880,False,False,0,0,0,1,True,False
True,False,0,q,infinity,as_1898,1894,"CHINA, OR PORCELAIN, AND EARTHENWARE",Part Wrought,Other Foreign Countries,Tons,2,8,2,60,8,60,6,2->8,6,1753,False,False,30.0,7.5,47.1,1,True,False
True,True,0,v,chandra,as_1886,1886,FRUIT,Unenumerated : Dried,Other Foreign Countries,Cwts,2266,2261,1209,2266,1209,2261,-5,6->1,8,195603,False,False,1.87,1.87,1.87,1,True,False
True,True,0,v,chandra,as_1889,1889,DYE WOODS,Unenumerated,British East Indies,Tons,10591,10596,1342,10591,1342,10596,5,1->6,3,15548,False,False,7.89,7.9,7.89,1,True,False
True,True,0,q,chandra,as_1897,1893,AMMUNITION,Stallions,Other British Possessions,,6,1,6,160,1,160,-5,6->1,6,23,False,False,26.67,160.0,50.0,1,True,False
True,True,0,q,chandra,as_1897,1893,POTATOES,,Other British Possessions,Cwts,45,40,45,32,40,32,-5,5->0,3,1195423,False,False,0.71,0.8,0.71,1,True,False
True,True,0,q,chandra,as_1898,1895,LEATHER MANUFACTURES,Boots and Shoes,United States of America,,18956,18951,18956,54655,18951,54655,-5,6->1,6,131433,False,False,2.88,2.88,2.88,1,True,False
True,True,0,v,chandra,as_1899,1897,FRUIT,"Rum, Imitation",Germany,Proof Gallons,1455,1450,27492,1455,27492,1450,-5,5->0,4,1713,False,False,0.05,0.05,0.25,1,True,False
False,True,0,v,chandra,as_1897,1894,POTATOES,,Canada,Cwts,280,284,0,280,0,284,4,0->4,3,1147,False,False,0,0,0,1,True,False
True,False,0,q,infinity,as_1887,1887,ANIMALS LIVING,"Swords, Cutlasses, Matchets, Bayonets",Germany,,175,179,175,357,179,357,4,5->9,3,1553,False,False,2.04,1.99,4.43,1,True,False
True,True,0,q,chandra,as_1897,1893,CAOUTCHouc,Manufactures of,Other British Possessions,Lbs,346,343,346,35,343,35,-3,6->3,3,64225,False,False,0.1,0.1,0.08,1,True,False
True,True,0,v,infinity,as_1897,1896,IVORY,Yarn,Germany,Lbs,17,14,2500,17,2500,14,-3,7->4,3,30625,False,False,0.01,0.01,0.02,1,True,False
False,True,0,q,infinity,as_1898,1896,"CHINA, OR PORCELAIN, AND EARTHENWARE",Part Wrought,Holland,Tons,5,2,5,295,2,295,-3,5->2,5,725,False,False,59.0,147.5,49.99,1,True,False
True,True,0,q,chandra,as_1897,1893,AMMUNITION,Swine,Canada,Number,137,135,137,411,135,411,-2,7->5,3,137,False,False,3.0,3.04,2.0,1,True,False
True,True,0,v,chandra,as_1897,1896,COLLODIUM,,Greece,Gallons,744953,744951,983609,744953,983609,744951,-2,3->1,5,747734,False,False,0.76,0.76,0.87,1,True,False
