volume,year,article_group,article,unit,row_seq,country,cell,printed_subtotal,ratio
as_1880,1880,LINEN and JUTE MANUFACTURES,Jute Manufactures,Yards,1791,United States : Atlantic Pacific,94998024832.0,2255503.0,42118.33
as_1876,1876,BEER and ALE,,Barrels,193,British India: Bombay and Scinde Madras,16057179654.0,1022972.0,15696.6
as_1872,1872,ZINC or SPELTER,"Crude, in Cakes",Cwts,2871,British India: Bombay and Scinde Bengal and Burmah,773944893.0,58399.0,13252.71
as_1876,1876,BEER and ALE,,Barrels,185,United States: Atlantic Pacific,10530020164.0,1022972.0,10293.56
as_1876,1876,TELEGRAPHIC WIRES AND APPARATUS,,,1872,British India: Bombay and Scinde Bengal and Burmah,7749366134.0,814849.0,9510.19
as_1876,1876,"Bags and Sacks, Empty",,Dozens,172,United States: Atlantic Pacific,10497788861.0,1211728.0,8663.49
as_1872,1872,UMBRELLAS and PARASOLS,,,2516,British India: Bombay and Scinde Bengal and Burmah,1205174702.0,244363.0,4931.9
as_1876,1876,STONES and SLATES,"Grindstones, Millstones, and other Sorts of Stone",Tons,1840,United States: Atlantic Pacific,676272410.0,149892.0,4511.73
as_1876,1876,"STATIONERY, other than Paper",,,1824,British India: Bombay and Scinde Madras,2582214178.0,659910.0,3912.98
as_1884,1884,GLASS,"Plate, Rough or Silvered (in-         cluding Looking Glasses or         Mirrors)",Square feet,1047,United States: Atlantic                                                 Pacific,1000972410.0,272883.0,3668.14
as_1873,1873,"TIN, Unwrought",,Cwts,2489,United States: Atlantic Pacific,2081362520.0,786156.0,2647.52
as_1876,1876,"Books, Printed",,Cwts,236,British India: Bombay and Scinde Madras,2173712143.0,881839.0,2464.98
as_1876,1876,"Books, Printed",,Cwts,234,United States: Atlantic Pacific,1895472419.0,881839.0,2149.45
as_1898,1896,"METALS AND MANUFACTURES THEREOF, UNENUMERATED",,,36858,Cape of Good Hope,18530.0,10.0,1853.0
as_1876,1876,BISCUIT and BREAD,,Cwts,212,British India: Bombay and Scinde Bengal and Burmah,416412412.0,374038.0,1113.29
as_1876,1876,"STATIONERY, other than Paper",,,1819,United States: Atlantic Pacific,655901462.0,659910.0,993.93
as_1876,1876,TOBACCO and SNUFF Manufactured in the United Kingdom,Other Kinds of Manufactured Tobacco,Lbs,1895,British India: Bombay and Scinde Bengal and Burmah,25712355.0,30067.0,855.17
as_1872,1872,TOBACCO and SNUFF Manufactured in the United Kingdom,Other Kinds of Manufactured Tobacco,Lbs,2502,British India: Bombay and Scinde Bengal and Burmah,17602351.0,20799.0,846.31
as_1872,1872,Wood and Timber,"Rough, Hewn, Sawn, or Split",Lbds,2534,British Possessions in South Africa Mauritius,61301773.0,82985.0,738.71
as_1894,1894,"FISH, FRESH AND CURED",Unenumerated,,2160,"Portugal, Azores and Madeira     .. Spain and Canaries",262234033.0,428737.0,611.64
as_1898,1898,"METALS AND MANUFACTURES THEREOF, UNENUMERATED",,,36860,Cape of Good Hope,18675.0,31.0,602.42
as_1876,1876,BLEACHING MATERIALS,,Cwts,224,United States: Atlantic Pacific,153479646.0,330617.0,464.22
as_1898,1896,"METALS AND MANUFACTURES THEREOF, UNENUMERATED",,,36863,Natal,4343.0,10.0,434.3
as_1898,1894,"METALS AND MANUFACTURES THEREOF, UNENUMERATED",,,36856,Cape of Good Hope,8692.0,22.0,395.09
as_1898,1894,"METALS AND MANUFACTURES THEREOF, UNENUMERATED",,,36866,British East Indies,8569.0,22.0,389.5
as_1876,1876,SUGAR,Refined and Candy,Cwts,1855,United States: Atlantic Pacific,512161143.0,1363908.0,375.51
as_1872,1872,SKINS and FURS,"Sheep and Lambs, Undressed, without the Wool",,2329,United States: Atlantic,331653.0,920.0,360.49
as_1876,1876,BRASS,"Manufactures of, not being Ordnance",Cwts,255,British India: Bombay and Scinde Madras,147405069.0,485550.0,303.58
as_1897,1896,"CORDAGE, CABLES, ROPES, AND TWINE, of Hemp or like Material",East Africa,,14878,Other Foreign Countries,1389.0,5.0,277.8
as_1898,1895,"METALS AND MANUFACTURES THEREOF, UNENUMERATED",,,36857,Cape of Good Hope,13085.0,57.0,229.56
as_1895,1895,SKINS and FURS,"British: Sheep and Lambs', Undressed, without the Wool",No,5365,United States of America,265454.0,1179.0,225.15
as_1895,1895,SKINS and FURS,"British: Sheep and Lambs', Undressed, without the Wool",No,5363,United States of America : Atlantic,250574.0,1179.0,212.53
as_1897,1893,IMPLEMENTS AND TOOLS,South Africa,Implements and Tools,25898,Natal,29328.0,145.0,202.26
as_1873,1873,WOOD and TIMBER,Unenumerated,,2557,British India : Bombay and Scinde Bengal and Burmah,21161930.0,106380.0,198.93
as_1897,1893,IMPLEMENTS AND TOOLS,South Africa,Implements and Tools,25904,British East Indies : Bombay,27780.0,145.0,191.59
as_1872,1872,UMBRELLAS and PARASOLS,,,2511,United States: Atlantic Pacific,45939100.0,244363.0,188.0
as_1897,1893,IMPLEMENTS AND TOOLS,South Africa,Implements and Tools,25969,Australasia : New Zealand,26976.0,145.0,186.04
as_1897,1893,IMPLEMENTS AND TOOLS,South Africa,Implements and Tools,25914,British East Indies : Bengal,26856.0,145.0,185.21
as_1885,1885,WOOL,Sheep and Lambs' (British),,3349,United States of America:       Atlantic,414169.0,2237.0,185.14
as_1898,1898,CARRIAGES,"Railway Carriages for Passengers, and parts thereof",Railway Waggons,8482,British East Indies : Bombay,238132.0,1425.0,167.11
as_1872,1872,"TIN, Unwrought",,Cwts,2487,United States: Atlantic Pacific,140977966.0,851082.0,165.65
as_1897,1896,"CORDAGE, CABLES, ROPES, AND TWINE, of Hemp or like Material",East Africa,,14873,Germany,820.0,5.0,164.0
as_1897,1893,IMPLEMENTS AND TOOLS,South Africa,Implements and Tools,25954,Australasia : New South Wales,23509.0,145.0,162.13
as_1898,1898,"BRASS, AND MANUFACTURES OF, not being Ordnance",East Africa,,6643,Mauritius and Dependencies,1936.0,12.0,161.33
as_1898,1898,CARRIAGES,"Railway Carriages for Passengers, and parts thereof",Railway Waggons,8492,British East Indies : Bengal,219920.0,1425.0,154.33
as_1898,1898,"METALS AND MANUFACTURES THEREOF, UNENUMERATED",,,36865,Natal,3981.0,31.0,128.42
as_1897,1897,Woollen and Worsted Manufactures,,,49744,"Worsted Coatings and Stuffs . . . . . "" """,69825800.0,573044.0,121.85
as_1897,1893,IMPLEMENTS AND TOOLS,South Africa,Implements and Tools,25949,Australasia : Victoria,16225.0,145.0,111.9
as_1897,1894,IMPLEMENTS AND TOOLS,South Africa,Implements and Tools,25970,Australasia : New Zealand,27186.0,247.0,110.06
as_1897,1896,IMPLEMENTS AND TOOLS,South Africa,Implements and Tools,25917,British East Indies : Bengal,37302.0,344.0,108.44
as_1897,1895,IMPLEMENTS AND TOOLS,South Africa,Implements and Tools,25916,British East Indies : Bengal,38507.0,364.0,105.79
as_1897,1896,IMPLEMENTS AND TOOLS,South Africa,Implements and Tools,25907,British East Indies : Bombay,36201.0,344.0,105.24
as_1885,1885,WOOL,Sheep and Lambs' (British),,3345,Germany,230431.0,2237.0,103.01
as_1879,1879,CORN and GRAIN,Malt,,554,Australia,236284.0,2415.0,97.84
as_1897,1894,IMPLEMENTS AND TOOLS,South Africa,Implements and Tools,25915,British East Indies : Bengal,23171.0,247.0,93.81
as_1897,1894,IMPLEMENTS AND TOOLS,South Africa,Implements and Tools,25955,Australasia : New South Wales,21525.0,247.0,87.15
as_1897,1896,ALKALI,,Cwts,59,Spain,107250.0,1248.0,85.94
as_1898,1896,ALKALI,,Cwts,58,Spain,107250.0,1248.0,85.94
as_1889,1889,PLATE,RAGS (except Woollen) and other Materials for making Paper,Tons,3857,United States of America,467657.0,5597.0,83.55
as_1897,1894,IMPLEMENTS AND TOOLS,South Africa,Implements and Tools,25905,British East Indies : Bombay,20573.0,247.0,83.29
as_1897,1895,"TELEGRAPHIC WIRES, AND APPARATUS",South Africa,,43556,Other Foreign Countries,3352.0,42.0,79.81
as_1889,1889,PLATE,RAGS (except Woollen) and other Materials for making Paper,Tons,3855,United States of America : Atlantic,440644.0,5597.0,78.73
as_1885,1885,WOOL,Sheep and Lambs' (British),,3348,France,173836.0,2237.0,77.71
as_1897,1896,IMPLEMENTS AND TOOLS,South Africa,Implements and Tools,25957,Australasia : New South Wales,26655.0,344.0,77.49
as_1897,1895,IMPLEMENTS AND TOOLS,South Africa,Implements and Tools,25906,British East Indies : Bombay,28145.0,364.0,77.32
as_1888,1888,PLATED and GILT WARES,RAGS (except Woollen) and other Materials for making Paper,Tons,3651,United States of America,454421.0,5898.0,77.05
as_1897,1896,IMPLEMENTS AND TOOLS,South Africa,Implements and Tools,25972,Australasia : New Zealand,26262.0,344.0,76.34
as_1898,1894,"METALS AND MANUFACTURES THEREOF, UNENUMERATED",,,36861,Natal,1659.0,22.0,75.41
as_1890,1890,PLATE,RAGS (except Woollen) and other Materials for making Paper,Tons,3938,United States of America,399318.0,5340.0,74.78
as_1888,1888,PLATED and GILT WARES,RAGS (except Woollen) and other Materials for making Paper,Tons,3649,United States of America : Atlantic,434782.0,5898.0,73.72
as_1897,1893,IMPLEMENTS AND TOOLS,South Africa,Implements and Tools,25979,Newfoundland,10613.0,145.0,73.19
as_1897,1895,IMPLEMENTS AND TOOLS,South Africa,Implements and Tools,25971,Australasia : New Zealand,26157.0,364.0,71.86
as_1898,1897,ALKALI,,Cwts,59,Spain,108922.0,1550.0,70.27
as_1897,1893,IMPLEMENTS AND TOOLS,South Africa,Implements and Tools,25919,British East Indies : British Burmah,10153.0,145.0,70.02
as_1897,1894,IMPLEMENTS AND TOOLS,South Africa,Implements and Tools,25950,Australasia : Victoria,17221.0,247.0,69.72
as_1890,1890,PLATE,RAGS (except Woollen) and other Materials for making Paper,Tons,3936,United States of America : Atlantic,368316.0,5340.0,68.97
as_1874,1874,LEATHER,"Tanned, Unwrought",Cwt,1471,British India: Bombay and Scinde Madras,88612618.0,1319363.0,67.16
as_1897,1895,IMPLEMENTS AND TOOLS,South Africa,Implements and Tools,25956,Australasia : New South Wales,24257.0,364.0,66.64
as_1899,1899,Woollen and Worsted Manufactures,,,51895,1896,81525103.0,1229492.0,66.31
as_1897,1893,IMPLEMENTS AND TOOLS,South Africa,Implements and Tools,25944,Australasia : South Australia,9341.0,145.0,64.42
as_1897,1896,IMPLEMENTS AND TOOLS,South Africa,Implements and Tools,25952,Australasia : Victoria,22131.0,344.0,64.33
as_1898,1898,Woollen and Worsted Manufactures,,,50919,"Worsted Coatings and Stuffs . . . . . "" """,44589500.0,693840.0,64.26
as_1899,1899,Woollen and Worsted Manufactures,,,51896,1895,78126746.0,1229492.0,63.54
as_1899,1899,Woollen and Worsted Manufactures,,,51894,1897,76943184.0,1229492.0,62.58
as_1879,1879,"COALS, CINDERS, &c.",Coals,,425,France,1298140.0,20800.0,62.41
as_1874,1874,"ARMS, AMMUNITION, and MILITARY STORES",Percussion Caps,,93,United States: Atlantic,19768.0,322.0,61.39
as_1899,1899,Woollen and Worsted Manufactures,,,51893,1898,74866455.0,1229492.0,60.89
as_1880,1880,COTTON MANUFACTURES,"Piece Goods, Plain",,738,Bengal and Burmah,8890803.0,149080.0,59.64
as_1897,1893,IMPLEMENTS AND TOOLS,South Africa,Implements and Tools,25929,British East Indies : Ceylon,8350.0,145.0,57.59
as_1898,1895,"METALS AND MANUFACTURES THEREOF, UNENUMERATED",,,36862,Natal,3268.0,57.0,57.33
as_1897,1896,IMPLEMENTS AND TOOLS,South Africa,Implements and Tools,25942,Australasia : West Australia,19355.0,344.0,56.26
as_1898,1898,CARRIAGES,"Railway Carriages for Passengers, and parts thereof",Railway Waggons,8469,West Africa : Cape of Good Hope,78306.0,1425.0,54.95
as_1898,1898,"BRASS, AND MANUFACTURES OF, not being Ordnance",West Africa,,6623,Cape of Good Hope,23993.0,437.0,54.9
as_1897,1895,IMPLEMENTS AND TOOLS,South Africa,Implements and Tools,25951,Australasia : Victoria,19811.0,364.0,54.43
as_1885,1885,RAGS (except Woollen) and other Materials for making Paper,,Tons,2924,United States of America,414051.0,7616.0,54.37
as_1898,1896,ALKALI,,Cwts,63,Italy,66856.0,1248.0,53.57
as_1897,1893,IMPLEMENTS AND TOOLS,South Africa,Implements and Tools,25924,British East Indies : Straits Settlements,7731.0,145.0,53.32
as_1897,1896,ALKALI,,Cwts,64,Italy,66536.0,1248.0,53.31
as_1885,1885,RAGS (except Woollen) and other Materials for making Paper,,Tons,2922,United States of America : Atlantic,404869.0,7616.0,53.16
as_1897,1897,IMPLEMENTS AND TOOLS,South Africa,Implements and Tools,25908,British East Indies : Bombay,50564.0,1005.0,50.31
as_1873,1873,TOBACCO and SNUFF Manufactured in the United Kingdom,Other Kinds of Manufactured Tobacco,Lbs,2504,British India : Bombay and Scinde Madras,1398361.0,27907.0,50.11
as_1878,1878,WOOLLEN and WORSTED YARN,Worsted Yarn (Combed),,2290,Germany,1969140.0,39543.0,49.8
as_1897,1896,IMPLEMENTS AND TOOLS,South Africa,Implements and Tools,25922,British East Indies : British Burmah,17130.0,344.0,49.8
as_1897,1893,IMPLEMENTS AND TOOLS,South Africa,Implements and Tools,25909,British East Indies : Madras,7180.0,145.0,49.52
as_1897,1893,IMPLEMENTS AND TOOLS,South Africa,Implements and Tools,25959,Australasia : Queensland,7097.0,145.0,48.94
as_1873,1873,WOOD and TIMBER,Unenumerated,,2553,United States : Atlantic Pacific,5108137.0,106380.0,48.02
as_1893,1893,POTATOES,RAGS (except Woollen) and other Materials for making Paper,Tons,4849,United States of America,354127.0,7415.0,47.76
as_1895,1895,FLAX AND HEMP,Dressed and Undressed,Cwts,2236,United States of America,186973.0,4031.0,46.38
as_1897,1893,IMPLEMENTS AND TOOLS,South Africa,Implements and Tools,25989,Honduras,6719.0,145.0,46.34
as_1897,1896,IMPLEMENTS AND TOOLS,South Africa,Implements and Tools,25947,Australasia : South Australia,15707.0,344.0,45.66
as_1898,1897,ALKALI,,Cwts,64,Italy,69943.0,1550.0,45.12
as_1897,1897,LEAD,Pig,Tons,32418,Northern Ports,121292.0,2727.0,44.48
as_1876,1876,COTTON MANUFACTURES,"Piece Goods, Plain",,523,Bengal and Burmah,6821030.0,154266.0,44.22
tn_1871,1870,FLAX,Dressed and Undressed (Foreign),,1806,United States: N. Atlantic Ports,50597.0,1152.0,43.92
tn_1871,1870,SEEDS,Rape (Foreign),,4461,Belgium,343151.0,7895.0,43.46
as_1895,1895,FLAX AND HEMP,Dressed and Undressed,Cwts,2234,United States of America : Atlantic,174631.0,4031.0,43.32
as_1897,1897,IMPLEMENTS AND TOOLS,South Africa,Implements and Tools,25918,British East Indies : Bengal,42838.0,1005.0,42.62
as_1897,1895,ALKALI,,Cwts,58,Spain,160220.0,3813.0,42.02
as_1893,1893,POTATOES,RAGS (except Woollen) and other Materials for making Paper,Tons,4847,United States of America : Atlantic,306846.0,7415.0,41.38
as_1894,1894,POTATOES,RAGS (except Woollen) and other Materials for making Paper,Tons,5008,United States of America,302319.0,7365.0,41.05
as_1886,1886,RAGS (except Woollen) and other Materials for making Paper,,,2980,United States of America,374279.0,9127.0,41.01
as_1890,1890,SILK,"Thrown, Twist or Yarn",,4034,United States of America,466068.0,11414.0,40.83
as_1897,1894,IMPLEMENTS AND TOOLS,South Africa,Implements and Tools,25980,Newfoundland,9814.0,247.0,39.73
as_1886,1886,RAGS (except Woollen) and other Materials for making Paper,,,2978,United States of America : Atlantic,362456.0,9127.0,39.71
as_1897,1894,IMPLEMENTS AND TOOLS,South Africa,Implements and Tools,25920,British East Indies : British Burmah,9590.0,247.0,38.83
as_1872,1872,SKINS and FURS,"Foreign, Dressed in the United Kingdom",,2345,United States: Atlantic,137758.0,3591.0,38.36
as_1878,1878,COTTON MANUFACTURES,"Piece Goods, Plain",,644,Bengal and Burmah,7098029.0,185638.0,38.24
as_1897,1894,IMPLEMENTS AND TOOLS,South Africa,Implements and Tools,25960,Australasia : Queensland,9415.0,247.0,38.12
as_1897,1894,IMPLEMENTS AND TOOLS,South Africa,Implements and Tools,25945,Australasia : South Australia,9389.0,247.0,38.01
as_1897,1895,IMPLEMENTS AND TOOLS,South Africa,Implements and Tools,25921,British East Indies : British Burmah,13735.0,364.0,37.73
as_1898,1898,"BRASS, AND MANUFACTURES OF, not being Ordnance",West Africa,,7091,Canada,16219.0,437.0,37.11
as_1879,1879,"COALS, CINDERS, &c.",Coals,,422,Germany,757820.0,20800.0,36.43
tn_1871,1870,MEAL and FLOUR,Thread for Sewing,,1492,United States: N. Atlantic Ports,2011934.0,55618.0,36.17
as_1897,1896,ALKALI,,Cwts,4,Russia : Northern Ports,45031.0,1248.0,36.08
as_1898,1896,ALKALI,,Cwts,3,Russia : Northern Ports,45031.0,1248.0,36.08
as_1898,1898,"ANIMALS, Living",Stallions,,692,Belgium,200048.0,5725.0,34.94
as_1898,1897,"METALS AND MANUFACTURES THEREOF, UNENUMERATED",,,36859,Cape of Good Hope,18096.0,526.0,34.4
as_1897,1895,IMPLEMENTS AND TOOLS,South Africa,Implements and Tools,25946,Australasia : South Australia,12187.0,364.0,33.48
as_1898,1898,"ANIMALS, Living",Stallions,,697,France,191450.0,5725.0,33.44
as_1897,1897,Woollen and Worsted Manufactures,,,49743,Woollen Tissues . . . . . Yards,19102000.0,573044.0,33.33
as_1897,1897,IMPLEMENTS AND TOOLS,South Africa,Implements and Tools,25958,Australasia : New South Wales,33229.0,1005.0,33.06
as_1897,1896,IMPLEMENTS AND TOOLS,South Africa,Implements and Tools,25962,Australasia : Queensland,11304.0,344.0,32.86
as_1897,1894,IMPLEMENTS AND TOOLS,South Africa,Implements and Tools,25925,British East Indies : Straits Settlements,7946.0,247.0,32.17
as_1897,1896,IMPLEMENTS AND TOOLS,South Africa,Implements and Tools,25927,British East Indies : Straits Settlements,10906.0,344.0,31.7
as_1897,1894,IMPLEMENTS AND TOOLS,South Africa,Implements and Tools,25990,Honduras,7823.0,247.0,31.67
as_1891,1891,SILK,"Thrown, Twist or Yarn",Lbs,4122,United States of America,500652.0,15867.0,31.55
as_1897,1894,IMPLEMENTS AND TOOLS,South Africa,Implements and Tools,25930,British East Indies : Ceylon,7750.0,247.0,31.38
as_1887,1887,IMPLEMENTS and Tools,Agricultural,,1760,British Possessions in South Africa,179789.0,5751.0,31.26
as_1894,1894,POTATOES,RAGS (except Woollen) and other Materials for making Paper,Tons,5005,United States of America : Atlantic,225584.0,7365.0,30.63
as_1898,1897,ALKALI,,Cwts,4,Russia : Northern Ports,47432.0,1550.0,30.6
as_1897,1897,IMPLEMENTS AND TOOLS,South Africa,Implements and Tools,25973,Australasia : New Zealand,30612.0,1005.0,30.46
as_1897,1896,"TELEGRAPHIC WIRES, AND APPARATUS",South Africa,,43557,Other Foreign Countries,2691.0,90.0,29.9
as_1875,1875,COTTON MANUFACTURES,"Piece Goods, Plain",,577,Bengal and Burmah,7634010.0,258222.0,29.56
as_1887,1887,BLEACHING MATERIALS,,,352,United States of America,573424.0,19537.0,29.35
as_1897,1894,IMPLEMENTS AND TOOLS,South Africa,Implements and Tools,25940,Australasia : West Australia,7220.0,247.0,29.23
as_1897,1897,ALKALI,,Cwts,5,Russia : Northern Ports,45021.0,1550.0,29.05
as_1880,1880,COTTON MANUFACTURES,"Piece Goods, Plain",,736,British India : Bombay and Scinde,4276719.0,149080.0,28.69
as_1898,1895,ALKALI,,Cwts,57,Spain,109920.0,3843.0,28.6
tn_1871,1870,FLAX,Dressed and Undressed (Foreign),,1803,France,32737.0,1152.0,28.42
as_1897,1894,"TELEGRAPHIC WIRES, AND APPARATUS",South Africa,,43555,Other Foreign Countries,3032.0,108.0,28.07
as_1898,1896,ALKALI,,Cwts,28,Germany,34877.0,1248.0,27.95
as_1897,1896,ALKALI,,Cwts,29,Germany,34577.0,1248.0,27.71
as_1897,1897,IMPLEMENTS AND TOOLS,South Africa,Implements and Tools,25953,Australasia : Victoria,27793.0,1005.0,27.65
tn_1871,1870,SEEDS,Rape (Foreign),,4462,France,218186.0,7895.0,27.64
as_1878,1878,WOOLLEN and WORSTED YARN,Worsted Yarn (Combed),,2291,Holland,1092707.0,39543.0,27.63
as_1898,1895,"TELEGRAPHIC WIRES, AND APPARATUS",East Africa,,43766,Newfoundland,87050.0,3180.0,27.37
as_1897,1893,IMPLEMENTS AND TOOLS,South Africa,Implements and Tools,25999,Falkland Islands,3921.0,145.0,27.04
as_1897,1897,IMPLEMENTS AND TOOLS,South Africa,Implements and Tools,25923,British East Indies : British Burmah,26701.0,1005.0,26.57
as_1898,1897,ALKALI,,Cwts,29,Germany,40904.0,1550.0,26.39
as_1872,1872,SKINS and FURS,"Sheep and Lambs, Undressed, without the Wool",,2326,Germany,24258.0,920.0,26.37
as_1897,1894,IMPLEMENTS AND TOOLS,South Africa,Implements and Tools,25910,British East Indies : Madras,6505.0,247.0,26.34
as_1897,1895,IMPLEMENTS AND TOOLS,South Africa,Implements and Tools,25961,Australasia : Queensland,9536.0,364.0,26.2
as_1897,1895,IMPLEMENTS AND TOOLS,South Africa,Implements and Tools,25981,Newfoundland,9341.0,364.0,25.66
as_1879,1879,"COALS, CINDERS, &c.",Coals,,428,Italy,533290.0,20800.0,25.64
as_1896,1896,FLAX AND HEMP,Dressed and Undressed,Cwts,2218,United States of America,108261.0,4285.0,25.27
as_1897,1895,IMPLEMENTS AND TOOLS,South Africa,Implements and Tools,25926,British East Indies : Straits Settlements,9121.0,364.0,25.06
as_1896,1896,FLAX AND HEMP,Dressed and Undressed,Cwts,2216,United States of America : Atlantic,106133.0,4285.0,24.77
as_1898,1897,ALKALI,,Cwts,39,Belgium,37552.0,1550.0,24.23
as_1897,1896,IMPLEMENTS AND TOOLS,South Africa,Implements and Tools,25982,Newfoundland,8234.0,344.0,23.94
as_1872,1872,ZINC or SPELTER,Manufactures of,Cwts,2883,British India: Bombay and Scinde Madras,1036905.0,43413.0,23.88
as_1885,1885,BLEACHING MATERIALS,,Cwts,332,United States of America,486551.0,20529.0,23.7
as_1892,1892,"CARRIAGES, &c.","Railway Waggon, Trucks, &c., and parts thereof for Ballast, Minerals, or Merchandise",,1097,Other Foreign Countries,95467.0,4043.0,23.61
as_1879,1879,"COALS, CINDERS, &c.",Coals,,419,Russia,485550.0,20800.0,23.34
as_1897,1893,"TELEGRAPHIC WIRES, AND APPARATUS",South Africa,,43554,Other Foreign Countries,4223.0,181.0,23.33
as_1881,1881,COTTON MANUFACTURES,Lace and Patent Net,,782,United States: Atlantic,1173712.0,50507.0,23.24
as_1892,1892,"CARRIAGES, &c.","Railway Waggon, Trucks, &c., and parts thereof for Ballast, Minerals, or Merchandise",,1095,Uruguay,93812.0,4043.0,23.2
as_1872,1872,SKINS and FURS,"Sheep and Lambs, Undressed, without the Wool",,2328,Belgium,21339.0,920.0,23.19
as_1897,1895,IMPLEMENTS AND TOOLS,South Africa,Implements and Tools,25931,British East Indies : Ceylon,8418.0,364.0,23.13
as_1897,1894,ALKALI,,Cwts,57,Spain,127121.0,5778.0,22.0
as_1898,1894,ALKALI,,Cwts,56,Spain,127121.0,5778.0,22.0
as_1897,1896,IMPLEMENTS AND TOOLS,South Africa,Implements and Tools,25992,Honduras,7551.0,344.0,21.95
as_1883,1883,Meal and Flour,COTTON TWIST and YARN,,556,Germany,2104231.0,95936.0,21.93
as_1886,1886,BLEACHING MATERIALS,,Cwts,354,United States of America,480897.0,22022.0,21.84
as_1898,1898,"BRASS, AND MANUFACTURES OF, not being Ordnance",West Africa,,6628,Natal,9531.0,437.0,21.81
as_1897,1896,IMPLEMENTS AND TOOLS,South Africa,Implements and Tools,25912,British East Indies : Madras,7493.0,344.0,21.78
as_1898,1897,"TELEGRAPHIC WIRES, AND APPARATUS",East Africa,,43737,British East Indies : Straits Settlements,158725.0,7293.0,21.76
as_1879,1879,"COALS, CINDERS, &c.",Coals,,420,Sweden and Norway,439230.0,20800.0,21.12
as_1883,1883,Meal and Flour,COTTON TWIST and YARN,,557,Holland,2025558.0,95936.0,21.11
tn_1871,1870,TEA,"TEETH, Elephants",,5181,Hamburg,56513.0,2677.0,21.11
as_1885,1885,WOOL,"Foreign, dressed in the United Kingdom",,3356,Germany,172446.0,8230.0,20.95
as_1898,1898,Woollen and Worsted Manufactures,,,50918,Woollen Tissues . . . . . Yards,14468100.0,693840.0,20.85
as_1890,1890,SILK,"Thrown, Twist or Yarn",,4032,United States of America : Atlantic,234287.0,11414.0,20.53
as_1872,1872,SKINS and FURS,"Foreign, Dressed in the United Kingdom",,2341,Germany,73569.0,3591.0,20.49
as_1898,1898,CARRIAGES,"Railway Carriages for Passengers, and parts thereof",Railway Waggons,8497,British East Indies : British Burmah,29204.0,1425.0,20.49
as_1886,1886,"ELECTRIC LIGHTING APPARATUS, OR PARTS THEREOF (EXCEPT STEAM ENGINES)",,,1229,British East Indies,67063.0,3301.0,20.32
as_1897,1896,"ARMS, AMMUNITION, &c.",South Africa,,2893,Cape of Good Hope,429485.0,21237.0,20.22
as_1876,1876,COTTON MANUFACTURES,"Piece Goods, Plain",,521,British India : Bombay and Scinde,3107801.0,154266.0,20.15
as_1876,1876,COTTON MANUFACTURES,"Piece Goods, Plain",,500,China,3105039.0,154266.0,20.13
as_1897,1895,IMPLEMENTS AND TOOLS,South Africa,Implements and Tools,25941,Australasia : West Australia,7263.0,364.0,19.95
as_1879,1879,"MANURE, Unenumerated",,,1645,Germany,512860.0,25716.0,19.94
as_1898,1895,"TELEGRAPHIC WIRES, AND APPARATUS",East Africa,,43735,British East Indies : Straits Settlements,63284.0,3180.0,19.9
as_1878,1878,WOOL,"Other Sorts, including Foreign, dressed in the United Kingdom, and Flocks and Ragwool",,2279,Germany,273482.0,13799.0,19.82
as_1897,1893,"ARMS, AMMUNITION, &c.",South Africa,,2890,Cape of Good Hope,146977.0,7435.0,19.77
as_1897,1893,IMPLEMENTS AND TOOLS,South Africa,Implements and Tools,25984,British West India Islands,2865.0,145.0,19.76
as_1872,1872,SKINS and FURS,"Sheep and Lambs, Undressed, without the Wool",,2327,Holland,18095.0,920.0,19.67
as_1898,1898,"BRASS, AND MANUFACTURES OF, not being Ordnance",East Africa,,6648,Aden and Dependencies,235.0,12.0,19.58
as_1897,1897,"SILK MANUFACTURES, WHOLLY OF SILK",Bread Stuffs,Yards,41091,Australasia,11124.0,570.0,19.52
as_1891,1891,SILK,"Thrown, Twist or Yarn",Lbs,4120,United States of America : Atlantic,308003.0,15867.0,19.41
tn_1871,1870,TEA,"TEETH, Elephants",,5183,France,51944.0,2677.0,19.4
as_1897,1897,IMPLEMENTS AND TOOLS,South Africa,Implements and Tools,25943,Australasia : West Australia,19389.0,1005.0,19.29
as_1897,1897,"SILK MANUFACTURES, WHOLLY OF SILK",Bread Stuffs,Yards,41071,Niger Protectorate,10943.0,570.0,19.2
as_1890,1890,BLEACHING MATERIALS,,Cwts,437,United States of America,481002.0,25074.0,19.18
as_1898,1898,CARRIAGES,East Africa,,8903,Australasia : Victoria,157438.0,8234.0,19.12
as_1880,1880,COTTON MANUFACTURES,"Piece Goods, Plain",,706,Turkey,2849147.0,149080.0,19.11
as_1878,1878,"PLATE, GOLD",,,1831,Other Countries,2635.0,138.0,19.09
as_1897,1895,ALKALI,,Cwts,63,Italy,72681.0,3813.0,19.06
as_1897,1893,IMPLEMENTS AND TOOLS,South Africa,Implements and Tools,25934,British East Indies : Hong Kong,2742.0,145.0,18.91
as_1898,1895,ALKALI,,Cwts,62,Italy,72631.0,3843.0,18.9
as_1879,1879,"CLAY, unmanufactured",Manufactures thereof,,398,Russia,32560.0,1730.0,18.82
as_1880,1880,COTTON MANUFACTURES,"Piece Goods, Plain",,716,China,2802127.0,149080.0,18.8
as_1887,1887,BLEACHING MATERIALS,,,349,United States of America : Atlantic,366769.0,19537.0,18.77
as_1897,1896,ALKALI,,Cwts,34,Holland,23282.0,1248.0,18.66
as_1898,1896,ALKALI,,Cwts,33,Holland,23262.0,1248.0,18.64
as_1879,1879,CORN and GRAIN,Oats,,556,France,13950.0,751.0,18.58
as_1884,1884,PAPER,"PICKLES, VINEGAR, SAUCES, CONDIMENTS, PRESERVED FRUITS, and CONFECTIONERY",,2324,British West India Islands and British Guiana,455133.0,24616.0,18.49
tn_1871,1870,FLAX,Dressed and Undressed (Foreign),,1802,Belgium,20809.0,1152.0,18.06
as_1898,1897,ALKALI,,Cwts,34,Holland,27942.0,1550.0,18.03
as_1897,1895,IMPLEMENTS AND TOOLS,South Africa,Implements and Tools,25911,British East Indies : Madras,6553.0,364.0,18.0
as_1897,1896,IMPLEMENTS AND TOOLS,South Africa,Implements and Tools,25932,British East Indies : Ceylon,6189.0,344.0,17.99
as_1882,1882,WOOLLEN and WORSTED MANUFACTURES,Shawls,,2767,United States: Atlantic,2902400.0,161407.0,17.98
as_1898,1898,CARRIAGES,"Railway Carriages for Passengers, and parts thereof",Railway Waggons,8502,British East Indies : Straits Settlements,25505.0,1425.0,17.9
as_1897,1893,IMPLEMENTS AND TOOLS,South Africa,Implements and Tools,25939,Australasia : West Australia,2578.0,145.0,17.78
as_1873,1873,COTTON YARN and TWIST,,,641,Holland,4251221.0,239977.0,17.72
as_1881,1881,"MANURE, Unenumerated",,,1977,Holland,652555.0,37025.0,17.62
as_1897,1893,ALKALI,,Cwts,56,Spain,102993.0,5873.0,17.54
as_1898,1894,"TELEGRAPHIC WIRES, AND APPARATUS",East Africa,,43765,Newfoundland,533026.0,31008.0,17.19
as_1897,1897,IMPLEMENTS AND TOOLS,South Africa,Implements and Tools,25948,Australasia : South Australia,17103.0,1005.0,17.02
tn_1871,1870,PICTURES,"PLATTING of STRAW, &c.",,4211,United States: N. Atlantic Ports,22718.0,1335.0,17.02
tn_1871,1870,SEEDS,Rape (Foreign),,4460,Holland,131892.0,7895.0,16.71
as_1884,1884,BLEACHING MATERIALS,,,254,United States: Atlantic,338424.0,20443.0,16.55
as_1879,1879,"COALS, CINDERS, &c.",Coals,,427,Spain and Canaries,338570.0,20800.0,16.28
as_1894,1894,BLEACHING MATERIALS,,Cwts,539,United States of America,475237.0,29615.0,16.05
as_1895,1895,BLEACHING MATERIALS,,,552,United States of America,471078.0,29639.0,15.89
as_1883,1883,BLEACHING MATERIALS,,,248,United States: Atlantic,269349.0,17008.0,15.84
as_1878,1878,COTTON MANUFACTURES,"Piece Goods, Plain",,642,British India : Bombay and Scinde,2909949.0,185638.0,15.68
as_1893,1893,BLEACHING MATERIALS,,Cwts,508,United States of America,517321.0,33379.0,15.5
as_1891,1891,BLEACHING MATERIALS,,Cwts,489,United States of America,490555.0,31860.0,15.4
as_1892,1892,BLEACHING MATERIALS,,Cwts,861,United States of America,562115.0,36534.0,15.39
as_1897,1895,IMPLEMENTS AND TOOLS,South Africa,Implements and Tools,25991,Honduras,5574.0,364.0,15.31
as_1897,1897,"SILK MANUFACTURES, WHOLLY OF SILK",Bread Stuffs,Yards,41076,South Africa: Cape of Good Hope,8724.0,570.0,15.31
as_1897,1895,"COAL, CINDERS, &c.",South Africa,,12139,Australasia : South Australia,289911.0,19161.0,15.13
as_1898,1898,CHEMICAL PRODUCTS AND PREPARATIONS not specially enumerated,,,10158,Germany,229595.0,15222.0,15.08
as_1878,1878,COTTON MANUFACTURES,"Piece Goods, Plain",,612,Turkey Proper,2780559.0,185638.0,14.98
as_1887,1887,SKINS and FURS,"Foreign, Dressed in the United Kingdom",No,3539,United States of America,456628.0,30623.0,14.91
as_1897,1896,ALKALI,,Cwts,39,Belgium,18606.0,1248.0,14.91
as_1898,1896,ALKALI,,Cwts,38,Belgium,18606.0,1248.0,14.91
as_1879,1879,"COALS, CINDERS, &c.",Coals,,421,Denmark,307420.0,20800.0,14.78
as_1897,1897,"SILK MANUFACTURES, WHOLLY OF SILK",Bread Stuffs,Yards,41066,Lagos,8411.0,570.0,14.76
as_1898,1896,ALKALI,,Cwts,13,Sweden,18288.0,1248.0,14.65
as_1881,1881,IRON,Tin Plates,,1512,United States: Atlantic,2888013.0,197261.0,14.64
as_1897,1896,ALKALI,,Cwts,9,Russia : Southern Ports,18255.0,1248.0,14.63
as_1897,1896,ALKALI,,Cwts,14,Sweden,18255.0,1248.0,14.63
as_1898,1896,ALKALI,,Cwts,8,Russia : Southern Ports,18258.0,1248.0,14.63
as_1881,1881,"HIDES, RAW",,,1214,United States: Atlantic,96017.0,6603.0,14.54
as_1898,1896,ALKALI,,Cwts,43,France,17993.0,1248.0,14.42
as_1897,1894,"ARMS, AMMUNITION, &c.",South Africa,,2891,Cape of Good Hope,262495.0,18297.0,14.35
as_1898,1898,ALKALI,,Cwts,65,Italy,68136.0,4780.0,14.25
as_1897,1893,ALKALI,,Cwts,1,Russia : Northern Ports,82347.0,5873.0,14.02
as_1887,1887,SUGAR,"Molasses, Treacle, Syrup, and Glucose",,3694,Holland,46454.0,3345.0,13.89
as_1898,1894,ALKALI,,Cwts,61,Italy,79991.0,5778.0,13.84
as_1897,1893,CHEESE,East Africa,,10354,Germany,236228.0,17118.0,13.8
as_1897,1896,ALKALI,,Cwts,44,France,17203.0,1248.0,13.78
as_1886,1886,BLEACHING MATERIALS,,Cwts,351,United States of America : Atlantic,303293.0,22022.0,13.77
as_1897,1897,ALKALI,,Cwts,10,Russia : Southern Ports,21321.0,1550.0,13.76
as_1885,1885,BLEACHING MATERIALS,,Cwts,329,United States of America : Atlantic,280760.0,20529.0,13.68
as_1897,1894,ALKALI,,Cwts,62,Italy,78501.0,5778.0,13.59
as_1887,1887,SUGAR,"Molasses, Treacle, Syrup, and Glucose",,3692,Sweden and Norway,45080.0,3345.0,13.48
as_1897,1894,IMPLEMENTS AND TOOLS,South Africa,Implements and Tools,26000,Falkland Islands,3327.0,247.0,13.47
as_1891,1891,"CARRIAGES, &c.","Railway Waggons, Trucks, &c., and parts thereof for Ballast, Minerals, or Merchandise",,580,Argentine Republic,402178.0,29943.0,13.43
as_1897,1897,IMPLEMENTS AND TOOLS,South Africa,Implements and Tools,25963,Australasia : Queensland,13502.0,1005.0,13.43
as_1879,1879,"CLAY, unmanufactured",Manufactures thereof,,400,Germany,23000.0,1730.0,13.29
as_1898,1897,ALKALI,,Cwts,9,Russia : Southern Ports,20580.0,1550.0,13.28
as_1876,1876,COTTON MANUFACTURES,"Piece Goods, Plain",,490,Turkey Proper,2034420.0,154266.0,13.19
as_1885,1885,"OIL, other than Essential or Medicinal",Seed,,2618,Germany,546205.0,41431.0,13.18
as_1898,1897,"TELEGRAPHIC WIRES, AND APPARATUS",East Africa,,43775,Other British Possessions,95000.0,7293.0,13.03
tn_1871,1870,QUICKSILVER,,Lbs,4291,Mexico,107520.0,8263.0,13.01
as_1898,1897,ALKALI,,Cwts,44,France,20114.0,1550.0,12.98
as_1873,1873,COTTON YARN and TWIST,,,640,Germany,3045798.0,239977.0,12.69
as_1880,1880,COPPER,"Unwrought, in Ingots, Cakes, or Slabs",Cwts,567,France,383011.0,30243.0,12.66
as_1897,1893,ALKALI,,Cwts,61,Italy,74125.0,5873.0,12.62
as_1877,1877,COTTON MANUFACTURES,"Piece Goods, Plain",,606,Hong Kong,8371674.0,666221.0,12.57
as_1897,1896,IMPLEMENTS AND TOOLS,South Africa,Implements and Tools,25937,British East Indies : Hong Kong,4320.0,344.0,12.56
as_1896,1896,BLEACHING MATERIALS,,Cwts,533,United States of America,376197.0,30289.0,12.42
as_1897,1893,IMPLEMENTS AND TOOLS,South Africa,Implements and Tools,25899,Mauritius and Dependencies,1792.0,145.0,12.36
as_1878,1878,PICTURES,,,1826,France,147083.0,11926.0,12.33
as_1898,1898,"BRASS, AND MANUFACTURES OF, not being Ordnance",West Africa,,7002,Cape of Good Hope,5379.0,437.0,12.31
tn_1871,1870,BLEACHING MATERIALS,,BLEACHING MATERIALS :,376,United States : N. Atlantic Ports,106148.0,8632.0,12.3
as_1879,1879,CORN and GRAIN,Wheat,,545,France,271780.0,22173.0,12.26
as_1888,1888,ZINC or SPELTER,Unmanufactured,,4678,United States of America,1051178.0,86060.0,12.21
as_1898,1898,Gold,Silver,Oz. Troy,39927,Spain,61535.0,5091.0,12.09
as_1880,1880,COTTON MANUFACTURES,Thread for Sewing,,903,United States: Atlantic,439392.0,36548.0,12.02
as_1888,1888,SKINS and FURS,"Foreign, Dressed in the United Kingdom",,3874,United States of America,411456.0,34262.0,12.01
as_1885,1885,WOOLLEN and WORSTED MANUFACTURES,Woollen Yarn (Carded),,3380,France,175519.0,14656.0,11.98
as_1880,1880,COTTON MANUFACTURES,"Piece Goods, Plain",,741,Hong Kong,1776556.0,149080.0,11.92
as_1872,1872,SKINS and FURS,"Foreign, Dressed in the United Kingdom",,2344,France,42542.0,3591.0,11.85
as_1879,1879,"COALS, CINDERS, &c.",Coals,,433,Egypt,245570.0,20800.0,11.81
as_1887,1887,SKINS and FURS,"Foreign, Dressed in the United Kingdom",No,3537,United States of America : Atlantic,360028.0,30623.0,11.76
as_1898,1898,CARRIAGES,"Railway Carriages for Passengers, and parts thereof",Railway Waggons,8474,West Africa : Natal,16736.0,1425.0,11.74
as_1875,1875,COTTON MANUFACTURES,"Piece Goods, Plain",,555,China,3026491.0,258222.0,11.72
as_1885,1885,WOOL,"Foreign, dressed in the United Kingdom",,3358,Belgium,96276.0,8230.0,11.7
as_1897,1897,ALKALI,,Cwts,15,Sweden,18125.0,1550.0,11.69
as_1897,1897,"SILK MANUFACTURES, WHOLLY OF SILK",Bread Stuffs,Yards,41061,The Gold Coast,6645.0,570.0,11.66
as_1892,1892,"CARRIAGES, &c.","Railway Waggon, Trucks, &c., and parts thereof for Ballast, Minerals, or Merchandise",,1094,Brazil,47078.0,4043.0,11.64
as_1897,1895,ALKALI,,Cwts,3,Russia : Northern Ports,44017.0,3813.0,11.54
as_1872,1872,CEMENT,,Cwts,355,Holland,99563.0,8685.0,11.46
as_1890,1890,"WINE, British Made",,,4459,United States of America : Atlantic,4699.0,410.0,11.46
as_1885,1885,WOOL,Sheep and Lambs' (British),,3347,Belgium,25612.0,2237.0,11.45
as_1898,1895,ALKALI,,Cwts,2,Russia : Northern Ports,44017.0,3843.0,11.45
as_1897,1893,IMPLEMENTS AND TOOLS,South Africa,Implements and Tools,25964,Australasia : Tasmania,1656.0,145.0,11.42
as_1885,1885,DYE STUFF,Other Sorts: Unenumerated,,1112,United States of America,185320.0,16299.0,11.37
tn_1871,1870,PICTURES,PLUMBAGO (Foreign),,4217,United States: N. Atlantic Ports,21329.0,1903.0,11.21
as_1879,1879,"CLAY, unmanufactured",Manufactures thereof,,403,France,19360.0,1730.0,11.19
as_1883,1883,Meal and Flour,COTTON TWIST and YARN,,579,Bengal and Burmah,1070314.0,95936.0,11.16
as_1875,1875,COTTON MANUFACTURES,"Piece Goods, Plain",,575,British India: Bombay and Scinde,2850762.0,258222.0,11.04
as_1889,1889,"IRON,","Steel, Cast in Ingots and Blooms",Tons,2709,United States of America,77090.0,7020.0,10.98
as_1878,1878,COTTON MANUFACTURES,"Piece Goods, Plain",,622,China,2036211.0,185638.0,10.97
as_1897,1894,IMPLEMENTS AND TOOLS,South Africa,Implements and Tools,25985,British West India Islands,2706.0,247.0,10.96
as_1887,1887,IMPLEMENTS and Tools,Agricultural,,1763,British West India Islands and British Guiana,62780.0,5751.0,10.92
as_1897,1897,ALKALI,,Cwts,60,Spain,16922.0,1550.0,10.92
tn_1871,1870,TEA,"TEETH, Elephants",,5184,United States : N. Atlantic Ports,29203.0,2677.0,10.91
as_1890,1890,BLEACHING MATERIALS,,Cwts,434,United States of America : Atlantic,272001.0,25074.0,10.85
as_1897,1896,"COAL, CINDERS, &c.",South Africa,,11758,Cape of Good Hope,222412.0,20707.0,10.74
as_1897,1894,IMPLEMENTS AND TOOLS,South Africa,Implements and Tools,25935,British East Indies : Hong Kong,2646.0,247.0,10.71
as_1879,1879,TELEGRAPHIC WIRES AND APPARATUS,,,2120,France,640200.0,59965.0,10.68
as_1895,1895,SKINS and FURS,"Foreign, Dressed in the United Kingdom",No,5385,United States of America,573108.0,54064.0,10.6
as_1891,1891,BLEACHING MATERIALS,,Cwts,486,United States of America : Atlantic,336433.0,31860.0,10.56
as_1878,1878,WOOLLEN and WORSTED YARN,Worsted Yarn (Combed),,2288,Russia,416001.0,39543.0,10.52
as_1890,1890,SKINS and FURS,"Foreign, Dressed in the United Kingdom",No,4177,United States of America,649813.0,62140.0,10.46
as_1897,1897,IMPLEMENTS AND TOOLS,South Africa,Implements and Tools,25933,British East Indies : Ceylon,10516.0,1005.0,10.46
as_1895,1895,BLEACHING MATERIALS,,,549,United States of America : Atlantic,309811.0,29639.0,10.45
as_1894,1894,BLEACHING MATERIALS,,Cwts,536,United States of America : Atlantic,308162.0,29615.0,10.41
as_1892,1892,BLEACHING MATERIALS,,Cwts,858,United States of America : Atlantic,379240.0,36534.0,10.38
as_1899,1899,IMPLEMENTS AND TOOLS,Bedsteads,,30662,Australasia : New South Wales,26419.0,2555.0,10.34
as_1879,1879,"HABERDASHERY and MILLINERY, including Em- broidery and Needlework","HABERDASHERY and MILITARY, including Em- broidery and Needle-work'd)",,949,British North America,856070.0,83263.0,10.28
as_1881,1881,EARTHEN and CHINA WARE,Red Pottery and Brown Stone Ware,,906,Other Countries,29949.0,2917.0,10.27
as_1898,1894,"TELEGRAPHIC WIRES, AND APPARATUS",East Africa,,43770,Bermudas,317292.0,31008.0,10.23
as_1879,1879,CORN and GRAIN,Oats,,557,British Possessions in South Africa,7665.0,751.0,10.21
as_1887,1887,IRON,Tin Plates and Sheets,,2156,United States of America,4365464.0,427390.0,10.21
as_1897,1897,IMPLEMENTS AND TOOLS,South Africa,Implements and Tools,25983,Newfoundland,10257.0,1005.0,10.21
as_1898,1897,"METALS AND MANUFACTURES THEREOF, UNENUMERATED",,,36864,Natal,5322.0,526.0,10.12
as_1876,1876,COTTON MANUFACTURES,"Piece Goods, Plain",,526,Hong Kong,1559603.0,154266.0,10.11
as_1899,1899,IMPLEMENTS AND TOOLS,Bedsteads,,30650,Cape of Good Hope,25713.0,2555.0,10.06
tn_1871,1870,SILK MANUFACTURES,Broad Piece Goods (Mixed),Yards,4654,United States: N. Atlantic Ports       S. Atlantic Ports,152515.0,15196.0,10.04
as_1898,1896,Gold,Silver,Oz. Troy,39925,Spain,56864.0,5669.0,10.03
as_1897,1893,CHEESE,East Africa,,10369,France,171290.0,17118.0,10.01
as_1880,1880,"Books, Printed",,,292,Canada,317039.0,31807.0,9.97
as_1897,1897,IMPLEMENTS AND TOOLS,South Africa,Implements and Tools,25928,British East Indies : Straits Settlements,10021.0,1005.0,9.97
tn_1871,1870,EARTHEN and CHINA WARE,Other Kinds (British),,1764,Australia,29985.0,3016.0,9.94
as_1897,1897,Slates,,Number,42331,Germany,122222.0,12422.0,9.84
as_1893,1893,BLEACHING MATERIALS,,Cwts,505,United States of America : Atlantic,328221.0,33379.0,9.83
as_1898,1898,CHEMICAL PRODUCTS AND PREPARATIONS not specially enumerated,,,10163,Holland,148826.0,15222.0,9.78
as_1898,1898,"BRASS, AND MANUFACTURES OF, not being Ordnance",West Africa,,6450,East Africa : Portuguese Possessions,4249.0,437.0,9.72
as_1874,1874,"ARMS, AMMUNITION, and MILITARY STORES",Percussion Caps,,96,British Possessions in South Africa,3116.0,322.0,9.68
as_1874,1874,CEMENT,,Cwts,357,Holland,111640.0,11616.0,9.61
as_1898,1897,Gold,Silver,Oz. Troy,39926,Spain,59933.0,6246.0,9.6
as_1898,1898,CHEMICAL PRODUCTS AND PREPARATIONS not specially enumerated,,,10173,France,145890.0,15222.0,9.58
as_1897,1895,IMPLEMENTS AND TOOLS,South Africa,Implements and Tools,25936,British East Indies : Hong Kong,3460.0,364.0,9.51
as_1882,1882,WOOLLEN and WORSTED MANUFACTURES,"Coatings, Duffs, &c., all Wool",Yards,2602,France,1349137.0,142414.0,9.47
tn_1871,1870,MEAL and FLOUR,"Fustians, &c., Plain and Coloured",,1362,United States: N. Atlantic Ports,394624.0,41669.0,9.47
as_1874,1874,"ARMS, AMMUNITION, and MILITARY STORES",Percussion Caps,,102,British North America,3031.0,322.0,9.41
as_1898,1898,WOOD AND TIMBER,"Woollen Tissues, Heavy, Broad, all Wool",,46164,British East Indies : Bombay,18757.0,1995.0,9.4
as_1883,1883,Meal and Flour,COTTON TWIST and YARN,,566,Turkey,898360.0,95936.0,9.36
as_1888,1888,SKINS and FURS,"Foreign, Dressed in the United Kingdom",,3872,United States of America : Atlantic,320385.0,34262.0,9.35
as_1879,1879,TOBACCO and SNUFF Manufactured in the United Kingdom,Other Kinds of Manufactured Tobacco,,2152,British Possessions in South Africa,14088.0,1513.0,9.31
as_1897,1897,ALKALI,,Cwts,25,Denmark (including Iceland and Greenland),14425.0,1550.0,9.31
as_1880,1880,COTTON MANUFACTURES,"Piece Goods, Plain",,707,Egypt,1385652.0,149080.0,9.29
as_1878,1878,WOOL,Sheep and Lambs' (British),,2271,Germany,227410.0,24503.0,9.28
as_1897,1896,IMPLEMENTS AND TOOLS,South Africa,Implements and Tools,26002,Falkland Islands,3182.0,344.0,9.25
as_1885,1885,SILK MANUFACTURES,Broad Stuffs,,3061,United States of America,360115.0,39016.0,9.23
as_1898,1897,ALKALI,,Cwts,14,Sweden,14278.0,1550.0,9.21
as_1898,1898,CARRIAGES,East Africa,,8923,Australasia : New Zealand,75288.0,8234.0,9.14
as_1887,1887,IRON,"Old and Scrap, for Re-Manu-     facture",Tons,1827,United States of America,746068.0,81687.0,9.13
as_1883,1883,Meal and Flour,COTTON TWIST and YARN,,577,British India,869462.0,95936.0,9.06
as_1897,1897,"TELEGRAPHIC WIRES, AND APPARATUS",South Africa,,43558,Other Foreign Countries,3118.0,344.0,9.06
as_1883,1883,Meal and Flour,COTTON TWIST and YARN,,558,Belgium,861692.0,95936.0,8.98
as_1879,1879,"COALS, CINDERS, &c.",Coals,,423,Holland,185690.0,20800.0,8.93
as_1883,1883,Meal and Flour,COTTON TWIST and YARN,,559,France,856405.0,95936.0,8.93
as_1892,1892,"CARRIAGES, &c.","Railway Waggon, Trucks, &c., and parts thereof for Ballast, Minerals, or Merchandise",,1091,Venezuela,35968.0,4043.0,8.9
as_1898,1896,ALKALI,,Cwts,48,Portugal,11109.0,1248.0,8.9
as_1897,1896,ALKALI,,Cwts,49,Portugal,11100.0,1248.0,8.89
as_1898,1896,"TELEGRAPHIC WIRES, AND APPARATUS",East Africa,,43767,Newfoundland,55091.0,6205.0,8.88
as_1883,1883,CORN and GRAIN,Oats,,541,France,28142.0,3174.0,8.87
tn_1871,1870,COPPER,Mixed or Yellow Metal for Sheathing,Cwts,1005,all Countries,15559.0,1765.0,8.82
as_1885,1885,WOOL,Sheep and Lambs' (British),,3346,Holland,19701.0,2237.0,8.81
as_1897,1894,IMPLEMENTS AND TOOLS,South Africa,Implements and Tools,25965,Australasia : Tasmania,2175.0,247.0,8.81
tn_1871,1870,FLAX,Dressed and Undressed (Foreign),,1804,"Portugal, Azores, and Madeira",10114.0,1152.0,8.78
as_1880,1880,"Books, Printed",,,284,United States: Atlantic,276387.0,31807.0,8.69
as_1874,1874,LINEN and JUTE YARN,Jute Yarn,Lbs,1530,Spain,124850.0,14379.0,8.68
as_1898,1898,WOOD AND TIMBER,"Rough, Hewn, Sawn, or Split",Loads,44510,Other Foreign Countries,4478.0,517.0,8.66
as_1874,1874,CEMENT,,Cwts,356,Germany,99947.0,11616.0,8.6
as_1898,1898,ALKALI,,Cwts,5,Russia : Northern Ports,41043.0,4780.0,8.59
as_1879,1879,"HABERDASHERY and MILLINERY, including Em- broidery and Needlework","HABERDASHERY and MILITARY, including Em- broidery and Needle-work'd)",,950,British West India Islands and British Guiana,714440.0,83263.0,8.58
as_1872,1872,"ARMS, AMMUNITION, and MILITARY STORES",Percussion Caps,No,81,United States: Atlantic,36726.0,4290.0,8.56
as_1897,1894,ALKALI,,Cwts,2,Russia : Northern Ports,49336.0,5778.0,8.54
as_1898,1894,ALKALI,,Cwts,1,Russia : Northern Ports,49336.0,5778.0,8.54
as_1898,1898,"ANIMALS, Living",Stallions,,687,Holland,48506.0,5725.0,8.47
as_1879,1879,COPPER,"Unwrought, in Ingots, Cakes, or Slabs",,471,France,481820.0,57233.0,8.42
as_1890,1890,SKINS and FURS,"Foreign, Dressed in the United Kingdom",No,4175,United States of America : Atlantic,522532.0,62140.0,8.41
as_1881,1881,"HIDES, RAW",,,1210,Germany,55471.0,6603.0,8.4
as_1898,1895,ALKALI,,Cwts,27,Germany,32240.0,3843.0,8.39
as_1897,1893,ALKALI,,Cwts,26,Germany,49133.0,5873.0,8.37
as_1896,1896,BLEACHING MATERIALS,,Cwts,531,United States of America : Atlantic,252811.0,30289.0,8.35
as_1898,1894,Gold,Silver,Oz. Troy,39923,Spain,51979.0,6258.0,8.31
as_1874,1874,"ARMS, AMMUNITION, and MILITARY STORES",Percussion Caps,,101,Australia,2665.0,322.0,8.28
as_1897,1897,Woollen and Worsted Manufactures,,,49746,"Flannels and Carpets . . . . . "" """,4728800.0,573044.0,8.25
as_1891,1891,SKINS and FURS,"Foreign, Dressed in the United Kingdom",No,4286,United States of America,725606.0,88047.0,8.24
as_1880,1880,COTTON MANUFACTURES,"Piece Goods, Plain",,728,Brazil,1219573.0,149080.0,8.18
as_1877,1877,Iron,"Wire of Iron or Steel (except Telegraph Wire), Galvanized or not",,1223,Australia,402258.0,49255.0,8.17
as_1895,1895,SKINS and FURS,"Foreign, Dressed in the United Kingdom",No,5383,United States of America : Atlantic,439542.0,54064.0,8.13
as_1888,1888,"IRON,","Steel, Cast in Ingots and Blooms",Tons,2537,United States of America,176450.0,21986.0,8.03
as_1890,1890,SILK,"Thrown, Twist or Yarn",,4026,Germany,91100.0,11414.0,7.98
as_1887,1887,IRON,Tin Plates and Sheets,,2150,Turkey,3383075.0,427390.0,7.92
as_1883,1883,Meal and Flour,COTTON TWIST and YARN,,572,Japan,752327.0,95936.0,7.84
tn_1871,1870,ASPHALT,BACON and HAMS (British),Cwts,263,France,235709.0,30129.0,7.82
as_1898,1897,ALKALI,,Cwts,49,Portugal,12105.0,1550.0,7.81
as_1889,1889,"IRON,","Steel, Cast in Ingots and Blooms",Tons,2706,United States of America : Atlantic,54695.0,7020.0,7.79
as_1880,1880,IRON,Galvanized (other than Wire or Manufactures of Wire),,1466,Australia,572185.0,73544.0,7.78
as_1883,1883,Meal and Flour,COTTON TWIST and YARN,,561,Italy,746158.0,95936.0,7.78
tn_1871,1870,FLAX,Dressed and Undressed (Foreign),,1807,British North America,8956.0,1152.0,7.77
as_1898,1896,ALKALI,,Cwts,93,Turkey : Asiatic,9669.0,1248.0,7.75
as_1899,1898,Gold,Silver,Oz. Troy,40801,France,61535.0,7977.0,7.71
as_1897,1895,"FURNITURE (Household), Cabinet and Upholstery Wares",West Africa,,22194,Cape of Good Hope,171152.0,22222.0,7.7
as_1880,1880,COPPER,"Mixed or Yellow Metal, for Sheathing",Cwts,591,Hong Kong,174604.0,22735.0,7.68
as_1897,1896,ALKALI,,Cwts,24,Denmark (including Iceland and Greenland),9525.0,1248.0,7.63
as_1898,1896,ALKALI,,Cwts,23,Denmark,9523.0,1248.0,7.63
as_1897,1897,IMPLEMENTS AND TOOLS,South Africa,Implements and Tools,25913,British East Indies : Madras,7637.0,1005.0,7.6
as_1898,1898,Woollen and Worsted Manufactures,,,50921,"Flannels and Carpets . . . . . "" """,5235200.0,693840.0,7.55
tn_1871,1870,MEAL and FLOUR,Thread for Sewing,,1480,Hamburg,417035.0,55618.0,7.5
as_1882,1882,LEATHER,"Tanned, Unwrought",,1688,France,371219.0,49595.0,7.49
as_1892,1892,COPPER,Unenumerated,Cwts,1440,Egypt,170276.0,22724.0,7.49
as_1897,1893,CHEESE,East Africa,,10359,Holland,128078.0,17118.0,7.48
as_1878,1878,COTTON MANUFACTURES,"Piece Goods, Plain",,647,Hong Kong,1386859.0,185638.0,7.47
as_1875,1875,COTTON MANUFACTURES,"Piece Goods, Plain",,546,Turkey Proper,1922521.0,258222.0,7.45
as_1897,1895,"FISH, FRESH and CURED",Herrings,Barrels,21519,Germany,1092670.0,147267.0,7.42
tn_1871,1870,MEAL and FLOUR,"Handkerchiefs and Shawls, Printed or Dyed",,1329,Foreign West Indies,45032.0,6092.0,7.39
as_1885,1885,WOOL,Flocks and Ragwool,,3370,Germany,143862.0,19570.0,7.35
as_1897,1894,ALKALI,,Cwts,27,Germany,42492.0,5778.0,7.35
as_1898,1894,ALKALI,,Cwts,26,Germany,42492.0,5778.0,7.35
as_1897,1896,IMPLEMENTS AND TOOLS,South Africa,Implements and Tools,25967,Australasia : Tasmania,2524.0,344.0,7.34
as_1878,1878,SUGAR,Refined and Candy,,2083,British North America,367704.0,50408.0,7.29
as_1878,1878,SUGAR,Refined and Candy,,2108,British North America,367704.0,50408.0,7.29
as_1878,1878,SUGAR,Refined and Candy,,2133,British North America,367704.0,50408.0,7.29
as_1897,1896,ALKALI,,Cwts,94,Turkey : Asiatic,9070.0,1248.0,7.27
as_1898,1897,"TELEGRAPHIC WIRES, AND APPARATUS",East Africa,,43747,Australasia : West Australia,53016.0,7293.0,7.27
as_1888,1888,ZINC or SPELTER,Unmanufactured,,4676,United States of America : Atlantic,624893.0,86060.0,7.26
tn_1871,1870,"LINEN and JUTE YARN : 
                    Linen Yarn, of all Sorts",,Lbs,3366,Pacific Ports,61264.0,8433.0,7.26
as_1876,1876,COTTON MANUFACTURES,"Piece Goods, Plain",,512,Brazil,1116693.0,154266.0,7.24
as_1880,1880,COPPER,"Mixed or Yellow Metal, for Sheathing",Cwts,589,British India: Bombay and Scinde Madras Bengal and Burmah,164032.0,22735.0,7.21
as_1885,1885,WOOL,Sheep and Lambs' (British),,3344,Sweden and Norway,16119.0,2237.0,7.21
as_1881,1881,IRON,Galvanized (other than Wire or Manufactures of Wire),,1476,Australasia,715936.0,99573.0,7.19
as_1897,1896,"FURNITURE (Household), Cabinet and Upholstery Wares",West Africa,,22195,Cape of Good Hope,159444.0,22222.0,7.18
as_1872,1872,CEMENT,,Cwts,354,Germany,62210.0,8685.0,7.16
as_1874,1874,CEMENT,,Cwts,353,Russia,83220.0,11616.0,7.16
as_1897,1895,"HARDWARES AND CUTLERY, Un- enumerated",South Africa,,24611,Cape of Good Hope,69436.0,9696.0,7.16
as_1897,1895,IMPLEMENTS AND TOOLS,South Africa,Implements and Tools,25966,Australasia : Tasmania,2604.0,364.0,7.15
as_1874,1874,"ARMS, AMMUNITION, and MILITARY STORES",Percussion Caps,,95,United States of Colombia (New Granada),2279.0,322.0,7.08
as_1884,1884,PAPER,"PICKLES, VINEGAR, SAUCES, CONDIMENTS, PRESERVED FRUITS, and CONFECTIONERY",,2311,Chile,173964.0,24616.0,7.07
as_1891,1891,Iron,Cast in Ingots and Blooms,Tons,2785,United States of America,66921.0,9460.0,7.07
as_1898,1897,ALKALI,,Cwts,24,Denmark,10915.0,1550.0,7.04
as_1887,1887,IMPLEMENTS and Tools,Agricultural,,1762,Australasia,40456.0,5751.0,7.03
as_1891,1891,SKINS and FURS,"Foreign, Dressed in the United Kingdom",No,4284,United States of America : Atlantic,617272.0,88047.0,7.01
as_1898,1895,Gold,Silver,Oz. Troy,39924,Spain,50732.0,7254.0,6.99
as_1875,1875,COTTON MANUFACTURES,"Piece Goods, Plain",,580,Hong Kong,1801575.0,258222.0,6.98
as_1898,1898,ALKALI,,Cwts,30,Germany,33235.0,4780.0,6.95
tn_1871,1870,MEAL and FLOUR,Thread for Sewing,,1491,Foreign West Indies,386763.0,55618.0,6.95
as_1890,1890,SILK,"Thrown, Twist or Yarn",,4029,France,79160.0,11414.0,6.94
as_1874,1874,"ARMS, AMMUNITION, and MILITARY STORES",Percussion Caps,,99,Straits Settlements,2233.0,322.0,6.93
as_1873,1873,SILK MANUFACTURES,Unenumerated,,2299,Spain and Canaries,182796.0,26616.0,6.87
as_1897,1894,"FISH, FRESH and CURED",Herrings,Barrels,21518,Germany,990338.0,144186.0,6.87
as_1880,1880,COTTON MANUFACTURES,Thread for Sewing,,894,Germany,249864.0,36548.0,6.84
as_1898,1897,"TELEGRAPHIC WIRES, AND APPARATUS",East Africa,,43768,Newfoundland,49821.0,7293.0,6.83
as_1898,1897,ALKALI,,Cwts,69,Austrian Territories,10537.0,1550.0,6.8
as_1880,1880,COTTON MANUFACTURES,Stockings and Socks,,861,Canada,170405.0,25108.0,6.79
as_1897,1893,ALKALI,,Cwts,6,Russia : Southern Ports,39715.0,5873.0,6.76
as_1880,1880,COTTON MANUFACTURES,"Piece Goods, Plain",,739,Straits Settlements,1002610.0,149080.0,6.73
tn_1871,1870,BRIMSTONE,,,482,"Portugal, Azores, and Madeira",15149.0,2251.0,6.73
as_1882,1882,COTTON MANUFACTURES,Thread for Sewing,Lbs,873,British North America,605600.0,90247.0,6.71
as_1872,1872,MACHINERY and Mill Work,Not being Steam Engines ; Other descrip- tions,,1804,Russia,745401.0,112123.0,6.65
as_1882,1882,WOOLLEN and WORSTED MANUFACTURES,Blankets,,2764,Other Countries,236373.0,35548.0,6.65
as_1885,1885,WOOL,"Foreign, dressed in the United Kingdom",,3357,Holland,54490.0,8230.0,6.62
as_1874,1874,"ARMS, AMMUNITION, and MILITARY STORES",Percussion Caps,,92,China,2125.0,322.0,6.6
as_1881,1881,"MANURE, Unenumerated",,,1980,Spain and Canaries,243100.0,37025.0,6.57
as_1876,1876,COTTON MANUFACTURES,"Piece Goods, Plain",,524,Straits Settlements,1012220.0,154266.0,6.56
as_1897,1895,"ARMS, AMMUNITION, &c.",South Africa,,2892,Cape of Good Hope,437757.0,66821.0,6.55
as_1897,1897,IMPLEMENTS AND TOOLS,South Africa,Implements and Tools,25993,Honduras,6569.0,1005.0,6.54
as_1885,1885,WOOL,Sheep and Lambs' (British),,3343,Russia,14551.0,2237.0,6.5
as_1897,1893,CHEESE,East Africa,,10329,Northern Ports,111247.0,17118.0,6.5
as_1882,1882,LEATHER,"Tanned, Unwrought",,1685,Germany,321285.0,49595.0,6.48
as_1898,1898,"BRASS, AND MANUFACTURES OF, not being Ordnance",West Africa,,6608,The Gold Coast,2832.0,437.0,6.48
as_1897,1893,"FISH, FRESH and CURED",Herrings,Barrels,21517,Germany,837598.0,129479.0,6.47
tn_1871,1870,PICTURES,"PLATTING of STRAW, &c.",,4210,France,8625.0,1335.0,6.46
as_1899,1899,IMPLEMENTS AND TOOLS,Bedsteads,,30665,Australasia : New Zealand,16461.0,2555.0,6.44
as_1898,1895,ALKALI,,Cwts,32,Holland,24662.0,3843.0,6.42
as_1883,1883,Meal and Flour,COTTON TWIST and YARN,,578,Madras,615412.0,95936.0,6.41
as_1897,1896,"HARDWARES AND CUTLERY, Un- enumerated",South Africa,,24612,Cape of Good Hope,71564.0,11177.0,6.4
as_1897,1895,"COAL, CINDERS, &c.",South Africa,,11757,Cape of Good Hope,122284.0,19161.0,6.38
as_1887,1887,SUGAR,"Molasses, Treacle, Syrup, and Glucose",,3695,Belgium,21263.0,3345.0,6.36
as_1879,1879,"COALS, CINDERS, &c.",Coals,,426,"Portugal, Azores, and Madeira",131470.0,20800.0,6.32
as_1874,1874,CEMENT,,Cwts,371,British West India Islands and British Guiana,73200.0,11616.0,6.3
as_1880,1880,COPPER,"Unwrought, in Ingots, Cakes, or Slabs",Cwts,564,Germany,188579.0,30243.0,6.24
tn_1871,1870,APPAREL and SLOPS,,,111,British North America,813624.0,131010.0,6.21
as_1892,1892,"CARRIAGES, &c.","Railway Waggon, Trucks, &c., and parts thereof for Ballast, Minerals, or Merchandise",,1083,Spain,24952.0,4043.0,6.17
as_1880,1880,COTTON MANUFACTURES,Hosiery of Other Sorts,,874,Foreign West Indies,217292.0,35330.0,6.15
as_1897,1896,ALKALI,,Cwts,84,Roumania,7671.0,1248.0,6.15
as_1898,1896,ALKALI,,Cwts,83,Roumania,7671.0,1248.0,6.15
as_1882,1882,COTTON MANUFACTURES,Hosiery of Other Sorts,,829,United States: Atlantic,257633.0,41981.0,6.14
as_1897,1896,"FISH, FRESH and CURED",Herrings,Barrels,21520,Germany,793964.0,129576.0,6.13
tn_1871,1870,MEAL and FLOUR,"Handkerchiefs and Shawls, Printed or Dyed",,1334,New Granada,37328.0,6092.0,6.13
as_1881,1881,"Oil, other than Essential or Medicinal",Seed,,2030,Germany,485339.0,79594.0,6.1
as_1897,1895,ALKALI,,Cwts,13,Sweden,23200.0,3813.0,6.08
as_1898,1895,ALKALI,,Cwts,12,Sweden,23300.0,3843.0,6.06
tn_1871,1870,"LINEN and JUTE MANUFACTURES: 
                    Linen Manufactures",Thread for Sewing,,3501,United States : N. Atlantic Ports,151159.0,25024.0,6.04
as_1876,1876,COTTON MANUFACTURES,"Piece Goods, Plain",,492,Egypt,929802.0,154266.0,6.03
as_1873,1873,APPAREL and SLOPS,,,55,British North America,1419720.0,236367.0,6.01
as_1879,1879,CORN and GRAIN,Oats,,558,British West India Islands and British Guiana,4510.0,751.0,6.01
as_1874,1874,"ARMS, AMMUNITION, and MILITARY STORES",Percussion Caps,,97,British India: Bombay and Scinde Madras,1923.0,322.0,5.97
as_1898,1898,WOOD AND TIMBER,"Worsted Tissues, Coatings, Broad, mixed with other Materials",Yards,47967,British East Indies,29100.0,4871.0,5.97
as_1898,1898,"BRASS, AND MANUFACTURES OF, not being Ordnance",West Africa,,7017,British East Indies : Bombay,2605.0,437.0,5.96
as_1891,1891,"CARRIAGES, &c.","Railway Waggons, Trucks, &c., and parts thereof for Ballast, Minerals, or Merchandise",,578,Brazil,177872.0,29943.0,5.94
tn_1871,1870,"STATIONERY, other than Paper","Slate, by Tale",,5002,Holland,46539.0,7846.0,5.93
as_1898,1898,CARRIAGES,East Africa,,8908,Australasia : New South Wales,48584.0,8234.0,5.9
as_1883,1883,IRON,factory,,1242,United States: Atlantic Pacific,135184.0,23007.0,5.88
tn_1871,1870,"LINEN and JUTE YARN : 
                    Linen Yarn, of all Sorts",,Lbs,3364,Italy : Genoa,49616.0,8433.0,5.88
as_1888,1888,"IRON,","Steel, Cast in Ingots and Blooms",Tons,2534,United States of America : Atlantic,128960.0,21986.0,5.87
as_1879,1879,TELEGRAPHIC WIRES AND APPARATUS,,,2128,United States: Atlantic,350000.0,59965.0,5.84
as_1897,1895,ALKALI,,Cwts,28,Germany,22249.0,3813.0,5.84
as_1897,1897,"HARDWARES AND CUTLERY, Un- enumerated",South Africa,,24613,Cape of Good Hope,61156.0,10473.0,5.84
as_1874,1874,BRASS,"Manufactures of, not being Ordnance",,264,Germany,220115.0,37913.0,5.81
tn_1871,1870,MEAL and FLOUR,COTTON TWIST and YARN (British),,1188,Holland,3800823.0,653946.0,5.81
as_1898,1898,CHEMICAL PRODUCTS AND PREPARATIONS not specially enumerated,,,10133,Russia : Northern Ports,88117.0,15222.0,5.79
as_1897,1893,"SILK MANUFACTURES, WHOLLY OF SILK",Broad Stuffs of Silk or Satin,Yards,40557,France,120044.0,20759.0,5.78
as_1897,1895,ALKALI,,Cwts,33,Holland,21992.0,3813.0,5.77
as_1897,1897,"PAINTERS' COLOURS AND MATERIALS, UNENUMERATED",South Africa,,39048,Cape of Good Hope,122542.0,21222.0,5.77
as_1898,1897,ALKALI,,Cwts,74,Greece,8927.0,1550.0,5.76
as_1881,1881,"MANURE, Unenumerated",,,1987,Other Countries,212051.0,37025.0,5.73
as_1897,1897,"ANIMALS, Living","Bulls, Oxen, Cows, and Calves",Number,1013,Cape of Good Hope,3102.0,543.0,5.71
as_1879,1879,"CLAY, unmanufactured",Manufactures thereof,,405,United States: Atlantic,9840.0,1730.0,5.69
as_1887,1887,SUGAR,"Molasses, Treacle, Syrup, and Glucose",,3693,Germany,18973.0,3345.0,5.67
tn_1871,1870,MEAL and FLOUR,Thread for Sewing,,1476,Russia,314008.0,55618.0,5.65
as_1897,1894,CHEESE,East Africa,,10355,Germany,215682.0,38236.0,5.64
as_1880,1880,"ILLDWARRES and CUTLERY, Unenumerated",,,1140,Australia,410974.0,73087.0,5.62
as_1881,1881,EARTHEN and CHINA WARE,Red Pottery and Brown Stone Ware,,902,France,16391.0,2917.0,5.62
as_1897,1894,IMPLEMENTS AND TOOLS,South Africa,Implements and Tools,25900,Mauritius and Dependencies,1384.0,247.0,5.6
tn_1871,1870,EARTHEN and CHINA WARE,FISHING TACKLE,,1790,Other Countries,63344.0,11308.0,5.6
as_1897,1897,CHEESE,East Africa,,10358,Germany,271829.0,49039.0,5.54
as_1879,1879,TELEGRAPHIC WIRES AND APPARATUS,,,2125,China (exclusive of Hong Kong),331800.0,59965.0,5.53
as_1894,1894,SKINS and FURS,"Foreign, Dressed in the United   Kingdom",No,5305,United States of America,485890.0,87837.0,5.53
as_1899,1899,IMPLEMENTS AND TOOLS,Bedsteads,,30663,Australasia : Queensland,14141.0,2555.0,5.53
as_1872,1872,SKINS and FURS,"Foreign, Dressed in the United Kingdom",,2346,Canada,19792.0,3591.0,5.51
as_1885,1885,WOOL,"Foreign, dressed in the United Kingdom",,3355,Sweden and Norway,45318.0,8230.0,5.51
as_1887,1887,SUGAR,"Molasses, Treacle, Syrup, and Glucose",,3696,France,18418.0,3345.0,5.51
as_1897,1897,LEAD,"Wrought, Boots and Shoes",Doz. Pts,33038,Brazil,11173.0,2043.0,5.47
as_1872,1872,CEMENT,,Cwts,352,Russia,47319.0,8685.0,5.45
as_1897,1895,CHEESE,East Africa,,10356,Germany,212457.0,38975.0,5.45
tn_1871,1870,COPPER,Mixed or Yellow Metal for Sheathing,Cwts,1000,Egypt,16681.0,3077.0,5.42
as_1885,1885,WOOLLEN and WORSTED MANUFACTURES,Woollen Yarn (Carded),,3377,Germany,79236.0,14656.0,5.41
as_1888,1888,"ELECTRIC LIGHTING APPARATUS, OR PARTS THEREOF (EXCEPT STEAM ENGINES)",,,1516,Other British Possessions,33455.0,6197.0,5.4
as_1873,1873,COTTON YARN and TWIST,,,644,Italy,1288341.0,239977.0,5.37
as_1885,1885,GLASS,"Plate, Rough or Silvered (in-     cluding Looking Glasses or     Mirrors)",,1237,Other Foreign Countries,79368.0,14790.0,5.37
as_1898,1898,CARRIAGES,East Africa,,8856,British East Indies : Bombay,44256.0,8234.0,5.37
as_1878,1878,WOOLLEN and WORSTED MANUFACTURES,"Worsted Stuffs, of Wool mixed with other Materials",,2384,France,1329547.0,248684.0,5.35
as_1879,1879,"COALS, CINDERS, &c.",Coals,,432,Turkey,111320.0,20800.0,5.35
as_1887,1887,IRON,"Old and Scrap, for Re-Manu-     facture",Tons,1824,United States of America : Atlantic,437117.0,81687.0,5.35
as_1897,1897,"FISH, FRESH and CURED",Herrings,Barrels,21521,Germany,681500.0,129223.0,5.27
as_1898,1896,ALKALI,,Cwts,18,Norway,6566.0,1248.0,5.26
as_1879,1879,"CLAY, unmanufactured",Manufactures thereof,,401,Holland,9080.0,1730.0,5.25
as_1897,1896,CHEESE,East Africa,,10357,Germany,257225.0,49010.0,5.25
as_1872,1872,MACHINERY and Mill Work,Not being Steam Engines ; Other descrip- tions,,1811,France,587735.0,112123.0,5.24
as_1875,1875,COTTON MANUFACTURES,"Piece Goods, Plain",,566,Brazil,1349838.0,258222.0,5.23
as_1897,1895,IMPLEMENTS AND TOOLS,South Africa,Implements and Tools,26001,Falkland Islands,1903.0,364.0,5.23
as_1898,1897,ALKALI,,Cwts,84,Roumania,8104.0,1550.0,5.23
as_1898,1898,CARRIAGES,"Railway Carriages for Passengers, and parts thereof",Railway Waggons,8507,British East Indies : Ceylon,7433.0,1425.0,5.22
as_1897,1896,ALKALI,,Cwts,19,Norway,6506.0,1248.0,5.21
as_1872,1872,MACHINERY and Mill Work,Not being Steam Engines ; Other descrip- tions,,1808,Germany,583293.0,112123.0,5.2
as_1872,1872,CEMENT,,Cwts,356,France,45114.0,8685.0,5.19
as_1897,1893,"FURNITURE (Household), Cabinet and Upholstery Wares",West Africa,,22192,Cape of Good Hope,115315.0,22222.0,5.19
as_1898,1898,CARRIAGES,"Railway Carriages for Passengers, and parts thereof",Railway Waggons,8487,British East Indies : Madras,7379.0,1425.0,5.18
as_1897,1893,CHEESE,East Africa,,10364,Belgium,88444.0,17118.0,5.17
as_1898,1898,"ARMS, AMMUNITION, &c.",,,3010,Canada,11741.0,2271.0,5.17
as_1898,1898,ALKALI,,Cwts,35,Holland,24665.0,4780.0,5.16
as_1890,1890,SILK MANUFACTURES,Lace,,4092,United States of America,177071.0,34405.0,5.15
as_1895,1895,SKINS and FURS,"British: Sheep and Lambs', Undressed, without the Wool",No,5361,Belgium,6072.0,1179.0,5.15
as_1897,1894,"FURNITURE (Household), Cabinet and Upholstery Wares",West Africa,,22193,Cape of Good Hope,114541.0,22222.0,5.15
as_1880,1880,COPPER,"Unwrought, in Ingots, Cakes, or Slabs",Cwts,565,Holland,155553.0,30243.0,5.14
as_1898,1898,WOOD AND TIMBER,"Woollen Tissues, Heavy, Broad, all Wool",,46228,Canada,10210.0,1995.0,5.12
as_1874,1874,LEATHER,"Tanned, Unwrought",Cwt,1468,United States: Atlantic Pacific,6738330.0,1319363.0,5.11
as_1878,1878,ZINC or SPELTER.,Manufactured,,2553,British North America,1128598.0,221093.0,5.1
as_1898,1898,"BRASS, AND MANUFACTURES OF, not being Ordnance",West Africa,,6431,Portuguese Possessions,2225.0,437.0,5.09
as_1872,1872,LINEN AND JUTE MANUFACTURES,LUCIFER and VESTA MATCHES,,1751,Other Countries,100575.0,19791.0,5.08
as_1872,1872,EARTHEN and CHINA WARE,"Earthenware, Chinaware, Parian, and Porcelain",,862,United States: Atlantic,774281.0,152636.0,5.07
as_1878,1878,WOOL,"Other Sorts, including Foreign, dressed in the United Kingdom, and Flocks and Ragwool",,2277,Russia,69628.0,13799.0,5.05
as_1884,1884,PAPER,"PICKLES, VINEGAR, SAUCES, CONDIMENTS, PRESERVED FRUITS, and CONFECTIONERY",,2318,Bombay and Scinde,124377.0,24616.0,5.05
as_1876,1876,COTTON MANUFACTURES,Lace and Patent Net,,607,Pacific,319670.0,63788.0,5.01
as_1878,1878,WOOLLEN and WORSTED YARN,Worsted Yarn (Combed),,2293,France,197140.0,39543.0,4.99
as_1899,1897,Slates,"Grindstones, Millstones, and Other Sorts of Stone",Tons,44091,United States of America,42551.0,8528.0,4.99
as_1874,1874,"ARMS, AMMUNITION, and MILITARY STORES",Percussion Caps,,103,British West India Islands and British Guiana,1603.0,322.0,4.98
as_1897,1895,ALKALI,,Cwts,8,Russia : Southern Ports,18967.0,3813.0,4.97
as_1898,1895,"TELEGRAPHIC WIRES, AND APPARATUS",East Africa,,43745,Australasia : West Australia,15763.0,3180.0,4.96
as_1897,1897,"FURNITURE (Household), Cabinet and Upholstery Wares",West Africa,,22196,Cape of Good Hope,109935.0,22222.0,4.95
as_1878,1878,COTTON MANUFACTURES,"Piece Goods, Plain",,634,Brazil,916761.0,185638.0,4.94
as_1890,1890,LINEN YARN,,,3015,Germany,228278.0,46346.0,4.93
as_1898,1897,ALKALI,,Cwts,94,Turkey : Asiatic,7643.0,1550.0,4.93
as_1885,1885,DYE STUFF,Other Sorts: Unenumerated,,1110,United States of America : Atlantic,79873.0,16299.0,4.9
as_1876,1876,COTTON MANUFACTURES,"Piece Goods, Plain",,487,Italy,753686.0,154266.0,4.89
as_1878,1878,COTTON MANUFACTURES,"Piece Goods, Plain",,614,Egypt,905505.0,185638.0,4.88
as_1877,1877,COTTON MANUFACTURES,"Piece Goods, Plain",,604,Straits Settlements,3247811.0,666221.0,4.87
as_1882,1882,COTTON MANUFACTURES,Thread for Sewing,Lbs,874,British West India Islands and British Guiana,437400.0,90247.0,4.85
as_1898,1898,CHEMICAL PRODUCTS AND PREPARATIONS not specially enumerated,,,10168,Belgium,73794.0,15222.0,4.85
as_1899,1895,SKINS AND FURS,"British, Unenumerated",Skins and Furs,42824,Canada,5351.0,1111.0,4.82
tn_1871,1870,MEAL and FLOUR,"Handkerchiefs and Shawls, Printed or Dyed",,1337,Brazil,29145.0,6092.0,4.78
as_1878,1878,WOOLLEN and WORSTED MANUFACTURES,"Broad Cloths, Coatings, Duffels, &c., of Wool mixed with other Materials",,2318,Germany,798534.0,167799.0,4.76
as_1879,1879,"COALS, CINDERS, &c.",Coals,,424,Belgium,98880.0,20800.0,4.75
as_1879,1879,"HABERDASHERY and MILLINERY, including Em- broidery and Needlework","HABERDASHERY and MILITARY, including Em- broidery and Needle-work'd)",,941,British Possessions in South Africa,394932.0,83263.0,4.74
as_1897,1894,EARTHEN AND CHINA WARE,South Africa,,20803,British East Indies,29789.0,6282.0,4.74
as_1879,1879,"MANURE, Unenumerated",,,1648,France,121300.0,25716.0,4.72
as_1886,1886,"MEDICINES, comprising Drugs and Medicinal Preparations","METALS, Unenumerated and Manufactures thereof",,2609,United States of America,474305.0,100796.0,4.71
as_1897,1897,"COAL, CINDERS, &c.",Coal and Culm continued,Tons,11688,Brazil,528469.0,112222.0,4.71
as_1898,1895,ALKALI,,Cwts,7,Russia : Southern Ports,18067.0,3843.0,4.7
as_1872,1872,CEMENT,,Cwts,359,United States: Atlantic Pacific,40554.0,8685.0,4.67
as_1897,1895,ALKALI,,Cwts,38,Belgium,17754.0,3813.0,4.66
as_1875,1875,COTTON MANUFACTURES,"Piece Goods, Plain",,548,Egypt,1197521.0,258222.0,4.64
as_1878,1878,WOOL,Sheep and Lambs' (British),,2274,France,113086.0,24503.0,4.62
as_1898,1895,ALKALI,,Cwts,37,Belgium,17754.0,3843.0,4.62
as_1881,1881,PLATED and GILT WARES,,,2232,British North America,76497.0,16659.0,4.59
as_1882,1882,LEATHER,"Tanned, Unwrought",,1687,Belgium,226899.0,49595.0,4.58
as_1897,1896,ALKALI,,Cwts,69,Austrian Territories,5679.0,1248.0,4.55
as_1897,1893,CHEESE,South Africa,,10833,Belgium,47430.0,10417.0,4.55
as_1898,1896,ALKALI,,Cwts,68,Austrian Territories,5679.0,1248.0,4.55
as_1880,1880,HATS,Of Straw,,1173,Australia,108292.0,23865.0,4.54
as_1880,1880,COTTON MANUFACTURES,Thread for Sewing,,910,Brazil,165539.0,36548.0,4.53
as_1897,1894,"COAL, CINDERS, &c.",Coal and Culm continued,Tons,11685,Brazil,522471.0,115420.0,4.53
as_1897,1894,IMPLEMENTS AND TOOLS,Unenumerated,,25708,Russia : Northern Ports,110803.0,24448.0,4.53
as_1898,1898,ALKALI,,Cwts,45,France,21630.0,4780.0,4.53
tn_1901,1900,"CLOCKS, WATCHES, and parts thereof","Products of Coal, Peat, or Shale,     (including Naphtha, Paraffine,     Paraffine Oil, Petroleum, Pitch,     and Tar)",Products of Coal,12730,British West Africa : Cape of Good Hope,713760.0,157749.0,4.52
as_1899,1897,Slates,"Grindstones, Millstones, and Other Sorts of Stone",Tons,44131,Canada,7963.0,1771.0,4.5
as_1897,1897,IMPLEMENTS AND TOOLS,South Africa,Implements and Tools,25938,British East Indies : Hong Kong,4516.0,1005.0,4.49
as_1876,1876,COTTON MANUFACTURES,"Piece Goods, Plain",,504,Foreign West Indies,690832.0,154266.0,4.48
as_1888,1888,LINEN MANUFACTURES,Thread for Sewing,Lbs,2887,United States of America,292338.0,65202.0,4.48
as_1897,1894,CHEESE,South Africa,,10834,Belgium,45912.0,10256.0,4.48
as_1872,1872,CEMENT,,Cwts,366,British West India Islands and British Guiana,38794.0,8685.0,4.47
as_1898,1898,ALKALI,,Cwts,40,Belgium,21361.0,4780.0,4.47
tn_1871,1870,MEAL and FLOUR,"Handkerchiefs and Shawls, Printed or Dyed",,1333,Mexico,27205.0,6092.0,4.47
as_1878,1878,COTTON MANUFACTURES,"Piece Goods, Plain",,645,Straits Settlements,827129.0,185638.0,4.46
as_1873,1873,COTTON YARN and TWIST,,,647,Turkey Proper,1067620.0,239977.0,4.45
as_1898,1898,ALKALI,,Cwts,15,Sweden,21294.0,4780.0,4.45
as_1874,1874,CEMENT,,Cwts,360,United States: Atlantic Pacific,51563.0,11616.0,4.44
as_1897,1896,ALKALI,,Cwts,74,Greece,5533.0,1248.0,4.43
as_1898,1896,ALKALI,,Cwts,73,Greece,5533.0,1248.0,4.43
as_1876,1876,COTTON MANUFACTURES,"Piece Goods, Plain",,484,France,681199.0,154266.0,4.42
as_1880,1880,COTTON MANUFACTURES,"Piece Goods, Plain",,700,"Portugal, Azores, and Madeira",658586.0,149080.0,4.42
as_1895,1895,SKINS and FURS,"British: Sheep and Lambs', Undressed, without the Wool",No,5360,Germany,5208.0,1179.0,4.42
as_1897,1893,"HARDWARES AND CUTLERY, Un- enumerated",South Africa,,24609,Cape of Good Hope,61075.0,13884.0,4.4
as_1876,1876,COTTON MANUFACTURES,"Piece Goods, Plain",,485,"Portugal, Azores, and Madeira",676345.0,154266.0,4.38
as_1881,1881,EARTHEN and CHINA WARE,Red Pottery and Brown Stone Ware,,903,United States: Atlantic,12732.0,2917.0,4.36
as_1897,1897,ALKALI,,Cwts,65,Italy,6743.0,1550.0,4.35
as_1897,1897,"PAINTERS' COLOURS AND MATERIALS, UNENUMERATED",South Africa,Provisions,39682,Gibraltar,18174.0,4175.0,4.35
as_1894,1894,POTATOES,RAGS (except Woollen) and other Materials for making Paper,Tons,5003,France,31972.0,7365.0,4.34
as_1878,1878,WOOLLEN and WORSTED MANUFACTURES,"Broad Cloths, Coatings, Duffels, &c., Plain, all Wool",,2300,France,3083300.0,713900.0,4.32
tn_1871,1870,"LINEN and JUTE YARN : 
                    Linen Yarn, of all Sorts",,Lbs,3361,Belgium,36392.0,8433.0,4.32
as_1880,1880,COTTON MANUFACTURES,Thread for Sewing,,891,Russia,156646.0,36548.0,4.29
as_1881,1881,COTTON MANUFACTURES,Lace and Patent Net,,776,France,216611.0,50507.0,4.29
as_1897,1897,"PAINTERS' COLOURS AND MATERIALS, UNENUMERATED",South Africa,,39118,Australasia : New South Wales,91113.0,21222.0,4.29
tn_1871,1870,FLAX,Dressed and Undressed (Foreign),,1805,Spain and Canaries,4939.0,1152.0,4.29
as_1879,1879,TELEGRAPHIC WIRES AND APPARATUS,,,2132,Australia,256924.0,59965.0,4.28
as_1881,1881,"MANURE, Unenumerated",,,1983,Foreign West Indies,158511.0,37025.0,4.28
as_1883,1883,IRON,factory,,1240,Italy,98261.0,23007.0,4.27
tn_1871,1870,QUICKSILVER,,Lbs,4288,United States: N. Atlantic Ports,35317.0,8263.0,4.27
as_1897,1896,COPPER,South Africa,,13538,British East Indies : Bombay,159465.0,37414.0,4.26
as_1891,1891,SILK,"Thrown, Twist or Yarn",Lbs,4117,France,67374.0,15867.0,4.25
as_1881,1881,HATS,Of Straw,,1192,Australasia,109431.0,25785.0,4.24
as_1897,1896,"COAL, CINDERS, &c.",Coal and Culm continued,Tons,11687,Brazil,514123.0,121222.0,4.24
as_1883,1883,"PICKLES, VINEGAR, SAUCES, CONDIMENTS, PRESERVED FRUITS, and CONFECTIONERY",,,2208,British North America,386768.0,91379.0,4.23
as_1881,1881,COTTON MANUFACTURES,Lace and Patent Net,,775,Belgium,212451.0,50507.0,4.21
tn_1871,1870,GLASS,"Window and German Sheet, including Shades and Cylinders, Plain (British)",,1930,United States: N. Atlantic Ports,28117.0,6682.0,4.21
as_1885,1885,"METALS, Unenumerated and Manufactures thereof",,,2586,United States of America,387465.0,92388.0,4.19
as_1897,1896,WOOLLEN AND WORSTED MANUFACTURES,Shawls,Number,48466,Portugal,49117.0,11753.0,4.18
as_1879,1879,"HABERDASHERY and MILLINERY, including Em- broidery and Needlework","HARDWARES and CUTLERY, Unenumerated",Cwts,988,British North America,449726.0,108443.0,4.15
as_1880,1880,COTTON MANUFACTURES,"Piece Goods, Plain",,737,Madras,618853.0,149080.0,4.15
as_1885,1885,WOOL,"Foreign, dressed in the United Kingdom",,3362,United States of America:       Atlantic,34142.0,8230.0,4.15
as_1879,1879,TELEGRAPHIC WIRES AND APPARATUS,,,2133,Other Countries,247791.0,59965.0,4.13
tn_1871,1870,MEAL and FLOUR,"Handkerchiefs and Shawls, Printed or Dyed",,1320,"Portugal, Azores, and Madeira",25157.0,6092.0,4.13
as_1873,1873,SILK MANUFACTURES,Unenumerated,,2298,France,109360.0,26616.0,4.11
as_1880,1880,HATS,Of Straw,,1167,France,97887.0,23865.0,4.1
as_1891,1891,Iron,Cast in Ingots and Blooms,Tons,2782,United States of America : Atlantic,38757.0,9460.0,4.1
as_1880,1880,COTTON MANUFACTURES,Stockings and Socks,,854,Chili,102766.0,25108.0,4.09
as_1881,1881,EARTHEN and CHINA WARE,Red Pottery and Brown Stone Ware,,904,Brazil,11934.0,2917.0,4.09
as_1898,1897,ALKALI,,Cwts,104,Egypt,6335.0,1550.0,4.09
tn_1871,1870,MEAL and FLOUR,Mixed Goods,,1382,United States: N. Atlantic Ports,60161.0,14695.0,4.09
as_1890,1890,"IRON,","Steel, Cast in Ingots and Blooms",Tons,2757,United States of America,32442.0,7951.0,4.08
as_1883,1883,Meal and Flour,COTTON TWIST and YARN,,581,Hong Kong,390846.0,95936.0,4.07
as_1897,1897,"PAINTERS' COLOURS AND MATERIALS, UNENUMERATED",South Africa,,39489,Other Foreign Countries,2122.0,522.0,4.07
as_1897,1894,"HARDWARES AND CUTLERY, Un- enumerated",South Africa,,24610,Cape of Good Hope,55357.0,13639.0,4.06
as_1887,1887,IMPLEMENTS and Tools,Agricultural,,1761,British East Indies,23288.0,5751.0,4.05
as_1897,1896,IMPLEMENTS AND TOOLS,South Africa,Implements and Tools,25987,British West India Islands,1392.0,344.0,4.05
as_1899,1895,"ARMS, AMMUNITION, &c.",West Africa,,2797,Cape of Good Hope,437757.0,108083.0,4.05
as_1898,1895,"ARMS, AMMUNITION, &c.",West Africa,,2894,Cape of Good Hope,437757.0,108683.0,4.03
as_1872,1872,MACHINERY and Mill Work,Not being Steam Engines ; Other descrip- tions,,1820,United States: Atlantic Pacific,449394.0,112123.0,4.01
as_1897,1895,ALKALI,,Cwts,43,France,15292.0,3813.0,4.01
as_1893,1893,SKINS and FURS,"Foreign, Dressed in the United Kingdom",No,5158,United States of America,516701.0,129134.0,4.0
tn_1871,1870,MEAL and FLOUR,Piece Goods: Of Other Countries (Foreign),Pieces,1517,China,40128.0,10020.0,4.0
as_1898,1894,ALKALI,,Cwts,6,Russia : Southern Ports,22944.0,5778.0,3.97
as_1898,1895,ALKALI,,Cwts,42,France,15262.0,3843.0,3.97
as_1897,1893,ALKALI,,Cwts,11,Sweden,23256.0,5873.0,3.96
as_1897,1894,ALKALI,,Cwts,32,Holland,22881.0,5778.0,3.96
as_1898,1894,ALKALI,,Cwts,31,Holland,22881.0,5778.0,3.96
as_1880,1880,COTTON MANUFACTURES,"Piece Goods, Plain",,742,Australia,589550.0,149080.0,3.95
as_1872,1872,MACHINERY and Mill Work,"Steam Engines or Parts of Steam Engines, Locomotive",,1754,Russia,149019.0,37831.0,3.94
as_1898,1898,"ANIMALS, Living",Stallions,,682,Germany,22495.0,5725.0,3.93
as_1883,1883,Meal and Flour,COTTON TWIST and YARN,,565,Roumania,375926.0,95936.0,3.92
as_1882,1882,WOOLLEN and WORSTED MANUFACTURES,Blankets,,2760,Straits Settlements,138549.0,35548.0,3.9
as_1878,1878,COTTON MANUFACTURES,"Piece Goods, Plain",,648,Australia,722339.0,185638.0,3.89
tn_1871,1870,HIDES,"Tanned, Tawed, Curried, or in any other way Dressed (Foreign)",,2405,Hamburg,20329.0,5237.0,3.88
as_1898,1897,ALKALI,,Cwts,19,Norway,5983.0,1550.0,3.86
as_1879,1879,TELEGRAPHIC WIRES AND APPARATUS,,,2131,Straits Settlements,231056.0,59965.0,3.85
as_1897,1894,ALKALI,,Cwts,7,Russia : Southern Ports,22244.0,5778.0,3.85
as_1885,1885,WOOLLEN and WORSTED MANUFACTURES,Woollen Yarn (Carded),,3379,Belgium,56092.0,14656.0,3.83
as_1876,1876,COTTON MANUFACTURES,"Piece Goods, Plain",,527,Australia,589603.0,154266.0,3.82
as_1897,1897,ALKALI,,Cwts,20,Norway,5923.0,1550.0,3.82
as_1897,1897,"SPIRITS, British and Irish",South Africa,,42196,Cape of Good Hope,146124.0,38310.0,3.81
as_1899,1896,Gold,Silver,Oz. Troy,40799,France,56804.0,14906.0,3.81
as_1878,1878,SUGAR,Refined and Candy,,2079,Italy,191324.0,50408.0,3.8
as_1878,1878,SUGAR,Refined and Candy,,2104,Italy,191324.0,50408.0,3.8
as_1878,1878,SUGAR,Refined and Candy,,2129,Italy,191324.0,50408.0,3.8
as_1897,1897,WOOLLEN AND WORSTED MANUFACTURES,Shawls,Number,48467,Portugal,49297.0,12997.0,3.79
tn_1871,1870,"LINEN and JUTE MANUFACTURES: 
                    Linen Manufactures",Not made up,,3527,Hamburg,192796.0,50915.0,3.79
as_1878,1878,WOOLLEN and WORSTED MANUFACTURES,"Worsted Stuffs, of Wool mixed with other Materials",,2393,United States: Atlantic,939466.0,248684.0,3.78
as_1880,1880,"ILLDWARRES and CUTLERY, Unenumerated",,,1129,Brazil,274999.0,73087.0,3.76
as_1891,1891,SILK,"Thrown, Twist or Yarn",Lbs,4114,Germany,59662.0,15867.0,3.76
as_1898,1897,"ARMS, AMMUNITION, &c.",,,3009,Canada,37339.0,9932.0,3.76
as_1875,1875,COTTON MANUFACTURES,"Piece Goods, Plain",,578,Straits Settlements,969601.0,258222.0,3.75
as_1876,1876,COTTON MANUFACTURES,"Piece Goods, Plain",,498,Java,577661.0,154266.0,3.74
as_1897,1893,ALKALI,,Cwts,31,Holland,21976.0,5873.0,3.74
tn_1871,1870,QUICKSILVER,,Lbs,4297,Australia,30874.0,8263.0,3.74
as_1897,1894,"PAINTERS' COLOURS AND MATERIALS, UNENUMERATED",South Africa,Pickles,39226,Canada,10017.0,2694.0,3.72
as_1899,1899,IMPLEMENTS AND TOOLS,Bedsteads,,30651,Natal,9501.0,2555.0,3.72
as_1881,1881,IRON,Hoops,,1490,United States: Atlantic,215708.0,58357.0,3.7
as_1882,1882,WOOLLEN and WORSTED MANUFACTURES,"Carpets, not being Rugs",,2748,Australasia,205639.0,55783.0,3.69
as_1897,1893,IMPLEMENTS AND TOOLS,Unenumerated,,25707,Russia : Northern Ports,79666.0,21715.0,3.67
as_1877,1877,COTTON MANUFACTURES,"Piece Goods, Plain",,584,United States: Atlantic,2429410.0,666221.0,3.65
as_1898,1898,WOOD AND TIMBER,"Woollen Tissues, Heavy, Broad, all Wool",,46243,Other British Possessions,7290.0,1995.0,3.65
as_1873,1873,COTTON YARN and TWIST,,,656,Bengal and Burmah,872697.0,239977.0,3.64
as_1883,1883,GLASS,"HABERDASHERY and MILLINERY, in- cluding Embroidery and Needle- work",,1074,Other Countries,948042.0,260391.0,3.64
as_1897,1895,"COAL, CINDERS, &c.",Coal and Culm continued,Tons,11686,Brazil,442226.0,121441.0,3.64
as_1879,1879,WOOLLEN and WORSTED MANUFACTURES,"Broad Cloths, Coatings, Duffs, &c., Plain, all Wool",Yards,2238,France,2843100.0,785800.0,3.62
as_1897,1894,CHEESE,South Africa,,10839,France,37139.0,10256.0,3.62
as_1886,1886,COTTON MANUFACTURES,Cotton predominating,,1005,Foreign Countries,9031.0,2505.0,3.61
as_1882,1882,WOOLLEN and WORSTED MANUFACTURES,"Carpets, not being Rugs",,2749,British North America,199516.0,55783.0,3.58
as_1897,1893,"COAL, CINDERS, &c.",Coal and Culm continued,Tons,11684,Brazil,439728.0,122922.0,3.58
as_1897,1897,"FURNITURE (Household), Cabinet and Upholstery Wares",West Africa,,22201,Natal,79517.0,22222.0,3.58
as_1897,1894,ALKALI,,Cwts,12,Sweden,20615.0,5778.0,3.57
as_1897,1897,CHEESE,East Africa,,10363,Holland,175229.0,49039.0,3.57
as_1898,1894,ALKALI,,Cwts,11,Sweden,20618.0,5778.0,3.57
as_1884,1884,"CHEMICAL PRODUCTS or Preparations, not specially enumerated",,,415,Chile,200183.0,56279.0,3.56
as_1898,1898,"ANIMALS, Living",Stallions,,401,Russia,2215.0,622.0,3.56
as_1880,1880,COPPER,"Mixed or Yellow Metal, for Sheathing",Cwts,593,Canada,80608.0,22735.0,3.55
as_1881,1881,COTTON MANUFACTURES,Lace and Patent Net,,773,Germany,178900.0,50507.0,3.54
as_1892,1892,SKINS and FURS,"Foreign, Dressed in the United   Kingdom",No,5351,United States of America,480774.0,136041.0,3.53
as_1898,1898,CARRIAGES,East Africa,,8893,Australasia : West Australia,29079.0,8234.0,3.53
as_1881,1881,"MANURE, Unenumerated",,,1981,Italy,130084.0,37025.0,3.51
as_1894,1894,SKINS and FURS,"Foreign, Dressed in the United   Kingdom",No,5303,United States of America : Atlantic,308524.0,87837.0,3.51
as_1874,1874,CEMENT,,Cwts,364,Channel Islands,40700.0,11616.0,3.5
as_1889,1889,LINEN MANUFACTURES,Thread for Sewing,Lbs,3064,United States of America,283975.0,81105.0,3.5
as_1878,1878,ZINC or SPELTER.,Manufactured,,2532,"Portugal, Azores, and Madeira",771670.0,221093.0,3.49
as_1881,1881,HATS,Of Straw,,1186,France,90108.0,25785.0,3.49
as_1897,1893,"COAL, CINDERS, &c.",Coal and Culm continued,Tons,11694,Argentine Republic,429214.0,122922.0,3.49
as_1880,1880,COTTON MANUFACTURES,"Piece Goods, Plain",,713,Java,518564.0,149080.0,3.48
as_1897,1893,CHEESE,East Africa,,10339,Sweden,59586.0,17118.0,3.48
as_1879,1879,"COALS, CINDERS, &c.",Coals,,434,Western Africa (Foreign),72080.0,20800.0,3.47
as_1879,1879,UMBRELLAS and PARASOLS,,,2169,Straits Settlements,87160.0,25089.0,3.47
as_1897,1896,ALKALI,,Cwts,104,Egypt,4319.0,1248.0,3.46
as_1897,1896,IMPLEMENTS AND TOOLS,South Africa,,30526,British East Indies : Bengal,74573.0,21525.0,3.46
as_1898,1896,ALKALI,,Cwts,103,Egypt,4319.0,1248.0,3.46
as_1878,1878,WOOL,Sheep and Lambs' (British),,2270,Russ',84523.0,24503.0,3.45
as_1872,1872,CEMENT,,Cwts,361,Brazil,29756.0,8685.0,3.43
as_1898,1898,ALKALI,,Cwts,10,Russia : Southern Ports,16382.0,4780.0,3.43
as_1898,1895,"TELEGRAPHIC WIRES, AND APPARATUS",East Africa,,43755,Australasia : Victoria,10895.0,3180.0,3.43
as_1884,1884,"Bags and Sacks, Empty",,,178,Germany,197455.0,57662.0,3.42
as_1873,1873,"COALS, CINDERS, &c.","Fuel, Manufactures",,505,France,86855.0,25508.0,3.41
as_1884,1884,"CHEMICAL PRODUCTS or Preparations, not specially enumerated",,,407,Portugal,191715.0,56279.0,3.41
as_1884,1884,PAPER,"PICKLES, VINEGAR, SAUCES, CONDIMENTS, PRESERVED FRUITS, and CONFECTIONERY",,2325,Other Countries,83905.0,24616.0,3.41
as_1890,1890,LINEN MANUFACTURES,Thread for Sewing,Lbs,3120,United States of America,273701.0,80284.0,3.41
as_1898,1898,Gold,Silver,Oz. Troy,39977,Chile,17354.0,5091.0,3.41
as_1872,1872,MACHINERY and Mill Work,Not being Steam Engines ; Other descrip- tions,,1809,Holland,381554.0,112123.0,3.4
as_1886,1886,"OIL, other than Essential or Medicinal","OIL and FLOOR CLOTH, including India Rubber Cloth",,2692,Spain,122356.0,36008.0,3.4
as_1897,1894,CHEESE,East Africa,,10370,France,129813.0,38236.0,3.4
tn_1871,1870,MEAL and FLOUR,"Handkerchiefs and Shawls, Printed or Dyed",,1327,Western Africa (Foreign),20624.0,6092.0,3.39
as_1897,1894,CHEESE,East Africa,,10360,Holland,129075.0,38236.0,3.38
tn_1871,1870,GLASS,"Window and German Sheet, including Shades and Cylinders, Plain (British)",,1940,Australia,22482.0,6682.0,3.36
tn_1871,1870,MEAL and FLOUR,Mixed Goods,,1394,British North America,49308.0,14695.0,3.36
as_1876,1876,COTTON MANUFACTURES,"Piece Goods, Plain",,502,United States : Atlantic,514663.0,154266.0,3.34
as_1880,1880,IRON,Galvanized (other than Wire or Manufactures of Wire),,1459,British Possessions in South Africa,245437.0,73544.0,3.34
as_1884,1884,PAINTERS' COLOURS and MATERIALS,Unenumerated,,2239,British North America,279973.0,83938.0,3.34
as_1897,1894,ALKALI,,Cwts,37,Belgium,19283.0,5778.0,3.34
as_1898,1894,ALKALI,,Cwts,36,Belgium,19286.0,5778.0,3.34
tn_1871,1870,MEAL and FLOUR,Thread for Sewing,,1482,Belgium,185462.0,55618.0,3.33
as_1898,1898,Gold,Silver,Oz. Troy,39912,Holland,16893.0,5091.0,3.32
as_1878,1878,COTTON MANUFACTURES,"Piece Goods, Plain",,607,"Portugal, Azores, and Madeira",614501.0,185638.0,3.31
as_1880,1880,COTTON MANUFACTURES,"Piece Goods, Plain",,718,United States : Atlantic,494137.0,149080.0,3.31
as_1884,1884,"CHEMICAL PRODUCTS or Preparations, not specially enumerated",,,404,Holland,186380.0,56279.0,3.31
as_1898,1896,Gold,Silver,Oz. Troy,39910,Holland,18767.0,5669.0,3.31
as_1878,1878,SUGAR,Refined and Candy,,2072,Denmark,166164.0,50408.0,3.3
as_1878,1878,SUGAR,Refined and Candy,,2097,Denmark,166164.0,50408.0,3.3
as_1878,1878,SUGAR,Refined and Candy,,2122,Denmark,166164.0,50408.0,3.3
as_1878,1878,WOOL,"Other Sorts, including Foreign, dressed in the United Kingdom, and Flocks and Ragwool",,2281,France,45492.0,13799.0,3.3
tn_1871,1870,MEAL and FLOUR,COTTON TWIST and YARN (British),,1186,Hamburg,2154809.0,653946.0,3.3
as_1874,1874,"ARMS, AMMUNITION, and MILITARY STORES",Percussion Caps,,100,Hong Kong,1059.0,322.0,3.29
as_1881,1881,"HIDES, RAW",,,1211,Holland,21725.0,6603.0,3.29
as_1897,1897,DYE STUFFS,"Other Sorts, Unenumerated",,20577,United States of America,57500.0,17485.0,3.29
as_1898,1898,CARRIAGES,East Africa,,8898,Australasia : South Australia,27054.0,8234.0,3.29
as_1880,1880,COPPER,"Mixed or Yellow Metal, for Sheathing",Cwts,590,Straits Settlements,74569.0,22735.0,3.28
as_1897,1895,CHEESE,East Africa,,10371,France,127662.0,38975.0,3.28
as_1882,1882,WOOLLEN and WORSTED MANUFACTURES,"Carpets, not being Rugs",,2736,France,182211.0,55783.0,3.27
as_1897,1893,"SILK MANUFACTURES, WHOLLY OF SILK",Broad Stuffs of Silk or Satin,Yards,40567,United States of America,67926.0,20759.0,3.27
as_1879,1879,"CLAY, unmanufactured",Manufactures thereof,,402,Belgium,5640.0,1730.0,3.26
as_1898,1898,CHEMICAL PRODUCTS AND PREPARATIONS not specially enumerated,,,10203,Italy,49675.0,15222.0,3.26
as_1885,1885,WOOLLEN and WORSTED MANUFACTURES,"Coatings, &c.",,3512,United States of America,1011600.0,311171.0,3.25
as_1897,1897,CHEESE,East Africa,,10373,France,159451.0,49039.0,3.25
as_1897,1897,"SPIRITS, British and Irish",South Africa,,41782,Cape of Good Hope,124442.0,38310.0,3.25
as_1898,1898,CHEMICAL PRODUCTS AND PREPARATIONS not specially enumerated,,,10148,Norway,49533.0,15222.0,3.25
as_1897,1893,ALKALI,,Cwts,36,Belgium,19029.0,5873.0,3.24
as_1897,1893,CHEESE,South Africa,,10828,Holland,33712.0,10417.0,3.24
as_1898,1894,"TELEGRAPHIC WIRES, AND APPARATUS",East Africa,,43734,British East Indies : Straits Settlements,100450.0,31008.0,3.24
as_1886,1886,"ELECTRIC LIGHTING APPARATUS, OR PARTS THEREOF (EXCEPT STEAM ENGINES)",,,1231,Other British Possessions,10611.0,3301.0,3.21
as_1890,1890,LINEN YARN,,,3018,France,148575.0,46346.0,3.21
as_1897,1897,"CAOUTCHOU, MANUFACTURES OF",South Africa,,8238,British East Indies : Victoria,65042.0,20247.0,3.21
as_1897,1896,CHEESE,East Africa,,10372,France,157245.0,49010.0,3.21
as_1885,1885,"OIL, other than Essential or Medicinal",Seed,,2624,Italy,132694.0,41431.0,3.2
as_1897,1896,ALKALI,,Cwts,89,Turkey : European,3994.0,1248.0,3.2
as_1898,1896,ALKALI,,Cwts,88,Turkey : European,3996.0,1248.0,3.2
as_1898,1898,"BRASS, AND MANUFACTURES OF, not being Ordnance",West Africa,,7032,British East Indies : British Burmah,1397.0,437.0,3.2
as_1897,1897,"PAINTERS' COLOURS AND MATERIALS, UNENUMERATED",South Africa,,39068,British East Indies : Bombay,67420.0,21222.0,3.18
as_1897,1895,CHEESE,East Africa,,10361,Holland,123662.0,38975.0,3.17
as_1897,1893,CHEESE,South Africa,,10838,France,32975.0,10417.0,3.17
as_1897,1894,ALKALI,,Cwts,42,France,18261.0,5778.0,3.16
as_1898,1894,ALKALI,,Cwts,41,France,18261.0,5778.0,3.16
as_1897,1897,"SILK MANUFACTURES, WHOLLY OF SILK",South Africa,,41479,Cape of Good Hope,82500.0,26200.0,3.15
tn_1871,1870,MEAL and FLOUR,Thread for Sewing,,1489,Java,174952.0,55618.0,3.15
as_1897,1897,"COAL, CINDERS, &c.",South Africa,,11759,Cape of Good Hope,223629.0,71299.0,3.14
as_1897,1897,IMPLEMENTS AND TOOLS,Unenumerated,,25711,Russia : Northern Ports,126451.0,40329.0,3.14
as_1897,1895,WOOLLEN AND WORSTED MANUFACTURES,Shawls,Number,48465,Portugal,40611.0,12930.0,3.14
as_1899,1897,LEAD,West Africa,,35606,British East Indies : Bengal,163521.0,51997.0,3.14
as_1898,1895,ALKALI,,Cwts,47,Portugal,11950.0,3843.0,3.11
as_1897,1896,IMPLEMENTS AND TOOLS,South Africa,,30501,Cape of Good Hope,66699.0,21525.0,3.1
as_1898,1896,"ARMS, AMMUNITION, &c.",West Africa,,2895,Cape of Good Hope,429485.0,138556.0,3.1
as_1898,1896,"TELEGRAPHIC WIRES, AND APPARATUS",East Africa,,43746,Australasia : West Australia,19256.0,6205.0,3.1
as_1898,1896,"TOBACCO AND SNUFF, MANUFACTURED IN THE UNITED KINGDOM","Cavendish or Negrohead, Manufactured in Bond from Unmanufactured Tobacco",Lbs,44211,Belgium,3917.0,1265.0,3.1
as_1879,1879,"MANURE, Unenumerated",,,1654,Other Countries,79530.0,25716.0,3.09
as_1898,1898,"BRASS, AND MANUFACTURES OF, not being Ordnance",West Africa,,6618,Niger Protectorate,1349.0,437.0,3.09
as_1899,1896,"ARMS, AMMUNITION, &c.",West Africa,,2798,Cape of Good Hope,429485.0,138922.0,3.09
as_1882,1882,COTTON MANUFACTURES,Thread for Sewing,Lbs,859,United States: Atlantic,277717.0,90247.0,3.08
as_1882,1882,WOOLLEN and WORSTED MANUFACTURES,"Coatings, Duffs, &c., all Wool",Yards,2616,British North America,438750.0,142414.0,3.08
as_1898,1898,CHEMICAL PRODUCTS AND PREPARATIONS not specially enumerated,,,10143,Sweden,46955.0,15222.0,3.08
as_1898,1898,"TELEGRAPHIC WIRES, AND APPARATUS",East Africa,,43738,British East Indies : Straits Settlements,194355.0,63002.0,3.08
as_1890,1890,LINEN YARN,,,3017,Belgium,142204.0,46346.0,3.07
as_1898,1894,Gold,Silver,Oz. Troy,39908,Holland,19193.0,6258.0,3.07
as_1879,1879,COPPER,"Mixed or Yellow Metal, for Sheathing",,495,Bengal and Burmah,198180.0,65011.0,3.05
as_1880,1880,COTTON MANUFACTURES,"Piece Goods, Plain",,720,Foreign West Indies,454731.0,149080.0,3.05
as_1898,1898,"BRASS, AND MANUFACTURES OF, not being Ordnance",West Africa,,7027,British East Indies : Bengal,1331.0,437.0,3.05
as_1885,1885,"OIL, other than Essential or Medicinal",Seed,,2619,Holland,125868.0,41431.0,3.04
as_1897,1895,CEMENT,Dutch,,9751,United States of America : On the Atlantic,113615.0,37434.0,3.04
as_1890,1890,SILK MANUFACTURES,Lace,,4090,United States of America : Atlantic,104401.0,34405.0,3.03
as_1897,1894,CHEESE,South Africa,,10824,Germany,31076.0,10256.0,3.03
as_1879,1879,"CORDAGE, CABLES, and ROPES of HEMP or like MATERIAL",,,539,Australia,52120.0,17234.0,3.02
as_1884,1884,BLEACHING MATERIALS,,,247,Germany,61735.0,20443.0,3.02
as_1884,1884,BLEACHING MATERIALS,,,250,France,61743.0,20443.0,3.02
as_1875,1875,COTTON MANUFACTURES,"Piece Goods, Plain",,557,United States: Atlantic,777492.0,258222.0,3.01
tn_1871,1870,"STATIONERY, other than Paper","Slate, by Tale",,5008,Other Countries,23626.0,7846.0,3.01
as_1879,1879,"HABERDASHERY and MILLINERY, including Em- broidery and Needlework","HARDWARES and CUTLERY, Unenumerated",Cwts,969,United States: Atlantic,325750.0,108443.0,3.0
as_1897,1895,IMPLEMENTS AND TOOLS,South Africa,Implements and Tools,25901,Mauritius and Dependencies,1093.0,364.0,3.0
as_1897,1896,IMPLEMENTS AND TOOLS,South Africa,Implements and Tools,25902,Mauritius and Dependencies,1033.0,344.0,3.0
as_1897,1897,"SILK MANUFACTURES, WHOLLY OF SILK",Other Kinds,,41141,Other Foreign Countries,6124.0,2041.0,3.0
tn_1871,1870,PICTURES,PLUMBAGO (Foreign),,4213,Russia,5712.0,1903.0,3.0
as_1878,1878,"PLATE, GOLD",PLATED and GILT WARES,,1851,British North America,72993.0,24386.0,2.99
as_1897,1896,IMPLEMENTS AND TOOLS,Unenumerated,,25710,Russia : Northern Ports,123600.0,41342.0,2.99
tn_1871,1870,MEAL and FLOUR,"Handkerchiefs and Shawls, Printed or Dyed",,1330,United States: N. Atlantic Ports,18225.0,6092.0,2.99
as_1878,1878,WOOLLEN and WORSTED MANUFACTURES,"Broad Cloths, Coatings, Duffels, &c., of Wool mixed with other Materials",,2321,France,500850.0,167799.0,2.98
as_1890,1890,"IRON,","Steel, Cast in Ingots and Blooms",Tons,2754,United States of America : Atlantic,23667.0,7951.0,2.98
as_1890,1890,LINEN YARN,,,3019,Spain,138330.0,46346.0,2.98
tn_1871,1870,"LINEN and JUTE MANUFACTURES: 
                    Linen Manufactures",Not made up,,3538,United States : N. Atlantic Ports,151491.0,50915.0,2.98
as_1881,1881,COTTON MANUFACTURES,Lace and Patent Net,,792,British North America,149737.0,50507.0,2.96
as_1898,1896,"ARMS, AMMUNITION, &c.",,,3008,Canada,58493.0,19783.0,2.96
as_1880,1880,COPPER,"Mixed or Yellow Metal, for Sheathing",Cwts,578,Germany,67114.0,22735.0,2.95
as_1897,1895,ALKALI,,Cwts,48,Portugal,11220.0,3813.0,2.94
tn_1871,1870,MEAL and FLOUR,Thread for Sewing,,1481,Holland,163759.0,55618.0,2.94
as_1892,1892,COPPER,Unenumerated,Cwts,1441,Persia,66488.0,22724.0,2.93
as_1897,1895,IMPLEMENTS AND TOOLS,South Africa,Implements and Tools,25986,British West India Islands,1066.0,364.0,2.93
as_1898,1897,Gold,Silver,Oz. Troy,39911,Holland,18327.0,6246.0,2.93
as_1878,1878,PICTURES,,,1823,Germany,34827.0,11926.0,2.92
as_1872,1872,MACHINERY and Mill Work,"Steam Engines or Parts of Steam Engines, Locomotive",,1760,Italy,109975.0,37831.0,2.91
as_1882,1882,COTTON MANUFACTURES,Thread for Sewing,Lbs,849,Germany,262840.0,90247.0,2.91
as_1897,1895,IMPLEMENTS AND TOOLS,Unenumerated,,25709,Russia : Northern Ports,101466.0,34858.0,2.91
as_1893,1893,SKINS and FURS,"Foreign, Dressed in the United Kingdom",No,5156,United States of America : Atlantic,374244.0,129134.0,2.9
as_1897,1896,CHEESE,East Africa,,10362,Holland,142221.0,49010.0,2.9
as_1897,1894,WOOLLEN AND WORSTED MANUFACTURES,Shawls,Number,48464,Portugal,33423.0,11540.0,2.9
as_1875,1875,COTTON MANUFACTURES,"Piece Goods, Plain",,543,Italy,745907.0,258222.0,2.89
as_1897,1894,"CAOUTCHOU, MANUFACTURES OF",South Africa,,8235,British East Indies : Victoria,63691.0,22017.0,2.89
as_1877,1877,COTTON MANUFACTURES,"Piece Goods, Plain",,575,Algeria,1916316.0,666221.0,2.88
as_1897,1895,ALKALI,,Cwts,23,Denmark (including Iceland and Greenland),10970.0,3813.0,2.88
as_1897,1894,"COAL, CINDERS, &c.",South Africa,,12138,Australasia : South Australia,222216.0,77267.0,2.88
as_1897,1897,"PAINTERS' COLOURS AND MATERIALS, UNENUMERATED",South Africa,Provisions,39687,Malta and Gozo,12010.0,4175.0,2.88
as_1898,1898,CARRIAGES,East Africa,,8866,British East Indies : Bengal,23747.0,8234.0,2.88
as_1899,1895,CHEMICAL PRODUCTS AND PREPARATIONS not specially enumerated,West Africa,Tons,10646,British East Indies : Bombay,67107.0,23304.0,2.88
as_1881,1881,HATS,Of Other Sorts,,1201,Australasia,23030.0,8012.0,2.87
tn_1871,1870,Medicines,,,1583,British West India Islands and British Guiana,110101.0,38383.0,2.87
as_1876,1876,COTTON MANUFACTURES,"Piece Goods, Plain",,522,Madras,441662.0,154266.0,2.86
as_1897,1897,Slates,,Number,42326,Denmark (including Iceland and Greenland),35500.0,12422.0,2.86
as_1898,1895,ALKALI,,Cwts,22,Denmark,10979.0,3843.0,2.86
as_1879,1879,COPPER,"Unwrought, in Ingots, Cakes, or Slabs",,468,Germany,163010.0,57233.0,2.85
as_1882,1882,WOOLLEN and WORSTED MANUFACTURES,"Carpets, not being Rugs",,2742,United States: Atlantic,159142.0,55783.0,2.85
as_1897,1894,CHEESE,South Africa,,10829,Holland,29249.0,10256.0,2.85
as_1887,1887,SKINS and FURS,"Foreign, Dressed in the United Kingdom",No,3536,France,87013.0,30623.0,2.84
as_1897,1897,"PAINTERS' COLOURS AND MATERIALS, UNENUMERATED",South Africa,,39143,Canada,60250.0,21222.0,2.84
as_1874,1874,CEMENT,,Cwts,358,France,32915.0,11616.0,2.83
as_1878,1878,COTTON MANUFACTURES,"Piece Goods, Plain",,626,Foreign West Indies,525932.0,185638.0,2.83
as_1897,1893,CHEESE,East Africa,,10399,Italy,48221.0,17118.0,2.82
as_1898,1898,CARRIAGES,East Africa,,8861,British East Indies : Madras,23202.0,8234.0,2.82
as_1878,1878,PICTURES,,,1825,Belgium,33508.0,11926.0,2.81
as_1895,1895,SKINS and FURS,"British: Sheep and Lambs', Undressed, without the Wool",No,5362,France,3313.0,1179.0,2.81
as_1898,1898,"BRASS, AND MANUFACTURES OF, not being Ordnance",West Africa,,7071,Australasia : New South Wales,1228.0,437.0,2.81
as_1897,1894,"PAINTERS' COLOURS AND MATERIALS, UNENUMERATED",South Africa,—,39993,Cape of Good Hope,62225.0,22222.0,2.8
as_1898,1898,"BRASS, AND MANUFACTURES OF, not being Ordnance",West Africa,,6426,French Possessions,1225.0,437.0,2.8
as_1898,1898,"BRASS, AND MANUFACTURES OF, not being Ordnance",West Africa,,6435,German Possessions,1225.0,437.0,2.8
tn_1871,1870,SEEDS,Rape (Foreign),,4459,Hamburg,22051.0,7895.0,2.79
as_1897,1896,"FURNITURE (Household), Cabinet and Upholstery Wares",West Africa,,22200,Natal,61766.0,22222.0,2.78
as_1898,1896,Gold,Silver,Oz. Troy,39975,Chile,15678.0,5669.0,2.77
as_1883,1883,BLEACHING MATERIALS,,,245,France,46962.0,17008.0,2.76
as_1898,1895,Gold,Silver,Oz. Troy,39909,Holland,19976.0,7254.0,2.75
as_1875,1875,COTTON MANUFACTURES,"Piece Goods, Plain",,541,"Portugal, Azores, and Madeira",706333.0,258222.0,2.74
as_1897,1897,"SILK MANUFACTURES, WHOLLY OF SILK",Bread Stuffs,Yards,41096,Canada,1559.0,570.0,2.74
as_1898,1898,"BRASS, AND MANUFACTURES OF, not being Ordnance",West Africa,,7061,Australasia : South Australia,1197.0,437.0,2.74
as_1880,1880,"ILLDWARRES and CUTLERY, Unenumerated",,,1133,British Possessions in South Africa,199321.0,73087.0,2.73
as_1898,1898,CHEMICAL PRODUCTS AND PREPARATIONS not specially enumerated,,,10268,East Africa : Portuguese Possessions,41547.0,15222.0,2.73
as_1879,1879,TOBACCO and SNUFF Manufactured in the United Kingdom,Other Kinds of Manufactured Tobacco,,2154,Straits Settlements,4110.0,1513.0,2.72
as_1885,1885,WOOL,"Foreign, dressed in the United Kingdom",,3354,Russia,22265.0,8230.0,2.71
as_1892,1892,"ARMS, AMMUNITION, AND MILITARY STORES",Other Fire-arms and Parts of Fire-arms,,687,United States of America,13336.0,4920.0,2.71
tn_1871,1870,MEAL and FLOUR,"Handkerchiefs and Shawls, Printed or Dyed",,1323,Naples and Sicily,16487.0,6092.0,2.71
tn_1871,1870,QUICKSILVER,,Lbs,4282,Hamburg,22418.0,8263.0,2.71
as_1878,1878,COTTON MANUFACTURES,"Piece Goods, Plain",,609,Italy,501919.0,185638.0,2.7
as_1891,1891,WOOLLEN AND WORSTED MANUFACTURES,Wool and Mohair Plushes,Yards,5243,United States of America,13055.0,4828.0,2.7
as_1882,1882,COTTON MANUFACTURES,Thread for Sewing,Lbs,846,Russia,241737.0,90247.0,2.68
as_1882,1882,COTTON MANUFACTURES,Thread for Sewing,Lbs,872,Australasia,242000.0,90247.0,2.68
as_1897,1894,CHEESE,East Africa,,10330,Northern Ports,102105.0,38236.0,2.67
tn_1871,1870,GLASS,Beads (British),,2018,Western Africa (Foreign),4610.0,1726.0,2.67
as_1880,1880,COTTON MANUFACTURES,"Piece Goods, Plain",,717,Japan,396344.0,149080.0,2.66
as_1897,1894,CHEESE,South Africa,,10799,Northern Ports,27235.0,10256.0,2.66
as_1880,1880,COTTON MANUFACTURES,Thread for Sewing,,892,Sweden and Norway,96947.0,36548.0,2.65
as_1897,1893,ALKALI,,Cwts,21,Denmark (including Iceland and Greenland),15569.0,5873.0,2.65
as_1874,1874,LINEN and JUTE YARN,Jute Yarn,Lbs,1528,Germany,37946.0,14379.0,2.64
as_1897,1897,"PAINTERS' COLOURS AND MATERIALS, UNENUMERATED",South Africa,,39078,British East Indies : Bengal,55923.0,21222.0,2.64
tn_1871,1870,MEAL and FLOUR,Thread for Sewing,,1486,Italy: Tuscany,146927.0,55618.0,2.64
as_1878,1878,COTTON MANUFACTURES,"Piece Goods, Plain",,619,Java,487699.0,185638.0,2.63
as_1879,1879,"HABERDASHERY and MILLINERY, including Em- broidery and Needlework","HABERDASHERY and MILITARY, including Em- broidery and Needle-work'd)",,951,Other Countries,218780.0,83263.0,2.63
as_1886,1886,SILK MANUFACTURES,Other Kinds,,3132,United States of America,41480.0,15792.0,2.63
as_1887,1887,"SEEDS, of all sorts",,,3403,United States of America,135686.0,51768.0,2.62
as_1892,1892,COPPER,Unenumerated,Cwts,1448,Argentine Republic,59326.0,22724.0,2.61
as_1898,1898,"ANIMALS, Living",Stallions,,420,Germany,1622.0,622.0,2.61
as_1875,1875,COTTON MANUFACTURES,"Piece Goods, Plain",,540,France,672341.0,258222.0,2.6
as_1897,1897,CHEESE,South Africa,,10837,Belgium,55570.0,21450.0,2.59
as_1898,1897,"TELEGRAPHIC WIRES, AND APPARATUS",East Africa,,43757,Australasia : Victoria,18883.0,7293.0,2.59
tn_1871,1870,"LINEN and JUTE YARN : 
                    Linen Yarn, of all Sorts",,Lbs,3360,Holland,21882.0,8433.0,2.59
as_1873,1873,SILK MANUFACTURES,Lace,,2289,France,57246.0,22202.0,2.58
as_1897,1897,ALKALI,,Cwts,30,Germany,3994.0,1550.0,2.58
as_1899,1897,Slates,"Grindstones, Millstones, and Other Sorts of Stone",Tons,44126,Australasia,4575.0,1771.0,2.58
as_1876,1876,LEATHER,"Tanned, Unwrought",,1269,Germany,384849.0,149911.0,2.57
tn_1871,1870,FLAX,Dressed and Undressed (Foreign),,1801,Russia,2962.0,1152.0,2.57
as_1878,1878,COTTON MANUFACTURES,"Piece Goods, Plain",,603,Germany,475676.0,185638.0,2.56
as_1880,1880,COTTON MANUFACTURES,"Piece Goods, Plain",,727,Chili,381910.0,149080.0,2.56
as_1897,1893,WOOLLEN AND WORSTED MANUFACTURES,Shawls,Number,48463,Portugal,37398.0,14598.0,2.56
as_1879,1879,TOBACCO and SNUFF Manufactured in the United Kingdom,Other Kinds of Manufactured Tobacco,,2153,British India: Bombay and Scinde     Bengal and Burmah,3860.0,1513.0,2.55
as_1883,1883,Meal and Flour,COTTON TWIST and YARN,,553,Russia,244303.0,95936.0,2.55
as_1892,1892,SKINS and FURS,"Foreign, Dressed in the United   Kingdom",No,5349,United States of America : Atlantic,346399.0,136041.0,2.55
as_1893,1893,Iron,"Cast, and Manufactures thereof,     unenumerated",Tons,3250,Brazil,121689.0,47710.0,2.55
as_1899,1896,CHEMICAL PRODUCTS AND PREPARATIONS not specially enumerated,West Africa,Tons,10647,British East Indies : Bombay,57692.0,22631.0,2.55
as_1880,1880,COTTON MANUFACTURES,"Piece Goods, Plain",,730,Argentine Republic,378376.0,149080.0,2.54
tn_1871,1870,GLASS,Looking-glasses and Mirrors in Frames,,1925,British North America,6864.0,2702.0,2.54
as_1884,1884,PAPER,"PICKLES, VINEGAR, SAUCES, CONDIMENTS, PRESERVED FRUITS, and CONFECTIONERY",,2321,Hong Kong,62077.0,24616.0,2.52
as_1897,1893,IMPLEMENTS AND TOOLS,Unenumerated,,25732,Germany,54651.0,21715.0,2.52
as_1872,1872,MACHINERY and Mill Work,Not being Steam Engines ; Other descrip- tions,,1810,Belgium,281876.0,112123.0,2.51
as_1876,1876,COTTON MANUFACTURES,"Piece Goods, Plain",,501,Japan,387030.0,154266.0,2.51
as_1880,1880,HATS,Of Other Sorts,,1181,Australia,21004.0,8359.0,2.51
as_1876,1876,COTTON MANUFACTURES,"Piece Goods, Plain",,511,Chili,386301.0,154266.0,2.5
as_1889,1889,"IRON,","Steel, Cast in Ingots and Blooms",Tons,2707,United States of America : Pacific,17557.0,7020.0,2.5
as_1897,1897,"PAINTERS' COLOURS AND MATERIALS, UNENUMERATED",South Africa,,39133,Australasia : New Zealand,53121.0,21222.0,2.5
as_1898,1898,"BRASS, AND MANUFACTURES OF, not being Ordnance",West Africa,,7056,Australasia : West Australia,1094.0,437.0,2.5
as_1880,1880,COTTON MANUFACTURES,"Piece Goods, Plain",,699,France,371270.0,149080.0,2.49
as_1880,1880,"ILLDWARRES and CUTLERY, Unenumerated",,,1104,Germany,182118.0,73087.0,2.49
as_1880,1880,"ILLDWARRES and CUTLERY, Unenumerated",,,1119,United States: Atlantic,182275.0,73087.0,2.49
as_1886,1886,"MEDICINES, comprising Drugs and Medicinal Preparations","METALS, Unenumerated and Manufactures thereof",,2606,United States of America : Atlantic,251078.0,100796.0,2.49
as_1891,1891,Iron,Cast in Ingots and Blooms,Tons,2783,United States of America : Pacific,23550.0,9460.0,2.49
tn_1871,1870,EARTHEN and CHINA WARE,Other Kinds (British),,1763,France,7516.0,3016.0,2.49
as_1876,1876,COTTON MANUFACTURES,"Piece Goods, Plain",,525,Ceylon,382604.0,154266.0,2.48
as_1887,1887,BLEACHING MATERIALS,,,341,Russia,48368.0,19537.0,2.48
as_1880,1880,COTTON MANUFACTURES,Thread for Sewing,,895,Holland,90340.0,36548.0,2.47
as_1897,1893,CHEESE,East Africa,,10389,Spain,42283.0,17118.0,2.47
as_1874,1874,"ARMS, AMMUNITION, and MILITARY STORES",Percussion Caps,,89,Belgium,793.0,322.0,2.46
as_1878,1878,IRON,"Steel, Bar, of all Kinds",Tons,1389,United States: Atlantic,163425.0,66470.0,2.46
as_1880,1880,COPPER,"Unwrought, in Ingots, Cakes, or Slabs",Cwts,571,Other Countries,74498.0,30243.0,2.46
as_1893,1893,"ARMS, AMMUNITION, AND MILITARY STORES",Other Fire-arms and Parts of Fire-arms,,355,United States of America,7742.0,3143.0,2.46
as_1897,1897,IMPLEMENTS AND TOOLS,South Africa,Implements and Tools,26003,Falkland Islands,2469.0,1005.0,2.46
as_1872,1872,CEMENT,,Cwts,362,Channel Islands,21268.0,8685.0,2.45
as_1889,1889,IRON,"Old and Scrap, for Re-Manufacture",,2185,United States of America,303279.0,123896.0,2.45
as_1897,1893,ALKALI,,Cwts,46,Portugal,14375.0,5873.0,2.45
as_1880,1880,COTTON MANUFACTURES,"Piece Goods, Plain",,715,Philippine Islands,363133.0,149080.0,2.44
as_1882,1882,WOOLLEN and WORSTED MANUFACTURES,"Coatings, Duffs, &c., all Wool",Yards,2608,United States : Atlantic,347360.0,142414.0,2.44
as_1878,1878,WOOL,"Other Sorts, including Foreign, dressed in the United Kingdom, and Flocks and Ragwool",,2280,Belgium,33546.0,13799.0,2.43
as_1880,1880,COPPER,"Mixed or Yellow Metal, for Sheathing",Cwts,587,United States: Atlantic,55352.0,22735.0,2.43
as_1880,1880,COTTON MANUFACTURES,"Piece Goods, Plain",,702,Italy,362360.0,149080.0,2.43
as_1893,1893,POTATOES,RAGS (except Woollen) and other Materials for making Paper,Tons,4846,France,18017.0,7415.0,2.43
as_1877,1877,"PICKLES, VINEGAR, and SAUCES",,,1663,British North America,204199.0,84211.0,2.42
as_1880,1880,COTTON MANUFACTURES,"Piece Goods, Plain",,696,Germany,361403.0,149080.0,2.42
as_1882,1882,LINEN MANUFACTURES,"Checked, Printed, or Dyed, and Damasks and Diapers",,1740,France,101795.0,42069.0,2.42
as_1875,1875,COTTON MANUFACTURES,"Piece Goods, Plain",,559,Foreign West Indies,623013.0,258222.0,2.41
as_1876,1876,COTTON MANUFACTURES,"Piece Goods, Plain",,481,Germany,371860.0,154266.0,2.41
as_1880,1880,COPPER,"Unwrought, in Ingots, Cakes, or Slabs",Cwts,566,Belgium,73017.0,30243.0,2.41
as_1897,1897,IMPLEMENTS AND TOOLS,South Africa,Implements and Tools,25968,Australasia : Tasmania,2426.0,1005.0,2.41
as_1898,1898,"BRASS, AND MANUFACTURES OF, not being Ordnance",West Africa,,7037,British East Indies : Straits Settlements,1053.0,437.0,2.41
as_1898,1898,CARRIAGES,"Railway Carriages for Passengers, and parts thereof",Railway Waggons,8453,West Africa : Sierra Leone,3434.0,1425.0,2.41
as_1876,1876,COTTON MANUFACTURES,"Piece Goods, Plain",,482,Holland,369758.0,154266.0,2.4
as_1878,1878,WOOLLEN and WORSTED MANUFACTURES,"Broad Cloths, Coatings, Duffels, &c., Plain, all Wool",,2297,Germany,1712900.0,713900.0,2.4
as_1879,1879,"CLAY, unmanufactured",Manufactures thereof,,404,Spain and Canaries,4160.0,1730.0,2.4
as_1882,1882,WOOLLEN and WORSTED MANUFACTURES,"Coatings, Duffs, &c., all Wool",Yards,2599,Germany,341604.0,142414.0,2.4
as_1898,1898,CARRIAGES,East Africa,,8913,Australasia : Queensland,19751.0,8234.0,2.4
as_1885,1885,WOOLLEN and WORSTED MANUFACTURES,"Coatings, &c.",,3510,United States of America : Atlantic,742796.0,311171.0,2.39
as_1874,1874,LINEN and JUTE YARN,Jute Yarn,Lbs,1532,United States: Atlantic Pacific,34169.0,14379.0,2.38
as_1880,1880,COPPER,"Mixed or Yellow Metal, for Sheathing",Cwts,582,Italy,54046.0,22735.0,2.38
as_1880,1880,"ILLDWARRES and CUTLERY, Unenumerated",,,1107,France,174161.0,73087.0,2.38
as_1882,1882,COTTON MANUFACTURES,Thread for Sewing,Lbs,863,United States of Colombia,214380.0,90247.0,2.38
as_1881,1881,HEMP,British Dressed,,1207,United States: Atlantic,1970.0,830.0,2.37
as_1898,1898,CARRIAGES,"Railway Carriages for Passengers, and parts thereof",Railway Waggons,8477,West Africa : East Africa (British),3374.0,1425.0,2.37
as_1873,1873,COTTON YARN and TWIST,,,655,Madras,565977.0,239977.0,2.36
as_1879,1879,UMBRELLAS and PARASOLS,,,2173,British North America,59168.0,25089.0,2.36
as_1881,1881,"MUSICAL INSTRUMENTS, and Parts thereof",,,2025,British North America,71727.0,30371.0,2.36
as_1888,1888,PLATED and GILT WARES,"SALTPETRE, British Prepared",,3708,Brazil,12762.0,5402.0,2.36
as_1897,1896,"CAOUTCHOU, MANUFACTURES OF",South Africa,,8237,British East Indies : Victoria,65253.0,27610.0,2.36
as_1873,1873,SILK MANUFACTURES,Lace,,2291,Australia,52106.0,22202.0,2.35
as_1878,1878,COTTON MANUFACTURES,"Piece Goods, Plain",,636,Argentine Republic,435890.0,185638.0,2.35
as_1883,1883,Meal and Flour,Oatmeal,,549,United States: Atlantic,10840.0,4616.0,2.35
as_1888,1888,SKINS and FURS,"Foreign, Dressed in the United Kingdom",,3871,France,80380.0,34262.0,2.35
as_1898,1898,CHEMICAL PRODUCTS AND PREPARATIONS not specially enumerated,,,10313,United States of America : On the Atlantic,35755.0,15222.0,2.35
as_1878,1878,CAOUTCHouc MANUFACTURES,,,289,France,116950.0,50039.0,2.34
as_1880,1880,COPPER,"Mixed or Yellow Metal, for Sheathing",Cwts,577,Sweden and Norway,53172.0,22735.0,2.34
as_1880,1880,COPPER,"Unwrought, in Ingots, Cakes, or Slabs",Cwts,569,United States: Atlantic,70674.0,30243.0,2.34
as_1898,1895,HATS,West Africa,Dozens,24763,Spanish West India Islands,20917.0,8937.0,2.34
as_1899,1895,HATS,West Africa,Dozens,24762,Cuba and Porto Rico,20917.0,8937.0,2.34
as_1874,1874,CEMENT,,Cwts,355,Denmark,27038.0,11616.0,2.33
as_1878,1878,TOBACCO and SNUFF Manufactured in the United Kingdom,Other Kinds of Manufactured Tobacco,,2171,British Possessions in South Africa,15895.0,6813.0,2.33
as_1878,1878,TOBACCO and SNUFF Manufactured in the United Kingdom,Other Kinds of Manufactured Tobacco,,2196,British Possessions in South Africa,15895.0,6813.0,2.33
as_1878,1878,TOBACCO and SNUFF Manufactured in the United Kingdom,Other Kinds of Manufactured Tobacco,,2221,British Possessions in South Africa,15895.0,6813.0,2.33
as_1882,1882,COTTON MANUFACTURES,Hosiery of Other Sorts,,842,British West India Islands and British Guiana,97798.0,41981.0,2.33
as_1886,1886,"ELECTRIC LIGHTING APPARATUS, OR PARTS THEREOF (EXCEPT STEAM ENGINES)",,,1230,Australasia,7704.0,3301.0,2.33
as_1890,1890,PLATE,RAGS (except Woollen) and other Materials for making Paper,Tons,3932,Germany,12422.0,5340.0,2.33
as_1898,1894,"ARMS, AMMUNITION, &c.",West Africa,,2893,Cape of Good Hope,262406.0,112739.0,2.33
as_1898,1898,LEAD,"Not being Steam Engines, Agricultural : Sewing Machines",,35488,Cape of Good Hope,15436.0,6637.0,2.33
as_1887,1887,IMPLEMENTS and Tools,Agricultural,,1757,Argentine Republic,51042.0,22027.0,2.32
as_1897,1893,"CAOUTCHOU, MANUFACTURES OF",South Africa,,8234,British East Indies : Victoria,51665.0,22275.0,2.32
as_1897,1893,CHEESE,South Africa,,10798,Northern Ports,24167.0,10417.0,2.32
as_1897,1893,CHEESE,South Africa,,10823,Germany,24169.0,10417.0,2.32
as_1878,1878,COTTON MANUFACTURES,"Piece Goods, Plain",,606,France,429561.0,185638.0,2.31
as_1888,1888,LINEN MANUFACTURES,Thread for Sewing,Lbs,2885,United States of America : Atlantic,150539.0,65202.0,2.31
as_1898,1897,WOOD AND TIMBER,Waste,Lbs,45406,Germany,2462751.0,1067115.0,2.31
tn_1871,1870,MEAL and FLOUR,Mixed Goods,,1389,Brazil,33892.0,14695.0,2.31
as_1879,1879,"CLAY, unmanufactured",Manufactures thereof,,399,Sweden and Norway,3980.0,1730.0,2.3
as_1882,1882,LEATHER,"Tanned, Unwrought",,1686,Holland,114303.0,49595.0,2.3
as_1887,1887,IRON,"Old and Scrap, for Re-Manu-     facture",Tons,1822,Italy,187475.0,81687.0,2.3
as_1898,1898,"ANIMALS, Living",Stallions,Number,1031,Canada,1221.0,532.0,2.3
as_1873,1873,COTTON YARN and TWIST,,,643,France,550441.0,239977.0,2.29
as_1883,1883,Meal and Flour,COTTON TWIST and YARN,,554,Sweden and Norway,219436.0,95936.0,2.29
as_1897,1896,CHEESE,South Africa,,10836,Belgium,51675.0,22531.0,2.29
as_1898,1898,"SPIRITS, British and Irish",West Africa,,42656,Cape of Good Hope,121513.0,53153.0,2.29
as_1876,1876,COTTON MANUFACTURES,Lace and Patent Net,,601,Holland,145408.0,63788.0,2.28
as_1898,1894,ALKALI,,Cwts,66,Austrian Territories,13159.0,5778.0,2.28
as_1873,1873,COTTON YARN and TWIST,,,658,Hong Kong,545059.0,239977.0,2.27
as_1897,1894,ALKALI,,Cwts,67,Austrian Territories,13139.0,5778.0,2.27
tn_1871,1870,MEAL and FLOUR,Mixed Goods,,1374,Italy: Genoa,33401.0,14695.0,2.27
tn_1871,1870,QUICKSILVER,,Lbs,4285,France,18773.0,8263.0,2.27
tn_1871,1870,"STATIONERY, other than Paper","Slate, by Tale",,5006,Channel Islands,17818.0,7846.0,2.27
as_1879,1879,"COALS, CINDERS, &c.",Coals,,436,United States: Atlantic,46915.0,20800.0,2.26
as_1884,1884,BLEACHING MATERIALS,,,249,Belgium,46199.0,20443.0,2.26
as_1899,1899,Gold,Silver,Oz. Troy,40802,France,63465.0,28061.0,2.26
as_1878,1878,CAOUTCHouc MANUFACTURES,,,286,Germany,112521.0,50039.0,2.25
as_1898,1898,ALKALI,,Cwts,60,Spain,10763.0,4780.0,2.25
as_1879,1879,"TIN, Unwrought",,,2142,United States: Atlantic,124050.0,55297.0,2.24
as_1897,1893,"SILK MANUFACTURES, WHOLLY OF SILK","British, Sheep and Lambs', Undressed, without the Wool",Number,41187,United States of America,700231.0,313117.0,2.24
as_1874,1874,CEMENT,,Cwts,363,Argentine Republic,25957.0,11616.0,2.23
as_1875,1875,COTTON MANUFACTURES,"Piece Goods, Plain",,581,Australia,575686.0,258222.0,2.23
as_1880,1880,COPPER,"Mixed or Yellow Metal, for Sheathing",Cwts,581,France,50554.0,22735.0,2.22
tn_1871,1870,PICTURES,"PLATE, Gold and Silver",,4166,Foreign West Indies,8690.0,3919.0,2.22
as_1873,1873,"CORDAGE, CABLES, and ROPES of HEMP or like MATERIAL",,,601,British North America,80946.0,36579.0,2.21
as_1897,1895,ALKALI,,Cwts,73,Greece,8441.0,3813.0,2.21
as_1897,1895,"CAOUTCHOU, MANUFACTURES OF",South Africa,,8236,British East Indies : Victoria,65587.0,29623.0,2.21
as_1897,1894,"COAL, CINDERS, &c.",East Africa,,11782,British East Indies : Bombay,387772.0,175124.0,2.21
as_1877,1877,COTTON MANUFACTURES,"Piece Goods, Plain",,609,British West India Islands and British Guiana,1463054.0,666221.0,2.2
as_1895,1895,SKINS and FURS,"Foreign, Dressed in the United Kingdom",No,5381,France,119034.0,54064.0,2.2
as_1897,1896,"COAL, CINDERS, &c.",Coal and Culm continued,Tons,11697,Argentine Republic,266228.0,121222.0,2.2
as_1898,1895,ALKALI,,Cwts,72,Greece,8441.0,3843.0,2.2
as_1898,1897,"TOBACCO AND SNUFF, MANUFACTURED IN THE UNITED KINGDOM","Cavendish or Negrohead, Manufactured in Bond from Unmanufactured Tobacco",Lbs,44212,Belgium,3911.0,1775.0,2.2
as_1882,1882,LEATHER,"Tanned, Unwrought",,1696,British North America,108699.0,49595.0,2.19
as_1884,1884,"Bags and Sacks, Empty",,,175,Russia,126149.0,57662.0,2.19
as_1873,1873,SKINS and FURS,SOAP,,2371,British West India Islands and British Guiana,59005.0,27051.0,2.18
as_1883,1883,Meal and Flour,COTTON TWIST and YARN,,562,Austrian Territories,208826.0,95936.0,2.18
as_1877,1877,PLATED and GILT WARES,,,1691,Other Countries,71793.0,33046.0,2.17
as_1879,1879,CORN and GRAIN,Malt,,553,British Possessions in South Africa,5237.0,2415.0,2.17
as_1897,1896,IMPLEMENTS AND TOOLS,South Africa,,30506,Natal,46610.0,21525.0,2.17
as_1897,1897,"PAINTERS' COLOURS AND MATERIALS, UNENUMERATED",South Africa,,39113,Australasia : Victoria,46129.0,21222.0,2.17
as_1898,1898,ALKALI,,Cwts,25,Denmark,10354.0,4780.0,2.17
as_1885,1885,"OIL, other than Essential or Medicinal","OIL and FLOOR CLOTH, including India Rubber Cloth",,2664,Spain,112146.0,51997.0,2.16
as_1897,1894,ALKALI,,Cwts,47,Portugal,12477.0,5778.0,2.16
as_1897,1897,"ARMS, AMMUNITION, &c.",South Africa,,2894,Cape of Good Hope,121957.0,56489.0,2.16
as_1897,1897,"PAINTERS' COLOURS AND MATERIALS, UNENUMERATED",South Africa,,38487,South Africa : Cape of Good Hope,22141.0,10232.0,2.16
as_1898,1894,ALKALI,,Cwts,46,Portugal,12477.0,5778.0,2.16
tn_1871,1870,MEAL and FLOUR,"Handkerchiefs and Shawls, Printed or Dyed",,1335,Peru,13129.0,6092.0,2.16
as_1877,1877,PAINTERS' COLOURS and MATERIALS,"Unenumerated, and Articles of Paper (except Papier Mâché)",,1632,Australia,67383.0,31310.0,2.15
as_1881,1881,EARTHEN and CHINA WARE,Red Pottery and Brown Stone Ware,,901,Holland,6257.0,2917.0,2.15
as_1883,1883,BLEACHING MATERIALS,,,242,Germany,36489.0,17008.0,2.15
as_1885,1885,WOOL,Flocks and Ragwool,,3369,Sweden and Norway,42005.0,19570.0,2.15
as_1897,1894,CHEESE,East Africa,,10365,Belgium,82220.0,38236.0,2.15
as_1875,1875,COTTON MANUFACTURES,"Piece Goods, Plain",,553,Java,551421.0,258222.0,2.14
as_1883,1883,BLEACHING MATERIALS,,,244,Belgium,36347.0,17008.0,2.14
as_1897,1897,LEAD,Pig,Tons,32598,Japan,2824.0,1317.0,2.14
tn_1871,1870,"LINEN AND JUTE MANUFACTURES: 
                    » JUTE MANUFACTURES: 
                    » Bags, empty, for packing Merchandise",,,3576,Australia,21468.0,10017.0,2.14
tn_1871,1870,MEAL and FLOUR,Piece Goods: Of Other Countries (Foreign),Pieces,1518,Japan,21479.0,10020.0,2.14
as_1879,1879,COPPER,"Mixed or Yellow Metal, for Sheathing",,493,British India: Bombay and Scinde,138360.0,65011.0,2.13
as_1899,1899,"COAL, CINDERS, &c.",West Africa,,11434,Cape of Good Hope,304544.0,143073.0,2.13
as_1877,1877,"ARMS, AMMUNITION, and MILITARY STORES",Rifles,No,128,British Possessions in South Africa,30943.0,14576.0,2.12
as_1879,1879,"HABERDASHERY and MILLINERY, including Em- broidery and Needlework","HARDWARES and CUTLERY, Unenumerated",Cwts,978,Brazil,230390.0,108443.0,2.12
as_1897,1894,"COAL, CINDERS, &c.",Coal and Culm continued,Tons,11695,Argentine Republic,244329.0,115420.0,2.12
as_1897,1897,IMPLEMENTS AND TOOLS,South Africa,Implements and Tools,25903,Mauritius and Dependencies,2127.0,1005.0,2.12
as_1880,1880,HATS,Of Straw,,1174,Canada,50368.0,23865.0,2.11
as_1884,1884,"CHEMICAL PRODUCTS or Preparations, not specially enumerated",,,424,British North America,118693.0,56279.0,2.11
as_1873,1873,COTTON YARN and TWIST,,,649,Egypt,503127.0,239977.0,2.1
as_1898,1894,Gold,Silver,Oz. Troy,39973,Chile,13172.0,6258.0,2.1
as_1898,1897,Gold,Silver,Oz. Troy,39976,Chile,13121.0,6246.0,2.1
as_1872,1872,MACHINERY and Mill Work,"Steam Engines or Parts of Steam Engines, Locomotive",,1758,Belgium,78886.0,37831.0,2.09
as_1874,1874,CEMENT,,Cwts,354,Sweden and Norway,24320.0,11616.0,2.09
as_1881,1881,"MANURE, Unenumerated",,,1979,France,77451.0,37025.0,2.09
as_1897,1893,ALKALI,,Cwts,41,France,12294.0,5873.0,2.09
as_1898,1898,"SPIRITS, British and Irish",West Africa,,43103,Cape of Good Hope,111254.0,53153.0,2.09
tn_1871,1870,COPPER,Mixed or Yellow Metal for Sheathing,Cwts,1004,all Countries,3687.0,1765.0,2.09
as_1899,1898,Gold,Silver,Oz. Troy,40786,Germany,16593.0,7977.0,2.08
as_1879,1879,COPPER,"Unwrought, in Ingots, Cakes, or Slabs",,469,Holland,118530.0,57233.0,2.07
as_1881,1881,EARTHEN and CHINA WARE,Red Pottery and Brown Stone Ware,,900,Germany,6035.0,2917.0,2.07
as_1898,1898,"ANIMALS, Living",Stallions,Number,1004,Natal,1099.0,532.0,2.07
tn_1871,1870,MEAL and FLOUR,"Handkerchiefs and Shawls, Printed or Dyed",,1331,S. Atlantic Ports,12629.0,6092.0,2.07
tn_1871,1870,MEAL and FLOUR,Thread for Sewing,,1483,France,115112.0,55618.0,2.07
as_1872,1872,SKINS and FURS,SOAP,,2370,British West India Islands and British Guiana,69092.0,33612.0,2.06
as_1874,1874,BRASS,"Manufactures of, not being Ordnance",,265,Holland,78155.0,37913.0,2.06
as_1897,1893,"SILK MANUFACTURES, WHOLLY OF SILK","British, Unenumerated",Skins and Furs,41254,Canada,3925.0,1905.0,2.06
tn_1871,1870,MEAL and FLOUR,"Handkerchiefs and Shawls, Printed or Dyed",,1336,Chili,12571.0,6092.0,2.06
as_1873,1873,SILK MANUFACTURES,Broad Stuffs,,2314,United States: Atlantic,65563.0,31996.0,2.05
as_1879,1879,COPPER,Unenumerated (Coal),,516,British India: Bombay and Scinde,181050.0,88474.0,2.05
as_1897,1895,"COAL, CINDERS, &c.",Coal and Culm continued,Tons,11696,Argentine Republic,249229.0,121441.0,2.05
as_1897,1894,IMPLEMENTS AND TOOLS,Unenumerated,,25733,Germany,50192.0,24448.0,2.05
as_1898,1897,Gold,Silver,Oz. Troy,39961,China,12816.0,6246.0,2.05
tn_1871,1870,MEAL and FLOUR,Piece Goods: Of Other Countries (Foreign),Pieces,1523,British West India Islands and British Guiana,20538.0,10020.0,2.05
as_1874,1874,LINEN and JUTE YARN,Jute Yarn,Lbs,1529,Holland,29402.0,14379.0,2.04
as_1881,1881,HATS,Of Straw,,1193,British North America,52656.0,25785.0,2.04
as_1888,1888,"ELECTRIC LIGHTING APPARATUS, OR PARTS THEREOF (EXCEPT STEAM ENGINES)",,,1505,Spain,28101.0,13805.0,2.04
as_1897,1895,"PAINTERS' COLOURS AND MATERIALS, UNENUMERATED",South Africa,Provisions,39721,British East Indies : Bombay,59499.0,29235.0,2.04
as_1881,1881,EARTHEN and CHINA WARE,Red Pottery and Brown Stone Ware,,899,Denmark,5931.0,2917.0,2.03
as_1881,1881,IRON,Galvanized (other than Wire or Manufactures of Wire),,1471,British Possessions in South Africa,202458.0,99573.0,2.03
as_1885,1885,BLEACHING MATERIALS,,Cwts,323,Germany,41708.0,20529.0,2.03
as_1897,1897,CHEESE,South Africa,,10842,France,43565.0,21450.0,2.03
as_1899,1895,WOOD AND TIMBER,Ore,Articles,50975,France,109596.0,53938.0,2.03
as_1878,1878,COTTON MANUFACTURES,"Piece Goods, Plain",,624,United States : Atlantic,374996.0,185638.0,2.02
as_1879,1879,"MANURE, Unenumerated",,,1650,Foreign West Indies,51928.0,25716.0,2.02
as_1883,1883,CORN and GRAIN,Oats,,542,British West India Islands and British Guiana,6406.0,3174.0,2.02
as_1898,1894,ALKALI,,Cwts,91,Turkey : Asiatic,11691.0,5778.0,2.02
as_1898,1895,"ARMS, AMMUNITION, &c.",,,3007,Canada,11152.0,5522.0,2.02
as_1878,1878,WOOLLEN and WORSTED MANUFACTURES,"Worsted Stuffs, of Wool mixed with other Materials",,2381,Germany,499057.0,248684.0,2.01
as_1886,1886,"PRINTS, ENGRAVINGS, DRAWINGS, &c.",,,2935,United States of America,113685.0,56498.0,2.01
as_1897,1894,ALKALI,,Cwts,92,Turkey : Asiatic,11601.0,5778.0,2.01
as_1897,1895,CHEESE,South Africa,,10835,Belgium,46756.0,23304.0,2.01
as_1875,1875,COTTON MANUFACTURES,"Piece Goods, Plain",,538,Holland,515352.0,258222.0,2.0
as_1879,1879,"COALS, CINDERS, &c.",Coals,,435,Java,41510.0,20800.0,2.0
as_1885,1885,WOOL,Flocks and Ragwool,,3372,Belgium,39099.0,19570.0,2.0
as_1897,1895,EARTHEN AND CHINA WARE,South Africa,,20789,Cape of Good Hope,16942.0,8452.0,2.0
as_1897,1896,IMPLEMENTS AND TOOLS,South Africa,,30566,Australasia : New South Wales,43134.0,21525.0,2.0
as_1898,1898,"BRASS, AND MANUFACTURES OF, not being Ordnance",East Africa,,6633,Zanzibar and Pemba,24.0,12.0,2.0
as_1898,1895,Gold,Silver,Oz. Troy,39974,Chile,14527.0,7254.0,2.0
as_1899,1897,Gold,Silver,Oz. Troy,40800,France,59933.0,30030.0,2.0
as_1899,1899,"HABERDASHERY and MILLINERY, including Embroidery and Needle-work",West Africa,,23741,Cape of Good Hope,265014.0,132238.0,2.0
as_1898,1895,ALKALI,,Cwts,17,Norway,7629.0,3843.0,1.99
as_1874,1874,CEMENT,,Cwts,369,Australia,22961.0,11616.0,1.98
as_1880,1880,COTTON MANUFACTURES,Hosiery of Other Sorts,,887,British West India Islands and British Guiana,70099.0,35330.0,1.98
as_1880,1880,"ILLDWARRES and CUTLERY, Unenumerated",,,1136,Bengal and Burmah,144892.0,73087.0,1.98
as_1873,1873,COTTON YARN and TWIST,,,654,British India: Bombay and Scinde,472244.0,239977.0,1.97
as_1878,1878,COTTON MANUFACTURES,"Piece Goods, Plain",,643,Madras,366112.0,185638.0,1.97
as_1881,1881,EARTHEN and CHINA WARE,Red Pottery and Brown Stone Ware,,905,Australasia,5740.0,2917.0,1.97
as_1887,1887,BLEACHING MATERIALS,,,345,Belgium,38492.0,19537.0,1.97
as_1873,1873,"CARRIAGES, CARTS, &c.",Railway Carriages for Passengers,No,331,New Zealand,32400.0,16499.0,1.96
as_1879,1879,"TIN, Unwrought",,,2139,France,108390.0,55297.0,1.96
as_1891,1891,"CARRIAGES, &c.","Railway Waggons, Trucks, &c., and parts thereof for Ballast, Minerals, or Merchandise",,573,Mexico,58642.0,29943.0,1.96
as_1894,1894,POTATOES,RAGS (except Woollen) and other Materials for making Paper,Tons,5002,Belgium,14454.0,7365.0,1.96
as_1885,1885,"OIL, other than Essential or Medicinal",Seed,,2625,Austrian Territories,80988.0,41431.0,1.95
as_1898,1894,ALKALI,,Cwts,21,Denmark,11263.0,5778.0,1.95
as_1873,1873,APPAREL and SLOPS,,,52,British Possessions in South Africa,458114.0,236367.0,1.94
as_1878,1878,"TIN, Unwrought",,,2156,France,102730.0,52913.0,1.94
as_1878,1878,"TIN, Unwrought",,,2181,France,102730.0,52913.0,1.94
as_1878,1878,"TIN, Unwrought",,,2206,France,102730.0,52913.0,1.94
as_1880,1880,COTTON MANUFACTURES,"Piece Goods, Plain",,698,Belgium,289629.0,149080.0,1.94
as_1897,1894,ALKALI,,Cwts,22,Denmark (including Iceland and Greenland),11203.0,5778.0,1.94
as_1897,1895,"COAL, CINDERS, &c.",East Africa,,11783,British East Indies : Bombay,348776.0,180012.0,1.94
as_1897,1893,COTTON MANUFACTURES,South Africa,,17744,Cape of Good Hope,175621.0,90534.0,1.94
as_1881,1881,"MANURE, Unenumerated",,,1984,Channel Islands,71516.0,37025.0,1.93
as_1899,1897,HATS,West Africa,Dozens,24734,Belgium,16055.0,8317.0,1.93
tn_1871,1870,PICTURES,"PLATE, Gold and Silver",,4161,Spain and the Canaries,7565.0,3919.0,1.93
as_1881,1881,HEMP,British Dressed,,1208,Channel Islands,1595.0,830.0,1.92
as_1890,1890,SKINS and FURS,"Foreign, Dressed in the United Kingdom",No,4174,France,119581.0,62140.0,1.92
as_1897,1897,IMPLEMENTS AND TOOLS,South Africa,,28668,Cape of Good Hope,217773.0,113333.0,1.92
as_1898,1897,HATS,West Africa,Dozens,24735,Belgium,16035.0,8347.0,1.92
as_1873,1873,SILK MANUFACTURES,Unenumerated,,2296,Holland,50858.0,26616.0,1.91
as_1879,1879,COPPER,Unenumerated (Coal),,510,Turkey,168862.0,88474.0,1.91
as_1886,1886,PAPER,"Pasteboard, Millboard, &c. (including Playing Cards)",,2807,Australasia,35741.0,18687.0,1.91
as_1894,1894,SKINS and FURS,"Foreign, Dressed in the United   Kingdom",No,5302,France,167476.0,87837.0,1.91
as_1897,1896,IMPLEMENTS AND TOOLS,South Africa,,30516,British East Indies : Bombay,41119.0,21525.0,1.91
as_1897,1895,ALKALI,,Cwts,68,Austrian Territories,7254.0,3813.0,1.9
as_1884,1884,BLEACHING MATERIALS,,,245,Russia,38670.0,20443.0,1.89
as_1897,1896,"FISH, FRESH and CURED",Herrings,Barrels,21510,Russia,244781.0,129576.0,1.89
as_1898,1895,ALKALI,,Cwts,67,Austrian Territories,7264.0,3843.0,1.89
tn_1871,1870,BLEACHING MATERIALS,,BLEACHING MATERIALS :,368,Russia,16289.0,8632.0,1.89
as_1872,1872,"ARMS, AMMUNITION, and MILITARY STORES",Percussion Caps,No,84,British Possessions in South Africa,8048.0,4290.0,1.88
as_1879,1879,"MANURE, Unenumerated",,,1642,Russia,48370.0,25716.0,1.88
as_1880,1880,COTTON MANUFACTURES,Thread for Sewing,,899,Spain and Canaries,68872.0,36548.0,1.88
as_1883,1883,Meal and Flour,COTTON TWIST and YARN,,555,Denmark,179918.0,95936.0,1.88
as_1885,1885,WOOL,"Foreign, dressed in the United Kingdom",,3360,Spain,15472.0,8230.0,1.88
as_1892,1892,"CARRIAGES, &c.","Railway Waggon, Trucks, &c., and parts thereof for Ballast, Minerals, or Merchandise",,1085,Turkey,7616.0,4043.0,1.88
as_1897,1893,CHEESE,East Africa,,10344,Norway,32244.0,17118.0,1.88
as_1898,1894,HATS,West Africa,Dozens,24762,Spanish West India Islands,15250.0,8111.0,1.88
as_1898,1898,WOOD AND TIMBER,"Woollen Tissues, Heavy, Broad, all Wool",,46179,British East Indies : British Burmah,3745.0,1995.0,1.88
tn_1871,1870,MEAL and FLOUR,"Handkerchiefs and Shawls, Printed or Dyed",,1318,Hamburg,11453.0,6092.0,1.88
as_1872,1872,MACHINERY and Mill Work,"Steam Engines or Parts of Steam Engines, other Descriptions",,1776,Germany,377488.0,201579.0,1.87
as_1876,1876,COTTON MANUFACTURES,"Piece Goods, Plain",,515,Gibraltar,288286.0,154266.0,1.87
as_1888,1888,"ELECTRIC LIGHTING APPARATUS, OR PARTS THEREOF (EXCEPT STEAM ENGINES)",,,1515,Australasia,11585.0,6197.0,1.87
as_1897,1895,CHEESE,East Africa,,10366,Belgium,72694.0,38975.0,1.87
as_1897,1894,COTTON MANUFACTURES,South Africa,,17745,Cape of Good Hope,151332.0,81061.0,1.87
as_1898,1898,ALKALI,,Cwts,105,Egypt,8932.0,4780.0,1.87
as_1898,1898,"ANIMALS, Living",Stallions,Number,999,Cape of Good Hope,996.0,532.0,1.87
as_1898,1896,HATS,West Africa,Dozens,24764,Spanish West India Islands,15696.0,8391.0,1.87
as_1898,1896,"TELEGRAPHIC WIRES, AND APPARATUS",East Africa,,43736,British East Indies : Straits Settlements,11613.0,6205.0,1.87
as_1899,1896,HATS,West Africa,Dozens,24763,Cuba and Porto Rico,15696.0,8391.0,1.87
as_1899,1899,HATS,West Africa,Dozens,24736,Belgium,1535.0,823.0,1.87
tn_1871,1870,MEAL and FLOUR,COTTON TWIST and YARN (British),,1205,Bengal and Pegu,1220450.0,653946.0,1.87
as_1873,1873,"COALS, CINDERS, &c.","Fuel, Manufactures",,507,Spain,47494.0,25508.0,1.86
as_1876,1876,COTTON MANUFACTURES,"Piece Goods, Plain",,499,Philippine Islands,286830.0,154266.0,1.86
as_1878,1878,WOOLLEN and WORSTED MANUFACTURES,"Worsted Stuffs, of Wool mixed with other Materials",,2403,Australia,461945.0,248684.0,1.86
as_1885,1885,SILK MANUFACTURES,Broad Stuffs,,3059,France,72618.0,39016.0,1.86
as_1897,1894,ALKALI,,Cwts,72,Greece,10767.0,5778.0,1.86
as_1898,1894,ALKALI,,Cwts,71,Greece,10767.0,5778.0,1.86
as_1878,1878,WOOL,Sheep and Lambs' (British),,2273,Belgium,45344.0,24503.0,1.85
as_1880,1880,COTTON MANUFACTURES,"Piece Goods, Plain",,697,Holland,275243.0,149080.0,1.85
as_1881,1881,HEMP,British Dressed,,1206,France,1536.0,830.0,1.85
as_1886,1886,GLASS,"Plate, Rough or Silvered (includ-     ing Looking Glasses or Mirrors)",Square Feet,1307,United States of America,156053.0,84314.0,1.85
as_1887,1887,IMPLEMENTS and Tools,Agricultural,,1764,Other British Possessions,10635.0,5751.0,1.85
as_1888,1888,PLATED and GILT WARES,"SALTPETRE, British Prepared",,3704,"Portugal, Azores, and Madeira",9987.0,5402.0,1.85
as_1897,1895,CHEESE,East Africa,,10331,Northern Ports,72229.0,38975.0,1.85
as_1897,1893,Slates,West Africa,,42607,Newfoundland,19200.0,10400.0,1.85
as_1898,1898,CARRIAGES,"Railway Carriages for Passengers, and parts thereof",Railway Waggons,8461,West Africa : Lagos,2639.0,1425.0,1.85
as_1898,1896,"TELEGRAPHIC WIRES, AND APPARATUS",East Africa,,43756,Australasia : Victoria,11465.0,6205.0,1.85
as_1879,1879,"CLAY, unmanufactured",,,394,France,34560.0,18778.0,1.84
as_1880,1880,"Books, Printed",,,293,British West India Islands and British Guiana,58488.0,31807.0,1.84
as_1892,1892,Iron,Tin Plates and Sheets,Tons,3319,British North America,225790.0,123044.0,1.84
as_1897,1895,ALKALI,,Cwts,18,Norway,7020.0,3813.0,1.84
as_1897,1897,IMPLEMENTS AND TOOLS,Possessions in Indian Seas,,31218,United States of America : On the Atlantic,211512.0,114742.0,1.84
tn_1871,1870,MEAL and FLOUR,"Handkerchiefs and Shawls, Printed or Dyed",,1326,Egypt,11185.0,6092.0,1.84
tn_1871,1870,"STATIONERY, other than Paper","Slate, by Tale",,4998,Schleswig-Holstein,14429.0,7846.0,1.84
as_1880,1880,"ILLDWARRES and CUTLERY, Unenumerated",,,1141,Canada,134057.0,73087.0,1.83
as_1897,1895,"CAOUTCHOU, MANUFACTURES OF",South Africa,,8241,British East Indies : New South Wales,54268.0,29623.0,1.83
as_1897,1894,"COAL, CINDERS, &c.",South Africa,,11756,Cape of Good Hope,141479.0,77267.0,1.83
as_1886,1886,"OIL, other than Essential or Medicinal","OIL and FLOOR CLOTH, including India Rubber Cloth",,2697,Pacific,65431.0,36008.0,1.82
as_1888,1888,SILK MANUFACTURES,Other Kinds,,3849,United States of America,34871.0,19144.0,1.82
as_1897,1897,LEAD,"Wrought, Boots and Shoes",Doz. Pts,32993,Holland,3723.0,2043.0,1.82
as_1897,1893,"PAINTERS' COLOURS AND MATERIALS, UNENUMERATED",West Africa,—,40142,United States of America,22222.0,12222.0,1.82
as_1898,1898,CHEESE,,Cwts,9884,France,222.0,122.0,1.82
as_1898,1896,"COAL, CINDERS, &c.",West Africa,,11582,Cape of Good Hope,209413.0,115140.0,1.82
as_1898,1898,Gold,Silver,Oz. Troy,39857,Cape of Good Hope,346.0,190.0,1.82
as_1899,1895,"COAL, CINDERS, &c.",West Africa,,11430,Cape of Good Hope,189584.0,104027.0,1.82
as_1899,1896,"COAL, CINDERS, &c.",West Africa,,11431,Cape of Good Hope,209413.0,115140.0,1.82
as_1892,1892,Iron,Tin Plates and Sheets,Tons,3298,United States of America : Atlantic,3456105.0,1907172.0,1.81
as_1897,1897,"SILK MANUFACTURES, WHOLLY OF SILK","Handkerchiefs, Scarfs, and Shawls",,40696,West Africa : British East Indies,26617.0,14722.0,1.81
as_1897,1897,"SILK MANUFACTURES, WHOLLY OF SILK",South Africa,,41504,British East Indies : Borneo,47400.0,26200.0,1.81
as_1898,1898,ALKALI,,Cwts,75,Greece,8632.0,4780.0,1.81
as_1899,1899,"COAL, CINDERS, &c.",West Africa,,11205,Portuguese Possessions,258963.0,143073.0,1.81
as_1876,1876,COTTON MANUFACTURES,"Piece Goods, Plain",,483,Belgium,278437.0,154266.0,1.8
as_1879,1879,"COALS, CINDERS, &c.","Fuel, Manufactured",,447,France,57650.0,32066.0,1.8
as_1879,1879,WOOLLEN and WORSTED MANUFACTURES,"Broad Cloths, Coatings, Duffs, &c., Plain, all Wool",Yards,2235,Germany,1410900.0,785800.0,1.8
as_1898,1898,Gold,Silver,Oz. Troy,39852,Channel Islands,342.0,190.0,1.8
as_1898,1898,"TOBACCO AND SNUFF, MANUFACTURED IN THE UNITED KINGDOM","Cavendish or Negrohead, Manufactured in Bond from Unmanufactured Tobacco",Lbs,44213,Belgium,5760.0,3203.0,1.8
as_1898,1898,WOOD AND TIMBER,"Worsted Tissues, Coatings, Broad, mixed with other Materials",Yards,47957,Cape of Good Hope,8753.0,4871.0,1.8
as_1873,1873,COTTON YARN and TWIST,,,651,Japan,428530.0,239977.0,1.79
as_1876,1876,COTTON MANUFACTURES,Lace and Patent Net,,604,Spain and Canaries,114229.0,63788.0,1.79
as_1880,1880,"Books, Printed",,,285,British Possessions in South Africa,56883.0,31807.0,1.79
as_1897,1897,CHEESE,South Africa,,10827,Germany,38299.0,21450.0,1.79
as_1898,1898,Gold,Silver,Oz. Troy,39872,Australasia,340.0,190.0,1.79
as_1880,1880,COTTON MANUFACTURES,"Piece Goods, Plain",,744,British West India Islands and British Guiana,265861.0,149080.0,1.78
as_1883,1883,"PICKLES, VINEGAR, SAUCES, CONDIMENTS, PRESERVED FRUITS, and CONFECTIONERY",,,2194,United States: Atlantic Pacific,162594.0,91379.0,1.78
tn_1871,1870,MEAL and FLOUR,Lace and Patent Net,,1345,Spain and the Canaries,92742.0,52148.0,1.78
as_1878,1878,PICTURES,,,1824,Holland,21050.0,11926.0,1.77
as_1883,1883,Meal and Flour,COTTON TWIST and YARN,,580,Straits Settlements,169425.0,95936.0,1.77
as_1885,1885,"OIL, other than Essential or Medicinal",Seed,,2616,Sweden and Norway,73290.0,41431.0,1.77
as_1886,1886,"OIL, other than Essential or Medicinal","OIL and FLOOR CLOTH, including India Rubber Cloth",,2690,Belgium,63808.0,36008.0,1.77
as_1897,1893,ALKALI,,Cwts,91,Turkey : Asiatic,10415.0,5873.0,1.77
as_1897,1895,ALKALI,,Cwts,83,Roumania,6746.0,3813.0,1.77
as_1898,1897,"COAL, CINDERS, &c.",West Africa,,11583,Cape of Good Hope,223629.0,126247.0,1.77
as_1899,1897,"COAL, CINDERS, &c.",West Africa,,11432,Cape of Good Hope,223629.0,126247.0,1.77
tn_1871,1870,MEAL and FLOUR,Thread for Sewing,,1478,Denmark,98376.0,55618.0,1.77
tn_1871,1870,MEAL and FLOUR,Thread for Sewing,,1490,Philippine Islands,98677.0,55618.0,1.77
tn_1871,1870,PICTURES,PLUMBAGO (Foreign),,4215,Holland,3362.0,1903.0,1.77
as_1876,1876,COTTON MANUFACTURES,"Piece Goods, Plain",,494,Morocco,271937.0,154266.0,1.76
as_1876,1876,COTTON MANUFACTURES,"Piece Goods, Plain",,506,Central America,272164.0,154266.0,1.76
as_1879,1879,"MANURE, Unenumerated",,,1643,Sweden and Norway,45330.0,25716.0,1.76
as_1884,1884,PAPER,"PICKLES, VINEGAR, SAUCES, CONDIMENTS, PRESERVED FRUITS, and CONFECTIONERY",,2319,Bengal and Burmah,43371.0,24616.0,1.76
as_1897,1896,COPPER,South Africa,,13548,British East Indies : Bengal,65959.0,37414.0,1.76
as_1899,1895,Gold,Silver,Oz. Troy,40798,France,50732.0,28797.0,1.76
tn_1871,1870,QUICKSILVER,,Lbs,4292,New Granada,14505.0,8263.0,1.76
as_1876,1876,COTTON MANUFACTURES,"Piece Goods, Plain",,529,British West India Islands and British       Guiana,269558.0,154266.0,1.75
as_1878,1878,COTTON MANUFACTURES,"Piece Goods, Plain",,604,Holland,324148.0,185638.0,1.75
as_1898,1895,ALKALI,,Cwts,82,Roumania,6740.0,3843.0,1.75
as_1898,1898,"HIDES, Raw",,Cwts,25194,Canada,93735.0,53545.0,1.75
tn_1871,1870,MEAL and FLOUR,Thread for Sewing,,1488,Turkey Proper,97182.0,55618.0,1.75
tn_1871,1870,PICTURES,PLUMBAGO (Foreign),,4214,Hamburg,3338.0,1903.0,1.75
as_1878,1878,WOOLLEN and WORSTED MANUFACTURES,"Worsted Stuffs, of Wool mixed with other Materials",,2404,British North America,431809.0,248684.0,1.74
as_1882,1882,COTTON MANUFACTURES,Thread for Sewing,Lbs,867,Brazil,156679.0,90247.0,1.74
as_1890,1890,BLEACHING MATERIALS,,Cwts,426,Russia,43504.0,25074.0,1.74
as_1892,1892,COPPER,Unenumerated,Cwts,1429,Sweden and Norway,39592.0,22724.0,1.74
as_1897,1896,CHEESE,South Africa,,10826,Germany,39146.0,22531.0,1.74
as_1897,1895,"FISH, FRESH and CURED",Herrings,Barrels,21509,Russia,256716.0,147267.0,1.74
as_1897,1895,IMPLEMENTS AND TOOLS,South Africa,,28666,Cape of Good Hope,278850.0,160060.0,1.74
as_1897,1897,LEAD,Pig,Tons,32553,Northern Ports,2294.0,1317.0,1.74
as_1897,1897,"PAINTERS' COLOURS AND MATERIALS, UNENUMERATED",South Africa,,39103,Australasia : West Australia,36925.0,21222.0,1.74
as_1873,1873,LINEN and JUTE MANUFACTURES,Sail Cloth and Sails,,1653,Sweden and Norway,49891.0,28906.0,1.73
as_1886,1886,BLEACHING MATERIALS,,Cwts,345,Germany,38146.0,22022.0,1.73
as_1888,1888,"IRON,","Steel, Cast in Ingots and Blooms",Tons,2535,United States of America : Pacific,38123.0,21986.0,1.73
as_1890,1890,BLEACHING MATERIALS,,Cwts,428,Germany,43253.0,25074.0,1.73
as_1894,1894,BLEACHING MATERIALS,,Cwts,525,Russia,51295.0,29615.0,1.73
as_1899,1896,IMPLEMENTS AND TOOLS,West Africa,,31336,Cape of Good Hope,227355.0,131531.0,1.73
tn_1871,1870,BRIMSTONE,,,485,British Possessions in South Africa,3887.0,2251.0,1.73
tn_1871,1870,BRIMSTONE,,,488,Australia,3890.0,2251.0,1.73
as_1873,1873,"COALS, CINDERS, &c.","Fuel, Manufactures",,508,Italy,43834.0,25508.0,1.72
as_1894,1894,POTATOES,RAGS (except Woollen) and other Materials for making Paper,Tons,5001,Holland,12688.0,7365.0,1.72
as_1880,1880,"ILLDWARRES and CUTLERY, Unenumerated",,,1121,Foreign West Indies,125253.0,73087.0,1.71
as_1897,1896,CHEESE,South Africa,,10841,France,38626.0,22531.0,1.71
as_1897,1897,COTTON MANUFACTURES,South Africa,,17748,Cape of Good Hope,171501.0,100565.0,1.71
as_1881,1881,EARTHEN and CHINA WARE,Red Pottery and Brown Stone Ware,,898,Sweden and Norway,4948.0,2917.0,1.7
as_1881,1881,"MANURE, Unenumerated",,,1974,Sweden and Norway,62826.0,37025.0,1.7
as_1898,1898,"BRASS, AND MANUFACTURES OF, not being Ordnance",West Africa,,7012,Mauritius and Dependencies,743.0,437.0,1.7
tn_1871,1870,COPPER,Mixed or Yellow Metal for Sheathing,Cwts,1006,Chili,3001.0,1765.0,1.7
tn_1871,1870,PICTURES,PLUMBAGO (Foreign),,4216,Belgium,3230.0,1903.0,1.7
as_1877,1877,COTTON MANUFACTURES,"Piece Goods, Plain",,607,Australia,1122783.0,666221.0,1.69
as_1890,1890,LINEN YARN,,,3016,Holland,78274.0,46346.0,1.69
as_1897,1897,CHEESE,South Africa,,10832,Holland,36319.0,21450.0,1.69
as_1897,1896,COTTON MANUFACTURES,South Africa,,17747,Cape of Good Hope,195779.0,115773.0,1.69
as_1897,1896,IMPLEMENTS AND TOOLS,South Africa,,30581,Australasia : New Zealand,36288.0,21525.0,1.69
as_1872,1872,MACHINERY and Mill Work,Not being Steam Engines ; Other descrip- tions,,1813,Spain and Canaries,188810.0,112123.0,1.68
as_1875,1875,COTTON MANUFACTURES,"Piece Goods, Plain",,576,Madras,434789.0,258222.0,1.68
as_1883,1883,IRON,factory,,1241,China,38642.0,23007.0,1.68
as_1894,1894,GLASS,"GREASE, TALLOW, AND ANIMAL FAT",,2362,Holland,410328.0,244259.0,1.68
as_1897,1897,"PAINTERS' COLOURS AND MATERIALS, UNENUMERATED",South Africa,Provisions,39693,Niger Protectorate,7011.0,4175.0,1.68
as_1899,1898,HATS,West Africa,Dozens,24735,Belgium,15141.0,9026.0,1.68
as_1899,1897,Slates,"Grindstones, Millstones, and Other Sorts of Stone",Tons,44051,Russia,14345.0,8528.0,1.68
as_1873,1873,"CORDAGE, CABLES, and ROPES of HEMP or like MATERIAL",,,600,Australia,61202.0,36579.0,1.67
as_1884,1884,"CHEMICAL PRODUCTS or Preparations, not specially enumerated",,,405,Belgium,94101.0,56279.0,1.67
as_1894,1894,POTATOES,RAGS (except Woollen) and other Materials for making Paper,Tons,5000,Germany,12292.0,7365.0,1.67
as_1897,1896,CHEESE,South Africa,,10831,Holland,37616.0,22531.0,1.67
as_1898,1898,ALKALI,,Cwts,85,Roumania,7961.0,4780.0,1.67
as_1898,1898,HATS,West Africa,Dozens,24736,Belgium,15111.0,9025.0,1.67
as_1880,1880,COPPER,"Unwrought, in Ingots, Cakes, or Slabs",Cwts,563,Russia,50176.0,30243.0,1.66
as_1880,1880,COTTON MANUFACTURES,"Piece Goods, Plain",,729,Uruguay,247537.0,149080.0,1.66
as_1885,1885,WOOL,"Foreign, dressed in the United Kingdom",,3361,Italy,13692.0,8230.0,1.66
as_1887,1887,BLEACHING MATERIALS,,,343,Germany,32490.0,19537.0,1.66
as_1897,1894,"CAOUTCHOU, MANUFACTURES OF",South Africa,,8240,British East Indies : New South Wales,36533.0,22017.0,1.66
as_1897,1893,"PAINTERS' COLOURS AND MATERIALS, UNENUMERATED",South Africa,Provisions,39694,Cape of Good Hope,39573.0,23793.0,1.66
as_1899,1899,IMPLEMENTS AND TOOLS,Bedsteads,,30661,Australasia : Victoria,4243.0,2555.0,1.66
as_1873,1873,LINEN and JUTE MANUFACTURES,"Checked, Printed, or Dyed, and Damasks and Diapers",,1643,United States: Atlantic,72042.0,43793.0,1.65
as_1873,1873,SILK MANUFACTURES,Unenumerated,,2307,British North America,43852.0,26616.0,1.65
as_1880,1880,COTTON MANUFACTURES,"Piece Goods, Plain",,723,United States of Colombia,246481.0,149080.0,1.65
as_1893,1893,BLEACHING MATERIALS,,Cwts,495,Russia,55230.0,33379.0,1.65
as_1897,1897,ALKALI,,Cwts,35,Holland,2552.0,1550.0,1.65
as_1898,1898,"BRASS, AND MANUFACTURES OF, not being Ordnance",West Africa,,7066,Australasia : Victoria,722.0,437.0,1.65
as_1875,1875,COTTON MANUFACTURES,"Piece Goods, Plain",,579,Ceylon,422579.0,258222.0,1.64
as_1879,1879,"CORDAGE, CABLES, and ROPES of HEMP or like MATERIAL",,,540,British North America,28260.0,17234.0,1.64
as_1880,1880,COTTON MANUFACTURES,"Piece Goods, Plain",,704,Greece,244261.0,149080.0,1.64
as_1883,1883,GLASS,"HABERDASHERY and MILLINERY, in- cluding Embroidery and Needle- work",,1053,Foreign West Indies,426171.0,260391.0,1.64
as_1891,1891,"CARRIAGES, &c.","Railway Waggons, Trucks, &c., and parts thereof for Ballast, Minerals, or Merchandise",,567,Spain,49134.0,29943.0,1.64
as_1898,1897,ALKALI,,Cwts,89,Turkey : European,2537.0,1550.0,1.64
as_1898,1894,"ARMS, AMMUNITION, &c.",,,3006,Canada,7591.0,4625.0,1.64
as_1898,1898,Gold,Silver,Oz. Troy,39867,British East Indies,311.0,190.0,1.64
as_1899,1895,"WINE, BRITISH MADE",,Gallons,45205,United States of America,5552.0,3394.0,1.64
as_1874,1874,LINEN and JUTE MANUFACTURES,Sail Cloth and Sails,,1600,British North America,46188.0,28314.0,1.63
as_1878,1878,TELEGRAPHIC WIRES AND APPARATUS,,,2150,Other Countries,134811.0,82679.0,1.63
as_1879,1879,"COALS, CINDERS, &c.",Coke and Cinders,,442,Spain,76480.0,46921.0,1.63
as_1879,1879,TELEGRAPHIC WIRES AND APPARATUS,,,2118,Germany,97660.0,59965.0,1.63
as_1885,1885,"METALS, Unenumerated and Manufactures thereof",,,2584,United States of America : Atlantic,150745.0,92388.0,1.63
as_1889,1889,LINEN MANUFACTURES,Thread for Sewing,Lbs,3062,United States of America : Atlantic,131959.0,81105.0,1.63
as_1897,1893,ALKALI,,Cwts,66,Austrian Territories,9587.0,5873.0,1.63
as_1897,1896,COPPER,South Africa,,13543,British East Indies : Madras,60937.0,37414.0,1.63
as_1897,1896,EARTHEN AND CHINA WARE,South Africa,,20790,Cape of Good Hope,13360.0,8211.0,1.63
as_1897,1897,"HARDWARES AND CUTLERY, Un- enumerated",South Africa,,24618,Natal,17072.0,10473.0,1.63
as_1898,1898,"BRASS, AND MANUFACTURES OF, not being Ordnance",West Africa,,6997,Niger Protectorate,711.0,437.0,1.63
as_1874,1874,"ARMS, AMMUNITION, and MILITARY STORES",Gunpowder,,73,Western Africa (Foreign),65850.0,40612.0,1.62
as_1878,1878,"TIN, Unwrought",,,2153,Russia,85740.0,52913.0,1.62
as_1878,1878,"TIN, Unwrought",,,2178,Russia,85740.0,52913.0,1.62
as_1878,1878,"TIN, Unwrought",,,2203,Russia,85740.0,52913.0,1.62
as_1897,1896,"HARDWARES AND CUTLERY, Un- enumerated",South Africa,,24617,Natal,18108.0,11177.0,1.62
as_1898,1898,ALKALI,,Cwts,95,Turkey : Asiatic,7745.0,4780.0,1.62
as_1898,1898,"BRASS, AND MANUFACTURES OF, not being Ordnance",West Africa,,6613,Lagos,706.0,437.0,1.62
as_1878,1878,COTTON MANUFACTURES,"Piece Goods, Plain",,629,United States of Colombia,298015.0,185638.0,1.61
as_1880,1880,COTTON MANUFACTURES,"Piece Goods, Plain",,740,Ceylon,240357.0,149080.0,1.61
as_1892,1892,BLEACHING MATERIALS,,Cwts,848,Russia,58666.0,36534.0,1.61
as_1897,1897,"PAINTERS' COLOURS AND MATERIALS, UNENUMERATED",South Africa,,39053,Natal,34226.0,21222.0,1.61
as_1897,1895,"PAINTERS' COLOURS AND MATERIALS, UNENUMERATED",South Africa,Provisions,39696,Cape of Good Hope,47149.0,29235.0,1.61
tn_1871,1870,GLASS,"Window and German Sheet, including Shades and Cylinders, Plain (British)",,1941,British North America,10771.0,6682.0,1.61
as_1897,1893,IMPLEMENTS AND TOOLS,South Africa,Implements and Tools,25994,Guiana,232.0,145.0,1.6
as_1874,1874,LINEN and JUTE MANUFACTURES,Sail Cloth and Sails,,1583,Sweden and Norway,45101.0,28314.0,1.59
as_1875,1875,COTTON MANUFACTURES,"Piece Goods, Plain",,537,Germany,410425.0,258222.0,1.59
as_1878,1878,IRON,"Steel, Bar, of all Kinds",Tons,1387,France,105940.0,66470.0,1.59
as_1885,1885,DYE STUFF,Other Sorts: Unenumerated,,1107,France,25870.0,16299.0,1.59
as_1888,1888,ZINC or SPELTER,Unmanufactured,,4670,Germany,136727.0,86060.0,1.59
as_1897,1895,CEMENT,Dutch,,9756,United States of America : On the Pacific,59393.0,37434.0,1.59
as_1873,1873,"COALS, CINDERS, &c.",Coke and Cinders,,497,Spain,142261.0,90122.0,1.58
as_1873,1873,COPPER,"Mixed, or Yellow Metal, for Sheathing",,550,British India: Bombay and Scinde,92890.0,58925.0,1.58
as_1881,1881,"PRINTS, ENGRAVINGS, DRAWINGS, &c.",,,2242,Australasia,39839.0,25152.0,1.58
as_1885,1885,DYE STUFF,Other Sorts: Unenumerated,,1104,Germany,25740.0,16299.0,1.58
as_1885,1885,WOOL,"Foreign, dressed in the United Kingdom",,3359,France,12963.0,8230.0,1.58
as_1897,1893,ALKALI,,Cwts,16,Norway,9270.0,5873.0,1.58
as_1897,1896,COPPER,South Africa,,13568,British East Indies : Hong Kong,59234.0,37414.0,1.58
as_1898,1897,"TELEGRAPHIC WIRES, AND APPARATUS",East Africa,,43762,Australasia : New South Wales,11546.0,7293.0,1.58
as_1883,1883,Meal and Flour,COTTON TWIST and YARN,,571,China,150866.0,95936.0,1.57
as_1892,1892,"CARRIAGES, &c.","Railway Waggon, Trucks, &c., and parts thereof for Ballast, Minerals, or Merchandise",,1092,Peru,6348.0,4043.0,1.57
as_1897,1893,"COAL, CINDERS, &c.",East Africa,,11781,British East Indies : Bombay,275512.0,175124.0,1.57
as_1897,1897,"SPIRITS, British and Irish",South Africa,,42266,Australia : New South Wales,60277.0,38310.0,1.57
as_1899,1896,"COAL, CINDERS, &c.",West Africa,,11202,Portuguese Possessions,180817.0,115140.0,1.57
as_1899,1897,Slates,"Grindstones, Millstones, and Other Sorts of Stone",Tons,44116,Cape of Good Hope,2783.0,1771.0,1.57
as_1873,1873,LINEN and JUTE MANUFACTURES,Sail Cloth and Sails,,1669,British North America,45205.0,28906.0,1.56
as_1898,1898,ALKALI,,Cwts,70,Austrian Territories,7457.0,4780.0,1.56
as_1898,1894,"SILK MANUFACTURES, WHOLLY OF SILK","British, Unenumerated",Skins and Furs,42084,Canada,3473.0,2228.0,1.56
as_1876,1876,COTTON MANUFACTURES,"Piece Goods, Plain",,514,Argentine Republic,239152.0,154266.0,1.55
as_1878,1878,COTTON MANUFACTURES,"Piece Goods, Plain",,638,Malta,287616.0,185638.0,1.55
as_1878,1878,SUGAR,Refined and Candy,,2077,"Portugal, Azores, and Madeira",78269.0,50408.0,1.55
as_1878,1878,SUGAR,Refined and Candy,,2102,"Portugal, Azores, and Madeira",78269.0,50408.0,1.55
as_1878,1878,SUGAR,Refined and Candy,,2127,"Portugal, Azores, and Madeira",78269.0,50408.0,1.55
as_1881,1881,"Oil, other than Essential or Medicinal",Seed,,2046,Australasia,123259.0,79594.0,1.55
as_1889,1889,PLATE,RAGS (except Woollen) and other Materials for making Paper,Tons,3851,Germany,8681.0,5597.0,1.55
as_1898,1898,"ANIMALS, Living",Stallions,Number,994,Channel Islands,824.0,532.0,1.55
tn_1871,1870,APPAREL and SLOPS,,,112,British West India Islands and British Guiana,202697.0,131010.0,1.55
as_1872,1872,CEMENT,,Cwts,353,Denmark,13395.0,8685.0,1.54
as_1877,1877,"ARMS, AMMUNITION, and MILITARY STORES","Ordnance Stores and Ammunition, Unenumerated",,110,British North America,96205.0,62455.0,1.54
as_1879,1879,COPPER,"Unwrought, in Ingots, Cakes, or Slabs",,470,Belgium,87980.0,57233.0,1.54
as_1880,1880,COPPER,"Mixed or Yellow Metal, for Sheathing",Cwts,594,Other Countries,35017.0,22735.0,1.54
as_1880,1880,"ILLDWARRES and CUTLERY, Unenumerated",,,1134,British India: Bombay and Scinde,112402.0,73087.0,1.54
as_1885,1885,BLEACHING MATERIALS,,Cwts,321,Russia,31557.0,20529.0,1.54
as_1893,1893,POTATOES,RAGS (except Woollen) and other Materials for making Paper,Tons,4845,Belgium,11412.0,7415.0,1.54
as_1897,1897,"CAOUTCHOU, MANUFACTURES OF",South Africa,,8243,British East Indies : New South Wales,31097.0,20247.0,1.54
tn_1871,1870,MEAL and FLOUR,Thread for Sewing,,1484,"Portugal, Azores, and Madeira",85643.0,55618.0,1.54
as_1873,1873,COTTON YARN and TWIST,,,637,Russia,366192.0,239977.0,1.53
as_1875,1875,"OIL, other than Essential or Medicinal","OIL and FLOOR CLOTH, including India Rubber Cloth",,1612,Holland,111554.0,72752.0,1.53
as_1881,1881,"MUSICAL INSTRUMENTS, and Parts thereof",,,2020,British India: Bombay and Scinde,46510.0,30371.0,1.53
as_1890,1890,SILK,"Thrown, Twist or Yarn",,4033,United States of America : Other Foreign Countries,17423.0,11414.0,1.53
as_1897,1893,"COAL, CINDERS, &c.",South Africa,,11755,Cape of Good Hope,116489.0,76314.0,1.53
as_1898,1898,Gold,Silver,Oz. Troy,39922,France,7771.0,5091.0,1.53
tn_1871,1870,MEAL and FLOUR,Piece Goods: Of Other Countries (Foreign),Pieces,1521,Straits Settlements,15310.0,10020.0,1.53
as_1875,1875,COTTON MANUFACTURES,"Piece Goods, Plain",,565,Chili,392410.0,258222.0,1.52
as_1877,1877,COTTON MANUFACTURES,"Piece Goods, Plain",,596,Gibraltar,1011995.0,666221.0,1.52
as_1879,1879,"HABERDASHERY and MILLINERY, including Em- broidery and Needlework","HARDWARES and CUTLERY, Unenumerated",Cwts,956,Germany,164650.0,108443.0,1.52
as_1879,1879,"HABERDASHERY and MILLINERY, including Em- broidery and Needlework","HARDWARES and CUTLERY, Unenumerated",Cwts,982,British Possessions in South Africa,164494.0,108443.0,1.52
as_1881,1881,COTTON MANUFACTURES,Lace and Patent Net,,793,Other Countries,76609.0,50507.0,1.52
as_1897,1893,ALKALI,,Cwts,71,Greece,8921.0,5873.0,1.52
as_1897,1893,EARTHEN AND CHINA WARE,South Africa,,20802,British East Indies,13782.0,9071.0,1.52
as_1897,1896,IMPLEMENTS AND TOOLS,"Manufactures of Steel, or of     Steel and Iron combined",Tons,31770,United States of America,863976.0,568529.0,1.52
as_1897,1896,WOOLLEN AND WORSTED MANUFACTURES,Shawls,Number,48491,China,17914.0,11753.0,1.52
as_1898,1898,"ARMS, AMMUNITION, &c.",East Africa,,6232,Australasia : Victoria,125225.0,82225.0,1.52
as_1898,1894,"COAL, CINDERS, &c.",West Africa,,11580,Cape of Good Hope,141470.0,93039.0,1.52
tn_1871,1870,MEAL and FLOUR,Thread for Sewing,,1485,Spain and the Canaries,84665.0,55618.0,1.52
as_1880,1880,COPPER,"Mixed or Yellow Metal, for Sheathing",Cwts,579,Holland,34236.0,22735.0,1.51
as_1884,1884,"CHEMICAL PRODUCTS or Preparations, not specially enumerated",,,401,Sweden and Norway,85258.0,56279.0,1.51
as_1897,1893,"FISH, FRESH and CURED",Herrings,Barrels,21507,Russia,195415.0,129479.0,1.51
as_1897,1897,"FISH, FRESH and CURED",Herrings,Barrels,21511,Russia,195016.0,129223.0,1.51
as_1897,1897,IMPLEMENTS AND TOOLS,South Africa,Implements and Tools,25988,British West India Islands,1521.0,1005.0,1.51
as_1898,1894,"BRASS, AND MANUFACTURES OF, not being Ordnance",West Africa,,6614,Niger Protectorate,44423.0,29493.0,1.51
as_1898,1895,"FURNITURE (Household), Cabinet and Upholstery Wares",West Africa,,22027,Cape of Good Hope,174152.0,115033.0,1.51
as_1899,1895,"FURNITURE (Household), Cabinet and Upholstery Wares",West Africa,,22025,Cape of Good Hope,174152.0,115033.0,1.51
as_1873,1873,LINEN and JUTE MANUFACTURES,Sail Cloth and Sails,,1655,Germany,43470.0,28906.0,1.5
as_1878,1878,ZINC or SPELTER.,Manufactured,,2540,Pacific,332096.0,221093.0,1.5
as_1885,1885,BLEACHING MATERIALS,,Cwts,325,Belgium,30796.0,20529.0,1.5
as_1878,1878,ZINC or SPELTER.,Manufactured,,2546,British India : Bombay and Scinde,329010.0,221093.0,1.49
as_1879,1879,UMBRELLAS and PARASOLS,,,2170,Ceylon,37390.0,25089.0,1.49
as_1880,1880,"ILLDWARRES and CUTLERY, Unenumerated",,,1109,Spain and Canaries,109049.0,73087.0,1.49
as_1881,1881,"Oil, other than Essential or Medicinal",Seed,,2031,Holland,118594.0,79594.0,1.49
as_1897,1895,CHEESE,South Africa,,10825,Germany,34629.0,23304.0,1.49
as_1897,1895,COTTON MANUFACTURES,South Africa,,17746,Cape of Good Hope,142131.0,95102.0,1.49
as_1897,1893,IMPLEMENTS AND TOOLS,South Africa,Implements and Tools,25974,Australasia : Fiji Islands,216.0,145.0,1.49
as_1897,1897,"PAINTERS' COLOURS AND MATERIALS, UNENUMERATED",South Africa,,39123,Australasia : Queensland,31531.0,21222.0,1.49
as_1897,1897,"PAINTERS' COLOURS AND MATERIALS, UNENUMERATED",South Africa,Provisions,39698,Cape of Good Hope,6235.0,4175.0,1.49
as_1897,1894,"SILK MANUFACTURES, WHOLLY OF SILK",Broad Stuffs of Silk or Satin,Yards,40568,United States of America,32918.0,22120.0,1.49
as_1897,1894,WOOLLEN AND WORSTED MANUFACTURES,Shawls,Number,48519,Uruguay,17157.0,11540.0,1.49
as_1898,1896,"FURNITURE (Household), Cabinet and Upholstery Wares",West Africa,,22028,Cape of Good Hope,199444.0,133579.0,1.49
as_1899,1896,"FURNITURE (Household), Cabinet and Upholstery Wares",West Africa,,22026,Cape of Good Hope,199444.0,133579.0,1.49
as_1874,1874,"ARMS, AMMUNITION, and MILITARY STORES",Percussion Caps,,90,Turkey Proper,478.0,322.0,1.48
as_1897,1897,CHEESE,East Africa,,10368,Belgium,72682.0,49039.0,1.48
as_1897,1894,IMPLEMENTS AND TOOLS,South Africa,Implements and Tools,25995,Guiana,365.0,247.0,1.48
as_1898,1898,"ANIMALS, Living",Stallions,,442,United States of America,922.0,622.0,1.48
as_1898,1894,HATS,West Africa,Dozens,24817,Uruguay,12024.0,8111.0,1.48
as_1876,1876,LEATHER,"Tanned, Unwrought",,1272,France,220109.0,149911.0,1.47
as_1878,1878,COTTON MANUFACTURES,"Piece Goods, Plain",,611,Greece,272722.0,185638.0,1.47
as_1878,1878,WOOL,"Other Sorts, including Foreign, dressed in the United Kingdom, and Flocks and Ragwool",,2278,Sweden and Norway,20241.0,13799.0,1.47
as_1879,1879,CORN and GRAIN,Wheat,,544,Belgium,32530.0,22173.0,1.47
as_1890,1890,LINEN MANUFACTURES,Thread for Sewing,Lbs,3118,United States of America : Atlantic,117829.0,80284.0,1.47
as_1897,1896,ALKALI,,Cwts,113,Tunis,1829.0,1248.0,1.47
as_1897,1895,CHEESE,East Africa,,10341,Sweden,57229.0,38975.0,1.47
as_1897,1895,CHEESE,South Africa,,10840,France,34177.0,23304.0,1.47
as_1898,1894,HATS,West Africa,Dozens,24742,Portugal,11949.0,8111.0,1.47
as_1898,1895,"TOBACCO AND SNUFF, MANUFACTURED IN THE UNITED KINGDOM","Cavendish or Negrohead, Manufactured in Bond from Unmanufactured Tobacco",Lbs,44210,Belgium,2885.0,1962.0,1.47
as_1899,1898,IMPLEMENTS AND TOOLS,West Africa,,31338,Cape of Good Hope,232906.0,158404.0,1.47
as_1899,1897,LEAD,West Africa,,35576,Cape of Good Hope,76377.0,51997.0,1.47
as_1897,1893,"CAOUTCHOU, MANUFACTURES OF",South Africa,,8239,British East Indies : New South Wales,32553.0,22275.0,1.46
as_1899,1897,HATS,West Africa,Dozens,24764,Cuba and Porto Rico,12135.0,8317.0,1.46
as_1872,1872,MACHINERY and Mill Work,Not being Steam Engines ; Other descrip- tions,,1817,Egypt,163060.0,112123.0,1.45
as_1876,1876,COTTON MANUFACTURES,"Piece Goods, Plain",,516,Malta,224187.0,154266.0,1.45
as_1878,1878,PICTURES,,,1829,Australia,17237.0,11926.0,1.45
as_1878,1878,TELEGRAPHIC WIRES AND APPARATUS,,,2146,Malta,119529.0,82679.0,1.45
as_1881,1881,"Oil, other than Essential or Medicinal",Seed,,2036,Italy,115525.0,79594.0,1.45
as_1883,1883,Meal and Flour,COTTON TWIST and YARN,,567,Egypt,139580.0,95936.0,1.45
as_1883,1883,Meal and Flour,Oatmeal,,550,British Possessions in South Africa,6697.0,4616.0,1.45
as_1892,1892,"ARMS, AMMUNITION, AND MILITARY STORES",Other Fire-arms and Parts of Fire-arms,,684,United States of America : Atlantic,7134.0,4920.0,1.45
as_1898,1897,HATS,West Africa,Dozens,24765,Spanish West India Islands,12135.0,8347.0,1.45
as_1898,1898,"TELEGRAPHIC WIRES, AND APPARATUS",East Africa,,43769,Newfoundland,91125.0,63002.0,1.45
tn_1871,1870,MEAL and FLOUR,"Handkerchiefs and Shawls, Printed or Dyed",,1321,Spain and the Canaries,8853.0,6092.0,1.45
as_1874,1874,LINEN and JUTE MANUFACTURES,Sail Cloth and Sails,,1585,Germany,40737.0,28314.0,1.44
as_1876,1876,COTTON MANUFACTURES,"Piece Goods, Plain",,517,Western Africa (British),221850.0,154266.0,1.44
as_1880,1880,COTTON MANUFACTURES,Thread for Sewing,,905,Mexico,52452.0,36548.0,1.44
as_1886,1886,SILK MANUFACTURES,Unenumerated,,3103,United States of America,107150.0,74163.0,1.44
as_1897,1894,EARTHEN AND CHINA WARE,South Africa,,20788,Cape of Good Hope,9023.0,6282.0,1.44
as_1898,1895,IMPLEMENTS AND TOOLS,West Africa,,28743,Cape of Good Hope,276850.0,192808.0,1.44
as_1898,1896,"TOBACCO AND SNUFF, MANUFACTURED IN THE UNITED KINGDOM","Cavendish or Negrohead, Manufactured in Bond from Unmanufactured Tobacco",Lbs,44226,Other Foreign Countries,1821.0,1265.0,1.44
as_1899,1899,IMPLEMENTS AND TOOLS,Bedsteads,,30660,Australasia : South Australia,3673.0,2555.0,1.44
as_1899,1895,IMPLEMENTS AND TOOLS,West Africa,,28870,Cape of Good Hope,276856.0,192803.0,1.44
tn_1871,1870,TEA,"TEETH, Elephants",,5182,Holland,3855.0,2677.0,1.44
as_1878,1878,IRON,"Steel, Bar, of all Kinds",Tons,1393,Other Countries,94916.0,66470.0,1.43
as_1897,1895,EARTHEN AND CHINA WARE,South Africa,,20804,British East Indies,12121.0,8452.0,1.43
as_1898,1898,CARRIAGES,East Africa,,8876,British East Indies : Straits Settlements,11790.0,8234.0,1.43
as_1898,1898,"PAINTERS' COLOURS AND MA- TERIALS, UNENUMERATED","Unenumerated, and Articles of Paper (except Papier Maché)",Cwts,39244,France,6025.0,4223.0,1.43
tn_1871,1870,APPAREL and SLOPS,,,106,British Possessions in South Africa,186775.0,131010.0,1.43
as_1873,1873,LINEN and JUTE MANUFACTURES,"Checked, Printed, or Dyed, and Damasks and Diapers",,1645,Foreign West Indies,62351.0,43793.0,1.42
as_1884,1884,BLEACHING MATERIALS,,,252,Italy,29105.0,20443.0,1.42
as_1897,1893,ALKALI,,Cwts,81,Roumania,8334.0,5873.0,1.42
as_1897,1897,"ANIMALS, Living","Bulls, Oxen, Cows, and Calves",Number,1009,Channel Islands,770.0,543.0,1.42
as_1897,1896,IMPLEMENTS AND TOOLS,South Africa,,30601,British West India Islands,30459.0,21525.0,1.42
as_1897,1893,IMPLEMENTS AND TOOLS,South Africa,Implements and Tools,26004,Other British Possessions,206.0,145.0,1.42
as_1898,1898,CHEMICAL PRODUCTS AND PREPARATIONS not specially enumerated,,,10193,Spain,21621.0,15222.0,1.42
as_1898,1898,Gold,Silver,Oz. Troy,39877,Other British Possessions,269.0,190.0,1.42
tn_1871,1870,COPPER,Mixed or Yellow Metal for Sheathing,Cwts,1007,Brazil,2510.0,1765.0,1.42
as_1873,1873,APPAREL and SLOPS,Percussion Caps,No,80,United States: Atlantic,8087.0,5726.0,1.41
as_1879,1879,"COALS, CINDERS, &c.",Coals,,429,Austrian Territories,29350.0,20800.0,1.41
as_1880,1880,COTTON MANUFACTURES,"Piece Goods, Plain",,722,Central America,209527.0,149080.0,1.41
as_1885,1885,BLEACHING MATERIALS,,Cwts,326,France,28997.0,20529.0,1.41
as_1888,1888,ZINC or SPELTER,Unmanufactured,,4673,France,120951.0,86060.0,1.41
as_1890,1890,SILK,"Thrown, Twist or Yarn",,4031,Spain,16084.0,11414.0,1.41
as_1899,1895,"ARMS, AMMUNITION, &c.",West Africa,,2665,Japan,152654.0,108083.0,1.41
tn_1871,1870,CEMENT,,Cwts,664,Holland,68237.0,48471.0,1.41
as_1875,1875,COTTON MANUFACTURES,"Piece Goods, Plain",,556,Japan,361407.0,258222.0,1.4
as_1877,1877,COTTON MANUFACTURES,"Piece Goods, Plain",,576,Morocco,934708.0,666221.0,1.4
as_1878,1878,WOOLLEN and WORSTED YARN,Worsted Yarn (Combed),,2289,Sweden and Norway,55215.0,39543.0,1.4
as_1882,1882,LEATHER,"Tanned, Unwrought",,1689,United States : Atlantic,69636.0,49595.0,1.4
as_1884,1884,"Bags and Sacks, Empty",,,187,Turkey,80517.0,57662.0,1.4
as_1886,1886,BLEACHING MATERIALS,,Cwts,343,Russia,30897.0,22022.0,1.4
as_1897,1894,IMPLEMENTS AND TOOLS,Unenumerated,,25748,France,34144.0,24448.0,1.4
as_1899,1896,CARRIAGES,East Africa,,8865,Australasia : Victoria,273396.0,194829.0,1.4
tn_1871,1870,"LINEN and JUTE MANUFACTURES: 
                    Linen Manufactures","Bags, empty, for packing Merchandise",,3512,United States : N. Atlantic Ports,18738.0,13357.0,1.4
as_1875,1875,COTTON MANUFACTURES,"Piece Goods, Plain",,547,Wallachia and Moldavia,358049.0,258222.0,1.39
as_1876,1876,LEATHER,"Wrought, Boots and Shoes",,1283,British West India Islands and British,614573.0,443293.0,1.39
as_1878,1878,TELEGRAPHIC WIRES AND APPARATUS,,,2147,Straits Settlements,114841.0,82679.0,1.39
as_1884,1884,PAPER,"PICKLES, VINEGAR, SAUCES, CONDIMENTS, PRESERVED FRUITS, and CONFECTIONERY",,2304,Belgium,34116.0,24616.0,1.39
as_1891,1891,BLEACHING MATERIALS,,Cwts,478,Russia,44387.0,31860.0,1.39
as_1897,1897,EARTHEN AND CHINA WARE,South Africa,,20806,British East Indies,9535.0,6842.0,1.39
as_1897,1893,IMPLEMENTS AND TOOLS,Unenumerated,,25747,France,30236.0,21715.0,1.39
as_1898,1897,"FURNITURE (Household), Cabinet and Upholstery Wares",West Africa,,22029,Cape of Good Hope,169935.0,122371.0,1.39
as_1899,1897,Slates,"Grindstones, Millstones, and Other Sorts of Stone",Tons,44121,British East India,2453.0,1771.0,1.39
tn_1871,1870,MEAL and FLOUR,Thread for Sewing,,1499,Brazil,77374.0,55618.0,1.39
as_1873,1873,COPPER,"Mixed, or Yellow Metal, for Sheathing",,552,Bengal and Burmah,81206.0,58925.0,1.38
as_1876,1876,COTTON MANUFACTURES,Lace and Patent Net,,603,France,88175.0,63788.0,1.38
as_1878,1878,WOOLLEN and WORSTED MANUFACTURES,"Worsted Stuffs, of Wool mixed with other Materials",,2389,Turkey Proper,342135.0,248684.0,1.38
as_1879,1879,"HABERDASHERY and MILLINERY, including Em- broidery and Needlework","HABERDASHERY and MILITARY, including Em- broidery and Needle-work'd)",,945,Straits Settlements,114870.0,83263.0,1.38
as_1881,1881,COTTON MANUFACTURES,Lace and Patent Net,,778,Spain,69929.0,50507.0,1.38
as_1883,1883,BLEACHING MATERIALS,,,240,Russia,23507.0,17008.0,1.38
as_1887,1887,IRON,"Angle, Bolt and Rod",,1913,United States of America,97178.0,70423.0,1.38
as_1897,1894,ALKALI,,Cwts,82,Roumania,7965.0,5778.0,1.38
as_1897,1894,"PAINTERS' COLOURS AND MATERIALS, UNENUMERATED",South Africa,Provisions,39695,Cape of Good Hope,31781.0,23096.0,1.38
as_1898,1894,ALKALI,,Cwts,81,Roumania,7965.0,5778.0,1.38
as_1899,1897,"FURNITURE (Household), Cabinet and Upholstery Wares",West Africa,,22027,Cape of Good Hope,169935.0,123371.0,1.38
as_1873,1873,APPAREL and SLOPS,Percussion Caps,No,83,British Possessions in South Africa,7817.0,5726.0,1.37
as_1873,1873,COPPER,"Mixed, or Yellow Metal, for Sheathing",,535,Germany,80595.0,58925.0,1.37
as_1873,1873,COPPER,"Mixed, or Yellow Metal, for Sheathing",,540,Italy,80762.0,58925.0,1.37
as_1878,1878,COTTON MANUFACTURES,"Piece Goods, Plain",,605,Belgium,255170.0,185638.0,1.37
as_1878,1878,PLUMBAGO,,,1856,British North America,3492.0,2554.0,1.37
as_1878,1878,WOOLLEN and WORSTED MANUFACTURES,"Worsted Stuffs, of Wool mixed with other Materials",,2387,Italy,341837.0,248684.0,1.37
as_1879,1879,WOOD and TIMBER,Unenumerated,,2193,British India: Bombay and Scinde Madras,52420.0,38182.0,1.37
as_1880,1880,"ARMS, AMMUNITION, and MILITARY STORES",Rifles,,168,Australia,23940.0,17451.0,1.37
as_1897,1895,ALKALI,,Cwts,93,Turkey : Asiatic,5213.0,3813.0,1.37
as_1897,1894,CHEESE,East Africa,,10340,Sweden,52533.0,38236.0,1.37
tn_1871,1870,Medicines,,,1584,Other Countries,52749.0,38383.0,1.37
as_1880,1880,COTTON MANUFACTURES,Thread for Sewing,,896,Belgium,49629.0,36548.0,1.36
as_1881,1881,HATS,Of Straw,,1188,United States: Atlantic,34976.0,25785.0,1.36
as_1882,1882,COTTON MANUFACTURES,Thread for Sewing,Lbs,851,Belgium,123012.0,90247.0,1.36
as_1897,1896,"COAL, CINDERS, &c.",Coal and Culm continued,Tons,11692,Uruguay,164424.0,121222.0,1.36
as_1897,1894,IMPLEMENTS AND TOOLS,South Africa,Implements and Tools,25975,Australasia : Fiji Islands,336.0,247.0,1.36
as_1897,1897,WOOLLEN AND WORSTED MANUFACTURES,Shawls,Number,48507,Mexico,17622.0,12997.0,1.36
as_1898,1895,ALKALI,,Cwts,92,Turkey : Asiatic,5213.0,3843.0,1.36
as_1874,1874,PAPER,"Pasteboard, Millboard, &c. (including Play- ing Cards)",Cwts,1942,British India: Bombay and Scinde,41339.0,30591.0,1.35
as_1878,1878,ZINC or SPELTER.,Manufactured,,2531,France,298181.0,221093.0,1.35
as_1879,1879,"COALS, CINDERS, &c.",Coals,,431,Roumania,28170.0,20800.0,1.35
as_1885,1885,"OIL, other than Essential or Medicinal",Seed,,2628,Egypt,55857.0,41431.0,1.35
as_1892,1892,COPPER,Unenumerated,Cwts,1451,British Possessions in South Africa,559799.0,413198.0,1.35
as_1897,1896,"CAOUTCHOU, MANUFACTURES OF",South Africa,,8242,British East Indies : New South Wales,37253.0,27610.0,1.35
as_1897,1895,"COAL, CINDERS, &c.",Coal and Culm continued,Tons,11681,Chile,164181.0,121441.0,1.35
as_1897,1897,WOOLLEN AND WORSTED MANUFACTURES,Shawls,Number,48462,France,17539.0,12997.0,1.35
as_1898,1898,"ARMS, AMMUNITION, &c.",West Africa,,2123,Niger Protectorate,25670.0,18963.0,1.35
as_1899,1899,"ANIMALS, Living",Swine,Number,1025,France,2474.0,1827.0,1.35
tn_1871,1870,MEAL and FLOUR,Thread for Sewing,,1493,S. Atlantic Ports,74820.0,55618.0,1.35
as_1884,1884,PAPER,"PICKLES, VINEGAR, SAUCES, CONDIMENTS, PRESERVED FRUITS, and CONFECTIONERY",,2305,France,33069.0,24616.0,1.34
as_1890,1890,BLEACHING MATERIALS,,Cwts,430,Belgium,33713.0,25074.0,1.34
as_1897,1897,LEAD,"Wrought, Boots and Shoes",Doz. Pts,33033,Chile,2729.0,2043.0,1.34
as_1898,1895,"COAL, CINDERS, &c.",West Africa,,11581,Cape of Good Hope,139584.0,104027.0,1.34
as_1898,1894,HATS,West Africa,Dozens,24767,Hayti and St. Domingo,10843.0,8111.0,1.34
as_1898,1898,WOOD AND TIMBER,"Rough, Hewn, Sawn, or Split",Loads,44505,Spain,691.0,517.0,1.34
as_1878,1878,SUGAR,Refined and Candy,,2075,Belgium,67150.0,50408.0,1.33
as_1878,1878,SUGAR,Refined and Candy,,2100,Belgium,67150.0,50408.0,1.33
as_1878,1878,SUGAR,Refined and Candy,,2125,Belgium,67150.0,50408.0,1.33
as_1880,1880,"Books, Printed",,,288,Straits Settlements,42210.0,31807.0,1.33
as_1885,1885,"OIL, other than Essential or Medicinal",Seed,,2620,Belgium,55060.0,41431.0,1.33
as_1897,1894,ALKALI,,Cwts,17,Norway,7676.0,5778.0,1.33
as_1897,1894,"COAL, CINDERS, &c.",Coal and Culm continued,Tons,11680,Chile,153248.0,115420.0,1.33
as_1897,1894,"FISH, FRESH and CURED",Herrings,Barrels,21508,Russia,191059.0,144186.0,1.33
as_1897,1895,WOOLLEN AND WORSTED MANUFACTURES,Shawls,Number,48505,Mexico,17161.0,12930.0,1.33
as_1898,1894,ALKALI,,Cwts,16,Norway,7676.0,5778.0,1.33
as_1898,1898,"PAINTERS' COLOURS AND MA- TERIALS, UNENUMERATED","Unenumerated, and Articles of Paper (except Papier Maché)",Cwts,39229,Germany,5599.0,4223.0,1.33
tn_1871,1870,MEAL and FLOUR,COTTON TWIST and YARN (British),,1195,Turkey Proper,870816.0,653946.0,1.33
as_1873,1873,"CARRIAGES, CARTS, &c.",Railway Carriages for Passengers,No,328,Brazil,21754.0,16499.0,1.32
as_1875,1875,COTTON MANUFACTURES,"Piece Goods, Plain",,582,British North America,340000.0,258222.0,1.32
as_1878,1878,COTTON MANUFACTURES,"Piece Goods, Plain",,632,Peru,245744.0,185638.0,1.32
as_1878,1878,COTTON MANUFACTURES,"Piece Goods, Plain",,633,Chili,245589.0,185638.0,1.32
as_1878,1878,ZINC or SPELTER.,Manufactured,,2529,Holland,291579.0,221093.0,1.32
as_1879,1879,"CLAY, unmanufactured",,,393,Belgium,24770.0,18778.0,1.32
as_1882,1882,WOOLLEN and WORSTED MANUFACTURES,"Coatings, Duffs, &c., all Wool",Yards,2617,British West India Islands and British Guiana,188224.0,142414.0,1.32
as_1897,1894,WOOLLEN AND WORSTED MANUFACTURES,Shawls,Number,48474,Italy,15254.0,11540.0,1.32
as_1899,1899,FLAX AND HEMP,Dressed and Undressed,,21806,United States of America,163281.0,123255.0,1.32
tn_1871,1870,BLEACHING MATERIALS,,BLEACHING MATERIALS :,374,Belgium,11366.0,8632.0,1.32
as_1872,1872,MACHINERY and Mill Work,Not being Steam Engines ; Other descrip- tions,,1824,Chili,146694.0,112123.0,1.31
as_1879,1879,"CLAY, unmanufactured",,,391,Germany,24580.0,18778.0,1.31
as_1879,1879,CORN and GRAIN,Barley,,550,Australia,4726.0,3598.0,1.31
as_1879,1879,TOBACCO and SNUFF Manufactured in the United Kingdom,Other Kinds of Manufactured Tobacco,,2151,Brazil,1986.0,1513.0,1.31
as_1880,1880,COTTON MANUFACTURES,"Piece Goods, Plain",,709,Morocco,194981.0,149080.0,1.31
as_1897,1896,CHEESE,East Africa,,10367,Belgium,64221.0,49010.0,1.31
as_1897,1895,"COAL, CINDERS, &c.",Coal and Culm continued,Tons,11691,Uruguay,158520.0,121441.0,1.31
as_1897,1897,WOOLLEN AND WORSTED MANUFACTURES,Shawls,Number,48502,United States of America,17065.0,12997.0,1.31
as_1898,1896,"COAL, CINDERS, &c.",West Africa,,11353,Portuguese Possessions,150817.0,115140.0,1.31
as_1899,1897,IMPLEMENTS AND TOOLS,West Africa,,31337,Cape of Good Hope,238905.0,182685.0,1.31
tn_1871,1870,MEAL and FLOUR,Piece Goods: Of Other Countries (Foreign),Pieces,1516,East Coast of Africa (Native),13132.0,10020.0,1.31
as_1872,1872,CEMENT,,Cwts,367,Other Countries,11298.0,8685.0,1.3
as_1880,1880,HATS,Of Straw,,1169,United States: Atlantic,30954.0,23865.0,1.3
as_1881,1881,HEMP,British Dressed,,1205,Belgium,1078.0,830.0,1.3
as_1888,1888,SILK MANUFACTURES,Other Kinds,,3847,United States of America : Atlantic,24836.0,19144.0,1.3
as_1897,1897,ALKALI,,Cwts,45,France,2014.0,1550.0,1.3
tn_1871,1870,"LINEN and JUTE MANUFACTURES: 
                    Linen Manufactures",Sail Cloth,,3467,British North America,28307.0,21804.0,1.3
as_1872,1872,CEMENT,,Cwts,365,British North America,11182.0,8685.0,1.29
as_1877,1877,"CORDAGE, CABLES, and ROPES of HEMP or like MATERIAL",,,515,Australia,63469.0,49181.0,1.29
as_1879,1879,"HABERDASHERY and MILLINERY, including Em- broidery and Needlework","HARDWARES and CUTLERY, Unenumerated",Cwts,959,France,140310.0,108443.0,1.29
as_1880,1880,COTTON MANUFACTURES,"Piece Goods, Plain",,731,Gibraltar,192501.0,149080.0,1.29
as_1881,1881,"PRINTS, ENGRAVINGS, DRAWINGS, &c.",,,2243,Other Countries,32385.0,25152.0,1.29
as_1884,1884,PAPER,"PICKLES, VINEGAR, SAUCES, CONDIMENTS, PRESERVED FRUITS, and CONFECTIONERY",,2306,Egypt,31805.0,24616.0,1.29
as_1886,1886,BLEACHING MATERIALS,,Cwts,347,Belgium,28492.0,22022.0,1.29
as_1886,1886,"OIL, other than Essential or Medicinal","OIL and FLOOR CLOTH, including India Rubber Cloth",,2689,Holland,46382.0,36008.0,1.29
as_1897,1897,EARTHEN AND CHINA WARE,South Africa,,20791,Cape of Good Hope,8823.0,6842.0,1.29
as_1897,1896,WOOLLEN AND WORSTED MANUFACTURES,Shawls,Number,48461,France,15212.0,11753.0,1.29
as_1898,1896,Gold,Silver,Oz. Troy,39905,Germany,7310.0,5669.0,1.29
as_1899,1898,"FURNITURE (Household), Cabinet and Upholstery Wares",West Africa,,22028,Cape of Good Hope,160451.0,123908.0,1.29
as_1872,1872,MACHINERY and Mill Work,Not being Steam Engines ; Other descrip- tions,,1831,Australia,143131.0,112123.0,1.28
as_1874,1874,LINEN and JUTE MANUFACTURES,Sail Cloth and Sails,,1599,Australia,36145.0,28314.0,1.28
as_1878,1878,CAOUTCHouc MANUFACTURES,,,302,British North America,64075.0,50039.0,1.28
as_1880,1880,COTTON MANUFACTURES,"Piece Goods, Plain",,732,Malta,190248.0,149080.0,1.28
as_1890,1890,PLATE,RAGS (except Woollen) and other Materials for making Paper,Tons,3935,France,6836.0,5340.0,1.28
as_1892,1892,"CARRIAGES, &c.","Railway Waggon, Trucks, &c., and parts thereof for Ballast, Minerals, or Merchandise",,1089,Eastern Africa : Foreign West Indies,5195.0,4043.0,1.28
as_1897,1894,EARTHEN AND CHINA WARE,South Africa,,20813,Australasia,8034.0,6282.0,1.28
as_1897,1895,"PAINTERS' COLOURS AND MATERIALS, UNENUMERATED",South Africa,Provisions,39881,British East Indies,6404.0,5001.0,1.28
as_1873,1873,COPPER,"Mixed, or Yellow Metal, for Sheathing",,534,Sweden and Norway,74680.0,58925.0,1.27
as_1878,1878,CAOUTCHouc MANUFACTURES,,,287,Holland,63536.0,50039.0,1.27
as_1884,1884,PAINTERS' COLOURS and MATERIALS,Unenumerated,,2226,Foreign West Indies,106953.0,83938.0,1.27
as_1898,1898,"ARMS, AMMUNITION, &c.",East Africa,,6237,Australasia : New South Wales,104225.0,82225.0,1.27
as_1899,1895,LEAD,Dutch Possessions in Indian Seas,,37101,Cape of Good Hope,26003.0,20433.0,1.27
as_1879,1879,"COALS, CINDERS, &c.",Coals,,430,Greece,26140.0,20800.0,1.26
as_1879,1879,STONES and SLATES,"Grindstones, Millstones, and other Sorts of Stone",,2093,United States: Atlantic,28110.0,22263.0,1.26
as_1880,1880,"ILLDWARRES and CUTLERY, Unenumerated",,,1101,Russia,92284.0,73087.0,1.26
as_1885,1885,"OIL, other than Essential or Medicinal","OIL and FLOOR CLOTH, including India Rubber Cloth",,2662,Belgium,65349.0,51997.0,1.26
as_1897,1897,"CAOUTCHOU, MANUFACTURES OF",South Africa,,8200,British East Indies : Bengal,25497.0,20247.0,1.26
as_1897,1893,"COAL, CINDERS, &c.",South Africa,,12137,Australasia : South Australia,95839.0,76314.0,1.26
as_1897,1896,"PAINTERS' COLOURS AND MATERIALS, UNENUMERATED",South Africa,,39508,Malta and Gozo,18217.0,14401.0,1.26
as_1898,1898,"SPIRITS, British and Irish",West Africa,,43164,Australasia : New South Wales,67211.0,53153.0,1.26
as_1899,1895,"ANIMALS, Living","Bulls, Oxen, Cows, and Calves",Number,776,Belgium,44969.0,35641.0,1.26
tn_1871,1870,APPAREL and SLOPS,,,96,United States: N. Atlantic Ports,165701.0,131010.0,1.26
tn_1871,1870,MEAL and FLOUR,Mixed Goods,,1393,Australia,18480.0,14695.0,1.26
as_1879,1879,WOOD and TIMBER,Unenumerated,,2192,British Possessions in South Africa,47632.0,38182.0,1.25
as_1880,1880,COTTON MANUFACTURES,"Piece Goods, Plain",,721,Mexico,186978.0,149080.0,1.25
as_1880,1880,"Oil, other than Essential or Medicinal","Oil and FLOOR CLOTH, including India Rubber Cloth",,2004,British North America,83368.0,66750.0,1.25
as_1891,1891,WOOLLEN AND WORSTED MANUFACTURES,Wool and Mohair Plushes,Yards,5242,United States of America : Other Foreign Countries,6026.0,4828.0,1.25
as_1893,1893,JUTE MANUFACTURES,Unenumerated,,3487,United States of America,21715.0,17357.0,1.25
as_1897,1895,CHEESE,South Africa,,10830,Holland,29241.0,23304.0,1.25
as_1897,1896,EARTHEN AND CHINA WARE,South Africa,,20815,Australasia,10281.0,8211.0,1.25
as_1898,1898,"BRASS, AND MANUFACTURES OF, not being Ordnance",East Africa,,6638,Other Territories under British In-     fluence.,15.0,12.0,1.25
as_1899,1896,Gold,Silver,Oz. Troy,40784,Germany,18707.0,14906.0,1.25
tn_1871,1870,MEAL and FLOUR,"Handkerchiefs and Shawls, Printed or Dyed",,1319,France,7594.0,6092.0,1.25
as_1886,1886,SILK MANUFACTURES,Other Kinds,,3129,Germany,19566.0,15792.0,1.24
as_1893,1893,POTATOES,RAGS (except Woollen) and other Materials for making Paper,Tons,4843,Germany,9210.0,7415.0,1.24
as_1895,1895,BLEACHING MATERIALS,,,538,Russia,36619.0,29639.0,1.24
as_1897,1897,ALKALI,,Cwts,70,Austrian Territories,1925.0,1550.0,1.24
as_1897,1895,CHEESE,East Africa,,10401,Italy,48193.0,38975.0,1.24
as_1897,1894,IMPLEMENTS AND TOOLS,Unenumerated,,25758,Spain,30202.0,24448.0,1.24
as_1898,1898,Gold,Silver,Oz. Troy,39907,Germany,6310.0,5091.0,1.24
as_1898,1897,HATS,West Africa,Dozens,24745,Portugal,10359.0,8347.0,1.24
as_1898,1897,"TOBACCO AND SNUFF, MANUFACTURED IN THE UNITED KINGDOM","Cavendish or Negrohead, Manufactured in Bond from Unmanufactured Tobacco",Lbs,44227,Other Foreign Countries,2203.0,1775.0,1.24
as_1899,1897,HATS,West Africa,Dozens,24744,Portugal,10350.0,8317.0,1.24
as_1899,1899,HATS,West Africa,Dozens,24746,Portugal,1023.0,823.0,1.24
tn_1871,1870,MEAL and FLOUR,Lace and Patent Net,,1341,Bremen,64460.0,52148.0,1.24
tn_1871,1870,Medicines,,,1569,S. Atlantic Ports,47740.0,38383.0,1.24
as_1887,1887,WOOLLEN and WORSTED MANUFACTURES,"Small Wares, and Manufactures of Wool or Worsted, unenumerated",,4264,United States of America,115920.0,94233.0,1.23
as_1897,1893,"CAOUTCHOU, MANUFACTURES OF",South Africa,,8254,British East Indies : New Zealand,27292.0,22275.0,1.23
as_1897,1893,Slates,,Number,42327,Germany,189742.0,153729.0,1.23
tn_1871,1870,MEAL and FLOUR,Thread for Sewing,,1477,Sweden,68253.0,55618.0,1.23
tn_1871,1870,PICTURES,"PLATE, Gold and Silver",,4183,British North America,4827.0,3919.0,1.23
as_1872,1872,MACHINERY and Mill Work,Not being Steam Engines ; Other descrip- tions,,1826,Uruguay,137148.0,112123.0,1.22
as_1872,1872,MACHINERY and Mill Work,Not being Steam Engines ; Other descrip- tions,,1833,British West India Islands and British Guiana,137183.0,112123.0,1.22
as_1874,1874,"ARMS, AMMUNITION, and MILITARY STORES",Fowling Pieces,,154,United States: Atlantic,35634.0,29111.0,1.22
as_1878,1878,CAOUTCHouc MANUFACTURES,,,288,Belgium,60929.0,50039.0,1.22
as_1878,1878,COTTON MANUFACTURES,"Piece Goods, Plain",,646,Ceylon,226229.0,185638.0,1.22
as_1881,1881,COTTON MANUFACTURES,Lace and Patent Net,,779,Italy,61416.0,50507.0,1.22
as_1897,1896,"COAL, CINDERS, &c.",East Africa,,11784,British East Indies : Bombay,214199.0,175124.0,1.22
as_1897,1896,EARTHEN AND CHINA WARE,South Africa,,20805,British East Indies,10008.0,8211.0,1.22
as_1897,1895,"FURNITURE (Household), Cabinet and Upholstery Wares",West Africa,,22199,Natal,27185.0,22222.0,1.22
as_1897,1897,WOOLLEN AND WORSTED MANUFACTURES,Shawls,Number,48492,China,15905.0,12997.0,1.22
as_1898,1898,"BRASS, AND MANUFACTURES OF, not being Ordnance",West Africa,,6440,Congo Free State,535.0,437.0,1.22
as_1898,1898,"COAL, CINDERS, &c.",West Africa,,11355,Portuguese Possessions,175853.0,144533.0,1.22
as_1898,1895,HATS,West Africa,Dozens,24818,Uruguay,10935.0,8937.0,1.22
as_1899,1895,HATS,West Africa,Dozens,24817,Uruguay,10935.0,8937.0,1.22
as_1899,1895,SKINS AND FURS,"British, Sheep and Lambs', Un- dressed, without the Wool",Number,42758,United States of America,250574.0,205454.0,1.22
tn_1871,1870,MEAL and FLOUR,COTTON TWIST and YARN (British),,1198,Egypt,796422.0,653946.0,1.22
as_1880,1880,"ILLDWARRES and CUTLERY, Unenumerated",,,1131,Argentine Republic,88748.0,73087.0,1.21
as_1889,1889,PLATE,RAGS (except Woollen) and other Materials for making Paper,Tons,3853,Belgium,6779.0,5597.0,1.21
as_1897,1897,"CAOUTCHOU, MANUFACTURES OF",South Africa,,8258,British East Indies : New Zealand,24453.0,20247.0,1.21
as_1897,1897,DYE STUFFS,"Other Sorts, Unenumerated",,20511,Germany,21219.0,17485.0,1.21
as_1897,1896,IMPLEMENTS AND TOOLS,Unenumerated,,25735,Germany,50205.0,41342.0,1.21
as_1898,1897,Gold,Silver,Oz. Troy,39921,France,7549.0,6246.0,1.21
as_1899,1898,"COAL, CINDERS, &c.",West Africa,,11204,Portuguese Possessions,175853.0,144883.0,1.21
as_1876,1876,COTTON MANUFACTURES,"Piece Goods, Plain",,489,Greece,185407.0,154266.0,1.2
as_1878,1878,WOOLLEN and WORSTED MANUFACTURES,"Worsted Stuffs, of Wool mixed with other Materials",,2382,Holland,297979.0,248684.0,1.2
as_1880,1880,GLASS,"Other Manufactures, Unenumerated",Cwts,1042,United States : Atlantic     Pacific,32250.0,26850.0,1.2
as_1897,1896,IMPLEMENTS AND TOOLS,South Africa,Implements and Tools,25997,Guiana,413.0,344.0,1.2
as_1897,1894,"PAINTERS' COLOURS AND MATERIALS, UNENUMERATED",South Africa,Pickles,39216,British East Indies,3228.0,2694.0,1.2
tn_1871,1870,CEMENT,,Cwts,658,Russia,58325.0,48471.0,1.2
tn_1871,1870,MEAL and FLOUR,"Handkerchiefs and Shawls, Printed or Dyed",,1325,Syria and Palestine,7286.0,6092.0,1.2
tn_1901,1900,BRAN AND POLLARD,,Cwts,6101,Denmark,185213.0,154653.0,1.2
as_1879,1879,CORN and GRAIN,Malt,,552,Channel Islands,2870.0,2415.0,1.19
as_1879,1879,TELEGRAPHIC WIRES AND APPARATUS,,,2119,Holland,71250.0,59965.0,1.19
as_1883,1883,"PICKLES, VINEGAR, SAUCES, CONDIMENTS, PRESERVED FRUITS, and CONFECTIONERY",,,2201,British India : Bombay and Scinde,108809.0,91379.0,1.19
as_1884,1884,"CHEMICAL PRODUCTS or Preparations, not specially enumerated",,,406,France,66804.0,56279.0,1.19
as_1888,1888,WOOLLEN AND WORSTED MANUFACTURES,"Rugs, Coverlets, or Wrappers",,4575,United States of America,254404.0,213971.0,1.19
as_1897,1894,CHEESE,East Africa,,10400,Italy,45372.0,38236.0,1.19
as_1898,1898,ALKALI,,Cwts,20,Norway,5675.0,4780.0,1.19
as_1898,1895,"ANIMALS, Living",Stallions,,751,Cape of Good Hope,2420.0,2033.0,1.19
as_1876,1876,SILK MANUFACTURES,Broad Stuffs,,1770,United States: Atlantic,38600.0,32645.0,1.18
as_1884,1884,"CHEMICAL PRODUCTS or Preparations, not specially enumerated",,,402,Denmark,66393.0,56279.0,1.18
as_1891,1891,"CARRIAGES, &c.","Railway Waggons, Trucks, &c., and parts thereof for Ballast, Minerals, or Merchandise",,577,Chile,35412.0,29943.0,1.18
as_1897,1893,Slates,West Africa,,42692,South Africa : Cape of Good Hope,11200.0,9501.0,1.18
as_1898,1898,"FISH, FRESH and CURED",Salmon,Cwts,21493,France,29660.0,25215.0,1.18
as_1898,1894,Gold,Silver,Oz. Troy,39918,France,7383.0,6258.0,1.18
tn_1871,1870,SEEDS,"SHEATHING, ROOFING, and BOILER FELT",,4474,United States : N. Atlantic Ports,7066.0,5976.0,1.18
as_1872,1872,MACHINERY and Mill Work,"Steam Engines or Parts of Steam Engines, other Descriptions",,1781,Egypt,234924.0,201579.0,1.17
as_1878,1878,WOOL,Sheep and Lambs' (British),,2272,Holland,28607.0,24503.0,1.17
as_1879,1879,COPPER,"Unwrought, in Ingots, Cakes, or Slabs",,474,Bengal and Burmah,66897.0,57233.0,1.17
as_1879,1879,"HABERDASHERY and MILLINERY, including Em- broidery and Needlework","HARDWARES and CUTLERY, Unenumerated",Cwts,985,Straits Settlements,126895.0,108443.0,1.17
as_1881,1881,"MANURE, Unenumerated",,,1986,British West India Islands and British Guiana,43411.0,37025.0,1.17
as_1882,1882,LINEN MANUFACTURES,"Checked, Printed, or Dyed, and Damasks and Diapers",,1744,Australasia,49307.0,42069.0,1.17
as_1882,1882,WOOLLEN and WORSTED MANUFACTURES,"Carpets, not being Rugs",,2734,Holland,65315.0,55783.0,1.17
as_1886,1886,GLASS,"Plate, Rough or Silvered (includ-     ing Looking Glasses or Mirrors)",Square Feet,1305,United States of America : Atlantic,99017.0,84314.0,1.17
as_1897,1897,IMPLEMENTS AND TOOLS,South Africa,,31995,Belgium,6125.0,5225.0,1.17
as_1897,1896,WOOLLEN AND WORSTED MANUFACTURES,Shawls,Number,48481,Roumania,13803.0,11753.0,1.17
as_1898,1896,ALKALI,,Cwts,112,Tunis,1459.0,1248.0,1.17
as_1898,1898,"ANIMALS, Living",Stallions,,454,Argentine Republic,729.0,622.0,1.17
tn_1871,1870,PICTURES,"PLATE, Gold and Silver",,4168,S. Atlantic Ports,4581.0,3919.0,1.17
as_1873,1873,COTTON YARN and TWIST,,,639,Denmark,277277.0,239977.0,1.16
as_1873,1873,SILK MANUFACTURES,Lace,,2290,United States: Atlantic,25825.0,22202.0,1.16
as_1873,1873,SILK MANUFACTURES,Unenumerated,,2297,Belgium,30784.0,26616.0,1.16
as_1876,1876,COTTON MANUFACTURES,"Piece Goods, Plain",,528,British North America,178733.0,154266.0,1.16
as_1876,1876,SILK MANUFACTURES,Broad Stuffs,,1774,Australia,38001.0,32645.0,1.16
as_1878,1878,COTTON MANUFACTURES,"Piece Goods, Plain",,628,Central America,215850.0,185638.0,1.16
as_1880,1880,"Books, Printed",,,280,France,36783.0,31807.0,1.16
as_1880,1880,COTTON MANUFACTURES,"Piece Goods, Plain",,705,Roumania,172780.0,149080.0,1.16
as_1897,1896,"ARMS, AMMUNITION, &c.",South Africa,,2898,Natal,24651.0,21237.0,1.16
as_1897,1895,COTTON MANUFACTURES,South Africa,,17200,Cape of Good Hope,110317.0,95102.0,1.16
as_1897,1896,IMPLEMENTS AND TOOLS,South Africa,,28667,Cape of Good Hope,194100.0,167025.0,1.16
as_1897,1896,"SILK MANUFACTURES, WHOLLY OF SILK","Handkerchiefs, Scarfs, and Shawls",,40695,West Africa : British East Indies,25125.0,21651.0,1.16
as_1898,1897,"COAL, CINDERS, &c.",West Africa,,11354,Portuguese Possessions,146600.0,126247.0,1.16
as_1898,1895,COTTON MANUFACTURES,West Africa,,17044,Cape of Good Hope,110317.0,95102.0,1.16
as_1898,1894,HATS,West Africa,Dozens,24732,Belgium,9399.0,8111.0,1.16
as_1899,1897,"COAL, CINDERS, &c.",West Africa,,11203,Portuguese Possessions,146690.0,126247.0,1.16
tn_1871,1870,MEAL and FLOUR,Lace and Patent Net,,1344,France,60438.0,52148.0,1.16
tn_1901,1900,SHIPS AND BOATS,Machinery,,43208,British West Africa : Niger Protectorate,10318.0,8896.0,1.16
as_1878,1878,COTTON MANUFACTURES,"Piece Goods, Plain",,650,British West India Islands and British Guiana,213612.0,185638.0,1.15
as_1880,1880,"ILLDWARRES and CUTLERY, Unenumerated",,,1105,Holland,83962.0,73087.0,1.15
as_1882,1882,WOOLLEN and WORSTED MANUFACTURES,"Coatings, Duffs, &c., all Wool",Yards,2601,Belgium,164403.0,142414.0,1.15
as_1885,1885,SILK MANUFACTURES,Broad Stuffs,,3057,Germany,44937.0,39016.0,1.15
as_1897,1895,"ANIMALS, Living",Geldings,Number,768,South Africa: Cape of Good Hope,2420.0,2103.0,1.15
as_1897,1895,"HARDWARES AND CUTLERY, Un- enumerated",South Africa,,24646,British East Indies : Straits Settlements,11119.0,9696.0,1.15
as_1897,1897,IMPLEMENTS AND TOOLS,"Manufactures of Steel, or of     Steel and Iron combined",Tons,31771,United States of America,869553.0,754961.0,1.15
as_1897,1895,IMPLEMENTS AND TOOLS,Unenumerated,,25734,Germany,40021.0,34858.0,1.15
as_1897,1897,IMPLEMENTS AND TOOLS,Unenumerated,,25736,Germany,46375.0,40329.0,1.15
as_1898,1898,CHEMICAL PRODUCTS AND PREPARATIONS not specially enumerated,,,10408,Argentine Republic,17471.0,15222.0,1.15
as_1899,1898,HATS,West Africa,Dozens,24745,Portugal,10350.0,9026.0,1.15
tn_1901,1900,"OIL AND FLOOR CLOTH, IN- CLUDING INDIA RUBBER CLOTH",,Sq. Yds,39712,Holland,19303.0,16803.0,1.15
as_1874,1874,"ARMS, AMMUNITION, and MILITARY STORES",Gunpowder,,85,Australia,46399.0,40612.0,1.14
as_1878,1878,WOOLLEN and WORSTED YARN,Worsted Yarn (Combed),,2292,Belgium,45197.0,39543.0,1.14
as_1879,1879,COPPER,Unenumerated (Coal),,518,British India: Bengal and Burmah,100740.0,88474.0,1.14
as_1880,1880,COTTON MANUFACTURES,Thread for Sewing,,904,Foreign West Indies,41759.0,36548.0,1.14
as_1897,1893,IMPLEMENTS AND TOOLS,South Africa,,28664,Cape of Good Hope,177443.0,155784.0,1.14
as_1897,1895,WOOLLEN AND WORSTED MANUFACTURES,Shawls,Number,48490,China,14787.0,12930.0,1.14
as_1898,1895,"COAL, CINDERS, &c.",West Africa,,11352,Portuguese Possessions,118501.0,104027.0,1.14
as_1899,1895,"COAL, CINDERS, &c.",West Africa,,11201,Portuguese Possessions,118801.0,104027.0,1.14
tn_1871,1870,GLASS,"Window and German Sheet, including Shades and Cylinders, Plain (British)",,1932,Pacific Ports,7641.0,6682.0,1.14
tn_1871,1870,MEAL and FLOUR,"Fustians, &c., Plain and Coloured",,1355,France,47380.0,41669.0,1.14
tn_1871,1870,QUICKSILVER,,Lbs,4281,Russia,9456.0,8263.0,1.14
as_1891,1891,SKINS and FURS,"Foreign, Dressed in the United Kingdom",No,4283,France,99903.0,88047.0,1.13
as_1897,1897,COTTON MANUFACTURES,South Africa,,17202,Cape of Good Hope,113577.0,100565.0,1.13
as_1897,1893,"FURNITURE (Household), Cabinet and Upholstery Wares",West Africa,,22197,Natal,25152.0,22222.0,1.13
as_1898,1898,"ARMS, AMMUNITION, &c.",,,3015,Newfoundland,2572.0,2271.0,1.13
as_1898,1897,COTTON MANUFACTURES,West Africa,,17046,Cape of Good Hope,113577.0,100565.0,1.13
as_1898,1898,COTTON MANUFACTURES,West Africa,,17047,Cape of Good Hope,109580.0,96621.0,1.13
as_1898,1898,HATS,West Africa,Dozens,24746,Portugal,10239.0,9025.0,1.13
as_1898,1897,"SILK MANUFACTURES, WHOLLY OF SILK","British, Unenumerated",Skins and Furs,42113,United States of America,279969.0,247524.0,1.13
as_1898,1897,WOOD AND TIMBER,"Worsted Tissues, Coatings, Broad, all Wool",Yards,47610,United States of America,1607918.0,1420486.0,1.13
as_1872,1872,SKINS and FURS,"Foreign, Dressed in the United Kingdom",,2340,Russia,4008.0,3591.0,1.12
as_1879,1879,WOOLLEN and WORSTED MANUFACTURES,"Broad Cloths, Coatings, Duffs, &c., Plain, all Wool",Yards,2243,United States: Atlantic,880200.0,785800.0,1.12
as_1892,1892,APPAREL AND SLOPS,,,491,British Possessions in South Africa,1263626.0,1123551.0,1.12
as_1895,1895,FLAX AND HEMP,Dressed and Undressed,Cwts,2231,Russia,4501.0,4031.0,1.12
as_1895,1895,POTATOES,,Cwts,4981,United States of America,28797.0,25821.0,1.12
as_1897,1897,WOOLLEN AND WORSTED MANUFACTURES,Shawls,Number,48482,Roumania,14539.0,12997.0,1.12
as_1898,1898,"ARMS, AMMUNITION, &c.",West Africa,,2897,Cape of Good Hope,126184.0,112249.0,1.12
as_1898,1898,"COAL, CINDERS, &c.",West Africa,,11584,Cape of Good Hope,161419.0,144533.0,1.12
as_1899,1898,"ARMS, AMMUNITION, &c.",West Africa,,2800,Cape of Good Hope,126184.0,112269.0,1.12
as_1899,1899,IMPLEMENTS AND TOOLS,Bedsteads,,30652,British East Indies : Bombay,2857.0,2555.0,1.12
as_1899,1895,IMPLEMENTS AND TOOLS,West Africa,,31335,Cape of Good Hope,170923.0,152031.0,1.12
as_1873,1873,"COALS, CINDERS, &c.","Fuel, Manufactures",,511,Algeria,28262.0,25508.0,1.11
as_1873,1873,COTTON YARN and TWIST,,,638,Sweden and Norway,267343.0,239977.0,1.11
as_1878,1878,COTTON MANUFACTURES,"Piece Goods, Plain",,621,Philippine Islands,205839.0,185638.0,1.11
as_1878,1878,COTTON MANUFACTURES,"Piece Goods, Plain",,623,Japan,205516.0,185638.0,1.11
as_1880,1880,"CORDAGE, CABLES, and ROPES of HEMP or like MATERIAL",,Cwts,633,British North America,54155.0,48949.0,1.11
as_1897,1897,"COAL, CINDERS, &c.",Coal and Culm continued,Tons,11693,Uruguay,124518.0,112222.0,1.11
as_1897,1897,"COAL, CINDERS, &c.",Coal and Culm continued,Tons,11698,Argentine Republic,124172.0,112222.0,1.11
as_1897,1893,EARTHEN AND CHINA WARE,South Africa,,20812,Australasia,10093.0,9071.0,1.11
as_1898,1894,"COAL, CINDERS, &c.",West Africa,,11351,Portuguese Possessions,103272.0,93039.0,1.11
as_1899,1898,"COAL, CINDERS, &c.",West Africa,,11433,Cape of Good Hope,161410.0,144883.0,1.11
as_1872,1872,MACHINERY and Mill Work,"Steam Engines or Parts of Steam Engines, Locomotive",,1771,British North America,41626.0,37831.0,1.1
as_1873,1873,SILK MANUFACTURES,Lace,,2288,Belgium,24466.0,22202.0,1.1
as_1874,1874,"ARMS, AMMUNITION, and MILITARY STORES",Percussion Caps,,94,Pacific,353.0,322.0,1.1
as_1876,1876,COTTON MANUFACTURES,"Piece Goods, Plain",,507,United States of Colombia,170077.0,154266.0,1.1
as_1887,1887,"CLOCKS, WATCHES, and parts thereof",,,653,United States of America,80903.0,73556.0,1.1
as_1897,1896,"CAOUTCHOU, MANUFACTURES OF",South Africa,,8199,British East Indies : Bengal,30402.0,27610.0,1.1
as_1897,1896,IMPLEMENTS AND TOOLS,South Africa,,30521,British East Indies : Madras,23687.0,21525.0,1.1
as_1897,1893,"SPIRITS, British and Irish",South Africa,,42192,Cape of Good Hope,72221.0,65365.0,1.1
as_1897,1893,Slates,West Africa,,42602,Canada,11400.0,10400.0,1.1
as_1897,1895,WOOLLEN AND WORSTED MANUFACTURES,Shawls,Number,48460,France,14192.0,12930.0,1.1
as_1898,1895,"ANIMALS, Living",Stallions,,739,Channel Islands,2237.0,2033.0,1.1
as_1898,1898,CARRIAGES,East Africa,,8881,British East Indies : Ceylon,9093.0,8234.0,1.1
tn_1871,1870,Medicines,,,1561,France,42313.0,38383.0,1.1
tn_1871,1870,"STATIONERY, other than Paper","Slate, by Tale",,5003,France,8633.0,7846.0,1.1
as_1872,1872,MACHINERY and Mill Work,"Steam Engines or Parts of Steam Engines, Locomotive",,1756,Germany,41309.0,37831.0,1.09
as_1872,1872,SKINS and FURS,"Foreign, Dressed in the United Kingdom",,2342,Holland,3906.0,3591.0,1.09
as_1881,1881,"MANURE, Unenumerated",,,1978,Belgium,40436.0,37025.0,1.09
as_1882,1882,WOOLLEN and WORSTED MANUFACTURES,"Carpets, not being Rugs",,2735,Belgium,60538.0,55783.0,1.09
as_1885,1885,SILK MANUFACTURES,Unenumerated,,3049,United States of America,82173.0,75119.0,1.09
as_1891,1891,SILK,"Thrown, Twist or Yarn",Lbs,4115,Holland,17251.0,15867.0,1.09
as_1897,1897,CHEESE,South Africa,,10802,Northern Ports,23340.0,21450.0,1.09
as_1897,1897,EARTHEN AND CHINA WARE,South Africa,,20796,Natal,7467.0,6842.0,1.09
as_1897,1894,"PAINTERS' COLOURS AND MATERIALS, UNENUMERATED",South Africa,Pickles,39221,Australasia,2936.0,2694.0,1.09
tn_1871,1870,"LINEN and JUTE MANUFACTURES: 
                    Linen Manufactures",Sail Cloth,,3454,Turkey Proper,23773.0,21804.0,1.09
as_1878,1878,SUGAR,Refined and Candy,,2080,United States: Atlantic,54226.0,50408.0,1.08
as_1878,1878,SUGAR,Refined and Candy,,2105,United States: Atlantic,54226.0,50408.0,1.08
as_1878,1878,SUGAR,Refined and Candy,,2130,United States: Atlantic,54226.0,50408.0,1.08
as_1880,1880,"Books, Printed","Manufactures of, not being Ordnance",,300,Holland,38269.0,35455.0,1.08
as_1884,1884,BLEACHING MATERIALS,,,248,Holland,22153.0,20443.0,1.08
as_1897,1893,IMPLEMENTS AND TOOLS,Unenumerated,,25757,Spain,23521.0,21715.0,1.08
as_1872,1872,"ARMS, AMMUNITION, and MILITARY STORES",Percussion Caps,No,88,Australia,4578.0,4290.0,1.07
as_1873,1873,APPAREL and SLOPS,Percussion Caps,No,87,Australia,6116.0,5726.0,1.07
as_1879,1879,"CLAY, unmanufactured",,,392,Holland,20100.0,18778.0,1.07
as_1879,1879,"CORDAGE, CABLES, and ROPES of HEMP or like MATERIAL",,,541,British West India Islands and British Guiana,18500.0,17234.0,1.07
as_1880,1880,"ARMS, AMMUNITION, and MILITARY STORES",Rifles,,163,British Possessions in South Africa,18708.0,17451.0,1.07
as_1882,1882,WOOLLEN and WORSTED MANUFACTURES,"Carpets, not being Rugs",,2746,Argentine Republic,59813.0,55783.0,1.07
as_1897,1897,"ANIMALS, Living","Bulls, Oxen, Cows, and Calves",Number,1018,Natal,582.0,543.0,1.07
as_1897,1897,"CAOUTCHOU, MANUFACTURES OF",South Africa,,8165,Cape of Good Hope,21564.0,20247.0,1.07
as_1897,1897,CHEESE,East Africa,,10403,Italy,52479.0,49039.0,1.07
as_1897,1897,"HARDWARES AND CUTLERY, Un- enumerated",South Africa,,24648,British East Indies : Straits Settlements,11197.0,10473.0,1.07
as_1897,1896,WOOLLEN AND WORSTED MANUFACTURES,Shawls,Number,48526,Argentine Republic,12522.0,11753.0,1.07
as_1898,1898,"TOBACCO AND SNUFF, MANUFACTURED IN THE UNITED KINGDOM","Cavendish or Negrohead, Manufactured in Bond from Unmanufactured Tobacco",Lbs,44228,Other Foreign Countries,3422.0,3203.0,1.07
tn_1871,1870,"LINEN and JUTE MANUFACTURES: 
                    Linen Manufactures",Sail Cloth,,3450,Norway,23369.0,21804.0,1.07
as_1873,1873,COTTON YARN and TWIST,,,648,Wallachia and Moldavia,254310.0,239977.0,1.06
as_1874,1874,"ARMS, AMMUNITION, and MILITARY STORES",Gunpowder,,77,Brazil,42903.0,40612.0,1.06
as_1875,1875,COTTON MANUFACTURES,"Piece Goods, Plain",,561,Central America,273728.0,258222.0,1.06
as_1875,1875,COTTON MANUFACTURES,"Piece Goods, Plain",,568,Argentine Republic,274161.0,258222.0,1.06
as_1877,1877,"PLATE, GOLD",SILVER,,1680,Other Countries,17567.0,16558.0,1.06
as_1879,1879,"CORDAGE, CABLES, and ROPES of HEMP or like MATERIAL",,,534,British Possessions in South Africa,18200.0,17234.0,1.06
as_1887,1887,BLEACHING MATERIALS,,,344,Holland,20715.0,19537.0,1.06
as_1897,1894,CHEESE,South Africa,,10854,Italy,10915.0,10256.0,1.06
as_1897,1894,"COAL, CINDERS, &c.",Coal and Culm continued,Tons,11690,Uruguay,122922.0,115420.0,1.06
as_1897,1896,"COAL, CINDERS, &c.",Coal and Culm continued,Tons,11682,Chile,128441.0,121222.0,1.06
as_1897,1893,COTTON MANUFACTURES,South Africa,,17198,Cape of Good Hope,95954.0,90534.0,1.06
as_1897,1895,WOOLLEN AND WORSTED MANUFACTURES,Shawls,Number,48520,Uruguay,13663.0,12930.0,1.06
as_1898,1898,"BRASS, AND MANUFACTURES OF, not being Ordnance",West Africa,,7007,Natal,465.0,437.0,1.06
as_1898,1898,CHEMICAL PRODUCTS AND PREPARATIONS not specially enumerated,,,10138,Russia : Southern Ports,16151.0,15222.0,1.06
as_1899,1898,IMPLEMENTS AND TOOLS,West Africa,,28873,Cape of Good Hope,222505.0,210534.0,1.06
tn_1871,1870,"LINEN and JUTE MANUFACTURES: 
                    Linen Manufactures","Bags, empty, for packing Merchandise",,3520,Australia,14177.0,13357.0,1.06
tn_1901,1900,"COCOA or CHOCOLATE, Ground or Prepared, in Bond",,Lbs,12879,Australasia,14805.0,14008.0,1.06
as_1873,1873,"CARRIAGES, CARTS, &c.",Railway Carriages for Passengers,No,324,Portugal,17259.0,16499.0,1.05
as_1873,1873,CORN and GRAIN,Malt,Quarters,613,Australia,222641.0,212303.0,1.05
as_1877,1877,"ARMS, AMMUNITION, and MILITARY STORES","Ordnance Stores and Ammunition, Unenumerated",,100,Japan,65399.0,62455.0,1.05
as_1881,1881,"MANURE, Unenumerated",,,1975,Denmark,38858.0,37025.0,1.05
as_1882,1882,WOOLLEN and WORSTED MANUFACTURES,Blankets,,2753,Central America,37152.0,35548.0,1.05
as_1894,1894,"ELECTRIC LIGHTING APPARATUS, OR PARTS THEREOF (EXCEPT STEAM ENGINES)",,,2107,Eastern Africa,125971.0,120383.0,1.05
as_1897,1895,"ANIMALS, Living",Geldings,Number,756,Channel Islands,2207.0,2103.0,1.05
as_1897,1896,CHEESE,East Africa,,10402,Italy,51601.0,49010.0,1.05
as_1897,1894,IMPLEMENTS AND TOOLS,South Africa,,28665,Cape of Good Hope,170638.0,161948.0,1.05
as_1897,1897,"PAINTERS' COLOURS AND MATERIALS, UNENUMERATED",South Africa,,39073,British East Indies : Madras,22226.0,21222.0,1.05
as_1897,1896,"SILK MANUFACTURES, WHOLLY OF SILK",Unenumerated,,40905,Australia,59225.0,56611.0,1.05
as_1873,1873,APPAREL and SLOPS,,,56,British West India Islands and British Guiana,245933.0,236367.0,1.04
as_1873,1873,COPPER,"Mixed, or Yellow Metal, for Sheathing",,555,Australia,61111.0,58925.0,1.04
as_1878,1878,PLUMBAGO,"PRINTS, ENGRAVINGS, DRAWINGS, &c.",,1860,United States: Atlantic,19471.0,18756.0,1.04
as_1879,1879,COPPER,"Mixed or Yellow Metal, for Sheathing",,483,Germany,67620.0,65011.0,1.04
as_1879,1879,WOOD and TIMBER,Unenumerated,,2195,Ceylon,39740.0,38182.0,1.04
as_1880,1880,COTTON MANUFACTURES,"Piece Goods, Plain",,733,Western Africa (British),155358.0,149080.0,1.04
as_1884,1884,LINEN MANUFACTURES,"Checked, Printed, or Dyed, and Damasks and Diapers",,1894,Australasia,51326.0,49217.0,1.04
as_1884,1884,PAPER,"PICKLES, VINEGAR, SAUCES, CONDIMENTS, PRESERVED FRUITS, and CONFECTIONERY",,2315,Gibraltar,25627.0,24616.0,1.04
as_1885,1885,GLASS,"Plate, Rough or Silvered (in-     cluding Looking Glasses or     Mirrors)",,1235,Italy,15406.0,14790.0,1.04
as_1893,1893,SKINS and FURS,"Foreign, Dressed in the United Kingdom",No,5155,France,134119.0,129134.0,1.04
as_1897,1895,ALKALI,,Cwts,88,Turkey : European,3972.0,3813.0,1.04
as_1897,1893,BLEACHING MATERIALS,,Cwts,5736,Russia : Northern Ports,539945.0,517521.0,1.04
as_1897,1893,CHEESE,East Africa,,10349,Denmark (including Iceland and Greenland),17797.0,17118.0,1.04
as_1897,1895,"CORDAGE, CABLES, ROPES, AND TWINE, of Hemp or like Material","Mead, unenumerated",Cwts,15617,Channel Islands,2946.0,2846.0,1.04
as_1897,1894,EARTHEN AND CHINA WARE,South Africa,,20793,Natal,6555.0,6282.0,1.04
as_1897,1893,WOOLLEN AND WORSTED MANUFACTURES,Shawls,Number,48518,Uruguay,15233.0,14598.0,1.04
as_1897,1897,WOOLLEN AND WORSTED MANUFACTURES,Shawls,Number,48447,Germany,13509.0,12997.0,1.04
as_1898,1898,"FURNITURE (Household), Cabinet and Upholstery Wares",West Africa,,22030,Cape of Good Hope,160454.0,153908.0,1.04
as_1898,1896,Gold,Silver,Oz. Troy,39920,France,5922.0,5669.0,1.04
as_1898,1896,IMPLEMENTS AND TOOLS,Piece Goods,Yards,32440,United States of America,1100553.0,1054627.0,1.04
as_1899,1895,"ANIMALS, Living","Bulls, Oxen, Cows, and Calves",Number,825,Channel Islands,42300.0,40772.0,1.04
as_1899,1895,Gold,Silver,Oz. Troy,40814,Australasia : Victoria,30011.0,28797.0,1.04
as_1872,1872,SKINS and FURS,SOAP,,2363,British Possessions in South Africa,34572.0,33612.0,1.03
as_1878,1878,IRON,"Steel, Bar, of all Kinds",Tons,1384,Germany,68524.0,66470.0,1.03
as_1888,1888,COPPER,Ore,Cwts,822,France,1593524.0,1552695.0,1.03
as_1897,1895,CHEESE,East Africa,,10391,Spain,40259.0,38975.0,1.03
as_1898,1894,"FURNITURE (Household), Cabinet and Upholstery Wares",West Africa,,22026,Cape of Good Hope,114644.0,111749.0,1.03
as_1898,1897,Gold,Silver,Oz. Troy,39906,Germany,6450.0,6246.0,1.03
as_1898,1895,"TELEGRAPHIC WIRES, AND APPARATUS",East Africa,,43760,Australasia : New South Wales,3290.0,3180.0,1.03
tn_1871,1870,GLASS,Beads (British),,2022,British India : Bombay and Scinde,1785.0,1726.0,1.03
tn_1871,1870,MEAL and FLOUR,Mixed Goods,,1372,"Portugal, and Azores",15114.0,14695.0,1.03
as_1872,1872,CEMENT,,Cwts,357,Wallachia and Moldavia,8826.0,8685.0,1.02
as_1872,1872,MACHINERY and Mill Work,"Steam Engines or Parts of Steam Engines, Locomotive",,1764,Peru,38748.0,37831.0,1.02
as_1873,1873,SILK MANUFACTURES,Broad Stuffs,,2313,France,32661.0,31996.0,1.02
as_1876,1876,COTTON MANUFACTURES,"Piece Goods, Plain",,510,Peru,156839.0,154266.0,1.02
as_1878,1878,PICTURES,,,1827,United States: Atlantic,12171.0,11926.0,1.02
as_1878,1878,STONES and SLATES,"Grindstones, Millstones, and other Sorts of Stone",,2065,United States: Atlantic,30185.0,29634.0,1.02
as_1878,1878,SUGAR,"Grindstones, Millstones, and other Sorts of Stone",,2090,United States: Atlantic,30185.0,29634.0,1.02
as_1878,1878,SUGAR,"Grindstones, Millstones, and other Sorts of Stone",,2115,United States: Atlantic,30185.0,29634.0,1.02
as_1879,1879,"HABERDASHERY and MILLINERY, including Em- broidery and Needlework","HARDWARES and CUTLERY, Unenumerated",Cwts,989,British West India Islands and British Guiana,110780.0,108443.0,1.02
as_1880,1880,"ILLDWARRES and CUTLERY, Unenumerated",,,1143,British West India Islands and British,74688.0,73087.0,1.02
as_1886,1886,"OIL, other than Essential or Medicinal","OIL and FLOOR CLOTH, including India Rubber Cloth",,2691,France,36821.0,36008.0,1.02
as_1888,1888,PLATED and GILT WARES,RAGS (except Woollen) and other Materials for making Paper,Tons,3645,Germany,6026.0,5898.0,1.02
as_1892,1892,ZINC or SPELTER,Unmanufactured,,6656,Channel Islands,16402.0,16136.0,1.02
as_1897,1897,DYE STUFFS,"Other Sorts, Unenumerated",,20526,France,17782.0,17485.0,1.02
as_1897,1897,DYE STUFFS,"Other Sorts, Unenumerated",,20536,Spain,17857.0,17485.0,1.02
as_1897,1897,EARTHEN AND CHINA WARE,South Africa,,20816,Australasia,6977.0,6842.0,1.02
as_1897,1894,"SILK MANUFACTURES, WHOLLY OF SILK",Unenumerated,,40903,Australia,63570.0,62067.0,1.02
as_1898,1896,"AMMUNITION, Shot, Large and Small","Rockets and other Combustibles for the purposes of War, Explosives, Percussion Caps, and Ammunition, unenumerated",Rockets,51281,Australasia,12260.0,12032.0,1.02
as_1898,1898,"ANIMALS, Living",Stallions,,672,Norway,5813.0,5725.0,1.02
as_1898,1896,Gold,Silver,Oz. Troy,39980,Brazil,5774.0,5669.0,1.02
as_1898,1898,"SPIRITS, British and Irish",West Africa,,42661,Natal,54292.0,53153.0,1.02
as_1899,1899,IMPLEMENTS AND TOOLS,Bedsteads,,30656,British East Indies : Straits Settlements,2601.0,2555.0,1.02
as_1899,1899,"SEEDS, OF ALL SORTS",,Cwts,41887,Australasia,66027.0,65008.0,1.02
tn_1871,1870,COFFEE,CONFECTIONERY (British),,896,Australia,14079.0,13791.0,1.02
tn_1871,1870,"LINEN and JUTE MANUFACTURES: 
                    Linen Manufactures",Not made up,,3529,Holland,52168.0,50915.0,1.02
tn_1901,1900,BRAN AND POLLARD,,Cwts,6107,Channel Islands,23964.0,23593.0,1.02
as_1876,1876,LEATHER,"Tanned, Unwrought",,1276,Other Countries,151925.0,149911.0,1.01
as_1877,1877,"CORDAGE, CABLES, and ROPES of HEMP or like MATERIAL",,,516,British North America,49631.0,49181.0,1.01
as_1880,1880,IRON,Galvanized (other than Wire or Manufactures of Wire),,1453,Philippine Islands,74539.0,73544.0,1.01
as_1885,1885,"OIL, other than Essential or Medicinal","OIL and FLOOR CLOTH, including India Rubber Cloth",,2668,Other Foreign Countries,52339.0,51997.0,1.01
as_1887,1887,RAGS (except Woollen) and other Materials for making Paper,,Tons,3335,United States of America : Atlantic,455802.0,450862.0,1.01
as_1892,1892,"CARRIAGES, &c.","Railway Waggon, Trucks, &c., and parts thereof for Ballast, Minerals, or Merchandise",,1084,Italy,4065.0,4043.0,1.01
as_1897,1894,WOOLLEN AND WORSTED MANUFACTURES,Shawls,Number,48479,Roumania,11653.0,11540.0,1.01
as_1897,1896,WOOLLEN AND WORSTED MANUFACTURES,Shawls,Number,48496,Japan,11916.0,11753.0,1.01
as_1898,1898,IMPLEMENTS AND TOOLS,West Africa,,28746,Cape of Good Hope,222508.0,219524.0,1.01
as_1898,1894,"TOBACCO AND SNUFF, MANUFACTURED IN THE UNITED KINGDOM","Cavendish or Negrohead, Manufactured in Bond from Unmanufactured Tobacco",Lbs,44209,Belgium,1504.0,1489.0,1.01
as_1899,1899,COTTON MANUFACTURES—con- tinued,East Africa,,18195,United States of America,89.0,88.0,1.01
tn_1871,1870,MEAL and FLOUR,COTTON TWIST and YARN (British),,1207,Hong Kong,657956.0,653946.0,1.01
tn_1871,1870,SILK MANUFACTURES,Broad Piece Goods (Mixed),Yards,4650,France,15373.0,15196.0,1.01
tn_1901,1900,WOOLLEN AND WORSTED MANUFACTURES,Ore,Cwts,52428,British East Indies,42322.0,41722.0,1.01
as_1872,1872,MACHINERY and Mill Work,"Steam Engines or Parts of Steam Engines, Locomotive",,1757,Holland,37956.0,37831.0,1.0
as_1873,1873,APPAREL and SLOPS,,,51,Argentine Republic,236612.0,236367.0,1.0
as_1877,1877,COTTON MANUFACTURES,"Piece Goods, Plain",,581,Philippine Islands,667328.0,666221.0,1.0
as_1878,1878,COTTON MANUFACTURES,"Piece Goods, Plain",,613,Wallachia and Moldavia,186502.0,185638.0,1.0
as_1880,1880,COTTON MANUFACTURES,Hosiery of Other Sorts,,867,Holland,35497.0,35330.0,1.0
as_1897,1893,"COAL, CINDERS, &c.",Coal and Culm continued,Tons,11689,Uruguay,123428.0,122922.0,1.0
as_1898,1894,"FISH, FRESH and CURED",Pilchards,Hhds,21514,Italy,54697.0,54543.0,1.0
as_1898,1895,HATS,West Africa,Dozens,24768,Hayti and St. Domingo,8960.0,8937.0,1.0
as_1899,1895,HATS,West Africa,Dozens,24767,Hayti and St. Domingo,8960.0,8937.0,1.0
as_1899,1899,IMPLEMENTS AND TOOLS,Bedsteads,,30649,Malta and Gozo,2559.0,2555.0,1.0
