flow,measure,group,article,year,values,max_value
import,value,,"Chicory, Raw or Kiln Dried „ Roasted or Ground",1897,"98,236,188,658",98236188658
import,quantity,,Feathers :For Beds Cwts.Ornamental,1892,"98,115,853,256",98115853256
import,value,,"Coffee, Raw „ Kiln-dried, Roasted, or Ground „ and Chicory, Roasted or Ground, Mixed (see Chicoryand Coffee).",1899,"97,479,322,155",97479322155
import,quantity,,Cork:  Unmanufactured Tons  Manufactured,1882,"96,837,162,663",96837162663
export_uk,value,,"Matches, viz. :   Safety Matches . . . . Gross Boxes  Other Sorts . . . . „",1900,"96,000,692,100",96000692100
import,value,,"Chicory, Raw or Kiln Dried „ Roasted or Ground",1898,"94,335,108,769",94335108769
import,value,,"Coffee, Raw „ Kiln-dried, Roasted, or Ground „ and Chicory, Roasted or Ground, Mixed (see Chicoryand Coffee).",1898,"92,208,818,359",92208818359
import,value,,"Feathers, for Beds . . . . .Ornamental . . . . .",1887,"89,968,965,383",89968965383
export_uk,quantity,,"Meat: Beef, Pork, Bacon, and Hams - Cwts.  Medicines, Drugs, and Medicinal Preparations",1889,"88,664,971,415",88664971415
import,quantity,,Cork:  Unmanufactured Tons  Manufactured,1881,"79,115,978,257",79115978257
reexport,quantity,,"Metal : Leaf, not Gold Packets  Unenumerated, Unwrought Tons  Wrought or Manufactured ,,  Old, fit only to be re-manufactured",1898,"78,840,097,250",78840097250
import,value,,"Coffee, Raw „ Kiln-dried, Roasted, or Ground „ and Chicory, Roasted or Ground, Mixed (see Chicoryand Coffee).",1897,"75,648,212,054",75648212054
export_uk,quantity,,"Matches, viz. :  Safety Matches Gross Boxes  Other Sorts",1899,"73,500,619,200",73500619200
export_uk,value,,"Matches, viz. :   Safety Matches . . . . Gross Boxes  Other Sorts . . . . „",1899,"73,500,619,200",73500619200
export_uk,quantity,,"Meat: Beef, Pork, Bacon, and Hams - Cwts.  Medicines, Drugs, and Medicinal Preparations",1887,"73,350,869,083",73350869083
import,quantity,,Cork:  Unmanufactured Tons  Manufactured,1876,"72,086,661,203",72086661203
import,quantity,,Cork:  Unmanufactured Tons  Manufactured,1875,"72,005,545,148",72005545148
import,value,,"Coffee, Raw „ Kiln-dried, Roasted, or Ground „ and Chicory, Roasted or Ground, Mixed (see Chicoryand Coffee).",1896,"71,346,813,572",71346813572
export_uk,quantity,,"Meat: Beef, Pork, Bacon, and Hams - Cwts.  Medicines, Drugs, and Medicinal Preparations",1888,"70,760,932,154",70760932154
import,quantity,,Cork:  Unmanufactured Tons  Manufactured,1878,"70,175,638,645",70175638645
import,quantity,,Cork:  Unmanufactured Tons  Manufactured,1877,"69,346,417,991",69346417991
import,quantity,,"Bark:  For Tanners' or Dyers' use ""  Peruvian",1876,"67,231,926,021",67231926021
import,value,,Hats and Bonnets : Of Felt,1894,"64,930,110,898",64930110898
import,quantity,,"Bark:  For Tanners' or Dyers' use ""  Peruvian",1877,"64,566,234,900",64566234900
export_uk,quantity,,Paper : Hangings Cwts. Of other Sorts,1895,"64,316,842,526",64316842526
import,quantity,,Cork:  Unmanufactured Tons  Manufactured,1879,"61,614,973,021",61614973021
export_uk,quantity,,Paper Hangings Cwts.  Of other Sorts,1890,"61,058,904,997",61058904997
export_uk,quantity,,Paper Hangings Cwts.  Of other Sorts,1889,"60,546,928,837",60546928837
import,quantity,,"Bark:  For Tanners' or Dyers' use ""  Peruvian",1878,"58,752,553,886",58752553886
export_uk,quantity,,Paper : Hangings Cwts. Of other Sorts,1892,"58,098,873,653",58098873653
export_uk,quantity,,Paper : Hangings Cwts. Of other Sorts,1894,"57,606,841,074",57606841074
export_uk,quantity,,Paper : Hangings Cwts. Of other Sorts,1893,"56,956,852,801",56956852801
export_uk,quantity,,Paper Hangings Cwts.  Of other Sorts,1887,"55,175,765,920",55175765920
reexport,value,,"Nuts, For expressing Oil therefrom - - - - - - - - - - - - - - - Other sorts, unenumerated (not Fruit) - - - - - - - - - - - - - - -",1894,"51,520,116,671",51520116671
reexport,quantity,,"Metal : Leaf, not Gold Packets  Unenumerated, Unwrought Tons  Wrought or Manufactured ,,  Old, fit only to be re-manufactured",1895,"48,993,569,397",48993569397
import,quantity,,"Bark:  For Tanners' or Dyers' use ""  Peruvian",1875,"47,190,036,531",47190036531
reexport,value,,"Nuts, For expressing Oil therefrom - - - - - - - - - - - - - - - Other sorts, unenumerated (not Fruit) - - - - - - - - - - - - - - -",1895,"46,409,222,464",46409222464
reexport,quantity,,Hemp :Dressed or Undressed . . . . .Tow . . . . .Unenumerated Vegetable Substances applicable to the same uses as Hemp or Flax . . . . .,1899,"38,506,532,871",38506532871
import,quantity,,"Rags, and other materials for making Paper : Linen and Cotton Rags Tons Esparto, and other Materials",1887,"38,273,339,769",38273339769
reexport,value,Zinc,"Ore of Crude, in Cakes",1894,"37,235,010,215",37235010215
import,quantity,,"Rags, and other materials for making Paper : Linen and Cotton Rags Tons Esparto, and other Materials",1886,"36,604,312,814",36604312814
import,quantity,,"Rags, and other materials for making Paper : Linen and Cotton Rags Tons Esparto, and other Materials",1884,"36,233,260,544",36233260544
import,quantity,,Feathers :For Beds Cwts.Ornamental,1891,"35,601,714,575",35601714575
import,quantity,,"Rags, and other materials for making Paper : Linen and Cotton Rags Tons Esparto, and other Materials",1885,"35,470,299,100",35470299100
import,value,,Dye Woods :Logwood . . . . .Unenumerated . . . . .,1891,"33,584,686,069",33584686069
import,value,,Dye Woods :Logwood . . . . .Unenumerated . . . . .,1892,"33,353,868,410",33353868410
reexport,value,,"Nuts, For expressing Oil therefrom - - - - - - - - - - - - - - - Other sorts, unenumerated (not Fruit) - - - - - - - - - - - - - - -",1896,"32,401,126,309",32401126309
import,quantity,,Feathers :For Beds Cwts.Ornamental,1888,"31,610,655,488",31610655488
import,quantity,,Feathers:  For Beds Cwts.  Ornamental,1882,"31,291,568,928",31291568928
import,quantity,,Feathers :For Beds Cwts.Ornamental,1890,"30,411,804,666",30411804666
import,quantity,,"Rags, and other materials for making Paper : Linen and Cotton Rags Tons Esparto, and other Materials",1883,"28,543,288,549",28543288549
reexport,value,,"Nuts, For expressing Oil therefrom - - - - - - - - - - - - - - - Other sorts, unenumerated (not Fruit) - - - - - - - - - - - - - - -",1898,"28,171,713,212",28171713212
import,quantity,,Feathers :For Beds Cwts.Ornamental,1894,"26,883,916,123",26883916123
import,quantity,,Feathers:  For Beds Cwts.  Ornamental,1881,"26,636,342,774",26636342774
import,value,,Pitch and Tar :Pitch · · · · ·,1890,"26,578|26,578,129,821|26,578,120,821",26578129821
import,quantity,,Feathers :For Beds Cwts.Ornamental,1893,"25,378,873,194",25378873194
import,value,,Cheese Imitation Cheese,1899,"23,840,695,731",23840695731
reexport,value,,"Nuts, For expressing Oil therefrom - - - - - - - - - - - - - - - Other sorts, unenumerated (not Fruit) - - - - - - - - - - - - - - -",1897,"23,506,817,855",23506817855
import,quantity,,Feathers:  For Beds Cwts.  Ornamental,1877,"22,876,301,878",22876301878
import,quantity,,Feathers:  For Beds Cwts.  Ornamental,1875,"22,437,296,000",22437296000
import,quantity,,Feathers:  For Beds Cwts.  Ornamental,1876,"21,551,324,618",21551324618
reexport,value,,Chicory : Raw or Kiln-dried Roasted or Ground,1896,"20,624,609,458",20624609458
import,quantity,,Feathers:  For Beds Cwts.  Ornamental,1878,"20,602,264,799",20602264799
reexport,value,Zinc,"Ore of Crude, in Cakes",1896,"17,018,549,498",17018549498
import,quantity,,Feathers:  For Beds Cwts.  Ornamental,1879,"16,876,266,584",16876266584
reexport,quantity,,"Lead : Ore of Tons  Pig and Sheet ,,  Manufactures of, unenumerated",1897,"16,316,692,644",16316692644
reexport,value,,"Ether :  Acetic . . . . . Lbs.  Butyric . . . . . Gallons  Sulphuric . . . . . ,,",1900,"14,154,702,880",14154702880
import,quantity,,"Bark:  For Tanners' or Dyers' use ""  Peruvian",1879,"11,755,460,681",11755460681
reexport,value,,Chicory : Raw or Kiln-dried Roasted or Ground,1895,"10,859,126,868",10859126868
import,value,,"Hats and Bonnets, of Felt . . . . . Number",1890,"9,983,686,812|678,691|9,988,686,812|99,886",9988686812
import,value,,"Plums, French, and Prunellocs„ Dried or Preserved„ Raw (see Fruit).",1898,"9,758,259,049",9758259049
import,value,,"Hats and Bonnets, of Felt . . . . . Number",1889,"9,338,295,635|655,108|93,382",9338295635
import,value,,"Chicory, Raw or Kiln Dried „ Roasted or Ground",1899,"9,217,879,094",9217879094
import,value,,"Hats and Bonnets, of Felt . . . . . Number",1892,"8,884,164,150|616,970|8,881,164,150",8884164150
import,value,,Pitch and Tar : Pitch,1894,"8,107,271,356",8107271356
reexport,quantity,,"Metal : Leaf, not Gold Packets  Unenumerated, Unwrought Tons  Wrought or Manufactured ,,  Old, fit only to be re-manufactured",1894,"7,976,757,804",7976757804
import,value,,"Plums, French, and Prunellocs„ Dried or Preserved„ Raw (see Fruit).",1896,"7,697,039,861",7697039861
reexport,quantity,,Butter - - - - - - - - -Margarine (including all kinds of ImitationButter) - - - - -,1897,"7,082,814,355",7082814355
import,quantity,,Dyewoods :Logwood TonsUnenumerated,1884,"6,862,622,929",6862622929
import,quantity,,Dyewoods :Logwood TonsUnenumerated,1885,"6,854,926,991",6854926991
import,quantity,,Dyewoods:  Logwood Tons  Unenumerated,1885,"5,854,926,991|6,854,926,991",6854926991
import,quantity,,Dyewoods :Logwood TonsUnenumerated,1894,"6,845,712,844",6845712844
import,quantity,,"Dyewoods:  Logwood ""  Unenumerated",1876,"6,421,524,855",6421524855
import,quantity,,Dyewoods :Logwood TonsUnenumerated,1890,"6,351,924,321",6351924321
reexport,quantity,,Butter - - - - - - - - -Margarine (including all kinds of ImitationButter) - - - - -,1898,"6,349,110,023",6349110023
import,quantity,,Furniture and Hardwoods : Mahogany Tons Unenumerated,1884,"6,288,654,126",6288654126
import,quantity,,Dyewoods :Logwood TonsUnenumerated,1888,"6,230,617,232",6230617232
import,quantity,,Dyewoods :Logwood TonsUnenumerated,1892,"6,158,911,093",6158911093
import,quantity,,Dyewoods:  Logwood Tons  Unenumerated,1881,"6,064,327,272",6064327272
reexport,quantity,,Butter - - - - - - - - -Margarine (including all kinds of ImitationButter) - - - - -,1894,"5,839,010,616",5839010616
reexport,quantity,,Butter - - - - - - - - -Margarine (including all kinds of ImitationButter) - - - - -,1896,"5,836,811,484",5836811484
import,quantity,,"Dyewoods:  Logwood ""  Unenumerated",1875,"5,616,828,244",5616828244
import,quantity,,Furniture and Hardwoods : Mahogany Tons Unenumerated,1885,"5,605,355,983",5605355983
import,quantity,,Dyewoods : Logwood Tons Unenumerated,1886,"5,559,822,466",5559822466
import,quantity,,Dyewoods :Logwood TonsUnenumerated,1886,"5,559,822,466",5559822466
import,quantity,,Dyewoods :Logwood TonsUnenumerated,1891,"5,491,315,881",5491315881
import,value,,"Plums, French, and Prunellocs„ Dried or Preserved„ Raw (see Fruit).",1895,"5,360,134,371",5360134371
import,quantity,,Dyewoods :Logwood TonsUnenumerated,1893,"5,230,021,057",5230021057
import,value,,"Plums, French, and Prunellocs„ Dried or Preserved„ Raw (see Fruit).",1899,"5,076,291,765",5076291765
import,quantity,,Furniture and Hardwoods : Mahogany Tons Unenumerated,1883,"5,015,862,786",5015862786
export_uk,quantity,,Total of Piece Goods,1887,"4,901,912,000|2,261,471",4901912000
import,quantity,,Furniture and Hardwoods : Mahogany Tons Unenumerated,1886,"4,873,250,717",4873250717
export_uk,quantity,,Total of Piece Goods,1892,"4,873,105,800|171,302,500",4873105800
import,quantity,,Dyewoods : Logwood Tons Unenumerated,1887,"4,872,024,807",4872024807
import,quantity,,Dyewoods :Logwood TonsUnenumerated,1887,"4,872,024,807",4872024807
export_uk,quantity,,Total of Piece Goods,1893,"4,652,217,400|158,335,300",4652217400
export_uk,quantity,,Total of Piece Goods,1883,"4,538,885,500",4538885500
import,quantity,,"Dyewoods:  Logwood ""  Unenumerated",1877,"4,524,516,513",4524516513
import,quantity,,"Dyewoods:  Logwood ""  Unenumerated",1879,"4,455,324,849",4455324849
import,quantity,,Dyewoods:  Logwood Tons  Unenumerated,1882,"4,126,926,252",4126926252
import,value,,"Plums, French, and Prunellocs„ Dried or Preserved„ Raw (see Fruit).",1897,"3,986,392,105",3986392105
import,quantity,,"Dyewoods:  Logwood ""  Unenumerated",1878,"3,831,116,037",3831116037
import,quantity,,Furniture and Hardwoods : Mahogany Tons Unenumerated,1887,"3,765,057,994",3765057994
export_uk,quantity,Cotton Manufactures,Total of Piece Goods,1870,"2,266,998,366|3,266,998,366|3,266,998,966",3266998966
export_uk,quantity,,Total,1870,"3,266,998,366",3266998366
export_uk,quantity,Cotton Manufactures,Total,1870,"3,266,998,366",3266998366
export_uk,quantity,,"Piece Goods, White or Plain",1883,"3,136,150,200",3136150200
export_uk,quantity,Cotton Manufactures,"Piece Goods: Unbleached, Grey Yards",1884,"3,095,353,700",3095353700
export_uk,quantity,,Total,1868,"2,977,106,551",2977106551
export_uk,quantity,,Total of Piece Goods,1868,"2,977,106,551",2977106551
export_uk,quantity,Cotton Manufactures,Total,1868,"2,977,106,551",2977106551
export_uk,quantity,Cotton Manufactures,Total of Piece Goods,1868,"2,977,106,551",2977106551
export_uk,quantity,,"Piece Goods, White or Plain",1882,"2,959,882,600|2,959,882,500",2959882600
export_uk,quantity,,Total,1869,"2,868,630,125",2868630125
export_uk,quantity,Cotton Manufactures,Total,1869,"2,868,630,125",2868630125
export_uk,quantity,,Total,1867,"2,832,013,707",2832013707
export_uk,quantity,Cotton Manufactures,Total,1867,"2,832,013,707",2832013707
reexport,value,Zinc,"Ore of Crude, in Cakes",1895,"2,755,110,946",2755110946
export_uk,quantity,,"Piece Goods, White or Plain",1877,"2,699,282,118",2699282118
import,value,,Pitch and Tar :Pitch,1892,"2,669,480,412|2,689,480,412",2689480412
import,value,,Pitch and Tar :Pitch · · · · ·,1889,"2,689,399,849|26,893",2689399849
export_uk,quantity,,"Piece Goods, White or Plain",1878,"2,539,166,400|2,639,166,400",2639166400
export_uk,quantity,,"Piece Goods, White or Plain",1874,"2,586,709,681|2,586,709,684",2586709684
export_uk,quantity,,Total,1866,"2,575,698,138",2575698138
export_uk,quantity,Cotton Manufactures,Total,1866,"2,575,698,138",2575698138
export_uk,quantity,,"Piece Goods, White or Plain",1875,"2,549,145,807",2549145807
reexport,value,,"Spirits, Brandy",1900,"2,537,123,384",2537123384
export_uk,value,,"Manufactures, viz:Piece Goods, including Handkerchiefsand Shawls in the Piece,viz:Wholly of Cotton, Unbleached,Grey Yards",1894,"2,268,328,700",2268328700
import,value,,Cheese Imitation Cheese,1896,"2,244,525,421",2244525421
export_uk,value,,"Manufactures, viz:Piece Goods, including Handkerchiefsand Shawls in the Piece,viz:Wholly of Cotton, Unbleached,Grey Yards",1895,"2,107,429,100",2107429100
export_uk,value,,"Manufactures, viz:Piece Goods, including Handkerchiefsand Shawls in the Piece,viz:Wholly of Cotton, Unbleached,Grey Yards",1896,"2,096,698,900",2096698900
export_uk,value,,"Manufactures, viz:Piece Goods, including Handkerchiefsand Shawls in the Piece,viz:Wholly of Cotton, Unbleached,Grey Yards",1897,"2,042,935,400",2042935400
export_uk,quantity,,"Piece Goods, White or Plain",1868,"2,030,859,372",2030859372
export_uk,quantity,,"Wholly of Cotton, Unbleached,Grey",1893,"1,944,188,100",1944188100
export_uk,value,,"Manufactures, viz:Piece Goods, including Handkerchiefsand Shawls in the Piece,viz:Wholly of Cotton, Unbleached,Grey Yards",1893,"1,944,188,100",1944188100
reexport,value,,"Ether :  Acetic . . . . . Lbs.  Butyric . . . . . Gallons  Sulphuric . . . . . ,,",1898,"1,763,154,124",1763154124
import,quantity,,"Ivory :Teeth, Elephants', Sea-cow, Sea-horse, or Sea-morse ,,Vegetable",1896,"1,691,130,129",1691130129
export_uk,quantity,Cotton Manufactures,"Bleached, White",1887,"1,430,609,600",1430609600
export_uk,quantity,Cotton Manufactures,"Dyed, or Manufactured of Dyed Yarn",1887,"1,430,609,600",1430609600
export_uk,quantity,Cotton Manufactures,"Printed, Dyed, or Coloured """,1888,"1,430,249,200",1430249200
export_uk,quantity,Cotton Manufactures,"Bleached, White",1886,"1,351,976,700",1351976700
export_uk,quantity,Cotton Manufactures,"Bleached, White",1884,"1,321,645,700",1321645700
export_uk,quantity,Cotton Manufactures,"Bleached, White",1885,"1,224,123,800",1224123800
import,quantity,,"Ivory : Teeth, Elephants', Sea-cow, Sea-horse, or Sea-morse - „ Vegetable Ivory - - - - -",1896,"1,091,139,129",1091139129
import,quantity,,"Ivory : Teeth, Elephants', Sea-cows', or Walrus' ” Vegetable",1896,"1,091,130,129",1091130129
import,value,,"Ivory : Teeth, Elephants', Sea-cow, Sea-horse, or Sea-morse - ,,  Vegetable Ivory",1896,"1,091,130,129",1091130129
import,quantity,,"Ivory : Teeth, Elephants', Sea-cow, Sea-horse, or Sea-morse - „ Vegetable Ivory - - - - -",1895,"1,091,112,988",1091112988
import,quantity,,"Ivory :Teeth, Elephants', Sea-cow, Sea-horse, or Sea-morse ,,Vegetable",1895,"1,091,112,988",1091112988
import,value,,"Ivory : Teeth, Elephants', Sea-cow, Sea-horse, or Sea-morse - ,,  Vegetable Ivory",1895,"1,091,112,988",1091112988
import,quantity,,"Ivory : Teeth, Elephants', Sea-cow, Sea-horse, or Sea-morse - „ Vegetable Ivory - - - - -",1894,"1,039,433,076",1039433076
import,quantity,,"Ivory :Teeth, Elephants', Sea-cow, Sea-horse, or Sea-morse ,,Vegetable",1894,"1,039,433,076",1039433076
import,quantity,,"Ivory : Teeth, Elephants', Sea-cow, Sea-horse, or Sea-morse - „ Vegetable Ivory - - - - -",1897,"1,028,816,412",1028816412
import,quantity,,"Ivory : Teeth, Elephants', Sea-cows', or Walrus' ” Vegetable",1897,"1,028,816,412",1028816412
import,quantity,,"Ivory :Teeth, Elephants', Sea-cow, Sea-horse, or Sea-morse ,,Vegetable",1897,"1,028,816,412",1028816412
import,value,,"Ivory : Teeth, Elephants', Sea-cow, Sea-horse, or Sea-morse - ,,  Vegetable Ivory",1897,"1,028,816,412",1028816412
import,quantity,,"Ivory :Teeth, Elephants', Sea-cow, Sea-horse, or Sea-morse ,,Vegetable",1893,"1,001,840,438",1001840438
import,quantity,,"Ivory : Teeth, Elephants', Sea-cow, Sea-horse, or Sea-morse - „ Vegetable Ivory - - - - -",1898,"1,000,212,716",1000212716
import,quantity,,"Ivory : Teeth, Elephants', Sea-cows', or Walrus' ” Vegetable",1898,"1,000,212,716",1000212716
import,value,,"Ivory : Teeth, Elephants', Sea-cow, Sea-horse, or Sea-morse - ,,  Vegetable Ivory",1898,"1,000,212,716",1000212716
import,quantity,,"Ivory : Teeth, Elephants', Sea-cows', or Walrus' ” Vegetable",1899,"993,917,188",993917188
import,value,,"Ivory : Teeth, Elephants', Sea-cow, Sea-horse, or Sea-morse - ,,  Vegetable Ivory",1899,"993,917,188",993917188
import,quantity,,"Ivory : Teeth, Elephants', Sea-cows', or Walrus' ” Vegetable",1900,"988,913,972",988913972
export_uk,quantity,Cotton Manufactures,""" Printed, Dyed, or Colored",1866,"897,625,547",897625547
export_uk,quantity,,"Dyed, or Manufactured ofDyed Yarn",1899,"560,106,000|860,106,000",860106000
export_uk,quantity,,"Dyed, or Manufactured of Dyed Yarn",1900,"840,602,800",840602800
export_uk,quantity,,"Dyed, or Manufactured ofDyed Yarn",1900,"840,602,800",840602800
import,quantity,,Other Goats' Wool or Hair,1895,"770,955,203",770955203
export_uk,value,,"Dyed, or Manufactured ofDyed Yarn Yards",1896,"740,899,100",740899100
import,quantity,Wool,Sheep and Lambs',1892,"738,251,203",738251203
import,quantity,Wool,„ „ Other Goats' Wool or Hair,1897,"3,259,056|735,627,420",735627420
import,quantity,Wool,„ „ Other Goats' Wool or Hair,1896,"2,156,233|713,575,173",713575173
import,quantity,,Other Goats' Wool or Hair,1894,"700,550,262",700550262
import,quantity,,Other Goats' Wool or Hair,1893,"672,763,274",672763274
import,quantity,,Sheep or Lambs' Wool,1893,"672,763,274",672763274
export_uk,value,,"Dyed, or Manufactured ofDyed Yarn Yards",1894,"651,863,000",651863000
export_uk,value,,"Dyed, or Manufactured ofDyed Yarn Yards",1895,"648,816,000",648816000
export_uk,value,,"Dyed, or Manufactured ofDyed Yarn Yards",1897,"631,096,200",631096200
export_uk,quantity,,"Dyed, or Manufactured ofDyed Yarn",1893,"626,283,500",626283500
export_uk,value,,"Dyed, or Manufactured ofDyed Yarn Yards",1893,"626,283,500",626283500
reexport,quantity,,Butter - - - - - - - - -Margarine (including all kinds of ImitationButter) - - - - -,1895,"575,309,455",575309455
export_uk,quantity,"Ammunition, viz.",Perfusion Caps,1897,"451,436,000",451436000
export_uk,value,"Ammunition, viz",Perfusion Caps . . . . . -Number.,1893,"451,127,000",451127000
reexport,value,Wood and Timber,Furniture woods:  Mahogany,1896,"451,110,073",451110073
import,value,,TOTAL OF IMPORTS - - - - -,1896,"441,803,904",441803904
export_uk,quantity,"Ammunition, viz.",Perfusion Caps,1896,"411,450,600",411450600
export_uk,quantity,"Ammunition, viz.",Perfusion Caps,1895,"405,874,000",405874000
reexport,quantity,,Other Goats' Wool or Hair . . . . .,1895,"404,157,913|404,187,913",404187913
reexport,quantity,"Goats' Wool, viz.",Sheep or Lambs' Wool,1895,"404,187,913",404187913
reexport,quantity,Wool,Other Goats' Wool or Hair,1895,"404,187,913",404187913
reexport,quantity,Wool,Sheep or Lambs' Wool,1895,"404,187,913",404187913
export_uk,quantity,"Ammunition, viz.",Perfusion Caps,1899,"393,615,000",393615000
reexport,quantity,"Goats' Wool, viz.",Sheep or Lambs' Wool,1897,"370,841,212",370841212
export_uk,quantity,"Ammunition, viz.",Perfusion Caps,1898,"368,243,000",368243000
reexport,quantity,"Goats' Wool, viz.",Sheep or Lambs' Wool,1893,"345,793,611",345793611
reexport,quantity,"Goats' Wool, viz.",Sheep or Lambs' Wool,1894,"344,949,461",344949461
reexport,quantity,Wool,Other Goats' Wool or Hair,1894,"344,949,461",344949461
export_uk,quantity,,"Plate, viz. : Gold Ozs. Troy  Silver",1899,"344,137,936",344137936
reexport,quantity,,Other Goats' Wool or Hair . . . . .,1894,"341,949,461",341949461
reexport,quantity,"Goats' Wool, viz.",Sheep or Lambs' Wool,1896,"334,403,903",334403903
reexport,quantity,,Other Goats' Wool or Hair . . . . .,1893,"315,793,611",315793611
import,quantity,,Tea,1900,"298,900,200",298900200
import,value,,TOTAL,1868,"294,693,608|39,432,624",294693608
reexport,quantity,Wool,Sheep or Lambs' Wool,1898,"292,799,721",292799721
export_uk,quantity,,Worsted Stuff,1873,"282,884,692",282884692
reexport,value,,TOTAL from the UNITED KINGDOM -,1899,"264,492,211",264492211
export_uk,quantity,,Worsted Stuff,1874,"261,135,081",261135081
export_uk,quantity,,Jute Manufactures: Piece Goods,1896,"257,146,200",257146200
export_uk,quantity,,Cotton Yarn and Twist :  Grey Lbs.  Bleached and Dyed,1888,"255,846,100",255846100
export_uk,quantity,Linen Manufactures,Total,1866,"255,468,689",255468689
import,quantity,,"Wool, Sheep, Lamb, Alpaca, and the Llama Tribe",1868,"252,744,155",252744155
export_uk,quantity,,Worsted Stuff,1875,"251,845,549",251845549
export_uk,quantity,,Cotton Yarn and Twist :  Grey Lbs.  Bleached and Dyed,1887,"251,026,000",251026000
reexport,value,,TOTAL from the UNITED KINGDOM -,1896,"240,145,551",240145551
reexport,value,,TOTAL from ENGLAND and WALES -,1899,"236,945,087",236945087
reexport,value,,TOTAL from the UNITED KINGDOM -,1897,"234,219,708",234219708
reexport,value,,TOTAL from the UNITED KINGDOM -,1898,"233,359,240",233359240
export_uk,quantity,Linen Manufactures,Total,1870,"226,403,432",226403432
reexport,value,,TOTAL from the UNITED KINGDOM -,1895,"226,128,246",226128246
export_uk,quantity,,Worsted Stuff,1876,"221,561,999",221561999
reexport,value,,TOTAL from the UNITED KINGDOM . . . . .,1893,"217,217,367",217217367
import,quantity,,"Petroleum, Illuminating",1900,"215,268,480",215268480
export_uk,quantity,Linen Manufactures,Total,1869,"214,727,002",214727002
export_uk,value,,"Cotton, viz:Yarn and Twist for Weaving, viz:Grey Lbs.",1895,"211,521,600|7,455,996",211521600
export_uk,quantity,Linen Manufactures,Total,1867,"211,275,196",211275196
export_uk,value,,"Cotton, viz:Yarn and Twist for Weaving, viz:Grey Lbs.",1897,"7,943,200|210,373,700",210373700
export_uk,quantity,Linen Manufactures,Total of Piece Goods,1868,"210,114,382",210114382
export_uk,quantity,Linen Manufactures,Total,1868,"210,049,678",210049678
reexport,quantity,,Wax (including Ozokerit and Earth Wax) Cwts.Whalebone (including Finners),1899,"207,491,092",207491092
export_uk,value,,"Cotton, viz:Yarn and Twist for Weaving, viz:Grey Lbs.",1896,"206,208,900|8,148,567",206208900
export_uk,quantity,Linen Manufactures,"Piece Goods, White or Plain",1869,"201,658,286|204,658,286",204658286
reexport,value,,Scarborough -,1876,"200,639,204",200639204
reexport,value,,Scarborough -,1877,"198,893,065",198893065
export_uk,value,,"Cotton, viz:Yarn and Twist for Weaving, viz:Grey Lbs.",1894,"198,513,400|7,489,228",198513400
export_uk,quantity,Linen Manufactures,"Piece Goods, White or Plain",1868,"197,635,508",197635508
export_uk,quantity,,Worsted Stuff,1877,"194,777,034",194777034
reexport,value,,Scarborough -,1878,"192,848,914",192848914
reexport,value,,TOTAL from ENGLAND and WALES . . . . .,1893,"191,641,977",191641977
export_uk,quantity,Linen Manufactures,White and Plain,1867,"191,557,866",191557866
export_uk,quantity,,Jute Manufactures,1880,"183,202,400|183,202,100",183202400
export_uk,value,,TOTAL - - - - -,1868,"179,677,812",179677812
export_uk,quantity,,"Piece Goods, White or Plain",1895,"178,865,500",178865500
export_uk,value,,"Linen Manufactures: Piece Goods, White or Plain Yards",1895,"3,488,369|178,865,500",178865500
import,quantity,,"Petroleum, Illuminating . . . . .",1895,"177,146,628",177146628
import,value,,"Petroleum, Illuminating . . . . . Gallons",1895,"3,368,904|177,146,628",177146628
export_uk,quantity,,Worsted Coatings and Suitings,1890,"172,420,500",172420500
export_uk,value,,"Worsted Coatings and Stuffs . . . . . """,1890,"172,420,500",172420500
export_uk,value,,"Worsted Coatings and Stuffs . . . . . """,1889,"171,653,300",171653300
export_uk,value,,"Cotton, viz:Yarn and Twist for Weaving, viz:Grey Lbs.",1893,"170,441,200",170441200
export_uk,quantity,Woollen and Worsted Manufactures,Worsted Coatings and Stuffs,1895,"164,038,600",164038600
reexport,quantity,,Wax (including Ozokerit and Earth Wax) Cwts.Whalebone (including Finners),1900,"157,861,168",157861168
export_uk,quantity,,"Piece Goods, White or Plain",1892,"156,254,800",156254800
export_uk,value,,"Linen Manufactures: Piece Goods, White or Plain Yards",1892,"156,254,800|3,448,159",156254800
import,quantity,,Tea,1868,"154,845,863|154,815,863",154845863
export_uk,quantity,,"Piece Goods, White or Plain",1896,"150,849,300",150849300
export_uk,value,,"Linen Manufactures: Piece Goods, White or Plain Yards",1896,"150,849,300|3,146,341",150849300
export_uk,quantity,Woollen Manufactures,Worsted Coatings and Stuffs,1888,"148,180,500",148180500
export_uk,quantity,,Worsted Coatings and Stuffs,1891,"144,530,500|144,630,500",144630500
export_uk,quantity,,Worsted Coatings and Suitings,1891,"144,530,500",144530500
export_uk,value,,"Worsted Coatings and Stuffs . . . . . """,1891,"144,530,500",144530500
reexport,quantity,,Wax (including Ozokerit and Earth Wax) Cwts.Whalebone (including Finners),1896,"143,041,817",143041817
export_uk,quantity,,Worsted Coatings and Suitings,1892,"142,514,200",142514200
export_uk,quantity,,"Plain, Unbleached or Bleached Yards",1900,"141,563,300",141563300
export_uk,quantity,,"Piece Goods, White or Plain",1893,"139,682,300",139682300
export_uk,value,,"Linen Manufactures: Piece Goods, White or Plain Yards",1893,"139,682,300|3,125,213",139682300
export_uk,quantity,,"Piece Goods, White or Plain",1894,"135,157,200",135157200
export_uk,value,,"Linen Manufactures: Piece Goods, White or Plain Yards",1894,"135,157,200|2,895,100",135157200
export_uk,quantity,,Worsted Coatings and Suitings,1893,"129,928,800",129928800
reexport,quantity,,Chicory : Raw or Kiln-dried Cwts. Roasted or Ground Lbs. „ „ In Bond,1897,"128,147,849",128147849
export_uk,quantity,,Jute Manufactures: Piece Goods - Yards,1878,"122,901,200",122901200
reexport,value,,"Linen, Yarn - - - - - - - - - - - - - - - Manufactures, including Manufactures of Linen, mixed with Cotton - - - - - - - - - - - - - - -",1895,"122,624,338",122624338
reexport,quantity,,"Wool, Sheep and Lambs' (including Wool of the Alpaca and Llama Tribe)",1869,"116,608,305",116608305
reexport,value,,"Linen, Yarn - - - - - - - - - - - - - - - Manufactures, including Manufactures of Linen, mixed with Cotton - - - - - - - - - - - - - - -",1898,"114,933,373",114933373
export_uk,quantity,,Worsted Coatings and Suitings,1894,"110,674,100",110674100
export_uk,quantity,"Worsted Tissues, viz.: Stuffs, Dress Goods, Linings, Lastings, &c.",Mixed with other materials,1895,"109,025,600",109025600
import,quantity,,Petroloum,1890,"105,080,863",105080863
import,quantity,,Petroloum,1889,"102,881,256",102881256
reexport,value,Wood and Timber,Furniture woods:  Mahogany,1898,"96,737,410",96737410
export_uk,quantity,,"Woollen Manufactures:Cloths, Coatings, Stuffs, &c.",1884,"95,393,200",95393200
import,quantity,,Petroloum,1888,"94,401,285",94401285
export_uk,quantity,"Worsted Tissues, viz.: Stuffs, Dress Goods, Linings, Lastings, &c.",Mixed with other materials,1896,"93,996,100",93996100
import,value,,"Preserved without Sugar, other than dried . . . . . - Lbs.",1899,"93,549,823",93549823
import,value,,"Plate Glass (see Glass Plate).„ Of Gold„ Of Silver, Gilt or ungilt",1899,"93,032,292",93032292
reexport,quantity,,"Wool, Sheep and Lambs' (including Wool of the Alpaca and Llama Tribe)",1870,"92,542,364",92542364
export_uk,quantity,"Worsted Tissues, viz.: Stuffs, Dress Goods, Linings, Lastings, &c.",Mixed with other materials,1897,"91,638,900",91638900
reexport,quantity,,"Wool, Sheep and Lambs' (including Wool of the Alpaca and Llama Tribe)",1867,"90,839,584",90839584
export_uk,quantity,,Mixed with other materials,1893,"89,407,800",89407800
export_uk,quantity,"Worsted Tissues, viz.: Stuffs, Dress Goods, Linings, Lastings, &c.",Mixed with other materials,1893,"89,407,800",89407800
import,quantity,Tobacco,Unmanufactured,1878,"89,250,025",89250025
export_uk,quantity,,"Woollen Manufactures:Cloths, Coatings, Stuffs, &c.",1883,"88,229,200",88229200
export_uk,quantity,,"Woollen Manufactures:Cloths, Coatings, Stuffs, &c.",1888,"87,261,400",87261400
import,quantity,,Gold Leaves,1893,"85,089,000",85089000
import,quantity,,Gold Leaves,1894,"84,614,380",84614380
reexport,value,,Liverpool - - - - - -,1893,"83,574,653",83574653
import,quantity,,Gold Leaves,1892,"83,005,300",83005300
reexport,value,,"Linen, Yarn - - - - - - - - - - - - - - - Manufactures, including Manufactures of Linen, mixed with Cotton - - - - - - - - - - - - - - -",1894,"81,525,298",81525298
import,value,,Sugar : Refined and Candy . . . . . Unrefined . . . . . Molasses . . . . . Glucose . . . . .,1890,"81,405,110",81405110
reexport,value,,Liverpool - - - - - - -,1899,"81,262,962",81262962
reexport,value,,Liverpool -,1874,"79,460,771",79460771
import,quantity,,Petroloum,1887,"77,890,435",77890435
export_uk,quantity,"Worsted Tissues, viz.: Stuffs, Dress Goods, Linings, Lastings, &c.",Mixed with other materials,1894,"77,558,300",77558300
import,quantity,Tobacco,"Unmanufactured, Stemmed or Stripped",1900,"77,384,767",77384767
import,value,,"Preserved without Sugar, other than dried . . . . . - Lbs.",1898,"75,850,332",75850332
import,quantity,,Unmanufactured,1895,"72,879,623",72879623
reexport,value,,Liverpool -,1876,"72,864,643",72864643
import,quantity,,Petroloum,1886,"71,251,730",71251730
import,quantity,,Stuffs,1893,"70,424,733",70424733
reexport,value,,Liverpool -,1875,"70,116,716",70116716
export_uk,quantity,,"Cloths, Coatings, Stuffs, &amp;c.",1889,"69,154,900",69154900
export_uk,quantity,,"Woollen Manufactures:Cloths, Coatings, Stuffs, &c.",1889,"69,154,900",69154900
reexport,value,Wood and Timber,Furniture woods:  Mahogany,1897,"68,658,928",68658928
reexport,value,,Liverpool -,1877,"68,469,697",68469697
import,value,,"Preserved without Sugar, other than dried . . . . . - Lbs.",1897,"65,816,306",65816306
import,quantity,Tobacco,Unmanufactured,1892,"63,418,617",63418617
import,value,,"Preserved without Sugar, other than dried . . . . . - Lbs.",1896,"62,986,516",62986516
import,value,"Corn, Grain, and Meal",Wheat . . . . . Cuts.,1890,"60,474,180",60474180
reexport,value,,Runcorn - -,1895,"59,704,161",59704161
export_uk,value,Cotton Manufactures,TOTAL - - - - -,1887,"59,530,441",59530441
reexport,value,,Runcorn - -,1897,"59,054,410",59054410
import,quantity,,""" "" "" Other than Muslins }"" "" "" "" Muslins",1896,"58,561,796",58561796
import,value,"Corn, Grain, and Meal",Wheat . . . . . Cuts.,1889,"58,551,887",58551887
reexport,value,,London -,1874,"57,923,927",57923927
import,quantity,,Tobacco: Unmanufactured,1894,"57,781,317",57781317
reexport,value,,Runcorn - -,1894,"57,780,230",57780230
import,quantity,,Tobacco:Raw,1867,"57,586,287",57586287
export_uk,value,Cotton Manufactures,TOTAL - - - - -,1886,"57,367,235",57367235
import,value,"Corn, Grain, and Meal",Wheat . . . . . Cuts.,1888,"57,261,363",57261363
reexport,value,,Runcorn - -,1896,"56,233,663",56233663
export_uk,quantity,,Worsted (combed or carded),1900,"56,067,600",56067600
reexport,value,,"„ Unenumerated, not sweetened or mixed „",1900,"55,852,221",55852221
import,value,"Corn, Grain, and Meal",Wheat . . . . . Cuts.,1887,"55,802,518",55802518
import,value,,"Cotton, Raw - - - - -",1868,"55,194,157",55194157
reexport,value,,"„ „ Sweetened or mixed, tested „",1900,"55,119,635",55119635
import,quantity,,Tobacco:Raw,1866,"54,374,797",54374797
reexport,value,,London - - - - - - -,1899,"53,717,477",53717477
export_uk,value,Cotton Manufactures,Total - - - - -,1869,"53,021,505",53021505
export_uk,value,Cotton Manufactures,Total - - - - -,1868,"52,971,873",52971873
import,quantity,,Tobacco:Raw,1869,"52,598,590",52598590
import,quantity,,"Unmanufactured, Stemmed or Stripped",1893,"52,469,509",52469509
reexport,value,,London -,1875,"52,071,239",52071239
reexport,value,,London -,1876,"51,985,826",51985826
reexport,quantity,,Waste of (Raw and Yarn),1899,"51,587,338",51587338
reexport,value,,"Waste of (Raw and Yarn) . . . . . """,1899,"51,587,338",51587338
import,quantity,,""" "" "" Other than Muslins }"" "" "" "" Muslins",1897,"50,381,636",50381636
export_uk,quantity,,Jute Manufactures,1869,"742,365|50,127,553|50,127,853",50127853
reexport,value,,"Ether :  Acetic . . . . . Lbs.  Butyric . . . . . Gallons  Sulphuric . . . . . ,,",1899,"49,851,688",49851688
import,quantity,,"Gold, Leaves of . . . . .",1899,"49,108,570",49108570
import,quantity,,Tobacco:Raw,1868,"49,016,586",49016586
import,quantity,,""" "" "" Other than Muslins }"" "" "" "" Muslins",1898,"48,225,180",48225180
import,quantity,Tobacco,Raw,1881,"48,195,597",48195597
reexport,value,,London -,1877,"48,145,873",48145873
reexport,value,,TOTAL - - - - -,1868,"48,100,612",48100612
import,value,"Corn, Grain, and Meal",Wheat . . . . . Cuts.,1886,"47,435,806",47435806
export_uk,value,Cotton Manufactures,Total of Piece Goods - - - - -,1895,"46,759,358",46759358
import,quantity,,""" "" "" Other than Muslins }"" "" "" "" Muslins",1895,"46,756,997",46756997
import,quantity,,"Preserved without Sugar, other than dried . . . . .",1895,"45,856,313",45856313
import,value,,"Preserved without Sugar, other than dried . . . . . - Lbs.",1895,"45,856,313",45856313
import,quantity,,Leather,1879,"45,717,763|15,717,763",45717763
import,quantity,,Tobacco:Raw,1870,"45,557,887",45557887
export_uk,quantity,,Bleached and Dyed,1888,"45,217,900",45217900
export_uk,quantity,"Coal, Cinders, &amp;c., viz.",Coal and Culm,1900,"44,089,197",44089197
export_uk,quantity,,Woollen and Worsted Yarn,1868,"42,799,410|43,653,732",43653732
import,quantity,Skins and Furs,Unenumerated,1893,"43,295,494",43295494
export_uk,quantity,,Jute Manufactures,1868,"43,081,332|706,966",43081332
reexport,quantity,,Tea . . . . .,1900,"43,057,884",43057884
reexport,value,,Tca . . . . . Lbs.,1900,"43,057,884",43057884
import,quantity,,Coconut,1895,"42,769,307",42769307
reexport,value,,London - - - - - -,1893,"42,311,028",42311028
import,quantity,,""" "" "" Other than Muslins }"" "" "" "" Muslins",1899,"42,194,937",42194937
export_uk,quantity,,"Sheep and Lambs', British, raw orundressed",1897,"40,087,800",40087800
export_uk,quantity,"Wool, viz.","Sheep and Lambs', British, raw or undressed",1897,"40,087,800",40087800
import,quantity,,",, Lubricating",1900,"39,709,563",39709563
import,quantity,,Leather,1878,"39,542,758",39542758
import,quantity,,Coconut,1894,"39,115,963",39115963
import,quantity,,Coconut,1896,"38,281,893",38281893
import,quantity,,Preserved without Sugar,1893,"37,615,004|37,345,004",37615004
reexport,value,,Tca . . . . . Lbs.,1897,"37,354,723",37354723
export_uk,quantity,,Jute Yarn,1896,"37,224,300",37224300
import,quantity,,Other kinds of Corn and Grain,1869,"36,802,762|36,802,971|36,802,871",36802971
reexport,value,,Tca . . . . . Lbs.,1898,"36,334,902",36334902
export_uk,value,,"Piece Goods, White or Plain - - - - -",1872,"34,842,628",34842628
export_uk,value,,"Piece Goods, White or Plain - - - - -",1874,"34,741,084",34741084
import,quantity,,Coconut,1897,"34,553,531",34553531
export_uk,value,,"Piece Goods, White or Plain - - - - -",1873,"34,283,471",34283471
export_uk,value,,"Piece Goods, White or Plain - - - - -",1883,"34,151,333",34151333
reexport,value,,Tca . . . . . Lbs.,1896,"34,027,806",34027806
export_uk,value,,"Piece Goods, White or Plain - - - - -",1870,"33,922,092",33922092
import,quantity,,Parroleum,1877,"33,866,311",33866311
reexport,value,Wood and Timber,Furniture woods:  Mahogany,1895,"33,647,709",33647709
export_uk,value,,"Piece Goods, White or Plain - - - - -",1882,"33,469,672",33469672
export_uk,value,,"Piece Goods, White or Plain - - - - -",1871,"33,303,025",33303025
export_uk,value,,"Piece Goods, White or Plain - - - - -",1875,"33,255,013",33255013
import,quantity,,Cocon,1893,"32,982,005",32982005
import,quantity,,Coconut,1893,"32,982,005",32982005
export_uk,value,Cotton Manufactures,"Piece Goods, White or Plain - - - - -",1887,"32,313,698",32313698
export_uk,value,,"Piece Goods, White or Plain - - - - -",1886,"32,237,682",32237682
reexport,quantity,,Tea . . . . .,1899,"32,224,205",32224205
reexport,value,,Tca . . . . . Lbs.,1899,"32,224,205",32224205
export_uk,value,,"Piece Goods, White or Plain - - - - -",1884,"31,850,336",31850336
export_uk,value,Cotton Manufactures,"Piece Goods, Unbleached, Grey - - - - -",1884,"31,850,336",31850336
export_uk,value,,"Piece Goods, White or Plain - - - - -",1877,"31,809,747",31809747
export_uk,value,,"Piece Goods, White or Plain - - - - -",1876,"31,454,280",31454280
reexport,value,,"Linen, Yarn - - - - - - - - - - - - - - - Manufactures, including Manufactures of Linen, mixed with Cotton - - - - - - - - - - - - - - -",1897,"31,427,181",31427181
reexport,value,Wood and Timber,Furniture woods:  Mahogany,1894,"31,367,338",31367338
import,quantity,,Cocon,1891,"31,282,598",31282598
import,quantity,,Other kinds of Corn and Grain,1868,"31,211,936|31,211,670",31211936
export_uk,value,,"Piece Goods, White or Plain - - - - -",1868,"31,095,692",31095692
export_uk,value,Cotton Manufactures,"Piece Goods, White or Plain - - - - -",1868,"31,095,692",31095692
import,quantity,,Cocon,1892,"30,839,525",30839525
reexport,value,,Rabbit Skins - - - - -,1895,"30,685,896",30685896
import,value,Cotton,Raw - - - - -,1893,"30,654,912",30654912
export_uk,value,,"Piece Goods, White or Plain - - - - -",1885,"30,565,477",30565477
export_uk,value,,"Piece Goods, White or Plain - - - - -",1869,"30,264,123",30264123
export_uk,quantity,,Of mixed Materials (Cotton predomining),1881,"29,637,200",29637200
reexport,quantity,Furs,Unenumerated,1893,"28,985,216",28985216
import,quantity,,Cocon,1890,"28,112,210",28112210
export_uk,quantity,,"Combed or Carded, and Tops",1900,"28,031,200",28031200
import,quantity,"Animals, Living",Coconut,1887,"27,352,568",27352568
reexport,value,,TOTAL from SCOTLAND - - -,1899,"27,212,339",27212339
export_uk,quantity,,"Oil and Floor Cloth, including India-rubber Cloth",1899,"26,867,500",26867500
import,quantity,Wool,Goats' Wool : Mohair,1899,"26,650,852",26650852
import,quantity,,Cocon,1889,"26,509,791",26509791
export_uk,quantity,"Worsted Tissues, viz: Worsted Coatings and Trouserings of all kinds","Broad, all Wool",1895,"26,278,100",26278100
reexport,value,,""" Other than Muslins . . . . . """,1896,"26,252,700",26252700
import,value,Wool,Sheep or Lambs' Wool - - - - -,1895,"26,025,960",26025960
import,quantity,"Animals, Living",Coconut,1886,"25,363,443",25363443
import,quantity,,Parroleum,1876,"25,201,177",25201177
export_uk,quantity,,"Sheep and Lambs', British, raw or undressed",1900,"24,928,800",24928800
import,value,,"Plate Glass (see Glass Plate).„ Of Gold„ Of Silver, Gilt or ungilt",1897,"24,122,576",24122576
export_uk,quantity,,"Oil and Floor Cloth, including India-rubber Cloth",1898,"23,693,100",23693100
import,quantity,"Animals, Living",Coconut,1885,"23,414,892",23414892
import,value,"Corn, Grain, Meal, and Flour",Wheat - - - - -,1897,"23,363,503",23363503
reexport,value,,Hull -,1874,"23,273,231",23273231
reexport,value,,Rabbit Skins - - - - -,1894,"23,168,076",23168076
import,quantity,"Animals, Living",Coconut,1884,"22,713,774",22713774
import,quantity,"Animals, Living",Coconut,1883,"22,698,161",22698161
export_uk,value,Woollen Manufactures,Total - - - - -,1869,"22,669,293",22669293
import,quantity,Leather Manufactures,Gloves,1875,"22,636,584",22636584
export_uk,quantity,,Flocks and Rag Wool,1889,"22,530,700",22530700
export_uk,value,,"Flocks and Rag Wool . . . . . """,1889,"516,458|22,530,700",22530700
reexport,value,,TOTAL from SCOTLAND . . . . .,1893,"22,217,415",22217415
reexport,value,,""" Other than Muslins . . . . . """,1898,"22,194,424",22194424
import,value,"Corn, Grain, and Meal",Wheat - - - - -,1868,"22,069,353",22069353
export_uk,quantity,,"Sheep and Lambs', raw or undressed - Lbs.",1889,"21,768,409",21768409
export_uk,value,,"Sheep and Lambs', raw or undressed . . . . . Lbs.",1889,"21,768,409|970,750",21768409
export_uk,value,"Coal, Cinders, &amp;c., viz.",Coal and Culm - - - - -,1899,"21,690,394|21,690,391",21690394
import,value,"Corn, Grain, Meal, and Flour",Wheat - - - - -,1896,"21,678,989",21678989
export_uk,quantity,,"Wool:  Sheep and Lambs', raw or undressed Lbs.",1895,"21,667,200",21667200
export_uk,value,Woollen Manufactures,Total - - - - -,1870,"21,664,953|21,661,953",21664953
export_uk,quantity,,"Sheep and Lambs', British, raw orundressed",1895,"21,607,290",21607290
export_uk,quantity,"Wool, viz.","Sheep and Lambs', British, raw or undressed",1895,"21,607,250",21607250
import,quantity,,Parroleum,1874,"21,463,361",21463361
reexport,value,,Hull -,1875,"20,838,396",20838396
reexport,value,,Rabbit Skins - - - - -,1897,"20,635,301",20635301
export_uk,quantity,,Noils,1889,"20,428,500",20428500
export_uk,value,,"Noils . . . . . """,1889,"20,428,500",20428500
export_uk,quantity,,Of mixed Materials (Cotton predomining),1880,"20,330,900",20330900
import,value,Sugar,Raw - - - - -,1881,"20,251,865",20251865
export_uk,quantity,,"Checked, Printed, {or Dried",1895,"20,235,800",20235800
export_uk,quantity,,"Oil and Floor Cloth, including India-rubber Cloth",1894,"20,185,709",20185709
reexport,value,,""" Other than Muslins . . . . . """,1899,"20,085,692",20085692
export_uk,value,Woollen Manufactures,TOTAL - - - - -,1888,"19,992,672",19992672
import,quantity,,"Woollen Yarn, For Weaving",1900,"19,858,359",19858359
export_uk,value,,Oil and Floor Cloth . . . . . Sq. Yds.,1891,"19,685,000",19685000
reexport,value,,""" Other than Muslins . . . . . """,1895,"19,682,338",19682338
import,value,,"Linen, Yarn . . . . . Lbs.",1889,"19,637,817|769,398",19637817
import,quantity,,"Woollen, Yarn, of all kinds",1895,"19,633,481",19633481
import,quantity,,"Yarn, of all kinds",1895,"19,633,481",19633481
import,quantity,,„ „ Wool and Zephyr Yarn,1899,"19,608,143",19608143
import,value,,„ For Weaving . . . . . „,1899,"19,608,143",19608143
export_uk,value,Woollen Manufactures,Total - - - - -,1868,"19,581,388",19581388
reexport,quantity,,Wax (including Ozokerit and Earth Wax) Cwts.Whalebone (including Finners),1898,"19,568,518",19568518
import,value,"Corn, Grain, and Meal",Wheat - - - - -,1869,"19,515,738|19,515,758",19515758
import,quantity,,Parroleum,1875,"19,440,939",19440939
import,value,,"Linen, Yarn . . . . . Lbs.",1891,"19,130,076|758,749",19130076
reexport,value,,Hull -,1877,"19,109,797",19109797
reexport,value,,Rabbit Skins - - - - -,1896,"18,888,612",18888612
export_uk,quantity,,""" mixed with other ma-terials",1895,"18,833,300",18833300
export_uk,quantity,"Woollen Tissues, viz: Heavy, weighing above 11 oz. per square yard",",, mixed with other materials",1895,"18,833,300",18833300
import,quantity,,„ „ Wool and Zephyr Yarn,1896,"18,688,650",18688650
export_uk,quantity,,"Sheep and Lambs', British, raw orundressed",1896,"18,638,500",18638500
export_uk,quantity,,Linen Yarn,1896,"18,462,300",18462300
export_uk,value,Woollen and Worsted Manufactures,Total of Woollen and Worsted Manufactures,1891,"18,446,640",18446640
export_uk,value,Cotton Manufactures,Printed,1888,"18,380,961",18380961
import,quantity,,„ „ Wool and Zephyr Yarn,1895,"18,376,407",18376407
import,quantity,,„ „ Wool and Zephyr Yarn,1898,"18,091,016",18091016
export_uk,quantity,,"Sheep and Lambs', raw or undressed Lbs.",1896,"18,038,500",18038500
export_uk,quantity,,"Wool:  Sheep and Lambs', raw or undressed Lbs.",1896,"18,038,500",18038500
export_uk,quantity,"Wool, viz.","Sheep and Lambs', British, raw or undressed",1896,"18,038,500",18038500
import,value,Wool,Sheen and Lambs,1872,"18,001,511",18001511
export_uk,quantity,,"Checked, Printed, {or Dried",1896,"17,986,100",17986100
reexport,value,,„ Rum,1900,"17,963,943",17963943
reexport,value,,"Dye Woods :  Logwood . . . . . Tons.  Unenumerated . . . . . ,,",1898,"17,951,972",17951972
export_uk,quantity,,"Wool:  Sheep and Lambs', raw or undressed Lbs.",1892,"17,928,100",17928100
reexport,value,,Hull -,1876,"17,816,719",17816719
export_uk,quantity,,""" mixed with other ma-terials",1896,"17,767,100",17767100
export_uk,quantity,"Woollen Tissues, viz: Heavy, weighing above 11 oz. per square yard",",, mixed with other materials",1896,"17,767,100",17767100
reexport,quantity,,„ Other than Muslins,1900,"17,750,590",17750590
reexport,value,,""" Other than Muslins . . . . . """,1897,"17,735,195",17735195
export_uk,value,,"Manufactures, viz. :Piece Goods, including Handkerchiefs and Shawls in the Piece, viz. :Wholly of Cotton, Unbleached, Grey . . . . .",1894,"17,617,900",17617900
export_uk,quantity,,"Oil and Floor Cloth, including India-rubber Cloth",1893,"17,536,690",17536690
export_uk,value,,Oil and Floor Cloth . . . . . Sq. Yds.,1893,"17,536,600",17536600
import,value,Wool,Sheen and Lambs,1871,"17,442,906",17442906
reexport,value,,"Ether :  Acetic . . . . . Lbs.  Butyric . . . . . Gallons  Sulphuric . . . . . ,,",1896,"17,412,018",17412018
import,quantity,Leather Manufactures,Gloves,1876,"17,369,244",17369244
import,value,,"Linen, Yarn . . . . . Lbs.",1890,"17,365,236|681,607",17365236
reexport,quantity,,Wax (including Ozokerit and Earth Wax) Cwts.Whalebone (including Finners),1897,"17,320,274",17320274
import,value,Cotton,"Raw . . . . . """,1889,"17,298,770",17298770
export_uk,quantity,,Thread for Sewing or Stitching,1893,"17,244,500",17244500
export_uk,value,,Oil and Floor Cloth . . . . . Sq. Yds.,1889,"17,195,200",17195200
export_uk,quantity,,"Wool, Sheep and Lamb",1880,"17,127,300",17127300
import,quantity,,Barley,1900,"17,054,090",17054090
export_uk,value,,Linen Yarn - - - - -,1895,"965,926|17,045,600|955,926",17045600
import,value,,ALSO OTHER ARTICLES,1885,"17,018,720",17018720
import,value,,ALSO OTHER ARTICLES,1883,"16,991,743",16991743
import,quantity,,Eggs,1900,"16,882,678",16882678
export_uk,quantity,,"Checked, Printed, {or Dried",1894,"16,875,200",16875200
export_uk,quantity,Wool,Flocks and Itag Wool,1893,"16,788,100",16788100
export_uk,value,,"Manufactures, viz. :Piece Goods, including Handkerchiefs and Shawls in the Piece, viz. :Wholly of Cotton, Unbleached, Grey . . . . .",1898,"16,761,633",16761633
import,value,,ALSO OTHER ARTICLES,1884,"16,716,753",16716753
export_uk,value,,"Manufactures, viz. :Piece Goods, including Handkerchiefs and Shawls in the Piece, viz. :Wholly of Cotton, Unbleached, Grey . . . . .",1896,"16,712,368",16712368
export_uk,value,Cotton Manufactures,"Piece Goods, Unbleached, Grey - - - - -",1896,"16,712,368",16712368
export_uk,quantity,"Worsted Tissues, viz: Worsted Coatings and Trouserings of all kinds","Broad, all Wool",1893,"16,684,500",16684500
export_uk,quantity,"Worsted Tissues, viz: Worsted Coatings and Trouserings of all kinds","Broad, all Wool",1896,"16,666,200",16666200
import,quantity,,Parroleum,1873,"16,661,340",16661340
reexport,value,,Hull - - - - - - -,1899,"16,648,793",16648793
export_uk,value,,Oil and Floor Cloth . . . . . Sq. Yds.,1890,"16,616,400",16616400
export_uk,value,,Oil and Floor Cloth . . . . . Sq. Yds.,1892,"16,442,200",16442200
export_uk,value,,Total of Woollen Manufactures . . . . .,1893,"16,404,035",16404035
import,quantity,,„ „ Wool and Zephyr Yarn,1897,"16,219,234",16219234
export_uk,quantity,Wool,Flocks and Itag Wool,1894,"16,197,300",16197300
export_uk,value,,"Wholly of Cotton, Unbleached, Grey -",1900,"16,188,594",16188594
import,value,,ALSO OTHER ARTICLES,1882,"16,099,693",16099693
export_uk,quantity,,"Sheep and Lambs', British, raw orundressed",1893,"16,049,900",16049900
export_uk,quantity,,"Wool:  Sheep and Lambs', raw or undressed Lbs.",1893,"16,049,900",16049900
export_uk,quantity,"Wool, viz.","Sheep and Lambs', British, raw or undressed",1893,"16,049,900",16049900
import,value,Cotton,"Raw . . . . . """,1890,"16,013,350",16013350
import,quantity,,Raw,1887,"15,994,976",15994976
import,value,Cotton,"Raw . . . . . """,1887,"15,994,976",15994976
reexport,quantity,Spices,Pepper,1900,"15,949,340",15949340
export_uk,quantity,"Worsted Tissues, viz: Worsted Coatings and Trouserings of all kinds","Broad, all Wool",1897,"15,820,700",15820700
import,quantity,,Raw,1886,"15,312,900|15,812,900",15812900
export_uk,value,,"Manufactures, viz. :Piece Goods, including Handkerchiefs and Shawls in the Piece, viz. :Wholly of Cotton, Unbleached, Grey . . . . .",1897,"15,727,159",15727159
export_uk,quantity,,"Wool, Sheep and Lamb",1879,"15,703,900",15703900
import,quantity,Cotton,Raw,1895,"15,687,881",15687881
import,quantity,,"Sheep and Lamb, undressed",1895,"15,682,442|15,682,412",15682442
import,quantity,Sugar,Raw,1881,"15,651,383",15651383
import,quantity,,Raw,1884,"15,617,582",15617582
export_uk,quantity,Wool,Flocks and Itag Wool,1895,"15,597,400",15597400
export_uk,value,,"Manufactures, viz. :Piece Goods, including Handkerchiefs and Shawls in the Piece, viz. :Wholly of Cotton, Unbleached, Grey . . . . .",1895,"15,582,186",15582186
export_uk,quantity,,""" mixed with other materials",1900,"15,552,200",15552200
reexport,value,,Glasgow - - - - - -,1899,"15,518,987",15518987
export_uk,value,,"Flannels . . . . . """,1889,"15,482,100",15482100
import,value,Cotton,"Raw . . . . . """,1888,"15,462,099",15462099
import,quantity,,Wine,1867,"15,442,581",15442581
import,value,,ALL OTHER ARTICLES - - - - -,1895,"12,309,209|15,432,751",15432751
reexport,value,Wood and Timber,"Wool, Sheep and Lambs'",1889,"15,417,521",15417521
export_uk,quantity,,"Checked, Printed, {or Dried",1893,"15,406,100",15406100
import,value,Wool,Sheen and Lambs,1870,"15,357,619",15357619
reexport,value,,"Dye Woods :  Logwood . . . . . Tons.  Unenumerated . . . . . ,,",1900,"15,322,088",15322088
import,value,Cotton,"Raw . . . . . """,1886,"15,312,900",15312900
export_uk,quantity,,""" mixed with other ma-terials",1897,"15,258,700",15258700
export_uk,quantity,"Woollen Tissues, viz: Heavy, weighing above 11 oz. per square yard",",, mixed with other materials",1897,"15,258,700",15258700
reexport,value,,"Dye Woods :  Logwood . . . . . Tons.  Unenumerated . . . . . ,,",1899,"15,221,478",15221478
reexport,value,,Sheep or Lambs' Wool - - - - -,1895,"15,137,236|15,157,236|10,981",15157236
export_uk,value,,Worsted Stuffs - - - - -,1869,"15,130,340|15,130,310",15130340
import,quantity,Sugar,Unrefined,1878,"14,916,381",14916381
import,value,Wool,Sheen and Lambs,1868,"14,873,623",14873623
import,value,Wool,Sheep and Lambs,1868,"14,873,623",14873623
import,quantity,,Sugar: Refined and Candy,1896,"14,776,929",14776929
import,quantity,,Sugar: Refined and Candy - Cuts.,1896,"14,776,929",14776929
reexport,quantity,,Husks and Skel's,1897,"14,723,311",14723311
import,quantity,,"Wine, Imported in Casks",1900,"14,587,859",14587859
reexport,quantity,,Leather,1879,"14,582,485",14582485
reexport,quantity,,Gutta Percha . . . . . „ „ Manufactures of . . . . .,1896,"14,497,234",14497234
import,value,"Corn, Grain, and Meal",Other kinds of Corn and Grain - - - - -,1868,"14,495,216",14495216
export_uk,quantity,,Of mixed Materials (Cotton predomining),1879,"14,481,400",14481400
reexport,value,Wood and Timber,"Wool, Sheep and Lambs'",1890,"14,462,643",14462643
import,value,,ALSO OTHER ARTICLES,1881,"14,340,378",14340378
import,value,Wool,Sheen and Lambs,1869,"14,299,237",14299237
export_uk,quantity,Wool,Flocks and Itag Wool,1892,"14,238,800",14238800
import,quantity,,For Weaving,1893,"14,173,995",14173995
import,value,,Linen Yarn . . . . . Lbs.,1887,"14,161,645|555,701",14161645
import,quantity,,Sugar: Refined and Candy,1895,"14,145,143",14145143
import,quantity,,Sugar: Refined and Candy - Cuts.,1895,"14,145,143",14145143
export_uk,quantity,,"Plate, viz. : Gold Ozs. Troy  Silver",1896,"14,131,692",14131692
export_uk,quantity,,"Wool, Sheep and Lamb",1881,"14,069,900",14069900
reexport,value,,Hull - - - - - -,1893,"14,041,465",14041465
import,quantity,,Sugar: Refined and Candy,1894,"13,944,792",13944792
import,quantity,,Sugar: Refined and Candy - Cuts.,1894,"13,944,792",13944792
export_uk,quantity,"Woollen Tissues, viz: Light, weighing up to 11 oz. per square yard",",, mixed with other materials",1896,"13,938,900",13938900
import,quantity,,Pepper,1867,"13,913,924",13913924
reexport,quantity,,"Leather, Dressed and Undressed",1882,"13,859,166",13859166
export_uk,quantity,,"Wool, Sheep and Lamb",1882,"13,846,400",13846400
reexport,value,Wood and Timber,"Wool, Sheep and Lambs'",1887,"13,819,222",13819222
reexport,quantity,,"Leather, Dressed and Undressed",1878,"13,793,062",13793062
reexport,value,Wood and Timber,"Wool, Sheep and Lambs'",1888,"13,786,821",13786821
export_uk,quantity,Wool,Flocks and Itag Wool,1891,"13,764,100",13764100
reexport,value,,Glasgow . . . . .,1893,"13,616,346",13616346
export_uk,value,,"Flannels . . . . . """,1890,"13,568,400",13568400
reexport,quantity,,"Leather, Dressed and Undressed",1881,"13,414,089",13414089
export_uk,quantity,"Woollen Tissues, viz: Heavy, weighing above 11 oz. per square yard",",, mixed with other materials",1893,"13,361,900",13361900
export_uk,quantity,,""" mixed with other ma-terials",1893,"13,361,000",13361000
import,value,Sugar,Raw,1868,"13,339,758",13339758
reexport,value,,Other Goats' Wool or Hair - - - - -,1897,"12,075|13,322,323",13322323
reexport,quantity,Skins,"Goat, undressed",1897,"13,313,637",13313637
reexport,value,,Other Goats' Wool or Hair  - - - - -,1893,"13,293,766",13293766
reexport,value,,Sheep or Lambs' Wool - - - - -,1893,"13,293,766",13293766
export_uk,quantity,,Of mixed Materials (Cotton predomining),1877,"13,283,535",13283535
export_uk,value,,"Bleached, White - - - - -",1900,"13,232,873",13232873
reexport,value,,"Dye Woods :  Logwood . . . . . Tons.  Unenumerated . . . . . ,,",1897,"13,002,158",13002158
export_uk,quantity,,"Sheep and Lambs', British, raw orundressed",1894,"12,984,900",12984900
export_uk,quantity,,"Wool:  Sheep and Lambs', raw or undressed Lbs.",1894,"12,984,900",12984900
export_uk,quantity,"Wool, viz.","Sheep and Lambs', British, raw or undressed",1894,"12,984,900",12984900
export_uk,quantity,,Flocks and Ragwool,1900,"12,937,800",12937800
import,quantity,Skins and Furs,""" Unenumerated",1900,"12,739,986",12739986
import,quantity,,Raw,1885,"12,730,503",12730503
export_uk,quantity,,""" mixed with other ma-terials",1894,"12,625,900",12625900
export_uk,quantity,"Woollen Tissues, viz: Heavy, weighing above 11 oz. per square yard",",, mixed with other materials",1894,"12,625,900",12625900
import,quantity,,"Woollen, Yarn",1878,"12,474,665",12474665
import,value,,Linen Yarn . . . . . Lbs.,1886,"12,424,610",12424610
export_uk,value,,"Dyed, or Manufactured of Dyed Yarn - - - - -",1900,"12,406,598",12406598
import,quantity,,""" Manufactured",1899,"12,204,141|12,294,141",12294141
reexport,quantity,,Husks and Skel's,1896,"12,238,804",12238804
reexport,value,,Other Goats' Wool or Hair - - - - -,1896,"12,440|12,236,339",12236339
export_uk,quantity,,Of mixed Materials (Cotton predomining),1878,"12,200,500",12200500
export_uk,quantity,,"Checked, Printed, {or Dried",1892,"12,157,000",12157000
export_uk,value,,"Carpets and Druggets . . . . . """,1889,"12,090,000",12090000
reexport,value,,"Linen, Yarn - - - - - - - - - - - - - - - Manufactures, including Manufactures of Linen, mixed with Cotton - - - - - - - - - - - - - - -",1896,"12,023,452",12023452
reexport,quantity,,Husks and Skel's,1895,"11,936,297",11936297
reexport,value,,Raw,1871,"415,648|11,931,158",11931158
reexport,value,Cotton,Raw - - - - -,1868,"11,928,434",11928434
import,quantity,Cotton,Raw,1868,"11,863,943",11863943
import,quantity,Sugar,Raw,1868,"11,796,161",11796161
import,value,Seeds,Manufactures - - - - -,1889,"11,789,139",11789139
export_uk,value,,"Flannels . . . . . """,1891,"11,699,600",11699600
import,quantity,,Straw Plaiting for Hats or Bonnets - Lbs.,1896,"11,669,802",11669802
import,quantity,,Straw Platting for Hats or Bonnets,1896,"11,669,802",11669802
export_uk,value,,Cotton Yarn and Twist :Grey . . . . .Bleached and Dyed . . . . .,1888,"11,657,489",11657489
import,quantity,,"Plaiting of Straw, and other Materials for Making Hats or Bonnets",1896,"11,569,802",11569802
import,value,,Butter and Butterine,1885,"11,568,508",11568508
import,value,Silk Manufactures,Of Countries in Europe - - - - -,1881,"11,558,946",11558946
import,quantity,,Sugar: Refined and Candy,1893,"11,550,540",11550540
import,quantity,,Sugar: Refined and Candy - Cuts.,1893,"11,550,540",11550540
import,quantity,,Red,1897,"11,473,457",11473457
export_uk,quantity,Woollen and Worsted Manufactures,Flannels,1895,"11,465,500",11465500
import,quantity,Silk,Manufactures,1892,"11,412,263",11412263
reexport,value,,"Dye Woods :  Logwood . . . . . Tons.  Unenumerated . . . . . ,,",1896,"11,343,122",11343122
import,value,,"Plate Glass (see Glass Plate).„ Of Gold„ Of Silver, Gilt or ungilt",1895,"11,222,359",11222359
export_uk,quantity,"Woollen Tissues, viz: Light, weighing up to 11 oz. per square yard",",, mixed with other materials",1895,"11,197,300",11197300
export_uk,quantity,"Worsted Tissues, viz: Worsted Coatings and Trouserings of all kinds","Broad, all Wool",1894,"11,169,700",11169700
export_uk,quantity,"Woollen Tissues, viz: Light, weighing up to 11 oz. per square yard",",, mixed with other materials",1897,"11,102,800",11102800
reexport,quantity,,Husks and Skel's,1899,"11,075,685",11075685
reexport,value,,Grimsby - - - - - - -,1899,"11,061,332",11061332
export_uk,quantity,,"Broad, all Wool",1900,"11,041,100",11041100
import,quantity,Spirits,Straw Platting for Hats or Bonnets,1887,"11,022,879",11022879
import,quantity,,Red,1896,"11,015,775",11015775
import,value,Wool,Manufactures - - - - -,1895,"10,980,186",10980186
export_uk,quantity,,All Wool,1900,"10,930,400",10930400
export_uk,value,,"Carpets and Druggets . . . . . """,1890,"10,737,100",10737100
import,value,Seeds,Manufactures - - - - -,1886,"10,683,655",10683655
export_uk,value,Woollen Manufactures,Worsted Coatings and Stuffs - - - - -,1889,"10,626,963",10626963
import,quantity,,Sugar: Refined and Candy,1892,"10,620,671",10620671
import,quantity,,Sugar: Refined and Candy - Cuts.,1892,"10,620,671",10620671
export_uk,value,,Printed - - - - -,1900,"10,554,581",10554581
export_uk,value,,"Carpets and Druggets . . . . . """,1891,"10,537,800",10537800
import,quantity,,"Straw Plaiting, for making Hats or Bonnets - Lbs.",1899,"10,490,918",10490918
import,quantity,,"Straw Platting, for making Hats or Bonnets",1899,"10,490,918",10490918
reexport,value,,TOTAL from TYNE PORTS - -,1899,"10,469,203",10469203
import,value,Seeds,Manufactures - - - - -,1888,"10,466,537",10466537
export_uk,quantity,"Woollen Tissues, viz: Heavy, weighing above 11 oz. per square yard","Broad, all Wool",1895,"10,420,300",10420300
export_uk,quantity,,Alpaca and Mohair,1900,"10,396,800",10396800
import,quantity,Skins and Furs,""" Unenumerated",1898,"10,396,628",10396628
import,value,Seeds,Manufactures - - - - -,1887,"10,382,356",10382356
import,value,,"Manufactures, of all other sorts - - - - -",1893,"10,344,070",10344070
import,quantity,Skins and Furs,Unenumerated,1895,"10,310,461",10310461
reexport,quantity,,Cocoan,1880,"10,305,909",10305909
import,value,Seeds,Manufactures - - - - -,1885,"10,268,690",10268690
export_uk,value,"Coal, Cinders, &amp;c.",Coal - - - - -,1884,"10,255,448",10255448
export_uk,quantity,,Noils,1890,"10,234,700",10234700
export_uk,value,,"Noils . . . . . """,1890,"646,313|10,234,700",10234700
import,quantity,Spices,Unenumerated,1892,"10,222,152",10222152
export_uk,value,Woollen and Worsted Manufactures,Worsted Coatings and Stuffs - - - - -,1895,"10,219,277",10219277
reexport,value,,Grimsby -,1874,"10,149,580",10149580
reexport,value,,Other Goats' Wool or Hair - - - - -,1898,"10,554|10,068,708",10068708
reexport,quantity,,Cocoan,1879,"10,012,410",10012410
export_uk,quantity,"Woollen Tissues, viz: Heavy, weighing above 11 oz. per square yard","Broad, all Wool",1896,"9,992,600",9992600
reexport,quantity,Spices,Unenumerated - - - -,1891,"9,937,213",9937213
reexport,quantity,,Cocoan,1881,"9,857,879",9857879
export_uk,value,Woollen Manufactures,"Cloths, Coatings, Tuffs, &amp;c. - - - - -",1887,"9,847,996",9847996
reexport,quantity,,Cocoan,1878,"9,844,210",9844210
import,quantity,Wool,Manufactures,1889,"9,784,068",9784068
import,value,Wool,Manufactures - - - - -,1889,"9,784,068",9784068
import,value,Cork,Manufactured . . . . . Lbs.,1890,"9,734,200",9734200
export_uk,quantity,Woollen Manufactures,Flannels,1884,"9,695,500",9695500
import,quantity,Wool,Manufactures,1891,"9,669,179",9669179
reexport,quantity,,Husks and Skel's,1898,"9,666,345",9666345
export_uk,quantity,Woollen Manufactures,Carpets and Druggets,1869,"9,656,404",9656404
export_uk,quantity,,Silk Manufactures:Broad Piece Goods,1889,"9,618,671",9618671
export_uk,value,,Broad Piece Goods . . . . . Yds.,1889,"9,618,671",9618671
import,value,Silk,"Manufactures, Broadstuffs, Silk and Satin",1896,"9,585,474",9585474
export_uk,value,"Coals, Cinders, &amp;c.",Coals - - - - -,1887,"9,523,438",9523438
export_uk,value,,Broad Piece Goods . . . . . Yds.,1890,"9,507,367",9507367
import,quantity,Skins and Furs,""" Unenumerated",1899,"9,462,915",9462915
reexport,quantity,,""" """,1895,"489|9,448,339|85,341",9448339
export_uk,value,,"Woollen Manufactures :Cloths, Coatings, Stuffs, &amp;c. - - - - -",1882,"9,418,269",9418269
import,quantity,Skins and Furs,Unenumerated,1897,"9,400,901|9,409,901",9409901
import,value,,Sugar : Refined and Candy - - - - -,1895,"9,409,558",9409558
import,quantity,,"„ Unrefined, Beetroot",1899,"9,309,372|9,399,372",9399372
import,quantity,,Woollen Yarn,1868,"9,337,947",9337947
import,quantity,Wool,Manufactures,1890,"9,321,930",9321930
export_uk,value,,"Woollen Manufactures :Cloths, Coatings, Stuffs, &amp;c. - - - - -",1883,"9,273,648",9273648
reexport,value,,Gloucester -,1878,"9,197,572",9197572
export_uk,value,Woollen Manufactures,"Cloths, Coatings, Tuffs, &amp;c. - - - - -",1886,"9,153,689",9153689
import,quantity,,"Straw Plaiting, for making Hats or Bonnets",1893,"9,127,550",9127550
import,quantity,,"Straw Platting, for making Hats or Bonnets",1893,"9,127,550",9127550
import,quantity,Spirits,Straw Platting for Hats or Bonnets,1889,"9,066,670",9066670
export_uk,quantity,,"Combed or Carded, and Tops",1889,"9,016,000",9016000
reexport,value,,Grimsby -,1875,"8,993,004",8993004
import,quantity,,Skins and Furs:Skins: Sheep and Lamb,1870,"8,968,559",8968559
import,value,,Oxen and Bulls - - - - -,1900,"8,919,399",8919399
import,quantity,"Vegetables, Raw",Potatoes,1900,"8,910,962",8910962
export_uk,value,Woollen Manufactures,"Cloths, Coatings, Tuffs, &amp;c. - - - - -",1885,"8,907,320",8907320
export_uk,quantity,"Woollen Tissues, viz: Heavy, weighing above 11 oz. per square yard","Broad, all Wool",1897,"8,845,000",8845000
reexport,value,,Grimsby - - - - - -,1893,"8,842,100",8842100
import,value,Cotton,Yarn . . . . . Lbs.,1889,"8,807,842",8807842
import,quantity,Wool,Manufactures,1888,"8,803,348",8803348
import,value,Wool,Manufactures - - - - -,1888,"8,803,348",8803348
export_uk,quantity,"Woollen Tissues, viz: Light, weighing up to 11 oz. per square yard",",, mixed with other materials",1893,"8,774,200",8774200
import,value,Cork,Manufactured . . . . . Lbs.,1889,"8,767,249",8767249
import,value,,"Silk, Raw",1868,"8,741,045",8741045
export_uk,quantity,,"Carpets, not being Rugs",1900,"8,739,900",8739900
export_uk,quantity,,"Carpets, not being of Wool unmixed or mixed with other materials",1900,"8,739,900",8739900
reexport,value,,Cardiff - - - - - - -,1899,"8,662,147",8662147
reexport,value,,Manchester - - - - - - -,1899,"8,609,516",8609516
export_uk,quantity,,"Yarn, Alpaca, and Mohair",1891,"8,576,000",8576000
import,value,Cotton,Yarn . . . . . Lbs.,1888,"8,573,200",8573200
import,quantity,Spirits,Straw Platting for Hats or Bonnets,1890,"8,558,542",8558542
import,value,,Oranges . . . . . - Bushels,1899,"8,553,713",8553713
export_uk,quantity,,Silk Manufactures:Broad Piece Goods,1888,"8,544,703",8544703
export_uk,quantity,,"Carpets, not being of Wool unmixed or mixed with other materials",1893,"8,531,000",8531000
export_uk,quantity,,"Carpets, not being of Woolun-",1893,"8,531,000",8531000
import,quantity,,Silk: Raw and Waste,1867,"8,429,120",8429120
import,value,Sugar,Other sorts including Candy,1893,"8,372,987",8372987
reexport,value,,Beaumaris -,1878,"8,335,808",8335808
export_uk,quantity,,"Carpets, not being Rugs",1899,"8,311,600",8311600
export_uk,value,,"Carpets, not being of Wool un-",1899,"8,311,600",8311600
import,value,Cotton,Yarn . . . . . Lbs.,1890,"8,302,439",8302439
export_uk,value,Woollen Manufactures,"Cloths, Coatings, Tuffs, &amp;c. - - - - -",1888,"8,300,341",8300341
reexport,value,,Southampton - - - - -,1899,"8,294,733",8294733
reexport,quantity,,"Tobacco, Unmanufactured",1879,"8,291,167",8291167
export_uk,quantity,,"Carpets, not being of Woolun-",1896,"8,289,000",8289000
export_uk,value,,"Carpets, not being of Wool un-",1896,"8,289,000",8289000
export_uk,quantity,,"Carpets, not being Rugs",1895,"8,279,500",8279500
export_uk,quantity,,"Carpets, not being of Woolun-",1895,"8,279,500",8279500
export_uk,quantity,Woollen and Worsted Manufactures,Carpets and Druggets,1895,"8,279,500",8279500
export_uk,value,,"Carpets, not being of Wool un-",1895,"8,279,500",8279500
import,value,Sugar,Unrefined - - - - -,1895,"8,274,875|8,274,575",8274875
reexport,quantity,,"Preserved without Sugar, other than Dried  . . . . .",1898,"8,257,623",8257623
import,quantity,Skins and Furs,Unenumerated,1894,"8,148,166",8148166
reexport,quantity,Furs,Unenumerated,1897,"8,145,339",8145339
import,value,Cotton,Yarn . . . . . Lbs.,1886,"8,125,556",8125556
import,quantity,Spirits,Straw Platting for Hats or Bonnets,1888,"8,121,465",8121465
reexport,quantity,Spices,Unenumerated - - - -,1892,"8,110,019",8110019
export_uk,quantity,,"Broad, all Wool",1893,"8,091,900",8091900
export_uk,quantity,"Woollen Tissues, viz: Heavy, weighing above 11 oz. per square yard","Broad, all Wool",1893,"8,091,900",8091900
reexport,value,,Raw,1870,"426,190|8,080,495",8080495
reexport,quantity,Furs,Unenumerated,1894,"8,072,359",8072359
export_uk,quantity,"Woollen Tissues, viz: Light, weighing up to 11 oz. per square yard","Broad, all Wool",1895,"7,991,700",7991700
export_uk,quantity,"Woollen Tissues, viz: Light, weighing up to 11 oz. per square yard",",, mixed with other materials",1894,"7,962,200",7962200
import,quantity,,Spirits:Brandy,1870,"7,942,965",7942965
import,quantity,,Straw Platting for Hats or Bonnets - Lbs.,1891,"7,934,378|7,931,378",7934378
import,quantity,Spirits,Straw Platting for Hats or Bonnets,1891,"7,934,378",7934378
export_uk,quantity,"Ammunition, viz.",Gunpowder,1899,"7,923,600",7923600
export_uk,quantity,,Noils,1900,"7,897,400",7897400
import,value,"Corn, Grain, Meal, and Flour",Maize or Indian Corn - - - - -,1893,"7,892,629",7892629
import,value,Cotton,Yarn . . . . . Lbs.,1887,"7,841,919",7841919
reexport,quantity,Furs,Unenumerated,1895,"7,837,907",7837907
export_uk,quantity,"Woollen Tissues, viz: Light, weighing up to 11 oz. per square yard","Broad, all Wool",1896,"7,805,100",7805100
reexport,value,,Southampton . . . . .,1893,"7,780,551",7780551
export_uk,quantity,,"Carpets, not being Rugs",1894,"7,763,300",7763300
export_uk,quantity,,"Carpets, not being of Woolun-",1894,"7,763,300",7763300
reexport,quantity,,"Preserved without Sugar, other than Dried  . . . . .",1899,"7,754,350",7754350
import,quantity,Wool,Manufactures,1887,"7,711,227",7711227
export_uk,quantity,,Silk Manufactures:Broad Piece Goods,1883,"7,687,992",7687992
reexport,quantity,,Gutta Percha . . . . . „ „ Manufactures of . . . . .,1897,"7,674,124",7674124
import,quantity,,Woollen Manufactures,1881,"7,649,778",7649778
import,value,Wool,Manufactures,1880,"7,649,778",7649778
import,quantity,Wool,""" Manufactures",1880,"7,619,778|7,049,778",7619778
export_uk,quantity,,Silk Manufactures:  Broad Piece Goods,1896,"7,610,500",7610500
export_uk,value,"Ammunition, viz",Gunpowder . . . . . Lbs.,1893,"7,565,300",7565300
export_uk,value,,"Woollen Manufactures :Cloths, Coatings, Stuffs, &amp;c. - - - - -",1881,"7,552,654",7552654
reexport,value,,Newcastle - - - - -,1899,"7,511,760",7511760
export_uk,quantity,,Broad Piece Goods,1896,"7,510,500",7510500
reexport,value,,Grimsby -,1876,"7,509,439",7509439
reexport,quantity,,Gutta Percha . . . . . „ „ Manufactures of . . . . .,1899,"7,502,152",7502152
export_uk,value,Woollen Manufactures,Worsted Coatings and Stuffs - - - - -,1878,"7,443,203",7443203
export_uk,value,,"Carpets, not being of Wool un-",1898,"7,430,200",7430200
reexport,quantity,,Cocoan,1877,"7,425,233",7425233
import,quantity,Wool,Manufactures,1885,"7,374,808",7374808
import,value,,„ Fresh - - - - -,1899,"7,345,264",7345264
import,quantity,,Straw Plaiting for Hats or Bonnets,1886,"7,332,331",7332331
import,value,Cork,Manufactured . . . . . Lbs.,1888,"7,316,143",7316143
export_uk,quantity,,"Carpets, not being of Woolun-",1897,"7,297,400",7297400
export_uk,value,,"Carpets, not being of Wool un-",1897,"7,297,400",7297400
reexport,quantity,Furs,Unenumerated,1896,"7,260,736",7260736
export_uk,value,Linen Manufactures,Total - - - - -,1870,"7,248,345|7,248,315",7248345
export_uk,value,,"Cotton, viz. :Yarn and Twist for Weaving, viz. :Grey . . . . .",1898,"7,243,352",7243352
export_uk,value,Woollen Manufactures,Worsted Coatings and Stuffs - - - - -,1880,"7,241,156|7,211,156",7241156
import,quantity,,Skins and Furs:Skins: Sheep and Lamb,1869,"7,224,745",7224745
reexport,value,,Grimsby -,1877,"7,198,518",7198518
import,value,"Animals, Living","Oxen, Bulls, Cows, and Calves - - - - -",1895,"7,183,040",7183040
export_uk,value,Linen Manufactures,Total - - - - -,1868,"7,113,873",7113873
import,quantity,"Vegetables, Raw",Onions,1900,"7,087,105",7087105
import,quantity,,Goats' Hair or Wool,1868,"7,066,773|7,086,773",7086773
import,quantity,"Vegetables, Raw",Onions,1899,"7,018,299",7018299
export_uk,quantity,"Woollen Tissues, viz: Heavy, weighing above 11 oz. per square yard","Broad, all Wool",1894,"7,001,600",7001600
export_uk,quantity,"Woollen Tissues, viz: Light, weighing up to 11 oz. per square yard","Broad, all Wool",1897,"7,000,800",7000800
import,value,Sugar,Refined and Candy . . . . . Cuts.,1887,"6,996,312",6996312
export_uk,value,,"Woollen Manufactures : Cloths, Coatings, &c. - - - - - -",1872,"6,991,718",6991718
reexport,quantity,,"""",1899,"6,964,888|1,842",6964888
reexport,value,,Canliff - - - - - -,1894,"6,964,107",6964107
export_uk,value,,Broad Piece Goods . . . . . Yds.,1893,"6,936,402",6936402
export_uk,value,Woollen Manufactures,Worsted Coatings and Stuffs - - - - -,1879,"6,921,532",6921532
reexport,value,,„ Geneva,1900,"6,912,524",6912524
reexport,quantity,,"""",1896,"6,907,019|1,044",6907019
reexport,quantity,,"Stalks ,, Unstemmed . . . . .",1898,"6,904,087",6904087
import,value,Sugar,Refined and Candy . . . . . Cuts.,1888,"6,871,681",6871681
import,quantity,,Skins and Furs:Skins: Sheep and Lamb,1868,"6,840,868",6840868
import,quantity,Skins and Furs,Skins : Sheep and Lamb,1868,"6,810,868|6,840,868",6840868
reexport,quantity,,"Preserved without Sugar, other than Dried  . . . . .",1897,"6,832,959",6832959
export_uk,quantity,,Silk Manufactures:  Broad Piece Goods,1895,"6,830,300",6830300
export_uk,quantity,,Silk Manufactures:Broad Piece Goods,1884,"6,809,560",6809560
export_uk,value,Linen Manufactures,Total - - - - -,1869,"6,800,141",6800141
import,value,,""" Manufactures, Broadstuffs, Silk or Satin",1900,"6,784,098",6784098
reexport,quantity,,"Tobacco, Unmanufactured",1895,"6,781,927|6,651,927",6781927
import,quantity,Fruit,Oranges,1892,"6,763,276",6763276
import,quantity,,Skins and Furs:Skins: Sheep and Lamb,1867,"6,751,986",6751986
import,quantity,,Skins: Sheep and Lamb,1867,"6,751,986",6751986
export_uk,value,,"Woollen Manufactures :Cloths, Coatings, Stuffs, &amp;c. - - - - -",1880,"6,736,721",6736721
import,value,Cork,Manufactured . . . . . Lbs.,1887,"6,635,727",6635727
export_uk,quantity,,"Wool, Sheep and Lamb",1878,"6,618,200",6618200
export_uk,value,,"Woollen Manufactures : Cloths, Coatings, &c. - - - - - -",1873,"6,599,635",6599635
import,value,,Rice . . . . . Cuts.,1884,"6,579,458",6579458
import,value,,Rice . . . . . Cuts.,1886,"6,557,213",6557213
export_uk,value,Woollen Manufactures,"Cloths, Coatings, Tuffs, &amp;c. - - - - -",1889,"6,523,952",6523952
export_uk,quantity,"Woollen Tissues, viz: Light, weighing up to 11 oz. per square yard","Broad, all Wool",1893,"6,522,000",6522000
reexport,value,,Goole - - - - - - -,1899,"6,508,105",6508105
reexport,value,,Canliff - - - - - -,1897,"6,499,730",6499730
reexport,quantity,,"Preserved without Sugar, other than Dried  . . . . .",1896,"6,466,435",6466435
reexport,quantity,,"Sheep, """,1899,"6,458,444",6458444
export_uk,value,,Broad Piece Goods . . . . . Yds.,1891,"6,454,526",6454526
import,value,Sugar,Refined and Candy . . . . . Cuts.,1886,"6,372,050",6372050
reexport,value,,Middlesbrough - - - - - - -,1899,"6,354,447",6354447
import,value,,Butter - - - - -,1868,"6,310,718",6310718
import,value,Cork,Manufactured . . . . . Lbs.,1886,"6,308,008",6308008
export_uk,value,Woollen Manufactures,"Cloths, Coatings, Stuffs, &amp;c. - - - - -",1878,"6,263,107",6263107
export_uk,value,,Alkali . . . . . Cts.,1895,"6,248,800",6248800
import,value,,Oxen and Bulls - - - - -,1893,"6,213,447",6213447
export_uk,value,,Woollen and Worsted Yarn - - - - -,1868,"6,203,174",6203174
import,quantity,,""" Rum",1900,"6,195,616",6195616
reexport,value,,Canliff - - - - - -,1895,"6,194,691",6194691
import,value,,Rice . . . . . Cuts.,1888,"6,189,644",6189644
export_uk,value,Linen Manufactures,"Piece Goods, White or Plain - - - - -",1868,"6,173,898",6173898
reexport,value,,Canliff - - - - - -,1896,"6,165,726",6165726
reexport,quantity,Tobacco,""" Unstemmed",1893,"6,154,576",6154576
export_uk,value,,"Woollen Manufactures :Cloths, Coatings, Stuffs, &amp;c. - - - - -",1879,"6,145,773",6145773
import,quantity,,Skins and Furs:Skins: Sheep and Lamb,1866,"6,132,107",6132107
import,quantity,,Skins: Sheep and Lamb,1866,"6,132,107",6132107
import,quantity,"Vegetables, Raw",Onions,1897,"6,108,924",6108924
import,quantity,"Vegetables, Raw",Onions,1896,"6,086,905",6086905
export_uk,quantity,,Silk Manufactures:  Broad Piece Goods,1893,"6,036,402",6036402
import,value,Tobacco,Wine,1892,"6,019,559",6019559
reexport,value,,Canliff - - - - - -,1893,"6,016,064",6016064
import,quantity,"Vegetables, Raw",Onions,1898,"6,002,515",6002515
export_uk,value,"Iron, viz.",Pig . . . . .,1900,"307,264|5,994,306",5994306
import,quantity,Wool,""" Manufactures",1881,"3,985,863|5,985,803|5,985,863",5985863
import,value,Tobacco,Wine,1891,"5,984,701",5984701
export_uk,value,,Grey - - - - -,1900,"5,982,990",5982990
import,value,Wool,Manufactures,1882,"5,982,449|5,082,419",5982449
export_uk,value,,Alkali . . . . . Cts.,1894,"5,982,200",5982200
import,quantity,,Ore of (including Chrome),1897,"5,968,680",5968680
export_uk,quantity,,Silk Manufactures:  Broad Piece Goods,1892,"5,951,823",5951823
export_uk,value,,Broad Piece Goods . . . . . Yds.,1892,"5,951,823",5951823
import,quantity,Wool,""" Manufactures",1878,"5,934,748",5934748
import,value,,Linen Yarn . . . . . Lbs.,1885,"5,892,025",5892025
export_uk,value,,Alkali . . . . . Cts.,1893,"5,832,700",5832700
reexport,quantity,,"Sheep, """,1897,"5,803,887",5803887
reexport,quantity,Skins,"Sheep, """,1897,"5,803,887",5803887
import,quantity,,Of Europe: Silks entered by Weight,1870,"5,710,435",5710435
import,quantity,,Silk Manufactures:Of Europe: Silks entered by Weight,1870,"5,710,435",5710435
import,value,Wool,Manufactures,1879,"5,637,675",5637675
export_uk,value,,OTHER ARTICLES - - - - -,1895,"5,627,468|5,389,238",5627468
import,quantity,,Brandy,1866,"5,621,928",5621928
import,quantity,,Spirits:Brandy,1866,"5,621,928",5621928
reexport,quantity,,"Stalks ,, Unstemmed . . . . .",1896,"5,592,347",5592347
import,value,,Rice . . . . . Cuts.,1885,"5,588,650",5588650
export_uk,value,,"Woollen Manufactures : Cloths, Coatings, &c. - - - - - -",1871,"5,563,037",5563037
reexport,value,,TOTAL from TYNE PORTS . . . . .,1893,"5,558,898",5558898
reexport,quantity,,"Sheep, """,1898,"5,547,055",5547055
export_uk,quantity,,Silk Manufactures:  Broad Piece Goods,1894,"5,535,111",5535111
import,value,Tobacco,Wine,1893,"5,502,202",5502202
export_uk,quantity,"Woollen Tissues, viz: Light, weighing up to 11 oz. per square yard","Broad, all Wool",1894,"5,501,300",5501300
export_uk,value,Linen Manufactures,TOTAL - - - - -,1887,"5,452,715",5452715
reexport,quantity,,"Plaiting of Straw, &amp;c., for making Hats or Bonnets - Lbs.",1899,"5,438,899",5438899
reexport,value,,Straw Platting for making Hats or Bonnets,1899,"5,438,899|361,702",5438899
import,quantity,,Ore of (including Chrome),1896,"5,438,307",5438307
export_uk,quantity,,"Hair or Wool, not otherwiseenumerated",1896,"5,436,900",5436900
export_uk,quantity,"Yarn, viz.","Hair or Wool, not otherwise enumerated",1896,"5,436,900",5436900
reexport,quantity,,"Stalks ,, Unstemmed . . . . .",1897,"5,414,945",5414945
reexport,quantity,,"Plaiting of Straw, &amp;c., for making Hats or Bonnets - Lbs.",1900,"5,413,194",5413194
reexport,quantity,Skins,"Sheep, """,1893,"5,365,047",5365047
import,value,Sugar,Refined and Candy . . . . . Cuts.,1885,"5,329,046",5329046
import,value,Tobacco,Wine,1890,"5,286,867",5286867
export_uk,quantity,,"Wrought, Boots and Shoes",1868,"439,265|5,271,182",5271182
export_uk,value,Linen Manufactures,TOTAL - - - - -,1886,"5,259,182",5259182
reexport,quantity,,"Sheep, """,1895,"5,235,786",5235786
reexport,quantity,Skins,"Sheep, """,1895,"5,235,786",5235786
export_uk,value,,Total of Linen Manufactures - - - - -,1900,"5,224,594",5224594
import,quantity,,"Alpaca, Vicuña, and Lama",1893,"5,184,190",5184190
import,quantity,Fruit,Oranges,1891,"5,178,676",5178676
reexport,quantity,,"Plaiting of Straw, &amp;c., for making Hats or Bonnets - Lbs.",1896,"5,170,586",5170586
reexport,quantity,,"Stalks ,, Unstemmed . . . . .",1900,"5,167,725",5167725
reexport,value,Tobacco,"Unstemmed . . . . . """,1900,"5,167,725",5167725
import,value,,"Potatoes . . . . . """,1899,"5,159,011|1,577,726",5159011
export_uk,value,,Apparel and Slope . . . . .,1891,"5,150,931",5150931
export_uk,value,"Coals, Cinders, &amp;c.",Coals - - - - -,1868,"5,123,958",5123958
import,quantity,,"Alpaca, Vicuña, and Lama",1897,"5,121,543",5121543
export_uk,quantity,,"Hair or Wool, not otherwiseenumerated",1894,"5,100,700",5100700
export_uk,quantity,"Yarn, viz.","Hair or Wool, not otherwise enumerated",1894,"5,100,700",5100700
reexport,quantity,,Straw Plaiting for making Hats or Bonnets,1893,"5,100,355",5100355
reexport,quantity,,Straw Platting for making Hats or Bonnets,1893,"5,100,355",5100355
export_uk,quantity,,"Hair or Wool, not otherwiseenumerated",1895,"5,093,800",5093800
import,value,,"Flax, Dressed and Undressed",1877,"5,075,274",5075274
reexport,value,,Swansea - - - - -,1899,"5,046,523",5046523
import,quantity,Wool,""" Manufactures",1879,"5,037,775",5037775
export_uk,value,,Apparel and Slope . . . . .,1890,"5,035,697",5035697
export_uk,quantity,"Worsted Tissues, viz: Worsted Coatings and Trouserings of all kinds",",, mixed with other materials",1895,"5,030,500",5030500
export_uk,quantity,,"Hair or Wool, not otherwise enumerated",1900,"5,022,900",5022900
import,value,,Rice . . . . . Cuts.,1887,"5,019,512",5019512
import,value,Tobacco,Wine,1894,"5,018,108",5018108
export_uk,quantity,"Worsted Tissues, viz: Worsted Coatings and Trouserings of all kinds",",, mixed with other materials",1896,"5,013,600",5013600
export_uk,quantity,,""" Hair or Wool, not otherwise enumerated """,1891,"5,009,700",5009700
export_uk,quantity,"Yarn, viz.","Hair or Wool, not otherwise enumerated",1895,"5,003,800",5003800
import,value,,Bacon and Hams . . . . . Cuts.,1890,"5,000,016",5000016
export_uk,value,,Apparel and Slope . . . . .,1889,"4,978,513",4978513
import,value,,"Metals :  Copper, Ore and Regulus . . . . . Tons",1888,"4,975,790|230,319",4975790
export_uk,value,,Alkali . . . . . Cts.,1897,"4,973,100",4973100
reexport,quantity,,Straw Plaiting for Hats or Bonnets,1895,"4,972,009",4972009
import,quantity,,"Alpaca, Vicuña, and Lama",1896,"4,962,080",4962080
reexport,value,,Goole - - - - - -,1893,"4,950,203",4950203
reexport,quantity,,"Plaiting of Straw, &amp;c., for making Hats or Bonnets - Lbs.",1897,"4,949,743",4949743
import,quantity,,"Alpaca, Vicuña, and Lama",1894,"4,917,685",4917685
import,quantity,,Linens Yarn,1871,"4,913,697",4913697
import,value,,"Mutton, Fresh . . . . . .. Preserved (see Meat, Preserved).",1898,"4,902,179",4902179
reexport,quantity,,Straw Platting for Hats or Bonnets - - -,1880,"4,900,924",4900924
import,quantity,Wool,"Alpaca, Vlonna, and Llama",1889,"4,891,570",4891570
reexport,value,,Newcastle -,1874,"4,882,433",4882433
export_uk,value,,Apparel and Slope . . . . .,1892,"4,847,091",4847091
export_uk,value,,Alkali . . . . . Cts.,1896,"4,841,300",4841300
export_uk,quantity,,"Hair or Wool, not otherwiseenumerated",1893,"4,840,900",4840900
export_uk,quantity,"Yarn, viz.","Hair or Wool, not otherwise enumerated",1893,"4,840,900",4840900
reexport,quantity,,"Plaiting of Straw, &amp;c., for making Hats or Bonnets - Lbs.",1898,"4,838,941",4838941
import,value,,"Mutton, Fresh . . . . . .. Preserved (see Meat, Preserved).",1897,"4,827,868",4827868
import,quantity,,Brandy,1867,"4,819,832",4819832
import,quantity,,Spirits:Brandy,1867,"4,819,832",4819832
reexport,value,Cotton,Raw - - - - -,1900,"4,809,470",4809470
import,value,,Coffee - - - - -,1895,"4,771,423|3,777,423",4771423
export_uk,quantity,Linen Manufactures,Bailcloth and Sails,1874,"4,769,017|4,769,047",4769047
export_uk,quantity,,Billcloth and Sails,1874,"4,769,017",4769017
reexport,value,Cotton,Raw - - - - -,1899,"4,761,285",4761285
reexport,quantity,,"Sheep, """,1896,"4,750,870",4750870
reexport,quantity,Skins,"Sheep, """,1896,"4,750,870",4750870
reexport,value,Cotton,Raw,1890,"4,750,493",4750493
export_uk,value,,"Woollen Manufactures : Cloths, Coatings, &c. - - - - - -",1870,"4,749,165",4749165
import,quantity,Wool,"Alpaca, Vlonna, and Llama",1887,"4,743,757",4743757
export_uk,quantity,,Cavendish or Negrohead manufactured in Bond from unmanufactured Tobacco,1900,"4,719,412",4719412
export_uk,quantity,"Tobacco and Snuff manufactured in theUnited Kingdom, viz.",Cavendish or Negrohead manufac-    tured in Bond from unmanufact-    tured Tobacco,1900,"4,719,412",4719412
import,value,,"Mutton, Fresh . . . . . .. Preserved (see Meat, Preserved).",1896,"4,718,546",4718546
import,value,Leather,Undressed - - - - -,1895,"4,708,903",4708903
reexport,value,Cotton,Raw - - - - -,1893,"4,697,933",4697933
export_uk,quantity,,"Spirits, British and Irish - Proof Gallons",1896,"4,678,862",4678862
import,value,,Linen Yarn . . . . . Lbs.,1884,"4,675,750",4675750
export_uk,quantity,,"Hair or Wool, not otherwiseenumerated",1897,"4,658,900",4658900
export_uk,quantity,"Yarn, viz.","Hair or Wool, not otherwise enumerated",1897,"4,658,900",4658900
export_uk,value,,Apparel and Slope . . . . .,1888,"4,638,589",4638589
import,quantity,,Goats' Wool or Hair. See Hair.,1871,"4,637,625",4637625
reexport,value,,Newcastle -,1875,"4,625,658",4625658
export_uk,quantity,"Worsted Tissues, viz: Worsted Coatings and Trouserings of all kinds",",, mixed with other materials",1897,"4,611,000",4611000
import,value,,"Mutton, Fresh . . . . . .. Preserved (see Meat, Preserved).",1895,"4,595,678",4595678
reexport,quantity,Skins,"Sheep, """,1894,"4,589,135",4589135
reexport,quantity,,"Stalks ,, Unstemmed . . . . .",1899,"4,573,519",4573519
reexport,quantity,,Chicory : Raw or Kiln-dried Cwts. Roasted or Ground Lbs. „ „ In Bond,1898,"4,547,573",4547573
reexport,quantity,,Chicory : Raw or Kiln-dried Cwts. Roasted or Ground Lbs. „ „ In Bond,1900,"4,542,817",4542817
export_uk,quantity,,Billcloth and Sails,1873,"4,521,683",4521683
export_uk,quantity,Linen Manufactures,Bailcloth and Sails,1873,"4,521,683|4,521,653",4521683
import,quantity,""" Manufactures of Iron or Steel",Unenumerated,1899,"4,504,076",4504076
export_uk,quantity,"Worsted Tissues, viz: Worsted Coatings and Trouserings of all kinds",",, mixed with other materials",1893,"4,496,900",4496900
reexport,value,,Leith - - - - - -,1899,"4,487,232",4487232
import,value,,Bacon and Hams . . . . . Cuts.,1889,"4,484,108",4484108
export_uk,quantity,,Hardware and Cutlery of all Sorts,1870,"4,468,851",4468851
export_uk,quantity,,Hardwares and Cutlery of all Sorts,1870,"4,468,851",4468851
import,value,,Ore of (including Chrome) - - - - -,1897,"4,456,004",4456004
import,quantity,,Ore of (including Chrome),1895,"4,450,311",4450311
import,value,Leather,Undressed - - - - -,1896,"4,433,196",4433196
import,quantity,,Garden,1895,"4,432,534",4432534
reexport,value,,Swansea . . . . .,1893,"4,430,649",4430649
import,quantity,,"Alpaca, Vicuña, and Lama",1895,"4,423,860",4423860
import,quantity,,"Wool : Alpaca, Vicuña, and Llama",1895,"4,423,860",4423860
import,quantity,,Ore of (including Chrome),1894,"4,413,652",4413652
export_uk,quantity,,Hardware and Cutlery of all Sorts,1869,"4,388,651",4388651
export_uk,quantity,,Hardwares and Cutlery of all Sorts,1869,"4,388,651",4388651
import,quantity,Spices,Unenumerated,1868,"4,372,624",4372624
export_uk,quantity,,Hardware and Cutlery of all Sorts,1866,"4,366,300",4366300
export_uk,quantity,,Hardwares and Cutlery of all Sorts,1866,"4,366,300",4366300
import,value,,"Mutton, Fresh . . . . . .. Preserved (see Meat, Preserved).",1894,"4,341,227",4341227
import,quantity,""" Manufactures of Iron or Steel",Unenumerated,1898,"4,337,377",4337377
import,value,Leather,Undressed - - - - -,1897,"4,331,140",4331140
import,quantity,Wool,"Alpaca, Vlonna, and Llama",1888,"4,324,290",4324290
export_uk,value,,Other descriptions - - - - -,1896,"4,314,457|1,667,093",4314457
export_uk,value,,"Worsted Tissues, viz. : Worsted Coatings and Trouserings of all kinds :Broad, all Wool - - - - -",1895,"4,307,357",4307357
import,value,"Corn, Grain, Meal, and Flour",Oats - - - - -,1893,"4,297,986",4297986
export_uk,value,,"Woollen Manufactures : Cloths, Coatings, &c. - - - - - -",1869,"4,275,858",4275858
import,quantity,,Of Europe: Silks entered by Weight,1869,"4,270,085",4270085
import,quantity,,Silk Manufactures:Of Europe: Silks entered by Weight,1869,"4,270,085",4270085
import,value,Sugar,Refined and Candy . . . . . Cuts.,1884,"4,263,373",4263373
import,value,,"Metals :  Copper, Ore and Regulus . . . . . Tons",1889,"4,234,619|250,567",4234619
reexport,value,,"„ Liqueurs, Cordials, &amp;c., not tested „",1900,"4,211,209",4211209
import,value,,Bacon and Hams . . . . . Cuts.,1886,"4,210,829",4210829
import,value,,„ Flax or Linseed - - - - -,1900,"4,162,146",4162146
export_uk,quantity,,"Spirits, British and Irish - Proof Gallons",1895,"4,153,280",4153280
export_uk,quantity,Linen Manufactures,Bailcloth and Sails,1871,"4,129,532",4129532
export_uk,quantity,Linen Manufactures,Salicloth,1888,"4,116,800",4116800
export_uk,value,Linen Manufactures,Total of Piece Goods - - - - -,1895,"4,080,261",4080261
import,value,"""    Manufactures of Iron and Steel",Unenumerated,1896,"4,073,030",4073030
import,value,""" Manufactures of Iron or Steel",Unenumerated - - - - -,1896,"4,073,030",4073030
export_uk,quantity,Linen Manufactures,Bailcloth and Sails,1875,"4,067,278",4067278
import,quantity,,Ore of (including Chrome),1893,"4,065,864",4065864
import,quantity,,Spirits:Brandy,1868,"4,062,885",4062885
import,quantity,,Goats' Wool or Hair. See Hair.,1872,"4,038,666",4038666
import,value,,"Metals :  Copper, Ore and Regulus . . . . . Tons",1891,"4,034,415|212,327",4034415
import,value,,"Plate Glass (see Glass Plate).„ Of Gold„ Of Silver, Gilt or ungilt",1896,"4,021,268",4021268
export_uk,value,Metals,Cast and Wrought and all other Manufactures - - - - -,1885,"4,013,108",4013108
import,value,Leather,Undressed - - - - -,1894,"3,988,672",3988672
import,value,Hides,Jute - - - - - - - -,1872,"3,954,698",3954698
export_uk,quantity,,Hardware and Cutlery of all Sorts,1867,"3,941,625",3941625
export_uk,quantity,,Hardwares and Cutlery of all Sorts,1867,"3,941,625",3941625
import,quantity,,Spirits:Brandy,1869,"3,937,266",3937266
import,value,,Bacon and Hams . . . . . Cuts.,1887,"3,927,602",3927602
import,quantity,Wool,"Alpaca, Vlonna, and Llama",1886,"3,926,774",3926774
reexport,quantity,,Goats' Wool ; M hair - - - - -,1895,"3,924,321",3924321
export_uk,value,,"Spirits, British and Irish . . . . . Proof Gallons",1892,"3,913,342",3913342
import,value,,"Metals :  Copper, Ore and Regulus . . . . . Tons",1890,"3,910,968|215,935",3910968
reexport,value,,Newcastle -,1876,"3,896,508",3896508
export_uk,value,Linen Manufactures,Total of Piece Goods - - - - -,1892,"3,882,650",3882650
import,quantity,,Silk Manufactures:Of Europe: Silks entered by Weight,1868,"3,877,440",3877440
export_uk,value,,"Spirits, British and Irish . . . . . Proof Gallons",1891,"3,871,856",3871856
import,value,,"Hides, Raw . . . . . """,1885,"3,870,328|1,230,035",3870328
import,value,,"Apples, Raw . . . . . - Bushels",1899,"3,861,172",3861172
export_uk,quantity,,"Spirits, British and Irish - Proof Gallons",1894,"3,859,295",3859295
export_uk,quantity,,Hardware and Cutlery of all Sorts,1868,"3,854,742",3854742
export_uk,quantity,,Hardwares and Cutlery of all Sorts,1868,"3,854,742",3854742
export_uk,quantity,,Alkali,1870,"3,853,393|3,553,393|3,533,393",3853393
export_uk,quantity,,"Cocoa or Chocolate, Ground or Pre-pared",1900,"3,850,800",3850800
export_uk,quantity,,"Cocoa or Chocolate, Ground or Prepared",1900,"3,850,800",3850800
export_uk,quantity,"Worsted Tissues, viz: Worsted Coatings and Trouserings of all kinds",",, mixed with other materials",1894,"3,850,700",3850700
import,quantity,Skins and Furs,Goat,1869,"3,819,598|3,849,598|3,403,798",3849598
reexport,quantity,,Rice,1878,"3,844,975",3844975
export_uk,quantity,,Alkali,1899,"3,808,800",3808800
import,quantity,,""" Fresh",1899,"3,802,893",3802893
export_uk,quantity,,Cavendish or Negrohead manufac-tured in Bond from unmanufac-tured Tobacco,1899,"3,797,576",3797576
export_uk,quantity,,Cavendish or Negrohead manufactured in Bond from unmanufactured Tobacco,1899,"3,797,576",3797576
export_uk,quantity,"Tobacco and Snuff manufactured in theUnited Kingdom, viz.",Cavendish or Negrohead manufac-    tured in Bond from unmanufact-    tured Tobacco,1899,"3,797,576",3797576
export_uk,quantity,,Billcloth and Sails,1872,"3,783,126",3783126
export_uk,value,Linen Manufactures,Total of Piece Goods - - - - -,1896,"3,764,889",3764889
import,quantity,""" Manufactures of Iron or Steel",Unenumerated,1896,"3,741,567",3741567
reexport,value,,Coffee - - - - -,1868,"3,740,373",3740373
export_uk,quantity,,"Hardware and Cutlery, unenumerated",1869,"3,736,602",3736602
export_uk,value,,Hardware and Cutlery unenumerated - - - - -,1869,"3,736,602",3736602
import,value,,"Petroleum, Illuminating „ Lubricating",1898,"3,733,632",3733632
import,value,,"Petroleum, Illuminating „ Lubricating",1896,"3,732,056",3732056
import,value,Hides,Jute - - - - - - - -,1871,"3,729,735",3729735
reexport,value,,Newcastle . . . . .,1893,"3,725,332",3725332
import,quantity,,Linens Yarn,1872,"3,723,260",3723260
export_uk,quantity,,Cavendish or Negrohead manufac-tured in Bond from unmanufac-tured Tobacco,1898,"3,719,615",3719615
export_uk,quantity,"Tobacco and Snuff manufactured in theUnited Kingdom, viz.",Cavendish or Negrohead manufac-    tured in Bond from unmanufact-    tured Tobacco,1898,"3,719,615",3719615
reexport,value,,Newcastle -,1877,"3,712,899",3712899
import,value,,(Margarine) Butterine - - - - -,1892,"3,712,884",3712884
import,value,Metals,"Iron and Steel Manufactures, unenumerated . . . . . Cwtts.",1884,"3,702,440",3702440
import,quantity,Wool,"Alpaca, Vlonna, and Llama",1890,"3,701,922",3701922
import,quantity,,Paper of all Kinds (including Straw-boards and WoodPulp Boards),1895,"3,690,562",3690562
export_uk,value,Metals,"Hoops, Sheets, and Boiler and Armour Plates - - - - -",1896,"3,688,850",3688850
export_uk,quantity,Linen Manufactures,Salicloth,1890,"3,681,600",3681600
import,quantity,,Of Europe: Silks entered by Weight,1868,"3,677,440",3677440
import,quantity,Wool,„ „ Other Goats' Wool or Hair,1898,"3,664,005",3664005
import,value,,„ Other Goats' Wool or Hair . . . . . „,1898,"46,088|3,664,005",3664005
export_uk,quantity,,Billcloth and Sails,1870,"3,659,627",3659627
export_uk,quantity,Linen Manufactures,Bailcloth and Sails,1870,"3,659,627",3659627
export_uk,value,,"Spirits, British and Irish . . . . . Proof Gallons",1890,"3,658,658",3658658
import,value,,Margarine (including all kinds of Imitation Butter) - - - - -,1893,"3,655,344",3655344
import,value,,Margarine - - - - -,1889,"3,655,061",3655061
reexport,value,,Harwich - - - - - - -,1899,"3,651,739",3651739
reexport,value,Silk,Raw - - - - -,1868,"3,635,450",3635450
import,value,Hides,Jute - - - - - - - -,1873,"3,619,989",3619989
export_uk,quantity,Linen Manufactures,Salicloth,1889,"3,617,800",3617800
reexport,value,,Leith . . . . .,1893,"3,606,694",3606694
export_uk,value,Linen Manufactures,Total of Piece Goods - - - - -,1893,"3,603,661",3603661
import,value,,„ „ Carpets and Rugs - - -,1894,"3,595,940",3595940
import,value,,Bacon and Hams . . . . . Cuts.,1888,"3,594,212",3594212
import,value,,Wood and Timber : Hewn : Fir . . . . .,1897,"3,584,949",3584949
import,value,"""    Manufactures of Iron and Steel",Unenumerated,1900,"3,572,332",3572332
reexport,value,,"Cotton, Raw - - - - -",1896,"3,571,680",3571680
import,quantity,,"Copper, Ore and Regulus",1888,"230,319|3,562,071",3562071
export_uk,value,Metals,"Railroad, of all Sorts - - - - -",1896,"3,560,410",3560410
import,value,,Coffee - - - - -,1896,"3,558,749",3558749
import,value,Leather,Undressed - - - - -,1893,"3,550,815",3550815
import,value,Metals,"Iron and Steel Manufactures, unenumerated . . . . . Cwtts.",1886,"3,537,652",3537652
import,value,,"Tin, in Blocks, Irons Bars, or Slabs - - - -",1888,"3,520,342",3520342
import,value,Metals,"Tin, in Blocks, Iron Bars, or Slabs - - - - -",1888,"3,520,342",3520342
export_uk,value,Metals,Cast and Wrought and all other Manufactures - - - - -,1878,"3,512,103",3512103
export_uk,quantity,"Woollen Tissues, viz: Light, weighing up to 11 oz. per square yard","Narrow, all Wool",1896,"3,498,700",3498700
export_uk,quantity,,Wascie,1895,"3,491,900",3491900
export_uk,quantity,"Wool, viz.",Waste,1895,"3,491,900",3491900
import,value,Metals,"Iron and Steel Manufactures, unenumerated . . . . . Cwtts.",1885,"3,474,935",3474935
export_uk,value,Linen Manufactures,Total of Piece Goods - - - - -,1894,"3,462,498",3462498
export_uk,quantity,,"Cocoa or Chocolate, Ground or Pre-pared",1899,"3,457,200",3457200
export_uk,quantity,,"Cocoa or Chocolate, Ground or Prepared",1899,"3,457,200",3457200
export_uk,quantity,,"Cocoa or Chocolate, Ground, Prepared, or in any way Manufactured in the United Kingdom - - - - -",1899,"3,457,200",3457200
export_uk,quantity,,"Cocoa or Chocolate, Ground, Prepared,or in any way Manufactured in theUnited Kingdom",1899,"3,457,200",3457200
import,quantity,""" Manufactures of Iron or Steel",Unenumerated,1897,"3,446,567",3446567
import,quantity,,"Mutton, Fresh",1899,"3,446,022",3446022
import,value,Silk,Unenumerated,1897,"3,444,828",3444828
export_uk,quantity,,"Candles, Stearine",1870,"3,443,533",3443533
export_uk,value,,Apparel and Slips - - - - -,1873,"3,437,410",3437410
reexport,quantity,,Straw Plaiting for Hats or Bonnets,1887,"3,432,208",3432208
reexport,quantity,,Straw Platting for Hats or Bonnets - - -,1887,"3,432,208",3432208
export_uk,value,,"Spirits, British and Irish . . . . . Proof Gallons",1889,"3,431,320",3431320
import,quantity,,Of Europe: Silks entered by Weight,1866,"3,412,601",3412601
import,quantity,,Silk Manufactures:Of Europe: Silks entered by Weight,1866,"3,412,601",3412601
export_uk,quantity,,"Spirits, British and Irish - Proof Gallons",1893,"3,407,282",3407282
export_uk,value,,"Spirits, British and Irish . . . . . Proof Gallons",1893,"3,407,282",3407282
reexport,value,,Harwich - - - - - -,1893,"3,405,209",3405209
import,value,,Wood and Timber : Hewn : Fir . . . . .,1899,"3,401,023",3401023
import,quantity,,— All other Kinds - Cuts.,1895,"3,393,399",3393399
import,value,,""" Flax or Linseed - - - - -",1899,"3,383,962|3,383,982",3383982
import,quantity,,Paper of all Kinds (including Straw-boards and WoodPulp Boards),1894,"3,381,732",3381732
export_uk,quantity,,"Cocoa or Chocolate, Ground or Pre-pared",1898,"3,381,400",3381400
export_uk,quantity,,"Cocoa or Chocolate, Ground or Prepared",1898,"3,381,400",3381400
import,quantity,,Of all Kinds (except Hangings) - - - -,1894,"3,372,606",3372606
import,value,,"Petroleum, Illuminating „ Lubricating",1895,"3,368,904",3368904
import,quantity,,Goats' Wool or Hair. See Hair.,1870,"3,362,656",3362656
export_uk,quantity,,Cavendish or Negrohead manufac-tured in Bond from unmanufac-tured Tobacco,1897,"3,356,322|3,336,322",3356322
export_uk,quantity,"Tobacco and Snuff manufactured in the United Kingdom, viz.",Cavendish or Negrohead manufactured in Bond from unmanufactured Tobacco,1897,"3,356,322",3356322
export_uk,quantity,"Tobacco and Snuff manufactured in theUnited Kingdom, viz.",Cavendish or Negrohead manufac-    tured in Bond from unmanufact-    tured Tobacco,1897,"3,356,322",3356322
import,quantity,,Linens Yarn,1875,"3,336,874",3336874
import,value,,"Petroleum, Illuminating „ Lubricating",1897,"3,335,271",3335271
import,quantity,,"Mutton, Fresh - - - - - - - - - - - - - Cwts. „ Preserved (see Meat, Preserved).",1898,"3,314,001",3314001
import,value,Hides,Raw - - - - -,1876,"3,302,288|3,302,289",3302289
import,value,,"In Blocks, Ingots, Bars, or Slabs",1899,"3,298,182",3298182
export_uk,quantity,,"Wrought, Boots and Shoes",1867,"3,288,430",3288430
export_uk,quantity,,"Hardware and Cutlery, unenumerated",1868,"3,275,856",3275856
export_uk,quantity,,"Hardwares and Cutlery, unenumerated",1868,"3,275,856",3275856
export_uk,value,,Hardware and Cutlery unenumerated - - - - -,1868,"3,275,856",3275856
export_uk,value,,Hardwares and Cutlery unenumerated - - - - -,1868,"3,275,856",3275856
import,value,"""    Manufactures of Iron and Steel",Unenumerated,1899,"3,273,520",3273520
import,value,""" Manufactures of Iron or Steel",Unenumerated - - - - -,1899,"3,273,520",3273520
import,quantity,""" Manufactures of Iron or Steel",Unenumerated,1895,"3,267,767",3267767
import,value,,„ Other Goats' Wool or Hair . . . . . „,1897,"3,259,056|45,296",3259056
import,value,,- - - - -,1879,"3,257,497",3257497
export_uk,value,,— Thread for Sewing . . . . . Lbs.,1891,"3,251,193|3,254,193|2,474,100",3254193
import,quantity,,Of Europe: Silks entered by Weight,1867,"3,238,965",3238965
import,quantity,,Silk Manufactures:Of Europe: Silks entered by Weight,1867,"3,238,965",3238965
import,value,,- - - - -,1878,"3,236,825",3236825
import,value,Silk,Unenumerated,1896,"3,220,947",3220947
export_uk,value,,Apparel and Slips - - - - -,1874,"3,200,853",3200853
import,quantity,,"Mutton, Fresh - - - - - - - - - - - - - Cwts. „ Preserved (see Meat, Preserved).",1897,"3,193,276",3193276
export_uk,value,,Apparel and Slips - - - - -,1875,"3,185,325",3185325
export_uk,value,,Thread for Sewing - - - - -,1888,"3,180,885",3180885
export_uk,value,,Thread for Sowing - - - - -,1888,"3,180,885",3180885
export_uk,value,Cotton Manufactures,Thread for Sewing - - - - -,1895,"3,160,556",3160556
export_uk,quantity,,Wascie,1897,"3,157,800",3157800
export_uk,quantity,"Wool, viz.",Waste,1897,"3,157,800",3157800
import,value,,"Iron and Steel Manufactures, Unenumerated . . . . . Cuts.",1888,"3,156,348",3156348
import,value,Metals,"Iron and Steel Manufactures, unenumerated . . . . . Cwtts.",1888,"3,156,348",3156348
export_uk,value,"Worsted Tissues, viz. : Stuffs, Dress Goods, Linings, Lastings, &c.",Mixed with other materials - - - - -,1893,"3,148,223",3148223
export_uk,value,Linen Manufactures,"Piece Goods, White or Plain - - - - -",1896,"3,146,341",3146341
import,value,,Paper of all Kinds (including Strawboards and Wood Pulp Boards),1896,"3,133,438",3133438
import,value,Silk,"Ribbons, Silk and Satin",1896,"3,131,298",3131298
export_uk,quantity,Linen Manufactures,Bailcloth and Sails,1876,"3,121,784",3121784
export_uk,quantity,,"Spirits, British and Irish - Proof Gallons",1887,"3,106,279",3106279
export_uk,quantity,Linen Manufactures,Sailcloth,1886,"3,103,000",3103000
export_uk,quantity,Linen Manufactures,Salicloth,1886,"3,103,000",3103000
import,quantity,,— All other Kinds - Cuts.,1891,"3,100,882",3100882
import,quantity,,— All other Kinds - Cwts.,1891,"3,100,882",3100882
import,value,,"Iron and Steel Manufactures, Unenumerated . . . . . Cuts.",1891,"3,100,882",3100882
import,quantity,,— All other Kinds - Cuts.,1894,"3,098,741",3098741
reexport,value,,Cardiff -,1877,"3,093,467",3093467
import,quantity,,"Spirits, Brandy - - - - - Imported in Casks Proof Gallons",1897,"3,089,268",3089268
export_uk,value,"Worsted Tissues, viz. : Worsted Coatings and Trouserings of all kinds","Broad, all Wool - - - - -",1893,"3,066,601",3066601
import,quantity,Fruit,"Raw, Unenumerated",1888,"3,039,060",3039060
export_uk,value,Metals,Tinned Plates - - - - -,1896,"3,036,015",3036015
export_uk,quantity,,Wascie,1896,"3,032,100",3032100
export_uk,quantity,"Wool, viz.",Waste,1896,"3,032,100",3032100
import,value,,Wood and Timber : Hewn : Fir . . . . .,1896,"3,026,595",3026595
import,value,,"Iron and Steel Manufactures, Unenumerated . . . . . Cuts.",1890,"3,018,849",3018849
import,value,Silk,Unenumerated,1895,"3,015,236",3015236
import,quantity,,— All other Kinds - Cuts.,1893,"3,007,567",3007567
import,quantity,,Qui silver,1871,"3,002,897",3002897
import,quantity,,Qui silver,1874,"2,995,447",2995447
import,quantity,,""" "" Cane, and other sorts",1900,"2,995,376",2995376
export_uk,value,,— Thread for Sewing . . . . . Lbs.,1890,"2,949,000|2,990,751",2990751
export_uk,value,,"Hardware and Cutlery, unenumerated - - - - -",1889,"2,989,188|2,930,188|2,939,188",2989188
export_uk,value,,Thread for Sewing - - - - -,1887,"2,979,184",2979184
export_uk,value,,Thread for Sowing - - - - -,1887,"2,979,184",2979184
import,value,,Wood and Timber : Hewn : Fir . . . . .,1898,"2,978,329",2978329
import,value,,"Iron and Steel Manufactures, Unenumerated . . . . . Cuts.",1889,"2,973,210",2973210
import,value,"""    Manufactures of Iron and Steel",Unenumerated,1898,"2,969,067",2969067
import,value,""" Manufactures of Iron or Steel",Unenumerated - - - - -,1898,"2,969,067",2969067
import,value,,(Margarine) Butterine - - - - -,1886,"2,962,264|887,974",2962264
export_uk,value,,Apparel and Slips - - - - -,1876,"2,962,053",2962053
export_uk,quantity,Linen Manufactures,Salicloth,1887,"2,948,400",2948400
export_uk,quantity,,"Cocoa or Chocolate, Ground or Pre-pared",1897,"2,942,700",2942700
export_uk,quantity,,"Cocoa or Chocolate, Ground or Prepared",1897,"2,942,700",2942700
export_uk,value,,"Cocoa or Chocolate, Ground, Prepared,or in any way Manufactured in theUnited Kingdom Lbs.",1897,"2,942,700",2942700
export_uk,value,,"Worsted Tissues, viz. : Worsted Coatings and Trouserings of all kinds :Broad, all Wool - - - - -",1896,"2,936,014",2936014
export_uk,value,,Apparel and Slips - - - - -,1877,"2,934,074",2934074
import,value,,- - - - -,1877,"2,929,965",2929965
import,value,Leather,Dressed - - - - -,1893,"2,929,379",2929379
export_uk,quantity,"Woollen Tissues, viz: Light, weighing up to 11 oz. per square yard","Narrow, all Wool",1895,"2,926,200",2926200
import,quantity,,Yarn,1868,"2,925,748|930,406|2,870,863",2925748
import,quantity,,Paper of all Kinds (including Straw-boards and WoodPulp Boards),1893,"2,922,882",2922882
import,value,Silk,Unenumerated,1894,"2,919,524",2919524
import,quantity,,"Beads, of all sorts",1899,"2,917,941|2,017,941",2917941
import,quantity,,Of all Kinds (except Hangings) - - - -,1893,"2,913,646",2913646
import,value,Silk,Unenumerated,1893,"2,910,113",2910113
import,quantity,,Of all Kinds (except Hangings) - - - -,1892,"2,896,672",2896672
import,quantity,,"Mutton, Fresh - - - - - - - - - - - - - Cwts. „ Preserved (see Meat, Preserved).",1896,"2,895,158",2895158
import,quantity,,Paper of all Kinds (including Straw-boards and WoodPulp Boards),1892,"2,894,406",2894406
import,value,,Paper and Pasteboard :  Of all Kinds (except Hangings) . . . . . Cuts.,1892,"2,886,672",2886672
reexport,quantity,,"Cotton, Raw",1868,"2,881,369|2,860,540",2881369
import,quantity,,— All other Kinds - Cuts.,1892,"2,875,567",2875567
import,value,,"Iron and Steel Manufactures, Unenumerated . . . . . Cuts.",1892,"2,875,567",2875567
import,quantity,,Goat,1867,"2,868,659",2868659
import,value,,"Tin, in Blocks, Irons Bars, or Slabs - - - -",1887,"2,868,261",2868261
import,value,Metals,"Tin, in Blocks, Iron Bars, or Slabs - - - - -",1887,"2,868,261",2868261
reexport,quantity,,Manufactured of all Kinds,1895,"2,861,691|746,509",2861691
import,value,Dyeing or Tanning Stuffs,Indigo - - - - -,1868,"2,854,213",2854213
import,value,""" Manufactures of Iron or Steel",Unenumerated - - - - -,1895,"2,839,827",2839827
reexport,value,,Cardiff -,1874,"2,837,747",2837747
import,value,"Corn, Grain, and Meal",Wheatmeal and Flour - - - - -,1868,"2,832,077",2832077
export_uk,quantity,,Linen Manufactures—continued.Linen Thread for Sewing,1887,"2,817,500",2817500
export_uk,quantity,,Linen Manufactures—continued.— Thread for Sewing,1887,"2,817,500",2817500
export_uk,quantity,,Linen Thread for Sewing,1887,"2,817,500",2817500
import,quantity,"Animals, Living",Manufactures of,1887,"2,816,653",2816653
export_uk,value,"Worsted Tissues, viz.: Stuffs, Dress Goods, Linings, Lastings, &c.",Mixed with other materials - - -,1899,"2,806,875",2806875
export_uk,quantity,,Linen Manufactures—continued.— Thread for Sewing,1888,"2,806,400",2806400
reexport,value,,Harwich -,1874,"2,806,149",2806149
reexport,value,,Ipswich -,1878,"2,804,912",2804912
import,value,,- - - - -,1876,"2,804,597",2804597
export_uk,quantity,,Linen Manufactures—continued.— Thread for Sewing,1889,"2,800,200",2800200
export_uk,value,,— Thread for Sewing . . . . . Lbs.,1889,"2,800,200|2,692,601",2800200
reexport,value,,Cardiff -,1876,"2,793,577",2793577
import,value,,Ore of (including Chrome) - - - - -,1893,"2,792,028",2792028
import,value,Metals,"Iron and Steel Manufactures, unenumerated . . . . . Cwtts.",1887,"2,791,662",2791662
reexport,value,,Cardiff -,1875,"2,775,456",2775456
import,quantity,,Qui silver,1870,"2,765,750",2765750
import,value,,— All other Kinds - - - - -,1891,"2,764,721",2764721
export_uk,quantity,"Woollen Tissues, viz: Light, weighing up to 11 oz. per square yard","Narrow, all Wool",1897,"2,764,100",2764100
import,quantity,Cork,Manufactured,1869,"2,758,617|2,758,647",2758647
import,quantity,,"Spirits, Brandy - - - - - Imported in Casks Proof Gallons",1896,"2,749,624",2749624
export_uk,quantity,"Woollen Tissues, viz: Light, weighing up to 11 oz. per square yard","Narrow, all Wool",1893,"2,749,600",2749600
import,value,Sugar,Refined and Candy,1870,"2,744,368|2,741,366|2,744,366",2744368
import,quantity,,Qui silver,1872,"2,734,094",2734094
export_uk,quantity,,Wascie,1893,"2,733,000",2733000
export_uk,quantity,"Wool, viz.",Waste,1893,"2,733,000",2733000
import,value,,Wood and Timber : Hewn : Fir . . . . .,1895,"2,726,302",2726302
import,quantity,,"Refined, In Lamps and Loaves",1894,"2,711,040",2711040
import,quantity,Sugar,"Refined, In Lumps and Loaves",1894,"2,711,040",2711040
import,value,Cotton,Unenumerated - - - - -,1897,"2,710,271",2710271
reexport,value,,Goole -,1877,"2,707,822",2707822
export_uk,quantity,,Chemical Products and Preparations (&amp;c. also Dye Stuffs),1890,"2,706,625",2706625
export_uk,value,,"Worsted Tissues, viz. : Worsted Coatings and Trouserings of all kinds :Broad, all Wool - - - - -",1897,"2,697,688",2697688
export_uk,value,,Thread for Sowing - - - - -,1889,"2,692,601",2692601
export_uk,quantity,,Linen Manufactures—continued.Linen Thread for Sewing,1886,"2,690,500",2690500
export_uk,quantity,,Linen Manufactures—continued.— Thread for Sewing,1886,"2,690,500",2690500
import,value,,Fish - - - - -,1893,"2,682,751",2682751
import,quantity,,"Corks, ready made",1866,"2,681,128",2681128
export_uk,quantity,"Tobacco and Snuff manufactured in the United Kingdom, viz.",Cavendish or Negrohead manufactured in Bond from unmanufactured Tobacco,1896,"2,663,167",2663167
export_uk,quantity,"Tobacco and Snuff manufactured in theUnited Kingdom, viz.",Cavendish or Negrohead manufac-    tured in Bond from unmanufact-    tured Tobacco,1896,"2,663,167",2663167
reexport,quantity,,Chicory : Raw or Kiln-dried Cwts. Roasted or Ground Lbs. „ „ In Bond,1899,"2,657,955",2657955
import,value,"""    Manufactures of Iron and Steel",Unenumerated,1897,"2,654,821",2654821
import,value,""" Manufactures of Iron or Steel",Unenumerated - - - - -,1897,"2,654,821",2654821
import,quantity,,"Refined, In Lamps and Loaves",1896,"2,645,654",2645654
reexport,quantity,,Pyrites of Iron or Copper,1896,"2,640,847",2640847
export_uk,quantity,,Linen Manufactures—continued.Linen Thread for Sewing,1885,"2,632,500",2632500
export_uk,quantity,,Linen Manufactures—continued.— Thread for Sewing,1885,"2,632,500",2632500
reexport,value,,Harwich -,1877,"2,627,029",2627029
export_uk,quantity,,"Cocoa or Chocolate, Ground, Prepared,or in any way Manufactured in theUnited Kingdom",1893,"2,625,000",2625000
export_uk,value,,"Cocoa or Chocolate, Ground, Prepared,or in any way Manufactured in theUnited Kingdom Lbs.",1893,"2,625,000",2625000
import,value,,„ Cotton - - - - -,1900,"2,624,450",2624450
export_uk,quantity,,"Cocoa or Chocolate, Ground or Pre-pared",1896,"2,620,800",2620800
export_uk,quantity,,"Cocoa or Chocolate, Ground or Prepared",1896,"2,620,800",2620800
export_uk,value,,"Cocoa or Chocolate, Ground, Prepared,or in any way Manufactured in theUnited Kingdom Lbs.",1896,"2,620,800",2620800
import,quantity,Sugar,"Refined, In Lumps and Loaves",1896,"2,615,654",2615654
export_uk,value,,"Bar (except Railroad), Angle, Bolt, and Rod - - - - -",1870,"2,613,215|2,615,245|2,615,215",2615245
import,quantity,,"Mutton, Fresh - - - - - - - - - - - - - Cwts. „ Preserved (see Meat, Preserved).",1895,"2,611,435",2611435
import,value,Tobacco,Manufactured - - - - -,1885,"2,609,585",2609585
import,quantity,,"Refined, In Lamps and Loaves",1895,"2,603,061",2603061
import,quantity,Sugar,"Refined, In Lumps and Loaves",1895,"2,603,061",2603061
import,quantity,,Paper of all Kinds (including Straw-boards and Wood Pulp Boards),1891,"2,599,978",2599978
import,quantity,,Paper of all Kinds (including Straw-boards and WoodPulp Boards),1891,"2,599,978",2599978
import,quantity,,White,1894,"2,596,539",2596539
import,quantity,,Of all Kinds (except Hangings),1891,"94,305|2,591,756",2591756
import,value,,Paper and Pasteboard :  Of all Kinds (except Hangings) . . . . . Cuts.,1891,"2,591,756",2591756
import,value,White,Champagne - - - - -,1897,"2,591,418",2591418
export_uk,value,,Thread for Sewing - - - - -,1886,"2,586,765",2586765
export_uk,value,,Thread for Sowing - - - - -,1886,"2,586,765",2586765
export_uk,quantity,,Linen Manufactures—continued.Linen Thread for Sewing,1884,"2,580,500",2580500
export_uk,value,,"Cocoa or Chocolate, Ground, Prepared,or in any way Manufactured in theUnited Kingdom Lbs.",1895,"2,579,300",2579300
reexport,quantity,,"Petroleum, Illuminating",1896,"2,577,434",2577434
import,quantity,,"Beals, of all sorts",1895,"2,576,188",2576188
import,value,,- - - - -,1875,"2,575,512",2575512
reexport,value,,Harwich -,1875,"2,568,847",2568847
export_uk,quantity,,Total of all Kinds,1869,"2,568,827",2568827
reexport,quantity,,"Rice, Rice Meal, and Flour  . . . . .",1900,"2,564,530",2564530
reexport,value,,"Rice, Rice Meal, and Flour  . . . . . Cuts.",1900,"2,564,530",2564530
reexport,quantity,,"Rice, Rice Meal, and Flour  . . . . .",1899,"2,559,783",2559783
reexport,value,,"Rice, Rice Meal, and Flour  . . . . . Cuts.",1899,"2,559,783",2559783
import,value,Paper Making Materials,"Esparto, and all other Materials - - - - -",1895,"2,547,281",2547281
reexport,value,,Middlesbrough - - - - -,1893,"2,540,902",2540902
export_uk,quantity,,Chemical Products or Preparations,1881,"2,536,748",2536748
reexport,value,,"Raw . . . . . """,1899,"45,792|2,535,114",2535114
import,quantity,,Goats' Wool or Hair. See Hair.,1869,"2,534,528",2534528
export_uk,value,Metals,Pig and Puddled - - - - -,1896,"2,533,883",2533883
reexport,value,,Indigo,1871,"2,527,979",2527979
export_uk,quantity,,"Beads, of all sorts",1899,"2,525,085",2525085
export_uk,value,,"Beads, of all sorts - - - - - - - - - -",1899,"2,525,085",2525085
import,quantity,,"Spirits, Brandy - - - - - Imported in Casks Proof Gallons",1898,"2,514,789",2514789
import,quantity,,"Refined, In Lamps and Loaves",1897,"2,512,851",2512851
import,quantity,Sugar,"Refined, In Lumps and Loaves",1897,"2,512,851",2512851
import,value,Tobacco,Manufactured - - - - -,1886,"2,508,526",2508526
export_uk,value,"Carriages, &amp;c.","Railway Wagons, Trucks, &amp;c. and parts thereof - - - - -",1890,"2,507,210",2507210
import,value,Tobacco,Unmanufactured,1878,"2,501,526",2501526
import,value,,Metals :Copper : Ore and Regulus · · · · ·,1887,"2,501,198",2501198
import,value,,Indigo,1884,"2,483,931",2483931
reexport,value,,Hartlepool -,1874,"2,481,648",2481648
export_uk,quantity,,Cement,1868,"2,478,586|2,478,886",2478886
export_uk,value,,Thread for Sewing - - - - -,1884,"2,477,391",2477391
import,value,,"of Europe, &amp;c.",1881,"2,475,882",2475882
import,quantity,,"Spirits, Brandy - - - - - Imported in Casks Proof Gallons",1899,"2,465,122",2465122
export_uk,quantity,,Total of Piece Goods,1884,"2,452,556",2452556
export_uk,quantity,,"Cocoa or Chocolate, Ground, Prepared, or in any way Manufactured in the United Kingdom . . . . Lbs.",1894,"2,447,503",2447503
export_uk,value,,"Cocoa or Chocolate, Ground, Prepared,or in any way Manufactured in theUnited Kingdom Lbs.",1894,"2,447,500",2447500
reexport,value,,Grangemouth - - - - -,1899,"2,423,290",2423290
import,quantity,Wool,„ „ Other Goats' Wool or Hair,1899,"2,422,995",2422995
import,value,,„ Other Goats' Wool or Hair . . . . . „,1899,"2,422,995",2422995
reexport,quantity,,Quicksilver,1867,"2,422,140",2422140
reexport,value,,Harwich -,1876,"2,410,309",2410309
export_uk,value,,Thread for Sewing - - - - -,1882,"2,400,101|2,409,101",2409101
import,quantity,,"Beals, of all sorts",1896,"2,401,456",2401456
import,quantity,,- - - - - Lbs.,1879,"2,400,102",2400102
export_uk,quantity,,Waste,1889,"2,397,600",2397600
import,value,Silk,"Ribbons, Silk and Satin",1893,"2,392,256",2392256
import,quantity,,Qui silver,1873,"2,391,704",2391704
import,quantity,,Cubic Nitre,1892,"2,391,217",2391217
import,quantity,,"Beals, of all sorts",1894,"2,388,669",2388669
import,value,,Regulus and Precipitate - - - - -,1893,"2,382,940",2382940
import,quantity,,"Bands, of all Sorts",1890,"2,382,710",2382710
import,quantity,,Rends. of all Sorts,1890,"2,382,710",2382710
export_uk,quantity,,Taco and Patent Net,1885,"2,376,837",2376837
export_uk,quantity,,Total of Piece Goods,1885,"2,376,837",2376837
export_uk,value,,Cotton—continued.Manufactures—continued. Lace and Patent Net . . . . .,1899,"2,376,200",2376200
import,quantity,,"Flax, Dressed and Undressed",1874,"2,374,086",2374086
import,quantity,,Goats' Wool or Hair. See Hair.,1868,"2,373,966",2373966
export_uk,value,,Thread for Sewing - - - - -,1885,"2,365,998",2365998
export_uk,value,,Thread for Sowing - - - - -,1885,"2,365,998",2365998
export_uk,quantity,,Total of Piece Goods,1886,"2,363,683",2363683
export_uk,quantity,,Taco and Patent Net,1886,"2,363,639",2363639
reexport,value,,Newhaven - - - - -,1899,"2,361,481",2361481
export_uk,value,,Thread for Sewing - - - - -,1883,"2,361,118",2361118
export_uk,quantity,,Hosiery and Small Wares,1895,"2,353,128",2353128
import,quantity,,Cubic Nitro,1889,"2,351,310",2351310
export_uk,quantity,,Hardware and Millinery,1887,"2,346,834",2346834
import,value,Leather Manufactures,Gloves - - - - -,1896,"2,341,690",2341690
export_uk,quantity,,Chemical Products and Preparations (&amp;c. also Dye Stuffs),1891,"2,331,561",2331561
export_uk,quantity,,Chemical Products and Preparations (See  also Dye Stuffs),1891,"2,331,561",2331561
reexport,value,,Newport - - - - -,1899,"2,328,415",2328415
import,value,Hides,Jute - - - - - - - -,1870,"2,326,910",2326910
export_uk,quantity,,Hardware and Millinery,1888,"2,322,357",2322357
import,value,,"Tin, in Blocks, Irons Bars, or Slabs - - - -",1886,"2,318,070",2318070
import,value,Metals,"Tin, in Blocks, Iron Bars, or Slabs - - - - -",1886,"2,318,070",2318070
import,value,,"Flax, Dressed or Undressed - - - - -",1893,"2,317,519",2317519
export_uk,value,,Thread for Sewing - - - - -,1881,"2,312,314",2312314
export_uk,quantity,,Hardware and Millinery,1885,"2,308,939",2308939
import,quantity,,"Beals, of all sorts",1897,"2,308,562",2308562
import,value,Wine imported in Cask,Red - - - - -,1896,"2,307,895",2307895
export_uk,quantity,"Worsted Tissues, viz: Worsted Coatings and Trouserings of all kinds","Narrow, all Wool",1893,"2,305,900",2305900
import,quantity,,"Refined, In Lamps and Loaves",1893,"2,305,254",2305254
import,quantity,Sugar,"Refined, In Lumps and Loaves",1893,"2,305,254",2305254
import,value,,""" "" Ribbons, Silk or Satin",1900,"2,304,385",2304385
export_uk,value,Metals,"Bar (except Railroad) Angic, Bolt, and Rod - - - - -",1882,"2,298,533",2298533
reexport,value,Coffee,Raw - - - - -,1893,"2,297,206",2297206
import,value,,Fish . . . . . Cuts.,1890,"2,295,974",2295974
import,quantity,,"Mutton, Fresh - - - - - - - - - - - - - Cwts. „ Preserved (see Meat, Preserved).",1894,"2,295,066",2295066
export_uk,value,,Cotton—continued.Manufactures—continued. Lace and Patent Net . . . . .,1897,"2,292,489",2292489
import,value,Paper Making Materials,"Esparto, and all other Materials - - - - -",1893,"2,285,815",2285815
export_uk,quantity,,Chemical Products and Preparations (&amp;c. also Dye Stuffs),1889,"2,282,964",2282964
import,quantity,Silk,Raw,1893,"2,272,929",2272929
import,quantity,,Of all Kinds (except Hangings),1890,"2,264,819|82,837",2264819
import,quantity,Paper and Pastboard,Of all Kinds (except Hangings),1890,"2,264,319",2264319
import,value,,Paper and Pasteboard :  Of all Kinds (except Hangings) . . . . . Cuts.,1890,"2,261,319",2261319
export_uk,value,,Cotton—continued.Manufactures—continued. Lace and Patent Net . . . . .,1898,"2,258,997",2258997
reexport,value,,Folkestone -,1874,"2,253,678",2253678
export_uk,quantity,,Linen Manufactures—continued.Linen Thread for Sewing,1883,"2,253,100",2253100
export_uk,quantity,,Hardware and Millinery,1889,"2,252,141",2252141
export_uk,quantity,,Taco and Patent Net,1887,"2,251,471",2251471
import,value,White,Champagne - - - - -,1896,"2,249,698",2249698
import,value,,"Unenumerated, viz. : Raw . . . . . - Cwt.",1899,"2,247,785",2247785
reexport,value,,"Cotton, Raw . . . . . """,1884,"2,246,979",2246979
import,quantity,,"Iron and Steel, Manufactures",1879,"2,216,387|2,246,387",2246387
import,quantity,,"Iron and Steel, Wrought or Manufactured",1879,"2,246,387",2246387
reexport,quantity,,"Rice, Rice Meal, and Flour  . . . . .",1896,"2,243,137",2243137
reexport,value,,"Rice, Rice Meal, and Flour  . . . . . Cuts.",1896,"2,243,137",2243137
reexport,value,,"Shields, South - - - -",1899,"2,239,490",2239490
import,value,"Vegetables, Raw",Potatoes - - - - -,1900,"2,234,569",2234569
reexport,value,,Folkestone -,1875,"2,225,185",2225185
import,quantity,,"Bands, of all Sorts",1891,"2,219,436",2219436
import,quantity,,Rends. of all Sorts,1891,"2,219,436",2219436
export_uk,quantity,"Woollen Tissues, viz: Light, weighing up to 11 oz. per square yard","Narrow, all Wool",1894,"2,201,600",2201600
import,value,Fresh (not of British taking),""" Other Sorts - - - - -",1900,"2,200,577",2200577
import,value,,"Tin, in Blocks, Irons Bars, or Slabs - - - -",1885,"2,181,891",2181891
import,value,Metals,"Tin, in Blocks, Iron Bars, or Slabs - - - - -",1885,"2,181,891",2181891
import,quantity,,Cubic Nitro,1890,"2,177,842",2177842
import,value,Tobacco,Manufactured - - - - -,1887,"2,177,770",2177770
export_uk,value,"Worsted Tissues, viz.: Worsted Coatings and Trouserings of all kinds","Broad, all Wool - - - - -",1899,"2,174,711",2174711
export_uk,quantity,"Worsted Tissues, viz: Worsted Coatings and Trouserings of all kinds","Narrow, all Wool",1894,"2,167,200",2167200
export_uk,value,Chemical Products and Preparations,Unenumerated - - - - -,1895,"2,165,873",2165873
import,quantity,,"Beads, of all sorts",1900,"2,165,503",2165503
export_uk,value,,"Woollen Tissues, viz. : Heavy, weighing above 11 oz. per square yard :Broad, all Wool - - - - -",1895,"2,164,013",2164013
export_uk,quantity,,"Plate, Rough or Silvered - Square feet",1900,"2,163,800",2163800
export_uk,value,,Glass: Plate Square Feet,1892,"2,158,076",2158076
export_uk,value,,"Worsted Tissues, viz. : Worsted Coatings and Trouserings of all kinds :Broad, all Wool - - - - -",1894,"2,157,233",2157233
import,value,,„ Other Goats' Wool or Hair . . . . . „,1896,"45,296|2,156,233",2156233
export_uk,quantity,,"Rugs, Coverlets, or",1896,"2,149,600",2149600
export_uk,value,,Shawls . . . . . other ma-,1896,"2,149,600",2149600
import,value,,Other kinds of - - - - -,1895,"2,147,951",2147951
export_uk,quantity,,"Bags and Sacks, Empty",1868,"2,144,598",2144598
import,value,,Cheese . . . . . Cuts.,1890,"2,144,074",2144074
import,value,,Jute - - - - -,1869,"2,143,100",2143100
import,value,Hides,Jute - - - - - - - -,1869,"2,143,100",2143100
import,quantity,,"Beals, of all sorts",1893,"2,131,459",2131459
export_uk,quantity,,"Bags and Sacks, Empty, for packing Merchandise",1899,"2,129,400",2129400
import,value,,"Beef, Salted and Fresh . . . . . Cuts.",1890,"2,129,319",2129319
import,value,Cotton,Unenumerated - - - - -,1896,"2,125,048",2125048
import,value,,Paper and Pasteboard :Of all Kinds (except Hangings) · · · · ·,1891,"2,123,811",2123811
import,value,,"Tin, in Blocks, Irons Bars, or Slabs - - - -",1884,"2,123,799",2123799
import,value,Metals,"Tin, in Blocks, Iron Bars, or Slabs - - - - -",1884,"2,123,799",2123799
export_uk,value,,"Hardware and Cutlery unenumerated (Comprising those articles which cannot be allotted to the several headings of brass, copper, implements, iron, steel, &c., &c.)",1896,"2,122,404",2122404
export_uk,value,,"Hardware and Cutlery, unenumerated - - - - -",1896,"2,122,404",2122404
export_uk,value,,"Hardware and Cutlery, unenumerated.(Comprising those articles which cannot be allotted to the several headings of brass, copper, implements, iron, steel, &c., &c.), viz. : Hardware, unenumerated  . . . . . Cutlery  . . . . .",1896,"2,122,404",2122404
export_uk,value,,"Hardwares and Cutlery, unenumerated - - - - -",1896,"2,122,404",2122404
export_uk,value,,"Hardwares and Cutlery, unenumerated.(Comprising those articles which cannot be allotted to the several headings of brass, copper, implements, iron, steel, &c., &c.), viz. : Hardwares, unenumerated",1896,"2,122,404",2122404
export_uk,value,,"Hardwares, unenumerated - - - -",1896,"2,122,404",2122404
export_uk,value,,"Hardwares, unenumerated }Cutlery",1896,"2,122,404",2122404
export_uk,value,,"Handwares and Cutlery unenumerated . . .(Comprising those articles which cannot be allotted to the several headings of brass, copper, implements, iron, steel, &amp;c., &amp;c.)",1896,"2,122,401",2122401
import,value,,Indigo,1885,"2,119,840",2119840
import,value,Manufactures,Gloves - - - - -,1893,"2,116,439",2116439
export_uk,quantity,"Tobacco and Snuff manufactured in the United Kingdom, viz.",Cavendish or Negrohead manufactured in Bond from unmanufactured Tobacco,1895,"2,115,182",2115182
reexport,quantity,,"Rice, Rice Meal, and Flour  . . . . .",1897,"2,113,140",2113140
reexport,value,,"Rice, Rice Meal, and Flour  . . . . . Cuts.",1897,"2,113,140",2113140
export_uk,quantity,,"Lace, Embroidery and Millinery",1890,"2,112,911",2112911
export_uk,quantity,,Lacordashery and Millinery,1890,"2,112,911",2112911
import,quantity,,Paper and Pastebord :Of all Kinds (except Hangings),1889,"2,109,942",2109942
import,value,,Paper and Pasteboard :  Of all Kinds (except Hangings) . . . . . Cuts.,1889,"2,109,942",2109942
export_uk,quantity,,"Beads, of all sorts",1898,"2,105,858",2105858
export_uk,value,,"Beads, of all sorts - - - - - - - - - -",1898,"2,105,858",2105858
export_uk,value,,"Hardware and Cutlery unenumerated (Comprising those articles which cannot be allotted to the several headings of brass, copper, implements, iron, steel, &c., &c.)",1897,"2,105,099",2105099
export_uk,value,,"Handwares and Cutlery unenumerated . . .(Comprising those articles which cannot be allotted to the several headings of brass, copper, implements, iron, steel, &amp;c., &amp;c.)",1897,"2,104,999",2104999
export_uk,value,,"Hardwares and Cutlery, unenumerated.(Comprising those articles which cannot be allotted to the several headings of brass, copper, implements, iron, steel, &c., &c.), viz. : Hardwares, unenumerated",1897,"2,104,009",2104009
export_uk,value,,"Hardwares, unenumerated - - - -",1897,"2,104,009",2104009
export_uk,value,,"Hardwares, unenumerated }Cutlery",1897,"2,104,009",2104009
export_uk,value,,"Hardware and Cutlery, unenumerated.(Comprising those articles which cannot be allotted to the several headings of brass, copper, implements, iron, steel, &c., &c.), viz. : Hardware, unenumerated  . . . . . Cutlery  . . . . .",1897,"2,104,000",2104000
export_uk,quantity,,Manure (including Sulphate of Ammoniaand other Chemical Manures),1884,"2,101,561",2101561
export_uk,value,,Shawls . . . . . other ma-,1898,"2,091,900",2091900
export_uk,quantity,,Hardware and Millinery,1886,"2,091,477",2091477
import,value,,"Hemp, Dressed and Undressed - - - - -",1868,"2,087,669",2087669
export_uk,quantity,,Wascie,1894,"2,078,800",2078800
export_uk,quantity,"Wool, viz.",Waste,1894,"2,078,800",2078800
export_uk,value,,"Woollen Tissues, viz. : Heavy, weighing above 11 oz. per square yard :Broad, all Wool - - - - -",1896,"2,073,333",2073333
export_uk,value,,Thread for Sewing - - - - -,1880,"2,073,131",2073131
reexport,value,,Goole -,1876,"2,071,715",2071715
import,value,Metals,Copper Ore and Regulus - - - - -,1868,"2,069,872",2069872
import,value,"Animals, Living","Oxen, Bulls, Cows, and Calves - - - - -",1868,"2,067,822",2067822
import,quantity,,"Spirits, Brandy - - - - - Imported in Casks Proof Gallons",1900,"2,061,664",2061664
export_uk,value,,Wrought and Manufactures thereofunenumerated - - - - -,1898,"2,056,683",2056683
import,value,,"Hemp, Dressed and Undressed, and Tow . . . . . Cuts.",1891,"2,053,507",2053507
import,quantity,,Cubic Nitro,1888,"2,053,282",2053282
reexport,value,,Newhaven . . . . .,1893,"2,052,342",2052342
export_uk,value,,Cotton—continued.Manufactures—continued. Lace and Patent Net . . . . .,1896,"2,049,109",2049109
export_uk,value,,"Handwares and Cutlery unenumerated . . .(Comprising those articles which cannot be allotted to the several headings of brass, copper, implements, iron, steel, &amp;c., &amp;c.)",1893,"2,046,696",2046696
export_uk,value,,"Hardware and Cutlery unenumerated (Comprising those articles which cannot be allotted to the several headings of brass, copper, implements, iron, steel, &c., &c.)",1893,"2,046,696",2046696
export_uk,value,,"Sheets, Galvanized . . . . .",1893,"2,045,770",2045770
import,quantity,,Potatoes,1868,"2,041,474|2,041,436",2041474
export_uk,value,,Chemical Products or Preparations (See also Dye Stuffs) - - - - -,1879,"2,037,145|2,037,148",2037148
export_uk,value,Metals,"Bar (except Railroad) Angic, Bolt, and Rod - - - - -",1883,"2,034,667",2034667
import,value,,Butter . . . . . Cuts.,1890,"2,027,717",2027717
import,value,Fresh (not of British taking),""" Other Sorts - - - - -",1897,"2,020,734",2020734
export_uk,quantity,,"Lace, Embroidery and Millinery",1891,"2,000,101",2000101
export_uk,quantity,,Lacordashery and Millinery,1891,"2,000,101",2000101
reexport,value,Tin,"In Blocks, Ingots, Bars or Slabs",1899,"1,991,482",1991482
import,quantity,,"Other kinds, and Flocks",1893,"1,986,986",1986986
export_uk,value,,"Worsted Tissues, viz. : Worsted Coatings and Trouserings of all kinds :Broad, all Wool - - - - -",1898,"1,983,397",1983397
import,value,Fresh (not of British taking),""" Other Sorts - - - - -",1898,"1,973,125",1973125
reexport,quantity,,"Manufactured, Cigars and Snuff",1868,"1,967,842|1,967,812",1967842
import,quantity,Manufactures,Gloves,1894,"1,966,718",1966718
import,value,,"Hemp, Dressed and Undressed, and Tow . . . . . Cuts.",1889,"1,966,521",1966521
export_uk,value,,Jute Manufactures: Piece Goods - - - - -,1879,"1,903,153|1,963,153",1963153
export_uk,value,,Cotton—continued.Manufactures—continued. Lace and Patent Net . . . . .,1895,"1,961,812",1961812
import,quantity,,"Bands, of all Sorts",1892,"1,950,189",1950189
import,quantity,,Rends. of all Sorts,1892,"1,950,189",1950189
export_uk,value,,Manure (including Sulphate of Ammonia and other ChemicalManures) - - - - -,1895,"1,949,049",1949049
reexport,value,,Hartlepool -,1877,"1,946,044",1946044
export_uk,value,"Woollen Tissues, viz.: Heavy, weighing above 11 oz. per square yard","Broad, all Wool - - - - -",1899,"1,945,995",1945995
export_uk,value,Metals,"Bar (except Railroad) Angic, Bolt, and Rod - - - - -",1884,"1,942,294",1942294
import,value,,Fish . . . . . Cuts.,1889,"1,938,029",1938029
import,value,,Other kinds - - - - -,1893,"121,260|1,937,700",1937700
import,value,,Jute - - - - -,1868,"1,936,230",1936230
import,value,,Currants . . . . .,1899,"1,935,905",1935905
export_uk,quantity,,Chemical Products and Preparations (&amp;c. also Dye Stuffs),1888,"1,931,964",1931964
export_uk,value,Chemical Products and Preparations,Sulphate of Copper,1888,"1,931,964",1931964
export_uk,value,,"Silk : Thrown, Twist, and Yarn - - - - -",1868,"1,929,126",1929126
export_uk,value,Wrought or Manufactured,Of other Sorts - - - - -,1870,"1,928,283|1,228,283",1928283
import,value,,Butter . . . . . Cuts.,1889,"1,927,842",1927842
export_uk,value,"Woollen Tissues, viz. : Heavy, weighing above 11 oz. per square yard","Broad, all Wool - - - - -",1893,"1,926,091",1926091
import,quantity,,Paper and Pastebord :Of all Kinds (except Hangings),1888,"1,925,770",1925770
import,value,,Paper and Pasteboard :  Of all Kinds (except Hangings) . . . . . Cuts.,1888,"1,925,770",1925770
import,value,Paper and Pasteboard,Of all Kinds (except Hangings) . . . . . Cwtts.,1888,"1,925,770",1925770
import,value,Imported in Bottles,"Sparkling, Champagne - - - - -",1900,"1,925,116",1925116
reexport,quantity,,Wine,1868,"1,923,848|1,923,818",1923848
export_uk,quantity,,Taco and Patent Net,1888,"1,923,386",1923386
reexport,value,,Folkestone -,1876,"1,923,016",1923016
export_uk,quantity,,"Rugs, Coverlets, or",1897,"1,922,900",1922900
export_uk,value,,Shawls . . . . . other ma-,1897,"1,922,900",1922900
export_uk,value,,Wrought and Manufactures thereofunenumerated - - - - -,1899,"1,921,535",1921535
import,value,,Paper and Pasteboard :Of all Kinds (except Hangings) · · · · ·,1890,"1,918,037",1918037
import,value,,Cheese . . . . . Cuts.,1888,"1,917,616",1917616
export_uk,value,Woollen Manufactures,Carpets and Druggels - - - - -,1872,"1,916,774",1916774
export_uk,quantity,,Taco and Patent Net,1889,"1,913,547",1913547
export_uk,value,,"Leather, Unwrought . . . . .",1889,"1,913,330",1913330
import,value,,Cheese . . . . . Cuts.,1889,"1,907,999",1907999
import,value,,Fish . . . . . Cuts.,1888,"1,907,644",1907644
export_uk,value,,"Beads, of all sorts - - - - - - - - - -",1900,"1,904,215",1904215
reexport,quantity,,"Beads, of all sorts",1900,"1,904,215",1904215
export_uk,value,,Thread for Sewing - - - - -,1875,"1,903,113",1903113
export_uk,quantity,,"Rugs, Coverlets, or Wrappers",1899,"1,898,000",1898000
export_uk,value,,Shawls . . . . . other ma-,1899,"1,898,000",1898000
export_uk,quantity,,"Rugs, Coverlets, or",1895,"1,897,508",1897508
export_uk,value,,Shawls . . . . . other ma-,1895,"1,897,508",1897508
export_uk,quantity,,Chemical Products or Preparations (See also Dye Stuffs) - Value £,1878,"1,892,864",1892864
import,value,,"Hemp, Dressed and Undressed, and Tow . . . . . Cuts.",1890,"1,890,367",1890367
export_uk,quantity,,Lace and Patent Net,1894,"1,890,053",1890053
import,value,Fresh (not of British taking),""" Other Sorts - - - - -",1896,"1,888,504",1888504
import,quantity,,"Sparkling, Champagne",1899,"1,886,265|1,386,265",1886265
export_uk,value,,"Bar, of all kinds - - - - -",1899,"1,852,566|1,882,566",1882566
export_uk,value,,"Woollen Tissues, viz. : Heavy, weighing above 11 oz. per square yard :Broad, all Wool - - - - -",1897,"1,880,844",1880844
import,quantity,,Beans (not Kidney or French),1899,"1,877,250",1877250
import,quantity,,Linens Yarn,1874,"1,875,640",1875640
export_uk,quantity,,"Beads, of all sorts",1897,"1,871,794",1871794
export_uk,value,,"Beads, of all sorts - - - - - - - - - -",1897,"1,871,794",1871794
import,value,Fresh (not of British taking),""" Other Sorts - - - - -",1899,"1,861,454",1861454
import,value,,Paper and Pasteboard :Of all Kinds (except Hangings) · · · · ·,1889,"1,857,743",1857743
import,value,Wool,Goats' Wool or Hair. See Hair.,1880,"1,857,404",1857404
import,value,,"Hemp, Dressed and Undressed, and Tow . . . . . Cuts.",1892,"1,857,037",1857037
export_uk,value,,"Handwares and Cutlery unenumerated . . .(Comprising those articles which cannot be allotted to the several headings of brass, copper, implements, iron, steel, &amp;c., &amp;c.)",1895,"1,856,532",1856532
export_uk,value,,"Hardware and Cutlery unenumerated (Comprising those articles which cannot be allotted to the several headings of brass, copper, implements, iron, steel, &c., &c.)",1895,"1,856,532",1856532
export_uk,value,,"Hardware and Cutlery, unenumerated - - - - -",1895,"1,856,532",1856532
export_uk,value,,"Hardware, unenumerated - - - -",1895,"1,856,532",1856532
export_uk,value,,"Hardwares and Cutlery, unenumerated.(Comprising those articles which cannot be allotted to the several headings of brass, copper, implements, iron, steel, &c., &c.), viz. : Hardwares, unenumerated",1895,"1,856,532",1856532
export_uk,value,,"Hardwares, unenumerated - - - -",1895,"1,856,532",1856532
export_uk,value,,"Hardwares, unenumerated }Cutlery",1895,"1,856,532",1856532
export_uk,quantity,,Manure (including Sulphate of Ammonia and other Chemical Manures),1888,"1,849,035",1849035
export_uk,quantity,,Manure (including Sulphate of Ammoniaand other Chemical Manures),1888,"1,849,035",1849035
reexport,value,,"Cotton, Raw . . . . . """,1885,"1,842,311",1842311
export_uk,quantity,"Worsted Tissues, viz: Worsted Coatings and Trouserings of all kinds","Narrow, all Wool",1895,"1,842,000",1842000
import,value,,Cheese . . . . . Cuts.,1887,"1,836,789",1836789
reexport,quantity,,"Rice, Rice Meal, and Flour  . . . . .",1898,"1,835,589",1835589
reexport,value,,"Rice, Rice Meal, and Flour  . . . . . Cuts.",1898,"1,835,589",1835589
import,value,,"Hemp, Dressed or Undressed - - - - -",1894,"1,834,927",1834927
export_uk,value,,"Handwares and Cutlery unenumerated . . .(Comprising those articles which cannot be allotted to the several headings of brass, copper, implements, iron, steel, &amp;c., &amp;c.)",1894,"1,834,481",1834481
export_uk,value,,"Hardware and Cutlery unenumerated (Comprising those articles which cannot be allotted to the several headings of brass, copper, implements, iron, steel, &c., &c.)",1894,"1,834,481",1834481
export_uk,value,,"Hardwares, unenumerated - - - -",1894,"1,834,481",1834481
export_uk,value,,"Hardwares, unenumerated }Cutlery",1894,"1,834,481",1834481
export_uk,value,,Thread for Sewing - - - - -,1879,"1,833,480",1833480
reexport,value,,""" Unwrought, in Bars, Blocks, Slabs, Cakes and Ingots - - - - -",1899,"1,826,188",1826188
export_uk,value,,Manure (including Sulphate of Ammonia and other ChemicalManures) :- - - - -,1881,"1,825,315",1825315
reexport,quantity,,Gont,1868,"1,818,880",1818880
reexport,quantity,Skins and Furs,Goat,1868,"1,818,880",1818880
import,value,,"Hemp, Dressed and Undressed, and Tow . . . . . Cuts.",1888,"1,818,138",1818138
import,value,,"Hemp, Dressed and Undressed, and Tow . . . . . Cwtts.",1888,"1,818,138",1818138
export_uk,quantity,,"Glass, viz. : Plate, Rough or Silvered - Square feet",1898,"1,817,100",1817100
reexport,quantity,,"Sauces or Condiments, unenumerated",1893,"1,815,771",1815771
import,quantity,,"Bands, of all Sorts",1889,"1,809,993",1809993
import,quantity,,Rends. of all Sorts,1889,"1,809,993",1809993
export_uk,quantity,,Shawls,1899,"765,000|1,808,000",1808000
reexport,value,Sugar,Tea,1888,"1,807,130",1807130
import,quantity,Silk,Raw,1897,"1,805,608",1805608
export_uk,quantity,,Glass: Plate,1896,"1,804,000",1804000
export_uk,quantity,,"Plate, Rough or Silvered",1896,"1,804,000",1804000
export_uk,value,,Glass: Plate Square Feet,1896,"1,804,000",1804000
export_uk,value,,Thread for Sewing - - - - -,1877,"1,800,990",1800990
reexport,quantity,,Gont,1870,"1,800,446",1800446
reexport,quantity,Skins and Furs,Goat,1870,"1,800,446",1800446
import,quantity,,""" Flax or Linseed",1899,"1,798,887|1,708,887",1798887
export_uk,value,,"Haberdashery and Millinery, including Embroidery and Needlework - - - -",1898,"1,594,519|1,504,519|1,794,519",1794519
reexport,value,,Hartlepool -,1875,"1,791,808",1791808
export_uk,quantity,,"Beads, of all sorts",1896,"1,791,411",1791411
export_uk,value,,"Beads, of all sorts - - - - - - - - - -",1896,"1,791,411",1791411
reexport,quantity,,"Petroleum, Illuminating",1897,"1,784,514",1784514
import,value,"Animals, Living",Sheep and Lambs - - - - -,1895,"1,782,544",1782544
import,value,White,Champagne - - - - -,1895,"1,779,893",1779893
import,value,Sugar,Refined and Candy,1869,"1,774,858|1,774,853",1774858
import,value,,Paper and Pasteboard :Of all Kinds (except Hangings) · · · · ·,1888,"1,770,439",1770439
export_uk,value,Woollen Manufactures,Of other Sorts - - - - -,1889,"1,767,569",1767569
export_uk,value,Woollen and Worsted Manufactures,Of other Sorts - - - - -,1889,"1,767,569|1,767,539|1,767,559",1767569
import,value,Wool,Goats' Wool: Mohair - - - - -,1899,"1,765,612",1765612
export_uk,quantity,,"Glass, viz. : Plate, Rough or Silvered - Square feet",1899,"1,764,100",1764100
export_uk,value,,Thread for Sewing - - - - -,1876,"1,763,586",1763586
reexport,quantity,,"Petroleum, Illuminating",1895,"1,761,246",1761246
import,value,Wool,Goats' Wool or Hair. See Hair.,1882,"1,760,918",1760918
import,value,Cotton,Unenumerated - - - - -,1895,"1,760,402",1760402
import,quantity,,"„ Chemical, Essential, or Perfumed- . . . . .",1900,"1,758,331",1758331
export_uk,value,,Bleached and Dyed - - - - -,1900,"1,758,139",1758139
export_uk,quantity,,"Lace, Embroidery and Millinery",1892,"1,757,820",1757820
export_uk,quantity,,Lacordashery and Millinery,1892,"1,757,820",1757820
import,value,Tobacco,Manufactured - - - - -,1884,"1,756,251",1756251
import,value,,Woollen Yarn,1877,"1,753,718",1753718
reexport,value,,"Rice, not in the Husk - - - - -",1881,"1,753,638",1753638
reexport,value,,Hartlepool -,1876,"1,744,960",1744960
reexport,value,,Indigo,1872,"1,744,524|1,744,591",1744591
import,value,"Vegetables, Raw",Tomatoes - - - - -,1899,"1,744,558",1744558
import,value,White,Champagne - - - - -,1894,"1,742,269",1742269
reexport,value,Sugar,Tea,1889,"1,742,205",1742205
reexport,value,Sugar,Tea,1890,"1,742,100",1742100
export_uk,value,,"Woollen Tissues, viz. : Heavy, weighing above 11 oz. per square yard :Broad, all Wool - - - - -",1898,"1,742,002",1742002
import,quantity,,Cubic Nitro,1887,"1,738,768",1738768
import,value,,Cheese . . . . . Cuts.,1886,"1,734,890",1734890
export_uk,quantity,,Manure (including Sulphate of Ammoniaand other Chemical Manures),1885,"1,726,993",1726993
export_uk,value,,Manure (including Sulphate of Ammonia and other Che-mical Manures) - - - - -,1885,"1,726,993",1726993
export_uk,value,,Machinery : Steam Engines - - - - -,1868,"1,724,783",1724783
import,quantity,,"Bands, of all Sorts",1888,"1,717,065",1717065
import,quantity,,Rends. of all Sorts,1888,"1,717,065",1717065
export_uk,quantity,,"Rugs, Coverlets, or Wrappers",1900,"1,711,800",1711800
import,quantity,,Sugar:Refined and Candy,1870,"1,710,176",1710176
import,quantity,,- - - - - Lbs.,1876,"1,706,330",1706330
import,value,Cotton,Unenumerated - - - - -,1894,"1,705,442",1705442
import,value,,"Mutton, Fresh . . . . . Cuts.",1892,"1,699,966",1699966
import,value,,Stems,1896,"1,698,245",1698245
import,quantity,Silk,Raw,1896,"1,697,668",1697668
export_uk,value,,Boots and Shoes - - - - -,1893,"1,697,232",1697232
export_uk,quantity,,Chemical Products and Preparations (&amp;c. also Dye Stuffs),1887,"1,692,651",1692651
export_uk,quantity,,"Beads, of all sorts",1895,"1,690,965",1690965
import,quantity,,Lemons . . . . .,1899,"1,688,503",1688503
import,value,Fruit,Lemons,1899,"453,233|1,688,503",1688503
import,quantity,,Paper and Pastebord :Of all Kinds (except Hangings),1887,"1,684,752",1684752
import,value,Paper and Pasteboard,Of all Kinds (except Hangings) . . . . . Cwtts.,1887,"1,684,752",1684752
export_uk,quantity,,"Glass, viz :  Plate, Rough or Silvered - Square feet",1893,"1,684,500",1684500
export_uk,quantity,,"Plate, Rough or Silvered",1893,"1,684,500",1684500
export_uk,value,,Glass: Plate Square Feet,1893,"1,684,500",1684500
reexport,value,Sugar,Tea,1887,"1,684,354",1684354
import,value,"Vegetables, Raw",Tomatoes - - - - -,1898,"1,680,786",1680786
import,value,,Fish . . . . . Cuts.,1886,"1,679,197",1679197
reexport,quantity,,",, Snuff . . . . .",1900,"1,674,468",1674468
reexport,value,Tobacco,"Cavendish or Negrohead . . . . . """,1900,"1,674,468",1674468
export_uk,quantity,,Fish: Herring,1880,"1,072,397|1,672,397",1672397
import,value,,Butter . . . . . Cuts.,1888,"1,671,433",1671433
import,value,,Cocoa - - - - -,1900,"1,668,965",1668965
export_uk,quantity,,Cavendish or Negrohead manufac-tured in Bond from unmanufac-tured Tobacco,1894,"1,668,597",1668597
export_uk,quantity,"Tobacco and Snuff manufactured in the United Kingdom, viz.",Cavendish or Negrohead manufactured in Bond from unmanufactured Tobacco,1894,"1,668,597",1668597
import,quantity,,Gloves,1883,"1,665,298",1665298
import,value,,"Mutton, Fresh . . . . . Cuts.",1891,"1,662,994",1662994
import,quantity,,"Raw, Unenumerated",1868,"1,660,642|337,631",1660642
export_uk,quantity,Woollen Manufactures,Of other Sorts,1888,"1,659,122",1659122
import,value,,"Mutton, Fresh . . . . . Cuts.",1890,"1,656,419",1656419
reexport,quantity,,Gont,1869,"1,652,104",1652104
reexport,quantity,Skins and Furs,Goat,1869,"1,652,104",1652104
import,value,,"Beef, Salted and Fresh . . . . . Cuts.",1889,"1,648,220",1648220
export_uk,value,Woollen Manufactures,Carpets and Druggels - - - - -,1871,"1,648,111",1648111
export_uk,value,,Other descriptions - - - - - -,1899,"1,646,625",1646625
import,quantity,,Cinnamon,1895,"1,645,340",1645340
export_uk,quantity,,Manure (including Sulphate of Ammoniaand other Chemical Manures),1887,"1,640,919",1640919
reexport,value,,Folkestone -,1877,"1,633,714",1633714
import,value,Leather Manufactures,"Gloves . . . . . """,1887,"1,513,456|1,628,806",1628806
reexport,value,,Jute . . . . . Tons,1900,"107,938|1,620,619",1620619
export_uk,value,Metals,"Bar (except Railroad) Angic, Bolt, and Rod - - - - -",1885,"1,620,484",1620484
reexport,value,,Sunderland - - - - -,1899,"1,620,153",1620153
import,quantity,,- - - - - Lbs.,1875,"1,620,078",1620078
import,value,,""" Manufactures, unenumerated . . . . .",1899,"681,760|905,975|1,617,895",1617895
export_uk,quantity,,Manure (including Sulphate of Ammoniaand other Chemical Manures),1886,"1,614,643",1614643
export_uk,value,,"Woollen Tissues, viz. : Heavy, weighing above 11 oz. per square yard :Broad, all Wool - - - - -",1894,"1,613,962",1613962
import,quantity,,"White: Champagne "" "" "" """,1896,"1,612,659",1612659
import,value,,Fish . . . . . Cuts.,1887,"1,604,637",1604637
reexport,value,,Middlesborough -,1874,"1,601,743",1601743
import,value,,Cocoa Butter,1897,"1,601,132",1601132
import,value,Skins and Furs,""" Sheep, undressed",1900,"1,599,576",1599576
export_uk,value,Woollen Manufactures,Carpets and Druggels - - - - -,1873,"1,597,383",1597383
export_uk,quantity,,Waste,1900,"1,593,100",1593100
import,quantity,,Gloves,1900,"1,590,796",1590796
export_uk,value,,Thread for Sewing - - - - -,1874,"1,590,309",1590309
reexport,value,,Goole -,1874,"1,589,695",1589695
reexport,value,,Indigo,1870,"1,588,912",1588912
export_uk,quantity,,Cavendish or Negrohead manufac-tured in Bond from unmanufac-tured Tobacco,1893,"1,587,177",1587177
export_uk,quantity,"Tobacco and Snuff manufactured in the United Kingdom, viz.",Cavendish or Negrohead manufactured in Bond from unmanufactured Tobacco,1893,"1,587,177",1587177
export_uk,value,,Rugs . . . . . mixed or,1896,"1,586,600",1586600
import,quantity,Silk,Raw,1895,"1,585,835",1585835
import,value,White,Champagne - - - - -,1893,"1,585,508",1585508
import,quantity,Paper and Pastboard,Of all Kinds (except Hangings),1887,"1,584,752",1584752
import,value,,"Woollen, Yarn",1878,"1,582,706",1582706
import,value,Wool,Goats' Wool or Hair. See Hair.,1878,"1,582,706",1582706
export_uk,value,,Blankets . . . . . Pairs,1889,"1,579,456|571,864",1579456
reexport,value,,Dover - - - - - - -,1899,"1,578,697",1578697
export_uk,value,Wrought or Manufactured,Of other Sorts - - - - -,1869,"1,575,425",1575425
import,value,,Paper and Pasteboard :Of all Kinds (except Hangings) · · · · ·,1887,"1,572,578",1572578
import,value,Cotton,Unenumerated - - - - -,1893,"1,566,245",1566245
export_uk,value,,Wrought and Manufactures thereof unenumerated - - - - -,1893,"1,564,909",1564909
export_uk,value,,Wrought and Manufactures thereofunenumerated - - - - -,1893,"1,564,909",1564909
export_uk,quantity,Woollen and Worsted Manufactures,Of other Sorts,1895,"1,564,433",1564433
export_uk,value,Woollen and Worsted Manufactures,Of other Sorts - - - - -,1895,"1,564,433",1564433
reexport,quantity,Hats or Bonnets,""" Other Materials",1894,"1,561,693",1561693
import,quantity,,Silk: Raw,1895,"1,555,835",1555835
export_uk,value,,Blankets . . . . . Pairs,1890,"601,728|1,552,927",1552927
reexport,value,,Tau,1897,"1,545,675",1545675
reexport,value,,Grangemouth . . . . .,1893,"1,545,445",1545445
reexport,value,,Tin . . . . .,1897,"1,545,075",1545075
export_uk,quantity,,"Fish, Fresh and Cured, viz.:Herrings",1900,"1,540,875",1540875
export_uk,quantity,,Herrings,1900,"1,540,875",1540875
reexport,value,,Goole -,1875,"1,540,714",1540714
export_uk,value,,"Haberdashery and Millinery, including Embroidery and Needlework - - - -",1899,"1,536,802",1536802
export_uk,value,,"Wool, viz. :Sheep and Lambs', British, raw or undressed - - - - -",1897,"1,534,537",1534537
export_uk,quantity,"Carriages, &c.","Railway Waggons, Trucks, &c., and parts thereof",1889,"1,530,921",1530921
export_uk,quantity,"Carriages, Carts, &amp;c.","Railway Wagons, Trucks, &amp;c., and parts thereof",1889,"1,530,921",1530921
export_uk,quantity,"Carriages, Carts, &c.","Railway Waggons, Trucks, &c., and parts thereof",1889,"1,530,921",1530921
export_uk,value,"Carriages, &amp;c.","Railway Wagons, Trucks, &amp;c. and parts thereof - - - - -",1889,"1,530,921",1530921
export_uk,value,"Carriages, Carts, &amp;c.","Railway Waggons, Trucks, &amp;c. and parts thereof - - - - -",1889,"1,530,921",1530921
export_uk,quantity,Woollen Manufactures,Of other Sorts,1887,"1,528,040",1528040
export_uk,quantity,,"Rugs, Coverlets, or",1894,"1,523,810",1523810
import,value,"Skins, Furs, and Pelts","Sheep and Lamb, undressed - - - - -",1893,"1,522,244",1522244
export_uk,quantity,,"Plate, Rough or Silvered",1897,"1,520,500",1520500
import,value,,"Lead, Pig or Sheet - - - - -",1894,"1,514,735",1514735
import,value,,Peruvian,1881,"1,514,501",1514501
import,value,,Butter . . . . . Cuts.,1886,"1,513,566",1513566
import,value,,Butter . . . . . Cuts.,1887,"1,513,134",1513134
reexport,value,,Newhaven -,1877,"1,511,916",1511916
import,quantity,,Paper and Pastebord :Of all Kinds (except Hangings),1886,"1,510,741",1510741
import,value,Paper and Pasteboard,Of all Kinds (except Hangings) . . . . . Cwtts.,1886,"1,510,741",1510741
reexport,value,,Tau,1898,"1,508,876",1508876
reexport,value,,Tin . . . . .,1898,"1,508,876",1508876
import,quantity,Silk,Raw,1892,"1,503,283",1503283
import,value,,Gloves - - - - -,1885,"1,502,571",1502571
import,quantity,,Cubic Nitro,1886,"1,500,897",1500897
export_uk,value,,"Hardware, unenumerated  . . . . .",1900,"1,500,469",1500469
export_uk,value,,Alkali - - - - -,1868,"1,499,542",1499542
export_uk,quantity,,"Lace, Embroidery and Millinery",1893,"1,492,179",1492179
export_uk,quantity,,Lacordashery and Millinery,1893,"1,492,179",1492179
reexport,value,Dyeing or Tanning Stuffs,Indigo,1876,"1,489,669",1489669
import,value,,"Hemp, Dressed and Undressed, and Tow . . . . . Cwtts.",1887,"1,486,155",1486155
import,quantity,,"Wood and Timber:Not Sawn or Split, including Teak",1866,"1,485,093",1485093
export_uk,value,,"Machinery and Mill Work, or parts thereof, viz. :Steam Engines, viz. : Locomotive - - - - - -",1898,"1,483,600",1483600
import,value,"Chemical Manufactures and Products (other than Drugs, Dye-stuffs and Manures)",Unenumerated ||,1900,"1,483,498",1483498
export_uk,quantity,,"Rugs, Coverlets, or",1893,"1,477,348",1477348
export_uk,quantity,,Shawls,1893,"1,477,348",1477348
import,value,,Stems,1897,"1,471,562",1471562
import,value,Leather Manufactures,"Gloves . . . . . """,1888,"1,470,966",1470966
reexport,value,,Dover -,1875,"1,469,827",1469827
export_uk,value,,Thread for Sewing - - - - -,1873,"1,469,388",1469388
export_uk,value,,"Machinery and Mill Work, or parts thereof, viz. :Steam Engines, viz. : Locomotive - - - - - -",1899,"1,467,389",1467389
export_uk,value,Woollen Manufactures,Carpets and Druggets - - - - -,1869,"1,466,758",1466758
import,value,Skins and Furs,"Sheep and Lamb, undressed - - - - -",1895,"1,465,232",1465232
export_uk,quantity,Woollen Manufactures,Of other Sorts,1886,"1,464,922",1464922
export_uk,value,Woollen and Worsted Manufactures,Of other Sorts - - - - -,1886,"1,464,922",1464922
import,value,,"Chemical Manufactures and Products, unenumerated (in-cluding Carbide of Calcium) - - - - -",1899,"1,464,817",1464817
import,value,,"Chemical Manufactures and Products, unenumerated (including Carbide of Calcium)  . . . . .",1899,"1,464,817",1464817
import,value,Tobacco,Manufactured - - - - -,1888,"1,464,557",1464557
import,value,,Raw - - - - -,1893,"1,463,981",1463981
import,value,Silk,Raw,1893,"1,463,981",1463981
export_uk,value,,Parcel Post . . . . . Number of Parcels,1899,"1,461,532",1461532
reexport,value,,Bideford -,1874,"1,461,451",1461451
import,value,"Chemical Manufactures and Products (other than Drugs, Dye-stuffs and Manures)",Unenumerated ||,1899,"1,459,680",1459680
import,value,Oils,Palm - - - - -,1893,"1,458,642",1458642
import,value,"Vegetables, Raw",Tomatoes - - - - -,1897,"1,456,701",1456701
export_uk,value,,Other descriptions - - - - - -,1898,"1,454,928",1454928
import,quantity,,"White: Champagne "" "" "" """,1893,"1,452,690",1452690
import,value,Skins and Furs,""" Unenumerated",1900,"1,451,231",1451231
reexport,quantity,,Beads and Bugles of Glass,1867,"1,449,584",1449584
import,value,,",,",1899,"1,449,026",1449026
import,quantity,,Paper and Pasteboard :Of all Kinds (except Hangings) . . . . .,1884,"1,447,835",1447835
import,value,Paper and Pasteboard,Of all Kinds (except Hangings) . . . . . Cwtts.,1884,"1,447,335",1447335
import,value,,"Hemp, Dressed and Undressed, and Tow . . . . . Cwtts.",1885,"1,447,125",1447125
export_uk,quantity,,"Glass, viz :  Plate, Rough or Silvered - Square feet",1895,"1,446,000|1,416,000",1446000
export_uk,quantity,,"Plate, Rough or Silvered",1895,"1,446,000",1446000
reexport,value,,Tau,1896,"1,443,168",1443168
reexport,value,,Tin . . . . .,1896,"1,443,168",1443168
import,value,Paper-making materials,"Pulp of Wood, Chemical - - - - -",1899,"1,441,806",1441806
export_uk,value,,Wrought and Manufactures thereofunenumerated - - - - -,1894,"1,440,678",1440678
reexport,quantity,,"Petroleum, Illuminating",1898,"1,439,978",1439978
import,quantity,Silk,Raw,1894,"1,436,631",1436631
export_uk,quantity,Woollen Manufactures,Blankets,1888,"1,434,326",1434326
reexport,value,,Dover -,1874,"1,430,895",1430895
export_uk,value,,"Copper, viz. :Unwrought in Ingot, Cake or Slab and Precipitate . . . . .",1898,"1,430,153",1430153
export_uk,quantity,"Iron, viz.",Pig,1900,"1,427,525|17,479",1427525
import,quantity,,"Not Sawn or Split, including Teak",1870,"1,425,947",1425947
import,quantity,,"Wood and Timber:Not Sawn or Split, including Teak",1870,"1,425,947",1425947
import,value,,"Cured or Salted, unenumerated - - - - -",1893,"1,425,879",1425879
export_uk,quantity,,"Fish, Fresh and Cured, viz.:Herrings",1895,"1,425,115",1425115
export_uk,value,,"Fish, Fresh and Cured, viz:Herrings Barrels",1895,"1,425,115",1425115
import,value,Fruit,"Unenumerated, Raw - - - - -",1885,"1,421,747",1421747
import,value,Wool,Goats' Wool or Hair. See Hair.,1879,"1,418,052",1418052
export_uk,value,,Glass: Plate Square Feet,1895,"1,416,000",1416000
import,value,"Skins, Furs, and Pelts","Sheep and Lamb, undressed - - - - -",1891,"1,413,645",1413645
reexport,value,,"Ilides, Raw",1879,"1,411,071",1411071
export_uk,value,Wrought or Manufactured,Of other Sorts - - - - -,1868,"1,410,337",1410337
reexport,value,Oil,Rice,1889,"1,409,255",1409255
reexport,quantity,,Bristles,1900,"1,407,612",1407612
import,quantity,,""" Unenumerated, not sweetened or mixed }",1900,"1,405,097",1405097
reexport,value,,"Ilides, Raw",1875,"1,402,662",1402662
import,value,,Other kinds of,1878,"1,402,112",1402112
export_uk,value,,Thread for Sewing - - - - -,1872,"1,400,243",1400243
reexport,quantity,,Manufactured,1893,"1,398,374",1398374
export_uk,value,,"Unwrought in Ingots, Cakes or Slabs and Precipitate - - - - -",1900,"1,397,495",1397495
reexport,value,,Tau,1899,"1,394,405",1394405
reexport,value,,Tin . . . . .,1899,"1,394,405",1394405
export_uk,value,,Blankets . . . . . Pairs,1891,"1,393,977|549,563",1393977
export_uk,value,Woollen Manufactures,Carpets and Druggels - - - - -,1870,"1,393,219",1393219
import,quantity,""" Imported in Bottles","Sparkling, Champagne",1900,"1,389,767",1389767
import,value,Skins and Furs,Skins: Sheep and Lamb - - - - -,1881,"1,388,467",1388467
import,value,,"Chemical Manufactures and Products, unenumerated (in-cluding Carbide of Calcium) - - - - -",1898,"1,387,650",1387650
import,value,,"Chemical Manufactures and Products, unenumerated (including Carbide of Calcium)  . . . . .",1898,"1,387,650",1387650
import,value,"Chemical Manufactures and Products (other than Drugs, Dye-stuffs and Manures)",Unenumerated ||,1898,"1,387,650",1387650
export_uk,value,,"Fish, Fresh and Cured, viz:Herrings Barrels",1894,"1,386,510",1386510
import,quantity,,Paper and Pastebord :Of all Kinds (except Hangings),1885,"1,385,634",1385634
import,value,Paper and Pasteboard,Of all Kinds (except Hangings) . . . . . Cwtts.,1885,"1,385,634",1385634
import,value,,"Chemical Manufactures and Products, unenumerated (in-cluding Carbide of Calcium) - - - - -",1896,"1,384,595",1384595
import,value,,"Chemical Manufactures and Products, unenumerated (including Carbide of Calcium)  . . . . .",1896,"1,384,595",1384595
import,value,"Chemical Manufactures and Products (other than Drugs, Dye-stuffs and Manures)",Unenumerated ||,1896,"1,384,595",1384595
reexport,value,"Metals, viz.","Copper, Unwrought, part Wrought, and old Copper",1876,"1,384,393",1384393
import,value,Skins and Furs,All other Sorts - - - - -,1895,"1,384,155",1384155
reexport,quantity,,Gont,1866,"1,383,158",1383158
reexport,quantity,Skins and Furs,Goat,1866,"1,383,158",1383158
reexport,value,,"Leather, Dressed and Undressed - - - - -",1880,"1,382,531",1382531
reexport,quantity,Metals,"Iron and Steel, Wrought or Manufactured, Unenumerated Cuts.",1882,"1,377,474",1377474
import,value,,""" Imported in Casks",1897,"1,375,864",1375864
import,value,,"Spirits, Brandy",1897,"1,375,864",1375864
import,value,Tobacco,Raw - - - - -,1881,"1,375,225",1375225
export_uk,quantity,,Fish: Herrings,1896,"1,373,827",1373827
export_uk,value,,"Fish, Fresh and Cured, viz:Herrings Barrels",1896,"1,373,827",1373827
export_uk,value,Metals,"Bar (except Railroad) Angic, Bolt, and Rod - - - - -",1886,"1,373,071",1373071
export_uk,value,Wool,Waste . . . . .,1889,"1,372,734",1372734
export_uk,quantity,"Worsted Tissues, viz: Worsted Coatings and Trouserings of all kinds","Narrow, all Wool",1896,"1,368,800",1368800
import,quantity,,Of Other materials,1894,"1,364,668",1364668
import,value,Wool,Goats' Wool or Hair. See Hair.,1881,"1,362,715",1362715
import,value,,"Chemical Manufactures and Products, unenumerated (in-cluding Carbide of Calcium) - - - - -",1897,"1,356,379",1356379
import,value,,"Chemical Manufactures and Products, unenumerated (including Carbide of Calcium)  . . . . .",1897,"1,356,379",1356379
import,value,"Chemical Manufactures and Products (other than Drugs, Dye-stuffs and Manures)",Unenumerated ||,1897,"1,356,379",1356379
import,value,,"Chemical Manufactures and Products, unenumerated - - - - -",1893,"1,355,646",1355646
reexport,value,,Bristol - - - - - - -,1899,"1,355,498",1355498
reexport,value,,Tau,1895,"1,353,471",1353471
reexport,value,,Tin . . . . .,1895,"1,353,471",1353471
reexport,value,,Newhaven -,1875,"1,353,054",1353054
export_uk,value,,"Pickles, Vinegar, Sauces, Condiments, preserved Fruits, andConfectionery - - - - -",1882,"1,350,763",1350763
import,quantity,,Currants,1877,"1,349,965",1349965
import,quantity,Fruit,Currents,1877,"1,349,965",1349965
import,quantity,,"Not Sawn or Split, including Teak",1868,"1,345,313",1345313
import,quantity,,"Wood and Timber:Not Sawn or Split, including Teak",1868,"1,345,313",1345313
export_uk,value,,"Copper, viz. :Unwrought in Ingot, Cake or Slab and Precipitate . . . . .",1895,"1,344,913",1344913
import,value,,"Watches, Complete - - - - -",1900,"1,339,949",1339949
import,quantity,,Hides :Raw,1873,"1,339,373",1339373
import,value,,",,",1898,"1,338,614",1338614
export_uk,value,Steam Engines; viz.,Other descriptions - - - - -,1895,"1,338,453",1338453
export_uk,quantity,,"Plate, Rough or Silvered",1894,"1,336,609",1336609
export_uk,quantity,,"Glass, viz :  Plate, Rough or Silvered - Square feet",1894,"1,336,600",1336600
export_uk,value,,Glass: Plate Square Feet,1894,"1,336,600",1336600
reexport,value,Wood and Timber,Woollen Manufactures - - - - -,1891,"1,336,411",1336411
reexport,value,Oil,Rice,1890,"1,332,557",1332557
import,value,,"Hemp, Dressed and Undressed, and Tow . . . . . Cwtts.",1884,"1,329,595",1329595
import,value,Skins and Furs,Goat - - - - -,1881,"1,323,117",1323117
import,value,Oils,Palm - - - - -,1895,"1,320,690",1320690
import,quantity,,"Woollen Yarn, For fancy purposes",1893,"1,320,619",1320619
import,value,"Fruit, Dried or Preserved, liable to Duty",Currants . . . . .,1900,"1,320,001",1320001
reexport,quantity,Seeds,"Garden, unenumerated",1893,"1,319,401",1319401
reexport,quantity,,"Iron and Steel, Wrought or Manufactured, Unenumerated",1881,"1,319,039",1319039
reexport,quantity,Metals,"Iron and Steel, Wrought or Manufactured, Unenumerated Cuts.",1881,"1,319,039",1319039
export_uk,value,,"Pickles, Vinegar, Sauces, Condiments, Pre-served Fruits and Confectionery, unenu-merated - - - - -",1897,"1,318,585",1318585
export_uk,value,,„ mixed with other materials - -,1899,"1,317,384|1,317,884",1317884
export_uk,value,"Woollen Tissues, viz.: Heavy, weighing above 11 oz. per square yard",",, mixed with other materials -",1899,"1,317,884",1317884
export_uk,quantity,Woollen Manufactures,Of other Sorts,1884,"1,316,576",1316576
import,quantity,,"Not Sawn or Split, including Teak",1869,"1,315,509",1315509
import,quantity,,"Wood and Timber:Not Sawn or Split, including Teak",1869,"1,315,509",1315509
reexport,value,,"Shields, North . . . . .",1893,"1,315,150",1315150
export_uk,quantity,"Worsted Tissues, viz: Worsted Coatings and Trouserings of all kinds","Narrow, all Wool",1897,"1,314,300",1314300
reexport,value,,Dover -,1877,"1,313,888",1313888
reexport,value,,Newhaven -,1874,"1,312,624",1312624
reexport,value,Goods,"Manufactured, unenumerated - - - - -",1893,"1,312,059",1312059
import,value,,Laco - - - - -,1886,"1,310,639",1310639
export_uk,value,,Herrings - - - - -,1893,"1,304,803",1304803
export_uk,value,,"Pickles, Vinegar, Sauces, Condiments, Pre-served Fruits and Confectionery, unenu-merated - - - - -",1896,"1,304,483",1304483
import,value,,"Pyrites of Iron, Copper, or Sulphur",1873,"1,301,272|1,301,972",1301972
import,quantity,,"Margarine (including all kinds of Imitation Butter) """,1893,"1,299,970",1299970
reexport,quantity,Spices,Cinnamon,1899,"1,299,933|1,209,933",1299933
import,quantity,,"White: Champagne "" "" "" """,1895,"1,298,406",1298406
import,quantity,,"White: Champagne "" "" "" """,1894,"1,297,709",1297709
export_uk,quantity,,"Plate, viz. : Gold Ozs. Troy  Silver",1895,"1,294,847",1294847
reexport,value,"Metals, viz.","Tin, in Blocks, Ingots, Bars, or Slabs - - - - -",1882,"1,288,646",1288646
reexport,value,,"Tir, :: Blocks, Ingots, Bars, or Slabs - - - -",1882,"1,286,646",1286646
import,value,"Vegetables, Raw",Tomatoes - - - - -,1896,"1,284,753",1284753
reexport,value,Wood and Timber,Woollen Manufactures - - - - -,1892,"1,279,243",1279243
export_uk,quantity,Woollen Manufactures,Of other Sorts,1885,"1,278,288",1278288
import,value,,"Chemical Manufactures and Products, unenumerated (in-cluding Carbide of Calcium) - - - - -",1895,"1,276,670",1276670
import,value,,"Chemical Manufactures and Products, unenumerated (including Carbide of Calcium)  . . . . .",1895,"1,276,670",1276670
import,value,,Lard . . . . . Cuts.,1890,"1,273,236",1273236
export_uk,quantity,Woollen and Worsted Manufactures,Blankets,1895,"1,273,101",1273101
export_uk,value,,Rugs . . . . . mixed or,1895,"1,273,101",1273101
export_uk,value,"Woollen Tissues, viz. : Heavy, weighing above 11 oz. per square yard",",, mixed with other materials - - - - -",1893,"1,272,492",1272492
export_uk,value,Woollen Manufactures,Carpets and Druggets - - - - -,1889,"1,271,506",1271506
reexport,value,,Newhaven -,1876,"1,268,868",1268868
import,quantity,,"Woollen Yarn, For fancy purposes",1896,"1,267,523",1267523
reexport,value,,"Ilides, Raw",1878,"1,267,464",1267464
import,quantity,,"Woollen Yarn, For Fancy purposes, including Berlin } Lbs.",1896,"1,267,323",1267323
import,quantity,,""" Bottles",1899,"1,266,959|1,206,959",1266959
reexport,value,Oil,Rice,1888,"1,264,010",1264010
import,value,Skins and Furs,All other Sorts - - - - -,1896,"1,263,151",1263151
export_uk,value,,"Medicines, comprising Drugs and Medicinal Preparations - - - - -",1900,"1,262,685",1262685
export_uk,value,,"Medicines, comprising Drugs and MedicinalPreparations - - - - -",1900,"1,262,685",1262685
import,value,,""" Imported in Casks",1896,"1,261,800",1261800
reexport,quantity,,Goats' Wool ; M hair - - - - -,1899,"1,261,473",1261473
reexport,quantity,Wool,Goats' Wool; Mohair,1899,"1,261,473",1261473
reexport,value,Dyeing or Tanning Stuffs,Indigo,1877,"1,259,019",1259019
import,quantity,,Gloves,1881,"1,254,842|1,254,812",1254842
reexport,value,Furs,Unenumerated - - - - -,1893,"1,249,022",1249022
export_uk,quantity,,"Lace, Embroidery and Millinery",1894,"1,246,631",1246631
export_uk,quantity,,Lacordashery and Millinery,1894,"1,246,631",1246631
reexport,value,,"Skins, Goat, undressed",1900,"1,246,452",1246452
import,value,,"Farinaceous Substances and Manufactures, Unenumerated - - - - -",1896,"1,244,352",1244352
import,quantity,,"Spices, Cinnamon",1893,"1,243,284",1243284
export_uk,quantity,,Implement and Tools of Industry - Value £,1895,"1,240,327",1240327
export_uk,quantity,,Implements and Tools of Industry - Value £,1895,"1,240,327",1240327
import,value,,Lard . . . . . Cuts.,1892,"1,239,051",1239051
import,value,,"— of Europe, &amp;c. - - - - -",1868,"1,238,994",1238994
reexport,value,,Newport . . . . .,1893,"1,238,514",1238514
import,value,Oils,Palm - - - - -,1894,"1,237,072",1237072
export_uk,value,,"Pickles, Vinegar, Sauces, Condiments, Pre-served Fruits and Confectionery, unenu-merated - - - - -",1895,"1,235,062",1235062
export_uk,value,Woollen and Worsted Manufactures,Carpets and Druggets - - - - -,1886,"1,232,950",1232950
reexport,value,,Hartlepool (West) - - - - - - -,1899,"1,229,492",1229492
reexport,value,,Bristol - - - - - -,1893,"1,228,558",1228558
reexport,quantity,"Goats' Wool, viz.","Other kinds, and Flocks",1893,"1,228,509",1228509
import,value,,"Mutton, Fresh . . . . . Cuts.",1889,"1,225,058",1225058
export_uk,value,,Thread for Sewing - - - - -,1871,"1,224,969",1224969
import,quantity,,"Not Sawn or Split, including Teak",1867,"1,223,686",1223686
import,quantity,,"Wood and Timber:Not Sawn or Split, including Teak",1867,"1,223,686",1223686
import,quantity,,"Woollen Yarn, For Fancy purposes, including Berlin } Lbs.",1895,"1,221,104",1221104
import,quantity,,"Woollen Yarn, For fancy purposes",1895,"1,221,101",1221101
reexport,value,,"Ilides, Raw",1877,"1,220,499",1220499
import,value,,Bars - - - - -,1885,"1,220,191",1220191
import,quantity,,"Woollen Yarn, For fancy purposes",1894,"1,219,965",1219965
import,value,"Animals, Living",Sheep and Lambs - - - - -,1869,"1,219,011|1,219,014",1219014
import,value,,Palm - - - - -,1885,"1,217,816",1217816
import,value,,"Hides, Raw . . . . . """,1884,"1,217,747",1217747
export_uk,quantity,,Herrings,1893,"1,212,126",1212126
export_uk,value,,"Fish, Fresh and Cured, viz:Herrings Barrels",1893,"1,212,126",1212126
import,value,,"Hemp, Dressed and Undressed, and Tow . . . . . Cwtts.",1886,"1,209,903",1209903
reexport,value,,Middlesborough -,1876,"1,208,354",1208354
export_uk,value,,Thread for Sewing - - - - -,1870,"1,208,147",1208147
import,value,Oils,Palm - - - - -,1896,"1,204,679",1204679
import,quantity,,Currants,1884,"1,202,844",1202844
import,quantity,Fresh (not of British taking),""" "" Other Sorts",1898,"1,200,723",1200723
import,value,,Caoutchouc - - - - -,1868,"1,195,226",1195226
import,value,,",, Lubricating - - - - - - - - -",1900,"1,193,489",1193489
import,value,,Lard . . . . . Cuts.,1889,"1,192,651",1192651
import,quantity,,Currants,1881,"1,189,830",1189830
import,quantity,,"Not Sawn or Split, including Teak",1866,"1,185,093",1185093
export_uk,quantity,,Hats of all Sorts,1896,"1,184,920",1184920
import,value,,Stems,1898,"1,182,945",1182945
export_uk,value,,Wrought or Manufactured :Mixed or Yellow Metal - - - - -,1883,"1,181,667",1181667
reexport,value,,"Copper, Unwrought, part Wrought, and old Copper",1871,"1,181,328",1181328
export_uk,value,,Carpets and Druggets - - - - -,1874,"1,180,892",1180892
export_uk,value,Woollen Manufactures,Carpets and Druggels - - - - -,1874,"1,180,892",1180892
reexport,value,,Middlesborough -,1877,"1,177,100",1177100
reexport,value,,Bideford -,1875,"1,177,093",1177093
import,quantity,,Currants,1889,"1,173,306",1173306
import,value,Fruit,Currants . . . . . Cuts.,1889,"1,173,306",1173306
import,quantity,Oil,Palm,1893,"1,169,943",1169943
import,value,,Nitrate of Soda (Chile Nitre) . . . . .,1894,"1,166,800",1166800
import,value,Manures,Nitrate of Soda (Cubie Nitre) . . . . .,1894,"1,166,800",1166800
import,quantity,Fresh (not of British taking),""" "" Other Sorts",1897,"1,165,664",1165664
export_uk,value,,"Metals :Iron : Old, for re-manufacture - - - - -",1880,"1,165,069",1165069
import,value,,Pyrites of Iron or Copper . . . . .,1899,"1,164,667|701,174",1164667
import,value,"Lace, and articles thereof",""" Of Other Materials",1900,"1,164,454",1164454
export_uk,value,,"Pickles, Vinegar, Sauces, Condiments, Pre-served Fruits and Confectionery, unenu-merated - - - - -",1893,"1,162,849",1162849
export_uk,quantity,,Paints & Colours and Materials,1874,"1,161,234",1161234
export_uk,quantity,,"Paints, Colours and Materials",1874,"1,161,234",1161234
reexport,value,Tobacco,"Manufactured, Stemmed or Stripped . . . . . Lbs.",1898,"1,160,796",1160796
reexport,quantity,Chicory,„ „ In Bond,1894,"1,158,238",1158238
import,quantity,,Grapes „ . . . . .,1899,"1,157,647",1157647
import,quantity,,"Grapes, Raw",1899,"1,157,647",1157647
import,value,Sugar,Refined and Candy,1868,"1,156,158",1156158
export_uk,value,,"Medicines, comprising Drugs and Medicinal Preparations - - - - - -",1899,"1,155,637|1,155,687",1155687
reexport,value,,Dover -,1876,"1,155,458",1155458
export_uk,quantity,,Fish: Herring,1889,"1,151,450",1151450
export_uk,value,"Carriages, &amp;c.","Railway Wagons, Trucks, &amp;c. and parts thereof - - - - -",1888,"1,151,330",1151330
export_uk,value,,Wrought or Manufactured :Mixed or Yellow Metal - - - - -,1882,"1,150,622",1150622
export_uk,value,,Thread for Sewing - - - - -,1869,"1,150,106",1150106
import,value,,""" Imported in Casks",1898,"1,149,334",1149334
import,value,,"Spirits, Brandy",1898,"1,149,334",1149334
import,value,Skins and Furs,Unenumerated,1893,"1,149,207",1149207
import,quantity,,Currants,1879,"1,148,512",1148512
import,quantity,Fruit,Currents,1879,"1,148,512",1148512
import,quantity,,"""",1879,"1,147,621",1147621
reexport,value,,Dundee - - - - - -,1899,"1,144,691",1144691
reexport,quantity,,Gont,1867,"1,143,978",1143978
reexport,quantity,Skins and Furs,Goat,1867,"1,143,978",1143978
reexport,value,Skins,"Goat, undressed - - - - -",1895,"1,143,831",1143831
import,quantity,Glass,"""",1877,"1,141,313|1,141,343",1141343
import,quantity,Fresh (not of British taking),""" "" Other Sorts",1900,"1,140,594",1140594
import,value,,""" Imported in Casks",1899,"1,140,277",1140277
import,value,,"Spirits, Brandy",1899,"1,140,277",1140277
import,quantity,,Currants,1890,"1,139,939",1139939
import,value,Fruit,Currants . . . . . Cuts.,1890,"1,139,939",1139939
import,quantity,,Butterine (Margarine),1888,"1,139,743",1139743
export_uk,value,,"Copper, viz. :Unwrought in Ingot, Cake or Slab and Precipitate . . . . .",1896,"1,139,511",1139511
import,quantity,,"Grapes, Raw",1898,"1,135,759",1135759
import,value,,Caoutchouc - - - - -,1869,"1,131,585|1,134,585",1134585
reexport,value,Metals,"Tin, in Blocks, Ingots, Bars, or Slabs - - - - -",1896,"1,133,929",1133929
export_uk,value,,"Pickles, Vinegar, Sauces, Condiments, Pre-served Fruits and Confectionery, unenu-merated - - - - -",1894,"1,133,317",1133317
export_uk,quantity,,Billcloth and Sails,1871,"1,129,532",1129532
import,quantity,,"Woollen Yarn, For Fancy purposes, including Berlin } Lbs.",1897,"1,129,496",1129496
import,quantity,,"Woollen Yarn, For fancy purposes",1897,"1,129,496",1129496
export_uk,value,,Manure (including Sulphate of Ammonia and other ChemicalManures) :- - - - -,1880,"1,128,524",1128524
import,quantity,,Currants,1885,"1,128,383",1128383
import,value,"Corn, Grain, Meal, and Flour",Beans (not Kidney or French) - - - - -,1893,"1,127,539",1127539
reexport,quantity,,"Other Sorts, not sweetened, including variousKinds mixed in Bond",1882,"1,126,967",1126967
import,quantity,,Currants,1876,"1,125,949",1125949
import,quantity,Fruit,Currents,1876,"1,125,949",1125949
reexport,value,Tobacco,"Manufactured, Stemmed or Stripped . . . . . Lbs.",1897,"1,125,566",1125566
import,quantity,Drgus,Unenumerated,1883,"1,123,874",1123874
import,value,"Corn, Grain, and Meal",Unenumerated - - - - -,1883,"1,123,874",1123874
export_uk,value,,"Writing or Printing, and Envelopes - -",1900,"756,976|1,123,755",1123755
export_uk,value,,"Sugar, Refined . . . . . Cuts.",1893,"1,122,252",1122252
reexport,value,"Skins, Furs, and Pelts",All Other Sorts,1889,"1,119,859",1119859
export_uk,quantity,Woollen Manufactures,Blankets,1884,"1,119,514",1119514
import,value,Skins and Furs,Unenumerated,1895,"1,118,215",1118215
export_uk,value,,"Fish, Fresh and Cured, viz:Herrings Barrels",1897,"1,117,961",1117961
reexport,quantity,,"Unmanufactured, Stemmed or Stripped . . . . .",1900,"1,114,763",1114763
reexport,value,Tobacco,"Unmanufactured, Stemmed or Stripped . . . . . Lbs.",1900,"27,963|1,114,763",1114763
export_uk,value,,Thread for Sewing - - - - -,1868,"1,113,977",1113977
export_uk,value,Cotton Manufactures,Thread for Sewing - - - - -,1868,"1,113,977",1113977
import,value,,",,",1897,"1,113,238",1113238
import,value,Silk,Raw,1897,"1,113,238",1113238
export_uk,quantity,,Paints & Colours and Materials,1872,"1,108,161",1108161
export_uk,quantity,,"Paints, Colours and Materials",1872,"1,108,161",1108161
export_uk,value,"Implement and Tools, and parts thereof, viz.",Unenumerated . . . . .,1900,"1,107,333",1107333
export_uk,value,"Implements and Tools, and parts thereof, viz.",Unenumerated . . . . .,1900,"1,107,333",1107333
export_uk,value,,Aerated Waters. . . . . Dozen Bottles.,1900,"1,105,364",1105364
reexport,value,,Folkestone - - - - - -,1893,"1,105,081",1105081
export_uk,value,,"Pickles, Vinegar, Sauces, Condiments, Preserved Fruits and Confectionery, unenumerated - - - - -",1893,"1,102,849",1102849
import,value,,Eggs - - - - -,1870,"1,102,680|1,102,080|1,102,060",1102680
import,value,,Nitrate of Soda (Cubic Nitre) - - - - -,1889,"1,102,583",1102583
import,value,,— Cubic Nitro . . . . .,1889,"1,102,583",1102583
export_uk,value,,Unenumerated . . . . . Value £,1889,"1,102,405",1102405
export_uk,value,,Unenumerated . . . . . Value £,1890,"1,101,259",1101259
import,quantity,,Currants,1887,"1,100,737",1100737
import,value,Fruit,Currants . . . . . Cuts.,1887,"1,100,737",1100737
export_uk,value,,"Other Manufactures unenumerated, in-cluding Sails - - - - -",1895,"1,096,817|1,006,817",1096817
export_uk,value,Metals,"Bar (except Railroad) Angle, Bolt, and Rod - - - - -",1896,"1,094,289",1094289
import,value,Tobacco,"Vegetables, Raw, Unenumerated",1894,"1,090,370",1090370
import,quantity,,Currants,1878,"1,087,266",1087266
import,quantity,Fruit,Currents,1878,"1,087,266",1087266
reexport,quantity,Not Sweetened,Rum,1895,"1,082,738",1082738
reexport,value,"Corn, Grain and Meal",Wheat . . . . . Cuts.,1886,"1,080,922",1080922
reexport,value,Oil,Rice,1887,"1,080,769",1080769
export_uk,quantity,,Woollen (carded),1900,"1,080,600",1080600
import,value,,"Unenumerated, including Medicinal Preparations not liableto Duty . . . . .",1899,"1,078,537",1078537
import,value,Paper and Pasteboard,— Of all Kinds (except Hanging;) - - - - -,1874,"1,077,917",1077917
export_uk,value,,"Machinery and Mill Work, or parts thereof, viz. :Steam Engines, viz. : Locomotive - - - - - -",1896,"1,077,823",1077823
import,value,Tobacco,"Vegetables, Raw, Unenumerated",1893,"1,076,749",1076749
export_uk,value,,"Copper, viz. :Unwrought in Ingot, Cake or Slab and Precipitate . . . . .",1897,"1,076,563",1076563
import,quantity,,Sugar:Refined and Candy,1869,"1,068,940",1068940
export_uk,value,"Coal, Cinders, &amp;c.","Products of Coal, &amp;c. (including Naphtha, Paraffine, and Oil thereof, Petroleum, &amp;c. - - - - -",1884,"1,068,900",1068900
import,quantity,"Animals, Living",Sheep and Lambs,1895,"1,065,470",1065470
reexport,value,,Middlesborough -,1875,"1,064,922",1064922
export_uk,quantity,Silk Manufactures,Of other Sorts,1884,"1,064,593",1064593
import,value,,",,",1896,"1,064,577",1064577
import,value,Silk,Raw,1896,"1,064,577",1064577
import,value,,"Beef, Salted and Fresh . . . . . Cuts.",1888,"1,063,602",1063602
import,quantity,Fresh (not of British taking),""" "" Other Sorts",1896,"1,060,813",1060813
export_uk,quantity,,Pig and Puddled,1896,"1,060,165",1060165
import,value,,Palm . . . . . Cuts.,1892,"1,058,580",1058580
import,quantity,,"Iron and Steel, Wrought or Manufactured - Cuts.",1874,"1,054,019",1054019
import,value,,"Silver, Ore of - - - - -",1899,"1,052,500",1052500
import,value,,Lard . . . . . Cuts.,1891,"1,051,284",1051284
import,value,,Manufactures: Piece Goods - - - - -,1896,"1,049,748",1049748
import,quantity,,"Unenumerated, not sweetened",1867,"1,048,364",1048364
export_uk,quantity,,"Narrow, all Wool",1893,"1,047,400",1047400
export_uk,quantity,"Woollen Tissues, viz: Heavy, weighing above 11 oz. per square yard","Narrow, all Wool",1893,"1,047,400",1047400
import,value,,Stems,1895,"1,047,259",1047259
import,value,,"Zinc : Crude, in Cases - - - - - -",1888,"1,047,174",1047174
reexport,value,,"Ilides, Raw",1876,"1,046,003",1046003
import,value,,Coffee . . . . . Cuts.,1887,"1,045,693",1045693
import,quantity,,"Woollen Yarn, For Fancy purposes, including Berlin } Lbs.",1899,"1,045,268",1045268
import,value,,"Woollen Yarn, For Fancy purposes, including Berlin Wool and Zephyr Yarn . . . . . Lbs.",1899,"185,480|1,045,268",1045268
export_uk,value,,"Writing or Printing, and Envelopes - - - - -",1893,"1,044,781",1044781
reexport,value,,Newport -,1875,"1,043,789",1043789
export_uk,value,,"Other Manufactures, unenumerated, in-cluding Sails - - - - -",1899,"1,042,467",1042467
reexport,value,,Parcel Post . . . . .,1893,"1,042,351",1042351
export_uk,value,,"Linen, viz. : Yarn . . . . .",1896,"1,040,939",1040939
export_uk,value,,"Steel, Unwrought - - - - -",1869,"1,010,707|1,040,707",1040707
import,quantity,,"Furs, of all Sorts - - - - -",1894,"1,040,464|1,010,464",1040464
import,value,"Skins, Furs, and Pelts","Furs, of all Sorts (other than Seal Skins) - - - - -",1894,"1,040,164",1040164
reexport,value,Wood and Timber,Woollen Manufactures - - - - -,1893,"1,039,689",1039689
import,value,Skins and Furs,""" Unenumerated",1899,"1,038,577",1038577
reexport,quantity,Not Sweetened,Rum,1893,"1,038,152",1038152
import,quantity,,"Woollen Yarn, For Fancy purposes, including Berlin } Lbs.",1898,"1,037,840",1037840
reexport,value,"Metals, viz.","Copper, Unwrought, part Wrought, and old Copper",1877,"1,036,767",1036767
import,value,,""" Palm",1900,"1,036,555|938,350",1036555
import,value,,"Glass, Window and German Sheet, including Shades and Cylinders . . . . . - „",1895,"1,036,352",1036352
import,value,Paper and Pasteboard,— Of all Kinds (except Hanging;) - - - - -,1875,"1,036,056",1036056
import,value,,Coffee . . . . . Cuts.,1889,"1,035,136",1035136
import,value,"Skins, Furs, and Pelts","Skins : Goat, undressed - - - - -",1893,"1,034,434",1034434
export_uk,value,"Carriages, viz.","Cycles, and parts thereof - - - - -",1893,"1,033,396",1033396
import,value,,Laco - - - - -,1889,"1,032,619",1032619
export_uk,quantity,"Woollen Tissues, viz: Heavy, weighing above 11 oz. per square yard","Narrow, all Wool",1896,"1,032,600",1032600
import,value,,Laco - - - - -,1885,"1,032,311",1032311
reexport,quantity,,"Aigaca, Vicuña, and Llama - - - - -",1899,"1,031,644",1031644
reexport,quantity,,"Aipaca, Vicuña, and Llama - - - - -",1899,"1,031,644",1031644
import,quantity,,"Train or Blubber, and Sperm",1889,"1,031,440|20,956",1031440
import,value,,Palm . . . . . Cuts.,1889,"1,031,440",1031440
export_uk,quantity,Silk Manufactures,Of other Sorts,1889,"1,031,427",1031427
import,quantity,,Cubic Nitre,1868,"1,029,035",1029035
reexport,quantity,,Gutta Percha . . . . . „ „ Manufactures of . . . . .,1898,"1,027,838",1027838
export_uk,value,,Manufactures of Steel or of Steel andIron combined - - - - -,1899,"1,027,034",1027034
import,quantity,,Currants,1883,"1,026,584",1026584
reexport,value,Skins,"Goat, undressed - - - - -",1897,"1,026,323",1026323
import,quantity,,- - - - - Lbs.,1877,"1,026,254",1026254
export_uk,quantity,,Manure,1879,"1,021,832|1,024,832|1,024,532",1024832
export_uk,value,,Manure (including Sulphate of Ammonia and other Che-mical Manures) - - - - -,1879,"1,024,832",1024832
export_uk,value,,Manure (including Sulphate of Ammonia and other ChemicalManures) :- - - - -,1879,"1,024,832",1024832
reexport,quantity,"Goats' Wool, viz.","Other kinds, and Flocks",1897,"1,024,776",1024776
export_uk,quantity,"Coal, Cinders, &amp;c., viz.","Fuel, Manufactured",1900,"1,023,666",1023666
export_uk,value,,"Yarn, Alpaca and Mohair - - - - -",1891,"1,023,464",1023464
export_uk,value,,Wrought or Manufactured :Mixed or Yellow Metal - - - - -,1880,"1,021,967",1021967
import,quantity,,Paper and Pasteboard :Of all Kinds (except Hangings),1880,"1,021,952",1021952
import,value,,„ Oak . . . . .,1897,"1,020,771",1020771
export_uk,value,"Implement and Tools, and parts thereof, viz.",Unenumerated . . . . .,1899,"1,020,741",1020741
export_uk,quantity,,"Paints, Colours and Materials",1871,"1,019,243",1019243
export_uk,quantity,,Paints & Colours and Materials,1871,"1,019,213",1019213
import,value,,Palm . . . . . Cuts.,1891,"1,018,420",1018420
export_uk,value,,Thread for Sewing - - - - -,1878,"1,017,338",1017338
import,quantity,,Leather Manufactures :Boots and Shoes,1875,"1,016,796|84,733",1016796
import,value,Tobacco,"Vegetables, Raw, Unenumerated",1892,"1,016,280",1016280
reexport,value,Furs,Unenumerated - - - - -,1896,"1,015,696",1015696
export_uk,value,,Unenumerated . . . . . Value £,1891,"1,013,601",1013601
export_uk,value,,Sulphate of - - - - -,1900,"1,013,200",1013200
export_uk,quantity,,Paints & Colours and Materials,1873,"1,012,829",1012829
export_uk,quantity,,"Paints, Colours and Materials",1873,"1,012,820",1012820
import,value,,Laco - - - - -,1887,"1,012,536",1012536
import,quantity,Drugs,Unenumerated,1895,"1,012,466",1012466
reexport,value,,Gainsborough -,1877,"1,012,243",1012243
import,quantity,,Currants,1882,"1,012,102",1012102
reexport,value,"Skins, Furs, and Pelts",All Other Sorts,1890,"1,010,688",1010688
reexport,quantity,Not Sweetened,Rum,1896,"1,010,549",1010549
reexport,quantity,Spices,""" Rum",1896,"1,010,549",1010549
import,value,,"Poultry and Game, alive or dead - - - - -",1900,"1,010,369",1010369
import,quantity,,Currants,1888,"1,009,873",1009873
import,value,Fruit,Currants . . . . . Cuts.,1888,"1,009,873",1009873
export_uk,value,Metals,"Steel, Unwrought - - - - -",1868,"1,009,342",1009342
import,value,,Eggs - - - - -,1868,"1,009,285",1009285
export_uk,value,Silk Manufactures,Of other Sorts - - - - -,1892,"1,009,051",1009051
reexport,value,,Newport -,1877,"1,006,612",1006612
import,value,,Coffee . . . . . Cuts.,1886,"1,006,543",1006543
export_uk,value,,"Machinery and Mill Work, or parts thereof, viz. :Steam Engines, viz. : Locomotive - - - - - -",1897,"1,006,136",1006136
import,value,Oil,Palm . . . . . Cwtts.,1886,"1,004,419",1004419
reexport,value,,„ Lubricating - - - - -,1899,"1,003,820|35,612",1003820
export_uk,value,,Wrought or Manufactured :Mixed or Yellow Metal - - - - -,1881,"1,003,680",1003680
import,quantity,,"Cured or Salted, unenumerated",1899,"1,003,397",1003397
import,quantity,Fresh (not of British taking),""" "" Other Sorts",1899,"1,003,397",1003397
import,value,Silk,Raw,1895,"1,002,206",1002206
import,value,Oils,Palm - - - - -,1897,"1,001,368",1001368
import,value,,Nitrate of Soda (Chile Nitre) . . . . .,1895,"998,897",998897
import,value,Manures,Nitrate of Soda (Cubie Nitre) . . . . .,1895,"998,897",998897
import,value,Linen,Yarn - - - - -,1895,"998,416",998416
reexport,value,,Dundee . . . . .,1893,"998,179",998179
import,value,,"Beef, Salted and Fresh . . . . . Cuts.",1886,"997,590",997590
import,value,,Glass of all Kinds - - - - -,1871,"994,688|994,889|994,883|994,888",994889
import,value,,Raisins - - - - -,1892,"994,125|991,125",994125
export_uk,quantity,,"Sugar, Refined",1896,"993,698",993698
export_uk,value,,"Woollen, Tissues, viz. : Light, weighing up to 11 oz. per square yard :Broad, all Wool - - - - -",1896,"993,314",993314
export_uk,value,,Implementes and Tools of Industry - - - - -,1884,"991,504",991504
export_uk,value,,Wrought or Manufactured : Mixed or Yellow Metal - - - - - -,1873,"990,160",990160
import,value,Metals,"in Bars . . . . . """,1887,"112,968|989,858",989858
import,value,,"Hides, Raw, and pieces thereof, Dry - - - - -",1894,"988,912",988912
reexport,value,,Indigo - - - - -,1892,"988,235",988235
import,value,,"Mutton, Fresh . . . . . Cuts.",1888,"988,010",988010
import,value,,"Mutton, Fresh . . . . . Cwtts.",1888,"988,010",988010
import,value,Seeds,"Knobs or Husks of Silk, and Waste - - - - -",1888,"987,710",987710
import,quantity,,Parcel Post (Goods free of Duty),1900,"987,611",987611
import,quantity,,Parcel Post (Goods free of Duty)  . Number of Parcels,1900,"987,611",987611
import,quantity,,Sheep and Lambs,1875,"985,652",985652
export_uk,quantity,"Coal, Cinders, &amp;c., viz.",Coke and Cinders,1900,"985,365",985365
import,value,,— Cubic Nitro . . . . .,1888,"984,894",984894
reexport,value,Hats or Bonnets,",, Other Materials, Trimmed or Untrimmed",1898,"30,580|983,479",983479
reexport,value,,"Tallow and Stearine . . . . . """,1899,"982,936|982,236",982936
reexport,quantity,,Tallow and Stearine . . . . .,1899,"982,030",982030
import,value,,Olive - - - - -,1885,"981,348",981348
import,quantity,,All other Silk Goods,1870,"980,659",980659
reexport,quantity,Not Sweetened,Rum,1894,"979,756",979756
reexport,value,,Dover - - - - - -,1893,"979,692",979692
export_uk,value,,Rugs . . . . . mixed or,1897,"977,200",977200
export_uk,value,,"Linen, viz. : Yarn . . . . .",1897,"976,042",976042
reexport,value,Furs,Unenumerated - - - - -,1897,"974,670",974670
import,value,,Nitrate of Soda (Chile Nitre) . . . . .,1898,"972,801",972801
import,value,Manures,Nitrate of Soda (Cubie Nitre) . . . . .,1898,"972,801",972801
import,value,Furniture wood,Unenumerated - - - - -,1897,"972,237",972237
reexport,value,,"Copper, Unwrought, part Wrought, and old Copper",1870,"972,188",972188
export_uk,quantity,,Fish: Herring,1888,"971,492",971492
export_uk,quantity,,"Medicines, Drugs, and Medicinal Prepa-rations",1889,"971,415",971415
import,quantity,,Sheep and Lambs,1887,"971,404",971404
reexport,quantity,,"Iron and Steel, Wrought or Manufactured, Unenumerated",1880,"506,424|969,487",969487
reexport,quantity,Metals,"Iron and Steel, Wrought or Manufactured, Unenumerated Cuts.",1880,"969,487",969487
import,value,Furniture wood,Unenumerated - - - - -,1896,"969,316",969316
reexport,quantity,Spices,""" Rum",1900,"969,098",969098
import,quantity,,"Train or Blubber, and Sperm",1887,"17,698|968,227",968227
import,value,Oil,Palm . . . . . Cwtts.,1887,"968,227",968227
reexport,value,,Kirkcaldy - - - - - -,1899,"966,933",966933
reexport,value,Hats or Bonnets,",, Other Materials, Trimmed or Untrimmed",1897,"35,717|966,654",966654
import,quantity,,"Lace, of all Kinds",1892,"966,634",966634
import,quantity,Fresh (not of British taking),""" Herrings",1898,"966,394",966394
export_uk,value,,"Linen, viz. : Yarn . . . . .",1895,"965,926",965926
import,value,Tobacco,Toys,1894,"964,465",964465
export_uk,quantity,"Woollen Tissues, viz: Heavy, weighing above 11 oz. per square yard","Narrow, all Wool",1895,"963,100",963100
reexport,value,Tobacco,"Manufactured, Stemmed or Stripped . . . . . Lbs.",1896,"962,716",962716
import,value,Preserved otherwise than by Salting,Beef - - - - -,1893,"961,731",961731
export_uk,quantity,Silk Manufactures,Of other Sorts,1887,"961,240",961240
export_uk,value,,"Other Manufactures, unenumerated, in-cluding Sails - - - - -",1898,"960,740",960740
import,value,,„ Oak . . . . .,1899,"959,949",959949
export_uk,value,,"Woollen, Tissues, viz. : Light, weighing up to 11 oz. per square yard :Broad, all Wool - - - - -",1895,"957,275",957275
export_uk,quantity,"Coal, Cinders, &amp;c.","Products of Coal, &amp;c. (including Naphtha, Paraffine, and Oil thereof, Petroleum, &amp;c.)",1885,"957,243",957243
reexport,quantity,,Goats' Wool ; M hair - - - - -,1897,"954,550",954550
import,quantity,,"Train or Blubber, and Sperm",1888,"16,871|953,799",953799
import,quantity,Oil,Palm,1888,"953,799",953799
import,value,,Palm . . . . . Cuts.,1888,"953,799",953799
import,value,Oil,Palm . . . . . Cwtts.,1888,"953,799",953799
import,value,Skins and Furs,""" Unenumerated",1898,"953,253",953253
import,quantity,,Margarine (including all kinds of Imitation Butter) „,1899,"953,175",953175
export_uk,value,,Rugs . . . . . mixed or,1898,"952,900",952900
import,value,,Coffee . . . . . Cuts.,1888,"949,329",949329
import,value,,„ Oak . . . . .,1898,"947,589",947589
export_uk,quantity,,Glass: Plate,1867,"947,425",947425
import,quantity,Glass,"""",1874,"946,903",946903
export_uk,value,,"Medicines, comprising Drugs, and Medicinal Preparations - - - - -",1893,"945,483",945483
export_uk,value,,"Medicines, comprising Drugs, and MedicinalPreparations - - - - -",1893,"945,483",945483
import,quantity,,Sheep and Lambs,1884,"945,042",945042
export_uk,value,,"Worsted Tissues, viz. : Stuffs, Dress Goods, Linings, Lastings, &c. :All Wool - - - - - -",1895,"943,557",943557
export_uk,value,"Worsted Tissues, viz. : Stuffs, Dress Goods, Linings, Lastings, &c.",All Wool - - - - -,1895,"943,557",943557
export_uk,value,,„ Manufactures of Steel or of Steel andIron combined - - - - -,1882,"942,534",942534
export_uk,value,,Unenumerated - - - - -,1900,"942,219",942219
reexport,value,,Palm,1871,"941,713",941713
import,quantity,,Of Straw,1896,"939,848",939848
reexport,quantity,,Rum,1899,"939,837",939837
reexport,quantity,Spices,""" Rum",1899,"939,837",939837
reexport,quantity,Hats or Bonnets,""" Other Materials",1895,"939,249",939249
export_uk,value,,"Linen, viz. : Yarn . . . . .",1894,"939,202",939202
export_uk,value,,Wrought or Manufactured :Mixed or Yellow Metal - - - - -,1879,"938,640",938640
import,quantity,,"Vegetables, Raw, unenumerated",1879,"938,457|338,457",938457
import,quantity,,„ Palm . . . . .,1900,"938,350",938350
import,value,Silk,Raw,1894,"938,205",938205
reexport,value,"Hides, Raw, and pieces thereof, viz.",Dry - - - - -,1897,"937,279",937279
reexport,value,Seeds,Manufactures - - - - -,1890,"935,730",935730
reexport,quantity,Hats or Bonnets,""" Other Materials",1893,"935,459",935459
import,quantity,,Sheep and Lambs,1881,"935,141",935141
reexport,value,Skins,"Goat, undressed - - - - -",1893,"934,878",934878
reexport,quantity,"Goats' Wool, viz.",Mohair,1897,"934,550",934550
reexport,value,Furs,Unenumerated - - - - -,1895,"934,162",934162
reexport,quantity,""" "" "" Of Wool (other than Goats')",Cloths,1895,"931,797",931797
reexport,value,,Newport -,1874,"928,944",928944
import,value,Fruit,Oranges and Lemons - - - - -,1869,"927,604|927,804",927804
reexport,quantity,,Tallow and Stearine . . . . .,1900,"927,278",927278
reexport,value,,"Tallow and Stearine . . . . . """,1900,"927,278",927278
import,quantity,,"""    Margarine (including all kinds of Artificial or Imitation Butter)",1893,"925,934",925934
import,quantity,,„ Margarine (including all kinds of Artificial or Imitation Butter),1896,"925,934",925934
export_uk,quantity,,"Provisions, unenumerated (see also Meat)",1878,"921,985|876,812",921985
import,value,,"China or Porcelain, and Earthenware - - - - -",1899,"920,820",920820
export_uk,value,,"Carpets, not being Rugs - - - - -",1900,"919,507",919507
import,quantity,,Resin,1872,"919,494",919494
import,value,Skins and Furs,Unenumerated,1897,"917,315|917,815",917815
import,value,,Trân or Blubber and Spermaceti,1875,"917,701",917701
import,quantity,,Sheep and Lambs,1871,"917,076",917076
import,value,,""" Raw",1900,"916,421",916421
import,value,,",,",1900,"916,421",916421
import,quantity,,"Cured or Salted, unenumerated",1893,"916,366",916366
reexport,quantity,,Rum,1897,"914,485",914485
reexport,quantity,Not Sweetened,Rum,1897,"914,485",914485
reexport,quantity,Spices,""" Rum",1897,"914,485",914485
export_uk,value,,„ Manufactures of Steel or of Steel andIron combined - - - - -,1881,"914,311",914311
reexport,value,Skins,"Goat, undressed - - - - -",1894,"914,234",914234
export_uk,value,"Coal, Cinders, &amp;c.","Products of Coal, &amp;c. (including Naphtha, Paraffine, and Oil thereof, Petroleum, &amp;c. - - - - -",1888,"913,440",913440
reexport,value,,Newport -,1876,"913,386",913386
export_uk,value,,"Worsted Tissues, viz. : Stuffs, Dress Goods, Linings, Lastings, &c. :All Wool - - - - - -",1896,"913,029",913029
export_uk,value,"Worsted Tissues, viz. : Stuffs, Dress Goods, Linings, Lastings, &c.",All Wool - - - - -,1896,"913,029",913029
export_uk,value,,"Lea ' : Pig, Pipe, and Sheet - - - - -",1877,"912,498",912498
export_uk,quantity,"Woollen Tissues, viz: Heavy, weighing above 11 oz. per square yard","Narrow, all Wool",1894,"912,300",912300
reexport,quantity,,"Iron and Steel, Wrought or Manufactured, } Cuts.",1893,"911,943",911943
reexport,quantity,Manufactures of Iron or Steel,Unenumerated,1893,"911,943",911943
import,value,,"Plaiting of Straw, and other Materials for making Hats or Bonnets - - - - -",1896,"911,629",911629
import,value,,Straw Plaiting for Hats or Bonnets - - - - -,1896,"911,629",911629
import,value,,Straw Platting for Hats or Bonnets - - - - -,1896,"911,629",911629
import,value,Spirits,"Straw Platting, for making Hats or Bonnets - - - - -",1896,"911,629",911629
reexport,quantity,,Rum,1898,"910,461",910461
reexport,quantity,Spices,""" Rum",1898,"910,461",910461
reexport,quantity,,„ Other Materials,1899,"910,402",910402
import,value,Skins and Furs,"Skins, Goat, undressed",1894,"909,884|900,884",909884
import,quantity,Oil,Palm,1887,"908,227",908227
import,value,,Lard . . . . . Cwtts.,1887,"907,634",907634
import,quantity,Leather,Undressed,1897,"905,440",905440
import,value,Oil,Palm . . . . . Cwtts.,1885,"905,439",905439
export_uk,value,,Manure (including Sulphate of Ammonia and other Chemical Manures) :- - - - -,1878,"905,215",905215
export_uk,value,,Manure (including Sulphate of Ammonia and other ChemicalManures) :- - - - -,1878,"905,215",905215
export_uk,value,,Manufactures of Steel or of Steel andIron combined - - - - -,1898,"904,231",904231
import,value,,— Cubic Nitro . . . . .,1890,"903,632",903632
reexport,value,"Skins, Furs, and Pelts",All Other Sorts,1887,"903,457",903457
reexport,value,,Bideford -,1876,"902,938",902938
export_uk,value,,"Sugar, Refined . . . . . Cuts.",1892,"902,327",902327
import,value,,"Chinaware or Porcelain, and Earthenware",1897,"901,788",901788
reexport,value,Seeds,Manufactures - - - - -,1891,"900,740",900740
export_uk,value,,"Copper, Unwrought . . . . . Cuts.",1890,"900,538",900538
import,value,,"Knobs or Husks of Silk, and Waste - - - - -",1889,"899,474",899474
import,value,Seeds,"Knobs or Husks of Silk, and Waste - - - - -",1889,"899,474",899474
import,value,,Pean . . . . .,1899,"898,951",898951
import,value,Wine imported in Cask,White - - - - -,1895,"897,269",897269
import,value,,Lard . . . . . Cwtts.,1886,"895,463",895463
export_uk,quantity,,"Medicines, Drugs, and Medicinal Prepa-rations",1884,"893,184",893184
import,quantity,,Sheep and Lambs,1878,"892,125",892125
import,quantity,,"Stones, rough, hewn, or manufactured (other than Works of Art)",1899,"891,173",891173
import,quantity,,"Stones, rough, hewn, or manufactured (other thanWorks of Art)",1899,"891,173",891173
import,value,Oils,Olive - - - - -,1894,"891,151",891151
export_uk,value,Wrought or Manufactured,Of other Sorts - - - - -,1896,"889,024",889024
import,value,Drugs,Unenumerated . . . . . Value £,1888,"888,241",888241
export_uk,value,,"Linen, viz. : Yarn . . . . .",1898,"885,330",885330
import,value,,Lard . . . . . Cuts.,1888,"885,036",885036
import,value,,Lard . . . . . Cwtts.,1888,"885,036",885036
import,value,,"Meat, Unenumerated, Salted or Fresh - - - - -",1899,"883,349",883349
export_uk,value,,"Other Manufactures unenumerated, in-cluding Sails - - - - -",1893,"883,054",883054
export_uk,value,,"Other Manufactures unenumerated, including Sails - - - - -",1893,"883,054",883054
reexport,value,,Folkestone - - - - - - -,1899,"879,013",879013
reexport,value,"Skins, Furs, and Pelts",All Other Sorts,1888,"878,624",878624
export_uk,quantity,,Paints & Colours and Materials,1870,"877,268",877268
export_uk,quantity,,"Paints, Colours and Materials",1870,"877,268",877268
import,value,Fruit,Oranges and Lemons - - - - -,1868,"876,197",876197
import,quantity,,Cassia Lignea and Cassia Vera,1870,"875,991",875991
import,quantity,,Spices:Cassia Lignea and Cassia Vera,1870,"875,991",875991
import,value,,"Plaiting of Straw, and other Materials for making Hats or Bonnets - - - - -",1897,"874,857",874857
import,value,,"Straw Platting, for making Hats or Bonnets",1897,"874,857",874857
import,value,Spirits,"Straw Platting, for making Hats or Bonnets - - - - -",1897,"874,857",874857
import,value,,"Beef, Salted and Fresh . . . . . Cuts.",1887,"874,248",874248
import,quantity,,Sheep and Lambs,1877,"874,055",874055
import,quantity,,"Train or Blubber, and Sperm",1890,"20,307|873,923|20,807",873923
import,value,,Palm . . . . . Cuts.,1890,"873,923",873923
export_uk,value,Silk Manufactures,Of other Sorts - - - - -,1893,"873,620",873620
import,value,,Lard . . . . . Cwtts.,1885,"871,210",871210
export_uk,value,,Wrought or Manufactured : Mixed or Yellow Metal - - - - - -,1871,"869,832",869832
import,quantity,,"Stones, rough, hewn, or manufactured (other thanWorks of Art)",1898,"869,782",869782
import,value,,„ Teak . . . . .,1897,"867,083",867083
import,quantity,,Paper and Pasteboard :Of all Kinds (except Hangings),1879,"865,266",865266
import,value,,Peralpine - - - - -,1891,"865,034",865034
import,value,,Coffee . . . . . Cuts.,1890,"864,454",864454
import,value,Tobacco,"Watches, and parts thereof",1894,"863,580",863580
import,value,Drugs,Unenumerated . . . . . Value £,1890,"863,534",863534
export_uk,quantity,,Bottles and Manufactures of Green or Common Glass,1900,"863,184",863184
import,value,Hewn,Oak - - - - -,1896,"862,911",862911
export_uk,quantity,,Blankets,1899,"765,000|862,500",862500
export_uk,value,,Rugs . . . . . mixed or,1899,"862,500",862500
import,value,,„ Oak . . . . .,1896,"862,011",862011
export_uk,value,,Wrought or Manufactured : Mixed or Yellow Metal - - - - - -,1872,"860,712",860712
export_uk,value,"Implements and Tools, and parts thereof, viz.",Unenumerated,1895,"860,338",860338
import,value,,"Zinc : Crude, in Cases - - - - - -",1887,"859,689",859689
export_uk,value,,"Wool, viz. :Sheep and Lambs', British, raw or undressed - - - - -",1895,"858,560",858560
export_uk,quantity,,Blankets,1900,"857,900",857900
export_uk,quantity,,Rugs,1900,"857,900",857900
export_uk,value,"Coal, Cinders, &amp;c.","Products of Coal, &amp;c. (including Naphtha, Paraffine, and Oil thereof, Petroleum, &amp;c. - - - - -",1885,"857,243",857243
export_uk,value,"Coal, Cinders, &amp;c.","Products of Coal, &amp;c. (including Naphtha, Paraffine, }    Paraffine Oil, and Petroleum) - - - - -",1885,"857,243",857243
export_uk,value,,"Furniture, Cabinet and Upholstory Wares - - - - -",1889,"856,020",856020
export_uk,value,,"Hosiery, viz:Stockings and Socks Dozen Pairs",1894,"854,607",854607
export_uk,value,,Implementes and Tools of Industry - - - - -,1883,"853,506",853506
export_uk,value,Woollen and Worsted Manufactures,Carpets and Druggets - - - - -,1895,"853,056",853056
import,value,,Pean . . . . .,1896,"852,634",852634
import,value,"Vegetables, Raw",Onions - - - - -,1900,"852,496",852496
import,quantity,,"Drugs, unenumerated",1881,"851,949",851949
import,quantity,,Sheep and Lambs,1873,"851,116",851116
import,quantity,,Of Other materials,1893,"850,580",850580
import,value,,"Manures :  Phosphate of Lime and Rock . . . . . """,1890,"849,452|343,501",849452
export_uk,value,"Woollen, Tissues, viz. : Light, weighing up to 11 oz. per square yard","Broad, all Wool - - - - -",1893,"849,212",849212
import,quantity,,Paper and Pasteboard : Of all Kinds (except Hangings),1876,"848,660|815,660",848660
import,value,,"Zinc : Crude, in Cases - - - - - -",1885,"848,187",848187
import,quantity,,Molasses,1868,"846,464|816,464",846464
reexport,value,Wood and Timber,Woollen Manufactures - - - - -,1894,"846,110",846110
export_uk,value,,"Copper, Unwrought . . . . . Cuts.",1892,"845,822",845822
import,value,"Vegetables, Raw",Onions - - - - -,1899,"845,752",845752
reexport,value,Furs,Unenumerated - - - - -,1894,"845,571",845571
reexport,quantity,,"Aigaca, Vicuña, and Llama - - - - -",1900,"843,700",843700
reexport,quantity,,"Alpaca, Vicuña, and Llama",1900,"843,700",843700
import,value,Fruit,Raisins - - - - -,1868,"841,467",841467
import,quantity,,Currants,1886,"841,066",841066
import,value,Fruit,Currants . . . . . Cuts.,1886,"841,066",841066
import,value,Oil,Palm . . . . . Cwtts.,1884,"841,012",841012
export_uk,quantity,Silk Manufactures,Of other Sorts,1885,"839,513",839513
export_uk,value,,"Metals, and Manufactures thereof, unenumer-ated - - - - -",1900,"839,188",839188
export_uk,value,,"Metals, and Manufactures thereof, unenumerated - - - - -",1900,"839,188",839188
import,value,,Nitrate of Soda (Chile Nitre) . . . . .,1896,"836,552",836552
import,value,Manures,Nitrate of Soda (Cubie Nitre) . . . . .,1896,"836,552",836552
import,value,"Corn, Grain, and Meal",Unenumerated - - - - -,1882,"836,152",836152
export_uk,value,,"Hosiery, viz:Stockings and Socks Dozen Pairs",1893,"835,139",835139
import,quantity,,Sugar:Refined and Candy,1867,"834,452",834452
import,value,,— Cubic Nitro . . . . .,1887,"833,721",833721
import,quantity,,Refined and Candy,1867,"831,452",831452
import,value,,Nuts and Kernels :  For expressing Oil therefrom . . . . . Tons,1891,"62,930|827,270",827270
import,quantity,Seeds,Other sorts,1895,"827,001",827001
export_uk,value,,„ Manufactures of Steel or of Steel andIron combined - - - - -,1880,"826,819",826819
reexport,quantity,,"Other Sorts, not sweetened, including variousKinds mixed in Blend",1885,"826,297",826297
import,value,Tobacco,"Manufactured, Cigars - - - - -",1893,"824,911",824911
import,quantity,"Fruit, Dried or Preserved, liable to Duty",Currants,1900,"824,527",824527
import,value,Hewn,Oak - - - - -,1893,"820,849",820849
import,quantity,,Currants,1880,"820,146",820146
import,quantity,Fruit,Currents,1880,"820,146",820146
export_uk,value,,"Lea ' : Pig, Pipe, and Sheet - - - - -",1875,"820,103",820103
export_uk,quantity,Woollen Manufactures,Of other Sorts,1866,"819,259",819259
import,quantity,Seeds,Other sorts,1893,"816,471",816471
import,value,Seeds,"Knobs or Husks of Silk, and Waste - - - - -",1887,"815,888",815888
import,value,Seeds,"Knobs or Husks of Silk, and Waste - - - - -",1886,"815,742",815742
reexport,value,,Coffee . . . . . Cuts.,1888,"815,272",815272
import,value,Drugs,Unenumerated . . . . . Value £,1889,"814,593",814593
import,value,,Laco - - - - -,1888,"814,576",814576
import,value,Skins and Furs,Unenumerated,1894,"814,245",814245
import,value,,Peralpine - - - - -,1893,"813,937",813937
export_uk,quantity,,"Hosiery, viz.:Stockings and Socks - Dozen Pairs",1895,"812,723",812723
export_uk,quantity,,Stockings and Socks - Dozen Pairs,1895,"812,723",812723
export_uk,value,,"Hosiery, viz:Stockings and Socks Dozen Pairs",1895,"812,723",812723
export_uk,value,,"Woollen, Tissues, viz. : Light, weighing up to 11 oz. per square yard :Broad, all Wool - - - - -",1897,"812,375",812375
import,value,,Trân or Blubber and Spermaceti,1878,"810,891",810891
reexport,value,Wood and Timber,Woollen Manufactures,1889,"810,332",810332
export_uk,value,,"Lea ' : Pig, Pipe, and Sheet - - - - -",1876,"809,995",809995
import,value,,Pears (see Fruit).,1898,"809,032",809032
import,value,Tobacco,Toys,1892,"807,103",807103
export_uk,value,,Skins and Furs of all Sorts - - - - -,1896,"806,608",806608
export_uk,quantity,,Wrought or Manufactured:Mixed or Yellow Metal - '',1889,"806,459",806459
import,value,Paper-making materials,"Esparto, and other Vegetable Fibres - - - - -",1899,"806,354",806354
import,value,Drugs,"Unenumerated, including Medicinal Preparations not liable to Duty - - - - -",1893,"806,282",806282
export_uk,quantity,,Fish: Herring,1881,"805,170",805170
export_uk,value,,"Metals :Iron : Old, for re-manufacture - - - - -",1879,"801,303",801303
import,quantity,,"Meat, Unenumerated; Salted or Fresh -Preserved, otherwise than by salting -",1892,"799,301",799301
export_uk,value,,"Machinery and Mill Work, or parts thereof, viz. :Steam Engines, viz. : Locomotive - - - - - -",1895,"798,027",798027
export_uk,value,,"Other Manufactures unenumerated, in-cluding Sails - - - - -",1894,"797,828",797828
import,value,,Nitrate of Soda (Chile Nitre) . . . . .,1897,"797,445",797445
import,value,Manures,Nitrate of Soda (Cubie Nitre) . . . . .,1897,"797,445",797445
export_uk,value,,Wrought or Manufactured : Mixed or Yellow Metal - - - - - -,1870,"795,702",795702
import,value,Fruit,Currants - - - - -,1868,"795,492",795492
reexport,quantity,,"Wine, Imported in Casks",1900,"795,453",795453
export_uk,value,,"Hosiery, viz:Stockings and Socks Dozen Pairs",1896,"793,800",793800
import,value,"Vegetables, Raw",Onions - - - - -,1898,"792,909",792909
import,value,Skins and Furs,"Skins: Sheep and Lamb, undressed",1878,"792,571",792571
import,value,"Vegetables, Raw",Tomatoes - - - - -,1900,"792,339",792339
import,value,Tobacco,Toys,1891,"791,950",791950
export_uk,quantity,Silk Manufactures,Of other Sorts,1886,"791,804",791804
import,quantity,Tobacco,""" Other Sorts",1898,"790,870",790870
reexport,value,,Palm . . . . . Cts.,1895,"790,218",790218
import,value,Linen,Yarn - - - - -,1892,"789,901",789901
import,quantity,Drgus,Unenumerated,1885,"789,822",789822
import,value,"Corn, Grain, and Meal",Unenumerated - - - - -,1885,"789,822",789822
export_uk,value,,"Railway Waggons, Trucks, &c. and parts thereof - - - - -",1885,"788,501",788501
export_uk,value,"Carriages, Carts, &amp;c.","Railway Wagons, Trucks, &amp;c. and parts thereof - - - - -",1885,"788,501",788501
export_uk,value,,Felt . . . . .,1900,"788,382",788382
reexport,value,,Coffee . . . . . Cuts.,1886,"786,709",786709
import,quantity,Drgus,Unenumerated,1884,"786,306",786306
import,value,"Corn, Grain, and Meal",Unenumerated - - - - -,1884,"786,306",786306
export_uk,value,,Wrought or Manufactured : Mixed or Yellow Metal - - - - - -,1869,"785,340",785340
reexport,quantity,,"Cocoa or Chocolate, ground, prepared, or in any way manufactured } Lbs.",1900,"784,233",784233
export_uk,quantity,,Common Bottles,1896,"783,660",783660
import,value,Spirits,"Stones, &c.",1893,"783,614",783614
import,value,,"Mutton, Fresh . . . . . Cwtts.",1887,"783,114",783114
export_uk,value,,"Caoutchouc, Manufactures of - - - - -",1877,"782,654",782654
import,quantity,,"Iron and Steel, Wrought or Manufactured - Cuts.",1872,"781,966",781966
reexport,value,,Boston -,1878,"781,852",781852
export_uk,value,,"Railway Waggons, Trucks, &c. and parts thereof - - - - -",1884,"781,709",781709
export_uk,value,"Carriages, Carts, &amp;c.","Railway Wagons, Trucks, &amp;c. and parts thereof - - - - -",1884,"781,709",781709
import,value,Tobacco,"Vegetables, Raw, Unenumerated",1890,"778,590",778590
import,quantity,,"Meat, Unenumerated; Salted or Fresh -Preserved, otherwise than by salting -",1891,"776,261",776261
export_uk,quantity,,Stockings and Socks,1897,"605,900|775,900",775900
export_uk,value,,"Hosiery, viz:Stockings and Socks Dozen Pairs",1897,"775,900",775900
import,value,,"Hats and Bonnets, of Felt . . . . . Number",1885,"775,790",775790
export_uk,value,"All other articles not enumerated in the foregoing list, and not properly falling under any of the general heads, viz.",Unmanufactured - - - - -,1896,"775,396",775396
import,value,,"Zinc : Crude, in Cases - - - - - -",1886,"774,938",774938
import,quantity,Drgus,Opium,1883,"774,069",774069
import,value,,Pean . . . . .,1897,"771,055",771055
import,value,,"Plaiting of Straw, and other Materials for making Hats or Bonnets - - - - -",1898,"767,307",767307
import,value,Spirits,"Straw Platting, for making Hats or Bonnets - - - - -",1898,"767,307",767307
export_uk,value,,"Oil and Floor Cloth, including India-rubber Cloth",1893,"766,677",766677
import,value,,"""    Pig",1900,"766,462",766462
reexport,quantity,,"Petroleum, Illuminating",1899,"765,964",765964
export_uk,value,"Woollen, Tissues, viz.: Light, weighing up to 11 oz. per square yard",",, mixed with other materials -",1899,"765,622",765622
export_uk,value,,Blankets . . . . . mixed with,1899,"765,000",765000
reexport,value,Skins,"Goat, undressed - - - - -",1896,"764,847",764847
import,quantity,,"House Frames, &amp;c.",1895,"762,838",762838
import,value,Furniture Woods and hard woods,"House Frames, &amp;c. - - - - -",1895,"762,833|762,838",762838
import,value,"Vegetables, Raw",Onions - - - - -,1897,"760,560",760560
reexport,value,Hemp,Dressel or Undressel - - - - -,1896,"759,689",759689
import,quantity,,Sheep and Lambs,1874,"758,915",758915
import,value,Linen,Yarn - - - - -,1891,"758,749",758749
import,value,,"Corlage, Twine, and Cable Yarn - - - - -",1897,"758,489",758489
import,value,,Knobs or Husks of Silk and Waste,1881,"757,796",757796
export_uk,quantity,"Woollen Tissues, viz: Heavy, weighing above 11 oz. per square yard","Narrow, all Wool",1897,"755,300",755300
export_uk,value,,"Sugar, Refined . . . . . Cuts.",1889,"755,015",755015
import,quantity,,Resin,1869,"754,998|751,998",754998
import,value,,Trân or Blubber and Spermaceti,1877,"754,812",754812
export_uk,quantity,Silk Manufactures,Of other Sorts,1895,"753,837",753837
export_uk,value,Silk Manufactures,Of other Sorts - - - - -,1895,"753,837",753837
import,quantity,,- - - - - Lbs.,1878,"751,526",751526
import,value,,Trân or Blubber and Spermaceti,1874,"751,359",751359
import,value,,Stems,1894,"751,248",751248
import,quantity,,Sheep and Lambs,1885,"750,886",750886
import,value,,Knobs or Husks of Silk and Waste,1880,"750,456",750456
import,value,,Peralpine - - - - -,1892,"749,701",749701
reexport,value,,Dressed or Undressed,1893,"749,683",749683
reexport,value,Hemp,Dressel or Undressel - - - - -,1893,"749,683",749683
import,value,,Straw Plaiting for Hats or Bonnets - - - - -,1895,"749,421",749421
import,value,Spirits,"Straw Platting, for making Hats or Bonnets - - - - -",1895,"749,421",749421
import,value,Tobacco,Toys,1890,"748,113",748113
export_uk,quantity,,"Railroad, of all Sorts",1896,"747,662",747662
reexport,quantity,,"Aipaca, Vicuña, and Llama - - - - -",1895,"747,313",747313
import,value,,— Cubic Nitro . . . . .,1886,"745,940",745940
export_uk,value,,"Furniture, Cabinet and Upholstory Wares - - - - -",1888,"745,808",745808
reexport,value,"Hides, Raw, and pieces thereof",Dry - - - - -,1895,"745,127",745127
export_uk,quantity,,"Wrought, Boots and Shoes Dozen Pairs",1896,"745,018",745018
export_uk,value,,"Wrought, Boots and Shoes Dozen Pairs",1896,"745,018",745018
import,value,Linen,Yarn - - - - -,1893,"743,548",743548
import,value,Tobacco,"Watches, and parts thereof",1893,"742,701",742701
import,value,Tobacco,"Watches, and parts thereof",1892,"742,582",742582
reexport,value,Manufactures of Iron and Steel,Unenumerated - - - - -,1896,"742,490",742490
reexport,value,Manufactures of Iron or Steel,Unenumerated - - - - -,1896,"742,490",742490
reexport,value,,Stuff - - - - -,1893,"741,442",741442
reexport,value,""" "" Of Wool (other than Goats)",Stuffs - - - - -,1893,"741,442",741442
import,quantity,,"Stones, rough, hewn, or manufactured (other thanWorks of Art)",1897,"740,497",740497
export_uk,value,,Hosiery - - - - -,1893,"739,861",739861
import,value,,Cocoa Butter,1898,"737,550",737550
export_uk,value,,"Worsted Tissues, viz. : Stuffs, Dress Goods, Linings, Lastings, &c. :All Wool - - - - - -",1897,"737,373",737373
export_uk,value,"Worsted Tissues, viz. : Stuffs, Dress Goods, Linings, Lastings, &c.",All Wool - - - - -,1897,"737,373",737373
import,quantity,,Resin,1871,"736,942",736942
import,value,,Trân or Blubber and Spermaceti,1876,"735,621",735621
import,value,,"Hats and Bonnets, of Felt . . . . . Number",1887,"734,904|98,629",734904
import,quantity,,"Meat, Unenumerated; Salted or Fresh -Preserved, otherwise than by salting -",1890,"734,811",734811
export_uk,value,,"Medicines, Drugs, and Medicinal Preparations - - - - -",1872,"734,096|734,086|731,086",734096
reexport,quantity,,"Iron and Steel, Wrought or Manufactured, } Cuts.",1896,"734,086",734086
reexport,quantity,Metals,"Iron and Steel, Wrought or Manufactured, Unenumerated",1896,"734,086",734086
reexport,value,,Sunderland . . . . .,1893,"731,068",731068
reexport,value,Seeds,Manufactures - - - - -,1892,"730,316",730316
export_uk,value,"Paper, viz.","Writing or Printing, and Envelopes . . . . . Cuts.",1896,"729,906",729906
import,quantity,,Sugar:Refined and Candy,1868,"729,865",729865
import,value,,"Hats and Bonnets, of Felt . . . . . Number",1886,"728,139",728139
export_uk,value,,"Sugar, Refined . . . . . Cuts.",1891,"725,127",725127
import,value,Wine imported in Cask,White - - - - -,1893,"724,967",724967
reexport,value,,Hartlepool (West) - - - - -,1893,"724,853",724853
import,value,Spirits,"Stones, &c.",1894,"724,446",724446
import,value,,"Plaiting of Straw, and other Materials for making Hats or Bonnets - - - - -",1899,"724,239",724239
import,value,,"Straw Plaiting, for making Hats or Bonnets",1899,"724,239",724239
import,value,Spirits,"Straw Platting, for making Hats or Bonnets - - - - -",1899,"724,239",724239
export_uk,quantity,,Straw,1893,"723,027",723027
import,value,Oils,Seed - - - - -,1895,"721,807",721807
reexport,value,Oils,Palm,1900,"721,397",721397
export_uk,value,"Coal, Cinders, &amp;c., viz","Fuel, Manufactured . . . . . "" """,1893,"721,053",721053
export_uk,quantity,,Drugs and Medicinal Preparations,1871,"720,830",720830
import,quantity,"Fruit, Dried or Preserved, liable to Duty",Raisins,1899,"719,774",719774
import,value,Oils,Seed - - - - -,1893,"718,837",718837
export_uk,value,,"Wool, viz. :Sheep and Lambs', British, raw or undressed - - - - -",1896,"718,130",718130
reexport,value,,"Shields, North - - - -",1899,"717,953",717953
import,value,,Cutch and Gambier,1890,"717,820",717820
export_uk,value,"Coal, Cinders, &amp;c.","Products of Coal, &amp;c. (including Naphtha, Paraffine, and Oil thereof, Petroleum, &amp;c. - - - - -",1887,"717,570",717570
export_uk,value,"Coals, Cinders, &amp;c.","Products of Coal, &amp;c. (including Naphtha, Paraffine, and Oil thereof, Petroleum, &amp;c.) - - - - -",1887,"717,570",717570
reexport,value,Silk and Silk Manufactures,Raw - - - - - - -,1881,"716,271",716271
reexport,value,"Skins, Furs, and Pelts","Goat, undressed",1890,"716,265",716265
export_uk,value,,"Woollen, Tissues, viz. : Light, weighing up to 11 oz. per square yard :Broad, all Wool - - - - -",1898,"715,919",715919
import,value,Linen,Yarn - - - - -,1888,"714,668",714668
reexport,quantity,,"Other Sorts, not sweetened, including variousKinds mixed in Blend",1886,"714,449",714449
import,quantity,,Coffee,1896,"713,458",713458
import,value,,Nuts and Kernels :  For expressing Oil therefrom . . . . . Tons,1888,"62,932|713,061",713061
export_uk,value,"Woollen, Tissues, viz.: Light, weighing up to 11 oz. per square yard","Broad, all Wool - - - - -",1899,"712,553",712553
export_uk,value,,"Metals, and Manufactures thereof, unenumer-ated - - - - -",1899,"711,976",711976
reexport,value,Seeds,Manufactures - - - - -,1893,"711,435",711435
import,quantity,Drgus,Opium,1885,"710,099",710099
reexport,quantity,,""" or Hair "" Other Sorts of Goats' Wool",1900,"709,984",709984
reexport,quantity,,""" or Hair""",1900,"709,984",709984
export_uk,value,,"Sugar, Refined . . . . . Cuts.",1890,"709,416",709416
export_uk,quantity,,Shawls,1900,"709,000",709000
reexport,quantity,,"Other Sorts, not sweetened, including variousKinds mixed in Blend",1887,"708,106",708106
import,value,Dyeing or Tanning Stuffs,Gutch and Gambier,1881,"707,425",707425
import,quantity,Oil,"Chemical, Essential, and Perfumed",1872,"707,409",707409
reexport,value,,Palm . . . . . Cts.,1894,"707,333",707333
export_uk,value,,"Copper, Unwrought . . . . . Cuts.",1891,"707,182",707182
reexport,value,,Bideford -,1877,"706,611",706611
import,value,,Geldings - - - - -,1900,"705,429",705429
import,value,,„ Teak . . . . .,1896,"705,224",705224
import,value,Hewn,Teak - - - - -,1896,"705,224",705224
import,value,,"Manures :  Phosphate of Lime and Rock . . . . . """,1889,"703,704|304,953",703704
import,value,Spirits,"Stones, &c.",1892,"703,315",703315
import,value,Furniture wood,Unenumerated - - - - -,1893,"703,146",703146
import,quantity,,Raisins,1899,"702,774",702774
import,quantity,,Pyrites of Iron or Copper . . . . .,1899,"701,174",701174
reexport,quantity,,"Iron and Steel, Wrought or Manufactured, } Cuts.",1892,"701,092",701092
import,value,,"Zinc : Crude, in Cases - - - - - -",1884,"700,154",700154
export_uk,quantity,,"Metals, and Manufactures thereof, un-enumerated",1891,"700,033",700033
export_uk,quantity,,"Metals, and Manufactures thereof, unenumerated",1891,"700,033",700033
import,value,,Lard . . . . . Cwtts.,1884,"699,827",699827
import,value,Oils,Seed - - - - -,1897,"698,694",698694
export_uk,value,,"Woollen, Tissues, viz. : Light, weighing up to 11 oz. per square yard :Broad, all Wool - - - - -",1894,"697,809",697809
reexport,value,"Hides, Raw, and pieces thereof, viz.",Dry - - - - -,1894,"697,295",697295
export_uk,value,Woollen Manufactures,Of other Sorts - - - - -,1869,"696,978",696978
import,quantity,,Resin,1867,"696,117",696117
import,quantity,,Rosin,1867,"696,117",696117
import,quantity,,Rosin,1868,"693,451|695,454",695454
import,value,Oils,Seed - - - - -,1896,"694,995",694995
export_uk,value,Silk Manufactures,Of other Sorts - - - - -,1896,"694,723",694723
import,value,,Pean . . . . .,1895,"693,828",693828
import,value,,„ Teak . . . . .,1898,"693,629",693629
import,value,,""" Strawboard or Millboard",1898,"693,592",693592
export_uk,value,,"Wrought, Boots and Shoes Dozen Pairs",1893,"693,049",693049
import,value,Dyeing or Tanning Stuffs,Gutch and Gambier,1882,"693,003",693003
reexport,value,,Coffee . . . . . Cuts.,1887,"692,525",692525
export_uk,quantity,"Matches, viz.",Other Sorts,1900,"692,100",692100
import,value,,"Cured, Sardines - - - - -",1899,"217,220|690,781",690781
import,value,,Hops - - - - -,1868,"689,383",689383
reexport,value,Oil,Palm,1877,"689,304",689304
reexport,quantity,,"Gold, Leaves of",1893,"688,809",688809
export_uk,value,,„ Manufactures of Steel or of Steel andIron combined - - - - -,1879,"687,665",687665
reexport,value,Oil,Palm,1876,"687,561",687561
import,value,Wine imported in Cask,White - - - - -,1896,"687,488",687488
export_uk,quantity,Woollen Manufactures,Of other Sorts,1867,"687,054",687054
import,value,,"Corlage, Twine, and Cable Yarn - - - - -",1896,"686,603",686603
reexport,quantity,,Raw,1899,"45,792|686,322",686322
export_uk,value,"Paper, viz.","Writing or Printing, and Envelopes . . . . . Cuts.",1897,"685,734",685734
reexport,quantity,,"Iron and Steel, Wrought or Manufactured, Un-enumerated",1895,"684,843",684843
reexport,quantity,,"Iron and Steel, Wrought or Manufactured, } Cuts.",1895,"684,843",684843
import,value,,Nuts and Kernels :  For expressing Oil therefrom . . . . . Tons,1889,"61,857|684,635",684635
import,value,Manures,Phosphate of Lime and Rock - - - - -,1899,"682,940",682940
export_uk,value,,"Wrought or Manufactured, viz:Mixed or Yellow Metal Lbs.",1894,"315,170|682,026",682026
import,quantity,,"Paper and Pasteboard :Of all Kinds, except Hangings",1873,"681,952",681952
import,value,"Vegetables, Raw",Onions - - - - -,1896,"681,949",681949
export_uk,quantity,,"Hosiery, viz.:Stockings and Socks - Dozen Pairs",1900,"681,700",681700
export_uk,quantity,,Stockings and Socks - Dozen Pairs,1900,"681,700",681700
reexport,value,,Gainsborough -,1878,"681,406",681406
export_uk,value,Woollen Manufactures,Of other Sorts - - - - -,1868,"680,906",680906
import,value,,Pean . . . . .,1898,"680,789",680789
reexport,quantity,,"Iron and Steel, Wrought or Manufactured, } Cuts.",1894,"680,600",680600
reexport,quantity,Manufactures of Iron or Steel,Unenumerated,1894,"680,600",680600
import,value,Skins and Furs,Seal Skins,1893,"679,154",679154
import,quantity,Skins and Furs,Manufactures of,1892,"678,927",678927
reexport,value,Sugar,Wine,1889,"678,707",678707
import,value,,Iron in Bars - - - - -,1879,"678,357",678357
reexport,value,,Coffee . . . . . Cuts.,1889,"676,716",676716
import,value,",, Preserved otherwise than by Salting",Other Sorts - - - - -,1899,"676,076",676076
import,value,Wool,Yeast,1893,"675,905",675905
import,value,Seeds,"Knobs or Husks of Silk, and Waste - - - - -",1885,"675,191",675191
import,value,Tobacco,"Watches, and parts thereof",1890,"674,654",674654
export_uk,value,,"Wrought, Boots and Shoes Dozen Pairs",1895,"674,620",674620
import,quantity,,"Fresh, Herrings",1899,"674,619",674619
reexport,value,,Choutchouc,1872,"674,505",674505
import,value,"Skins, Furs, and Pelts",Manufactures of - - - - -,1892,"673,927",673927
import,quantity,,"Stones, rough, hewn, or manufactured (other thanWorks of Art)",1896,"673,206",673206
export_uk,value,,"Metals : Iron : Old, for re-manufacture - - - - - -",1871,"672,696",672696
import,value,,"Glass, Window and German Sheet, including Shades",1899,"672,553",672553
import,quantity,,"Iron, Ore",1876,"672,235",672235
import,value,Dyeing or Tanning Stuffs,"Substances and Extracts, Unenumerated - - - - -",1895,"671,917",671917
import,quantity,Seeds,Tares and Lexills,1877,"671,362",671362
reexport,value,Oil,Palm,1890,"671,276",671276
import,value,Wool,Yeast,1890,"671,049",671049
import,quantity,Drgus,Unenumerated,1886,"669,979",669979
import,value,"Corn, Grain, and Meal",Unenumerated - - - - -,1886,"669,979",669979
import,value,Drugs,Unenumerated . . . . . Value £,1886,"669,979",669979
reexport,value,,Coffee . . . . . Cuts.,1890,"669,002",669002
import,value,Paper and Pasteboard,Of all Kinds (except Hangings) - - - - -,1868,"668,948",668948
export_uk,value,,"Wrought, Boots and Shoes Dozen Pairs",1894,"668,563",668563
import,quantity,Tobacco,""" Other Sorts",1897,"668,388",668388
import,value,,"House Frames, Fittings, Joiners' and Cabinet Work - -",1894,"668,325",668325
export_uk,value,,"Railway Waggons, Trucks, &c. and parts thereof - - - - -",1883,"667,959",667959
export_uk,value,"Carriages, Carts, &amp;c.","Railway Wagons, Trucks, &amp;c. and parts thereof - - - - -",1883,"667,959",667959
reexport,value,,"Petroleum, Illuminating - - - - -",1900,"23,754|666,381",666381
export_uk,quantity,,"Wrought, Boots and Shoes",1889,"665,909",665909
reexport,value,,Palm . . . . . Cts.,1896,"665,208",665208
export_uk,quantity,,Fish: Herring,1878,"661,832|664,852",664852
reexport,value,,Palm . . . . . Cts.,1893,"664,122",664122
import,value,Spirits,"Stones, &c.",1890,"664,118",664118
import,value,,""" Imported in Casks",1900,"663,061",663061
import,value,,"Spirits, Brandy",1900,"663,061",663061
reexport,value,Oil,Palm,1888,"662,297",662297
export_uk,quantity,,"Wrought, Boots and Shoes",1888,"661,907",661907
reexport,quantity,,"Aigaca, Vicuña, and Llama - - - - -",1897,"661,600",661600
reexport,quantity,,"Aipaca, Vicuña, and Llama - - - - -",1897,"661,600",661600
export_uk,value,,Blankets . . . . . mixed with,1896,"660,400",660400
import,quantity,,Refined and Candy,1866,"660,384",660384
import,quantity,,Sugar:Refined and Candy,1866,"660,384",660384
export_uk,value,,"Wrought, Boots and Shoes Dozen Pairs",1892,"659,911",659911
reexport,value,,"Tobacco, Raw - - - - -",1868,"659,646",659646
export_uk,quantity,Woollen Manufactures,Of other Sorts,1869,"659,593",659593
import,value,Skins and Furs,Furs of all Sorts,1868,"659,399",659399
import,value,,"Staves, of all dimensions - - - - -",1899,"659,312",659312
reexport,value,Seeds,Flax or Linsseed,1894,"659,199",659199
export_uk,value,"Worsted Tissues, viz. : Stuffs, Dress Goods, Linings, Lastings, &c.",All Wool - - - - -,1893,"658,438",658438
export_uk,value,,"Provisions, unenumerated (including provisionshermetically sealed) - - - - -",1897,"658,309",658309
import,quantity,Tobacco,""" Other Sorts",1896,"657,822",657822
export_uk,quantity,Cotton Manufactures,"Of mixed Materials (Cotton predominate) - """,1896,"657,800",657800
export_uk,value,,"Of Mixed Materials, Cottonpredominating Yards",1896,"657,800",657800
import,value,Dyeing or Tanning Stuffs,Gutch and Gambier,1880,"656,861",656861
reexport,value,,Gainsborough -,1875,"656,367",656367
export_uk,value,,"Metals : Iron : Old, for re-manufacture - - - - - -",1872,"656,262",656262
import,value,,"Staves, of all dimensions - - - - -",1896,"656,246",656246
reexport,value,,Monufactures - - - - -,1885,"655,942",655942
reexport,value,Silk and Silk Manufactures,Manufactures - - - - - - -,1885,"655,942",655942
export_uk,quantity,,Of other Sorts,1895,"313,601|655,517",655517
reexport,value,Oil,Palm,1889,"655,331",655331
export_uk,value,,"Railway Waggons, Trucks, &c. and parts thereof - - - - -",1886,"655,214",655214
export_uk,value,"Carriages, &amp;c.","Railway Wagons, Trucks, &amp;c. and parts thereof - - - - -",1886,"655,214",655214
export_uk,value,"Carriages, Carts, &amp;c.","Railway Wagons, Trucks, &amp;c. and parts thereof - - - - -",1886,"655,214",655214
export_uk,value,Silk Manufactures,Of other Sorts - - - - -,1894,"654,614",654614
import,value,,"Of other Sorts (including ""Nuts, for Fruit"") - - - - -",1895,"654,445|651,445",654445
import,value,,„ Teak . . . . .,1899,"654,304",654304
import,quantity,,Opium,1887,"654,122",654122
import,quantity,Drgus,Opium,1887,"654,122",654122
import,value,Oils,Seed - - - - -,1894,"654,065",654065
import,quantity,"""    Manufactures of Iron and Steel",Pyrites of Iron and Copper,1898,"654,063",654063
import,quantity,,"Paper and Pasteboard :Of all Kinds, except Hangings",1872,"653,985|653,988",653988
reexport,value,,Gunno,1876,"653,928",653928
import,value,Furniture Woods and hard woods,"House Frames, &amp;c. - - - - -",1891,"653,845",653845
import,value,,"Mutton, Fresh . . . . . Cwtts.",1886,"653,447",653447
import,quantity,"Fruit, Dried or Preserved, liable to Duty",Raisins,1900,"653,371",653371
export_uk,value,"Railroad, viz.",Black Plates for Tinning . . . . .,1900,"653,304|58,425",653304
import,quantity,,Raisins,1887,"653,138",653138
import,value,Fruit,Raisins . . . . . Cuts.,1887,"653,138",653138
reexport,value,"Hides, Raw, and pieces thereof, viz.",Dry - - - - -,1893,"652,639",652639
import,value,Oils,Olive - - - - -,1893,"652,041",652041
export_uk,value,,"Copper, Unwrought . . . . . Cuts.",1889,"650,713",650713
import,value,"Dye-stuffs, and Substances for Tanning or Dyeing","Myrobalans . . . . . """,1899,"649,968",649968
export_uk,quantity,,Fish: Herring,1877,"619,748|649,748",649748
export_uk,quantity,,"Metals, and Manufactures thereof, un-enumerated",1892,"649,685",649685
export_uk,quantity,,"Metals, and Manufactures thereof, unenumerated",1892,"649,685",649685
export_uk,value,,"Furniture, Cabinet and Upholstory Wares - - - - -",1890,"649,092",649092
reexport,value,,"Hides, Raw - - - - -",1868,"648,530",648530
reexport,value,Oil,Palm - - - - -,1880,"648,047",648047
import,value,,"Corlage, Twine, and Cable Yarn - - - - -",1895,"647,109",647109
reexport,quantity,,Woolen Manufactures,1888,"646,583",646583
reexport,value,Wood and Timber,Woollen Manufactures,1888,"646,583",646583
import,quantity,Drgus,Unenumerated,1887,"646,165",646165
import,value,Drugs,Unenumerated . . . . . Value £,1887,"646,165",646165
import,value,,"Staves, of all dimensions - - - - -",1898,"646,075",646075
import,value,""" Manufactures of Iron or Steel","Girders, Beams, and Pillars - - - - -",1898,"645,893",645893
import,quantity,Dyeing or Tanning Stuffs,Myrobalans,1889,"645,408|615,408",645408
reexport,value,,Monufactures - - - - -,1884,"644,722",644722
export_uk,value,,"Lea ' : Pig, Pipe, and Sheet - - - - -",1878,"644,456",644456
reexport,value,Sugar,Tallow and Stearine,1890,"644,361",644361
import,value,Tobacco,"Watches, and parts thereof",1891,"643,887",643887
reexport,value,,Sheep „,1900,"643,736",643736
import,value,,"Plaiting of Straw, and other Materials for making Hats or Bonnets - - - - -",1900,"643,337",643337
import,value,Linen,Yarn - - - - -,1894,"641,223",641223
export_uk,value,,"Furniture, Cabinet and Upholstory Wares - - - - -",1886,"639,207",639207
export_uk,quantity,,Bottles and Manufactures of Green or Common Glass,1893,"639,202",639202
reexport,value,,Rochester -,1877,"638,495",638495
export_uk,value,,Cotton - - - - -,1893,"637,698",637698
import,value,,Nuts and Kernels,1882,"637,346",637346
export_uk,value,,"Furniture (household), Cabinet and Upholstery Wares, including Looking Glasses and Mirrors, framed . . . . .(Except bedsteads or other household furniture of iron or brass.)",1900,"636,929",636929
import,value,,Peralpine - - - - -,1890,"636,600",636600
export_uk,quantity,,"Salt, Rock and White",1893,"636,155",636155
reexport,value,,Palm . . . . . Cts.,1897,"635,821",635821
export_uk,quantity,Woollen Manufactures,Of other Sorts,1868,"635,591",635591
export_uk,value,"Paper, viz.","Writing or Printing, and Envelopes . . . . . Cuts.",1898,"632,856",632856
import,value,""" Manufactures of Iron or Steel","Girders, Beams, and Pillars - - - - -",1899,"631,832",631832
export_uk,value,,"Worsted Tissues, viz. : Stuffs, Dress Goods, Linings, Lastings, &c. :All Wool - - - - - -",1894,"631,379",631379
export_uk,value,"Worsted Tissues, viz. : Stuffs, Dress Goods, Linings, Lastings, &c.",All Wool - - - - -,1894,"631,379",631379
reexport,value,,"Tin, in Blocks, Ingots, Bars, or Slabs - - - -",1879,"630,857|150,153",630857
import,value,,„ Oak . . . . .,1895,"630,799",630799
import,value,Wool,Yeast,1891,"630,571",630571
export_uk,value,,"Wrought or Manufactured, viz:Mixed or Yellow Metal Lbs.",1895,"629,506|298,283",629506
import,value,Furniture wood,Unenumerated - - - - -,1895,"629,502",629502
export_uk,quantity,,"Salt, Rock and White",1899,"628,445",628445
import,value,,"Manures :  Phosphate of Lime and Rock . . . . . """,1891,"628,395|256,772",628395
export_uk,value,"Paper, viz.","Writing or Printing, and Envelopes . . . . . Cuts.",1895,"627,560",627560
export_uk,value,,"Provisions, unenumerated (including provisionshermetically sealed) - - - - -",1896,"627,559",627559
export_uk,value,,"Caoutchouc, Manufactures of - - - - -",1868,"625,665",625665
export_uk,value,,Blankets . . . . . mixed with,1898,"624,600",624600
import,value,,Nuts and Kernels :For expressing Oil therefrom · · · · ·,1887,"624,348",624348
reexport,value,Hats or Bonnets,",, Other Materials, Trimmed or Untrimmed",1896,"623,917|37,037",623917
export_uk,value,"Coal, Cinders, &amp;c.","Products of Coal, &amp;c. (including Naphtha, Paraffine, and Oil thereof, Petroleum, &amp;c. - - - - -",1886,"622,398",622398
export_uk,quantity,Woollen Manufactures,Of other Sorts,1870,"620,445",620445
reexport,value,"Skins, Furs, and Pelts","Goat, undressed",1889,"620,343",620343
reexport,value,Seeds,Manufactures - - - - -,1894,"620,147",620147
reexport,quantity,,"Other Sorts, not sweetened, including variousKinds mixed in Blend",1888,"619,650",619650
export_uk,quantity,,"Railway Waggons, Trucks, &c., and  parts thereof",1887,"619,051",619051
export_uk,quantity,"Carriages, &amp;c.","Railway Wagons, Trucks, &amp;c., and parts thereof",1887,"619,051",619051
export_uk,value,"Carriages, &amp;c.","Railway Wagons, Trucks, &amp;c. and parts thereof - - - - -",1887,"619,051",619051
reexport,value,"Corn, Grain and Meal",Wheat . . . . . Cuts.,1887,"619,048",619048
reexport,value,,Barrow-in-Furness - - - - -,1893,"618,010",618010
import,value,"Dye-stuffs, and Substances for Tanning or Dyeing","Myrobalans . . . . . """,1895,"617,800",617800
reexport,value,,Barrow-in-Furness,1877,"617,035",617035
reexport,quantity,,""" or Hair "" Other Sorts of Goats' Wool",1896,"615,940",615940
reexport,quantity,,""" or Hair""",1896,"615,940",615940
reexport,quantity,"Goats' Wool, viz.",Other Goats' Wool or Hair,1896,"615,940",615940
import,value,Spirits,"Stones, &c.",1891,"614,909",614909
reexport,value,Silk and Silk Manufactures,Manufactures - - - - - - -,1884,"614,722",614722
export_uk,value,,Blankets . . . . . mixed with,1895,"614,699",614699
reexport,value,,Kirkcaldy . . . . .,1893,"614,483",614483
import,quantity,,"Iron and Steel, Wrought or Manufactured - Cuts.",1873,"614,358",614358
reexport,value,,"Iron and Steel, Wrought or Manufactured, Uncnumberated",1885,"614,176",614176
reexport,value,Tobacco,"Manufactured, Stemmed or Stripped . . . . . Lbs.",1899,"614,138",614138
import,value,,Manures :Phosphate of Lime and Rock · · · · ·,1887,"614,088",614088
import,quantity,,"Animals, Living :Oxen and Bulls",1897,"613,080",613080
import,value,Oils,Olive - - - - -,1896,"612,876",612876
import,quantity,Tobacco,""" Other Sorts",1899,"612,554",612554
reexport,quantity,,"Unmanufactured, Stemmed or Stripped . . . . .",1899,"612,148",612148
reexport,value,,Maryport - - - - - - -,1899,"612,014",612014
reexport,value,Sugar,Wine,1890,"611,974",611974
import,value,,""" Pepper",1900,"611,906",611906
reexport,value,,Stuff - - - - -,1894,"611,599",611599
reexport,value,""" "" Of Wool (other than Goats)",Stuffs - - - - -,1894,"611,599",611599
reexport,value,Woollen Manufactures,Stiffs - - - - -,1894,"611,590",611590
import,quantity,,Raisins,1891,"611,280",611280
import,value,Wool,Yeast,1892,"611,141",611141
import,value,,Sheep and Lambs - - - - -,1900,"610,125",610125
import,quantity,,Wet,1894,"608,584",608584
reexport,quantity,,""" or Hair "" Other Sorts of Goats' Wool",1897,"608,300",608300
reexport,quantity,,""" or Hair""",1897,"608,300",608300
reexport,quantity,"Goats' Wool, viz.",Other Goats' Wool or Hair,1897,"608,300",608300
export_uk,value,,"Confectionery, Jams, and Preserved Fruits -",1900,"606,867",606867
import,value,,"Window and German Sheet, including Shades and Cylinders - - - - -",1897,"605,766",605766
export_uk,value,,Soap . . . . . Cuts.,1893,"605,083",605083
import,value,Furniture wood,Unenumerated - - - - -,1894,"604,262",604262
import,value,,Nuts and Kernels :  For expressing Oil therefrom . . . . . Tons,1890,"603,569|47,526",603569
import,quantity,,Linens Yarn,1873,"603,286",603286
import,quantity,,Raisins,1888,"603,197",603197
import,value,Fruit,Raisins . . . . . Cuts.,1888,"603,197",603197
export_uk,value,,Cutlery - - - - -,1899,"602,984",602984
export_uk,value,"Coal, Cinders, &amp;c., viz","Coke and Cinders . . . . . "" """,1893,"602,774",602774
export_uk,quantity,,"Wrought, Boots and Shoes",1887,"602,716",602716
export_uk,quantity,,"Railway Waggons, Trucks, &c., and parts thereof",1892,"602,077",602077
import,value,,"Tin, in Blocks, Ingots, Bars, or Slabs . . . . . Cuts.",1889,"601,849",601849
reexport,value,,"Iron and Steel, Wrought or Manufactured, Uncnumberated",1887,"601,658",601658
reexport,quantity,,"Other Sorts, not sweetened, including variousKinds mixed in Blend",1889,"600,650",600650
reexport,value,Sugar,Wine,1888,"600,431",600431
export_uk,quantity,,Straw,1900,"599,623",599623
reexport,value,Tobacco,"Manufactured, Stemmed or Stripped . . . . . Lbs.",1895,"598,653",598653
export_uk,value,,Bleaching Materials or Preparations - - - - -,1892,"598,649|598,619",598649
reexport,value,,Choutchouc,1871,"597,741",597741
export_uk,quantity,,Stockings and Socks,1899,"596,100",596100
export_uk,quantity,,Stockings and Socks - Dozen Pairs,1899,"596,100",596100
import,quantity,,„ Turpentine . . . . .,1900,"595,489",595489
import,value,,"Staves, of all dimensions - - - - -",1895,"594,615",594615
import,quantity,,Resin,1866,"593,818",593818
import,quantity,,Rosin,1866,"593,818",593818
import,value,,""" "" "" Velvet - - - - -",1899,"563,097|593,697",593697
export_uk,quantity,Chemical Products and Preparations,Sulphate of Copper,1895,"593,303",593303
export_uk,value,,"Metals, and Manufactures thereof, enumer-ated - - - - -",1897,"592,637",592637
export_uk,value,,"Metals, and Manufactures thereof, enumerated - - - - -",1897,"592,637",592637
reexport,value,,Barrow-in-Furness,1874,"591,944",591944
import,value,""" Manufactures",Unenumerated - - - - -,1900,"591,299",591299
import,quantity,,Raisins,1885,"591,234",591234
export_uk,quantity,,Implementa and Tools of Industry,1882,"591,109",591109
export_uk,quantity,,Implements and Tools of Industry - Value £,1882,"591,109",591109
export_uk,value,,Implementes and Tools of Industry - - - - -,1882,"591,109",591109
reexport,quantity,,Goats' Wool ; M hair - - - - -,1898,"590,937",590937
export_uk,value,,"Copper, viz:Unwrought in Ingots, Cakes orSlabs and precipitate Cwts.",1895,"590,927",590927
import,quantity,,"Meat, Unenumerated; Salted or Fresh -Preserved, otherwise than by salting -",1893,"590,800",590800
import,value,,"Nuts, For expressing Oil therefrom - - - - -",1897,"590,778",590778
import,value,,"Tin, in Blocks, Ingots, Bars, or Slabs . . . . . Cuts.",1892,"589,365",589365
import,quantity,,Wet,1893,"589,198",589198
import,value,Dyeing or Tanning Stuffs,"Cochineal, Granilla, and Dust - - - - -",1868,"588,691",588691
import,value,,Knobs or Husks of Silk and Waste,1882,"588,399",588399
import,quantity,,Raisins,1883,"588,309",588309
export_uk,value,Woollen Manufactures,Flannels - - - - -,1888,"587,674|587,574",587674
import,quantity,,Opium,1888,"587,365",587365
reexport,value,,"Iron and Steel, Wrought or Manufactured, Uncnumberated",1888,"586,419",586419
import,value,Wood and Timber,Staves,1868,"586,357",586357
import,quantity,Seeds,Other sorts,1894,"585,804",585804
export_uk,value,,Mixed or Yellow Metal - - - - -,1900,"585,130",585130
reexport,value,""" "" Of Wool (other than Goats)",Stuffs - - - - -,1895,"584,666",584666
reexport,value,Woollen Manufactures,Stiffs - - - - -,1895,"584,666",584666
reexport,value,,Stuff - - - - -,1895,"584,606",584606
import,quantity,Nuts and Kernels,Of other Sorts,1875,"584,525",584525
reexport,quantity,,""" or Hair "" Other Sorts of Goats' Wool",1898,"584,200",584200
reexport,quantity,,""" or Hair""",1898,"584,200",584200
import,value,,""" Thrown, dyed or not dyed",1900,"583,297",583297
reexport,value,Hemp,Dressel or Undressel - - - - -,1895,"582,254",582254
export_uk,quantity,,"Railroad, viz :  Rails (Iron or Steel)",1896,"581,249",581249
export_uk,value,"Paper, viz.","Writing or Printing, and Envelopes . . . . . Cuts.",1899,"580,937",580937
reexport,quantity,""" "" "" Of Wool (other than Goats')",Cloths,1896,"580,778",580778
export_uk,value,,„ Manufactures of Steel or of Steel andIron combined - - - - -,1883,"580,644",580644
export_uk,quantity,,Stockings and Socks,1898,"580,500",580500
reexport,quantity,"Goats' Wool, viz.","Other kinds, and Flocks",1894,"579,706",579706
reexport,value,Oil,Quicksilver,1890,"579,470",579470
import,value,Dyeing or Tanning Stuffs,Bark . . . . . Cuts.,1890,"579,438",579438
export_uk,quantity,,"Railroad, viz :  Rails (Iron or Steel)",1897,"579,083",579083
import,quantity,,Lawl,1872,"579,056",579056
import,value,,"Hats and Bonnets, of Felt . . . . . Number",1884,"577,992",577992
import,value,,„ Puddled - - - - -,1899,"577,358",577358
import,quantity,,„ „ Other sorts,1900,"577,291",577291
import,quantity,,"Stones, rough, hewn, or manufactured (other thanWorks of Art)",1895,"574,884",574884
import,value,,„ Teak . . . . .,1895,"574,882",574882
export_uk,value,,"Furniture (household), Cabinet and Upholstery Wares, including Looking Glasses and Mirrors, framed - - - - -",1899,"574,648",574648
reexport,value,Manufactures of Iron or Steel,Unenumerated - - - - -,1893,"574,284",574284
reexport,value,,Wheat,1870,"574,086",574086
reexport,quantity,,""" Cocoa or Chocolate, ground, prepared, or in any form manufactured",1897,"574,056",574056
export_uk,value,,"Furniture, Cabinet and Upholstory Wares - - - - -",1887,"573,544",573544
import,quantity,,Raisins,1889,"573,516",573516
import,value,Fruit,Raisins . . . . . Cuts.,1889,"573,516",573516
import,value,,"Mutton, Fresh . . . . . Cwtts.",1885,"572,868",572868
export_uk,value,Woollen Manufactures,Blankets - - - - -,1889,"571,864",571864
import,value,,"Pears, Raw . . . . . - „",1899,"571,832",571832
reexport,value,,"Iron and Steel, Wrought or Manufactured, Uncnumberated",1889,"570,427",570427
import,value,,„ Puddled - - - - -,1896,"570,412",570412
reexport,quantity,Tobacco,""" Cigendish or Negrohead",1897,"570,163",570163
import,value,,"Staves, of all dimensions - - - - -",1897,"569,572",569572
import,quantity,Tobacco,""" Other Sorts",1900,"569,269",569269
import,quantity,,Raisins,1881,"568,608",568608
import,quantity,,Cassia Lignea and Cassia Vera,1868,"568,212",568212
import,quantity,,Spices:Cassia Lignea and Cassia Vera,1868,"568,212",568212
export_uk,value,Silk Manufactures,Broad Piece Goods - - - - -,1894,"567,742",567742
import,value,,Onion Raw - - - - -,1881,"567,662",567662
import,value,,Onions - - - - -,1881,"567,662",567662
export_uk,value,,"Lea ' : Pig, Pipe, and Sheet - - - - -",1879,"566,966",566966
export_uk,value,,"Copper, Unwrought . . . . . Cuts.",1893,"566,884",566884
import,value,,Cutch and Gambier,1891,"565,453",565453
export_uk,quantity,,"Narrow, all Wool",1900,"565,100",565100
reexport,value,,Monufactures - - - - -,1886,"564,965",564965
reexport,value,Silk and Silk Manufactures,Manufactures,1886,"564,965",564965
reexport,value,,Choutchouc,1873,"564,750",564750
import,value,Dyeing or Tanning Stuffs,Gutch and Gambier,1885,"563,565",563565
export_uk,value,Woollen Manufactures,Flannels - - - - -,1889,"563,068",563068
import,value,,„ Imported in Bottles : Still . . . . .,1897,"563,028",563028
import,quantity,,Raisins,1890,"561,848",561848
import,value,Fruit,Raisins . . . . . Cuts.,1890,"561,848",561848
import,value,,"Tin, in Blocks, Ingots, Bars, or Slabs . . . . . Cuts.",1891,"561,141",561141
import,value,,"Tin, in Blocks, Ingots, Bars, or Slabs . . . . . Cuts.",1888,"560,990",560990
import,value,Metals,"Tin, in Blocks, Ingots, Bars, or Slabs . . . . . Cwtts.",1888,"560,990",560990
reexport,value,,"Sheep "" . . . . .",1899,"500,648|560,646",560646
reexport,quantity,"Wine, Imported in Casks",Red,1896,"559,983",559983
import,value,,"Corlage, Twine, and Cable Yarn - - - - -",1894,"559,969",559969
import,quantity,,Parcel Post (Goods Free of Duty) - Number of Parcels,1894,"559,928",559928
import,quantity,,"Glass of all Kinds (except Bottles of Green or Common } (Glass) - """,1868,"559,188",559188
reexport,quantity,Coffee,Raw,1898,"558,637|558,687",558687
import,quantity,,"Animals, Living :Oxen and Bulls",1896,"558,361",558361
import,value,,Plums „ . . . . . - „,1899,"558,273",558273
import,quantity,""" Imported in Bottles",Still,1900,"557,986",557986
reexport,quantity,"Wine, Imported in Casks",Red,1893,"557,621",557621
reexport,value,,Bideford -,1878,"557,589",557589
export_uk,value,,Blankets . . . . . mixed with,1897,"557,500",557500
import,quantity,,"Iron and Steel, Wrought or Manufactured - Cuts.",1870,"557,412",557412
reexport,value,,Greenock - - - - - -,1899,"557,003",557003
import,value,,„ Puddled - - - - -,1898,"556,549",556549
export_uk,value,,Cutlery - - - - -,1898,"556,334",556334
reexport,value,Sugar,Wine,1887,"556,214",556214
reexport,value,,"Shields, South . . . . .",1893,"555,296",555296
export_uk,quantity,,Stockings and Socks - Dozen Pairs,1894,"554,607",554607
export_uk,value,"Woollen, Tissues, viz. : Light, weighing up to 11 oz. per square yard",",, mixed with other materials - - - - -",1893,"554,470",554470
reexport,value,,"Iron and Steel, Wrought or Manufactured, Uncnumberated",1886,"554,432",554432
import,quantity,,"Meat, Unenumerated; Salted or Fresh -Preserved, otherwise than by salting -",1894,"554,366",554366
import,value,Nuts and Kernels,Of other Sorts - - - - -,1877,"554,157",554157
export_uk,value,,"Copper, viz. :Unwrought in Ingot, Cake or Slab and Precipitate . . . . .",1894,"553,755",553755
reexport,quantity,,"Hide, Raw",1883,"553,419",553419
import,quantity,,„ Coco Nut . . . . .,1900,"552,743",552743
import,value,,„ Coco Nut . . . . . „,1900,"552,743",552743
reexport,quantity,,"Iron and Steel, Wrought or Manufactured, Un-enumerated",1879,"551,368",551368
reexport,quantity,,"Iron and Steel, Wrought or Manufactured, Unenumerated",1879,"551,368",551368
import,value,Dyeing or Tanning Stuffs,Madder Root - - - - -,1868,"551,289",551289
import,value,,"Beef, Salted and Fresh - - - - -",1868,"550,663",550663
import,quantity,Nuts and Kernels,Of other Sorts,1874,"550,463",550463
reexport,quantity,Manufactures of Iron or Steel,Unenumerated,1898,"550,417",550417
reexport,value,"Corn, Grain, and Meal",Wheat,1877,"549,998",549998
import,value,,Mares - - - - -,1900,"549,774",549774
export_uk,quantity,,"Hats, viz :  Felt",1893,"549,643",549643
export_uk,quantity,,Felt,1893,"549,613",549613
export_uk,value,,Skins and Furs of all Sorts - - - - -,1869,"549,249|519,219",549249
export_uk,value,"Worsted Tissues, viz. : Worsted Coatings and Trouserings of all kinds",",, mixed with other materials - - - - -",1893,"549,120",549120
import,quantity,,Raisins,1882,"548,911",548911
import,quantity,Seeds,Other sorts,1897,"548,415",548415
import,value,,Cutch and Gambier,1892,"548,395",548395
import,value,Paper-making materials,""" "" Mechanical - - - - -",1899,"547,897",547897
import,value,,""" "" "" Velvet",1900,"547,405",547405
export_uk,value,,"Salt, Rock and White . . . . . Tons",1900,"547,395|457,340",547395
export_uk,value,,"Provisions, unenumerated (including provisionshermetically sealed) - - - - -",1895,"546,883",546883
import,value,,"Stones, &amp;c. . . . . Tons",1884,"369,891|546,277",546277
import,quantity,,"Vegetables, unenumerated",1881,"546,206",546206
export_uk,value,,"Wrought or Manufactured, viz. :Mixed or Yellow Metal . . . . .",1898,"546,024",546024
import,value,,"Silk, Knobs, or Husks of Silk, and Waste - - - - -",1898,"545,486",545486
import,value,,"Manures :  Phosphate of Lime and Rock . . . . . """,1888,"257,886|544,919",544919
reexport,quantity,Metals,"Iron and Steel, Wrought or Manufactured. Unenumerated - - - -",1891,"544,838",544838
import,value,,"Knobs, or Husks of Silk, and Waste - - - -",1896,"544,672",544672
reexport,quantity,,Spices : Cassia Lignea and Cassia Vera,1869,"544,422",544422
reexport,quantity,,Goats' Wool ; M hair - - - - -,1896,"543,920",543920
reexport,quantity,"Goats' Wool, viz.",Mohair,1896,"543,920",543920
import,value,,Valonia,1879,"542,949",542949
export_uk,value,,Soap . . . . . Cuts.,1892,"540,799",540799
import,value,,"Shells, of all kinds - - - - -",1900,"540,569",540569
import,value,,„ Puddled - - - - -,1897,"539,669",539669
reexport,quantity,Manufactures of Iron or Steel,Unenumerated,1899,"538,110",538110
export_uk,quantity,,"Metals, and Manufactures thereof, un-enumerated",1893,"537,141",537141
export_uk,quantity,,"Metals, and Manufactures thereof, unenumerated",1893,"537,141",537141
export_uk,value,,"Metals, and Manufactures thereof, enumer-ated - - - - -",1893,"537,141",537141
export_uk,value,,"Metals, and Manufactures thereof, enumerated - - - - -",1893,"537,141",537141
import,quantity,,Leather Manufactures :Boots and Shoes,1874,"536,904|44,742",536904
import,value,,„ Imported in Bottles : Still . . . . .,1896,"536,801",536801
export_uk,value,,"Metals, and Manufactures thereof, enumer-ated - - - - -",1896,"536,618",536618
export_uk,value,,"Metals, and Manufactures thereof, enumerated - - - - -",1896,"536,618",536618
reexport,value,,Choutchouc,1874,"536,391",536391
reexport,value,,Stockton - - - - -,1899,"535,379",535379
import,quantity,,""" """,1900,"534,601",534601
import,value,,Onion Raw - - - - -,1880,"534,357",534357
import,value,,Onions - - - - -,1880,"534,357",534357
reexport,value,,"Iron Bars, Angle, Bolt, and Rod - - - - -",1890,"533,533",533533
reexport,value,,Choutchouc,1870,"532,739",532739
import,quantity,,Leather Manufactures :Boots and Shoes,1870,"531,648",531648
reexport,quantity,Metals,"Iron and Steel, Wrought or Manufactured, Unenumerated Cuts.",1879,"531,368",531368
reexport,value,,Barrow-in-Furness,1876,"531,164",531164
import,quantity,,Cassia Lignea and Cassia Vera,1869,"530,537",530537
import,quantity,,Spices:Cassia Lignea and Cassia Vera,1869,"530,537",530537
export_uk,quantity,,"Wrought, Boots and Shoes",1886,"530,357",530357
reexport,value,Hemp,Dressel or Undressel - - - - -,1897,"529,225",529225
import,value,"Animals, Living",Sheep and Lambs - - - - -,1868,"527,161",527161
export_uk,quantity,,"Wrought, Boots and Shoes",1884,"526,544",526544
export_uk,value,,"Wrought or Manufactured, viz:Mixed or Yellow Metal Lbs.",1897,"219,502|526,071",526071
export_uk,value,,"Jute, viz. : Yarn . . . . .",1897,"525,951",525951
import,quantity,Nuts and Kernels,Of other Sorts,1876,"524,964",524964
reexport,value,Hemp,Dressel or Undressel - - - - -,1894,"524,805",524805
export_uk,quantity,,Fish: Herrings,1867,"524,734",524734
import,value,Sawn,Unenumerated - - - - -,1897,"524,625",524625
export_uk,value,,Soap . . . . . Cuts.,1891,"524,382",524382
reexport,quantity,,",, ,, Ornamental . . . . .",1900,"523,497",523497
export_uk,value,,"Worsted Tissues, viz. : Stuffs, Dress Goods, Linings, Lastings, &c. :All Wool - - - - - -",1898,"522,884",522884
import,value,Oils,Olive - - - - -,1895,"522,811",522811
reexport,value,,Gunno,1873,"522,745",522745
export_uk,value,,"Corlage, Cables, Ropes, and Twine, of Hemp or like Material . . . . .",1900,"522,461",522461
export_uk,value,,"Corlidge, Cables, Ropes, and Twine, of Hemp or like Material - - - - -",1900,"522,461",522461
import,value,"Dye-stuffs, and Substances for Tanning or Dyeing","Myrobalans . . . . . """,1896,"521,956",521956
import,quantity,,Spices:Cassia Lignea and Cassia Vera,1867,"521,852",521852
reexport,quantity,,Beads of all Sorts,1878,"521,822",521822
import,value,,Valonia,1884,"521,621",521621
import,value,Metals,"Tin, in Blocks, Ingots, Bars, or Slabs . . . . . Cwtts.",1884,"521,491",521491
export_uk,value,,"Furniture (household), Cabinet and Upholstery Wares, including Looking Glasses and Mirrors, framed . . . . .(Except bedsteads or other household furniture of iron or brass.)",1893,"521,219",521219
import,quantity,,Opium,1886,"521,124",521124
import,quantity,Drgus,Opium,1886,"521,124",521124
import,value,Oils,Turpentine - - - - -,1895,"520,065",520065
import,value,Sugar,Molasses,1868,"519,968",519968
reexport,value,"Skins, Furs, and Pelts","Goat, undressed",1888,"519,769",519769
import,value,,Guitta Percha,1892,"519,511",519511
import,value,Ham,Gutta Percha,1892,"519,511",519511
reexport,value,,Palm,1870,"518,672",518672
import,value,Metals,"Tin, in Blocks, Ingots, Bars, or Slabs . . . . . Cwtts.",1887,"518,360",518360
reexport,quantity,,"Aigaca, Vicuña, and Llama - - - - -",1898,"518,027",518027
reexport,quantity,,"Aipaca, Vicuña, and Llama - - - - -",1898,"518,027",518027
import,value,,Pig and Puddled - - - - -,1897,"517,656|517,686",517686
import,value,Dyeing or Tanning Stuffs,Garancine - - - - -,1868,"517,180",517180
import,value,Oils,Turpentine - - - - -,1897,"516,987",516987
import,value,Wool,Yeast,1894,"516,904",516904
import,value,,Turpentine . . . . . Cuts.,1892,"516,597",516597
import,value,Gum,"Lac, Seed, Shell, Stick, and Dye - - - - -",1893,"516,016",516016
import,value,Oils,Olive - - - - -,1897,"515,531",515531
export_uk,value,,"Wrought or Manufactured, viz:Mixed or Yellow Metal Lbs.",1896,"515,392|224,967",515392
import,quantity,,Raisins,1868,"512,462",512462
import,value,Fruit,"Raw, unenumerated - - - - -",1868,"511,915",511915
import,quantity,Nuts and Kernels,Of other Sorts,1873,"511,910",511910
import,quantity,,Raisins,1884,"511,870",511870
import,value,,"Tin, in Blocks, Ingots, Bars, or Slabs . . . . . Cuts.",1890,"510,769",510769
reexport,value,,Gunno,1875,"510,470",510470
import,value,Metals,"Tin, in Blocks, Ingots, Bars, or Slabs . . . . . Cwtts.",1885,"509,322",509322
import,value,,"Seeds, Clover and Grass - - - - -",1900,"508,913",508913
export_uk,value,"Railroad, viz.",Unenumerated . . . . . „,1899,"507,649|58,148",507649
export_uk,value,,"Metals :Iron : Old, for re-manufacture - - - - -",1882,"507,161",507161
export_uk,quantity,,"Unwrought in Ingots, Cakes orSlabs and precipitate",1893,"506,884",506884
export_uk,value,,"Copper, viz:Unwrought in Ingots, Cakes orSlabs and precipitate Cwts.",1893,"506,884",506884
reexport,value,Oil,Palm,1887,"506,699",506699
export_uk,quantity,,Bacon,1898,"506,476",506476
import,value,,"Mutton, Fresh . . . . . Cwtts.",1884,"503,194",503194
import,value,,"Cocoa or Chocolate, ground, prepared, or in any way  manufactured - - - - -",1899,"503,106|503,103",503106
import,value,Dyeing or Tanning Stuffs,Garancine - - - - -,1869,"202,372|502,372",502372
import,quantity,,Parcel Post (Goods Free of Duty) - Number of Parcels,1893,"502,364",502364
import,value,,"Cordage, Twine, and Cable Yarn - - - - -",1893,"502,145",502145
import,value,,"Corlage, Twine, and Cable Yarn - - - - -",1893,"502,145",502145
export_uk,value,,"Metals : Iron : Old, for re-manufacture - - - - - -",1870,"501,536",501536
export_uk,value,,Implementes and Tools of Industry - - - - -,1873,"500,780",500780
reexport,value,,Manufactures - - - - -,1896,"500,574",500574
reexport,value,Manufactures of Iron or Steel,Unenumerated - - - - -,1895,"499,934",499934
reexport,value,,Bristol -,1874,"499,743",499743
export_uk,value,Woollen Manufactures,Blankets and Blanketing - - - - -,1885,"498,823",498823
import,quantity,Oils,Turpentine,1896,"498,791",498791
import,value,,Cocoa Butter,1899,"498,452",498452
export_uk,value,,Manufactures of Steel or of Steel andIron combined - - - - -,1894,"498,181",498181
export_uk,value,,Soap . . . . . Cuts.,1890,"496,930",496930
reexport,value,,"Unwrought, in Bars, Blocks or Slabs, Cakes or Ingots - - - - -",1897,"495,524",495524
reexport,value,,"Unwrought, in Bars, Blocks or Slabs, Cakes or Ingotis . . . . .",1897,"495,324",495324
reexport,quantity,,Wheatmeal and Flour,1898,"495,109",495109
reexport,quantity,,Raw,1893,"494,784",494784
export_uk,value,Woollen and Worsted Manufactures,Blankets - - - - -,1895,"494,265",494265
import,quantity,,Raisins,1886,"493,673",493673
import,value,Fruit,Raisins . . . . . Cuts.,1886,"493,673",493673
export_uk,value,,Soap . . . . . Cuts.,1889,"493,392",493392
import,value,,„ Imported in Bottles : Still . . . . .,1898,"493,066",493066
import,value,"Corn, Grain, and Meal",Yarn - - - - -,1885,"492,492",492492
import,value,Oils,Turpentine - - - - -,1893,"492,220",492220
import,quantity,,Opium,1889,"492,115",492115
export_uk,value,,"Wool, viz. :Sheep and Lambs', British, raw or undressed - - - - -",1894,"491,014",491014
import,quantity,Drgus,Opium,1884,"490,675",490675
import,value,Oils,Turpentine - - - - -,1896,"490,381",490381
import,quantity,,Oxen and Bulls,1900,"490,333",490333
import,value,,"Pork, Salted and Fresh . . . . . Cuts.",1888,"489,353",489353
export_uk,value,,"Corlage, Cables, Ropes, and Twine, of Hemp or like Material . . . . .",1899,"488,989",488989
export_uk,value,,"Corlidge, Cables, Ropes, and Twine, of Hemp or like Material - - - - -",1899,"488,989",488989
reexport,value,,Barrow-in-Furness,1875,"488,940",488940
export_uk,value,,"Metals :Iron : Old, for re-manufacture - - - - -",1881,"488,047",488047
import,quantity,Drugs,Unenumerated,1878,"487,590",487590
export_uk,value,,"Metals : Iron : Old, for re-manufacture - - - - - -",1869,"487,379",487379
import,value,"Lace, and articles thereof",""" Of Silk",1900,"486,360",486360
export_uk,value,,""" Saddle and Harness - - - - -",1882,"486,086",486086
reexport,value,,Stuff - - - - -,1897,"485,798",485798
reexport,value,,Stuff's . . . . .,1897,"485,798",485798
reexport,value,""" "" Of Wool (other than Goats)",Stuffs - - - - -,1897,"485,798",485798
reexport,value,Woollen Manufactures,Stiffs - - - - -,1897,"485,798",485798
export_uk,value,"Worsted Tissues, viz.: Worsted Coatings and Trouserings of all kinds",",, mixed with other materials -",1899,"485,566",485566
reexport,value,Oil,Quicksilver,1889,"485,256",485256
export_uk,quantity,,Beer and Ale,1899,"485,032",485032
import,quantity,,Leather Manufactures :Boots and Shoes,1873,"483,648",483648
import,quantity,Leather Manufactures,Boots and Shoes,1873,"483,648",483648
reexport,value,,Barrow-in-Furness - - - - - - -,1899,"483,643",483643
import,value,,Potatoes - - - - -,1868,"483,616",483616
import,value,"Corn, Grain, and Meal",Yarn - - - - -,1882,"483,465",483465
reexport,value,,Maryport -,1878,"482,907",482907
reexport,value,Skins,"Sheep "" - - - - -",1897,"482,760",482760
import,value,Metals,"Tin, in Blocks, Ingots, Bars, or Slabs . . . . . Cwtts.",1886,"481,528",481528
reexport,value,,Llanelly -,1878,"481,375",481375
import,value,,"Milk, Condensed . . . . . Cut.",1892,"481,374",481374
reexport,value,,Lard,1900,"310,920|480,797",480797
reexport,quantity,"Wine, Imported in Casks",Red,1897,"479,698",479698
reexport,quantity,,"Unenumerated, undressed",1896,"479,603",479603
reexport,quantity,Skins,"Unenumerated, Undressed",1896,"479,603",479603
import,value,,Knobs or Husks of Silk and Waste,1879,"479,399",479399
export_uk,quantity,,Felt,1900,"478,598",478598
reexport,value,,"Sheep "" . . . . .",1895,"478,372",478372
reexport,value,Skins,"Sheep "" - - - - -",1895,"478,372",478372
import,quantity,Seeds,Other sorts,1896,"478,135",478135
reexport,quantity,,""" Cocoa or Chocolate, ground, prepared, or in any form manufactured",1896,"478,014",478014
import,quantity,,Lawl,1871,"477,568",477568
export_uk,quantity,,"Metals, and Manufactures thereof, un-enumerated",1894,"476,940",476940
export_uk,quantity,,"Metals, and Manufactures thereof, unenumerated",1894,"476,940",476940
export_uk,value,,"Metals, and Manufactures thereof, enumer-ated - - - - -",1894,"476,940",476940
export_uk,value,,"Metals, and Manufactures thereof, enumerated - - - - -",1894,"476,940",476940
export_uk,value,,"Metals, and Manufactures thereof, unenumer-ated - - - - -",1894,"476,940",476940
export_uk,value,,Manufactures of Steel or of Steel andIron combined - - - - -,1893,"475,622",475622
export_uk,value,,"— Manufactures of Steel, or of Steel and Iron combined . . . . . """,1893,"475,622|19,375",475622
import,quantity,,"Animals, Living: Oxen, Bulls, Cows, and Calves - Number",1894,"475,440",475440
reexport,value,"Hides, Raw, and pieces thereof",Wet - - - - -,1895,"475,073",475073
export_uk,value,,""" Saddle and Harness - - - - -",1881,"473,245",473245
export_uk,quantity,"Arms, Ammunition, and Military Stores",Of all other Kinds,1869,"472,451|472,454",472454
import,value,Dyeing or Tanning Stuffs,Valonia - - - - -,1868,"471,887",471887
import,quantity,,"Animals, Living :Oxen and Bulls",1894,"471,794",471794
export_uk,quantity,,"Hats, viz :  Felt",1895,"471,630",471630
export_uk,quantity,,"Hats, viz :  Felt",1896,"471,459",471459
reexport,value,,Stuff's . . . . .,1898,"470,327",470327
reexport,value,Woollen Manufactures,Stiffs - - - - -,1898,"470,327",470327
reexport,quantity,,Woolen Manufactures,1887,"469,741",469741
reexport,value,Wood and Timber,Woollen Manufactures,1887,"469,741",469741
import,quantity,,Clocks,1888,"469,450",469450
export_uk,value,,"Jute, viz. : Yarn . . . . .",1898,"469,165",469165
reexport,value,,Bacon and Hams . . . . . Cuts.,1890,"466,747",466747
export_uk,value,,"Copper, viz:Unwrought in Ingots, Cakes orSlabs and precipitate Cwts.",1896,"466,492",466492
reexport,value,Skins,"Sheep "" - - - - -",1893,"466,338",466338
reexport,quantity,,Wheatmeal or Flour,1899,"466,188",466188
reexport,value,,"Wheatmeal or Flour . . . . . """,1899,"466,188",466188
reexport,value,Skins,"Sheep "" - - - - -",1896,"465,230",465230
import,value,,Valonia,1885,"465,112",465112
import,quantity,,Parcel Post (Goods Free of Duty),1892,"464,792",464792
import,quantity,,Parcel Post (Goods Free of Duty) - Number of Parcels,1892,"464,792",464792
import,quantity,,"Meat, Unenumerated, Salted or Fresh",1899,"464,759",464759
export_uk,quantity,,"Cast and Wrought, and allother Manufactures",1889,"463,526",463526
export_uk,value,,"Cast and Wrought, and all other Manufactures . . . . . """,1889,"463,526",463526
import,value,Dyeing or Tanning Stuffs,Cutch and Gambier - - - - -,1868,"463,463",463463
reexport,quantity,,Raw,1900,"462,877",462877
reexport,quantity,Coffee,Raw . . . . .,1900,"462,877",462877
import,value,Gum,Gutta Percha,1884,"462,746",462746
import,value,Oil,Turpentine . . . . . Cwtts.,1884,"462,639",462639
import,value,,Dried . . . . . - Cwt.,1899,"462,575",462575
reexport,value,,Bristol -,1876,"462,387",462387
import,value,Gum,"Lao, Seed, Shell, Stick, and Dye",1884,"462,372",462372
export_uk,quantity,,"Railroad, viz :  Rails (Iron or Steel)",1893,"461,709",461709
export_uk,quantity,,Rails (Iron or Steel),1893,"461,709",461709
import,value,,Playing Cards (see Cards).Plumbago,1899,"461,587",461587
import,value,,Rosin - - - - -,1900,"461,064",461064
reexport,value,,"„ Lac dye, Seedlac, Shellac, and Sticklac . . . . .",1896,"460,338",460338
import,value,,"Knobs, or Husks of Silk, and Waste - - - -",1897,"460,095",460095
import,value,,"Silk, Knobs, or Husks of Silk, and Waste - - - - -",1897,"460,095",460095
import,value,Silk,"Knubs, or Husks of Silk, and Waste",1897,"460,095",460095
reexport,quantity,,""" Cocoa or Chocolate, ground, prepared, or in any way manufactured",1893,"459,271",459271
import,value,Ivory,"Teeth, Elephants', Sea-cows', or Walrus'",1896,"459,181",459181
export_uk,quantity,,"Metals, and Manufactures thereof, unenumerated",1895,"458,238",458238
export_uk,value,,"Metals, and Manufactures thereof, enumer-ated - - - - -",1895,"458,238",458238
export_uk,value,,"Metals, and Manufactures thereof, enumerated - - - - -",1895,"458,238",458238
export_uk,value,,"Metals, and Manufactures thereof, unenumer-ated - - - - -",1895,"458,238",458238
export_uk,quantity,,"Metals, and Manufactures thereof, un-enumerated",1895,"458,235",458235
reexport,value,"Skins, Furs, and Pelts","Goat, undressed",1887,"457,804",457804
reexport,quantity,,"Iron and Steel, Wrought or Manufactured, Unenumerated",1878,"456,357",456357
reexport,quantity,Metals,"Iron and Steel, Wrought or Manufactured, Unenumerated Cuts.",1878,"456,357",456357
import,value,Dyeing or Tanning Stuffs,Bark . . . . . Cuts.,1889,"456,344",456344
reexport,quantity,,""" Cocoa or Chocolate, ground, prepared, or in any form manufactured",1893,"456,271",456271
reexport,value,Silk,"Manufactures: Broadstuffs, Silk or Satin . . . . .",1900,"455,879",455879
import,quantity,Seeds,Tares and Lexills,1876,"455,789",455789
export_uk,quantity,,"Provisions, not otherwise described",1870,"455,606",455606
import,value,,"Cured, Sardines - - - - -",1893,"455,447",455447
import,value,,Other sorts of Shell Fish - - - - -,1893,"455,447",455447
reexport,quantity,,"Hide, Raw",1879,"455,333",455333
import,value,,"Oil :  Train or Blubber, and Sperm . . . . . Tons",1891,"454,704|21,969",454704
import,value,,"Train or Blubber, and Sperim - - - - -",1891,"454,701",454701
export_uk,value,,"Provisions, unenumerated (including provisionshermetically sealed) - - - - -",1894,"454,213",454213
export_uk,value,,"Cast and Wrought, and all other Manufactures . . . . . """,1890,"454,171",454171
import,value,Sawn,Unenumerated - - - - -,1896,"454,054",454054
reexport,quantity,,""" or Hair "" Other Sorts of Goats' Wool",1899,"454,000",454000
reexport,quantity,,""" or Hair""",1899,"454,000",454000
reexport,value,,"Unwrought, in Bars, Blocks or Slabs, Cakes or Ingotis . . . . .",1896,"452,697",452697
reexport,value,,"Unwrought, in Bars, Blocks or Slabs, Cakes or Ingots - - - - -",1896,"452,697",452697
reexport,quantity,,"Onions, Raw . . . . . . . . .",1899,"452,521",452521
reexport,quantity,"Vegetables, Raw",Onions,1899,"452,521",452521
reexport,value,,All other Sorts - - - - -,1877,"452,225",452225
import,quantity,,Of Felt,1893,"451,699",451699
export_uk,value,"Ammunition, viz.",Percussion Caps . . . . . Thousands,1897,"451,436",451436
import,quantity,,Opium,1890,"451,193",451193
reexport,quantity,Coffee,Raw,1897,"450,825|450,325",450825
reexport,quantity,,„ Cavendish or Negrohead,1893,"450,818",450818
reexport,quantity,Tobacco,""" Cigendish or Negrohead",1893,"450,818",450818
import,value,Nuts and Kernels,Of other Sorts,1881,"450,549",450549
import,value,"Corn, Grain, and Meal",Yarn - - - - -,1886,"450,039",450039
import,value,,Onion Raw - - - - -,1879,"450,019",450019
import,value,,Onions - - - - -,1879,"450,019",450019
import,quantity,,Other Sorts,1893,"448,877",448877
import,value,,Strawboard and Millboard - - - - -,1893,"448,121",448121
export_uk,quantity,,"Hats, viz :  Felt",1894,"447,359",447359
import,value,,Guitta Percha,1894,"446,279",446279
import,value,Ham,Gutta Percha,1894,"446,279",446279
import,value,,"Plants, Shrubs, Trees, and Flower Roots - - - - -",1900,"445,763",445763
reexport,value,,"Ivory, Teeth, Elephants', Sea Cow, Sea Horse or Sea Morsel - - - - -",1890,"444,811",444811
reexport,value,,"Ivory, Tooth, Elephants', Sea Cow, Sea Horse or Sea Morse - - - - -",1890,"444,811",444811
reexport,value,,"Ivory, Tooth, Elephants', Sea Cow, Sea Horse or Sea Narwhal",1890,"444,811",444811
import,quantity,,"Milk, Condensed",1891,"21,969|444,666",444666
import,value,,"Milk, Condensed . . . . . Cut.",1891,"444,666",444666
import,value,Furniture and Hardwoods,Unenumerated - - - - -,1887,"444,578|57,994",444578
export_uk,value,"Carriages, Carts, &amp;c.",Railway Carriages for Passengers and parts thereof - - - - -,1889,"444,414",444414
import,value,,Onion Raw - - - - -,1878,"444,084",444084
export_uk,quantity,"Arms, Ammunition, and Military Stores",Firearms (small),1871,"414,048|444,018|444,048|111,015",444048
export_uk,quantity,,Bacon,1899,"443,889",443889
export_uk,value,,Potatoes . . . . . Cuts.,1897,"443,700",443700
export_uk,quantity,Silk Manufactures,Of other Sorts,1870,"443,689",443689
export_uk,quantity,"Corn, Grain, and Meal",Of other Sorts,1868,"443,607",443607
import,value,,China or Porcelain and Earthenware,1878,"440,969",440969
import,quantity,,"Iron and Steel, Wrought or Manufactured - Cuts.",1871,"440,611",440611
import,value,,"Oil :  Train or Blubber, and Sperm . . . . . Tons",1889,"440,360|20,956",440360
import,value,,"Train or Blubber, and Sperim - - - - -",1889,"440,360",440360
import,value,Leather Manufactures,Unenumerated - - - - -,1896,"439,927",439927
reexport,value,Oil,Quicksilver,1887,"439,386",439386
reexport,quantity,Coffee,Raw,1895,"439,084",439084
import,quantity,,Of Felt,1894,"438,973",438973
reexport,value,,Pepper,1900,"438,753",438753
reexport,quantity,Drugs,Unenumerated,1895,"438,569",438569
import,value,Gums,"Lac, Seed, Shell, Stick, and Dye",1873,"438,004",438004
reexport,value,,Rochester -,1876,"437,945",437945
import,quantity,,Boots and Shoes,1868,"437,052",437052
import,quantity,,Leather Manufactures :Boots and Shoes,1868,"437,052",437052
import,value,"Corn, Grain, and Meal",Yarn - - - - -,1883,"436,835",436835
reexport,value,Dyeing or Tanning Stuffs,Cochineal,1871,"436,191",436191
import,value,,Onion Raw - - - - -,1877,"435,786",435786
import,value,,Onions - - - - -,1877,"435,786",435786
reexport,quantity,,"Hide, Raw",1880,"435,775",435775
import,value,,„ Imported in Bottles : Still . . . . .,1895,"434,990",434990
import,quantity,Nuts and Kernels,Of other Sorts,1872,"434,697",434697
export_uk,quantity,,Of other Sorts,1868,"228,850|434,547",434547
export_uk,value,"Carriages, Carts, &amp;c.","Railway Wagons, Trucks, &amp;c. - - - - -",1869,"434,311",434311
import,quantity,,All other Skins and Furs,1868,"433,881",433881
import,value,,Leather Manufactures :Boots and Shoes · · · · ·,1887,"433,019",433019
reexport,value,"Hides, Raw, and pieces thereof","Wet . . . . . """,1899,"432,912|227,407",432912
export_uk,value,"Implements and Tools, and parts thereof, viz.",Agricultural,1896,"432,811",432811
export_uk,value,,"Corlage, Cables, Ropes, and Twine, of Hemp or like Material . . . . .",1896,"432,517",432517
export_uk,value,,"Corlidge, Cables, Ropes, and Twine, of Hemp or like Material - - - - -",1896,"432,517",432517
reexport,value,"Hides, Raw, and pieces thereof",Dry . . . . . Cuts.,1900,"432,160",432160
import,quantity,,"Esparto, and all other Materials",1893,"431,726",431726
import,value,Oils,Turpentine - - - - -,1894,"431,382",431382
import,quantity,"Rags, and other materials for making Paper","Esparto, and other Materials",1892,"430,280",430280
export_uk,quantity,,"Wrought, Boots and Shoes - Dozen Pairs",1878,"430,273",430273
reexport,value,Oil,Rags and other Materials for making Paper,1889,"430,117",430117
import,value,Linen,Manufactures - - - - -,1888,"429,749",429749
import,value,"Corn, Grain, and Meal",Yarn - - - - -,1884,"429,600",429600
export_uk,value,,""" Saddle and Harness - - - - -",1883,"429,390",429390
import,value,Preserved otherwise than by Salting,Other Sorts - - - - -,1893,"428,662",428662
reexport,value,,Silver Ore - - - - -,1893,"428,517",428517
export_uk,value,,Cotton - - - - -,1900,"19,625|428,404",428404
export_uk,quantity,,"Cast and Wrought, and allother Manufactures",1888,"428,112",428112
import,value,Linen,Manufactures - - - - -,1891,"427,691",427691
export_uk,quantity,,Fish: Herring,1876,"426,588",426588
reexport,value,,"Lac, Seal, Shell, Stick, and Dye",1894,"426,500",426500
import,value,,Linen and Cotton Rags - - - - -,1889,"426,322",426322
reexport,value,"Metals, viz.","Iron Bars, Angle, Bolt, and Rod - - - - -",1879,"426,322|125,322",426322
import,value,,"Pork, Salted and Fresh . . . . . Cuts.",1887,"424,983",424983
reexport,value,,"Unwrought, in Bars, Blocks or Slabs, Cakes or Ingotis . . . . .",1893,"423,972",423972
reexport,value,,"Unwrought, in Bars, Blocks or Slabs, Cakes or Ingots - - - - -",1893,"423,972",423972
reexport,quantity,,"Hide, Raw",1882,"423,504",423504
reexport,value,,"Sauces or Condiments, unenumerated . . . . .",1900,"422,928|9,754",422928
import,value,,Turpentine . . . . . Cuts.,1891,"422,530",422530
import,value,Ivory,"Teeth, Elephants', Sea-cows', or Walrus'",1897,"422,398",422398
export_uk,quantity,,Implements and Tools of Industry,1881,"422,151",422151
export_uk,value,,Implementes and Tools of Industry - - - - -,1881,"422,151",422151
reexport,value,,Unrefined - - - - -,1879,"421,677",421677
export_uk,quantity,Wrought or Manufactured,Of other Sorts,1885,"421,481",421481
import,value,,Turpentine . . . . . Cuts.,1890,"421,453",421453
export_uk,value,,Bottles and Manufactures of Green or Common Glass . . . . .,1900,"421,207",421207
export_uk,quantity,,Implements and Tools of Industry,1878,"420,925",420925
export_uk,value,,Implementes and Tools of Industry - - - - -,1878,"420,925",420925
reexport,value,,"Spun Silk Yarn, dyed or not dyed . . . . .",1898,"420,668",420668
reexport,quantity,,"Unenumerated, undressed",1898,"420,317",420317
import,quantity,Manures,Phosphate of Lime and Rock,1899,"420,108",420108
import,quantity,,"Phosphate of Lime, and Rock Phosphate",1899,"420,103",420103
import,value,Nuts and Kernels,"Of other Sorts, including ""Nuts, for Fruit""",1879,"419,576",419576
import,value,,Resin - - - - -,1896,"419,563",419563
import,value,,"Oil :  Train or Blubber, and Sperm . . . . . Tons",1890,"419,401|20,307",419401
import,value,,"Train or Blubber, and Sperim - - - - -",1890,"419,401",419401
import,quantity,,"Hides, Raw, and pieces thereof, Dry",1894,"419,205",419205
export_uk,value,Cotton Manufactures,Stockings and Secks - - - - -,1872,"418,839",418839
export_uk,value,,"Copper, viz:Unwrought in Ingots, Cakes orSlabs and precipitate Cwts.",1897,"418,600",418600
reexport,value,Manufactures of Iron or Steel,Unenumerated - - - - -,1894,"417,265",417265
reexport,quantity,,""" Cocoa or Chocolate, ground, prepared, or in any form manufactured",1895,"417,093",417093
reexport,value,,Peterhead . . . . .,1893,"416,415",416415
export_uk,value,,Implementes and Tools of Industry - - - - -,1875,"416,331",416331
reexport,quantity,Drugs,Opium,1900,"416,267",416267
import,value,Metals,— Manufactures - - - - -,1877,"416,135",416135
import,quantity,,"Paper and Pasteboard :Of all Kinds, except Hangings",1871,"415,933|415,333",415933
reexport,value,Tobacco,""" Cigendish or Negrohead . . . . . """,1896,"415,394",415394
reexport,quantity,Tobacco,""" Cigendish or Negrohead",1896,"415,324",415324
import,value,,"Train or Blubber, and Sperim - - - - -",1892,"415,181",415181
reexport,quantity,,Lani - - - - - - - - -,1897,"414,659",414659
reexport,value,"Corn, Grain, and Meal",Wheat,1876,"414,595",414595
reexport,value,Tin,"In Blocks, Ingots, Bars or Slabs . . . . . Cuts.",1895,"414,200",414200
reexport,value,Tobacco,""" Cigendish or Negrohead . . . . . """,1898,"414,191",414191
import,value,,Onions - - - - -,1878,"414,084",414084
import,value,,Paraffine . . . . . Gallons,1885,"232,667|414,020",414020
export_uk,quantity,Wrought or Manufactured,Of other Sorts,1884,"413,711",413711
export_uk,value,"Corn, Grain, and Meal",Of other Sorts - - - - -,1868,"413,607",413607
import,quantity,,"Animals, Living :Oxen and Bulls",1895,"413,337",413337
reexport,value,,Wheat,1871,"412,710",412710
export_uk,value,,Implementes and Tools of Industry - - - - -,1876,"412,615",412615
reexport,value,,Maryport - - - - - -,1893,"412,348",412348
import,quantity,,"Paper and Pasteboard :Of all Kinds, except Hangings",1869,"412,326",412326
reexport,value,Skins,"Sheep "" - - - - -",1894,"412,029",412029
export_uk,quantity,,"Hats, viz :  Felt",1897,"411,912",411912
reexport,value,Oil,Rags and other Materials for making Paper,1888,"411,645",411645
export_uk,value,"Ammunition, viz.",Percussion Caps . . . . . Thousands,1896,"411,450",411450
export_uk,quantity,,"Hoops, Sheets, and BoilerPlates",1888,"411,357",411357
import,value,Metals,— Manufactures - - - - -,1876,"411,325",411325
import,quantity,,"Paper and Pasteboard :Of all Kinds, except Hangings",1870,"411,257",411257
import,value,"Dye-stuffs, and Substances for Tanning or Dyeing","Myrobalans . . . . . """,1898,"411,070",411070
export_uk,quantity,,Implements and Tools of Industry,1874,"411,017",411017
export_uk,value,,"Wool, viz. :Sheep and Lambs', British, raw or undressed - - - - -",1898,"410,558",410558
import,value,Ivory,"Teeth, Elephants', Sea-cows', or Walrus'",1898,"410,511",410511
reexport,value,,Stuff's . . . . .,1899,"410,208",410208
reexport,value,,Stuffs . . . . .,1899,"410,208",410208
reexport,value,,Straw Plaiting for making Hats or Bonnets - - - - -,1893,"409,947",409947
reexport,value,,Straw Platting for making Hats or Bonnets - - - - -,1893,"409,947",409947
reexport,value,,"Lac, Seal, Shell, Stick, and Dye",1896,"409,338",409338
export_uk,value,,Agricultural . . . . .,1899,"409,045",409045
export_uk,value,"Implements and Tools, and parts thereof, viz.",Agricultural,1899,"409,045",409045
import,value,,"Clocks, and parts thereof - - - - -",1885,"408,809",408809
import,quantity,Leather Manufactures,Unenumerated,1895,"408,408",408408
reexport,value,,Bristol -,1875,"408,099",408099
import,value,,Turpentine . . . . . Cuts.,1889,"408,074",408074
import,value,,Resin - - - - -,1897,"407,771",407771
import,value,Linen,Manufactures - - - - -,1894,"407,448",407448
import,value,,"Milk, Condensed . . . . . Cut.",1890,"407,426",407426
import,value,Sawn,Unenumerated - - - - -,1893,"406,959",406959
import,value,Dye Woods,Logwood - - - - -,1895,"58,064|406,734",406734
export_uk,quantity,,Implements and Tools of Industry,1877,"406,672",406672
export_uk,value,,Implementes and Tools of Industry - - - - -,1877,"406,672",406672
export_uk,value,,Straw . . . . .,1900,"406,218",406218
import,value,Guia,Of other Sorts,1889,"405,513",405513
reexport,value,,""" Unwrought, in Bars, Blocks, Slabs, Cakes and Ingots - - - - -",1897,"405,324",405324
export_uk,value,Metals,""" Manufactures of Steel or of Steel and    Iron combined - - - - -",1885,"405,100",405100
export_uk,value,Woollen Manufactures,Flannels - - - - -,1869,"404,890",404890
export_uk,value,,"Corlage, Cables, Ropes, and Twine, of Hemp or like Material . . . . .",1898,"404,847",404847
export_uk,value,,"Corlidge, Cables, Ropes, and Twine, of Hemp or like Material - - - - -",1898,"404,847",404847
reexport,quantity,,Unrefined,1879,"404,343",404343
import,value,Ivory,"Teeth, Elephants', Sea-cows', or Walrus'",1899,"404,063",404063
reexport,value,,Stuff - - - - -,1896,"403,964",403964
reexport,value,,Stuff's . . . . .,1896,"403,964",403964
reexport,value,""" "" Of Wool (other than Goats)",Stuffs - - - - -,1896,"403,964",403964
reexport,value,Woollen Manufactures,Stiffs - - - - -,1896,"403,964",403964
import,quantity,,Racoon,1867,"403,481",403481
reexport,value,,Bristol -,1877,"403,371",403371
import,quantity,Metals,Manufactures,1891,"403,163",403163
import,value,,Manufactures . . . . . Cuts.,1891,"403,163",403163
reexport,quantity,"Hides, Raw, and pieces thereof",Dry,1898,"402,160",402160
reexport,value,"Hides, Raw, and pieces thereof",Dry . . . . . Cuts.,1898,"402,160",402160
import,value,Metals,""" Manufactures . . . . . Cwtts.",1884,"401,603",401603
export_uk,value,,"Rags (except Woollen), and other Materials formaking Paper - - - - -",1894,"399,684",399684
reexport,quantity,Hats or Bonnets,""" Other Materials",1896,"399,591",399591
export_uk,value,,"Checked, Printed or Dyed, and Damaskand Diaper - - - - -",1895,"399,525",399525
export_uk,value,,"Checkel, Printed or Dyed, and Damaskand Diaper - - - - -",1895,"399,525",399525
export_uk,value,Linen Manufactures,"Checkel, Printed, or Dyed - - - - -",1895,"399,525",399525
export_uk,value,,"Metals : Iron : Old, for re-manufacture - - - - - -",1873,"399,522",399522
reexport,quantity,"Vegetables, Raw",Onions,1898,"398,935",398935
import,value,Ivory,"Teeth, Elephants', Sea-cows', or Walrus'",1900,"398,654",398654
export_uk,value,,Candles of all Sorts,1900,"398,138",398138
export_uk,value,"Implements and Tools, and parts thereof, viz.",Agricultural,1897,"397,986",397986
import,quantity,Fruit,Raisins,1869,"397,816|397,846",397846
import,value,Hewn,Unenumerated - - - - -,1897,"397,836",397836
import,value,Wool and Timber,Unenumerated - - - - -,1897,"397,836",397836
import,value,,Straw . . . . . Lbs.,1885,"397,756",397756
export_uk,value,,"Railway Waggons, Trucks, &c. and parts thereof - - - - -",1882,"397,469",397469
reexport,value,,Stuff's . . . . .,1900,"395,811",395811
reexport,value,,Stuffs . . . . .,1900,"395,811",395811
import,value,Metals,""" Manufactures . . . . . Cwtts.",1887,"395,279",395279
export_uk,quantity,,— Wrought or Manufactured:— Mixed or Yellow Metal,1883,"395,077",395077
export_uk,value,"Manufactured, viz.",Unenumerated - - - - -,1898,"393,797",393797
import,value,,"Grapes, Raw - - - - -",1892,"393,644",393644
export_uk,value,"Ammunition, viz.",Percussion Caps . . . . . Thousands,1899,"393,615",393615
import,value,Metals,""" Manufactures . . . . . Cwtts.",1885,"393,282",393282
import,quantity,,Watches,1881,"393,072",393072
reexport,value,,"Manufactured, of all Kinds - - - - -",1895,"393,050|154,820",393050
export_uk,value,,"Provisions, unenumerated (including provisions hermetically sealed)",1893,"393,001",393001
export_uk,value,,"Provisions, unenumerated (including provisionshermetically sealed) - - - - -",1893,"393,001",393001
import,value,,""" Other sorts of Fresh Fish - - - - -",1899,"392,779",392779
import,value,,Knobs or Husks of Silk and Waste,1878,"392,669",392669
export_uk,value,,"Checked, Printed or Dyed, and Damaskand Diaper - - - - -",1896,"392,597",392597
export_uk,value,,"Checkel, Printed or Dyed, and Damaskand Diaper - - - - -",1896,"392,597",392597
export_uk,value,Linen Manufactures,"Checked, Printed, or Dyed - - - - -",1896,"392,597",392597
export_uk,value,,Agricultural . . . . .,1898,"392,076",392076
export_uk,value,"Implements and Tools, and parts thereof, viz.",Agricultural,1898,"392,076",392076
reexport,value,"Corn, Grain and Meal",Wheat . . . . . Cuts.,1888,"391,925",391925
export_uk,quantity,"Sugar, viz.","Molasses, Treacle, Syrup, and Glucose",1893,"391,676",391676
export_uk,value,"Coals, Cinders, &amp;c.",Coke and Cinders - - - - -,1887,"391,634",391634
export_uk,quantity,,"Molasses, Treacle, Syrup, andGlucose",1893,"391,076",391076
import,value,Dyeing or Tanning Stuffs,Bark . . . . . Cuts.,1886,"390,738",390738
export_uk,value,,"Copper, viz:Unwrought in Ingots, Cakes orSlabs and precipitate Cwts.",1894,"390,717",390717
reexport,value,,"Lac, Seal, Shell, Stick, and Dye",1897,"390,655",390655
export_uk,value,,"Milk, Condensed - - - - -",1900,"390,559",390559
import,value,Sawn,Unenumerated - - - - -,1895,"390,433",390433
reexport,value,,"„ Lac dye, Seedlac, Shellac, and Sticklac . . . . .",1897,"390,055",390055
reexport,quantity,,"Hide, Raw",1881,"389,871",389871
import,value,,"Train or Blubber, and Sperim - - - - -",1893,"389,861",389861
import,value,,Leather Manufactures :Boots and Shoes · · · · ·,1888,"389,826",389826
import,quantity,"Animals, Living","Cxen, Bulls, Cows, and Calves",1880,"389,724",389724
import,value,,"Oil, Fish : Train, or Blubber",1900,"389,712",389712
export_uk,value,"Worsted Tissues, viz. : Worsted Coatings and Trouserings of all kinds","Narrow, all Wool - - - - -",1893,"389,571",389571
export_uk,value,"Coals, Cinders, &amp;c.",Coke and Cinders - - - - -,1886,"338,537|388,537",388537
import,value,,Turpentine - - - - -,1885,"387,927",387927
export_uk,value,"Carriages, Carts, &amp;c.","Railway Waggon, Trucks, &amp;c. - - - - -",1870,"387,887",387887
export_uk,value,"Carriages, Carts, &amp;c.","Railway Wagons, Trucks, &amp;c. - - - - -",1870,"387,887",387887
reexport,quantity,"Vegetables, Raw",Onions,1897,"387,634",387634
import,value,Cotton,Yarn - - - - -,1893,"387,426",387426
import,value,Oils,"Fish, Train, or Blubber - - - - -",1894,"387,395",387395
import,quantity,,Manufactures,1895,"381,930|387,212",387212
import,value,,"„ Unenumerated, For expressing Oil therefrom - - - - -",1900,"387,138",387138
export_uk,quantity,,— Wrought or Manufactured:— Mixed or Yellow Metal,1884,"386,629",386629
reexport,quantity,,Sponge,1900,"386,287",386287
reexport,quantity,Beer and Ale,Manufactures of,1895,"386,207",386207
export_uk,value,,""" Saddle and Harness - - - - -",1885,"385,786",385786
export_uk,quantity,,"Hoops, Sheets, and BoilerPlates",1889,"385,723",385723
export_uk,quantity,Wrought or Manufactured,Of other Sorts,1887,"385,551",385551
import,value,"Dye-stuffs, and Substances for Tanning or Dyeing",Bark . . . . . Ccts.,1895,"384,959",384959
reexport,quantity,Tobacco,""" Cigendish or Negrohead",1895,"384,873",384873
export_uk,quantity,,Bacon,1896,"384,858",384858
reexport,value,Drugs,Unnumerated - - - - -,1887,"384,740",384740
reexport,value,,"Lac, Seal, Shell, Stick, and Dye",1895,"384,635",384635
reexport,value,Tobacco,""" Cigendish or Negrohead . . . . . """,1895,"384,373",384373
import,quantity,Metals,Manufactures,1889,"381,070|384,070",384070
import,value,,All other sorts - - - - -,1895,"384,070",384070
import,value,,Manufactures . . . . . Cuts.,1889,"384,070",384070
import,value,,"Pork, Salted and Fresh . . . . . Cuts.",1885,"383,636",383636
export_uk,value,,"Thrown, Twist or Yarn - - - - -",1893,"383,625",383625
import,value,Gum,"Lao, Seed, Shell, Stick, and Dye",1885,"383,102",383102
import,quantity,,Sheep and Lambs,1900,"382,833",382833
reexport,quantity,,Lani - - - - - - - - -,1896,"382,774",382774
import,value,,"Ores, unenumerated",1900,"382,701",382701
export_uk,value,,"Corlage, Cables, Ropes, and Twine, of Hemp or like Material . . . . .",1897,"382,435",382435
export_uk,value,,"Corlidge, Cables, Ropes, and Twine, of Hemp or like Material - - - - -",1897,"382,435",382435
import,value,Leather Manufactures,Unenumerated - - - - -,1891,"382,231",382231
import,value,Linen,Manufactures - - - - -,1895,"381,930",381930
reexport,quantity,Tin,"In Blocks, Ingots, Bars or Slabs",1893,"381,399",381399
export_uk,value,,""" Saddle and Harness - - - - -",1884,"380,815",380815
import,value,,„ Imported in Bottles : Still . . . . .,1899,"380,770",380770
reexport,value,,"Ivory, Teeth, Elephants', Sea Cow, Sea Horse or Sea Morsel - - - - -",1891,"380,747",380747
reexport,value,,"Ivory, Tooth, Elephants', Sea Cow, Sea Horse or Sea Morse - - - - -",1891,"380,747",380747
reexport,value,,"Ivory, Tooth, Elephants', Sea Cow, Sea Horse or Sea Narwhal",1891,"380,747",380747
reexport,value,,Lerwick - - - - - -,1899,"380,530",380530
import,value,Guia,Of other Sorts,1888,"380,293",380293
export_uk,value,"Implements and Tools, and parts thereof, viz.",Agricultural,1895,"379,989",379989
reexport,value,Drugs,Unnumerated - - - - -,1885,"379,605",379605
import,value,Cotton,Yarn - - - - -,1894,"379,386",379386
import,value,Cotton,Yarn - - - - -,1895,"379,349",379349
export_uk,quantity,,Tin Plates and Sheets,1893,"379,172",379172
import,quantity,Metals,Manufactures,1892,"379,161",379161
import,value,Manufactures,Boots and Shoes - - - - -,1893,"379,056",379056
import,value,,Rosin,1870,"373,018|373,918|378,918",378918
import,value,,Turpentine - - - - -,1880,"378,838",378838
reexport,value,Sugar,Tallow and Stearine,1889,"378,649",378649
import,value,Oils,"Fish, Train, or Blubber - - - - -",1895,"378,513",378513
export_uk,quantity,,Implements and Tools of Industry,1880,"378,413",378413
export_uk,value,,Implementes and Tools of Industry - - - - -,1880,"378,413",378413
export_uk,value,,"Jute, viz. : Yarn . . . . .",1896,"378,356",378356
import,quantity,,Genever,1897,"378,338|378,228",378338
import,value,,Manufactures . . . . . Cuts.,1892,"378,161",378161
import,quantity,,Leather Manufactures :Boots and Shoes,1869,"378,024",378024
export_uk,value,,"Checkel, Printed or Dyed, and Damaskand Diaper - - - - -",1894,"377,997",377997
export_uk,value,Linen Manufactures,"Checkel, Printed, or Dyed - - - - -",1894,"377,907",377907
reexport,value,,"Ivory, Teeth, Elephants', Sea Cow, Sea Horse or Sea Morsel - - - - -",1889,"377,718",377718
import,value,,Rabbits (dead) . . . . . Cuts.,1899,"377,311",377311
import,value,,Candles of all Sorts,1878,"377,220",377220
reexport,value,Tobacco,"Manufactured, Figures . . . . . """,1898,"377,189",377189
import,value,,Cocoa Nut - - - - -,1877,"376,932",376932
reexport,quantity,"Goats' Wool, viz.","Other kinds, and Flocks",1895,"376,235",376235
reexport,quantity,Wool,"Other kinds, and Flocks",1895,"376,235",376235
export_uk,value,,"Jute, viz. : Yarn . . . . .",1894,"376,084",376084
export_uk,value,,"Rags (except Woollen), and other Materials for making Paper . . . Tons",1900,"62,258|375,275",375275
import,value,,Peralpine - - - - -,1889,"374,887",374887
export_uk,quantity,,"Railroad, viz :  Rails (Iron or Steel)",1895,"374,313",374313
import,value,Guia,Of other Sorts,1887,"374,247",374247
import,quantity,,Locks,1872,"374,241",374241
reexport,value,Tin,"In Blocks, Ingots, Bars or Slabs . . . . . Cuts.",1896,"374,145",374145
reexport,quantity,"Vegetables, Raw",Onions,1900,"373,729",373729
import,value,,"Oil :Train or Blubber, and Sperm · · · · ·",1887,"373,275",373275
import,value,,"Prints, Engravings, and Photographs - - - - -",1900,"372,785",372785
import,value,"Dye-stuffs, and Substances for Tanning or Dyeing","Myrobalans . . . . . """,1897,"371,909",371909
import,value,,"Pork, Salted and Fresh . . . . . Cuts.",1886,"371,696",371696
export_uk,value,,Common Bottles - - - - -,1896,"370,749",370749
reexport,value,Tobacco,""" Cigendish or Negrohead . . . . . """,1897,"370,163",370163
import,value,Oils,Coco Nut - - - - -,1894,"369,737",369737
export_uk,quantity,,"Cast and Wrought, and allother Manufactures",1887,"369,307",369307
export_uk,value,Woollen and Worsted Manufactures,Flannels - - - - -,1895,"369,258",369258
import,value,Metals,.. Manufactures - - - - -,1888,"369,138",369138
reexport,quantity,"Hides, Raw, and pieces thereof, viz.",Dry,1897,"369,067",369067
import,quantity,Metals,Manufactures,1893,"368,843",368843
import,quantity,,"Paper and Pasteboard :Of all Kinds, except Hangings",1868,"368,841",368841
import,value,Skins and Furs,""" Seal Skins",1900,"368,715",368715
import,quantity,,Phosphate of Lime and Rock,1889,"301,953|304,938|368,652",368652
export_uk,value,"Ammunition, viz.",Percussion Caps . . . . . Thousands,1898,"368,243",368243
import,value,,Seed - - - - -,1885,"368,130",368130
reexport,value,Oil,Quicksilver,1888,"367,572",367572
reexport,value,Sugar,Tallow and Stearine,1888,"367,537",367537
reexport,value,Drugs,Unnumerated - - - - -,1888,"366,566",366566
import,quantity,,Manufactures,1887,"26,378|366,541|366,511|366,544|366,514",366544
reexport,value,,Silver Ore - - - - -,1894,"366,377",366377
reexport,value,Drugs,Unnumerated - - - - -,1889,"365,841",365841
export_uk,value,Woollen Manufactures,Flannels - - - - -,1870,"365,641|363,611",365641
export_uk,quantity,,"Hoops, Sheets, and Boiler {and Armour Plates",1896,"365,165",365165
export_uk,quantity,,"Molasses, Treacle, Syrup, andGlucose",1894,"365,041",365041
export_uk,value,,"Cast and Wrought, and all other Manufactures . . . . . """,1891,"364,903",364903
import,value,,""" Thrown, dyed or not dyed - - - - -",1899,"264,685|364,685",364685
export_uk,value,,Stockings and Socks - - - - -,1868,"364,572",364572
export_uk,value,Cotton Manufactures,Stockings and Secks - - - - -,1868,"364,572",364572
export_uk,quantity,,Implements and Tools of Industry,1872,"361,560|364,560",364560
export_uk,value,,Implementes and Tools of Industry - - - - -,1872,"364,560",364560
import,quantity,Metals,Manufactures,1888,"364,485",364485
import,value,Metals,""" Manufactures . . . . . Cwtts.",1888,"364,485",364485
export_uk,value,,Implementes and Tools of Industry - - - - -,1879,"364,209",364209
import,value,Metals,""" Manufactures . . . . . Cwtts.",1886,"363,629",363629
reexport,value,Drugs,Unnumerated - - - - -,1886,"363,398",363398
import,value,,"Bones, of all Kinds (except Whalefins) - - - - -",1892,"362,807",362807
import,value,Oils,"Fish, Train, or Blubber - - - - -",1893,"362,686",362686
import,value,Sawn,Unenumerated - - - - -,1894,"361,916",361916
export_uk,value,,Sculls of all sorts - - - - -,1893,"361,717",361717
export_uk,value,,Steels of all sorts - - - - -,1893,"361,717",361717
export_uk,value,,"Rags (except Woollen), and other Materials formaking Paper - - - - -",1893,"361,542",361542
export_uk,value,,"Rags (except Woollens), and other Materials for making Paper - - - - -",1893,"361,542",361542
import,value,,Manufactures . . . . . Cuts.,1888,"361,485",361485
export_uk,quantity,,Implementa and Tools of Industry,1879,"361,209",361209
export_uk,quantity,,Implements and Tools of Industry,1879,"361,209",361209
import,quantity,,"China or Porcelain, and Earthenware",1899,"361,048",361048
import,quantity,,"Chinaaware or Porcelain, and Earthenware",1899,"361,048",361048
import,quantity,,"Chinaware or Porcelain, and Earthenware",1899,"361,048",361048
export_uk,quantity,,"Unwrought in Ingots, Cakes or Slabs and precipitate",1900,"360,726",360726
export_uk,quantity,,"Unwrought in Ingots, Cakes orSlabs and precipitate",1900,"360,726",360726
import,quantity,,"Chinaaware or Porcelain, and Earthenware",1900,"360,684",360684
import,quantity,,"Chinaware or Porcelain, and Earthenware",1900,"360,684",360684
reexport,value,Oil,Rags and other Materials for making Paper,1890,"360,095",360095
reexport,quantity,"Hides, Raw, and pieces thereof",Dry,1897,"360,067",360067
reexport,value,"Hides, Raw, and pieces thereof",Dry . . . . . Cuts.,1897,"360,067",360067
import,quantity,,Raisins,1866,"359,916",359916
import,value,Linen,Manufactures - - - - -,1893,"359,829",359829
import,value,Oil,Turpentine . . . . . Cwtts.,1887,"359,202",359202
import,value,,Turpentine . . . . . Cuts.,1888,"359,070",359070
import,value,Oil,Turpentine . . . . . Cwtts.,1888,"359,070",359070
export_uk,quantity,,Cement,1896,"358,769",358769
reexport,quantity,,",, Snuff . . . . .",1899,"358,641",358641
import,value,Wood and Timber,"""    Unenumerated - - - - -",1900,"358,312",358312
export_uk,quantity,Wrought or Manufactured,Of other Sorts,1886,"358,309",358309
reexport,value,Oil,Rags and other Materials for making Paper,1887,"358,234",358234
reexport,value,Metals,"Copper, Unwrought, part Wrought, and old Copper -",1895,"357,784|357,781",357784
export_uk,quantity,Silk Manufactures,Of other Sorts,1866,"357,545",357545
import,quantity,,"Hides, Raw, and pieces thereof, Dry",1893,"357,115",357115
import,value,,All other sorts - - - - -,1893,"356,704",356704
export_uk,value,,"Jute, viz. : Yarn . . . . .",1895,"355,854",355854
import,quantity,,"Phosphate of Lime, and Rock Phosphate",1900,"355,502",355502
import,quantity,,Tar,1900,"355,416",355416
import,value,,Of other Sorts - - - - -,1891,"355,276|299,100|108,596",355276
import,value,,"„ Plate, Fluted, rolled or rough - - - - -",1900,"354,789",354789
export_uk,quantity,Silk Manufactures,Of other Sorts,1869,"354,627",354627
import,value,Oils,"Fish, Train, or Blubber - - - - -",1896,"354,515",354515
reexport,value,,"Lac, Seal, Shell, Stick, and Dye",1893,"354,464",354464
export_uk,quantity,,Manure (including Sulphate of Am-monia and other Chemical Manures) } Tons.,1896,"354,357",354357
reexport,value,,"Ivory, Teeth, Elephants', Sea Cow, Sea Horse or Sea Mors",1881,"354,340",354340
reexport,value,,"Ivory, Teeth, Elephants', Sea Cow, Sea Horse or Sea Morsic - - - - -",1881,"354,340",354340
reexport,value,,"Teeth, Elephants', Sea Cow, and Sea Horse - - - - -",1881,"354,340",354340
export_uk,quantity,,Manure (including Sulphate of Am-monia and other Chemical Manures) } Tons.,1894,"354,303",354303
export_uk,quantity,,"Cast and Wrought, and allother Manufactures",1886,"353,923",353923
reexport,value,Tobacco,""" Cavendish or Negrohead",1899,"16,048|353,641",353641
reexport,value,Tobacco,""" Cigendish or Negrohead . . . . . """,1899,"353,641",353641
reexport,quantity,Sugar,""" Cane, and other sorts",1893,"352,839",352839
export_uk,quantity,,Manure (including Sulphate of Am-monia and other Chemical Manures) } Tons.,1893,"352,588",352588
import,value,,"Milk, Condensed . . . . . Cut.",1888,"352,332",352332
reexport,value,"Skins, Furs, and Pelts","Goat, undressed - - - - -",1882,"352,202",352202
import,quantity,,"Chinaaware or Porcelain, and Earthenware",1897,"351,310",351310
import,quantity,,"Chinaware or Porcelain, and Earthenware",1897,"351,310",351310
reexport,value,Sugar,Tallow and Stearine,1887,"351,173",351173
import,value,,Saltpetre . . . . . Cuts.,1888,"351,052",351052
export_uk,quantity,,"Hoops, Sheets, and BoilerPlates",1887,"351,041",351041
import,value,,Leather Manufactures :Boots and Shoes · · · · ·,1889,"350,856",350856
import,value,,Manufactures . . . . . Cuts.,1890,"350,852",350852
reexport,quantity,Tobacco,"Unmanufactured, Stemmed or Stripped",1893,"350,455",350455
reexport,value,,Hartlepool -,1878,"349,731",349731
import,quantity,,Spices:Cassia Lignea and Cassia Vera,1866,"349,349",349349
export_uk,value,"British, viz.",Unenumerated - - - - -,1900,"348,877",348877
reexport,value,"Corn, Grain and Meal",Wheat . . . . . Cuts.,1889,"348,728",348728
import,quantity,,"Methylic Alcohol, not purified so as to be potable - Gallons",1899,"348,307",348307
import,quantity,"""    Manufactures of Iron and Steel","Methylc. Alcohol, not purified so as to be potable",1899,"348,307",348307
import,quantity,",, Manufactures of Iron and Steel","Methylic Alcohol, not purified so as to be potable",1899,"348,307",348307
export_uk,value,"Coal, Cinders, &amp;c.",Coke and Cinders - - - - -,1885,"348,292|318,292",348292
export_uk,quantity,,Implements and Tools of Industry,1869,"348,261",348261
export_uk,value,,Implement and Tools of Industry - - - - -,1869,"348,261",348261
export_uk,value,,Implementes and Tools of Industry - - - - -,1869,"348,261",348261
export_uk,value,,Implements and Tools of Industry - - - - -,1869,"348,261",348261
export_uk,quantity,,"Cast and Wrought, and allother Manufactures",1885,"347,963",347963
import,value,Gum,Gutta Percha,1885,"347,133",347133
import,value,,Boots and Shoes - - - - -,1885,"346,884",346884
import,value,,Resin - - - - -,1895,"346,798",346798
import,value,,Plumbago - - - - -,1900,"346,761",346761
import,value,Dyeing or Tanning Stuffs,Bark . . . . . Cuts.,1887,"346,556",346556
reexport,value,"Metals, viz.","Iron and Steel, Wrought or Manufactured, Unenumerated - - - - -",1878,"346,026",346026
reexport,quantity,,""" Cocoa or Chocolate, ground, prepared, or in any form manufactured",1894,"346,002",346002
import,quantity,,Saltpeetre,1866,"345,152",345152
import,quantity,,Saltpetre,1866,"345,152",345152
import,value,,China and Porcelain ware,1881,"344,890",344890
import,value,Gum,Of other Sorts - - - - -,1893,"344,817|314,847",344817
export_uk,value,,Common Bottles - - - - -,1868,"344,448",344448
reexport,value,Manufactures of Iron and Steel,Unenumerated - - - - -,1899,"344,185",344185
import,quantity,Leather Manufactures,Manufactures,1883,"343,709",343709
export_uk,quantity,,Of other Sorts,1867,"343,533",343533
import,quantity,Manures,Phosphate of Lime and Rook,1890,"343,501",343501
import,value,Spices,Pepper,1869,"343,371|313,371",343371
export_uk,value,,"Of Mixed Materials, Cottonpredominating Yards",1897,"343,200",343200
export_uk,quantity,"Coals, Cinders, &amp;c.",Coke and Cinders,1869,"343,075|313,075",343075
import,quantity,,Ice,1889,"342,473",342473
export_uk,value,,Potatoes . . . . . Cuts.,1896,"341,300",341300
import,quantity,"Animals, Living",Sheep and Lambs,1868,"341,155",341155
reexport,value,,Monufactures - - - - -,1882,"341,107",341107
reexport,value,Silk and Silk Manufactures,Manufactures - - - - - - -,1882,"341,107",341107
export_uk,quantity,,"Hardware and Cutlery, unenumerated - Cwts. (Comprising these articles which cannot be allotted to the several headings of brass, copper, implements, iron, steel, &c., &c.)",1897,"340,925",340925
export_uk,quantity,,"Hardware and Cutlery, unenumerated",1897,"340,923",340923
export_uk,quantity,,"Hardware and Cutlery, unenumerated(Comprising those articles which cannot be allotted to the several headings of brass, copper, implements, iron, steel, &c., &c.), viz. : Hardware, unenumerated Cwts. Cutlery",1897,"340,923",340923
export_uk,quantity,,"Hardware, unenumerated",1897,"340,923",340923
export_uk,quantity,,"Hardwares and Cutlery, unenumerated(Comprising those articles which cannot be allotted to the several headings of brass, copper, implements, iron, steel, &c., &c.), viz. : Hardwares, unenumerated Cwts. Cutlery",1897,"340,923",340923
export_uk,quantity,,"Hardwares, unenumerated",1897,"340,923",340923
reexport,value,,Monufactures - - - - -,1883,"340,805",340805
reexport,value,Silk and Silk Manufactures,Manufactures - - - - - - -,1883,"340,805",340805
reexport,value,,"Ivory, Teeth, Elephants', Sea Cow, Sea Horse or Sea Morsic - - - - -",1880,"340,398",340398
import,quantity,,"Milk, Condensed or Preserved",1889,"339,892",339892
import,value,,"Milk, Condensed . . . . . Cut.",1889,"339,892",339892
import,value,Dyeing or Tanning Stuffs,Bark . . . . . Cuts.,1888,"339,691",339691
import,value,Guia,"Lao, Seed, Shell, Stick, and Dye",1890,"339,538",339538
export_uk,quantity,,Corn: Wheat,1867,"339,335",339335
export_uk,quantity,Silk Manufactures,Of other Sorts,1867,"339,162",339162
export_uk,quantity,,Manure (including Sulphate of Am-monia and other Chemical Manures) } Tons.,1892,"339,134",339134
import,value,,All other sorts - - - - -,1892,"338,957",338957
export_uk,quantity,,"Hardware and Cutlery, unenumerated",1896,"338,917",338917
export_uk,quantity,,"Hardware and Cutlery, unenumerated - Cwts. (Comprising these articles which cannot be allotted to the several headings of brass, copper, implements, iron, steel, &c., &c.)",1896,"338,917",338917
export_uk,quantity,,"Hardware and Cutlery, unenumerated(Comprising those articles which cannot be allotted to the several headings of brass, copper, implements, iron, steel, &c., &c.), viz. : Hardware, unenumerated Cwts. Cutlery",1896,"338,917",338917
export_uk,quantity,,"Hardware, unenumerated",1896,"338,917",338917
export_uk,quantity,,"Hardwares and Cutlery, unenumerated(Comprising those articles which cannot be allotted to the several headings of brass, copper, implements, iron, steel, &c., &c.), viz. : Hardwares, unenumerated Cwts. Cutlery",1896,"338,917",338917
export_uk,quantity,,"Hardwares, unenumerated",1896,"338,917",338917
export_uk,value,,"Metals: Iron: Old, for re-manufacture Tons",1896,"127,424|338,907",338907
export_uk,value,Metals,"Iron: Old, for re-manufacture - - - - -",1896,"338,907",338907
import,value,"Dye-stuffs, and Substances for Tanning or Dyeing",Bark . . . . . Ccts.,1898,"338,519",338519
import,quantity,,Vegetables unenumerated,1879,"338,457|338,157",338457
import,quantity,Leather Manufactures,Unenumerated,1889,"338,136|338,139",338139
export_uk,value,,"Metals :Iron : Old, for re-manufacture - - - - -",1883,"337,995",337995
import,value,,"Pork, Salted and Fresh . . . . . Cuts.",1884,"337,525",337525
reexport,value,Tin,"In Blocks, Ingots, Bars or Slabs . . . . . Cuts.",1899,"337,111",337111
import,value,,"Teeth, Elephants', Sea Cow, and Sea Horse",1868,"337,103",337103
import,quantity,,"Animals, Living :Oxen and Bulls",1893,"337,063",337063
reexport,value,,"Ivory, Teeth, Elephants', Sea Cow, Sea Horse or Sea Mors",1883,"336,595",336595
reexport,value,Manufactures of Iron and Steel,Unenumerated - - - - -,1898,"336,435",336435
reexport,value,,"Tanned, Tawed, Curried, or Dressed",1881,"335,816",335816
import,value,Gum,Of other Sorts - - - - -,1895,"335,812",335812
import,quantity,,"Tin in Blocks, Ingot, Bars, or Slabs and Regulus - Cwts.",1875,"335,758",335758
reexport,value,,Weymouth - - - - -,1899,"334,963",334963
import,value,,Lemons - - - - -,1893,"334,904|334,901",334904
export_uk,value,,"Checked, Printed or Dyed, and Damask and Diaper - - - - -",1893,"334,351",334351
export_uk,value,,"Checkel, Printed or Dyed, and Damaskand Diaper - - - - -",1893,"334,351",334351
export_uk,value,Linen Manufactures,"Checkel, Printed, or Dyed - - - - -",1893,"334,351",334351
import,value,,Of other Sorts - - - - -,1870,"333,899",333899
import,value,Gum,All other Sorts - - - - -,1870,"333,899",333899
import,value,Gums,Of other Sorts,1870,"333,899",333899
import,quantity,,Saltpeetre - - - -,1884,"333,708",333708
import,value,,Saltpetre . . . . . Cuts.,1884,"333,708",333708
import,value,Gum,Of other Sorts - - - - -,1894,"333,472",333472
export_uk,value,,"Rolled, Sheet, Piping, Tubing, and otherManufactures - - - - -",1899,"333,427",333427
import,value,Guia,Of other Sorts,1890,"333,274",333274
import,value,,Leather Manufactures :Boots and Shoes · · · · ·,1890,"333,011",333011
reexport,value,,"Ivory, Teeth, Elephants', Sea Cow, Sea Horse or Sea Morsel - - - - -",1892,"332,720",332720
reexport,value,,"Ivory, Tooth, Elephants', Sea Cow, Sea Horse or Sea Morse - - - - -",1892,"332,720",332720
reexport,value,,"Ivory, Tooth, Elephants', Sea Cow, Sea Horse or Sea Narwhal",1892,"332,720",332720
import,value,Linen,Manufactures - - - - -,1892,"332,610",332610
export_uk,quantity,Silk Manufactures,Of other Sorts,1868,"332,259",332259
export_uk,quantity,,"Railroad, viz :  Rails (Iron or Steel)",1894,"331,850",331850
export_uk,value,,"Metals: Iron: Old, for re-manufacture Tons",1893,"118,522|331,274",331274
export_uk,quantity,,"Hoops, Sheets, and BoilerPlates",1885,"330,954",330954
import,quantity,,"Phosphate of Lime, and Rock Phosphate",1898,"330,610",330610
import,quantity,,Clocks and Watches,1869,"330,412",330412
import,quantity,,Clocks and Watches - { Clocks - Number,1869,"330,412",330412
import,quantity,,Locks,1869,"330,412",330412
reexport,value,"Corn, Grain and Meal",Wheat . . . . . Cuts.,1890,"330,285",330285
import,value,Gum,All other Sorts - - - - -,1872,"330,170",330170
import,value,Gums,Of other Sorts,1872,"330,170",330170
reexport,value,,"Unwrought, in Bars, Blocks or Slabs, Cakes or Ingotis . . . . .",1895,"329,939",329939
reexport,value,,"Unwrought, in Bars, Blocks or Slabs, Cakes or Ingots - - - - -",1895,"329,939",329939
import,quantity,,Cassia Lignea and Cassia Vera,1866,"329,349",329349
import,value,,"Slates, for roofing purposes",1898,"329,201",329201
reexport,quantity,Beer and Ale,Manufactures of,1897,"328,782",328782
export_uk,quantity,,Manure (including Sulphate of Am-monia and other Chemical Manures) } Tons.,1895,"328,553",328553
export_uk,value,,"Metals: Iron: Old, for re-manufacture Tons",1892,"106,488|327,616",327616
reexport,value,,TOTAL from IRELAND . . . . .,1893,"327,451",327451
import,value,Gum,All other Sorts - - - - -,1869,"327,263",327263
import,value,Gum,Arabie - - - - -,1885,"326,908",326908
import,value,Nuts and Kernels,Of other Sorts - - - - -,1868,"326,721",326721
export_uk,value,,Implementes and Tools of Industry - - - - -,1870,"326,155",326155
export_uk,value,Cotton Manufactures,Stockings and Socks - - - - -,1869,"325,816|325,316",325816
import,quantity,,Locks,1871,"325,507",325507
import,quantity,Bark,For 'Tanners' or Dyers' use,1881,"325,442",325442
export_uk,value,Cotton Manufactures,Stockings and Secks - - - - -,1869,"325,316",325316
import,quantity,,"Phosphate of Lime, and Rock Phosphate",1897,"324,788",324788
import,value,,Saltpetre . . . . . Cuts.,1885,"324,737",324737
import,quantity,,Bark,1899,"324,725",324725
import,value,"Dye-stuffs, and Substances for Tanning or Dyeing",Bark . . . . . Ccts.,1899,"324,725",324725
import,quantity,,Racoon,1870,"324,438",324438
import,value,Gum,All other Sorts - - - - -,1871,"324,229",324229
import,value,Gums,Of other Sorts,1871,"324,229",324229
export_uk,quantity,,"Hardware and Cutlery, unenumerated - Cwts. (Comprising these articles which cannot be allotted to the several headings of brass, copper, implements, iron, steel, &c., &c.)",1893,"323,992",323992
export_uk,value,,"Checked, Printed or Dyed, and Damaskand Diaper - - - - -",1897,"323,746",323746
export_uk,value,,"Checkel, Printed or Dyed, and Damaskand Diaper - - - - -",1897,"323,746",323746
import,quantity,,"Chinaaware or Porcelain, and Earthenware",1896,"323,708",323708
import,quantity,,"Chinaware or Porcelain, and Earthenware",1896,"323,708",323708
import,value,,"Oil :  Train or Blubber, and Sperm . . . . . Tons",1888,"323,680|16,871",323680
import,value,,Chin: and Porcelain ware,1874,"323,507",323507
export_uk,quantity,,Potatoes,1899,"323,100",323100
export_uk,value,,Potatoes . . . . . Cuts.,1899,"323,100",323100
reexport,value,,Goole -,1878,"322,939",322939
import,quantity,,"Chinaaware or Porcelain, and Earthenware",1898,"322,928",322928
import,quantity,,"Chinaware or Porcelain, and Earthenware",1898,"322,928",322928
reexport,value,,Fish . . . . . Cuts.,1888,"322,858",322858
import,value,,Leather Manufactures :Boots and Shoes · · · · ·,1891,"322,746",322746
reexport,value,Dyeing or Tanning Stuffs,Cochineal,1872,"322,235",322235
import,value,Rags and other materials for making Paper,Linen and Cotton Rags,1868,"322,228",322228
import,quantity,,Cassia Lignea and Cassia Vera,1867,"321,852",321852
import,value,Oils,Coco Nut - - - - -,1895,"321,550",321550
import,quantity,,"Iron and Steel, Wrought or Manufactured",1868,"321,264|242,091",321264
import,quantity,Seeds,Tares and Lexills,1879,"321,172",321172
reexport,value,,TOTAL from IRELAND - - -,1899,"320,055",320055
export_uk,value,,"Cast and Wrought, and all other Manufactures . . . . . """,1892,"319,909",319909
export_uk,quantity,,Bacon,1897,"319,873",319873
import,quantity,Leather Manufactures,Manufactures,1884,"319,772",319772
reexport,value,Manufactures of Iron or Steel,Unenumerated - - - - -,1897,"319,722",319722
export_uk,value,,Sculls of all sorts - - - - -,1894,"318,721",318721
export_uk,value,,Steels of all sorts - - - - -,1894,"318,721",318721
export_uk,value,,"Sheep and Lambs', andressed, withoutthe wool - - - - -",1893,"318,616",318616
export_uk,value,,"Sheep and Lambs', dressed, without the wool - - - - -",1893,"318,616",318616
export_uk,value,,"Skins and Furs, viz. :British, viz. :Sheep and Lambs', undressed, without the wool - - - - -",1898,"318,612",318612
import,quantity,,Manures: Phosphate of Lime and Rock . . . . .,1890,"318,501",318501
export_uk,value,Linen Manufactures,Thread for Sewing - - - - -,1868,"318,230",318230
reexport,value,,"Spun Silk Yarn, dyed or not dyed . . . . .",1897,"317,784",317784
reexport,value,,Fish . . . . . Cuts.,1890,"317,517",317517
import,value,,Chin: and Porcelain ware,1873,"316,939",316939
import,value,,All other sorts - - - - -,1894,"316,308",316308
reexport,quantity,Tobacco,""" Cigendish or Negrohead",1894,"316,274",316274
export_uk,quantity,,Plated and Gilt Ware,1890,"316,137",316137
import,quantity,,"„ Unenumerated, undressed",1900,"315,630",315630
import,quantity,Skins and Furs,""" In any way dressed (not Leather)",1900,"315,630",315630
export_uk,quantity,,Wrought or Manufactured:  Mixed or Yellow Metal,1894,"315,170",315170
import,value,,Rabbits (dead) . . . . . Cuts.,1898,"314,398",314398
import,quantity,,Manures: Phosphate of Lime and Rock . . . . .,1892,"314,130",314130
import,value,,"Manures :  Phosphate of Lime and Rock . . . . . """,1892,"314,130",314130
reexport,value,,Fish . . . . . Cuts.,1887,"314,092",314092
import,value,"Dye-stuffs, and Substances for Tanning or Dyeing",Bark . . . . . Ccts.,1897,"313,985",313985
export_uk,quantity,Wrought or Manufactured,Of other Sorts,1895,"313,601",313601
export_uk,value,"Coal, Cinders, &amp;c.",Coke and Cinders - - - - -,1884,"313,047",313047
import,quantity,Seeds,Tares and Lexills,1880,"312,866",312866
import,value,Dyeing or Tanning Stuffs,All other Sorts - - - - -,1892,"312,774",312774
reexport,value,Tin,"In Blocks, Ingots, Bars or Slabs . . . . . Cuts.",1898,"312,702",312702
reexport,value,Tobacco,"Manufactured, Figures . . . . . """,1896,"312,549",312549
import,value,Guia,Arabio,1888,"312,493",312493
import,value,Seeds,Other sorts,1895,"312,050",312050
import,value,Guia,Of other Sorts,1886,"311,969",311969
reexport,value,,Raw - - - - - - - - -,1869,"311,563",311563
reexport,value,,"Ivory, Teeth, Elephants', Sea Cow, Sea Horse or Sea Morsel - - - - -",1888,"311,472",311472
reexport,value,Manufactures of Iron and Steel,Unenumerated - - - - -,1897,"310,722",310722
import,value,""" Manufactures of Iron or Steel","Sewing Machines, and parts thereof - - - - -",1898,"310,526",310526
reexport,quantity,"Vegetables, Raw",Onions,1896,"310,199",310199
export_uk,value,,"Rags (except Woollens), and other Materials for making Paper - - - - -",1894,"309,684",309684
import,value,"Dye-stuffs, and Substances for Tanning or Dyeing",Bark . . . . . Ccts.,1896,"309,614",309614
reexport,value,,"Milk, Condensed",1900,"309,460",309460
export_uk,quantity,Wrought or Manufactured,Of other Sorts,1889,"309,300",309300
import,value,Gums,Of other Sorts,1873,"309,099",309099
reexport,value,Tobacco,"Manufactured, Figures . . . . . """,1897,"308,722",308722
import,value,Oil,Turpentine . . . . . Cwtts.,1885,"308,323",308323
reexport,quantity,"Goats' Wool, viz.","Other kinds, and Flocks",1896,"308,291",308291
import,quantity,Leather Manufactures,Unenumerated,1875,"308,290",308290
import,value,Leather Manufactures,Unenumerated - - - - -,1875,"308,290",308290
import,value,,Manures : Bones for Manure - - - - -,1889,"308,212",308212
export_uk,quantity,,"Hoops, Sheets, and BoilerPlates",1886,"307,756",307756
reexport,value,,Wheat - - - - -,1892,"307,681",307681
reexport,value,,"Ivory, Teeth, Elephants', Sea Cow, Sea Horse or Sea Mors",1884,"307,630",307630
export_uk,quantity,,Of other Sorts,1866,"307,085",307085
export_uk,quantity,,Plated and Gilt Ware,1889,"306,193",306193
reexport,quantity,Spirits,"Other Sorts, not Sweetened, including various Kinds mixed in Bond - - - -",1891,"305,871",305871
import,value,Guia,"Lao, Seed, Shell, Stick, and Dye",1886,"305,856",305856
import,value,Gum,"Lao, Seed, Shell, Stick, and Dye",1886,"305,856",305856
export_uk,quantity,,"Molasses, Treacle, Syrup, andGlucose",1897,"305,602|305,692",305692
import,quantity,,Manures :Phosphate of Lime and Rock,1889,"304,953|301,953",304953
import,quantity,Manures,Phosphate of Lime and Rook,1889,"304,953",304953
import,value,,Guitta Percha,1893,"304,786",304786
import,value,Ham,Gutta Percha,1893,"304,786",304786
export_uk,value,,Wheatmeal or Flour - - - - -,1900,"304,596",304596
reexport,value,,"Ivory, Teeth, Elephants', Sea Cow, Sea Horse or Sea Morse",1878,"304,585",304585
reexport,value,,"Ivory, Teeth, Elephants', Sea Cow, Sea Horse or Sea Morsic - - - - -",1878,"304,585",304585
import,quantity,,"Tin in Blocks, Ingot, Bars, or Slabs and Regulus - Cwts.",1876,"304,551",304551
reexport,value,Oil,Cocoa-nut,1877,"304,450",304450
import,quantity,,"Flowers, Artificial",1867,"304,440",304440
reexport,quantity,,Dried . . . . .,1900,"303,928",303928
reexport,value,,Dried . . . . . Cuts.,1900,"303,923",303923
import,value,,Of other Sorts - - - - -,1892,"281,056|303,674|302,674|118,378",303674
import,quantity,,Straw . . . . .,1888,"303,537",303537
import,value,,Straw . . . . . Lbs.,1888,"303,537",303537
import,value,,"Iron and Steel Manufactures, Sewing Machines -",1896,"303,534",303534
import,value,""" Manufactures of Iron or Steel","Sewing Machines, and parts thereof - - - - -",1896,"303,534",303534
reexport,quantity,Skins,"Unenumerated, Undressed",1893,"303,500",303500
import,value,"Wine imported in Bottles, Still",Red - - - - -,1897,"303,359",303359
import,value,,Straw . . . . . Lbs.,1884,"302,816",302816
import,value,,Other sorts - - - - -,1893,"301,960",301960
import,value,Seeds,Other sorts,1893,"301,960",301960
reexport,value,,""" "" Other Sorts . . . . . """,1900,"301,404",301404
export_uk,value,Linen Manufactures,"Checkel, Printed, or Dyed - - - - -",1892,"301,344",301344
import,quantity,,Saltpeetre,1879,"301,331",301331
reexport,quantity,Spirits,"Other Sorts, not Sweetened, including various Kinds mixed in Bond - - - -",1892,"301,321",301321
export_uk,value,Linen Manufactures,"Checkel, Printed, or Dyed - - - - -",1891,"301,279",301279
export_uk,value,"Carriages, Carts, &amp;c.","Railway Wagons, Trucks, &amp;c. - - - - -",1876,"301,186",301186
import,value,,Saltpetre . . . . . Cuts.,1887,"301,048",301048
export_uk,value,"Carriages, Carts, &amp;c.","Railway Wagons, Trucks, &amp;c. - - - - -",1875,"300,905",300905
import,quantity,Leather Manufactures,Unenumerated,1894,"300,898",300898
import,value,Dyeing or Tanning Stuffs,Madder - - - - -,1868,"300,630",300630
reexport,quantity,"Hides, Raw, and pieces thereof, viz.",Wet,1897,"299,777",299777
export_uk,value,,"Rags (except Woollen), and other Materials formaking Paper - - - - -",1897,"299,755",299755
import,value,,Pig and Puddled - - - - -,1894,"209,739|299,739",299739
reexport,quantity,Beer and Ale,Manufactures of,1894,"299,158",299158
import,value,Ham,Of other Sorts,1891,"299,105|239,105",299105
export_uk,value,,"Rolled, Sheet, Piping, Tubing, and otherManufactures - - - - -",1898,"299,082",299082
export_uk,quantity,,"Hardware and Cutlery, unenumerated",1895,"299,034",299034
export_uk,value,"Carriages, Carts, &amp;c.","Railway Wagons, Trucks, &amp;c. - - - - -",1871,"298,928",298928
export_uk,value,,"Clay, Unmanufactured - - - - -",1891,"298,898",298898
export_uk,value,,"Cordage, Cables, Ropes, and Twine, ofHemp or like Material Cwts.",1897,"298,776",298776
export_uk,quantity,,Wrought or Manufactured:  Mixed or Yellow Metal,1895,"298,233",298233
export_uk,quantity,Wrought or Manufactured,Mixed or Yellow Metal,1895,"298,233",298233
reexport,quantity,,Matches,1887,"298,038",298038
reexport,quantity,"Hides, Raw, and pieces thereof",Dry,1895,"297,852",297852
export_uk,quantity,Metals,"Bar (except Railcrod), Angle,    Bolt, and Rod",1888,"297,527",297527
export_uk,quantity,,"Hardware, unenumerated",1899,"297,402",297402
export_uk,quantity,,"Hardwares, unenumerated",1899,"297,402",297402
export_uk,value,,"Clay, Unmanufactured - - - - -",1892,"297,346|297,316",297346
export_uk,value,,"Sheep and Lambs', andressed, withoutthe wool - - - - -",1894,"297,108",297108
export_uk,value,,"Sheep and Lambs', dressed, without the wool - - - - -",1894,"297,108",297108
import,value,Tobacco,Other Sorts,1898,"296,988",296988
export_uk,quantity,,Plated and Gilt Ware,1888,"296,918",296918
reexport,quantity,"Hides, Raw, and pieces thereof, viz.",Dry,1896,"296,897",296897
reexport,value,Silk,"Ribbons, Silk or Satin . . . . .",1900,"296,869",296869
import,quantity,,Yeast,1886,"296,682|296,082",296682
import,value,,Yeast . . . . . Cuts.,1886,"296,682",296682
export_uk,quantity,Metals,"Bar (except Railcrod), Angle,    Bolt, and Rod",1884,"296,489",296489
import,quantity,,Salt petre - - - - - - -,1874,"296,431",296431
import,value,Cotton,Yarn - - - - -,1896,"296,059",296059
reexport,value,,Fish . . . . . Cuts.,1889,"295,749",295749
import,value,Oils,Unenumerated - - - - -,1896,"295,736",295736
reexport,value,,Weymouth . . . . .,1893,"295,575",295575
import,value,Hewn,Unenumerated - - - - -,1896,"295,541",295541
import,value,Wool and Timber,Unenumerated - - - - -,1896,"295,541",295541
import,quantity,,Saltpeetre,1870,"295,538",295538
import,value,Guia,Arabio,1886,"295,464",295464
import,value,Gum,Arabie - - - - -,1886,"295,464",295464
reexport,value,,"Ivory, Teeth, Elephants', Sea Cow, Sea Horse or Sea Mors",1885,"295,411",295411
export_uk,quantity,,Wrought or Manufactured:  Mixed or Yellow Metal,1892,"294,582",294582
import,quantity,Oil,Turpentine,1886,"294,451|291,451",294451
import,value,Oil,Turpentine . . . . . Cwtts.,1886,"294,451",294451
reexport,value,,Bacon and Hams . . . . . Cuts.,1886,"294,406",294406
import,quantity,Leather Manufactures,Manufactures,1882,"294,297",294297
reexport,value,,Wheatmeal and Flour,1871,"294,187",294187
export_uk,value,,"Rags (except Woollen), and other Materials formaking Paper - - - - -",1895,"293,821",293821
export_uk,value,,"Rags (except Woollens), and other Materials for making Paper - - - - -",1895,"293,821",293821
reexport,value,Oil,Olive,1877,"293,717",293717
reexport,quantity,Drugs,Unenumerated,1878,"293,457",293457
export_uk,value,,"Unenumerated, and Articles of Paper (except Papier Mâché).",1900,"204,275|293,356",293356
import,value,,Yeast . . . . . Cuts.,1885,"293,238",293238
reexport,value,Dyeing or Tanning Stuffs,Cochineal,1874,"292,969|292,269",292969
export_uk,value,,"Checked, Printed or Dyed, and Damask and Diaper - - - - -",1899,"292,907|292,967",292967
export_uk,value,,"Checked, Printed or Dyed, and Damaskand Diaper - - - - -",1899,"292,967",292967
export_uk,value,Cotton Manufactures,Stockings and Secks - - - - -,1870,"292,630",292630
reexport,value,Dyeing or Tanning Stuffs,Gutch and Gambier - - - - -,1889,"292,384|10,449|292,284",292384
reexport,value,,"Cochineal, Granilla, and Dust",1874,"292,269",292269
export_uk,value,Cotton Manufactures,Stockings and Secks - - - - -,1871,"291,630",291630
import,value,""" Manufactures of Iron or Steel","Sewing Machines, and parts thereof - - - - -",1897,"291,320",291320
import,quantity,,"Phosphate of Lime, and Rock Phosphate",1896,"291,314",291314
reexport,value,,Raw - - - - - - - - -,1868,"291,059",291059
reexport,value,Sugar,Raw - - - - -,1868,"291,059",291059
import,value,,Saltpeetre - - - - -,1889,"291,021",291021
export_uk,quantity,,Wrought or Manufactured:  Mixed or Yellow Metal,1893,"290,987",290987
export_uk,value,,"Wrought or Manufactured, viz:Mixed or Yellow Metal Lbs.",1893,"290,987",290987
export_uk,quantity,,"Unwrought in Ingots, Cakes or Slabs and precipitate . . .",1894,"290,717",290717
reexport,value,,Aberystwith -,1876,"290,500",290500
export_uk,quantity,,"Hardware and Cutlery, unenumerated - Cwts. (Comprising these articles which cannot be allotted to the several headings of brass, copper, implements, iron, steel, &c., &c.)",1895,"290,034",290034
export_uk,quantity,,"Hardwares and Cutlery, unenumerated(Comprising those articles which cannot be allotted to the several headings of brass, copper, implements, iron, steel, &c., &c.), viz. : Hardwares, unenumerated Cwts. Cutlery",1895,"290,034",290034
export_uk,quantity,,"Hardwares, unenumerated",1895,"290,034",290034
reexport,quantity,,"Onions, Raw . . . . .",1893,"290,012",290012
import,value,Ham,"Lac, Seal, Shell, Stick, and Dye",1890,"239,735|289,735",289735
reexport,value,,""" "" Other Sorts . . . . . """,1899,"5,204|289,647",289647
import,value,Linen,Manufactures - - - - -,1877,"289,459",289459
import,value,Leather Manufactures,Unenumerated - - - - -,1893,"289,075|239,075",289075
import,value,Manufactures,Unenumerated - - - - -,1893,"289,075",289075
export_uk,value,"Ammunition, viz.",Percussion Caps . . . . . Thousands,1900,"288,615",288615
reexport,value,,"Spun Silk Yarn, dyed or not dyed . . . . .",1896,"288,026",288026
reexport,quantity,,"Aigaca, Vicuña, and Llama - - - - -",1896,"287,900",287900
reexport,quantity,,"Aipaca, Vicuña, and Llama - - - - -",1896,"287,900",287900
import,value,Guia,"Lao, Seed, Shell, Stick, and Dye",1887,"287,618",287618
import,value,Gum,"Lao, Seed, Shell, Stick, and Dye",1887,"287,618",287618
export_uk,quantity,,"Hardware, unenumerated",1900,"287,055",287055
reexport,value,,Wheat - - - - -,1895,"81,598|81,398|286,750",286750
import,quantity,Leather Manufactures,Unenumerated,1888,"286,672",286672
reexport,value,,Lynn -,1877,"286,503",286503
import,value,Linen,Yarn - - - - -,1877,"285,942",285942
import,quantity,Oils,Coco Nut,1895,"285,916",285916
import,quantity,,Saltpeetre,1883,"285,617|285,647",285647
import,value,,Yeast . . . . . Cuts.,1887,"284,962",284962
reexport,value,Dye Woods,— Currants,1878,"284,897",284897
import,quantity,,"Pork, Salted (not Hams) . . . . .",1899,"284,720",284720
import,value,,"Pork, Salted (not Hams) . . . . . """,1899,"284,720",284720
reexport,value,,Straw Plaiting for Hats or Bonnets - - - - -,1888,"284,299",284299
import,quantity,Seeds,Of other Sorts,1892,"284,056",284056
export_uk,quantity,,"Hardware, unenumerated",1898,"283,890",283890
export_uk,quantity,,"Hardwares, unenumerated",1898,"283,890",283890
import,value,,"„ Other Plate, whether silvered or not . . . . . - „",1899,"246,254|283,599",283599
import,quantity,Manures,Phosphate of Lime and Rook,1887,"283,415",283415
import,value,Manures,Phosphate of Lime and Rook . . . . . Tons,1887,"283,415",283415
import,value,,Saltpeetre - - - - -,1890,"232,669|282,669",282669
export_uk,value,"Coal, Cinders, &amp;c.","Fuel, Manufactured - - - - -",1884,"282,635",282635
import,quantity,,Salt petre - - - - - - -,1875,"282,550",282550
import,value,,Yeast . . . . . Cuts.,1884,"282,516",282516
import,quantity,Seeds,Of other Sorts,1868,"281,765",281765
import,value,,Wrought - - - - -,1895,"281,751",281751
import,value,,Cherries „ . . . . . - „,1899,"281,236",281236
reexport,value,,"Manufactured, of all kinds - - - - -",1874,"281,102",281102
export_uk,value,,"Cast and Wrought, and all other Manufactures . . . . . """,1893,"280,253",280253
export_uk,quantity,,"Hardware and Cutlery, unenumerated - Cwts. (Comprising these articles which cannot be allotted to the several headings of brass, copper, implements, iron, steel, &c., &c.)",1894,"279,913",279913
import,quantity,,Salt petre - - - - - - -,1878,"279,601",279601
export_uk,value,,Pictures: Oil and Water-colour - - - - -,1893,"278,879",278879
import,quantity,,Saltpeetre,1869,"278,820",278820
reexport,value,,Curants,1880,"278,809",278809
reexport,value,Dye Woods,— Currants,1880,"278,809",278809
reexport,quantity,,Oranges  . . . . .,1900,"278,689",278689
import,value,"Dye-stuffs, and Substances for Tanning or Dyeing",Unenumerated . . . . . Ccts.,1895,"278,642",278642
import,quantity,,Lace,1868,"277,450|277,652",277652
reexport,value,Sugar,"Manufactured, of all Kinds",1889,"277,363",277363
import,value,Dyeing or Tanning Stuffs,All other Sorts - - - - -,1895,"277,323",277323
reexport,value,,Bacon and Hams . . . . . Cuts.,1889,"277,255",277255
import,value,,Parcel Post,1887,"270,514|276,514",276514
import,value,,Rabbits (dead) . . . . . Cuts.,1897,"276,458",276458
import,value,Guia,"Lao, Seed, Shell, Stick, and Dye",1889,"276,296",276296
import,value,,Coco Nut - - - - -,1885,"276,224",276224
import,quantity,,",, Shell Fish : Oysters for food",1895,"275,734",275734
import,value,Fish (including Turtle),""" "" "" for breeding purposes . . . . . Value",1895,"224,918|275,734",275734
import,quantity,,"Tin in Blocks, Ingot, Bars, or Slabs and Regulus - Cwts.",1877,"275,252",275252
import,value,Oils,"Chemical, Essential, or Perfumed - - - - -",1893,"274,378",274378
import,value,Sugar,Glucose (Liquid),1877,"273,997",273997
export_uk,value,,Implementes and Tools of Industry - - - - -,1871,"273,928",273928
import,value,,All other sorts - - - - -,1896,"273,150",273150
reexport,value,,"Ivory, Teeth, Elephants', Sea Cow, Sea Horse or Sea Horse -",1895,"272,857",272857
reexport,quantity,,",, Cane, and other sorts . . . . .",1900,"272,195",272195
reexport,value,Sugar,"„ Cane, and other sorts . . . . . """,1900,"272,195",272195
import,quantity,"Animals, Living","Cxen, Bulls, Cows, and Calves",1876,"271,576",271576
import,value,Guia,"Lao, Seed, Shell, Stick, and Dye",1888,"271,406",271406
import,value,Gum,"Lao, Seed, Shell, Stick, and Dye",1888,"271,406",271406
import,value,"Fruit, Dried or Preserved, liable to Duty",Figs and Fig Cake . . . . .,1900,"270,998",270998
import,value,"Fruit, Dried or Preserved, liable to Duty",Figs and Fig Juice . . . . .,1900,"270,998",270998
import,value,,Saltpetre . . . . . Cuts.,1886,"270,876",270876
import,quantity,"""    Manufactures of Iron and Steel","Methylc. Alcohol, not purified so as to be potable",1900,"270,844",270844
import,quantity,",, Manufactures of Iron and Steel","Methylic Alcohol, not purified so as to be potable",1900,"270,844",270844
reexport,value,Manufactures of Iron and Steel,Unenumerated - - - - -,1900,"270,504",270504
reexport,quantity,"Hides, Raw, and pieces thereof",Wet,1895,"270,129",270129
export_uk,value,"Manufactured, viz.",Unenumerated - - - - -,1893,"270,050",270050
import,value,Oils,"Fish, Train, or Blubber - - - - -",1897,"270,021",270021
import,value,Gum,Gutta Percha,1886,"269,808",269808
reexport,value,Tobacco,"Manufactured, Figures . . . . . """,1895,"269,611",269611
import,value,,Yeast . . . . . Cuts.,1888,"269,234",269234
reexport,quantity,,"Raisins, unenumerated",1886,"268,237",268237
export_uk,value,,"Sheep and Lambs', dressed, without the wool - - - - -",1897,"268,197",268197
export_uk,value,,"Sheep and Lambs', andressed, withoutthe wool - - - - -",1897,"268,195",268195
export_uk,value,,"Skins and Furs, viz. :British, viz. :Sheep and Lambs', undressed, without the wool - - - - -",1897,"268,195",268195
import,quantity,,Salt petre - - - - - - -,1877,"268,175",268175
reexport,quantity,"Hides, Raw, and pieces thereof",Wet,1898,"268,046",268046
import,value,"Wine imported in Bottles, Still",Red - - - - -,1896,"267,906",267906
export_uk,value,,Pictures: Oil and Water-colour . . . Number,1900,"10,320|267,793",267793
import,value,""" Manufactures of Iron or Steel","Sewing Machines, and parts thereof - - - - -",1899,"267,425",267425
export_uk,quantity,,Tinned Plates,1896,"266,963",266963
import,value,,Musical Instruments - - - - -,1868,"266,740",266740
reexport,value,,Caernarvon -,1875,"266,680",266680
export_uk,value,,"Sheep and Lambs', andressed, withoutthe wool - - - - -",1895,"266,633",266633
export_uk,value,,"Sheep and Lambs', dressed, without the wool - - - - -",1895,"266,633",266633
reexport,value,Sugar,"Manufactured, of all Kinds",1890,"265,768",265768
import,quantity,"""    Manufactures of Iron and Steel","Manganese, Ore of",1900,"265,767",265767
import,value,Oils,Coco Nut - - - - -,1897,"265,668",265668
export_uk,value,,"Skins and Furs, viz. :British, viz. :Sheep and Lambs', undressed, without the wool - - - - -",1895,"265,633",265633
reexport,value,Dyeing or Tanning Stuffs,Gutch and Gambier . . . . . Tons,1890,"9,617|265,579",265579
import,value,,Saltpeetre,1894,"265,564",265564
export_uk,quantity,,Plated and Gilt Ware,1882,"265,442",265442
import,value,Imported in Bottles,Still - - - - -,1900,"265,348",265348
import,value,,” ” Mechanical - - - - - - -,1895,"265,118",265118
import,value,Fish (including Turtle),""" Other sorts of Fresh Fish . . . . . """,1898,"265,110",265110
import,value,Gum,Of other Sorts - - - - -,1876,"264,995",264995
export_uk,quantity,,"Molasses, Treacle, Syrup, andGlucose",1898,"264,971",264971
reexport,quantity,"Wine, Imported in Casks",White,1897,"264,877",264877
export_uk,quantity,Metals,"Bar (except Railcrod), Angle,    Bolt, and Rod",1885,"264,472",264472
import,value,,",, Unenumerated, Unwrought - - - - -",1899,"264,355",264355
export_uk,value,,Sculls of all sorts - - - - -,1895,"263,949",263949
export_uk,value,,Steels of all sorts - - - - -,1895,"263,949",263949
export_uk,value,Linen Manufactures,Thread for Sewing - - - - -,1895,"263,947",263947
import,quantity,"""    Manufactures of Iron and Steel","Methylc. Alcohol, not purified so as to be potable",1898,"263,947",263947
import,quantity,",, Manufactures of Iron and Steel","Methylic Alcohol, not purified so as to be potable",1898,"263,947",263947
import,value,Linens,Yarn - - - - -,1871,"263,832",263832
reexport,value,Silk and Silk Manufactures,Manufactures - - - - - - -,1881,"263,826",263826
export_uk,value,,Potatoes . . . . . Cuts.,1895,"263,786",263786
reexport,value,,"Ivory, Teeth, Elephants', Sea Cow, Sea Horse or Sea Horse - - - - -",1882,"263,739",263739
reexport,value,,"Ivory, Teeth, Elephants', Sea Cow, Sea Horse or Sea Mors",1882,"263,739",263739
reexport,value,,"Ivory, Teeth, Elephants', Sea Cow, Sea Horse or Sea Morsic - - - - -",1882,"263,739",263739
import,value,Oils,Unenumerated - - - - -,1897,"263,621",263621
export_uk,quantity,Metals,"Bar (except Railcrod), Angle,    Bolt, and Rod",1887,"263,546",263546
reexport,value,,"— Tanned, Towed, Curried, or Dressed",1872,"263,193",263193
import,value,Dyeing or Tanning Stuffs,Bark,1878,"263,110",263110
reexport,quantity,,Raw,1890,"262,163",262163
reexport,quantity,,"Silk, Raw - - - - - - - - -",1880,"262,163",262163
reexport,value,,Wheatmeal and Flour,1870,"262,082",262082
export_uk,quantity,Woollen and Worsted Manufactures,Plushes,1895,"261,400",261400
import,value,Dyeing or Tanning Stuffs,All other Sorts - - - - -,1893,"261,336",261336
export_uk,quantity,,Plated and Gilt Ware,1883,"261,210",261210
reexport,value,,Boston - - - - - - -,1899,"260,755",260755
import,quantity,,Salt petre - - - - - - -,1876,"260,579",260579
reexport,value,,Maryport -,1877,"260,438",260438
reexport,value,,Tallow and Stearing - - - - -,1871,"260,225",260225
reexport,value,,Boston - - - - - -,1893,"260,156",260156
import,value,,"Wool : Alpaca, Vicuña, and Llama . . . . .",1899,"260,061",260061
import,value,"Wine imported in Bottles, Still",White - - - - -,1897,"259,669",259669
export_uk,quantity,,Plated and Gilt Ware,1887,"258,511",258511
import,value,Gums,Of other Sorts,1874,"258,198",258198
export_uk,value,"Carriages, &amp;c.",Railway Carriages for Passengers and parts thereof - - - - -,1886,"258,030",258030
import,quantity,Manures,Phosphate of Lime and Rook,1888,"257,886",257886
import,value,Manures,Phosphate of Lime and Rook . . . . . Tons,1888,"257,886",257886
import,value,Linens,Yarn - - - - -,1872,"257,667",257667
reexport,value,,Gutch and Gambier,1881,"257,420",257420
reexport,quantity,,Of Countries in Europe,1879,"257,415|207,445|207,447",257415
reexport,quantity,,"Other Sorts, not Sweetened, including variousKinds mixed in Bond",1895,"257,369",257369
reexport,quantity,Spirits,"Other Sorts, not Sweetened, including various Kinds mixed in Bond - - - -",1895,"257,369",257369
import,value,,"Rockets, and other combustibles for purposes of war, Explosives, Percussion Caps, and Ammunition unenumerated - - - - -",1900,"257,338",257338
export_uk,value,,"Rags (except Woollen), and other Materials formaking Paper - - - - -",1896,"257,248",257248
export_uk,value,,"Rags (except Woollens), and other Materials for making Paper - - - - -",1896,"257,248",257248
import,quantity,Oil,Turpentine,1879,"237,232|257,232",257232
export_uk,value,,"Rolled, Sheet, Piping, Tubing, and other Manufactures - - - - -",1893,"257,208",257208
export_uk,value,,"Rolled, Sheet, Piping, Tubing, and otherManufactures - - - - -",1893,"257,208",257208
import,quantity,,Clocks and Watches,1870,"256,861",256861
import,quantity,,Clocks and Watches - { Clocks - Number,1870,"256,861",256861
import,quantity,,Locks,1870,"256,861",256861
export_uk,value,,Biscuit and Bread . . . . . Cts.,1897,"256,785",256785
import,quantity,,Manures: Phosphate of Lime and Rock . . . . .,1891,"256,772",256772
reexport,quantity,Spirits,"Other Sorts, not Sweetened, including various Kinds mixed in Bond - - - -",1894,"256,638",256638
import,value,Gum,Kowrie - - - - -,1893,"255,989",255989
import,quantity,,Lawl,1869,"255,964",255964
export_uk,value,,"Checked, Printed or Dyed, and Damaskand Diaper - - - - -",1898,"255,061",255061
export_uk,value,"Coals, Cinders, &amp;c.","Fuel, Manufactured - - - - -",1887,"254,919",254919
export_uk,quantity,"Manure, viz.",Other Manures,1900,"254,856",254856
import,quantity,Leather Manufactures,Unenumerated,1874,"254,833",254833
import,value,Leather Manufactures,Unenumerated - - - - -,1874,"254,833",254833
import,quantity,,Clocks and Watches,1866,"254,534",254534
import,quantity,,Clocks and Watches - { Clocks - Number,1866,"254,534",254534
import,value,Dyeing or Tanning Stuffs,All other Sorts - - - - -,1894,"254,473",254473
import,quantity,Leather Manufactures,Manufactures,1881,"254,055",254055
reexport,value,,Greenock . . . . .,1893,"253,744",253744
import,quantity,"Animals, Living","Cxen, Bulls, Cows, and Calves",1878,"253,462",253462
import,value,,Musical Instruments - - - - -,1869,"253,402|253,102",253402
reexport,value,""" "" Of Wool (other than Goats)",Unenumerated - - - - -,1897,"253,133",253133
reexport,value,,Tallow and Stearine - - - - -,1868,"252,754",252754
export_uk,value,,"Metals: Iron: Old, for re-manufacture Tons",1895,"252,540|97,100",252540
export_uk,quantity,,Plated and Gilt Ware,1886,"252,055",252055
import,value,Seeds,Of other Sorts,1868,"251,765",251765
import,quantity,,Clocks and Watches,1867,"251,355",251355
import,quantity,,Clocks and Watches - { Clocks - Number,1867,"251,355",251355
reexport,value,,"„ Lac dye, Seedlac, Shellac, and Sticklac . . . . .",1899,"250,852",250852
import,value,Cotton,Yarn - - - - -,1897,"250,835",250835
reexport,value,"Skins, Furs, and Pelts","Goat, undressed - - - - -",1880,"250,820",250820
import,value,,Straw . . . . . Lbs.,1886,"250,581",250581
import,value,Dyeing or Tanning Stuffs,All other Sorts - - - - -,1896,"250,491",250491
import,value,Fish (including Turtle),""" Other sorts of Fresh Fish . . . . . """,1899,"250,025",250025
export_uk,value,,"Rolled, Sheet, Piping, Tubing, and otherManufactures - - - - -",1894,"249,967",249967
export_uk,value,,"Rags (except Woollens), and other Materials for making Paper - - - - -",1897,"249,755",249755
reexport,value,,Borrowstouness . . . . .,1893,"249,742",249742
reexport,value,,Borrowstowness - - - - -,1899,"249,736",249736
import,value,Oils,Coco Nut - - - - -,1896,"249,633",249633
import,value,Hewn,Unenumerated - - - - -,1895,"249,453",249453
import,value,Wool and Timber,Unenumerated - - - - -,1895,"249,453",249453
reexport,value,Spirits,Rum,1887,"249,322",249322
reexport,value,Silk and Silk Manufactures,Raw - - - - - - -,1885,"249,281|249,284",249284
import,value,,"Books, bound and unbound, including Maps and Charts - - - - -",1893,"249,277",249277
reexport,quantity,,",, Cavendish or Negrohead . . . . .",1900,"249,024",249024
reexport,value,Tobacco,"Manufactured, Cigars . . . . . """,1900,"249,024",249024
import,value,Seeds,Other sorts,1894,"248,996",248996
reexport,value,,Caernarvon -,1876,"248,855",248855
reexport,value,Cotton,Manufactures - - - - -,1868,"248,698",248698
export_uk,value,,"Damasks, Tapestry, and other Furniture Stuffs . . . . . Yards",1899,"248,600|25,689",248600
import,value,Oil,"Coco-Nut . . . . . """,1887,"180,792|248,218",248218
import,quantity,"Animals, Living","Cxen, Bulls, Cows, and Calves",1879,"247,768",247768
reexport,value,,"Unenumerated, unmanufactured . . . . .",1898,"247,649",247649
import,value,,"Wool : Alpaca, Vicuña, and Llama . . . . .",1897,"247,620",247620
reexport,value,,"Ivory, Tooth, Elephants', Sea Cow, Sea Horse or Sea Morse - - - - -",1893,"247,376",247376
reexport,value,,"Ivory, Tooth, Elephants', Sea Cow, Sea Horse or Sea Narwhal",1893,"247,376",247376
import,quantity,,Geneva,1868,"216,710|246,710",246710
reexport,value,,Caernarvon -,1874,"246,694",246694
import,value,,„ Rape - - - - -,1900,"246,620",246620
import,quantity,Leather Manufactures,Manufactures,1880,"246,281",246281
reexport,value,,"„ Lac dye, Seedlac, Shellac, and Sticklac . . . . .",1898,"245,213",245213
export_uk,quantity,Wrought or partly wrought,Mixed or Yellow Metal,1870,"244,676",244676
export_uk,value,,"Flint, Plain, Cut, or Ornamented, including Bottles and other Manufactures of Flint Glass . . . . .",1900,"244,640",244640
reexport,value,,"„ Lac dye, Seedlac, Shellac, and Sticklac . . . . .",1900,"244,478",244478
export_uk,value,,Biscuit and Bread . . . . . Cts.,1896,"244,451",244451
import,quantity,Oil,Coco-Nut,1884,"244,399|214,399",244399
export_uk,quantity,,Oats,1893,"244,211",244211
reexport,value,,Maryport -,1876,"243,986",243986
reexport,value,,Dried . . . . . Cuts.,1899,"243,926",243926
import,value,Guia,Arabio,1889,"243,013",243013
export_uk,quantity,Metals,"Bar (except Railcrod), Angle,    Bolt, and Rod",1886,"242,947",242947
import,value,,Cocoa Butter,1896,"242,940",242940
export_uk,quantity,,"Other Manufactures, unenu-merated",1896,"242,887",242887
reexport,value,,Rum - - - - -,1877,"242,763",242763
export_uk,value,,Sculls of all sorts - - - - -,1896,"242,633",242633
import,quantity,,Cherries „,1900,"242,525",242525
reexport,value,,Aberystwith -,1878,"242,321",242321
export_uk,quantity,,"Cordage, Cables, Ropes, and Twine, of Hemp or like Material . . .",1894,"242,307",242307
export_uk,value,,Steels of all sorts - - - - -,1896,"242,053",242053
export_uk,quantity,,Biscuit and Bread,1899,"241,995",241995
import,value,,"Of other Sorts . . . . . """,1889,"123,610|241,966",241966
export_uk,value,,Malt - - - - -,1900,"241,762",241762
export_uk,quantity,,Seeds of all sorts,1899,"241,483",241483
reexport,quantity,Beer and Ale,Manufactures of,1896,"241,334",241334
import,quantity,,Clocks,1868,"241,246",241246
import,quantity,,Clocks and Watches,1868,"241,246",241246
import,quantity,,Clocks and Watches - { Clocks - Number,1868,"241,246",241246
import,quantity,,Locks,1868,"241,216",241216
import,quantity,Oil,Oil Seed Cake,1880,"241,137|241,157|241,167",241167
import,quantity,,Oil Seed Cake,1880,"211,157|241,157",241157
export_uk,quantity,,Wheatmeal or Flour,1893,"240,952",240952
reexport,quantity,,"Unenumerated, undressed",1897,"240,831",240831
reexport,quantity,Skins,"Unenumerated, Undressed",1897,"240,831",240831
export_uk,quantity,,"Molasses, Treacle, Syrup, andGlucose",1899,"240,750",240750
export_uk,value,,Lace - - - - -,1893,"240,596",240596
export_uk,value,,Manure - - - - -,1868,"239,904",239904
import,quantity,Manufactures,Of Countries out of Europe,1880,"239,832|239,852",239852
reexport,value,,"Unenumerated, unmanufactured . . . . .",1899,"239,752",239752
reexport,quantity,,",, Other Sorts, including Sugar Candy . . . . .",1898,"239,356",239356
reexport,value,"Hides, Raw, and pieces thereof, viz.",Wet - - - - -,1893,"239,152",239152
import,value,"Wine imported in Bottles, Still",White - - - - -,1896,"238,895",238895
import,value,Fish (including Turtle),""" Other sorts of Fresh Fish . . . . . """,1896,"238,715",238715
import,value,Manures,Phosphate of Lime and Rook . . . . . Tons,1885,"238,572",238572
reexport,value,Ivory,"Tooth, Elephants', Sea-cows', or Walrus' . . . . .",1898,"238,557",238557
reexport,value,Tobacco,"Manufactured, Figures . . . . . """,1899,"238,344",238344
reexport,quantity,,",, Cavendish or Negrohead . . . . .",1899,"238,244",238244
import,value,,Chin: and Porcelain ware,1872,"237,467",237467
import,quantity,,Lawl,1868,"237,260",237260
import,value,""" Manufactures of Iron or Steel","Sewing Machines, and parts thereof - - - - -",1895,"236,931",236931
reexport,quantity,Spirits,"Other Sorts, not Sweetened, including various Kinds mixed in Bond - - - -",1893,"236,929",236929
import,value,"Wine imported in Bottles, Still",Red - - - - -,1893,"236,835",236835
import,quantity,,Other sorts of Fresh Fish,1893,"236,750",236750
reexport,value,Seeds,Flax or Linsseed,1892,"236,697",236697
import,quantity,Metals,"Mutton, Fresh",1883,"236,496",236496
reexport,value,,Dried . . . . . Cuts.,1897,"236,209",236209
reexport,value,Sugar,"Manufactured, of all Kinds",1887,"235,851",235851
reexport,quantity,"Hides, Raw, and pieces thereof",Dry,1899,"235,794",235794
reexport,value,"Hides, Raw, and pieces thereof",Dry . . . . . Cuts.,1899,"235,794",235794
import,value,,Geldings - - - - -,1893,"235,684",235684
reexport,quantity,,"Unenumerated, undressed",1895,"235,454",235454
reexport,quantity,Skins,"Unenumerated, Undressed",1895,"235,454",235454
reexport,value,,Caoutchouc - - - - -,1868,"235,384",235384
reexport,value,,Tallow and Stearing - - - - -,1872,"235,058",235058
reexport,value,,Fish . . . . . Cuts.,1886,"234,936",234936
reexport,value,,Rum - - - - -,1878,"234,593",234593
reexport,value,,Dried . . . . . Cuts.,1898,"234,441",234441
reexport,value,Sugar,"Manufactured, of all Kinds",1888,"234,358",234358
reexport,value,Ivory,"Tooth, Elephants', Sea-cows', or Walrus' . . . . .",1900,"234,332",234332
export_uk,quantity,,"Cast or Wrought, and all other Manufactures",1869,"231,012|234,012",234012
export_uk,value,,Plated and Gilt Ware - - - - -,1875,"233,936",233936
import,quantity,,Oilseed Cake: Linseed Cake . . . . .,1899,"233,694",233694
import,quantity,,Boots and Shoes,1900,"233,668",233668
import,value,Dyeing or Tanning Stuffs,Shumach - - - - -,1868,"233,555",233555
reexport,quantity,"Hides, Raw, and pieces thereof, viz.",Dry,1893,"233,393",233393
import,quantity,Leather Manufactures,Unenumerated,1876,"233,204",233204
reexport,quantity,,Lani - - - - - - - - -,1895,"232,521",232521
import,value,Fish (including Turtle),""" Other sorts of Fresh Fish . . . . . """,1897,"232,009",232009
export_uk,value,,"Plate, Gold and Silver . . . . . Ozs.",1889,"231,621",231621
reexport,value,,"Tobacco, Unmanufactured - - - - -",1879,"231,482",231482
import,value,Dyeing or Tanning Stuffs,Shummach,1878,"231,358",231358
reexport,value,,Belfast - - - - - -,1899,"231,043",231043
import,value,,"Beef, Salted - - - - -",1899,"230,943",230943
export_uk,value,,"Cordage, Cables, Ropes, and Twine, ofHemp or like Material Cwts.",1895,"230,518",230518
reexport,value,Sugar,"„ Other Sorts, including Sugar Candy . . . . . """,1898,"230,356",230356
import,value,Dye Woods,Unenumerated - - - - -,1868,"230,185",230185
export_uk,value,,"Cordage, Cables, Ropes, and Twine, ofHemp or like Material Cwts.",1896,"230,173",230173
export_uk,value,"Carriages, Carts, &amp;c.","Railway Waggon, Trucks, &amp;c. - - - - -",1873,"230,143",230143
export_uk,value,"Carriages, Carts, &amp;c.","Railway Wagons, Trucks, &amp;c. - - - - -",1873,"230,143",230143
import,value,,Animal - - - - -,1885,"229,971",229971
import,value,Fruit,Almonds,1878,"226,489|229,429",229429
reexport,value,,"Ivory, Teeth, Elephants', Sea Cow, Sea Horse or Sea Morse",1879,"223,180|229,180",229180
reexport,value,,"Ivory, Teeth, Elephants', Sea Cow, Sea Horse or Sea Morsic - - - - -",1879,"229,180",229180
import,quantity,"""    Manufactures of Iron and Steel","Methylc. Alcohol, not purified so as to be potable",1896,"228,939",228939
import,quantity,",, Manufactures of Iron and Steel","Methylic Alcohol, not purified so as to be potable",1896,"228,939",228939
export_uk,value,,Of other Sorts - - - - -,1868,"228,850",228850
export_uk,value,"Coals, Cinders, &amp;c.",Coke and Cinders - - - - -,1868,"228,567",228567
reexport,value,Tobacco,"Manufactured, Cigars",1899,"228,244|107,332",228244
reexport,quantity,"Hides, Raw, and pieces thereof",Wet,1899,"227,497",227497
import,quantity,,"Hats or Bonnets, Of Straw, trimmed or untrimmed",1897,"226,936",226936
import,quantity,,Hats or Bonnets. Of Straw,1897,"226,936",226936
import,quantity,,Of Straw,1897,"226,936",226936
import,value,,"Metals :  Copper, Ore and Regulus . . . . . Tons",1892,"226,087",226087
reexport,value,,Brandy Proof Gallons,1880,"225,941",225941
reexport,quantity,,Starches,1891,"225,465",225465
reexport,quantity,,Staves,1891,"225,465",225465
export_uk,quantity,,Wrought or Manufactured:  Mixed or Yellow Metal,1896,"224,967",224967
reexport,value,Seeds,Flax or Linsseed,1893,"224,932",224932
import,value,,” Shell Fish : Oysters for food - - - - -,1895,"224,918",224918
import,value,Dyeing or Tanning Stuffs,Shummach,1877,"224,862",224862
export_uk,quantity,,"Other Manufactures, unenu-merated",1895,"224,836",224836
export_uk,quantity,,"Other Manufactures, unenumerated",1900,"224,819",224819
reexport,quantity,,"Manufactures, Unenumerated",1878,"224,133",224133
import,value,,"Wool : Alpaca, Vicuña, and Llama . . . . .",1898,"224,000",224000
reexport,value,,Granton - - - - - -,1899,"223,595",223595
import,quantity,,"Watches - { Watches - """,1870,"223,137",223137
import,quantity,,Phosphate of Lime and Rock,1886,"223,111",223111
import,quantity,Manures,Phosphate of Lime and Rook,1886,"223,111",223111
import,value,Manures,Phosphate of Lime and Rook . . . . . Tons,1886,"223,111",223111
import,value,,Beads of Glass - - - - -,1868,"222,993",222993
reexport,value,Dyeing or Tanning Stuffs,Cochineal,1877,"222,565",222565
reexport,value,Dye Woods,— Currants,1877,"222,296",222296
export_uk,quantity,,"Other Manufactures, unenu-merated",1892,"222,088",222088
reexport,value,,All other Sorts - - - - -,1878,"221,944",221944
import,value,Gum,All other Sorts - - - - -,1868,"221,781",221781
export_uk,quantity,Woollen and Worsted Manufactures,Plushes,1891,"221,500",221500
import,value,Fruit,Almonds of all Kinds - - - - -,1868,"221,463",221463
reexport,quantity,,Shells of all kinds - - - - - - - -,1880,"221,424",221424
export_uk,value,,"Metals: Iron: Old, for re-manufacture Tons",1894,"83,256|221,316",221316
import,value,,"Woollen Yarn; For Fancy purposes, including Berlin Wool and",1896,"221,149",221149
reexport,value,Dye Woods,— Currants,1876,"220,856",220856
import,quantity,,Oilseed Cake: Linseed Cake . . . . .,1896,"220,602",220602
import,quantity,,Oilseed Cake: Linseed Cake . . . . .,1898,"220,352",220352
reexport,value,,"Unwrought, in Bars, Blocks or Slabs, Cakes or Ingotis . . . . .",1894,"219,917",219917
reexport,value,,"Unwrought, in Bars, Blocks or Slabs, Cakes or Ingots - - - - -",1894,"219,917",219917
reexport,value,,"Manufactures of Skins and Furs, including Skin Rugs",1899,"219,830",219830
reexport,value,,Of other Sorts,1871,"219,749",219749
import,value,,Straw . . . . . Lbs.,1887,"219,276",219276
import,quantity,,Manures :Phosphate of Lime and Rock . . . . .,1884,"219,225",219225
import,value,Manures,Phosphate of Lime and Rook . . . . . Tons,1884,"219,225",219225
import,value,,"Brass, Bronze, and Metal Bronzed or Lacquered, Manu-factures of. - - - - -",1896,"219,204",219204
reexport,value,,Wheat - - - - -,1893,"219,113",219113
import,value,"Fruit, Dried or Preserved, liable to Duty",Figs and Fig Cake . . . . .,1899,"218,954",218954
import,value,"Fruit, Dried or Preserved, liable to Duty",Figs and Fig Juice . . . . .,1899,"218,954",218954
import,value,,Saltpeetre - - - - -,1893,"213,873|218,873",218873
reexport,value,Sugar,"Tobacco, Unmanufactured",1890,"218,662",218662
export_uk,value,,Biscuit and Bread . . . . . Cts.,1893,"218,606",218606
reexport,quantity,,",, Cane, and other sorts . . . . .",1899,"218,183",218183
reexport,value,,Ardrossan - - - - -,1899,"218,170",218170
import,quantity,,Oilseed Cake: Linseed Cake . . . . .,1897,"217,998",217998
import,quantity,,Lawl,1870,"217,696",217696
reexport,quantity,,"Raisins, unenumerated",1887,"217,533",217533
import,quantity,,"Cured, Sardines",1899,"217,230",217230
reexport,quantity,Hats or Bonnets,""" Felt",1893,"217,069",217069
export_uk,value,,"Hides, raw . . . . . Cuts.",1895,"217,031",217031
reexport,value,,Other kinds of Corn and Grain - - - - -,1896,"216,780",216780
export_uk,quantity,,Bacon,1895,"216,479",216479
import,value,,"Woollen Yarn; For Fancy purposes, including Berlin Wool and",1895,"216,435",216435
import,value,Fish (including Turtle),""" Shell Fish : Oysters for food . . . . . """,1896,"216,052",216052
export_uk,value,,"Flint, Plain, Cut, or Ornamented, including Bottles and other Manufactures of Flint Glass . . . . .",1893,"215,982",215982
import,value,Hewn,Unenumerated - - - - -,1893,"215,837",215837
import,value,Wool and Timber,Unenumerated - - - - -,1893,"215,837",215837
reexport,value,,Gutch and Gambier - - - - -,1892,"215,706",215706
import,value,Dyeing or Tanning Stuffs,Shummach,1876,"215,253",215253
reexport,value,,Brandy Proof Gallons,1879,"214,970",214970
import,value,Paper Making Materials,Linen and Cotton Rags - - - - -,1892,"214,965",214965
export_uk,quantity,"Carriages, Carts, &c.","Railway Waggons, Trucks, &c. and parts thereof",1880,"214,739",214739
export_uk,value,"Carriages, Carts, &amp;c.","Railway Wagons, Trucks, &amp;c. and parts thereof - - - - -",1880,"214,739",214739
import,quantity,,Saltpeetre,1867,"214,604",214604
import,quantity,,Saltpetre,1867,"214,604",214604
reexport,value,,Gutch and Gambier,1880,"214,313",214313
export_uk,value,"Woollen, Tissues, viz. : Light, weighing up to 11 oz. per square yard","Narrow, all Wool - - - - -",1893,"214,205",214205
import,value,"Rags, and other materials for making Paper",Linen and Cotton Rags,1892,"214,065",214065
import,value,Guia,Arabio,1887,"213,477",213477
import,value,Gum,Arabie - - - - -,1887,"213,477",213477
reexport,value,,"Ivory, Tooth, Elephants', Sea Cow, Sea Horse or Sea Morse - - - - -",1894,"213,426",213426
reexport,value,,"Ivory, Tooth, Elephants', Sea Cow, Sea Horse or Sea Narwhal",1894,"213,426",213426
export_uk,value,"Carriages, Carts, &amp;c.","Railway Waggon, Trucks, &amp;c. - - - - -",1874,"213,257",213257
export_uk,value,"Carriages, Carts, &amp;c.","Railway Wagons, Trucks, &amp;c. - - - - -",1874,"213,257",213257
reexport,value,,Fowey - - - - - - -,1899,"212,980",212980
import,quantity,Seeds,Tares and Lexills,1878,"212,773",212773
import,value,"Fruit, Dried or Preserved, liable to Duty",Figs and Fig Cake . . . . .,1897,"212,626",212626
import,value,"Fruit, Dried or Preserved, liable to Duty",Figs and Fig Juice . . . . .,1897,"212,626",212626
reexport,value,,Cutch and Gambier,1871,"212,541",212541
reexport,value,,Borrowstouness . . . . .,1896,"212,403",212403
import,value,,Cocoa Nut - - - - -,1874,"211,561",211561
reexport,value,,"Manufactures of Skins and Furs, including Skin Rugs",1900,"211,534",211534
import,value,Fruit,Figs and Fig Cake - - - - -,1886,"211,276|114,253",211276
import,quantity,"""    Manufactures of Iron and Steel","Methylc. Alcohol, not purified so as to be potable",1897,"210,951",210951
import,quantity,",, Manufactures of Iron and Steel","Methylic Alcohol, not purified so as to be potable",1897,"210,951",210951
export_uk,quantity,,"Cordage, Cables, Ropes, and Twine, of Hemp or like Material",1900,"210,185",210185
export_uk,quantity,,"Cordage, Cables, Ropes, and Twine, ofHemp or like Material",1900,"210,185",210185
export_uk,quantity,,"Milk, Condensed",1900,"209,447",209447
import,value,,"Brass, Bronze, and Metal Bronzed or Lacquered, Manu-factures of. - - - - -",1897,"209,197",209197
import,quantity,Oils,Coco Nut,1894,"209,131",209131
export_uk,value,,Biscuit and Bread . . . . . Cts.,1895,"209,020",209020
import,value,Hewn,Unenumerated - - - - -,1894,"208,981",208981
import,value,Wool and Timber,Unenumerated - - - - -,1894,"208,951",208951
export_uk,value,"Carriages, Carts, &amp;c.","Railway Waggon, Trucks, &amp;c. - - - - -",1871,"208,928",208928
export_uk,value,,"Sheep and Lambs', andressed, withoutthe wool - - - - -",1896,"208,896",208896
export_uk,value,,"Sheep and Lambs', dressed, without the wool - - - - -",1896,"208,896",208896
export_uk,value,,"Skins and Furs, viz. :British, viz. :Sheep and Lambs', undressed, without the wool - - - - -",1896,"208,896",208896
reexport,value,Spirits,Rum,1890,"208,721",208721
import,value,Dye Woods,Logwood - - - - -,1868,"208,681",208681
import,value,"Fruit, Dried or Preserved, liable to Duty",Figs and Fig Cake . . . . .,1896,"208,248",208248
import,value,"Fruit, Dried or Preserved, liable to Duty",Figs and Fig Juice . . . . .,1896,"208,248",208248
reexport,value,,"Manufactures of Skins and Furs, including Skin Rugs",1896,"208,158",208158
export_uk,value,,Zinc or Spelter : Wrought or Unwrought - - - - -,1869,"207,840",207840
reexport,value,,Unenumerated,1871,"207,746|153,399",207746
import,quantity,,"Esparto, and other Vegetable Fibres for making Paper",1899,"207,604",207604
import,quantity,Paper-making materials,Paper,1899,"207,604",207604
import,value,,Of Silk - - - - -,1893,"207,340",207340
export_uk,value,,"Hides, raw . . . . . Cuts.",1898,"207,219",207219
export_uk,value,,"Skins and Furs, viz. :British, viz. :Sheep and Lambs', undressed, without the wool - - - - -",1894,"207,108",207108
import,value,Manures,Unenumerated - - - - -,1900,"206,936",206936
reexport,quantity,"Hides, Raw, and pieces thereof",Dry,1896,"206,807",206807
reexport,value,"Hides, Raw, and pieces thereof",Dry . . . . . Cuts.,1896,"206,807",206807
reexport,quantity,,"Raisins, unenumerated",1888,"206,681",206681
reexport,value,,Borrowstouness . . . . .,1895,"206,376",206376
reexport,value,Dyeing or Tanning Stuffs,Gutch and Gambier - - - - -,1885,"206,161",206161
import,quantity,,Seed of other Sorts,1866,"205,619",205619
reexport,value,Spirits,Rum,1888,"205,192",205192
reexport,value,Tin,"In Blocks, Ingots, Bars or Slabs . . . . . Cuts.",1897,"205,172",205172
reexport,value,Ivory,"Tooth, Elephants', Sea-cows', or Walrus' . . . . .",1897,"205,031",205031
import,value,Seeds,Other sorts,1897,"204,883",204883
export_uk,value,,"Railway Waggons, Trucks, &c. - - - - -",1868,"204,605",204605
export_uk,value,"Carriages, Carts, &amp;c.","Railway Wagons, Trucks, &amp;c. - - - - -",1868,"204,605",204605
import,quantity,,"Esparto, and other Vegetable Fibres for making Paper",1897,"204,579",204579
import,quantity,Paper-making materials,Paper,1897,"204,579",204579
import,value,Tobacco,Other sorts - - - - -,1897,"204,457|204,467",204467
export_uk,value,,"Hides, raw . . . . . Cuts.",1899,"204,395",204395
export_uk,value,"Woollen, Tissues, viz.: Light, weighing up to 11 oz. per square yard","Narrow, all Wool - - - - -",1899,"204,300",204300
import,value,Gum,"Lac, Seed, Shell, Stick, and Dye - - - - -",1868,"204,131",204131
export_uk,value,,Biscuit and Bread . . . . . Cts.,1894,"204,090",204090
export_uk,value,,"Cordage, Cables, Ropes, and Twine, ofHemp or like Material Cwts.",1894,"203,397",203397
reexport,value,,"Ivory, Teeth, Elephants', Sea Cow, Sea Horse or Sea Horse -",1896,"203,325",203325
reexport,value,,"Ivory, Teeth, Elephants', Sea Cow, Sea Horse or Sea Morse -",1896,"203,325",203325
reexport,value,Ivory,"Tooth, Elephants', Sea-cows', or Walrus' . . . . .",1896,"203,325",203325
reexport,value,Seeds,Flax or Linsseed,1890,"203,299",203299
import,value,Oils,Coco Nut - - - - -,1893,"202,885",202885
import,value,,"Art, Works of, other than Pictures - - - - -",1900,"202,021",202021
export_uk,value,"Ammunition, viz.",Gumpowder - - - - -,1897,"201,999",201999
reexport,value,Ivory,"Tooth, Elephants', Sea-cows', or Walrus' . . . . .",1899,"201,841",201841
import,value,Fish (including Turtle),""" Shell Fish : Oysters for food . . . . . """,1899,"201,311",201311
import,quantity,"Animals, Living","Cxen, Bulls, Cows, and Calves",1877,"201,193",201193
import,value,,"Of other Sorts . . . . . """,1890,"100,332|201,052",201052
reexport,quantity,"Hides, Raw, and pieces thereof",Wet,1897,"200,777",200777
export_uk,value,,"Hides, raw . . . . . Cuts.",1897,"200,601",200601
export_uk,value,"Ammunition, viz.",Gumpowder - - - - -,1894,"200,481",200481
import,value,,Tow - - - - -,1893,"200,434",200434
export_uk,value,,"Oil Seed Cake and other Animal Foods, unenumerated . . . . . Tons",1900,"200,336|46,130",200336
import,value,Fruit,Almonds,1877,"200,299",200299
import,quantity,,"Esparto, and other Vegetable Fibres for making Paper",1900,"200,280",200280
import,quantity,Paper-making materials,Paper,1900,"200,280",200280
reexport,value,,Butter and Butterine - - - - -,1879,"200,244|200,214",200244
reexport,value,,"Manufactures of Skins and Furs, including Skin Rugs",1897,"200,007",200007
import,value,,"Plums, Raw - - - - -",1892,"199,854",199854
reexport,value,,"Glass, of all Kinds . . . . . Cuts.",1888,"199,801",199801
import,value,,"Woollen Yarn; For Fancy purposes, including Berlin Wool and",1897,"199,557",199557
reexport,value,Leather Manufactures,Gloves - - - - -,1896,"198,844",198844
import,quantity,Preserved otherwise than by Salting,Other Sorts,1899,"198,777",198777
import,value,Manures,Bones for Manure (whether burnt or not) - - - - -,1893,"198,592",198592
export_uk,value,"Carriages, Carts, &amp;c.","Railway Waggon, Trucks, &amp;c. - - - - -",1872,"198,509",198509
export_uk,value,"Carriages, Carts, &amp;c.","Railway Wagons, Trucks, &amp;c. - - - - -",1872,"198,509",198509
export_uk,value,,Plated and Gilt Ware - - - - -,1874,"198,293",198293
import,value,Oils,Unenumerated - - - - -,1894,"198,203",198203
import,value,Oils,Unenumerated - - - - -,1895,"197,987",197987
export_uk,quantity,,Zinc or Spelter : Unwrought orWrought,1895,"197,568",197568
import,quantity,,"Esparto, and other Vegetable Fibres for making Paper",1898,"197,341",197341
import,quantity,Paper-making materials,Paper,1898,"197,341",197341
reexport,quantity,,„ Felt,1899,"197,117",197117
reexport,quantity,,",, Other Sorts, including Sugar Candy . . . . .",1897,"197,008",197008
reexport,value,Sugar,"„ Other Sorts, including Sugar Candy . . . . . """,1897,"197,008",197008
reexport,value,,Brandy Proof Gallons,1881,"196,258",196258
export_uk,quantity,,Plated and Gilt Ware,1881,"196,249",196249
export_uk,quantity,,Zinc or Spelter : Unwrought orWrought,1892,"196,211",196211
reexport,value,"Lace, and Articles thereof",",, Other Materials",1898,"196,189",196189
reexport,value,Cotton,Unenumerated - - - - -,1900,"196,090",196090
reexport,value,,"Glass, of all Kinds . . . . . Cuts.",1887,"195,875",195875
export_uk,value,,Plated and Gilt Ware - - - - -,1873,"195,777",195777
reexport,value,,"Silver, Ore of (including the Value of the Silver contained in Argontiferous Ores and Metals)",1898,"195,573",195573
reexport,value,Manufactures of Iron and Steel,"Silver, Ore of (including the Value of the Silver contained in Argentiferous Ores and Metals) - - - - -",1898,"195,573",195573
reexport,value,,"Silver, Ore of (including the Value of the Silver contained in Argontiferous Ores and Metals)",1896,"195,304",195304
reexport,value,Manufactures of Iron and Steel,"Silver, Ore of (including the Value of the Silver contained in Argentiferous Ores and Metals) - - - - -",1896,"195,304",195304
import,value,Fish (including Turtle),""" Shell Fish : Oysters for food . . . . . """,1898,"194,795",194795
export_uk,value,,Musical Instruments and parts thereof - -,1899,"4,714|194,714",194714
export_uk,quantity,,Zinc or Spelter : Unwrought orWrought,1893,"194,513",194513
import,value,Fish (including Turtle),""" Shell Fish : Oysters for food . . . . . """,1897,"194,500",194500
export_uk,quantity,,"Other Manufactures, unenu-merated",1893,"194,316",194316
import,value,,Guitta Percha,1890,"194,293",194293
import,value,Ham,Gutta Percha,1890,"194,293",194293
export_uk,value,"Ammunition, viz.",Gumpowder - - - - -,1893,"194,277",194277
export_uk,quantity,,Potatoes,1898,"194,200",194200
export_uk,value,,Potatoes . . . . . Cuts.,1898,"194,200",194200
reexport,value,Manufactures,Gloves . . . . . „,1899,"194,117",194117
import,quantity,,„ „ Cotton-seed Cake . . . . .,1899,"194,105",194105
import,value,,„ „ Cotton-seed Cake . . . . . „,1899,"194,105",194105
import,value,Oil,"Coco-Nut . . . . . """,1888,"194,025",194025
import,value,Oils,Unenumerated - - - - -,1893,"193,463",193463
import,quantity,,"Confectionery, in the manufacture of which Spirit has been used",1893,"193,424",193424
reexport,value,,Gloves . . . . . „,1900,"192,943",192943
reexport,value,Manufactures,Gloves . . . . . „,1900,"192,943",192943
import,value,Seeds,Other sorts,1896,"192,794",192794
reexport,value,Silk,Raw . . . . . Lbs.,1900,"192,616|110,917",192616
import,value,Fish (including Turtle),""" Other sorts of Fresh Fish . . . . . """,1895,"192,545",192545
export_uk,value,"Ammunition, viz.",Gumpowder - - - - -,1896,"191,877",191877
reexport,value,,Borrowstouness . . . . .,1894,"191,803",191803
import,value,Gum,Arabie - - - - -,1892,"191,617",191617
import,value,,"Sweetened or Mixed, Texted - - - - -",1898,"191,602",191602
reexport,value,,Iron Bars,1870,"191,547",191547
reexport,value,"Skins, Furs, and Pelts","Sheep, undressed",1890,"191,439",191439
reexport,value,Sugar,"Tobacco, Unmanufactured",1888,"191,423",191423
reexport,value,"Hides, Raw, and pieces thereof","Wet . . . . . """,1896,"111,009|191,276",191276
reexport,value,""" "" Of Wool (other than Goats)",Unenumerated - - - - -,1895,"191,229",191229
export_uk,quantity,,"Cordage, Cables, Ropes, and Twine, ofHemp or like Material",1893,"191,199",191199
export_uk,value,,"Cordage, Cables, Ropes, and Twine, ofHemp or like Material Cwts.",1893,"191,199",191199
reexport,quantity,,"Unenumerated, undressed",1899,"191,175",191175
reexport,value,Sugar,"Tobacco, Unmanufactured",1887,"190,988",190988
import,value,,"Cork, Unmanufactured - - - - -",1868,"190,562",190562
import,quantity,,Oil Seed Cake,1882,"190,427",190427
reexport,value,,Brandy Proof Gallons,1882,"189,858",189858
import,quantity,Metals,"Mutton, Fresh",1882,"189,847",189847
import,quantity,,Nuts and Kernels,1882,"189,817",189817
reexport,value,,Seal - - - - -,1893,"189,719",189719
reexport,value,,Of other Sorts,1870,"189,688",189688
export_uk,quantity,Woollen and Worsted Manufactures,Plushes,1893,"189,400",189400
reexport,value,""" "" Of Wool (other than Goats)",Unenumerated - - - - -,1896,"189,119",189119
reexport,value,,Bacon and Hams . . . . . Cuts.,1887,"188,717",188717
import,value,,"Slates, for roofing purposes",1896,"188,356",188356
reexport,value,Manufactures,Gloves . . . . . „,1898,"188,302",188302
import,quantity,,"Lead, Pig or Sheet",1893,"188,249",188249
import,value,,Animal,1886,"183,120|188,120",188120
import,value,"Fruit, Dried or Preserved, liable to Duty",Figs and Fig Cake . . . . .,1898,"188,052",188052
reexport,value,,Barnstaple -,1874,"188,030",188030
import,value,Fruit,Figs and Fig Cake - - - - -,1885,"187,903",187903
import,value,Spirits,Stationery,1891,"187,717",187717
import,quantity,,„ „ Cotton-seed Cake . . . . .,1900,"187,697",187697
import,value,,„ „ Cotton-seed Cake . . . . . „,1900,"187,697",187697
import,quantity,,Oilseed Cake: Linseed Cake . . . . .,1900,"187,420",187420
import,value,,"Woollen Yarn; For Fancy purposes, including Berlin Wool and",1898,"187,328",187328
import,quantity,,"Esparto, and other Vegetable Fibres for making Paper",1896,"187,278",187278
import,quantity,Paper-making materials,Paper,1896,"187,278",187278
reexport,value,,Dried . . . . . Cuts.,1896,"187,111",187111
reexport,quantity,,"Raisins, unenumerated",1885,"186,759",186759
import,quantity,,"Metals :Copper, Ore and Regulus . . . . .",1884,"186,679",186679
reexport,value,,Curants,1873,"186,594",186594
reexport,value,Dyeing or Tanning Stuffs,Cochineal,1876,"186,443",186443
export_uk,value,,Sculls of all sorts - - - - -,1897,"186,261",186261
export_uk,value,,Steels of all sorts - - - - -,1897,"186,261",186261
export_uk,value,,"Plate, Gold and Silver . . . . . Ozs.",1890,"186,034",186034
import,value,,"Sweetened or Mixed, Texted - - - - -",1897,"186,026",186026
import,quantity,,Saltpeetre,1868,"185,922",185922
import,value,,"Woollen Yarn; For Fancy purposes, including Berlin Wool and",1899,"185,480",185480
reexport,quantity,Tobacco,"Manufactured, Cigars",1893,"185,095",185095
reexport,value,,"Manufactures of Skins and Furs, including Skin Rugs",1898,"184,856",184856
import,value,,"China, Porcelain, and Earthenware . . . . . """,1890,"184,787",184787
import,value,"Dye-stuffs, and Substances for Tanning or Dyeing",Unenumerated . . . . . Ccts.,1897,"184,707",184707
reexport,value,,"Oil, Coco-nut Cwts.",1883,"184,492",184492
import,value,,"China, Porcelain, and Earthenware . . . . . """,1889,"184,443",184443
import,quantity,Oil,Coco-Nut,1890,"184,409|181,409",184409
import,quantity,,"Tin in Blocks, Ingot, Bars, or Slabs and Regulus - Cwts.",1874,"184,354",184354
import,quantity,Leather Manufactures,Unenumerated,1873,"183,529",183529
import,value,Hides,Unenumerated - - - - - - -,1873,"183,259",183259
import,value,Leather Manufactures,Unenumerated - - - - -,1873,"183,259",183259
export_uk,quantity,,Zinc or Spelter : Unwrought orWrought,1894,"183,077",183077
export_uk,value,"Manufactures wholly of Silk, viz.",Unenumerated - - - - -,1900,"182,927",182927
reexport,value,,Part Wrought - - - - -,1893,"182,700",182700
import,quantity,,""" Geneva",1900,"182,561",182561
import,value,,” ” Mechanical - - - - - - -,1896,"181,713",181713
import,value,Gum,Gutta Percha,1888,"181,560",181560
import,quantity,,Oleo-margarine or Oleo Oil . . . . .,1900,"181,554",181554
export_uk,value,"Ammunition, viz.",Gumpowder - - - - -,1895,"181,507",181507
import,value,Tobacco,Other Sorts,1899,"181,325",181325
import,quantity,,"Metal, Leaf, not Gold",1896,"180,985",180985
reexport,quantity,,Flax or Linseed,1886,"180,894",180894
import,value,,— Ornamental - - - - -,1868,"180,695",180695
export_uk,value,,Plated and Gilt Ware - - - - -,1876,"180,693",180693
reexport,value,,Unenumerated,1870,"180,512|95,702",180512
reexport,value,,"Glass, of all Kinds . . . . . Cuts.",1889,"180,331",180331
import,value,,Arabic,1890,"179,704",179704
export_uk,value,,Potatoes . . . . . Cwts.,1900,"179,600|43,442",179600
reexport,value,,Curants,1874,"178,998",178998
import,value,,Bark for Tanners' and Dyers' use - - - - -,1868,"178,919",178919
export_uk,quantity,,"Other Manufactures, unenu-merated",1894,"178,907",178907
import,value,,"Metal, unenumerated, Unwrought",1900,"178,699",178699
import,value,Dyeing or Tanning Stuffs,Shunaoch,1886,"178,464",178464
import,quantity,,"Hats or Bonnets, Of Straw, trimmed or untrimmed",1900,"178,361",178361
import,value,Oil,Turpentine - - - - -,1869,"173,252|178,252",178252
import,quantity,,"Beef, Salted",1899,"178,183",178183
export_uk,quantity,,"Bar (except Railroad), {Angle, Bolt, and Rod",1896,"178,123",178123
reexport,quantity,,In any way dressed (not Leather),1899,"178,064",178064
import,value,Guia,Kowrie,1888,"177,822",177822
reexport,value,,Wheatmeal and Flour - - - - -,1896,"177,578",177578
import,value,,Guano - - - - -,1900,"177,409",177409
import,value,Manures,Guanro - - - - -,1900,"177,409",177409
reexport,value,""" "" Of Wool (other than Goats)",Unenumerated - - - - -,1893,"177,288",177288
import,value,,Whalebone (Whalefin) . . . . .,1889,"177,179",177179
export_uk,value,"Ammunition, viz.","Muskets, Rifles, and Fowling Pieces . . . . . -Number.",1896,"177,096",177096
reexport,value,Oils,Coco Nut,1900,"176,952",176952
import,value,,"Pickles and Vegetables, preserved in Salt or Vinegar",1900,"176,948",176948
reexport,value,,Aberdeen - - - - -,1899,"176,827",176827
reexport,value,,Gutch and Gambier,1875,"176,787",176787
reexport,value,,Carnarvon - - - - - -,1893,"176,647",176647
reexport,value,,Gutch and Gambier,1879,"176,578",176578
reexport,quantity,,"Buttons and Studs, not of Metal",1900,"176,462",176462
reexport,value,,Rochester -,1875,"176,318",176318
import,value,,Chin: and Porcelain ware,1871,"176,307",176307
import,value,Fruit,Figs,1888,"175,521",175521
reexport,value,Tobacco,Unstemmed - - - - -,1893,"175,404",175404
reexport,value,,"White, Champagne - - - - -",1893,"175,397",175397
reexport,value,,"Glass, of all Kinds . . . . . Cuts.",1886,"175,353",175353
import,quantity,Preserved otherwise than by Salting,Other Sorts,1898,"175,279",175279
import,quantity,,Paraffine . . . . .,1884,"175,203",175203
import,value,,Paraffine . . . . . Gallons,1884,"175,203",175203
reexport,value,Not Sweetened,Rum - - - - -,1893,"175,104",175104
reexport,value,,Borrowstouness . . . . .,1897,"174,671",174671
import,quantity,Manufactures,Boots and Shoes,1897,"174,662",174662
reexport,value,,"Bar, Angle, Bolt, and Rod - - - - -",1899,"173,936|10,102",173936
reexport,value,Iron,Puddled - - - - -,1899,"173,936",173936
import,value,,"Platinum, wrought or unwrought . . . . . Ozs. Troy",1899,"173,752",173752
import,quantity,,Oleo-margarine or Oleo Oil . . . . .,1898,"173,621",173621
export_uk,quantity,Woollen and Worsted Manufactures,Plushes,1894,"173,400",173400
reexport,value,Spirits,Rum,1889,"173,319",173319
reexport,value,,Raw - - - - -,1890,"173,138",173138
reexport,quantity,,"Oil, Coconut",1876,"173,036",173036
reexport,quantity,,"Oil, Colza-nut",1876,"173,036",173036
reexport,value,,Barnstaple -,1878,"173,007",173007
reexport,value,Cotton,Unenumerated - - - - -,1899,"172,918",172918
import,quantity,,Leather Manufactures:  Boots and Shoes,1896,"172,840",172840
reexport,quantity,,"Oil, Coco-nut",1869,"172,639",172639
reexport,quantity,Not Sweetened,"British and Foreign, mixed in Bond",1894,"172,571",172571
reexport,quantity,,Lani - - - - - - - - -,1894,"172,257",172257
import,quantity,,Roasted or Ground,1893,"171,685",171685
import,quantity,,"Tin in Blocks, Ingots, Bars, or Slabs and Regulus Cuts.",1871,"171,659",171659
import,quantity,,” Wood Pulp Board,1894,"171,548",171548
import,quantity,,Watches,1866,"171,013",171013
import,quantity,,"Watches - { Watches - """,1866,"171,013",171013
import,value,,"Brass, Bronze, and Metal Bronzed or Lacquered, Manu-factures of. - - - - -",1895,"170,981",170981
import,value,,Rabbits (dead) . . . . . Cuts.,1896,"170,873",170873
import,value,Dyeing or Tanning Stuffs,Shummach,1879,"170,692",170692
import,value,Guia,Kowrie,1887,"170,462",170462
import,value,,"Whalebone (Whalefin) . . . . . """,1886,"170,388|5,518",170388
export_uk,value,,Hangings - - - - -,1900,"170,376|64,234",170376
export_uk,quantity,Woollen and Worsted Manufactures,Plushes,1892,"170,100",170100
reexport,value,,Aberdeen . . . . .,1893,"170,098",170098
reexport,value,,Rum . . . . .,1895,"169,888",169888
reexport,value,Not Sweetened,Rum - - - - -,1895,"169,888",169888
reexport,value,,"Perfumery, and Articles used in the manufacture thereof - - - - -",1900,"169,704|21,663",169704
import,value,,"Rockets, and other combustibles for purposes of war, Ex-plosives, Percussion Caps, and Ammunition unenu-merated - - - - -",1897,"169,627",169627
import,value,,"Rockets, and other combustibles for purposes of war,Explosives, Percussion Caps, and Ammunitionunenumerated - - - - -",1897,"169,027",169027
import,value,Silk Manufactures,Of Countries out of Europe - - - - -,1881,"168,451",168451
import,value,,"China, Porcelain, and Earthenware . . . . . """,1888,"168,377",168377
import,quantity,,"China Porcelain, and Earthenware",1880,"168,257",168257
export_uk,quantity,,Other kinds of manufacturedTobacco,1899,"167,933",167933
import,quantity,,"Metal, Leaf, not Gold",1893,"167,890",167890
import,quantity,,"Sturmur "" "" "" """,1896,"167,855",167855
reexport,value,,Barnstaple -,1876,"167,854",167854
import,value,"Dye-stuffs, and Substances for Tanning or Dyeing",Unenumerated . . . . . Ccts.,1898,"167,693",167693
import,value,"Dye-stuffs, and Substances for Tanning or Dyeing",Unenumerated . . . . . Ccts.,1896,"167,385",167385
reexport,value,,Brandy Proof Gallons,1883,"167,202",167202
export_uk,quantity,,Plated and Gilt Ware,1880,"166,906",166906
reexport,value,Dye Woods,— Currants,1879,"166,870",166870
reexport,value,Manufactures,Gloves . . . . . „,1896,"166,648",166648
export_uk,value,Linen Manufactures,Sailcloth and Sails - - - - -,1889,"166,548",166548
reexport,value,,Caernarvon -,1878,"166,520",166520
import,quantity,,"Tin in Blocks, Ingots, Bars, or Slabs and Regulus Cuts.",1872,"166,510",166510
reexport,value,,Bacon and Hams . . . . . Cuts.,1888,"166,479",166479
reexport,quantity,,Curants,1877,"166,452",166452
import,quantity,,Oleo-margarine or Oleo Oil . . . . .,1899,"166,184",166184
reexport,value,,Maryport -,1875,"166,147",166147
import,value,,"Stationery, other than Paper, including Ink",1893,"166,094",166094
import,value,Spirits,Stationery,1893,"166,094",166094
reexport,value,,Barnstaple -,1877,"166,036",166036
export_uk,value,,Crude in Cakes . . . . . Cuts.,1894,"165,945|165,045",165945
import,value,,Bark for Tanners' and Dyers use,1870,"165,584|165,881|165,884",165884
reexport,quantity,,Starches,1892,"165,446",165446
reexport,quantity,,Staves,1892,"165,446",165446
export_uk,quantity,,"Zinc or Spelter, viz. :Crude in Cakes",1894,"165,045",165045
reexport,value,,"Farinaceous Substances and Manufactures thereof, unenumerated - - - - -",1893,"164,483",164483
reexport,value,,"Pharmaceutical Substances and Manufactures thereof, unenumerated - - - - -",1893,"164,483",164483
reexport,value,Lead,Ore of - - - - -,1896,"164,065",164065
reexport,value,,Caernarvon -,1877,"163,913",163913
reexport,quantity,,In any way dressed (not Leather),1898,"163,725",163725
export_uk,quantity,,"Copper, Unwrought",1868,"163,685",163685
export_uk,value,"Carriages, Carts, &amp;c.","Railway Wagons, Trucks, &amp;c. - - - - -",1877,"163,528",163528
import,value,,Whalebone (Whalefin) . . . . .,1890,"4,994|163,455",163455
reexport,value,,Gutch and Gambier,1876,"163,417",163417
reexport,value,,"Bark, Peruvian - - - - -",1869,"162,827|152,827",162827
reexport,value,Sugar,"Tobacco, Unmanufactured",1889,"162,407",162407
export_uk,value,,"Blacking and Polishes  . . . . """,1900,"162,249",162249
import,value,Gum,Arabie - - - - -,1891,"162,232",162232
reexport,value,,Yarmouth - - - - -,1899,"162,089",162089
reexport,quantity,Not Sweetened,"British and Foreign, mixed in Bond",1893,"162,050",162050
reexport,quantity,,Starches,1890,"162,012",162012
reexport,quantity,,Staves,1890,"162,012",162012
reexport,quantity,,Of Countries in Europe,1868,"161,884",161884
reexport,value,,Lynn -,1876,"161,874",161874
reexport,value,,Plymouth . . . . .,1893,"161,812",161812
import,value,,"Asphalt, or Bitumen (other than Painters' Colours or Drugs) -",1899,"161,568",161568
import,value,,"Asphalt, or Bitumen - - - - -",1899,"161,568",161568
import,value,Spirits,Stationery,1890,"160,927",160927
reexport,quantity,,"Oil, Coconut",1880,"160,633",160633
reexport,quantity,,"Oil, Colza-nut",1880,"160,633",160633
reexport,value,,"Oil, Coco-nut Cwts.",1880,"160,633",160633
import,quantity,,Figs and Fig Cake,1900,"160,608",160608
import,quantity,"Fruit, Dried or Preserved, liable to Duty",Figs and Figs Cake,1900,"160,608",160608
import,value,,"Rockets, and other combustibles for purposes of war,Explosives, Percussion Caps, and Ammunitionunenumerated - - - - -",1898,"160,389",160389
reexport,value,Manufactures,Gloves . . . . . „,1897,"160,206",160206
import,value,Guia,Arabio,1890,"159,704",159704
import,value,Gum,Arabie - - - - -,1890,"159,704",159704
import,quantity,Preserved otherwise than by Salting,Other Sorts,1894,"159,382",159382
reexport,quantity,Beer and Ale,Manufactures of,1898,"159,368",159368
reexport,value,,Hayle -,1878,"159,149",159149
import,value,Oil,Turpentine - - - - -,1868,"159,045",159045
import,value,Fruit,Almonds of all Kinds - - - - -,1869,"158,952|158,900",158952
reexport,value,,Cutch and Gambier - - - - -,1893,"158,951",158951
reexport,quantity,,"Oil, Coconut",1877,"158,946",158946
reexport,quantity,,"Oil, Colza-nut",1877,"158,946",158946
reexport,value,,Fowey - - - - - -,1893,"158,896",158896
import,quantity,,„ „ Cotton-seed Cake . . . . .,1898,"158,672",158672
import,value,,„ „ Cotton-seed Cake . . . . . „,1898,"158,672",158672
import,value,Dyeing or Tanning Stuffs,Myrobalans - - - - -,1888,"158,596",158596
reexport,value,,"Furs, Rabbit Skins",1900,"158,571",158571
reexport,quantity,,"Chemical, Essential, or Perfumed . . . . .",1893,"158,337",158337
import,value,,Sauterne - - - - -,1896,"67,952|157,825|157,855",157855
import,value,Skins and Furs,"Goat, undressed",1878,"157,746",157746
reexport,quantity,,"British and Foreign, mixed in Bond",1895,"157,652",157652
reexport,quantity,Not Sweetened,"British and Foreign, mixed in Bond",1895,"157,652",157652
reexport,quantity,,Starches,1893,"157,537",157537
reexport,quantity,,Staves,1893,"157,537",157537
export_uk,value,,Other Kinds - - - - -,1893,"157,480",157480
import,value,,"China, Porcelain, and Earthenware . . . . . """,1887,"157,270",157270
export_uk,value,"Carriages, Carts, &amp;c.","Railway Wagons, Trucks, &amp;c. and parts thereof - - - - -",1881,"157,212",157212
import,value,,"China, Porcelain, and Earthenware . . . . . """,1886,"157,048",157048
reexport,value,Not Sweetened,Rum - - - - -,1896,"157,029",157029
import,value,Dyeing or Tanning Stuffs,Shunaoch,1887,"156,720",156720
import,value,Fish (including Turtle),""" "" Other sorts of Shell Fish . . . . . Ccts.",1896,"156,638",156638
import,value,Gum,Gutta Percha,1887,"156,600",156600
reexport,value,,"Farinaceous Substances and Manufactures thereof, un- }enumerated - - - - -",1896,"156,494",156494
reexport,value,,"Pharmaceutical Substances and Manufactures thereof, unenumerated - - - - -",1896,"156,494",156494
import,value,,"Sweetened or Mixed, Texted - - - - -",1896,"156,274",156274
export_uk,value,,Plated and Gilt Ware - - - - -,1872,"155,852",155852
import,quantity,,"Tin in Blocks, Ingot, Bars, or Slabs and Regulus - Cwts.",1873,"155,812",155812
import,quantity,,"Tin in Blocks, Ingots, Bars, or Slabs and Regulus Cuts.",1873,"155,812",155812
reexport,value,,Fleetwood - - - - - -,1893,"155,761",155761
import,value,,Spices : Ginger - - - - -,1894,"155,531",155531
reexport,value,,Dublin . . . . .,1893,"155,243",155243
export_uk,value,"Woollen Tissues, viz. : Heavy, weighing above 11 oz. per square yard","Narrow, all Wool - - - - -",1893,"155,216",155216
reexport,value,Seeds,Rape - - - - -,1868,"155,046",155046
import,value,Preserved otherwise than by Salting,Mutton - - - - -,1893,"154,818",154818
reexport,value,,Carnarvon - - - - - - -,1899,"154,740",154740
import,value,"Dye-stuffs, and Substances for Tanning or Dyeing",Unenumerated . . . . . Ccts.,1899,"154,525",154525
import,quantity,,"Tin in Blocks, Ingots, Bars, or Slabs and Regulus Cuts.",1874,"154,354",154354
import,quantity,,"Sturmur "" "" "" """,1895,"153,848",153848
import,quantity,,„ Saumur,1895,"133,848|153,848",153848
import,value,Tobacco,Wax,1894,"153,762",153762
reexport,quantity,,",, Other Sorts, including Sugar Candy . . . . .",1899,"153,612",153612
reexport,value,Sugar,"„ Other Sorts, including Sugar Candy . . . . . """,1899,"153,612",153612
export_uk,quantity,,Zinc or Spelter : Unwrought orWrought,1891,"153,485",153485
import,value,Gums,Kowrie,1871,"153,190",153190
import,quantity,""" Imported in Bottles",""" Saumur",1900,"153,152",153152
import,value,Gum,Arabic,1894,"153,119",153119
reexport,value,,Gutch and Gambier,1874,"152,924",152924
import,value,Sugar,Glucose - - - - -,1874,"152,593",152593
reexport,quantity,,Molasses . . . . .,1900,"152,057",152057
reexport,value,Sugar,"Molasses . . . . . """,1900,"152,057",152057
reexport,value,Not Sweetened,Rum - - - - -,1894,"151,962",151962
reexport,value,,Lynn -,1874,"151,909",151909
import,quantity,,"Pork, Salted and Fresh",1868,"151,362",151362
import,value,Linen,Unenumerated - - - - -,1895,"151,260",151260
reexport,quantity,,"British and Foreign, mixed in Bond",1899,"150,904",150904
reexport,quantity,""" Unenumerated",""" British and Foreign",1899,"150,904",150904
import,value,,— Peruvian - - - - -,1868,"150,814",150814
export_uk,value,,Biscuit and Bread - - - - -,1868,"150,668",150668
import,value,,"Meat, Unenumerated ; Salted or Fresh . . . . . Cuts.",1892,"150,573",150573
export_uk,quantity,,Other kinds of manufacturedTobacco,1898,"150,484",150484
import,quantity,,"Hats or Bonnets, Of Straw, trimmed or untrimmed",1898,"150,441",150441
import,quantity,,Hats or Bonnets. Of Straw,1898,"150,441",150441
import,value,,Chin: and Porcelain ware,1870,"150,437",150437
export_uk,quantity,,"Hoops, Sheets, and Boiler Plates",1868,"150,281|150,231",150281
reexport,value,,Gunno,1874,"150,199",150199
export_uk,quantity,,Wrought or Manufactured:Mixed or Yellow Metal - '',1888,"150,186",150186
reexport,value,,Stornoway - - - - - -,1899,"150,100",150100
export_uk,value,,Silver - - - - -,1900,"150,002|51,956",150002
reexport,value,,Tallow and Stearing - - - - -,1874,"149,685",149685
import,value,Tobacco,Other sorts - - - - -,1893,"149,677",149677
import,value,,” ” Mechanical - - - - - - -,1897,"149,634",149634
reexport,value,,"Pharmaceutical Substances and Manufactures thereof, unenumerated - - - - -",1894,"149,502",149502
export_uk,value,"Ammunition, viz.","Muskets, Rifles, and Fowling Pieces . . . . . -Number.",1897,"149,421",149421
import,value,Guia,Kowrie,1889,"149,396",149396
import,quantity,,Oleo-margarine or Oleo Oil . . . . .,1897,"149,373",149373
reexport,value,,"Fruit, Almonds - - - - -",1896,"149,283",149283
reexport,value,Oil,Olive,1890,"148,769",148769
import,quantity,,"Bark, Peruvian",1887,"148,177",148177
import,value,,"Whalebone (Whalefin) . . . . . """,1888,"4,306|148,117",148117
reexport,value,,Lynn -,1875,"148,063",148063
reexport,value,,Olive,1871,"147,729",147729
export_uk,quantity,,Zinc or Spelter : Unwrought orWrought,1884,"147,667",147667
reexport,value,Gum,Of other Sorts,1876,"147,584",147584
reexport,value,,Brandy - - - - -,1877,"147,536",147536
reexport,quantity,,",, Other Sorts, including Sugar Candy . . . . .",1900,"147,322",147322
reexport,value,Sugar,"„ Other Sorts, including Sugar Candy . . . . . """,1900,"147,322",147322
reexport,value,,"Oil, Coco-nut Cwts.",1881,"147,155",147155
reexport,value,,Douglas -,1877,"146,827",146827
reexport,value,Not Sweetened,Rum - - - - -,1897,"146,740",146740
reexport,value,,Curants,1872,"146,726",146726
export_uk,quantity,,"Metals:Iron: Old, for re-manufacture - Tons",1889,"146,719",146719
export_uk,quantity,"Tobacco and Snuff manufactured in the United Kingdom, viz.",Other kinds of manufactured Tobacco,1897,"146,619",146619
reexport,value,Seeds,Flax or Linsseed,1891,"146,310",146310
reexport,value,Oil,Olive,1889,"146,293",146293
import,quantity,,Almonds . . . . .,1899,"146,153",146153
import,quantity,"Fruit, Dried or Preserved, liable to Duty",Figs and Figs Cake,1897,"145,881",145881
import,quantity,,"Bark, Peruvian",1886,"145,867",145867
import,value,,"Asphalt, or Bitumen (other than Painters' Colours or Drugs) -",1900,"145,671",145671
import,value,Dyeing or Tanning Stuffs,Shummach,1880,"145,665",145665
reexport,quantity,,Of Wool (other than Goats') : Cloths,1899,"145,562|145,582",145582
import,quantity,,"Metals :Copper, Ore and Regulus",1880,"145,475",145475
import,value,Linen,Unenumerated - - - - -,1894,"145,406",145406
import,quantity,,Tar,1868,"145,402|12,117",145402
import,quantity,Drgus,"Bark, Peruvian",1886,"145,367",145367
import,value,Drugs,"Bark, Peruvian . . . . . Cuts.",1886,"145,367",145367
export_uk,quantity,,Plated and Gilt Ware,1879,"145,354",145354
export_uk,quantity,"Manure, viz.",Sulphate of Ammonia,1900,"145,157",145157
export_uk,quantity,,"Metals:Iron: Old, for re-manufacture - Tons",1888,"144,972",144972
import,quantity,,"Bark, Peruvian",1888,"144,820",144820
import,value,Drugs,"Bark, Peruvian . . . . . Cuts.",1888,"144,820",144820
reexport,value,Silk,Unenumerated . . . . .,1900,"144,200",144200
reexport,value,,Lard . . . . . Cuts.,1890,"144,125",144125
reexport,value,""" "" Of Wool (other than Goats)",Unenumerated - - - - -,1894,"144,069",144069
reexport,quantity,Skins,In any way dressed (not Leather),1894,"143,988",143988
reexport,value,,"Farinaceous Substances and Manufactures thereof, un- }enumerated - - - - -",1898,"143,936",143936
reexport,value,,Yarn - - - - -,1899,"1,293|1,203|29,781|2,421|143,901",143901
reexport,value,,Falmouth - - - - - - -,1899,"143,681",143681
import,quantity,"Fruit, Dried or Preserved, liable to Duty",Figs and Figs Cake,1899,"143,559",143559
export_uk,value,Linen Manufactures,Sailcloth - - - - -,1886,"143,353",143353
import,quantity,"Fruit, Dried or Preserved, liable to Duty",Figs and Figs Cake,1896,"143,339",143339
import,quantity,Drgus,"Bark, Peruvian",1887,"143,177",143177
import,value,Drugs,"Bark, Peruvian . . . . . Cuts.",1887,"143,177",143177
reexport,value,Dyeing or Tanning Stuffs,Unnumerated - - - - -,1888,"142,960",142960
reexport,value,,""" Unenumerated, Dried - - - - -",1892,"142,663",142663
reexport,value,,Llanelly - - - - - - -,1899,"142,570",142570
import,value,,Beads of Glass - - - - -,1869,"142,467|142,167",142467
reexport,value,,Granton . . . . .,1893,"142,180",142180
export_uk,value,,"Prints, Engravings, Drawings, Oleographs, Photographs on Paper, Maps and Charts - - - - -",1893,"141,763",141763
export_uk,value,,"Prints, Engravings, Drawings, Olographs,Photographs on Paper, Maps and Charts - - - - -",1893,"141,763",141763
reexport,value,"Metals, viz.","Lead, Pig or Sheet",1876,"141,505",141505
import,quantity,,"Sturmur "" "" "" """,1897,"141,289",141289
reexport,quantity,,"Lace, of all Kinds",1893,"141,281",141281
import,quantity,,Nitrate of Soda (Cubic Nitre),1900,"141,155",141155
import,value,Guia,Kowrie,1890,"141,098",141098
import,quantity,Leather Manufactures,Boots and Shoes,1887,"140,945|140,045",140945
import,value,Leather Manufactures,Boots and Shoes . . . . . Dozen Pairs,1887,"140,945",140945
import,value,Manures,Nitrate of Soda (Cubic Nitro),1899,"140,851",140851
import,value,Dyeing or Tanning Stuffs,Shunaoch,1889,"140,517",140517
import,value,Oil,Animal . . . . . Cwtts.,1887,"140,467",140467
export_uk,quantity,,Crude in Cakes,1900,"140,412",140412
export_uk,quantity,,"Zinc or Spelter, viz. :Crude in Cakes",1900,"140,412",140412
import,value,,Mica and Talc - - - - -,1899,"140,376",140376
export_uk,value,,"Bladders, Casings, and Sausage Skins . . . . .",1900,"140,358",140358
export_uk,value,,"Bladders, Casings, and Sausage Skinst . . . . .",1900,"140,358",140358
import,value,Seeds,"Garlen, unenumerated",1895,"140,328",140328
reexport,value,Gum,Of other Sorts,1877,"140,250",140250
reexport,quantity,,Lani - - - - - - - - -,1893,"140,246",140246
import,value,Manures,Guanro - - - - -,1899,"140,075",140075
export_uk,quantity,,"Cocoa or Chocolate, Ground or Pre-pared in Bond",1900,"140,000",140000
export_uk,quantity,,"Cocoa or Chocolate, Ground or Prepared in Bond",1900,"140,000",140000
export_uk,quantity,"Carriages, Carts, &amp;c.","Railway Wagons, Trucks, &amp;c. and parts thereof """,1878,"139,497",139497
export_uk,value,"Carriages, Carts, &amp;c.","Railway Wagons, Trucks, &amp;c. and parts thereof - - - - -",1878,"139,497",139497
export_uk,value,"Carriages, Carts, &c.","Railway Waggons, Trucks, &c. and parts thereof",1878,"139,497",139497
import,value,,"Perfumery, and Articles used in the manufacture thereof - - - - -",1895,"139,386",139386
import,value,,Plumkago,1883,"139,238",139238
import,quantity,Leather Manufactures,Unenumerated,1872,"139,209",139209
import,value,Hides,Unenumerated - - - - - - -,1872,"139,209",139209
import,value,Leather Manufactures,Unenumerated - - - - -,1872,"139,209",139209
reexport,value,,Gloucester - - - - - -,1893,"139,196",139196
import,value,,Plumkago,1882,"139,090",139090
reexport,value,,"Cured, Sardines - - - - -",1893,"138,921",138921
import,value,,Pitch . . . . . Cuts.,1895,"138,844",138844
import,quantity,,Saumur,1893,"138,788",138788
import,quantity,,"Sturmur "" "" "" """,1893,"138,788",138788
import,value,,— Manufactured - - - - -,1868,"138,683",138683
reexport,value,,Grimsby -,1878,"138,462",138462
export_uk,quantity,,"Leather, Unwrought",1896,"138,071",138071
import,value,"Fruit, Dried or Preserved, liable to Duty",Figs and Fig Juice . . . . .,1898,"138,052",138052
reexport,value,,"Glass, of all Kinds . . . . . Cuts.",1890,"137,719",137719
reexport,value,Cotton,Unenumerated - - - - -,1898,"137,622",137622
import,value,Linen,Unenumerated - - - - -,1891,"137,341",137341
import,value,,"Bark, for Tanning  - - - - -",1899,"136,971",136971
export_uk,value,,"Plate, Rough or Silvered . . . . .",1900,"135,418",135418
import,value,Dyeing or Tanning Stuffs,Shunaoch,1888,"135,410",135410
reexport,quantity,,In any way dressed (not Leather),1896,"134,994",134994
reexport,quantity,Skins,In any way dressed (not Leather),1896,"134,994",134994
import,value,,Guitta Percha,1891,"134,879",134879
import,value,Ham,Gutta Percha,1891,"134,879",134879
reexport,value,,"Raw, Unnumerated - - - - -",1886,"134,858",134858
export_uk,value,,Tin: Unwrought . . . . . Cuts.,1893,"134,775",134775
reexport,value,,"Oil, Coco-nut Cwts.",1882,"134,568",134568
reexport,value,Oils,Coco Nut . . . . . ”,1899,"105,976|134,402",134402
import,quantity,,"Hats or Bonnets, Of Straw, trimmed or untrimmed",1899,"134,386",134386
import,quantity,,Hats or Bonnets. Of Straw,1899,"134,386",134386
import,quantity,,"Metals :Copper, Ore and Regulus",1879,"133,976",133976
import,value,,"Brass, Bronze, and Metal Bronzed or Lacquered, Manu-factures of. - - - - -",1894,"133,877",133877
export_uk,quantity,Cotton Manufactures,"Of mixed Materials (Cotton predominate) - """,1894,"133,800",133800
export_uk,value,,"Of Mixed Materials, Cottonpredominating Yards",1894,"133,800",133800
import,value,,Pitch . . . . . Cuts.,1897,"133,775",133775
import,value,Dyeing or Tanning Stuffs,Shumach - - - - -,1892,"133,730",133730
reexport,value,,""" Unenumerated, Dried - - - - -",1894,"133,596",133596
reexport,value,,Lynn -,1878,"133,515",133515
import,value,,Wood Pulp Boards - - - - -,1897,"133,489",133489
reexport,value,,Plymouth - - - - -,1899,"133,375",133375
import,value,Guia,Kowrie,1886,"133,056",133056
export_uk,quantity,,Zinc or Spelter: Unwrought orWrought,1889,"132,862",132862
reexport,quantity,,"Raisins, unenumerated",1889,"132,728",132728
reexport,quantity,,"Raw, unenumerated",1889,"132,728",132728
reexport,value,Woollen Manufactures,Unenumerated - - - - -,1899,"132,524",132524
import,quantity,,Leather Manufactures:  Boots and Shoes,1895,"132,058",132058
reexport,value,Silk,Raw . . . . . Lbs.,1899,"81,269|132,054",132054
export_uk,value,,"Plato, Gold and Silver - - - - -",1889,"132,039",132039
reexport,value,,""" Unenumerated, Dried - - - - -",1896,"131,962",131962
reexport,value,,Plymouth -,1876,"131,708",131708
import,value,Fish (including Turtle),""" "" Other sorts of Shell Fish . . . . . Ccts.",1897,"131,621",131621
export_uk,value,,"Hides, raw . . . . . Cuts.",1896,"131,505",131505
export_uk,value,,"Plate, Gold and Silver . . . . . Ozs.",1891,"131,438",131438
reexport,value,Drugs,"Bark, Peruvian . . . . . Cuts.",1887,"131,379",131379
import,value,,Bark for Tanners' and Dyers' use,1881,"131,320",131320
reexport,value,Silk,""" Unenumerated - - - - -",1893,"130,964",130964
import,value,,"Whalebone (Whalefin) . . . . . """,1887,"130,504|4,142",130504
import,value,Manures,Nitrate of Soda (Cubic Nitro),1898,"130,327",130327
import,value,Seeds,"Garlen, unenumerated",1894,"130,205",130205
reexport,quantity,,In any way dressed (not Leather),1897,"130,133",130133
reexport,quantity,Skins,In any way dressed (not Leather),1897,"130,133",130133
import,value,Fish (including Turtle),""" "" Other sorts of Shell Fish . . . . . Ccts.",1899,"130,121",130121
import,value,,""" Ginger",1900,"130,108",130108
import,value,,Leather Manufactures :  Boots and Shoes . . . . . Dozen Pairs,1888,"129,980",129980
import,value,Leather Manufactures,Boots and Shoes . . . . . Dozen Pairs,1888,"129,980",129980
reexport,value,,"Sawn or Spli., Planed or Dressed - - - - -",1888,"129,855",129855
import,value,,Yarn - - - - -,1868,"129,829",129829
import,value,Fruit,Almonds . . . . . Cuts.,1889,"129,736",129736
import,quantity,,"Watches - { Watches - """,1869,"129,712",129712
import,value,Linen,Unenumerated - - - - -,1893,"129,710",129710
import,value,Manures,Unenumerated - - - - -,1893,"129,710",129710
import,quantity,,"Bark, Peruvian",1889,"129,357",129357
import,value,Drugs,"Bark, Peruvian . . . . . Cuts.",1889,"129,357",129357
import,quantity,,Saumur,1894,"129,145",129145
import,quantity,,"Sturmur "" "" "" """,1894,"129,145",129145
reexport,value,,"Farinaceous Substances and Manufactures thereof, un- }enumerated - - - - -",1897,"128,965",128965
reexport,value,,"Pharmaceutical Substances and Manufactures thereof, unenumerated - - - - -",1897,"128,965",128965
reexport,value,,Knobs or Husks of Silk and Waste - - -,1869,"128,904",128904
reexport,quantity,,Starches,1894,"128,898",128898
reexport,quantity,,Staves,1894,"128,898",128898
import,value,,Pitch . . . . . Cuts.,1898,"128,860",128860
import,value,,"Chicory, Raw or Kiln-dried . . . . . Cuts.",1887,"128,845",128845
reexport,value,,"Conlage, Twine, and Cable Yarn . . . . .",1897,"128,840",128840
reexport,value,,"Conlase, Twine, and Cable Yarn - - - - -",1897,"128,840",128840
import,value,,Pitch . . . . . Cuts.,1899,"128,676",128676
reexport,quantity,,"Manufactures, Unenumerated",1866,"128,312",128312
import,quantity,Drgus,"Bark, Peruvian",1885,"128,104",128104
import,value,Hides,Unenumerated - - - - - - -,1871,"128,070",128070
export_uk,value,,"Prints, Engravings, Drawings, Olographs,Photographs on Paper, Maps and Charts - - - - -",1894,"127,964",127964
export_uk,quantity,"Meat, viz.","Beef, Mutton, Pork, Bacon, and Hams „",1900,"127,963",127963
export_uk,value,,"Meat, viz. :  Beef, Mutton, Pork, Bacon, and Hams „",1900,"127,963",127963
reexport,quantity,,"Grapes, Raw  . . . . .",1899,"127,960",127960
reexport,value,,"Grapes, Raw . . . . .",1899,"127,960|60,297",127960
export_uk,value,,"Glue, Size, and Gelatine . . . . .",1900,"127,884",127884
export_uk,value,,"Prints, Engravings, Drawings, Olographs,Photographs on Paper, Maps and Charts - - - - -",1897,"127,847",127847
reexport,quantity,Skins,"Unenumerated, Undressed",1894,"127,696",127696
reexport,quantity,,"Grapes ,",1899,"127,560",127560
import,quantity,,Leather Manufactures :Boots and Shoes,1879,"127,504",127504
export_uk,quantity,,"Iron: Old, for re-manufacture",1896,"127,424",127424
import,value,,Pitch . . . . . Cuts.,1896,"127,386",127386
import,value,Spirits,"Unenumerated, not sweetened",1868,"127,381",127381
import,value,,"Asphalt, or Bitumen (other than Painters' Colours or Drugs) -",1898,"127,022",127022
import,value,,"Sweetened or Mixed, Texted - - - - -",1895,"126,722",126722
import,value,,Woollen Manufactures : Of Goats' Wool or Hair . . . . .,1895,"126,562",126562
export_uk,value,"Ammunition, viz.","Muskets, Rifles, and Fowling Pieces . . . . . -Number.",1898,"126,287",126287
import,value,,Plumkago,1885,"126,279",126279
import,value,Dyeing or Tanning Stuffs,Shunaoch,1890,"126,074",126074
export_uk,value,,Glass: Plate - - - - -,1869,"125,946|125,916",125946
export_uk,value,,"Prints, Engravings, Drawings, Olographs,Photographs on Paper, Maps and Charts - - - - -",1896,"125,894",125894
export_uk,value,,"Meat, viz. :  Beef, Mutton, Pork, Bacon, and Hams „",1897,"125,467",125467
import,quantity,,"Cured, Sardines",1893,"125,292",125292
import,quantity,,Other sorts of Shell Fish,1893,"125,292",125292
reexport,value,,"Oil, Coco-nut Cwts.",1879,"125,190",125190
import,value,Tobacco,Wax,1893,"123,830",123830
reexport,value,Drugs,"Bark, Peruvian . . . . . Cuts.",1888,"123,792",123792
import,value,Tobacco,Wax,1892,"123,505",123505
import,value,,Gold Leaves - - - - -,1895,"123,221",123221
reexport,quantity,,"Oil, Coconut",1879,"123,190",123190
reexport,quantity,,"Oil, Colza-nut",1879,"123,190",123190
reexport,quantity,,"Perfumery, and Articles used in the manufacture thereof Lbs.",1899,"123,168",123168
import,quantity,,Bars,1885,"122,697",122697
import,value,Manures,Nitrate of Soda (Cubic Nitro),1895,"122,687",122687
reexport,value,"Lace, and Articles thereof",""" Cotton - - - - -",1897,"122,631",122631
reexport,value,Silk,Unenumerated . . . . .,1899,"122,428",122428
export_uk,quantity,,"Meat: Beef, Mutton, Pork, Bacon, and {Hams",1896,"122,417",122417
export_uk,value,,"Meat, viz. :  Beef, Mutton, Pork, Bacon, and Hams „",1896,"122,417",122417
reexport,value,Oil,Olive,1876,"122,198",122198
import,quantity,,Nitrate of Soda (Chilic Nitro),1891,"122,033",122033
reexport,quantity,""" Unenumerated",""" British and Foreign",1900,"121,836",121836
import,value,Oil,Animal . . . . . Cwtts.,1885,"121,498",121498
import,quantity,,"Watches - { Watches - """,1868,"121,277",121277
reexport,value,,Seal Skins,1900,"121,244",121244
import,quantity,Preserved otherwise than by Salting,Other Sorts,1893,"121,191",121191
import,value,Tobacco,Wax,1891,"121,184",121184
import,value,,"Rockets, and other combustibles for purposes of war, Ex-plosives, Percussion Caps, and Ammunition unenu-merated - - - - -",1896,"120,895",120895
import,value,,"Rockets, and other combustibles for purposes of war,Explosives, Percussion Caps, and Ammunitionunenumerated - - - - -",1896,"120,895",120895
reexport,quantity,,",, Other Sorts, including Sugar Candy . . . . .",1896,"120,776",120776
reexport,value,Sugar,"„ Other Sorts, including Sugar Candy . . . . . """,1896,"120,776",120776
reexport,value,Drugs,"Bark, Peruvian . . . . . Cuts.",1889,"120,591",120591
import,quantity,,Oleo-margarine or Oleo Oil . . . . .,1896,"120,387",120387
import,value,Dye Woods,Unenumerated - - - - -,1895,"120,347|20,254",120347
import,value,Oil,Animal . . . . . Cwtts.,1888,"120,288",120288
import,value,,Animal . . . . . Cuts.,1888,"120,283",120283
import,value,,Rabbits (dead) . . . . . Cuts.,1895,"120,279",120279
import,quantity,Oil,Animal,1888,"120,233",120233
export_uk,value,,"Prints, Engravings, Drawings, Olographs,Photographs on Paper, Maps and Charts - - - - -",1895,"120,126",120126
reexport,value,Dyeing or Tanning Stuffs,Unnumerated - - - - -,1889,"119,996",119996
reexport,value,,White - - - - -,1895,"119,832|6,910",119832
import,value,,"Chicory, Raw or Kiln-dried . . . . . Cuts.",1889,"119,738",119738
import,quantity,,Watches,1867,"119,697",119697
import,quantity,,"Watches - { Watches - """,1867,"119,697",119697
import,quantity,,Nitrate of Soda (Chilic Nitro),1892,"119,561",119561
import,value,,"Lac. Seed, Shell, Stick, and Dye . . . . . """,1885,"119,511",119511
export_uk,value,,"Brass, and Manufactures of, not being Ordnance . . . . . Cts.",1896,"119,483",119483
reexport,quantity,Silk,Raw,1893,"119,418",119418
export_uk,value,,"Woollen and Worsted Manufactures, viz. :Yarn, viz. :Woollen (carded) - - - - -",1895,"118,984",118984
import,quantity,,Mica and Tale,1899,"118,609",118609
import,value,,Mica and Tale,1899,"118,609",118609
reexport,value,Oil,Olive,1888,"118,554",118554
import,value,,"Rockets, and other combustibles for purposes of war, Explosives, Percussion Caps, and Ammunition unenumerated - - - - -",1899,"118,529",118529
import,value,,"Rockets, and other combustibles for purposes of war,Explosives, Percussion Caps, and Ammunitionunenumerated - - - - -",1899,"118,529",118529
export_uk,quantity,,"Iron and Steel, and Manufactures thereof, not being Hardware or Cutlery, viz :  Iron, viz :  Old and Scrap, for re-manufacture Tons",1893,"118,522",118522
export_uk,quantity,,"Old and Scrap, for re-manufacture Tons",1893,"118,522",118522
import,value,,Animal . . . . . Cuts.,1889,"118,415",118415
import,value,,Leather Manufactures :  Boots and Shoes . . . . . Dozen Pairs,1892,"118,386",118386
export_uk,value,"Horses (including Ponies), viz.","Bulls, Oxen, Cows, and Calves - - -",1899,"2,979|118,204",118204
reexport,value,,Wheatmeal and Flour - - - - -,1892,"118,164",118164
reexport,quantity,"Wine, Imported in Casks",""" "" White, Champagne",1893,"118,148",118148
import,quantity,"""    Manufactures of Iron and Steel","Mica, Talc, French Chalk, Steatite, Mineral White, Silica, and Soapstone",1899,"118,009",118009
reexport,value,Drugs,"Bark, Peruvian . . . . . Cuts.",1886,"117,991",117991
import,value,Manures,Guanro - - - - -,1898,"117,924",117924
reexport,quantity,,"British and Foreign, mixed in Bond",1898,"117,655",117655
reexport,quantity,""" Unenumerated",""" British and Foreign",1898,"117,655",117655
import,quantity,,Nitrate of Soda (Chilic Nitro),1889,"117,565",117565
import,quantity,,Nitrate of Soda (Cubic Nitre),1889,"117,565",117565
reexport,value,,Unenumerated - - - - - - - -,1869,"117,557",117557
reexport,value,,Wheatmeal and Flour - - - - -,1893,"117,549",117549
reexport,value,,Plymouth -,1875,"117,430",117430
reexport,value,,Wheatmeal and Flour - - - - -,1895,"117,425",117425
reexport,value,,White - - - - -,1893,"6,513|117,351",117351
import,value,,Rabbits . . . . . Cuts.,1887,"117,168",117168
reexport,quantity,,"British and Foreign, mixed in Bond",1897,"117,045",117045
reexport,quantity,""" Unenumerated",""" British and Foreign",1897,"117,045",117045
reexport,quantity,Not Sweetened,"British and Foreign, mixed in Bond",1897,"117,045",117045
reexport,value,,"Oil, Coco-nut . . . . .",1888,"116,978",116978
import,quantity,Drgus,"Bark, Peruvian",1883,"116,921",116921
import,quantity,,"Bark, Peruvian",1890,"116,811",116811
import,value,Drugs,"Bark, Peruvian . . . . . Cuts.",1890,"116,811",116811
export_uk,quantity,,"Meat : Beef, Pork, Bacon, and Hams - Cwts.",1895,"116,445",116445
export_uk,quantity,,"Meat: Beef, Mutton, Pork, Bacon, and {Hams",1895,"116,445",116445
export_uk,quantity,,"Meat: Beef, Pork, Bacon, and Hams - Cuts.",1895,"116,445",116445
import,value,,"Brass, Bronze, and Metal Bronzed or Lacquered, Manu-factures of. - - - - -",1893,"116,344",116344
reexport,value,Oil,"Paper, of all Kinds (except Hangings)",1878,"116,227",116227
import,value,,Moss Litter - - - - -,1893,"116,098",116098
reexport,value,,""" Unenumerated, Dried - - - - -",1895,"115,709",115709
import,quantity,Manufactures,Boots and Shoes,1894,"115,420",115420
reexport,value,,Cutch and Gambier,1870,"115,110",115110
reexport,value,,"— Tanned, Towed, Curried, or Dressed",1871,"115,085",115085
export_uk,value,,"Brass, and Manufactures of, not being Ordnance . . . . . Cts.",1893,"115,047",115047
reexport,value,Wood and Timber,Furniture and Hardwood of all Sorts,1894,"114,935",114935
import,value,,"Chicory, Raw or Kiln-dried . . . . . Cuts.",1890,"114,843",114843
reexport,value,"Skins, Furs, and Pelts","Sheep, undressed",1889,"114,792",114792
export_uk,quantity,,Sulphate of Ammonia,1893,"114,786",114786
reexport,value,,Alloa . . . . .,1893,"114,775",114775
reexport,quantity,,"Nitre, Cubic",1874,"114,763",114763
reexport,value,Oil,Olive,1887,"114,653",114653
reexport,value,,"Raw, unenumerated . . . . . Bushels",1890,"66,112|114,369",114369
export_uk,quantity,"Arms, viz.","Muskets, Rifles, and Fowling Pieces",1899,"114,359",114359
export_uk,value,"Ammunition, viz.","Muskets, Rifles, and Fowling Pieces . . . . . -Number.",1899,"114,359",114359
import,quantity,,Figs and Fig Cuke,1893,"114,167",114167
import,value,,Mica and Talc - - - - -,1897,"114,119",114119
import,quantity,,Metals :Copper Ore and Regulus,1868,"114,036",114036
import,value,Fish (including Turtle),""" "" Other sorts of Shell Fish . . . . . Ccts.",1898,"113,818",113818
import,value,Oil,Animal . . . . . Cwtts.,1886,"113,482",113482
import,quantity,,"Tin in Blocks, Ingots, Bars, or Slabs and Regulus",1868,"113,440",113440
import,value,,"Meat, Unenumerated ; Salted or Fresh . . . . . Cuts.",1891,"113,357",113357
import,quantity,,Plumbago,1889,"13,306|13,396|113,306|18,306",113306
import,quantity,,"Unwrought, Part Wrought, and Old",1888,"113,175",113175
import,quantity,,— in Bars . . . . .,1888,"113,175",113175
import,value,Metals,"in Bars . . . . . """,1888,"113,175",113175
reexport,value,Lead,Ore of - - - - -,1897,"113,015",113015
import,quantity,,"Unwrought, Part Wrought, and Old",1887,"112,968",112968
export_uk,value,,Tin: Unwrought . . . . . Cuts.,1892,"112,939",112939
import,value,Tobacco,Wax,1890,"112,578",112578
export_uk,value,,"Brass, and Manufactures of, not being Ordnance . . . . . Cts.",1897,"112,494",112494
import,value,,"Lac. Seed, Shell, Stick, and Dye . . . . . """,1884,"112,479",112479
import,value,,"Chicory, Raw or Kiln-dried . . . . . Cuts.",1886,"112,467",112467
import,value,,Plumkago,1884,"112,385",112385
reexport,value,,White - - - - -,1894,"6,232|112,251",112251
reexport,value,,White - - - - -,1896,"111,952|7,533",111952
import,value,,Woollen Manufactures : Of Goats' Wool or Hair . . . . .,1896,"111,927",111927
export_uk,value,,"Hair or Wool, not otherwise enumerated - - - - -",1891,"111,881",111881
import,quantity,,„ „ Cotton-seed Cake . . . . .,1897,"111,822",111822
import,value,,„ „ Cotton-seed Cake . . . . . „,1897,"111,822",111822
import,quantity,,"Unwrought, Part Wrought, and Old",1889,"41,312|111,779",111779
import,value,,""" Of Silver, Gilt, or ungilt . . . . . """,1899,"111,777|32,292",111777
reexport,value,,Maryport -,1874,"111,640",111640
reexport,quantity,"Hides, Raw, and pieces thereof",Wet,1896,"111,609",111609
export_uk,quantity,,"Meat : Beef, Pork, Bacon, and Hams - Cts.",1890,"111,486",111486
export_uk,value,,"Meat: Beef, Pork, Bacon, and Hams . . . . . Cuts.",1890,"111,486",111486
import,value,"Fruit, Dried or Preserved, liable to Duty","Plums, commonly called French Plums, and Prunelles . . . . .",1900,"111,270",111270
import,value,"Fruit, Dried or Preserved, liable to Duty","Plums, commonly called French Plums, and Prunelloes",1900,"111,270",111270
import,value,Oil,Animal - - - - -,1877,"111,229",111229
import,quantity,,Leather Manufactures :Boots and Shoes . . . . .,1884,"111,204",111204
import,value,Leather Manufactures,Boots and Shoes . . . . . Dozen Pairs,1884,"111,204",111204
reexport,quantity,Sparkling,Champagne,1900,"111,137",111137
export_uk,value,,"Manufactured, viz. :Staves and empty Casks - - -",1894,"111,019",111019
import,quantity,,Metals :Copper Ore and Regulus,1869,"110,968",110968
reexport,value,,""" Unenumerated, Dried - - - - -",1893,"110,853",110853
reexport,value,Oil,Olive - - - - -,1870,"110,785|110,795",110795
reexport,value,,Olive,1870,"110,785",110785
import,value,,"Lac. Seed, Shell, Stick, and Dye . . . . . """,1887,"110,778",110778
reexport,value,,"Farinaceous Substances and Manufactures thereof, un- }enumerated - - - - -",1899,"110,679",110679
reexport,value,,"Farinaceous Substances and Manufactures thereof, unenumerated . . . . .",1899,"110,679",110679
import,value,Dyeing or Tanning Stuffs,Sumach - - - - -,1889,"110,517",110517
reexport,value,,Lowestoft - - - - - - -,1899,"110,510",110510
reexport,value,"Metals, viz.","Lead, Pig or Sheet",1877,"110,407",110407
reexport,quantity,,"Lemons, Limes, and Citrons  . . . . .",1898,"110,199",110199
reexport,value,,"Lemons, Limes, and Citrons  . . . . . """,1898,"110,199",110199
reexport,value,Dyeing or Tanning Stuffs,Unnumerated - - - - -,1885,"109,958",109958
reexport,quantity,Not Sweetened,Brandy,1893,"109,850",109850
import,value,,"Hair : Cow, Ox, Bull, or Elk . . . . . """,1890,"109,749",109749
import,value,Fruit,Figs - - - - -,1868,"109,684",109684
reexport,quantity,,Brimstone,1900,"109,646",109646
reexport,value,Gum,Arabio,1890,"109,546",109546
export_uk,value,,"Corn, Grain, Meal, and Flour, viz. :Wheat . . . . .",1898,"109,532",109532
reexport,value,,Alloa - - - - -,1899,"109,517",109517
reexport,value,,Manchester -,1893,"109,205",109205
export_uk,value,,"Brass, and Manufactures of, not being Ordnance . . . . . Cts.",1894,"109,156",109156
export_uk,value,,"Meat, viz. :  Beef, Mutton, Pork, Bacon, and Hams „",1898,"109,133",109133
import,value,,Yarn - - - - -,1869,"109,056|109,050",109056
import,quantity,"Fruit, Dried or Preserved, liable to Duty",Figs and Figs Cake,1898,"109,009",109009
reexport,value,Oil,"Paper, of all Kinds (except Hangings)",1877,"109,000",109000
import,value,,"Platinum, wrought or unwrought . . . . . Ozs. Troy",1898,"108,957",108957
import,quantity,,Nitrate of Soda (Chilic Nitro),1890,"108,892",108892
import,quantity,,"„ Lac, Seed, Shell, Stick and Dye . . . . .",1899,"108,758",108758
import,value,,"„ Lac, Seed, Shell, Stick and Dye . . . . . - „",1899,"108,758",108758
reexport,value,,Raisins . . . . . Cuts.,1886,"108,722",108722
export_uk,value,,Tin: Unwrought . . . . . Cuts.,1889,"108,583",108583
import,value,Linen,Unenumerated - - - - -,1892,"108,581",108581
reexport,value,Oil,"Paper, of all Kinds (except Hangings)",1880,"108,426",108426
import,value,,"Chicory, Raw or Kiln-dried . . . . . Cuts.",1888,"108,395",108395
export_uk,value,,"Corn, Grain, Meal, and Flour, viz:Wheat Quarters",1897,"44,658|108,295",108295
reexport,value,,"Farinaceous Substances and Manufactures thereof, un- }enumerated - - - - -",1895,"108,162",108162
reexport,value,,"Pharmaceutical Substances and Manufactures thereof, unenumerated - - - - -",1895,"108,162",108162
export_uk,quantity,,Crude in Cakes,1899,"108,130",108130
reexport,value,,"Sawn or Spli., Planed or Dressed - - - - -",1889,"108,079",108079
reexport,quantity,,"Paper, of all Kinds (including Strawboards and Wood pulp boards) - - - -",1895,"107,413",107413
reexport,quantity,,"Paper, of all Kinds (including Strawboards and } Cuts.",1895,"107,413",107413
reexport,value,,Brandy - - - - -,1878,"107,270",107270
import,value,,"Lac. Seed, Shell, Stick, and Dye . . . . . """,1886,"107,261",107261
import,value,,and Cylinders,1899,"107,229",107229
export_uk,value,,"Brass, and Manufactures of, not being Ordnance . . . . . Cts.",1895,"107,182",107182
reexport,value,,Stockton . . . . .,1893,"107,135",107135
reexport,quantity,,Musical Instruments,1879,"106,857",106857
import,quantity,,Metals :Copper Ore and Regulus,1870,"106,632",106632
export_uk,value,,"Woollen and Worsted Manufactures, viz. :Yarn, viz. :Woollen (carded) - - - - -",1897,"106,469",106469
import,value,Manures,Nitrate of Soda (Cubic Nitro),1896,"106,445",106445
export_uk,value,,"Manufactured, viz. :Staves and empty Casks - - -",1895,"106,174",106174
reexport,value,,Ipswich -,1877,"106,119",106119
reexport,value,Drugs,"Bark, Peruvian . . . . . Cuts.",1890,"105,812",105812
import,quantity,Drgus,"Bark, Peruvian",1884,"105,791",105791
reexport,value,,Lynn - - - - - - -,1899,"105,482",105482
reexport,value,"Metals, viz.","Lead, Pig or Sheet",1874,"103,362|105,362",105362
reexport,value,,White - - - - -,1897,"105,284|7,527",105284
import,quantity,Fruit,Figs,1888,"105,172",105172
reexport,value,,"Horse . . . . . """,1899,"105,168|13,747",105168
import,value,,"Of other Sorts . . . . . """,1885,"104,889",104889
import,quantity,,„ Roasted or Ground,1900,"104,822",104822
export_uk,quantity,,Lead: Manufactures,1874,"104,760",104760
export_uk,quantity,,Leads: Manufactures,1874,"104,760",104760
import,value,,Woollen Manufactures : Of Goats' Wool or Hair . . . . .,1899,"104,448",104448
import,value,Manures,Guanro - - - - -,1896,"104,354",104354
import,value,,Rabbits . . . . . Cuts.,1886,"104,322",104322
export_uk,quantity,Cotton Manufactures,"Of mixed Materials (Cotton predominate) - """,1892,"104,300",104300
export_uk,value,,"Plate, Gold and Silver . . . . . Ozs.",1893,"104,293",104293
import,quantity,Manures,Unenumerated,1899,"104,247",104247
reexport,quantity,,"Lac, Secai, Shell, Stick, and Dye . . . . .",1897,"104,152",104152
reexport,value,,""" Lacdye, Seedlac, Shellac, and Sticklac . . . . . """,1897,"104,152",104152
import,value,,Mica and Talc - - - - -,1896,"104,085",104085
import,quantity,,„ Animal . . . . .,1900,"103,892",103892
export_uk,value,,"Woollen and Worsted Manufactures, viz. :Yarn, viz. :Woollen (carded) - - - - -",1896,"103,881",103881
import,value,,"Meat, Unenumerated ; Salted or Fresh . . . . . Cuts.",1890,"103,878",103878
reexport,value,Dyeing or Tanning Stuffs,Unnumerated - - - - -,1887,"103,870",103870
import,value,,"Asphalt, or Bitumen (other than Painters' Colours or Drugs) -",1897,"103,816",103816
import,value,Manures,Nitrate of Soda (Cubic Nitro),1897,"103,805",103805
import,quantity,Gum,Of other Sorts,1872,"103,571",103571
import,value,Leather Manufactures,Boots and Shoes . . . . . Dozen Pairs,1886,"103,541",103541
export_uk,value,,Tin: Unwrought . . . . . Cuts.,1891,"103,307",103307
import,value,,"Lac. Seed, Shell, Stick, and Dye . . . . . """,1888,"103,138|103,183",103183
import,quantity,Manures,Unenumerated,1888,"102,957",102957
import,value,Manures,"Unenumerated . . . . . """,1888,"102,957",102957
reexport,quantity,,""" """,1891,"102,916",102916
reexport,value,,"Knobs or Husks of Silk, and Waste",1880,"102,809|9,211",102809
import,quantity,,Boots and Shoes,1885,"102,782",102782
import,value,Leather Manufactures,Boots and Shoes . . . . . Dozen Pairs,1885,"102,782",102782
reexport,value,"Corn, Grain, and Meal",Wheatmeal and Flour,1874,"102,764|100,764",102764
export_uk,value,,Tin: Unwrought . . . . . Cuts.,1890,"102,642",102642
reexport,quantity,,"British and Foreign, mixed in Bond",1896,"102,422",102422
reexport,quantity,""" Unenumerated",""" British and Foreign",1896,"102,422",102422
reexport,quantity,Not Sweetened,"British and Foreign, mixed in Bond",1896,"102,422",102422
reexport,value,,Raisins . . . . . Cuts.,1888,"102,262",102262
reexport,value,Furs,Seal Skins - - - - -,1897,"102,183",102183
reexport,quantity,,""" Horse",1891,"102,115",102115
import,value,,Leather Manufactures :  Boots and Shoes . . . . . Dozen Pairs,1891,"102,082",102082
import,quantity,Gum,Of other Sorts,1887,"101,835",101835
import,value,,"Of other Sorts . . . . . """,1887,"101,835",101835
export_uk,value,,"Plate, Rough or Silvered - - - -",1899,"101,630|100,030",101630
import,quantity,Seeds,"Unenumerated, for expressing Oil therefrom",1869,"101,586|54,827|101,556",101586
import,value,,"Garden, unenumerated - - - - -",1893,"101,523",101523
import,value,Seeds,"Garlen, unenumerated",1893,"101,523",101523
export_uk,value,,"Plate, Gold and Silver . . . . . Ozs.",1892,"101,385",101385
reexport,quantity,,"Paper, of all Kinds (including Strawboards and Wood pulp boards) - - - -",1891,"101,274",101274
reexport,quantity,,"Paper, of all Kinds (including Strawboards and Woodpulp boards)",1891,"101,274",101274
reexport,quantity,,„ Other Sorts,1899,"101,024",101024
import,value,Leather,"Varnished, japanned or enamelled - - - - -",1893,"100,948",100948
import,quantity,,Of all Kinds (except Hangings),1889,"100,796",100796
import,value,,Pitch and Tar :  Pitch . . . . . Cuts.,1889,"100,796",100796
reexport,quantity,,"Milk, Condensed or Preserved - - - - -",1880,"100,546",100546
import,value,,Leather Manufactures :  Boots and Shoes . . . . . Dozen Pairs,1889,"100,195",100195
import,quantity,Gum,Of other Sorts,1873,"100,048",100048
import,value,Fruit,Almonds . . . . . Cuts.,1887,"99,973",99973
import,value,Oils,Animal - - - - -,1894,"99,965",99965
import,value,,Plumkago,1886,"99,901",99901
import,value,,Rabbits . . . . . Cuts.,1888,"99,890",99890
export_uk,quantity,,Flint,1896,"99,875",99875
export_uk,quantity,,"Flint, Plain, Cut, or Ornamented, including Bottles and other Manufactures of Flint Glass - Cicts.",1896,"99,875",99875
export_uk,quantity,,"Flint, Plain, Cut, or Ornamented, including Bottles and other Manufactures of Flint Glass - Cuts.",1896,"99,875",99875
import,value,,Feathers for Beds - - - - -,1868,"99,773",99773
import,value,,Leather Manufactures :  Boots and Shoes . . . . . Dozen Pairs,1890,"99,613",99613
export_uk,value,,"Meat, viz. :  Beef, Mutton, Pork, Bacon, and Hams „",1899,"99,535",99535
reexport,value,,Wheatmeal and Flour - - - - -,1894,"99,511",99511
export_uk,quantity,,"Meat: Beef, Mutton, Pork, Bacon, and {Hams",1894,"99,410",99410
export_uk,quantity,,"Meat: Beef, Pork, Bacon, and Hams - Cuts.",1894,"99,410",99410
reexport,value,,Seal - - - - -,1897,"99,356",99356
import,value,,Galla,1873,"99,267",99267
export_uk,value,"Worsted Tissues, viz.: Worsted Coatings and Trouserings of all kinds","Narrow, all Wool - - - - -",1899,"99,200",99200
reexport,value,,"Conlase, Twine, and Cable Yarn - - - - -",1896,"99,161",99161
reexport,value,,Wheat - - - - -,1894,"99,114",99114
import,value,,"Rifles, Carbines, Fowling Pieces, Muskets, Pistols, or Guns of any other sorts unenumerated, and parts thereof - - - - -",1900,"99,089",99089
reexport,value,,Tallow and Stearing - - - - -,1870,"99,075",99075
reexport,value,,"Conlage, Twine, and Cable Yarn . . . . .",1895,"99,051",99051
reexport,value,,"Conlase, Twine, and Cable Yarn - - - - -",1895,"99,051",99051
import,value,,Animal . . . . . Cuts.,1890,"98,753",98753
reexport,quantity,"Vegetables, Raw",Potatoes,1900,"98,616",98616
reexport,value,,"Raw, Unnumerated - - - - -",1888,"98,608",98608
reexport,value,,"Unenumerated Raw,    Dried - - - - -",1888,"98,608",98608
reexport,value,Oil,"Paper, of all Kinds (except Hangings)",1889,"98,601",98601
import,value,,"Rockets, and other combustibles for purposes of war, Ex-plosives, Percussion Caps, and Ammunition unenu-merated - - - - -",1895,"98,600",98600
import,value,,"Rockets, and other combustibles for purposes of war,Explosives, Percussion Caps, and Ammunitionunenumerated - - - - -",1895,"98,600",98600
import,value,Fruit,Almonds . . . . . Cuts.,1890,"98,546",98546
reexport,value,Hair.,Unenumerated - - - - -,1893,"98,517",98517
reexport,quantity,,Molasses . . . . .,1899,"98,412",98412
import,value,,"Hair : Cow, Ox, Bull, or Elk . . . . . """,1891,"98,380",98380
import,value,,"Of other Sorts . . . . . """,1884,"98,232",98232
export_uk,value,,Other Seed oils - - - - -,1900,"3,618|98,014",98014
export_uk,quantity,,"Flint, Plain, Cut, or Ornamented, including Bottles and other Manufactures of Flint Glass - Cuts.",1900,"97,975",97975
import,value,Pitch and Tar,Pitch . . . . . Cwtts.,1886,"97,969",97969
reexport,value,,Lard . . . . . Cuts.,1889,"97,642",97642
import,value,,"Rockets, and other combustibles for purposes of war, Ex-plosives, Percussion Caps, and Ammunition unenu-merated - - - - -",1893,"97,606",97606
import,value,,"Plums, French, and Prunelloces . . . . .",1898,"97,582",97582
import,value,"Fruit, Dried or Preserved, liable to Duty","Plums, commonly called French Plums, and Prunelles . . . . .",1898,"97,582",97582
import,value,"Fruit, Dried or Preserved, liable to Duty","Plums, commonly called French Plums, and Prunelloes",1898,"97,582",97582
reexport,quantity,Skins,In any way dressed (not Leather),1893,"97,502",97502
export_uk,quantity,,"Metals:Iron: Old, for re-manufacture - Tons",1883,"97,475",97475
reexport,value,,"Raw, Unnumerated - - - - -",1885,"97,433",97433
reexport,value,Furniture woods,Unenumerated - - - - -,1893,"97,413",97413
reexport,value,,Fowey -,1877,"97,289",97289
export_uk,value,"Carriages, Carts, &amp;c.","Railway Wagons, Trucks, &amp;c. and parts thereof - - - - -",1879,"97,188",97188
export_uk,quantity,,"Iron and Steel, and Manufactures thereof, not being Hardware or Cutlery, viz :  Iron, viz :  Old and Scrap, for re-manufacture Tons",1895,"97,100",97100
import,quantity,,"Unenumerated, for expressing Oil therefrom",1868,"49,506|96,519",96519
reexport,quantity,,""" other Sorts",1892,"96,464",96464
import,value,Gum,Kowrie - - - - -,1876,"96,338",96338
import,quantity,,Pitch and Tar: Pitch . . . . .,1892,"96,251",96251
import,value,,Pitch and Tar :  Pitch . . . . . Cuts.,1892,"96,251",96251
reexport,quantity,,Flax or Linseed - - - - - - - -,1880,"96,182",96182
export_uk,value,,"Manufactured, viz. :Staves and empty Casks - - -",1896,"96,116",96116
export_uk,quantity,,"Meat : Beef, Pork, Bacon, and Hams - Cts.",1891,"96,097",96097
export_uk,quantity,,"Meat: Beef, Pork, Bacon, and Hams - Cuts.",1891,"96,097",96097
export_uk,value,,"Meat: Beef, Pork, Bacon, and Hams . . . . . Cuts.",1891,"96,097",96097
export_uk,quantity,"Matches, viz.",Safety Matches,1900,"96,000",96000
reexport,value,,"Raw, Unnumerated - - - - -",1887,"95,908",95908
reexport,value,,"Unenumerated Raw,",1887,"95,908",95908
reexport,value,,"Unenumerated Raw,    Dried - - - - -",1887,"95,908",95908
reexport,value,Tobacco,"Stalls . . . . . """,1896,"95,872",95872
import,value,Oil,Animal . . . . . Cwtts.,1884,"95,811",95811
import,quantity,,Iron in Bars,1879,"95,519",95519
import,quantity,,Leather Manufactures :Boots and Shoes,1880,"95,487",95487
reexport,value,,Raisins . . . . . Cuts.,1890,"95,420",95420
import,value,,"Horses (including Ponies), viz., Stallions - - - - -",1900,"95,290",95290
import,value,,"Muskets, Rifles, Carbines, Fowling Pieces, or Guns ofany other sort not enumerated, and parts thereof; andPistols - - - - -",1894,"95,240",95240
reexport,value,,Whitehaven - - - - -,1899,"95,130",95130
reexport,quantity,,"Lemons, Limes, and Citrons  . . . . .",1899,"95,109",95109
reexport,value,,"Lemons, Limes, and Citrons  . . . . . """,1899,"95,109",95109
reexport,value,,Plymouth -,1874,"95,084",95084
import,value,Hats and Bonnets,Yarn - - - - -,1891,"95,073",95073
export_uk,value,,"Plato, Gold and Silver - - - - -",1888,"95,071",95071
export_uk,quantity,Cotton Manufactures,"Of mixed Materials (Cotton predominate) - """,1895,"95,000",95000
export_uk,value,,"Of Mixed Materials, Cottonpredominating Yards",1895,"95,000",95000
import,quantity,,"Tin in Blocks, Ingots, Bars, or Slabs and Regulus Cuts.",1870,"94,787",94787
import,quantity,,Cotton,1868,"91,759|94,759",94759
reexport,value,,Folkestone -,1878,"94,535",94535
reexport,quantity,,",, Cured or Salted: Sardines . . . . .",1899,"94,523",94523
reexport,value,,"""Cured"" or Salted: Sardines . . . . . """,1899,"94,523",94523
reexport,value,,"Conlase, Twine, and Cable Yarn - - - - -",1894,"94,491",94491
reexport,value,,"Conlage, Twine, and Cable Yarn . . . . .",1894,"94,401",94401
reexport,value,,Douglas -,1878,"94,321",94321
export_uk,quantity,,"Flint, Plain, Cut, or Ornamented, including Bottles and other Manufactures of Flint Glass - Cicts.",1895,"94,211",94211
export_uk,value,,"Damasks, Tapestry, &amp;c., and Mohair Plushes . . . . .",1890,"34,163|94,163",94163
reexport,value,,"Silver, Ore of (including the Value of the Silver contained in Argontiferous Ores and Metals)",1899,"93,715",93715
reexport,value,Manufactures of Iron and Steel,"Silver, Ore of (including the Value of the Silver contained in Argentiferous Ores and Metals) - - - - -",1899,"93,715",93715
import,value,Gums,Kowrie,1872,"93,704",93704
import,value,,Gum : Arabic . . . . . Cwtts.,1885,"93,532",93532
reexport,value,,Fowey -,1874,"93,432",93432
reexport,value,Oil,"Paper, of all Kinds (except Hangings)",1888,"93,389",93389
export_uk,quantity,,Lead: Manufactures,1876,"93,368",93368
export_uk,quantity,,Leads: Manufactures,1876,"93,368",93368
import,value,,Woollen Manufactures : Of Goats' Wool or Hair . . . . .,1897,"93,249",93249
export_uk,value,,Glass: Plate - - - - -,1868,"93,080",93080
import,quantity,,Aikali,1876,"93,045",93045
import,value,Oils,Animal - - - - -,1893,"92,994",92994
reexport,quantity,,Bacon and Hams,1870,"92,952",92952
import,quantity,,"Unwrought, Part Wrought, and Old",1890,"92,899|52,028",92899
export_uk,quantity,,"Flint, Plain, Cut, or Ornamented, including Bottles and other Manufactures of Flint Glass - Cicts.",1897,"92,821",92821
export_uk,quantity,,"Flint, Plain, Cut, or Ornamented, including Bottles and other Manufactures of Flint Glass - Cuts.",1897,"92,821",92821
reexport,quantity,,""" """,1893,"92,646",92646
reexport,value,Oil,"Paper, of all Kinds (except Hangings)",1879,"92,610",92610
reexport,quantity,,"Paper, of all Kinds (including Strawboards and Woodpulp boards)",1896,"92,469",92469
reexport,quantity,,"Paper, of all Kinds (including Strawboards and } Cuts.",1896,"92,469",92469
reexport,value,Woollen Manufactures,Cloths and Stuffs - - - - -,1868,"92,448",92448
reexport,value,,Dye Woods :  Logwood and all other Sorts - - -,1870,"92,156",92156
import,value,,"Rifles, Carbines, Fowling Pieces, Muskets, Pistols, or Guns of any other sorts unenumerated, and parts thereof - - - - -",1897,"91,855",91855
export_uk,quantity,,Lead: Manufactures,1877,"91,841",91841
export_uk,quantity,,Leads: Manufactures,1877,"91,841",91841
import,value,,"Lac, Seed, Shell, Stick, and Dye . . . . . """,1890,"91,834",91834
import,value,,"Hair : Cow, Ox, Bull, or Elk . . . . . """,1889,"91,707",91707
import,value,,Cows - - - - -,1900,"91,616",91616
export_uk,value,"Ammunition, viz.","Muskets, Rifles, and Fowling Pieces . . . . . -Number.",1900,"91,468",91468
import,quantity,,Pitch and Tar: Pitch . . . . .,1891,"91,305",91305
import,value,,Pitch and Tar :  Pitch . . . . . Cuts.,1891,"91,305",91305
reexport,value,,Currents. . . . . . Cwts.,1895,"91,043",91043
reexport,value,Dyeing or Tanning Stuffs,Unnumerated - - - - -,1886,"91,021",91021
reexport,quantity,,"Paper, of all Kinds (including Strawboards and Wood pulp boards) - - - -",1894,"90,994",90994
reexport,quantity,,"Paper, of all Kinds (including Strawboards and } Cuts.",1894,"90,994",90994
reexport,value,,Seal - - - - -,1895,"90,789",90789
export_uk,quantity,,"Flint, Plain, Cut, or Ornamented, including Bottles and other Manufactures of Flint Glass - Cicts.",1898,"90,764",90764
export_uk,quantity,,"Flint, Plain, Cut, or Ornamented, including Bottles and other Manufactures of Flint Glass - Cuts.",1898,"90,764",90764
import,quantity,,Metals,1890,"90,612",90612
import,value,,"Rockets, and other combustibles for purposes of war, Ex-plosives, Percussion Caps, and Ammunition unenu-merated - - - - -",1894,"90,534",90534
reexport,value,""" "" Of Wool (other than Goats)",Cloths - - - - -,1894,"90,469",90469
import,value,,"""    Old broken, old cast and old broken Steel",1899,"90,426",90426
reexport,value,,Wick - - - - - -,1899,"90,411",90411
import,value,Dyeing or Tanning Stuffs,Indigo . . . . . Cuts.,1889,"90,238",90238
reexport,value,,"Oil, Coco-nut . . . . .",1890,"90,140",90140
reexport,value,Silk and Silk Manufactures,Thrown,1890,"90,119",90119
reexport,value,,Douglas -,1876,"90,099",90099
import,quantity,Furniture woods and Hardwoods,Unenumerated,1892,"90,067",90067
export_uk,quantity,,Lead: Manufactures,1875,"90,035",90035
export_uk,quantity,,Leads: Manufactures,1875,"90,033",90033
import,value,"Dye-stuffs, and Substances for Tanning or Dyeing",Indigo . . . . . Ccts.,1896,"89,941",89941
import,quantity,,"Copper, Ore of",1893,"89,898",89898
import,value,"Fruit, Dried or Preserved, liable to Duty","Plums, commonly called French Plums, and Prunelloes",1897,"89,863",89863
reexport,value,,Gloucester - - - - - - -,1899,"89,861",89861
import,value,Manures,Guanro - - - - -,1897,"89,812",89812
import,quantity,,„ „ Cotton-seed Cake . . . . .,1896,"89,727",89727
import,value,,„ „ Cotton-seed Cake . . . . . „,1896,"89,727",89727
reexport,quantity,,"Lao, Seed, Shell, Stick, and Dye",1891,"89,677",89677
reexport,value,Tobacco,"Other sorts . . . . . """,1900,"89,672",89672
reexport,value,"Lace, and Articles thereof",""" Cotton - - - - -",1896,"89,389",89389
reexport,quantity,,"Perfumery, and Articles used in the manufacture thereof",1893,"89,230",89230
reexport,value,,Arabic - - - - -,1896,"89,159",89159
reexport,quantity,,"Paper, of all Kinds (including Strawboards and Wood pulp boards) - - - -",1892,"89,144",89144
reexport,quantity,,"Paper, of all Kinds (including Strawboards and } Cuts.",1892,"89,144",89144
import,value,Seeds,"Garlen, unenumerated",1897,"89,108",89108
reexport,quantity,,"Lemons, Limes, and Citrons  . . . . .",1897,"88,977",88977
reexport,value,,"Lemons, Limes, and Citrons  . . . . . """,1897,"88,977",88977
reexport,quantity,,""" """,1892,"88,972",88972
import,quantity,,Gum :Arabic,1879,"88,937",88937
reexport,quantity,,"Oil, Coconut",1878,"88,887",88887
import,quantity,Manures,Unenumerated,1889,"88,739",88739
export_uk,quantity,,"Meat : Beef, Pork, Bacon, and Hams - Cts.",1889,"88,664",88664
export_uk,value,,"Meat: Beef, Pork, Bacon, and Hams . . . . . Cuts.",1889,"88,664",88664
import,quantity,,China or Porcelain and Earthenware,1879,"88,617|88,517",88617
reexport,value,,"Conlase, Twine, and Cable Yarn - - - - -",1893,"88,582",88582
reexport,quantity,,"Lac, Secai, Shell, Stick, and Dye . . . . .",1896,"88,449",88449
reexport,value,,""" Lacdye, Seedlac, Shellac, and Sticklac . . . . . """,1896,"88,449",88449
reexport,quantity,,"Kiln-dried, Roasted, or Ground",1893,"88,442",88442
export_uk,quantity,,"Flint, Plain, Cut, or Ornamented, including Bottles and other Manufactures of Flint Glass - Cicts.",1899,"88,401",88401
export_uk,quantity,,"Flint, Plain, Cut, or Ornamented, including Bottles and other Manufactures of Flint Glass - Cuts.",1899,"88,401",88401
export_uk,quantity,,"Flint, Plain, Cut, or Ornamented, including Bottles and other Manufactures of Flint Glass - Cwts.",1899,"88,401",88401
reexport,value,,"Conlage, Twine, and Cable Yarn . . . . .",1893,"88,382",88382
import,value,,Woollen Manufactures : Of Goats' Wool or Hair . . . . .,1898,"88,348",88348
import,value,,"Of other Sorts . . . . . """,1886,"88,317",88317
reexport,value,Lead,Ore of - - - - -,1895,"88,175",88175
reexport,value,,Oleo-margarine or Oleo-Oil - - - - -,1900,"57,153|87,834",87834
export_uk,value,,"Plato, Gold and Silver - - - - -",1890,"87,657",87657
import,value,,Feathers for Beds - - - - -,1869,"67,519|87,519",87519
reexport,value,,"Unenumerated, dressed or undressed (not Leather)",1898,"87,399",87399
reexport,value,,Chester -,1878,"87,270",87270
reexport,quantity,,"Lao, Seed, Shell, Stick, and Dye",1892,"87,261",87261
export_uk,value,,Other Manufactures unenumerated - - - - -,1868,"87,249",87249
import,value,"Animals, Living",Unenumerated - - - - -,1897,"86,861",86861
import,value,Pitch and Tar,Pitch . . . . . Cwtts.,1884,"86,849",86849
export_uk,quantity,,"Iron and Steel, and Manufactures thereof, not being Hardware or Cutlery, viz :  Iron, viz :  Old and Scrap, for re-manufacture Tons",1897,"86,833",86833
reexport,value,,Plymouth -,1877,"86,778",86778
import,quantity,,Nitrate of Soda (Chilic Nitro),1893,"86,767",86767
import,quantity,,Pitch and Tar :Pitch . . . . .,1884,"86,649",86649
reexport,value,,Cutch and Gambier . . . . .,1899,"86,499",86499
reexport,value,,Gutch and Gambier - - - - -,1899,"86,499",86499
export_uk,quantity,"Tobacco and Snuff manufactured in the United Kingdom, viz.",Other kinds of manufactured Tobacco,1896,"86,458",86458
reexport,value,Manufactures,Boots and Shoes,1896,"86,448|28,969",86448
import,value,Oil-Seed Cake,Of other sorts - - - - -,1893,"86,349",86349
import,quantity,"Animals, Living","Bones, of all Kinds (except Whalefines)",1883,"86,346",86346
export_uk,value,,"Plato, Gold and Silver - - - - -",1886,"86,337",86337
reexport,value,,Lerwick . . . . .,1893,"86,215",86215
import,quantity,,"Cocoa or Chocolate, in the manufacture of which Spirit has been used",1893,"86,150",86150
reexport,quantity,,In any way dressed (not Leather),1895,"86,126",86126
reexport,quantity,Skins,In any way dressed (not Leather),1895,"86,126",86126
reexport,value,,Currants . . . . . Cuts.,1896,"86,105",86105
reexport,value,,Currents. . . . . . Cwts.,1896,"86,105",86105
reexport,value,,"Silver, Ore of (including the Value of the Silver contained in Argontiferous Ores and Metals)",1897,"86,044",86044
reexport,value,Manufactures of Iron and Steel,"Silver, Ore of (including the Value of the Silver contained in Argentiferous Ores and Metals) - - - - -",1897,"86,044",86044
export_uk,value,"Horses (including Ponies), viz.",Stallions - - - - -,1893,"501|86,038",86038
reexport,value,,Fowey -,1876,"85,828",85828
reexport,value,Tobacco,"Stalls . . . . . """,1898,"85,807",85807
export_uk,value,,"Woollen and Worsted Manufactures, viz. :Yarn, viz. :Woollen (carded) - - - - -",1894,"85,551",85551
reexport,quantity,Not Sweetened,Brandy,1895,"85,449",85449
reexport,value,,Brandy . . . . . Proof Gallons,1895,"85,449",85449
export_uk,value,"Coals, Cinders, &amp;c.","Fuel, Manufactured - - - - -",1868,"85,397",85397
import,quantity,,in Bars,1876,"85,384",85384
import,value,Dyeing or Tanning Stuffs,Indigo . . . . . Cuts.,1886,"85,308",85308
reexport,quantity,Dyeing or Tanning Stuffs,Unenumerated,1895,"85,181",85181
reexport,value,,Tallow and Stearing - - - - -,1873,"85,166",85166
import,value,,"Rifles, Carbines, Fowling Pieces, Muskets, Pistols, or Guns of any other sorts unenumerated, and parts thereof - - - - -",1896,"85,136",85136
import,quantity,,"Hair :Cow, Ox, Bull, or Elk",1880,"85,122",85122
reexport,quantity,,",, Cured or Salted: Sardines . . . . .",1900,"85,119",85119
reexport,value,,"""Cured"" or Salted: Sardines . . . . . """,1900,"85,119",85119
reexport,value,,Raisins . . . . . Cuts.,1889,"84,899",84899
reexport,value,Tobacco,"Stalls . . . . . """,1897,"84,763",84763
reexport,value,,"Oil, Coco-nut . . . . .",1887,"84,712",84712
import,value,Seeds,"Garlen, unenumerated",1896,"84,698",84698
reexport,quantity,,"Lemons, Limes, and Citrons  . . . . .",1896,"84,697",84697
reexport,value,,"Lemons, Limes, and Citrons  . . . . . """,1896,"84,697",84697
reexport,quantity,,"Lac, Secai, Shell, Stick, and Dye . . . . .",1894,"84,643",84643
reexport,value,,Fowey -,1875,"84,518",84518
reexport,value,Furs,Seal Skins - - - - -,1893,"84,402",84402
import,quantity,Hair,"Cow, Ox, Bull, or Elk",1886,"83,941|83,911",83941
import,value,,"Hair : Cow, Ox, Bull, or Elk . . . . . """,1886,"83,941",83941
import,value,,Wood Pulp Boards - - - - -,1895,"83,912",83912
import,value,,Mica and Talc - - - - -,1898,"83,819",83819
import,quantity,,Imitation Lard,1893,"83,754",83754
reexport,value,,Cardigan -,1878,"83,754",83754
export_uk,quantity,,"Meat: Beef, Mutton, Pork, Bacon, and {Hams",1892,"83,724",83724
export_uk,quantity,,"Meat: Beef, Pork, Bacon, and Hams - Cuts.",1892,"83,724",83724
export_uk,value,,"Meat: Beef, Pork, Bacon, and Hams . . . . . Cuts.",1892,"83,724",83724
reexport,value,,Raisins . . . . . Cuts.,1887,"83,580",83580
export_uk,quantity,,Lead: Manufactures,1873,"83,548",83548
export_uk,quantity,,Leads: Manufactures,1873,"83,548",83548
export_uk,value,,"Woollen and Worsted Manufactures, viz. :Yarn, viz. :Woollen (carded) - - - - -",1898,"83,498",83498
reexport,quantity,,",, Cured or Salted: Sardines . . . . .",1898,"83,497",83497
reexport,value,,"""Cured"" or Salted: Sardines . . . . . """,1898,"83,497",83497
import,quantity,Silk,"Knobs or Husks of Silk, and Waste",1888,"83,466",83466
import,value,Silk,"Knubs or Husks of Silk, and Waste . . . . . Cuts.",1888,"83,466",83466
reexport,value,,Gutch and Gambier - - - - -,1898,"83,456",83456
reexport,value,,Seal - - - - -,1894,"83,450",83450
reexport,value,,Ipswich -,1875,"83,359",83359
reexport,value,,Douglas -,1875,"83,316",83316
import,quantity,Manures,Unenumerated,1890,"83,290",83290
import,value,,Galls . . . . . Cwtts.,1885,"83,268",83268
export_uk,quantity,,"Iron and Steel, and Manufactures thereof, not being Hardware or Cutlery, viz :  Iron, viz :  Old and Scrap, for re-manufacture Tons",1894,"83,256",83256
import,value,Oils,Animal - - - - -,1896,"83,205",83205
export_uk,quantity,,"Of Mixed Materials, Cotton predominating",1900,"83,100",83100
export_uk,quantity,,"Of Mixed Materials, Cottonpredominating",1900,"83,100",83100
import,value,"Dye-stuffs, and Substances for Tanning or Dyeing",Indigo . . . . . Ccts.,1895,"83,071",83071
import,value,,"Hair : Cow, Ox, Bull, or Elk . . . . . """,1887,"83,013",83013
import,value,,Whalefin - - - - -,1877,"82,987",82987
import,value,,"Meat, Unenumerated ; Salted or Fresh . . . . . Cuts.",1889,"82,862",82862
import,quantity,,Pitch and Tar: Pitch . . . . .,1890,"82,837",82837
import,value,,Pitch and Tar :  Pitch . . . . . Cuts.,1890,"82,837",82837
reexport,value,,"Oil, Coco-nut . . . . .",1889,"82,783",82783
import,value,Spices,Ginger . . . . . Cuts.,1885,"82,775",82775
export_uk,value,,"Manufactured, viz. :Staves and empty Casks - - -",1898,"82,769",82769
export_uk,quantity,,Other kinds of manufacturedTobacco,1893,"82,635",82635
export_uk,quantity,"Tobacco and Snuff manufactured in the United Kingdom, viz.",Other kinds of manufactured Tobacco,1893,"82,635",82635
import,quantity,Nuts and Kernels,Animal,1883,"82,629",82629
import,value,,Bones for Manufacturing Purposes - - - - -,1889,"82,528",82528
import,value,"Dye-stuffs, and Substances for Tanning or Dyeing",Indigo . . . . . Ccts.,1897,"82,526",82526
import,value,,Animal . . . . . Cuts.,1891,"82,506",82506
import,value,Leather,"Varnished, japanned or enamelled - - - - -",1894,"82,365",82365
import,quantity,"Animals, Living","Bones, of all Kinds (except Whalefines)",1884,"82,291",82291
import,value,,"Kowrie . . . . . """,1885,"82,266",82266
export_uk,value,"Woollen Tissues, viz.: Heavy, weighing above 11 oz. per square yard","Narrow, all Wool - - - - -",1899,"82,171",82171
reexport,value,,„ Perfumed in Bond,1896,"82,108",82108
reexport,value,Cotton,Unenumerated - - - - -,1897,"82,089",82089
import,value,Dyeing or Tanning Stuffs,Indigo . . . . . Cuts.,1890,"81,854",81854
reexport,value,,Cardiff -,1878,"81,671",81671
reexport,value,Lead,Pig or Sheet - - - - -,1897,"81,614",81614
import,value,,Wood Pulp Boards - - - - -,1896,"81,580",81580
import,quantity,,Pitch and Tar : Pitch,1877,"81,538|81,558",81558
export_uk,quantity,,Castings and Articles of Cast Iron,1867,"81,531",81531
reexport,value,,Linens and Cotton Rags - - - - -,1897,"81,489",81489
reexport,quantity,,"Preserved without Sugar, other than Dried  . . . . .",1900,"81,444",81444
import,value,Fruit,Almonds . . . . . Cuts.,1888,"81,403",81403
export_uk,quantity,,Tin: Unwrought,1868,"81,213|80,831",81213
reexport,value,Metal,"Unenumerated, Unwrought - - - - -",1899,"81,178",81178
reexport,value,Oils,Olive,1900,"81,110",81110
reexport,quantity,Dye-stuffs and Substances for Tanning or Dyeing,Bark for Tanning,1900,"81,067",81067
reexport,value,,Belfast . . . . .,1893,"81,042",81042
import,quantity,,"Cocoa or Chocolate, in the manufacture of which Spirit has been used",1895,"81,037",81037
reexport,quantity,Seeds,""" Other Sorts",1893,"81,006",81006
import,quantity,,"Flax, Dressed or Undressed",1899,"80,970|80,979",80979
import,quantity,Gum,Of other Sorts,1874,"80,880",80880
import,value,,"Muskets, Rifles, Carbines, Fowling Pieces, or Guns ofany other sort not enumerated, and parts thereof; andPistols - - - - -",1893,"80,716",80716
import,quantity,,Guin: Arabic,1896,"80,506",80506
export_uk,value,,Other Sorts - - - - - -,1899,"80,352",80352
import,value,,Whalebone - - - - -,1899,"80,292",80292
reexport,quantity,,"Grapes, Raw  . . . . .",1898,"80,272",80272
import,value,,"Horses (including Ponies), viz., Stallions - - - - -",1893,"80,270",80270
reexport,value,Gum,Kowrie - - - - -,1868,"80,241",80241
import,quantity,,"Hemp, Dressed or Undressed",1894,"80,198",80198
reexport,value,,Embroidery and Needlework - - - - -,1899,"80,116|80,111",80116
reexport,value,,Wax (including Ozekerit and Earth Wax) - - - - -,1898,"80,024",80024
reexport,value,,Wax (including Ozokerit and Earth Wax) . . . . .,1898,"80,024",80024
import,value,Oil,Animal - - - - -,1868,"79,919",79919
import,value,,"Beads, of all sorts - - - - -",1900,"79,685",79685
import,quantity,,"Alkali, viz. Ashes, Pearl and Pot",1870,"79,638",79638
import,quantity,Bark,Peruvian,1880,"79,622|79,623",79623
import,value,,Whalefin,1870,"79,482|79,162",79482
import,quantity,Silk,"Knobs or Husks of Silk, and Waste",1889,"79,435",79435
import,value,,"Asphalt, or Bitumen - - - - -",1893,"79,352",79352
reexport,quantity,,"Hemp, Dressed and Undressed",1868,"79,328|72,527",79328
import,quantity,,"Knobs or Husks of Silk, and Waste - Cwts.",1889,"79,135",79135
import,value,,"Asphalt, or Bitumen (other than Painters' Colours or Drugs) -",1896,"78,958",78958
reexport,quantity,,"Paper, of all Kinds (including Strawboards and Wood pulp boards) - - - -",1893,"78,887",78887
reexport,quantity,,"Paper, of all Kinds (including Strawboards and Woodpulp boards)",1893,"78,687|78,887",78887
reexport,quantity,,"Paper, of all Kinds (including Strawboards and } Cuts.",1893,"78,887",78887
import,quantity,,"Metals :Copper, Ore and Regulus",1873,"78,677",78677
import,value,,"Lac, Seed, Shell, Stick, and Dye . . . . . """,1889,"78,581",78581
reexport,value,Tobacco,"Stalls . . . . . """,1895,"78,466",78466
reexport,value,,Dye Woods : Logwood and all other Sorts - - - - -,1876,"78,444",78444
import,quantity,,"Hemp, Dressed or Undressed",1893,"78,333",78333
reexport,value,,Knobs or Husks of Silk and Waste - - - - -,1893,"78,328|7,061",78328
export_uk,quantity,,"Meat: Beef, Mutton, Pork, Bacon, and {Hams",1893,"78,187",78187
export_uk,quantity,,"Meat: Beef, Pork, Bacon, and Hams - Cuts.",1893,"78,187",78187
export_uk,value,,"Meat: Beef, Pork, Bacon, and Hams . . . . . Cuts.",1893,"78,187",78187
import,value,,Alkali . . . . . Cuts.,1886,"78,154",78154
import,value,Dyeing or Tanning Stuffs,Indigo . . . . . Cuts.,1888,"78,128",78128
import,value,Fruit,Almonds . . . . . Cuts.,1886,"78,015",78015
reexport,value,,"Knobs or Husks of Silk, and Waste . . . . .",1888,"77,987|7,438",77987
reexport,value,Seeds,„ Other Sorts . . . . . Cwts.,1900,"77,757|41,743",77757
import,value,,Gum : Arabic . . . . . Cuts.,1888,"77,728",77728
import,value,,Gum : Arabic . . . . . Cwtts.,1888,"77,728",77728
reexport,value,Oil,"Paper, of all Kinds (except Hangings)",1890,"77,709",77709
export_uk,value,,"Manufactured, viz. :Staves and empty Casks - - -",1897,"77,590",77590
import,quantity,,"Knobs or Husks of Silk, and Waste - Cwts.",1891,"77,556|78",77556
import,value,Imported in Bottles,""" Saumur - - - - -",1900,"77,474",77474
import,quantity,,"Unwrought, Part Wrought, and Old",1891,"77,427|46,483",77427
import,value,Spices,Ginger . . . . . Cuts.,1886,"77,337",77337
import,quantity,Metals and Ores,"""    Steel, unwrought",1899,"77,290",77290
reexport,quantity,Not Sweetened,Brandy,1894,"77,266",77266
import,quantity,,"Silk, Knobs, or Husks of Silk, and Waste - - -",1899,"77,256",77256
reexport,value,Oil,"Paper, of all Kinds (except Hangings)",1887,"77,045",77045
import,value,,"Plums, French, and Prunelloc - - - - -",1896,"76,970",76970
import,value,,"Plums, French, and Prunelloces . . . . .",1896,"76,970",76970
import,value,,"Plums, French, and Prunellocs - - - - -",1896,"76,970",76970
import,value,"Fruit, Dried or Preserved, liable to Duty","Plums, commonly called French Plums, and Prunelles . . . . .",1896,"76,970",76970
import,value,"Fruit, Dried or Preserved, liable to Duty","Plums, commonly called French Plums, and Prunelloes",1896,"76,970",76970
reexport,value,,Linens and Cotton Rags - - - - -,1895,"76,959",76959
import,quantity,,Moss Litter . . . . .,1900,"76,925",76925
reexport,value,Manufactures of Iron and Steel,Sewing Machines and parts thereof - - - - -,1900,"76,911",76911
import,quantity,,” Printed or Coated,1894,"76,898",76898
import,value,Pitch and Tar,Pitch . . . . . Cwtts.,1887,"76,744",76744
import,quantity,,Of all Kinds (except Hangings),1887,"76,741",76741
import,value,Dyeing or Tanning Stuffs,Indigo . . . . . Cuts.,1887,"76,700",76700
reexport,quantity,Not Sweetened,Brandy,1896,"76,391",76391
reexport,value,,Brandy . . . . . Proof Gallons,1896,"76,391",76391
reexport,quantity,,"Lac, Secai, Shell, Stick, and Dye . . . . .",1893,"76,347",76347
reexport,quantity,,"Lao, Seed, Shell, Stick, and Dye",1893,"76,347",76347
import,quantity,Dye Woods,Logwood,1896,"76,075",76075
import,value,Dye Woods,Logwood . . . . . Tons,1896,"76,075",76075
import,quantity,,Mace,1869,"75,952",75952
reexport,value,,Seal - - - - -,1896,"75,881",75881
reexport,value,,""" Lacdye, Seedlac, Shellac, and Sticklac . . . . . """,1900,"75,816",75816
reexport,value,,"Pictures and Drawings, by hand - - - - -",1900,"75,674|1,814",75674
export_uk,value,"Horses (including Ponies), viz.","Unenumerated . . . . . """,1900,"75,642",75642
reexport,value,,""" Lacdye, Seedlac, Shellac, and Sticklac . . . . . """,1899,"75,642",75642
import,value,,Gum : Arabic . . . . . Cwtts.,1886,"75,591",75591
import,quantity,,Gum :Arabic,1880,"75,397",75397
reexport,value,,Dye Woods :  Logwood and all other Sorts - - -,1871,"75,368",75368
reexport,value,Metals,"Unenumerated, Unwrought - - - - -",1894,"75,244",75244
import,quantity,,"Cocoa or Chocolate, in the manufacture of which Spirit has been used",1897,"75,233",75233
reexport,value,,Butter . . . . . Cuts.,1890,"75,108",75108
reexport,value,Cotton,Unenumerated - - - - -,1896,"75,054",75054
import,value,Spices,Ginger . . . . . Cuts.,1887,"74,911",74911
reexport,value,,"Gum, Arabic - - - - -",1899,"37,922|74,638",74638
export_uk,quantity,,Malt,1893,"74,625",74625
import,value,,"Sauces or Condiments, unenumerated (including Table Salt) -",1898,"74,613",74613
import,quantity,,"— Girders, Beamsand Pillars - Tons",1892,"74,586",74586
reexport,value,,"Sawn or Spli., Planed or Dressed - - - - -",1890,"74,562",74562
reexport,value,Wood and Timber,"Sawn or Split, Planked or Dressed",1890,"74,562",74562
import,quantity,,"Sweetened and Perfumed, of all kinds",1867,"74,417",74417
reexport,value,,",, Cotton - - - - - - -",1893,"74,394",74394
reexport,value,"Lace, and Articles thereof",""" Cotton - - - - -",1893,"74,394",74394
reexport,quantity,Dyeing or Tanning Stuffs,Unenumerated,1878,"74,317",74317
import,quantity,,"Cow, Ox, Bull, or Elk",1897,"74,247",74247
reexport,value,"Lace, and Articles thereof",""" Cotton - - - - -",1895,"74,157",74157
import,value,Manures,"Unenumerated . . . . . """,1885,"74,122",74122
import,quantity,Gum,Of other Sorts,1876,"74,077",74077
import,quantity,,"— Girders, Beams and Pillars - Tons",1891,"74,035",74035
import,quantity,,"— Girders, Beamsand Pillars - Tons",1891,"74,035",74035
import,quantity,Manures,Unenumerated,1887,"73,957",73957
import,value,Manures,"Unenumerated . . . . . """,1887,"73,957",73957
import,quantity,Gum,Of other Sorts,1875,"73,908",73908
reexport,value,,Gutta Percha - - - - -,1899,"73,901|7,502",73901
import,value,Oils,Animal - - - - -,1895,"73,894",73894
import,quantity,,"Gow, Ox, Bull, or Elk",1874,"73,851",73851
import,value,,"Muskets, Rifles, Carbines, Fowling Pieces, or Guns ofany other sort not enumerated, and parts thereof; andPistols - - - - -",1898,"73,843",73843
import,value,,"Rifles, Carbines, Fowling Pieces, Muskets, Pistols, or Guns of any other sorts unenumerated, and parts thereof - - - - -",1898,"73,843",73843
import,quantity,"Animals, Living","Bones, of all Kinds (except Whalefines)",1885,"73,823",73823
import,quantity,,Logwood,1889,"73,772",73772
import,value,Dyewoods,Logwood . . . . . Tons,1889,"73,772",73772
reexport,quantity,,Seal Skins,1898,"73,688",73688
reexport,value,,Wick . . . . .,1893,"73,590",73590
reexport,value,,"Lao, Seed, Shell, Stick, and Dye . . . . . """,1888,"73,577",73577
reexport,value,,Littlehampton -,1877,"73,527",73527
export_uk,quantity,"Matches, viz.",Safely Matches,1899,"73,500",73500
export_uk,quantity,"Matches, viz.",Safety Matches,1899,"73,500",73500
reexport,value,Furniture woods,Unenumerated - - - - -,1894,"73,388|73,398",73398
import,value,,"Art, Works of, other than Pictures - - - - -",1893,"73,388",73388
export_uk,quantity,,"Meat : Beef, Pork, Bacon, and Hams - Cts.",1887,"73,350",73350
reexport,quantity,,"Lac, Secai, Shell, Stick, and Dye . . . . .",1895,"73,348",73348
reexport,value,Paper,Unprinted - - - - -,1900,"73,201|73,210",73210
import,quantity,Metals and Ores,",, Puddled",1899,"73,156",73156
import,value,,"Candles, of all Sorts . . . . . Cuts.",1887,"73,156",73156
import,quantity,,"Cow, Ox, Bull, or Elk",1893,"73,058",73058
reexport,value,,"Sawn or Spli., Planed or Dressed - - - - -",1892,"72,860",72860
reexport,value,Wood and Timber,"Sawn or Split, Planked or Dressed",1892,"72,860",72860
import,value,,„ Tares and Lentils - - - - -,1900,"72,752",72752
import,quantity,Metals,Copper,1893,"72,719",72719
import,value,,"Platinum, wrought or unwrought . . . . . Ozs. Troy",1897,"72,564",72564
reexport,quantity,,"Grapes, Raw  . . . . .",1897,"72,552",72552
export_uk,quantity,"Tobacco and Snuff manufactured in the United Kingdom, viz.",Other kinds of manufactured Tobacco,1895,"72,364",72364
reexport,value,,"Raw, Unnumerated - - - - -",1889,"72,324",72324
reexport,value,,"Unenumerated Raw,    Dried - - - - -",1889,"72,324",72324
reexport,value,,Wax (including Ozekerit and Earth Wax) - - - - -,1899,"72,323",72323
reexport,value,,Wax (including Ozokerit and Earth Wax) . . . . .,1899,"72,323",72323
reexport,value,,"Lao, Seed, Shell, Stick, and Dye . . . . . """,1886,"72,197",72197
import,value,,"Plums, French, and Prunelloc - - - - -",1894,"71,968",71968
import,quantity,,Gum :Arabic,1870,"71,963",71963
reexport,value,,""" Lacdye, Seedlac, Shellac, and Sticklac . . . . . """,1898,"71,946",71946
reexport,value,Spices,Unenumerated - - - - -,1868,"71,927",71927
reexport,value,,"Silver, Ore of (including the Value of the Silver contained in Argontiferous Ores and Metals)",1900,"71,869",71869
reexport,value,Manufactures of Iron and Steel,"Silver, Ore of (including the Value of the Silver contained in Argentiferous Ores and Metals) - - - - -",1900,"71,869",71869
import,quantity,,Metals,1888,"71,627",71627
import,value,Oils,Animal - - - - -,1897,"71,574",71574
reexport,value,,Knobs or Husks of Silk and Waste - - -,1882,"71,504",71504
reexport,value,Silk and Silk Manufactures,Knobs or Husks of Silk and Waste - - - -,1882,"71,504",71504
import,value,Hides,Unenumerated - - - - - - -,1870,"71,418",71418
reexport,quantity,,Butter and Butterine,1884,"71,400|71,100",71400
import,value,,"Plums, French, and Prunellocs - - - - -",1894,"71,368",71368
reexport,value,,"Coco Nut . . . . . """,1897,"71,356",71356
export_uk,value,,"Plato, Gold and Silver - - - - -",1887,"71,287",71287
import,value,White,Suimur - - - - -,1897,"71,254",71254
reexport,value,"Skins, Furs, and Pelts","Sheep, undressed",1888,"71,125",71125
import,quantity,,"Plums, commonly called French Plums, and Prunelloes",1900,"71,118",71118
import,quantity,"Fruit, Dried or Preserved, liable to Duty","Plums, commonly called French Plums, and Pruneloes „",1900,"71,113",71113
import,quantity,Metals and Ores,",, Puddled",1896,"71,058",71058
reexport,value,,Unenumerated - - - - - - - -,1868,"71,027",71027
import,value,Manures,"Unenumerated . . . . . """,1884,"70,901",70901
reexport,value,,Butter . . . . . Cuts.,1897,"70,828",70828
export_uk,quantity,,"Meat : Beef, Pork, Bacon, and Hams - Cts.",1888,"70,760",70760
reexport,value,Spirits,Brandy,1887,"70,505",70505
reexport,value,,Butter . . . . . Cuts.,1889,"70,475",70475
import,value,Pitch and Tar,Pitch . . . . . Cwtts.,1885,"70,449",70449
reexport,value,,Wax (including Ozekerit and Earth Wax) - - - - -,1900,"70,387",70387
reexport,value,,Wax (including Ozokerit and Earth Wax) . . . . .,1900,"70,387",70387
reexport,value,,"Meat, Preserved, otherwise than by Salting . . . . . Cuts.",1887,"70,332",70332
reexport,value,,Llanelly - - - - - -,1893,"70,278",70278
import,quantity,Manures,Unenumerated,1893,"69,932",69932
import,value,,"Sauces or Condiments, unenumerated (including Table Salt) -",1900,"69,860",69860
import,value,,"""    Old broken, old cast and old broken Steel",1898,"69,846",69846
import,value,,"Candles, of all Sorts . . . . . Cuts.",1888,"69,823",69823
import,value,Hats and Bonnets,Yarn - - - - -,1895,"69,817",69817
reexport,value,Silk and Silk Manufactures,Knobs or Husks of Silk and Waste - - - -,1884,"69,756",69756
import,quantity,,Pitch and Tar: Pitch,1866,"69,685",69685
export_uk,value,,Bricks . . . . . Thousands,1897,"69,644",69644
reexport,value,Wood and Timber,Hewn - - - - -,1868,"69,574",69574
reexport,value,,Dye Woods : Logwood and all other Sorts - - - - -,1875,"69,456",69456
import,quantity,,"— Girders, Beamsand Pillars - Tons",1894,"69,420",69420
import,quantity,,Nuts and Kernels :For expressing Oil therefrom . . . . .,1884,"69,331",69331
reexport,value,,Dye Woods : Logwood and all other Sorts - - - - -,1879,"69,283",69283
import,quantity,Metals and Ores,",, Puddled",1898,"69,224",69224
import,value,,Galls . . . . .,1900,"69,209",69209
import,quantity,,"— Girders, Beamsand Pillars - Tons",1895,"69,200",69200
reexport,value,Spirits,Brandy,1890,"69,138",69138
import,quantity,,Of all Kinds (except Hangings),1888,"69,065",69065
import,value,,Pitch and Tar :  Pitch . . . . . Cuts.,1888,"69,065",69065
import,value,Pitch and Tar,Pitch . . . . . Cwtts.,1888,"69,065",69065
import,value,,"""    Old broken, old cast and old broken Steel",1897,"68,922",68922
import,value,Spices,Ginger . . . . . Cuts.,1888,"68,743",68743
reexport,quantity,,"Lao, Seed, Shell, Stick, and Dye",1889,"68,709",68709
reexport,value,,"Lao, Seed, Shell, Stick, and Dye . . . . . """,1889,"68,709",68709
reexport,value,,Peterhead - - - - - -,1899,"68,692",68692
reexport,value,Wood and Timber,"Sawn or Split, Planked or Dressed",1894,"68,678",68678
import,quantity,,Guin: Arabic,1892,"68,602",68602
import,value,,Gum : Arabic . . . . . Cuts.,1892,"68,602",68602
import,value,,"Plums, French, and Prunelloc - - - - -",1893,"68,539",68539
import,value,,"Sauces or Condiments, unenumerated (including Table Salt) -",1899,"68,455",68455
import,quantity,,Guin: Arabic,1895,"68,351",68351
reexport,value,,Runcorn . . . . .,1893,"68,349",68349
import,value,Linens,Yarn - - - - -,1868,"68,153",68153
import,quantity,Metals and Ores,",, Puddled",1897,"68,152",68152
export_uk,quantity,,"Metals:Iron: Old, for re-manufacture - Tons",1884,"68,141",68141
import,quantity,,Bones for Manure (whether burnt or not),1900,"68,137",68137
import,quantity,Silk,"Knobs or Husks of Silk, and Waste",1886,"68,026",68026
import,value,Silk,"Knubs or Husks of Silk, and Waste . . . . . Cuts.",1886,"68,026",68026
import,quantity,,Gum :Arabic,1869,"67,989",67989
reexport,value,Furs,Seal Skins - - - - -,1896,"67,968",67968
reexport,value,,Butter . . . . . Cuts.,1887,"67,966",67966
import,value,White,Suimur - - - - -,1896,"67,952",67952
import,value,,Whalefin,1868,"67,876",67876
import,value,,Whalefins,1868,"67,876",67876
reexport,value,Hair,Unenumerated - - - - -,1898,"67,780",67780
import,value,Wool,"Other kinds, and Flocks - - - - -",1895,"67,757",67757
reexport,value,,"Lao, Seed, Shell, Stick, and Dye . . . . . """,1887,"67,678",67678
reexport,value,,Rags and other Materials for making Paper - - - - -,1868,"67,639",67639
import,quantity,Manures,Unenumerated,1886,"67,531",67531
import,value,Manures,"Unenumerated . . . . . """,1886,"67,531",67531
export_uk,value,,Paper Hangings . . . . . Cuts.,1891,"67,386",67386
reexport,quantity,,"Lao, Seed, Shell, Stick, and Dye",1890,"67,357",67357
reexport,value,,"Lao, Seed, Shell, Stick, and Dye . . . . . """,1890,"67,357",67357
reexport,value,Silk and Silk Manufactures,Knobs or Husks of Silk and Waste - - - -,1885,"67,266",67266
import,quantity,Silk,"Knobs or Husks of Silk, and Waste",1884,"67,239",67239
import,value,Silk,"Knubs or Husks of Silk, and Waste . . . . . Cuts.",1884,"67,239",67239
reexport,value,,Troon - - - - - -,1899,"67,133",67133
export_uk,value,,Pilehards - - - - -,1897,"66,994",66994
reexport,value,,Lard . . . . . Cuts.,1886,"66,883",66883
export_uk,value,,Bricks . . . . . Thousands,1896,"66,835",66835
import,quantity,"Animals, Living","Bones, of all Kinds (except Whalefines)",1886,"66,778",66778
reexport,value,"Skins, Furs, and Pelts","Sheep, undressed",1887,"66,596",66596
reexport,value,,„ „ Mechanical  - - - - -,1895,"66,496|7,781",66496
import,quantity,,Thrown,1866,"66,450",66450
import,value,,"Muskets, Rifles, Carbines, Fowling Pieces, or Guns ofany other sort not enumerated, and parts thereof; andPistols - - - - -",1899,"66,446",66446
import,value,,"Rifles, Carbines, Fowling Pieces, Muskets, Pistols, or Guns of any other sorts unenumerated, and parts thereof - - - - -",1899,"66,446",66446
reexport,value,Manures,Nitrate of Soda (sodic nitre) - - - - -,1894,"66,355",66355
import,quantity,,"— Girders, Beamsand Pillars - Tons",1893,"66,326",66326
import,quantity,,"Cow, Ox, Bull, or Elk",1895,"66,319",66319
import,value,,"Sauces or Condiments, unenumerated (including Table Salt) -",1897,"66,214",66214
import,value,,— Manufactures of - - - - -,1868,"66,199",66199
reexport,value,,Wax (including Ozekerit and Earth Wax) - - - - -,1897,"66,173",66173
reexport,value,,Wax (including Ozokerit and Earth Wax) . . . . .,1897,"66,173",66173
reexport,value,,"Unenumerated Raw,    Dried - - - - -",1890,"66,112",66112
reexport,value,,"Meat, Preserved, otherwise than by Salting . . . . . Cuts.",1890,"66,043",66043
import,quantity,,"Gow, Ox, Bull, or Elk",1873,"66,042",66042
import,quantity,,"Hair :Cow, Ox, Bull, or Elk",1873,"66,042",66042
reexport,value,,"Beals, of all sorts - - - - -",1897,"65,914",65914
reexport,quantity,,Bacon and Hams: Bacon,1866,"65,906",65906
import,value,""" Imported in Bottles",""" Saumur - - - - -",1895,"65,905|65,005",65905
import,quantity,Silk,"Knobs or Husks of Silk, and Waste",1887,"65,892",65892
import,value,Silk,"Knubs or Husks of Silk, and Waste . . . . . Cuts.",1887,"65,892",65892
reexport,value,,Seal Skins . . . . .,1895,"65,806",65806
import,quantity,,Guin: Arabic,1893,"65,745",65745
reexport,value,Furs,Seal Skins - - - - -,1895,"65,596",65596
reexport,value,,Lyme -,1878,"65,386",65386
reexport,value,Spirits,Brandy,1889,"65,359",65359
export_uk,value,,Hops . . . . . „,1899,"65,325|11,510",65325
reexport,value,"Metals, viz.","Steel, Unwrought - - - - -",1868,"65,322",65322
import,value,,Gum : Arabic . . . . . Cuts.,1889,"65,243",65243
reexport,quantity,,"Iron Bar, Angle, Bolt and Rod - - - - -",1880,"65,225",65225
reexport,quantity,,"Iron Bars, Angle, Bolt and Rod",1890,"65,225",65225
import,value,,Animal . . . . . Cuts.,1892,"65,057",65057
import,value,White,Suimur - - - - -,1895,"65,005",65005
export_uk,quantity,,"Rags (except Woollen), and other Materials for making Paper - Tons",1899,"64,993",64993
import,value,"Skins, Furs, and Pelts","All other Sorts, undressed and dressed (not Leather)-",1891,"64,986",64986
import,value,,"„ Garden, unenumerated - - - - -",1900,"64,944",64944
reexport,value,,""" Kowrie . . . . . """,1900,"64,857",64857
import,value,,Alkali . . . . . Cuts.,1887,"64,753",64753
reexport,value,,"Sawn or Spli., Planed or Dressed - - - - -",1891,"64,645",64645
import,value,,Whalefin - - - - -,1873,"61,618|64,618",64618
reexport,value,,Butter . . . . . Cuts.,1888,"64,522",64522
import,quantity,,Gum :Arabic,1873,"64,378",64378
import,value,,Raw or Kiln-dried - - - - -,1894,"64,249",64249
import,quantity,,"Cow, Ox, Bull, or Elk",1896,"64,247",64247
export_uk,quantity,,"Leather, Tanned, Unwrought",1868,"64,083|61,083",64083
reexport,quantity,,"Grapes, Raw  . . . . .",1896,"64,042",64042
reexport,value,,Unprinted  . . . . . Cts.,1895,"64,011",64011
import,value,,Sauterne - - - - -,1893,"63,885",63885
import,value,White,Suimur - - - - -,1893,"63,885",63885
import,value,,„ „ Saumur - - - -,1894,"63,877",63877
reexport,value,Manufactures of Iron and Steel,"Lead, Ore of - - - - -",1900,"63,794",63794
reexport,value,,"Horns, Tips, and pieces of Horn, and Hoofs - - - - -",1899,"63,610|63,619|1,956",63619
reexport,quantity,,"Grapes, Raw  . . . . .",1900,"63,590",63590
reexport,value,,Gunno,1872,"63,545",63545
import,value,,"Plums, French, and Prunellocs - - - - -",1893,"63,539",63539
import,quantity,,Logwood,1890,"63,519",63519
import,value,Dyewoods,Logwood . . . . . Tons,1890,"63,519",63519
reexport,value,,Butter . . . . . Cuts.,1898,"63,491",63491
reexport,value,Hair.,Unenumerated - - - - -,1894,"63,461",63461
import,quantity,"Animals, Living","Bones, of all Kinds (except Whalefines)",1882,"63,451",63451
import,value,Hides,Unenumerated - - - - - - -,1869,"63,441",63441
import,quantity,,Pitch and Tar :Pitch,1880,"63,430",63430
reexport,value,,Dublin - - - - - -,1899,"63,385",63385
import,value,Tobacco,Unstemmed - - - - -,1893,"63,360",63360
import,quantity,,"Cow, Ox, Bull, or Elk",1894,"63,212",63212
reexport,value,,Olco Margarine - - - - -,1894,"62,994",62994
reexport,value,Metal,"Unenumerated, Unwrought - - - - -",1898,"62,944",62944
reexport,value,,Linens and Cotton Rags - - - - -,1894,"62,937",62937
import,quantity,,Nuts and Kernels,1888,"62,932",62932
import,quantity,,Nuts and Kernels,1891,"62,930",62930
import,quantity,,"Knubs or Husks of Silk, and Waste - Cuts.",1896,"62,923",62923
import,quantity,Silk,"Knubs, or Husks of Silk, and Waste",1896,"62,923",62923
reexport,value,,Butter . . . . . Cuts.,1886,"62,916",62916
import,value,White,Suimur - - - - -,1894,"62,877",62877
reexport,value,,"of other Sorts . . . . . """,1889,"62,811",62811
reexport,value,,"Unenumerated, dressed or undressed (not Leather)",1899,"62,786",62786
reexport,value,,Olco Margarine - - - - -,1896,"62,747",62747
reexport,value,,Oleo-margarine or Oleo-Oil - - - - -,1896,"62,747|26,750",62747
reexport,value,,Dye Woods :  Logwood and all other Sorts - - -,1872,"62,725",62725
reexport,value,,Lowestoft -,1878,"62,723",62723
reexport,quantity,,Rosin,1893,"62,653",62653
reexport,value,,Whitehaven . . . . .,1893,"62,585",62585
reexport,value,Not Sweetened,Brandy - - - - -,1893,"62,537",62537
import,quantity,,Copper,1891,"62,483|8,436",62483
import,quantity,,Metals,1891,"62,483",62483
import,value,,- - - - -,1868,"62,387",62387
import,value,,"Kowrie . . . . . """,1884,"62,378",62378
import,value,,Gum : Arabic . . . . . Cuts.,1891,"62,352",62352
import,quantity,,Logwood,1888,"62,306",62306
import,value,Dyewoods,Logwood . . . . . Tons,1888,"62,306",62306
reexport,value,,"Knobs or Husks of Silk, and Waste",1879,"8,012|62,197",62197
reexport,value,Silk,Raw - - - - -,1893,"62,069",62069
import,quantity,Silk,"Knobs or Husks of Silk, and Waste",1883,"62,064",62064
import,quantity,,„ Dried or Preserved . . . . .,1899,"62,000",62000
import,value,,""" Dried or Preserved . . . . . """,1899,"62,000",62000
import,quantity,,Nuts and Kernels,1889,"61,857",61857
reexport,value,,Currents. . . . . . Cwts.,1897,"61,687",61687
reexport,value,Wood and Timber,"Sawn or Split, Planked or Dressed",1891,"61,645",61645
reexport,value,,Currants . . . . . Cuts.,1897,"61,637",61637
export_uk,value,,Bricks . . . . . Thousands,1893,"61,515",61515
reexport,value,,Unprinted  . . . . . Cts.,1894,"61,364",61364
reexport,value,Furs,Seal Skins - - - - -,1894,"61,344",61344
reexport,quantity,,Nuts: Almonds . . . . .,1898,"61,314",61314
reexport,value,,Nuts: Almonds . . . . . Cuts.,1898,"61,314",61314
export_uk,value,,"Pasteboard, Millboard, Cardboard, and Cards, including Playing Cards - -",1900,"38,206|61,311",61311
export_uk,quantity,"Railroad, viz.",Black Plates for Tinning,1900,"61,208|5,070",61208
reexport,quantity,,Unprinted . . . . . . . . .,1899,"61,202",61202
reexport,value,,"Beals, of all sorts - - - - -",1896,"61,153",61153
reexport,value,,"Matches, Safety - - - - -",1900,"61,062",61062
export_uk,value,,Paper Hangings . . . . . Cuts.,1890,"61,058",61058
import,quantity,,"Gow, Ox, Bull, or Elk",1877,"61,044",61044
import,value,,"Hair : Cow, Ox, Bull, or Elk . . . . . """,1885,"60,980",60980
import,value,,Mares - - - - -,1893,"60,865",60865
reexport,quantity,,"Gum, Arabio",1885,"60,858",60858
reexport,value,,"Horns, Tips, and pieces of Horn, and Hoofs . . . . . Tons",1900,"60,809|1,635",60809
reexport,quantity,,of other Sorts,1882,"60,796",60796
reexport,quantity,,Seal Skins,1897,"60,587",60587
reexport,quantity,Furs,Seal Skins,1897,"60,587",60587
export_uk,value,,Paper Hangings . . . . . Cuts.,1889,"60,546",60546
import,value,,"Platinum, wrought or unwrought . . . . . Ozs. Troy",1895,"60,529",60529
reexport,quantity,Metals,"Iron Bars, Angle, Bolt and Rod",1878,"60,344",60344
import,value,,Animal - - - - -,1873,"60,152",60152
import,quantity,,""" Spun Silk Yarn",1899,"60,128",60128
export_uk,quantity,,"Beef, Salted",1895,"60,011",60011
import,value,,Methylc Alcohols not purified so as to be potable,1899,"59,985",59985
reexport,value,,Stornoway . . . . .,1893,"59,899",59899
import,value,,"Kowrie . . . . . """,1889,"59,882",59882
import,value,"Fruit, Dried or Preserved, liable to Duty",""" Dried or Preserved (including dried Apricots) . . . . .",1896,"59,861",59861
import,value,,Raw or Kiln-dried - - - - -,1893,"59,826",59826
reexport,value,,Unprinted  . . . . . Cts.,1896,"59,752",59752
reexport,quantity,,",, Cured or Salted: Sardines . . . . .",1897,"59,669",59669
reexport,value,,"""Cured"" or Salted: Sardines . . . . . """,1897,"59,669",59669
reexport,value,,"Painters' Colours and Pigments, unenumerated - - - - -",1893,"59,655",59655
reexport,value,,"of other Sorts . . . . . """,1890,"59,608",59608
reexport,quantity,,Chemical Manufactures and Products,1868,"59,595",59595
reexport,value,Hair.,"Cow, Ox, Bull, or Elk - - - - -",1893,"59,575",59575
reexport,value,"Skins, Furs, and Pelts","Sheep, undressed - - - - -",1882,"59,457",59457
import,value,,Whalebone (including Finners) - - - - -,1900,"59,446",59446
reexport,value,,"Beals, of all sorts - - - - -",1893,"59,400",59400
import,quantity,,Gum :Arabic,1868,"59,324",59324
reexport,value,,Unprinted  . . . . . Cts.,1897,"59,146",59146
reexport,quantity,Not Sweetened,Unenumerated,1895,"59,130",59130
reexport,value,Oils,Seed,1900,"59,119",59119
import,value,,"""    Old broken, old cast and old broken Steel",1896,"59,111",59111
reexport,value,Spirits,Brandy,1888,"59,100",59100
import,value,"Dye-stuffs, and Substances for Tanning or Dyeing",Indigo . . . . . Ccts.,1899,"58,977",58977
reexport,value,,Penzance -,1876,"58,908",58908
reexport,value,,"Coco Nut . . . . . """,1895,"58,898",58898
reexport,quantity,,"Oil, Colza-nut",1878,"58,857",58857
reexport,quantity,Furs,Seal Skins,1893,"58,820",58820
reexport,value,Dyeing or Tanning Stuffs,Indigo . . . . . Cuts.,1889,"58,784",58784
import,quantity,,"- - - - - """,1897,"58,674",58674
export_uk,value,,Bricks . . . . . Thousands,1895,"58,666",58666
import,quantity,,"Cow, Ox, Bull, or Elk",1868,"58,508",58508
import,quantity,,"Knubs or Husks of Silk, and Waste - Cuts.",1894,"58,469",58469
import,quantity,,"Silk, Knobs, or Husks of Silk, and Waste",1894,"58,469",58469
reexport,quantity,,Unenumerated for expressing Oil therefrom,1868,"58,459|19,999",58459
reexport,quantity,,Pease,1899,"58,370",58370
reexport,value,,"Pease . . . . . """,1899,"58,370",58370
reexport,value,,Butter . . . . . Cuts.,1896,"58,368",58368
reexport,value,,Wax (including Ozekerit and Earth Wax) - - - - -,1896,"58,344",58344
reexport,value,,Wax (including Ozokerit and Earth Wax) . . . . .,1896,"58,344",58344
import,value,,- - - - -,1873,"58,277",58277
import,value,,"Candles, of all Sorts . . . . . Cuts.",1886,"58,242",58242
export_uk,quantity,,"Lead : Pig, Sheet, Piping, and otherManufactures",1892,"58,162",58162
import,quantity,,"Gow, Ox, Bull, or Elk",1875,"58,151",58151
import,quantity,,"Asphalt, or Bitumen",1899,"58,124",58124
import,quantity,,"Asphalt, or Bitumen (other than Painters' Colours or Drugs)",1899,"58,124",58124
export_uk,value,,Paper Hangings . . . . . Cuts.,1892,"58,098",58098
reexport,value,,Oleo-margarine or Oleo-Oil - - - - -,1899,"58,076|34,462",58076
import,quantity,,Metals,1889,"58,073",58073
import,quantity,Furniture and Hardwoods,Unenumerated,1887,"57,994",57994
import,quantity,,Cream of Tartar,1870,"57,898",57898
export_uk,quantity,,"Rags (except Woollen), and other Materials for making Paper - Tons",1898,"57,696",57696
reexport,quantity,Coffee,""" "" "" in Bond",1895,"57,641",57641
import,quantity,,Gum : Arabic . . . . .,1884,"57,529",57529
import,value,,Gum : Arabic . . . . . Cwtts.,1884,"57,529",57529
reexport,value,,Lard . . . . . Cuts.,1888,"57,502",57502
export_uk,value,,Pilchards - - - - -,1900,"57,421",57421
export_uk,value,,Pilehards - - - - -,1900,"57,421",57421
reexport,value,Manufactures,Boots and Shoes,1897,"57,379|20,070",57379
reexport,value,,Pulp of Wood - - - - -,1894,"57,264",57264
reexport,value,,Littlehampton -,1875,"57,255",57255
import,quantity,,Pitch and Tar :Pitch,1879,"57,188",57188
reexport,quantity,Dyes obtained from Coal Tar,Unenumerated,1896,"57,170",57170
reexport,value,,„ Stock and Pieces for making Glue  . . . . .,1900,"57,117",57117
export_uk,quantity,"Paper, viz",Hangings,1894,"57,096",57096
import,quantity,,Imitation Rum,1893,"57,063",57063
import,quantity,Spirits,Fenitiation Rum,1893,"57,063",57063
reexport,value,,"of other Sorts . . . . . """,1885,"57,030",57030
reexport,value,,"Glass :Window and German Sheet, including Shades andCylinders . . . . . Cuts.",1897,"57,016",57016
import,value,,"Meat : Unenumerated, Salted or Fresh . . . . . Cwtts.",1888,"56,998",56998
import,value,,"Meat, Unenumerated ; Salted or Fresh . . . . . Cuts.",1888,"56,998",56998
export_uk,value,,Paper Hangings . . . . . Cuts.,1893,"56,956",56956
reexport,value,"Lace, and Articles thereof",""" Cotton - - - - -",1894,"56,929",56929
import,quantity,,"Knubs or Husks of Silk, and Waste - Cuts.",1893,"56,839",56839
reexport,value,,Llanelly -,1874,"56,803",56803
import,value,,Alkali . . . . . Cuts.,1888,"56,793",56793
import,quantity,,Nuts and Kernels,1887,"56,774",56774
import,value,,""" Cigarettes or Negrohead - - - - -",1898,"56,751",56751
import,value,,""" Circumlish or Negrohead - - - - -",1898,"56,751",56751
import,quantity,,Nuts and Kernels for expressing Oil therefrom . .,1900,"56,668",56668
import,quantity,,Perfumed,1899,"56,585|56,535",56585
reexport,value,,Linens and Cotton Rags - - - - -,1896,"56,528",56528
reexport,value,,"Unenumerated, dressed or undressed (not Leather)",1896,"56,467",56467
import,value,Spices,"Ginger, Raw - - - - -",1881,"56,453",56453
reexport,value,Leather Manufactures,Boots and Shoes - - - - -,1896,"56,448",56448
import,quantity,,"Knubs or Husks of Silk, and Waste - Cuts.",1895,"56,435",56435
reexport,value,,"Clocks, complete ) } „ parts thereof ||",1896,"56,419",56419
reexport,value,,"Clocks, complete } - - - - -",1896,"56,419",56419
reexport,value,,Oleo-margarine or Oleo-Oil - - - - -,1898,"56,410|37,983",56410
reexport,value,,"Steel, Unwrought",1870,"56,383",56383
export_uk,quantity,"Horses (including Ponies), viz.",Unenumerated,1899,"56,381",56381
import,quantity,Furniture woods and Hardwoods,Mahogany,1892,"56,315",56315
reexport,value,,"Unenumerated, dressed or undressed (not Leather)",1900,"56,222",56222
import,value,,"Platinum, wrought or unwrought . . . . . Ozs. Troy",1896,"56,201",56201
import,quantity,Furniture woods and Hardwoods,Mahogany,1885,"56,058",56058
reexport,value,,"of other Sorts . . . . . """,1884,"56,045",56045
import,value,,"Sauces or Condiments, unenumerated (including Table Salt) -",1896,"55,809",55809
reexport,value,Dyeing or Tanning Stuffs,Indigo . . . . . Cuts.,1890,"55,685",55685
reexport,quantity,Coffee,""" "" "" in Bond",1896,"55,652|35,652",55652
import,quantity,,Logwood,1886,"55,598",55598
import,value,Dyewoods,Logwood . . . . . Tons,1886,"55,598",55598
reexport,quantity,,Plated and Gilt Ware,1898,"55,509",55509
import,value,,Nuts and Kernels :  For expressing Oil therefrom . . . . . Tons,1892,"55,492",55492
reexport,value,,Llanelly -,1875,"55,478",55478
import,value,"Animals, Living",Unenumerated - - - - -,1894,"55,444",55444
import,value,Spices,Ginger . . . . . Cuts.,1884,"55,358",55358
import,quantity,,Cream of Tartar,1866,"55,272",55272
reexport,quantity,,of all other Sorts,1868,"38,035|55,263",55263
import,value,,"Kowrie . . . . . """,1887,"55,144",55144
import,value,,"Kowrie . . . . . """,1890,"55,076",55076
import,quantity,,Knobs or Husks of Silk and Waste,1880,"55,002",55002
import,quantity,Silk,Knobs or Husks of Silk and Waste,1880,"55,002",55002
import,value,,Galla,1872,"54,963",54963
import,quantity,,"Knobs, or Husks of Silk, and Waste",1897,"54,774",54774
import,quantity,Silk,"Knubs, or Husks of Silk, and Waste",1897,"54,774",54774
export_uk,value,,Pilehards - - - - -,1898,"54,759",54759
reexport,quantity,,Seal Skins,1899,"54,745",54745
reexport,quantity,,Brandy,1899,"54,631",54631
reexport,value,,Brandy . . . . . Proof Gallons,1899,"54,631",54631
reexport,quantity,Dyes obtained from Coal Tar,Unenumerated,1897,"54,472",54472
import,value,Hats and Bonnets,Yarn - - - - -,1894,"54,418",54418
reexport,value,Not Sweetened,Brandy - - - - -,1895,"54,406",54406
reexport,value,Manufactures,Boots and Shoes,1898,"54,323|19,934",54323
reexport,quantity,""" Imported in Bottles",Still,1900,"54,285",54285
reexport,value,Wood and Timber,"Sawn or Split, Planked or Dressed",1893,"54,159",54159
reexport,quantity,Dyeing or Tanning Stuffs,Indigo,1886,"54,081|51,081",54081
reexport,value,Dyeing or Tanning Stuffs,Indigo . . . . . Cuts.,1886,"54,081",54081
reexport,value,,Ginger,1900,"54,032",54032
import,value,,"Plums, French, and Prunelloces . . . . . Cuts.",1898,"54,013",54013
import,value,"Animals, Living",Unenumerated - - - - -,1895,"53,936",53936
reexport,value,,Littlehampton -,1876,"53,927",53927
import,quantity,Drugs,"Bark, Peruvian",1878,"53,886",53886
import,value,"Dye-stuffs, and Substances for Tanning or Dyeing",Indigo . . . . . Ccts.,1898,"53,838",53838
import,value,Linens,Yarn - - - - -,1870,"53,750",53750
reexport,value,,"Petroleum, Illuminating - - - - -",1895,"53,738",53738
reexport,value,"Metals, viz.","Steel, Unwrought",1876,"53,729",53729
reexport,quantity,,Paraffine . . . . .,1893,"53,716",53716
reexport,value,,Paraffine . . . . . Cts.,1893,"53,716",53716
reexport,quantity,,Brandy,1898,"53,672",53672
reexport,value,,Brandy . . . . . Proof Gallons,1898,"53,672",53672
reexport,quantity,,Brandy,1897,"53,647",53647
reexport,quantity,Not Sweetened,Brandy,1897,"53,647",53647
reexport,value,,Brandy . . . . . Proof Gallons,1897,"53,647",53647
import,value,,"Plums, French, and Prunelloc - - - - -",1895,"53,601",53601
import,value,,"Plums, French, and Prunelloces . . . . .",1895,"53,601",53601
import,value,,"Plums, French, and Prunellocs - - - - -",1895,"53,601",53601
reexport,value,,"Beals, of all sorts - - - - -",1895,"53,494",53494
import,quantity,,Mahogany,1866,"53,458",53458
import,value,,Raw or Kiln-dried - - - - -,1895,"53,434",53434
reexport,value,,Irvine - - - - - -,1899,"53,396",53396
import,quantity,,„ Castor . . . . .,1900,"53,335",53335
import,value,,„ Castor . . . . . „,1900,"53,335",53335
reexport,value,,Olco Margarine - - - - -,1895,"53,184",53184
import,quantity,,Guin: Arabic,1894,"53,124",53124
reexport,quantity,,Indigo,1887,"53,085",53085
reexport,value,Dyeing or Tanning Stuffs,Indigo . . . . . Cuts.,1887,"53,085",53085
import,value,Silk,"Knubs or Husks of Silk, and Waste . . . . . Cuts.",1885,"53,047",53047
reexport,value,,Dye Woods : Logwood and all other Sorts . . . . .,1886,"52,905",52905
import,value,,Gum : Arabic . . . . . Cuts.,1890,"52,810",52810
reexport,value,,Dye Woods :  Logwood and all other Sorts - - -,1874,"52,805",52805
reexport,quantity,Dye-stuffs and Substances for Tanning or Dyeing,Bark for Tanning,1898,"52,622",52622
reexport,value,,Cardigan -,1877,"52,519",52519
export_uk,value,,"Pasteboard, Millboard, Cardboard, andCards, including Playing Cards - - - - -",1896,"52,299",52299
export_uk,value,,"Pasteboard, Millboard, Canboard, and Cards, including Playing Cards - - - - -",1896,"52,293",52293
import,quantity,,"Asphalt, or Bitumen (other than Painters' Colours or Drugs)",1900,"52,208",52208
reexport,value,,"Glass :Window and German Sheet, including Shades andCylinders . . . . . Cuts.",1898,"52,190",52190
export_uk,quantity,,Other kinds of manufacturedTobacco,1894,"52,174",52174
export_uk,quantity,"Tobacco and Snuff manufactured in the United Kingdom, viz.",Other kinds of manufactured Tobacco,1894,"52,174",52174
reexport,value,,"— Tanned, Towed, Curried, or Dressed",1870,"52,148",52148
export_uk,value,,"Pasteboard, Millboard, Canboard, and Cards, including Playing Cards - - - - -",1897,"52,139",52139
export_uk,value,,"Pasteboard, Millboard, Cardboard, andCards, including Playing Cards - - - - -",1897,"52,139",52139
export_uk,quantity,,"Lead: Pig, Sheet, Piping, and otherManufactures",1889,"52,040",52040
reexport,quantity,,"Manufactured, Cigars . . . . .",1899,"51,947",51947
reexport,value,Tobacco,Stalks,1899,"154|51,947",51947
import,value,Hats and Bonnets,Yarn - - - - -,1892,"51,939",51939
reexport,value,Tobacco,"Stalls . . . . . """,1899,"51,937",51937
import,quantity,,"Manganese, Ore of",1867,"51,911",51911
import,quantity,,Metals,1887,"51,874",51874
import,quantity,,"Cocoa or Chocolate, in the manufacture of which Spirit has been used",1896,"51,693",51693
reexport,quantity,,Almonds,1893,"51,674",51674
reexport,value,Not Sweetened,Brandy - - - - -,1894,"51,670",51670
reexport,quantity,,Butter,1900,"51,586",51586
reexport,value,,Butter . . . . . Cuts.,1900,"51,586",51586
import,value,,Whalefin,1872,"51,538|51,558",51558
import,quantity,""" Imported in Bottles",""" Hock",1900,"51,531",51531
reexport,quantity,,""" "" "" in Pond",1893,"51,508",51508
import,quantity,,"Gutta Percha, Raw",1879,"51,416",51416
import,quantity,,Wax,1899,"51,351",51351
reexport,quantity,,Extracts,1896,"51,302",51302
reexport,quantity,Dyes obtained from Coal Tar,Indigo,1896,"51,302",51302
reexport,quantity,,"Linen, Yarn",1893,"51,298",51298
export_uk,quantity,,"Beef, Salted",1898,"51,244",51244
reexport,value,,Dye Woods : Logwood and all other Sorts - - - - -,1878,"51,241",51241
reexport,quantity,,Extracts,1895,"51,227",51227
import,quantity,Spirits,Fenitiation Rum,1894,"51,205",51205
import,value,,Galla,1870,"51,169",51169
reexport,quantity,,Indigo,1888,"51,129",51129
reexport,value,Dyeing or Tanning Stuffs,Indigo . . . . . Cuts.,1888,"51,129",51129
import,quantity,,"Hair :Cow, Ox, Bull, or Elk",1879,"51,127",51127
reexport,value,,„ „ Mechanical  - - - - -,1896,"51,089|6,467",51089
reexport,quantity,,"Fruits and Vegetables, preserved in Sugar . . . . .",1900,"51,077",51077
reexport,value,,"Fruits and Vegetables, preserved in Sugar . . . . . Cuts.",1900,"51,077",51077
reexport,quantity,,",, Cured or Salted: Sardines . . . . .",1896,"50,924",50924
reexport,value,,"""Cured"" or Salted: Sardines . . . . . """,1896,"50,924",50924
reexport,value,,"Gum, Arabic . . . . . Cwts.",1885,"50,858",50858
reexport,value,,Ipswich -,1876,"50,838",50838
reexport,value,,Waterford . . . . .,1893,"50,831",50831
import,value,,"Plums, French, and Prunelloces . . . . .",1899,"50,762",50762
import,value,"Fruit, Dried or Preserved, liable to Duty","Plums, commonly called French Plums, and Prunelles . . . . .",1899,"50,762",50762
import,value,"Fruit, Dried or Preserved, liable to Duty","Plums, commonly called French Plums, and Prunelloes",1899,"50,762",50762
import,value,,„ Cherrish or Negrohead - - - - - -,1898,"1,805|50,751",50751
reexport,quantity,,Nuts: Almonds . . . . .,1896,"50,729",50729
reexport,value,,Nuts: Almonds . . . . . Cuts.,1896,"50,729",50729
import,quantity,""" Imported in Bottles",""" Moselle",1900,"50,615",50615
import,quantity,,Pitch and Tar :Pitch,1873,"50,493",50493
reexport,value,,Dye Woods : Logwood and all other Sorts - - - - -,1877,"50,466",50466
reexport,value,,"Unenumerated Raw,    Dried - - - - -",1891,"50,465",50465
reexport,value,,Butter . . . . . Cuts.,1899,"50,453",50453
import,value,,""" "" Other sorts of Shell Fish - - - - -",1899,"50,379",50379
reexport,value,Woollen Manufactures,Unenumerated - - - - -,1868,"50,318",50318
reexport,value,,Milford -,1874,"50,178",50178
import,value,"Animals, Living",Unenumerated - - - - -,1898,"50,173",50173
reexport,quantity,Dyeing or Tanning Stuffs,Indigo,1878,"50,136",50136
export_uk,value,,Bricks . . . . . Thousands,1894,"49,983",49983
reexport,value,Manures,Nitrate of Soda (sodic nitre) - - - - -,1895,"49,958",49958
import,quantity,Oils,Animal,1893,"49,953",49953
reexport,value,,Knobs or Husks of Silk and Waste - - -,1874,"49,862",49862
import,quantity,,"Hair : Cow, Ox, Bull, or Elk . . . . .",1884,"49,846",49846
import,value,,"Hair : Cow, Ox, Bull, or Elk . . . . . """,1884,"49,846",49846
import,value,Hats and Bonnets,Yarn - - - - -,1893,"49,724",49724
reexport,value,,Curryants - - - - -,1895,"49,668",49668
import,quantity,,Paper and Pasteboard,1890,"49,636",49636
import,quantity,,Nuts and Kernels :For expressing Oil therefrom,1880,"49,633",49633
import,value,Tobacco,Cavendish or Negrohead - - - -,1894,"49,507",49507
import,value,Tobacco,Cucullish or Negrohead - - - - -,1894,"49,507",49507
reexport,value,,"Spirits, Brandy",1896,"49,506",49506
reexport,value,Not Sweetened,Brandy - - - - -,1896,"49,506",49506
reexport,value,,Falmouth -,1878,"49,439",49439
reexport,value,,Dye Woods :  Logwood and all other Sorts - - -,1873,"49,435",49435
reexport,value,Manufactures,Boots and Shoes,1900,"49,305|18,620",49305
import,quantity,,Of other Sorts,1868,"34,597|49,301",49301
reexport,quantity,,Strawboard and Millboard . . . . . .,1899,"49,204",49204
reexport,value,Paper,Strawboard and Millboard . . . . . ”,1899,"49,204",49204
import,quantity,,"Beer, Berlin White Beer, and other similar pre- } """,1899,"49,188",49188
import,quantity,"Fruit, Dried or Preserved, liable to Duty",„ Dried or Preserved (including Dried Apricots) „,1898,"49,153",49153
reexport,quantity,,"Manufacturer's, Boots and Shoes",1882,"49,039",49039
reexport,quantity,,"Manufacturer's, Boots and Shoes - Dozen pairs",1882,"49,039",49039
import,value,,Cows - - - - -,1893,"48,996",48996
reexport,quantity,,Unprinted  . . . . .,1893,"48,933",48933
reexport,value,,"Coco Nut . . . . . """,1896,"48,933",48933
reexport,value,,Unprinted  . . . . . Cts.,1893,"48,933",48933
export_uk,quantity,,"Lead : Pig, Sheet, Piping, and otherManufactures",1893,"48,871",48871
reexport,value,,Dye Woods : Logwood and all other Sorts . . . . .,1887,"48,845",48845
reexport,quantity,Not Sweetened,Unenumerated,1893,"48,833",48833
reexport,quantity,,"Manufacturer's, Boots and Shoes",1879,"48,826",48826
reexport,quantity,,"Manufacturer's, Boots and Shoes - Dozen pairs",1879,"48,826",48826
import,quantity,,Logwood,1887,"48,720",48720
import,value,Dyewoods,Logwood . . . . . Tons,1887,"48,720",48720
reexport,value,,In any way dressed (not Leather) . . . . .,1898,"48,710",48710
reexport,value,,Workington - - - - -,1899,"48,702",48702
reexport,value,Paper-making Materials,Linen and Cotton Rags - - - - -,1900,"48,650|5,091",48650
export_uk,quantity,,"Lead: Pig, Sheet, Piping, and otherManufactures",1888,"48,616",48616
reexport,value,,"Glass :Window and German Sheet, including Shades andCylinders . . . . . Cuts.",1899,"48,583",48583
reexport,quantity,,Raisins . . . . .,1900,"48,550",48550
reexport,value,,"Raisins . . . . . """,1900,"48,550",48550
reexport,quantity,,Nuts: Almonds . . . . .,1899,"48,521",48521
reexport,value,,Nuts: Almonds . . . . . Cuts.,1899,"48,521",48521
reexport,quantity,,"Fish, Cured, of all Sorts",1870,"48,304",48304
import,value,Tobacco,Cavendish or Negrohead - - - -,1893,"48,291",48291
reexport,value,Sawn,Fir - - - - -,1893,"48,278",48278
import,value,,Mica and Talc - - - - -,1895,"48,271",48271
reexport,quantity,,Seal Skins,1895,"48,238",48238
reexport,quantity,Furs,Seal Skins,1895,"48,238",48238
export_uk,quantity,,"Lead : Pig, Sheet, Piping, and otherManufactures",1891,"48,233",48233
import,value,White,Hock - - - - -,1897,"48,169",48169
reexport,value,,Curryants - - - - -,1897,"48,074",48074
export_uk,value,,Pilehards - - - - -,1899,"48,033",48033
reexport,quantity,,Nuts: Almonds . . . . .,1900,"47,994",47994
reexport,value,,Nuts: Almonds . . . . . Cuts.,1900,"47,994",47994
import,value,,Pitch - - - - -,1900,"47,839",47839
reexport,value,,Dye Woods : Logwood and all other Sorts . . . . .,1888,"47,751",47751
import,quantity,,"Unwrought, Part Wrought, and OldCopper",1888,"47,668",47668
reexport,value,"Metals, viz.","Steel, Unwrought",1877,"47,612",47612
import,quantity,,Nuts and Kernels,1890,"47,526",47526
import,value,,Alkali . . . . . Cuts.,1889,"47,464",47464
import,value,,"Methylc Alcohol, not purified so as to be potable . . . . .",1898,"47,462",47462
import,value,,Methylc Alcohols not purified so as to be potable,1898,"47,462",47462
export_uk,quantity,"Carriages, Carts, &amp;c.",Railway Carriages for Passengers and parts thereof Value £,1878,"47,438",47438
reexport,value,Silk and Silk Manufactures,Knobs or Husks of Silk and Waste - - - -,1883,"47,248",47248
reexport,value,,Knobs or Husks of Silk and Waste - - -,1883,"47,218",47218
reexport,quantity,Tobacco,""" Other sorts",1893,"47,177",47177
reexport,value,,„ Lubricating - - - - -,1900,"47,145",47145
import,value,,Whalefin - - - - -,1876,"47,144",47144
import,quantity,,"Books, bound and unbound, including Maps and Charts Cicts.",1895,"47,095",47095
import,quantity,,"Books, bound and unbound, including Maps and Charts Cts.",1895,"47,095",47095
import,quantity,,"Books, bound and unbound, including Maps and Charts Cwts.",1895,"47,095",47095
export_uk,quantity,,"Lead : Pig, Sheet, Piping, and otherManufactures",1894,"47,060",47060
reexport,value,Iron,"Steel, Unwrought - - - - -",1895,"46,896",46896
reexport,value,,Milford -,1878,"46,842",46842
export_uk,quantity,Wrought or partly wrought,Of other Sorts,1868,"46,808",46808
import,value,,Manufactures of India and China - - - - -,1868,"46,773",46773
import,value,,Galla,1874,"46,553",46553
import,quantity,,"Books, bound and unbound, including Maps and Charts Cicts.",1897,"46,484",46484
import,quantity,,"Books, bound and unbound, including Maps and Charts Cts.",1897,"46,484",46484
import,quantity,,"Books, bound and unbound, including Maps and Charts Cwts.",1897,"46,484",46484
export_uk,quantity,,Oatmeal,1893,"46,419",46419
import,value,,Gum : Arabic . . . . . Cwtts.,1887,"46,405",46405
reexport,quantity,,Butter and Butterine,1878,"46,401",46401
import,quantity,,"Knubs or Husks of Silk, and Waste - Cuts.",1892,"46,392",46392
import,quantity,,Paper and Pasteboard,1891,"46,303",46303
reexport,value,,Banff - - - - - -,1899,"46,294",46294
import,value,,Raw or Kiln-dried - - - - -,1896,"46,239",46239
import,value,"Animals, Living",Unenumerated - - - - -,1896,"46,203",46203
export_uk,value,,"Pasteboard, Millboard, Canboard, and Cards, including Playing Cards - - - - -",1894,"46,172",46172
export_uk,value,,"Pasteboard, Millboard, Cardboard, andCards, including Playing Cards - - - - -",1894,"46,172",46172
reexport,value,Hair,Unenumerated - - - - -,1899,"46,042",46042
reexport,quantity,,"Manufactured, Cigars . . . . .",1900,"46,012",46012
reexport,value,Tobacco,"Stalks . . . . . """,1900,"46,012",46012
import,value,White,Hock - - - - -,1896,"45,969",45969
import,value,,"Candles, of all Sorts . . . . . Cuts.",1889,"45,865",45865
export_uk,value,,"Pasteboard, Millboard, Cardboard, andCards, including Playing Cards - - - - -",1895,"45,839",45839
import,value,,""" Cigarettes or Negrohead - - - - -",1895,"45,839",45839
import,value,,""" Circumlish or Negrohead - - - - -",1895,"45,839",45839
import,value,,„ Cherrish or Negrohead - - - - - -,1895,"800|45,830",45830
import,value,Tobacco,Cucullish or Negrohead - - - - -,1895,"45,830",45830
import,quantity,,Grease,1868,"45,783",45783
import,quantity,,"— Unwrought, Part Wrought, and OldCopper",1895,"45,761",45761
reexport,quantity,,Paper Making Materials,1889,"45,761",45761
reexport,value,,"Gum, Arabic . . . . . Cuts.",1890,"45,748",45748
export_uk,quantity,,"Beef, Salted",1896,"45,746",45746
reexport,value,Manufactures of Iron and Steel,Sewing Machines and parts thereof - - - - -,1897,"45,746",45746
reexport,quantity,,Currants . . . . .,1898,"45,728",45728
reexport,value,,Currants . . . . . Cuts.,1898,"45,728",45728
reexport,value,,Currents. . . . . . Cwts.,1898,"45,728",45728
reexport,value,Oils,Turpentine,1900,"45,687",45687
import,quantity,,"Asphalt, or Bitumen (other than Painters' Colours or Drugs)",1898,"45,667",45667
import,quantity,,"Hair: Cow, Ox, Bull, or Elk",1866,"45,663",45663
reexport,quantity,Furs,Seal Skins,1894,"45,559",45559
import,value,Tobacco,Cucullish or Negrohead - - - - -,1893,"45,551",45551
export_uk,value,,"Pasteboard, Millboard, Canboard, and Cards, including Playing Cards - - - - -",1895,"45,539",45539
reexport,quantity,,Coco Nut . . . . .,1893,"45,515",45515
import,quantity,,"Beer, Berlin White Beer, and other similar pre- } """,1898,"45,507",45507
reexport,value,,"Beals, of all sorts - - - - -",1894,"45,506",45506
export_uk,quantity,,Black Plates for Tinning,1894,"45,433",45433
import,value,,"Candles, of all Sorts . . . . . Cuts.",1890,"45,433",45433
reexport,value,Oils,"Chemical, Essential, or Perfumed",1900,"45,373",45373
import,quantity,Metals,Copper,1892,"45,325",45325
import,value,,„ „ Other Goats' Wool or Hair - - -,1895,"45,296",45296
import,value,Wool,Other Goats' Wool or Hair - - - -,1897,"45,296",45296
reexport,value,,Penzance -,1874,"45,263",45263
import,quantity,,"Unwrought, Part Wrought, and OldCopper",1886,"45,185",45185
reexport,quantity,Dye-stuffs and Substances for Tanning or Dyeing,Bark for Tanning,1899,"45,177",45177
export_uk,value,,"Pasteboard, Millboard, Canboard, and Cards, including Playing Cards - - - - -",1893,"45,146",45146
export_uk,value,,"Pasteboard, Millboard, Cardboard, andCards, including Playing Cards - - - - -",1893,"45,146",45146
reexport,quantity,,"Lemons, Limes, and Citrons  . . . . .",1900,"45,119",45119
reexport,value,,"Lemons, Limes, and Citrons  . . . . . """,1900,"45,119",45119
reexport,quantity,,Nuts: Almonds . . . . .,1897,"45,105",45105
reexport,value,,Nuts: Almonds . . . . . Cuts.,1897,"45,105",45105
import,value,,""" Cigarettes or Negrohead - - - - -",1897,"44,969",44969
import,value,,""" Circumlish or Negrohead - - - - -",1897,"44,969",44969
import,value,,„ Cherrish or Negrohead - - - - - -,1897,"44,960|541",44960
reexport,value,,"Gum, Arabic . . . . . Cwts.",1888,"44,915",44915
reexport,value,Manufactures of Iron and Steel,Sewing Machines and parts thereof - - - - -,1896,"44,910",44910
reexport,value,Sugar,Wax,1890,"44,865",44865
import,quantity,,Paper and Pasteboard,1887,"44,855",44855
reexport,value,,Boots and Shoes - - - - -,1899,"44,836",44836
reexport,value,Manufactures,Boots and Shoes,1899,"16,707|44,836",44836
import,quantity,,"Gow, Ox, Bull, or Elk",1876,"44,725",44725
import,quantity,,"Hair : Cow, Ox, Bull, or Elk",1876,"41,725|44,725",44725
import,value,,"Kowrie . . . . . """,1886,"44,724",44724
import,quantity,,"""    ""    Of other sorts",1897,"44,659|44,639",44659
import,quantity,,"Beer, Berlin White Beer, and other similar pre- } """,1897,"44,659",44659
reexport,value,,Nitrate of Soda (cubic nitre) - -,1893,"44,640",44640
reexport,value,Manures,Nitrate of Soda (sodic nitre) - - - - -,1893,"44,640",44640
import,value,,„ Cherrish or Negrohead - - - - - -,1896,"6|44,631",44631
import,value,Tobacco,Cucullish or Negrohead - - - - -,1896,"44,631",44631
reexport,value,Dyes obtained from Coal Tar,Unenumerated . . . . .,1896,"44,599",44599
import,value,,""" Cigarettes or Negrohead - - - - -",1896,"44,531",44531
import,value,,""" Circumlish or Negrohead - - - - -",1896,"44,531",44531
reexport,value,,Knobs or Husks of Silk and Waste - - -,1881,"44,522",44522
reexport,value,Silk and Silk Manufactures,Knobs or Husks of Silk and Waste - - - -,1881,"44,522",44522
reexport,quantity,,Extracts,1897,"44,469",44469
reexport,quantity,Dyes obtained from Coal Tar,Indigo,1897,"44,469",44469
reexport,quantity,Drugs,"Bark, Peruvian",1900,"44,326",44326
export_uk,quantity,,"Lead: Pig, Sheet, Piping, and otherManufactures",1887,"44,301",44301
import,quantity,Silk,"Knobs or Husks of Silk, and Waste",1882,"44,277",44277
reexport,value,,Curryants - - - - -,1898,"44,198",44198
export_uk,value,,"Salt-petre, British prepared - - - - -",1895,"44,163",44163
reexport,value,,Milford -,1875,"44,157",44157
import,value,Tobacco,Cucullish or Negrohead - - - - -,1897,"44,069",44069
reexport,quantity,,"Gum, Arabio",1888,"44,016",44016
reexport,value,,"Gum, Arabic . . . . . Cuts.",1888,"44,015",44015
import,quantity,,Copper,1885,"43,997",43997
import,quantity,,"Unwrought, Part Wrought, and OldCopper",1885,"43,997",43997
reexport,value,,Ipswich -,1874,"43,968",43968
import,quantity,,Paper and Pasteboard,1889,"43,935",43935
import,quantity,Metals,"Unwrought, Part Wrought, and Old",1893,"43,915",43915
import,quantity,,"Books, Printed, bound and unbound, including Maps and Charts",1893,"43,851",43851
import,quantity,,"Books, Printed, bound and unbound, including Maps and Charts",1896,"43,851",43851
import,quantity,,"Books, bound and unbound, including Maps and Charts Cicts.",1896,"43,851",43851
import,quantity,,"Books, bound and unbound, including Maps and Charts Cts.",1896,"43,851",43851
import,quantity,,"Books, bound and unbound, including Maps and Charts Cwts.",1896,"43,851",43851
import,quantity,,"Asphalt, or Bitumen (other than Painters' Colours or Drugs)",1897,"43,840",43840
reexport,value,,Rochester -,1874,"43,834",43834
reexport,value,Iron,Ore of (including Chrome Ore) - - - - -,1896,"43,705",43705
import,value,,"Meat : Unenumerated, Salted or Fresh . . . . . Cwtts.",1887,"43,680",43680
import,quantity,,"Beer, Berlin White Beer, and other similar pre- } """,1896,"43,612",43612
reexport,value,,"Unenumerated, dressed or undressed (not Leather)",1897,"43,602",43602
reexport,value,,"— Tanned, Towed, Curried, or Dressed",1869,"43,601",43601
reexport,quantity,,Paper Making Materials - - - - - -,1880,"43,557",43557
import,value,,Methylc Alcohols not purified so as to be potable,1900,"43,455",43455
import,value,,"Methylic Alcohol, not purified so as to be potable - -",1900,"43,455",43455
import,quantity,,"Books, bound and unbound, including Maps and Charts Cts.",1899,"43,448",43448
reexport,value,Dyes obtained from Coal Tar,Unenumerated . . . . .,1897,"43,353",43353
reexport,value,,Dover -,1878,"43,336",43336
reexport,value,,Maldon -,1877,"43,327",43327
reexport,quantity,,„ Kowrie,1899,"43,321",43321
reexport,quantity,,"Gum, Arabio",1886,"43,319",43319
reexport,value,,"Gum, Arabic . . . . . Cuts.",1886,"43,319",43319
reexport,value,,"Gum, Arabic . . . . . Cwts.",1886,"43,319",43319
reexport,value,Oils,Unenumerated,1900,"43,238",43238
export_uk,value,,"Corn, Grain, Meal, and Flour, viz:Wheat Quarters",1893,"43,023",43023
reexport,quantity,,Of Countries out of Europe,1879,"41,648|43,018|41,048",43018
reexport,value,,Knobs or Husks of Silk and Waste - - -,1873,"42,898",42898
import,quantity,,"Books, bound and unbound, including Maps and Charts Cts.",1898,"42,848",42848
import,quantity,,"Books, bound and unbound, including Maps and Charts Cwts.",1898,"42,848",42848
import,quantity,,"Beer, Berlin White Beer, and other similar pre- } """,1895,"42,840",42840
import,quantity,,Gum :Arabic,1872,"42,837|12,837",42837
reexport,quantity,,Roasted or Ground,1900,"42,817",42817
import,value,Oil-Seed Cake,Of other sorts - - - - -,1894,"42,785",42785
import,value,,"Cannon and Mortars, and parts thereof - - - - -",1900,"42,783",42783
reexport,quantity,,"Madder, Madder Root, Garancine, and Munjeet",1899,"42,742",42742
reexport,quantity,,Myrobalans,1899,"98|42,742",42742
reexport,quantity,,"Manufacturer's, Boots and Shoes",1883,"42,686",42686
reexport,quantity,,"Manufacturer's, Boots and Shoes - Dozen pairs",1883,"42,686",42686
reexport,quantity,Manufactures,Boots and Shoes,1883,"42,686|42,086",42686
reexport,quantity,Dye-stuffs and Substances for Tanning or Dyeing,Bark for Tanning,1896,"42,609",42609
import,quantity,,""" Imitation Rum",1900,"42,552",42552
import,quantity,Paper Making Materials,Linen and Cotton Rags,1889,"42,443",42443
reexport,quantity,,"Unenumerated, not sweetened or mixed",1899,"42,396",42396
import,value,Dye Woods,Logwood . . . . . Tons,1898,"42,374",42374
export_uk,quantity,,"Lead: Pig, Sheet, Piping, and otherManufactures",1886,"42,365",42365
reexport,quantity,""" Unenumerated",Not sweetened or,1899,"42,296",42296
reexport,value,Seeds,"Garden, unenumerated - - - - -",1893,"42,278",42278
import,value,,Whalefin - - - - -,1875,"42,240",42240
import,quantity,,Copper,1884,"42,235",42235
reexport,value,,"Other kinds, and Flocks - - - - -",1893,"42,192",42192
reexport,value,,Rochester . . . . .,1893,"42,154",42154
reexport,quantity,,"Gum, Arabio",1887,"42,122",42122
reexport,value,,"Gum, Arabic . . . . . Cuts.",1887,"42,122",42122
reexport,value,,"Gum, Arabic . . . . . Cwts.",1887,"42,122",42122
reexport,value,,Margarine (including all kinds of Imitation Butter) - - - - -,1893,"42,103",42103
reexport,value,,Margarine (including all kinds of ImitationButter) - - - - -,1893,"42,103",42103
reexport,value,,"Glass :Window and German Sheet, including Shades andCylinders . . . . . Cuts.",1896,"42,086",42086
reexport,value,,Montrose . . . . .,1893,"42,052",42052
import,quantity,"""    Manufactures of Iron and Steel","Zinc, Ore of",1900,"42,008",42008
reexport,value,,Rosin . . . . .,1900,"10,146|41,983",41983
import,quantity,,Orchal,1870,"41,899",41899
import,quantity,,Orchil,1870,"41,899",41899
reexport,value,,Maldon -,1874,"41,866",41866
export_uk,quantity,,"Lead : Pig, Sheet, Piping, and otherManufactures",1895,"41,705",41705
import,value,,Raw or Kiln-dried - - - - -,1897,"41,597",41597
export_uk,quantity,,"Coffee, Kiln-dried, Roasted or Ground,in Bond",1897,"41,551",41551
reexport,value,Silk and Silk Manufactures,Thrown,1887,"41,537",41537
reexport,quantity,,"Sago, and Flour or Meal thereof",1893,"41,533",41533
import,value,,"Meat : Unenumerated, Salted or Fresh . . . . . Cwtts.",1886,"41,528",41528
import,quantity,,"Books, bound and unbound, including Maps and Charts Cicts.",1894,"41,409",41409
import,quantity,,"Books, bound and unbound, including Maps and Charts Cwts.",1894,"41,409",41409
import,quantity,,"Unwrought, Part Wrought, and OldCopper",1889,"41,342",41342
reexport,value,Manures,Nitrate of Soda (sodic nitre) - - - - -,1896,"41,263",41263
reexport,value,,Inverness - - - - - -,1899,"41,207",41207
reexport,value,,Penzance -,1877,"41,153",41153
reexport,value,,Penzance -,1875,"41,135",41135
import,quantity,,„ Seed . . . . .,1900,"41,131",41131
reexport,quantity,,"Gum, Arabio",1889,"41,112",41112
reexport,value,,"Gum, Arabic . . . . . Cuts.",1889,"41,112",41112
reexport,value,,In any way dressed (not Leather) . . . . .,1899,"41,083",41083
import,quantity,,"Books, Printed, bound and unbound, including Maps and Charts",1900,"40,904",40904
reexport,value,,Llanelly -,1877,"40,723",40723
reexport,quantity,Dyes obtained from Coal Tar,Unenumerated,1898,"40,686",40686
import,value,White,Hock - - - - -,1893,"40,632",40632
import,value,,""" Cigarettes or Negrohead - - - - -",1894,"40,597",40597
import,value,,""" Circumlish or Negrohead - - - - -",1894,"40,597",40597
export_uk,quantity,,"Beef, Salted",1897,"40,579",40579
export_uk,value,,"Salt-petre, British prepared - - - - -",1894,"40,534",40534
import,value,,„ Cherrish or Negrohead - - - - - -,1894,"627|40,507",40507
import,quantity,,Vegetable,1893,"40,438",40438
reexport,value,,Lancaster -,1878,"40,405",40405
reexport,value,,"Steel, Unwrought",1871,"40,277",40277
import,quantity,Metals and Ores,"""    Steel, unwrought",1898,"40,231",40231
import,value,White,Moselle - - - - -,1897,"40,206",40206
reexport,value,,Curryants - - - - -,1896,"40,205",40205
reexport,value,,Gloucester -,1876,"40,076",40076
reexport,value,,"Meat, Preserved, otherwise than by Salting . . . . . Cuts.",1889,"40,071",40071
reexport,quantity,Not Sweetened,Unenumerated,1894,"40,062",40062
reexport,value,,"Crude, in Cakes - - - - -",1894,"40,036",40036
import,quantity,Metals and Ores,"""    Steel, unwrought",1897,"39,988",39988
reexport,value,,",, Manufactures, including Manufactures of Linen mixed with Cotton",1900,"39,952",39952
reexport,value,,Maldon -,1875,"39,944",39944
reexport,value,,"Stones, rough, hewn, or manufactured (other than Works of Art)",1899,"39,907|5,381",39907
reexport,value,,Manufactures : Boots and Shoes . . . . . Dozen Paire,1884,"39,888",39888
import,value,,"Plums, French, and Prunelloc - - - - -",1897,"39,863",39863
import,value,,"Plums, French, and Prunelloces . . . . .",1897,"39,863",39863
import,value,,"Plums, French, and Prunellocs - - - - -",1897,"39,863",39863
import,value,"Fruit, Dried or Preserved, liable to Duty","Plums, commonly called French Plums, and Prunelles . . . . .",1897,"39,863",39863
reexport,quantity,""" Unenumerated",Not sweetened or,1898,"39,823",39823
reexport,value,Sugar,Wax,1889,"39,791",39791
reexport,quantity,,Extracts,1899,"39,768",39768
reexport,quantity,Dyes obtained from Coal Tar,Indigo,1899,"39,768",39768
reexport,value,,Ipswich - - - - - -,1893,"39,728",39728
import,value,,Galla,1871,"39,717",39717
reexport,value,,Gloucester -,1877,"39,667",39667
import,value,,Galls . . . . . Cuts.,1890,"39,605",39605
reexport,value,,Lynn - - - - - -,1893,"39,557",39557
reexport,quantity,""" Unenumerated",Not sweetened or,1900,"39,459",39459
import,quantity,Dye Woods,Logwood,1897,"39,297",39297
reexport,value,,Liquorice - - - - -,1893,"39,256",39256
import,value,"Animals, Living",Horses - - - - -,1868,"39,242",39242
reexport,value,,"Gum, Arabic . . . . . Cwts.",1884,"39,237",39237
import,value,Dye Woods,Logwood . . . . . Tons,1897,"39,207",39207
reexport,value,,Troon . . . . .,1893,"39,107",39107
reexport,value,,Banff . . . . .,1893,"39,065",39065
reexport,quantity,,Extracts,1898,"39,064",39064
reexport,quantity,Dyes obtained from Coal Tar,Indigo,1898,"39,064",39064
import,quantity,,Knobs or Husks of Silk and Waste,1871,"38,984",38984
import,quantity,Silk,Knobs or Husks of Silk and Waste -,1871,"38,984",38984
import,quantity,Silk,Knuhs or Husks of Silk and Waste,1871,"38,984",38984
import,quantity,,"Mauganese, Ore of",1872,"38,934",38934
reexport,value,,Cinnamon,1900,"38,920",38920
export_uk,quantity,,"Beef, Salted",1899,"38,752",38752
reexport,quantity,,"Beef, Salted",1899,"38,752",38752
reexport,value,,Figs and Fig Cake - - - - -,1893,"38,739",38739
reexport,value,,"Unenumerated, undressed . . . . .",1898,"38,689",38689
export_uk,value,,"Salt-petre, British prepared - - - - -",1893,"38,654",38654
export_uk,value,,"Saltpetre, British prepared - - - - -",1893,"38,654",38654
reexport,value,,"Sheep, undressed - - - - -",1879,"38,618",38618
reexport,value,,Milford -,1876,"38,615",38615
import,quantity,,Orchil,1869,"38,599",38599
export_uk,quantity,,"Lead: Pig, Sheet, Piping, and other Manufactures",1885,"38,526",38526
export_uk,quantity,,"Lead: Pig, Sheet, Piping, and otherManufactures",1885,"38,526",38526
import,value,,Galls . . . . . Cuts.,1891,"38,517",38517
reexport,quantity,Hemp,Dressed or Undressed,1899,"38,506",38506
reexport,quantity,Silk,"Thrown, dyed or not dyed",1893,"38,502",38502
import,value,Dyeing or Tanning Stuffs,"Cochineal, Granilla, and Dust - - - - -",1895,"38,411",38411
import,quantity,,Orchal,1869,"38,399",38399
reexport,value,,Olco Margarine - - - - -,1897,"38,330",38330
reexport,value,,Oleo-margarine or Oleo-Oil - - - - -,1897,"21,425|38,330",38330
import,quantity,,Knobs or Husks of Silk and Waste,1879,"38,268",38268
import,quantity,Silk,Knobs or Husks of Silk and Waste,1879,"38,268",38268
reexport,value,,Gloucester -,1874,"38,253",38253
import,quantity,,Paper and Pasteboard,1888,"38,230",38230
import,quantity,,"Feathers and Down, for Beds",1899,"38,228",38228
reexport,value,",, Preserved otherwise than by Salting",Other sorts - - - - -,1898,"38,126",38126
reexport,value,Not Sweetened,Brandy - - - - -,1897,"38,118",38118
reexport,value,,"Spirits, Brandy",1897,"38,113",38113
import,quantity,,Copper,1883,"38,097",38097
reexport,value,",, Preserved otherwise than by Salting",Other sorts - - - - -,1899,"38,085",38085
reexport,quantity,"Wine, Imported in Casks","Red and White, mixed, in Bond",1896,"37,995",37995
export_uk,quantity,,"Salt-petre, British prepared",1895,"37,936",37936
export_uk,value,,"Saltpetre, British prepared . . . . . Cuts.",1895,"37,936",37936
reexport,value,Seeds,Tares and Lentils . . . . .,1899,"12,210|12,219|37,878",37878
import,value,""" Manufactures of Iron or Steel",Tyres and Axles - - - - -,1899,"37,843",37843
reexport,value,,Milford -,1877,"37,813",37813
import,quantity,,Copper,1882,"37,783",37783
reexport,quantity,,Currants . . . . .,1900,"37,777",37777
reexport,value,,Currants . . . . . Cuts.,1900,"37,777",37777
reexport,value,Dyes obtained from Coal Tar,Unenumerated . . . . .,1900,"37,725",37725
reexport,quantity,,"Hemp, Dressed and Undressed, and Tow",1896,"37,688",37688
reexport,value,,Brandy . . . . .,1899,"37,688",37688
reexport,value,,"Spirits, Brandy",1899,"37,688",37688
import,quantity,Furniture and Hardwoods,Mahogany,1887,"37,650",37650
reexport,quantity,Dyes obtained from Coal Tar,Unenumerated,1899,"37,616",37616
import,value,,Unenumerated - - - - -,1900,"37,599",37599
reexport,quantity,,Tar  . . . . .,1900,"37,575",37575
import,value,""" Manufactures of Iron or Steel",Tyres and Axles - - - - -,1898,"37,563",37563
reexport,quantity,,""" "" "" in Pond",1895,"37,541",37541
reexport,quantity,,Valonia,1899,"1,040|37,409",37409
import,value,,Alkali . . . . . Cuts.,1890,"37,341",37341
import,value,,Galls . . . . . Cwtts.,1884,"37,307",37307
import,quantity,,Pitch,1868,"37,126",37126
reexport,quantity,,Seal Skins,1896,"37,051",37051
reexport,quantity,Furs,Seal Skins,1896,"37,051",37051
import,quantity,,"Rugs, Woollen, applicable to other uses than Manure - - - - -",1891,"37,037",37037
import,value,,Galls . . . . . Cuts.,1888,"36,944",36944
import,value,,Galls . . . . . Cwtts.,1888,"36,944",36944
import,quantity,,„ Containing not more than 50 per cent. of Chocolate with Spirit,1900,"36,937",36937
import,quantity,,"Plums, French, and Prunelloc",1894,"36,866",36866
import,value,Dyeing or Tanning Stuffs,"Madder, Madder Root, Garancine and Munject - - - - -",1885,"36,858",36858
export_uk,value,,Pilehards - - - - -,1896,"36,857",36857
reexport,value,,"Glass :Window and German Sheet, including Shades andCylinders . . . . . Cuts.",1900,"36,851",36851
import,quantity,Metals,"Unwrought, Part Wrought, and Old",1892,"36,831",36831
import,quantity,,Nuts and Kernels :For expressing Oil therefrom,1875,"36,745|36,715",36745
export_uk,value,,Oatmeal - - - - -,1900,"36,391",36391
reexport,value,,"Hair :Cow, Ox, Bull, or Elk . . . . . """,1896,"15,884|36,357",36357
reexport,value,,"Spirits, Brandy",1898,"36,342",36342
reexport,value,"Metals, viz.","Lead, Pig or Sheet - - - - -",1878,"36,336",36336
reexport,value,Silk and Silk Manufactures,Thrown,1888,"36,309",36309
import,value,,Wax . . . . . Cuts.,1885,"36,295",36295
import,value,,Galls . . . . . Cwtts.,1886,"36,222",36222
import,value,,Gall's . . . . . - „,1898,"36,140",36140
reexport,value,Seeds,Flax and Linseed - - - - -,1868,"36,048",36048
reexport,quantity,Dyes obtained from Coal Tar,Unenumerated,1900,"36,026",36026
reexport,value,,""" Manufactures, unenumerated - - - - -",1899,"36,008|28,474",36008
reexport,value,Dyes obtained from Coal Tar,Unenumerated . . . . .,1898,"35,941",35941
import,value,"Corn, Grain, and Meal",Other kinds of Meal and Flour - - - - -,1868,"35,918",35918
export_uk,quantity,,"Salt-petre, British prepared",1894,"35,850",35850
import,value,White,Moselle - - - - -,1896,"35,828",35828
export_uk,value,,Oleo-margarine . . . . . Cuts.,1895,"35,781",35781
import,value,White,Moselle - - - - -,1895,"35,745",35745
import,value,Linens,Yarn - - - - -,1869,"35,681",35681
reexport,value,Ammunition,"Rockets and other combustibles for purposes of war; Explosives, Percussion Caps, and Ammunition, unenumerated - - - - -",1899,"35,669",35669
reexport,value,,Linens and Cotton Rags - - - - -,1893,"35,648",35648
import,value,"Dye-stuffs, and Substances for Tanning or Dyeing","Valonia . . . . . """,1895,"35,605",35605
import,value,Imported in Bottles,""" Hock - - - - -",1900,"35,546",35546
reexport,quantity,,""" "" "" in Pond",1896,"35,452",35452
reexport,value,Dyes obtained from Coal Tar,Unenumerated . . . . .,1899,"35,327",35327
export_uk,quantity,,"Salt-petre, British prepared",1893,"35,326",35326
export_uk,quantity,,"Saltpetre, British prepared",1893,"35,326",35326
reexport,value,,"Meat, Preserved, otherwise than by Salting . . . . . Cuts.",1888,"35,303",35303
import,quantity,Silk,Knobs or Husks of Silk and Waste -,1874,"35,141",35141
reexport,value,Hair.,Unenumerated - - - - -,1896,"33,131|35,131",35131
import,value,,Whalefin,1869,"34,958",34958
import,value,,Liquorice . . . . . Cuts.,1888,"34,831",34831
import,value,,Liquorice . . . . . Cwtts.,1888,"34,831",34831
import,quantity,,Linen and Cotton Rags - - - - - -,1890,"34,589",34589
reexport,value,,"Knobs or Husks of Silk, and Waste . . . Cwts.",1899,"34,569|4,055",34569
import,value,,"Old broken, and old broken Steel - - - - -",1893,"34,554",34554
import,quantity,,Copper,1881,"34,532",34532
import,quantity,,Mica and Tale,1896,"34,509",34509
import,value,,Mica and Tale,1896,"34,509",34509
import,value,""" Manufactures of Iron or Steel",Tyres and Axles - - - - -,1896,"34,503",34503
import,quantity,"""    Manufactures of Iron and Steel","Mica, Talc, French Chalk, Steatite, Mineral White, Silica, and Soapstone",1896,"34,500",34500
reexport,quantity,,Oleo-margarine . . . . . . . . .,1899,"34,462",34462
export_uk,quantity,,"Grindstones, Millstones, and othersorts of Stone",1893,"34,437",34437
export_uk,quantity,"Stones and Slates, viz.","Grindstones, Millstones, and other sorts of Stone",1893,"34,437",34437
export_uk,quantity,,"Steel, Ingots, Bars, and Sheets",1866,"34,413",34413
import,quantity,,Nuts and Kernels :For expressing Oil therefrom,1879,"34,366",34366
import,value,Skins and Furs,""" In any way dressed (not Leather)",1900,"34,363",34363
reexport,value,,"Gum, Arabic . . . . . """,1900,"34,358",34358
reexport,value,,"Other Sorts, not Sweetened, including various Kindsmixed in Bond - - - - - - - - -",1892,"34,293",34293
import,quantity,,Tiquorice,1893,"34,156",34156
import,quantity,,Tiquorice,1892,"34,119",34119
reexport,value,,"Pork, Salted (not Hams) - - - - -",1899,"34,071",34071
import,value,White,Moselle - - - - -,1894,"34,053",34053
reexport,quantity,,Plated and Gilt Ware,1897,"34,010",34010
reexport,quantity,,"Platina, wrought or unwrought . . . . .",1897,"34,010",34010
reexport,value,,"Platina, wrought or unwrought . . . . . Ozs. Troy",1897,"34,010",34010
reexport,value,,"Rifles, Carbines, Fowling Pieces, Muskets, Pistols orGuns, of any other sorts unenumerated, and partsthereof - - - - -",1898,"33,969",33969
reexport,value,Arms,"Rifles, Carbines, Fowling Pieces, Muskets, Pistols or Guns, of any other sorts unenumerated, and parts thereof - - - - -",1898,"33,969",33969
reexport,quantity,"Wine, Imported in Casks","Red and White, mixed, in Bond",1895,"33,923",33923
import,value,,"Bones, applicable to Manufacturing purposes - - - - -",1893,"33,899",33899
import,quantity,,Knobs or Husks of Silk and Waste,1872,"33,866",33866
import,quantity,Silk,Knobs or Husks of Silk and Waste -,1872,"33,866",33866
import,quantity,Silk,Knuhs or Husks of Silk and Waste,1872,"33,866",33866
import,value,,"Methylc Alcohol, not purified so as to be potable . . . . .",1894,"33,735",33735
import,value,,"„ Of Silver, Gilt or ungilt - - - - -",1900,"33,703",33703
import,quantity,,„ „ For Weaving,1899,"33,692",33692
export_uk,quantity,,Pease,1893,"33,681",33681
import,quantity,,Guano,1900,"33,636",33636
export_uk,value,,"Salt-petre, British prepared - - - - -",1896,"33,518",33518
import,value,Imported in Bottles,""" Moselle - - - - -",1900,"33,498",33498
import,quantity,,Logwood,1899,"33,429",33429
import,value,Dye Woods,Logwood . . . . . Tons,1899,"33,429",33429
reexport,value,Oils,"Fish, Train, Blubber, Sperm or head matter",1900,"33,335",33335
import,value,,Books . . . . . Cuts.,1889,"33,310",33310
import,quantity,,"Woollen Rags, applicable to other uses than Manure, } Tons",1897,"33,258",33258
reexport,value,,Manufactures : Boots and Shoes . . . . . Dozen Paire,1885,"33,212",33212
import,value,Dyeing or Tanning Stuffs,"Madder, Madder Root, Garancine and Munject - - - - -",1882,"33,207",33207
reexport,value,,"Oatmeal and Groats . . . . . """,1899,"33,162|27,002",33162
import,quantity,,Mica and Tale,1897,"33,141",33141
import,value,,Mica and Tale,1897,"33,141",33141
import,quantity,,Vegetable,1894,"33,076",33076
reexport,value,,Cardigan -,1874,"33,073",33073
import,quantity,Dyeing or Tanning Stuffs,Gutch and Gambier,1881,"33,011",33011
import,quantity,,"Rugs, Woollen, applicable to other uses than Manure - - - - -",1893,"32,986",32986
import,quantity,,"Woollen Rags, applicable to other uses than Manure, torn up or not",1893,"32,986",32986
import,quantity,,Knobs or Husks of Silk and Waste,1878,"32,887",32887
import,quantity,Silk,Knobs or Husks of Silk and Waste,1878,"32,887",32887
reexport,value,Lead,Ore of - - - - -,1894,"32,885",32885
reexport,value,,"Fruits and Vegetables, preserved in Sugar . . . . . Cuts.",1899,"32,809",32809
import,value,"Dye-stuffs, and Substances for Tanning or Dyeing","Valonia . . . . . """,1896,"32,808",32808
import,quantity,,"Plums, French, and Prunelloc",1896,"32,788",32788
import,quantity,,"Plums, commonly called French Plums, and Prunelloes",1896,"32,788",32788
export_uk,value,,"Oil, other than Essential, or Medicinal, viz. : Seed, viz. : Linseed . . . . . Tons",1896,"32,784",32784
import,quantity,"Fruit, Dried or Preserved, liable to Duty","Plums, commonly called French Plums, and Pruneloes „",1896,"32,783",32783
import,value,,"Plums, French, and Prunelloces . . . . . Cuts.",1896,"32,783",32783
import,value,Feathers,For Beds . . . . . Cuts.,1889,"32,739",32739
reexport,quantity,,Potatoes . . . . .,1893,"32,707",32707
reexport,value,,"Potatoes . . . . . """,1893,"32,707",32707
reexport,value,,Plumago . . . . .,1897,"32,697",32697
import,quantity,,Valonia,1900,"32,668",32668
export_uk,value,"Ammunition, viz.","Caumon, Mortars, and Machine Guns . . . . . Cwts.",1898,"32,557",32557
import,value,,"Methylc Alcohol, not purified so as to be potable . . . . .",1897,"32,555",32555
import,value,,Methylc Alcohols not purified so as to be potable,1897,"32,555",32555
reexport,value,,Runcorn -,1874,"32,545",32545
import,quantity,,"Books, bound and unbound, including Maps and Charts Cicts.",1893,"32,529",32529
import,quantity,,"Pictures and drawings, by hand . . . . .",1884,"32,491",32491
reexport,value,,"Unenumerated, undressed . . . . .",1896,"32,344",32344
reexport,value,Skins,"Unenumerated, undressed - - - - -",1896,"32,344",32344
reexport,value,,"Knobs or Husks of Silk, and Waste . . . Cwts.",1898,"4,018|32,341",32341
import,value,,"Methylc Alcohol, not purified so as to be potable . . . . .",1896,"32,328",32328
import,value,,Methylc Alcohols not purified so as to be potable,1896,"32,328",32328
reexport,value,,Littlehampton -,1874,"32,273",32273
import,value,,Books . . . . . Cuts.,1890,"32,268",32268
import,quantity,Dyeing or Tanning Stuffs,Gutch and Gambier,1884,"32,219",32219
export_uk,value,,Oats - - - - -,1900,"32,164",32164
reexport,value,,Montrose - - - - - -,1899,"32,114",32114
import,quantity,Dyeing or Tanning Stuffs,Gutch and Gambier,1880,"32,107",32107
reexport,value,,Manufactures : Boots and Shoes . . . . . Dozen Paire,1887,"32,085",32085
reexport,value,,Manufactures : Boots and Shoes . . . . . Dozen Pairs,1887,"32,085",32085
import,value,,Galls . . . . . Cuts.,1889,"32,060",32060
reexport,value,Leather Manufactures,Unenumerated - - - - -,1897,"32,058",32058
import,value,,""" Parts thereof  - - - - -",1899,"32,018",32018
import,quantity,Metals and Ores,"""    Old broken, old cast, and old broken Steel",1899,"31,916",31916
reexport,value,""" Preserved otherwise than by Salting",Other sorts - - - - -,1893,"31,885",31885
export_uk,quantity,,"Grindstones, Millstones, and othersorts of Stone",1894,"31,868",31868
import,quantity,Silk,Knobs or Husks of Silk and Waste -,1873,"31,815",31815
reexport,quantity,,"Foreign, of various Sorts, mixed in Bond",1899,"31,810",31810
reexport,quantity,""" Unenumerated",""" Foreign, of various sorts, mixed in Bond",1899,"31,810",31810
export_uk,value,"Ammunition, viz","Shot of Iron, including Shells . . . . . Cts.",1895,"31,783",31783
reexport,quantity,,Currants . . . . .,1899,"31,774",31774
reexport,quantity,,Currents,1899,"31,774",31774
reexport,value,,Currants . . . . . Cuts.,1899,"31,774",31774
reexport,value,,Currents. . . . . . Cwts.,1899,"31,774",31774
import,quantity,,"Rugs, Woollen, applicable to other uses than Manure - - - - -",1890,"31,659",31659
reexport,quantity,,Glucose (Solid or Liquid) . . . . .,1900,"31,622",31622
reexport,value,Sugar,"Glucose (Solid or Liquid) . . . . . """,1900,"31,622",31622
import,value,Feathers,For Beds . . . . . Cuts.,1888,"31,610",31610
export_uk,quantity,Wrought or partly wrought,Of other Sorts,1869,"31,555",31555
reexport,quantity,""" Unenumerated",Not sweetened or,1896,"31,510",31510
reexport,quantity,Not Sweetened,Unenumerated,1896,"31,510",31510
import,quantity,,Gals,1878,"31,478",31478
import,quantity,,Liquorice Juice and Paste,1870,"31,446",31446
import,quantity,,Knobs or Husks of Silk and Waste,1870,"31,360",31360
import,quantity,Silk,Knobs or Husks of Silk and Waste -,1870,"31,360",31360
import,quantity,Silk,Knuhs or Husks of Silk and Waste,1870,"31,360",31360
reexport,quantity,,"Manufacturer's, Boots and Shoes",1880,"31,347",31347
reexport,quantity,,"Manufacturer's, Boots and Shoes - Dozen pairs",1880,"31,347",31347
import,quantity,,"Rugs, Woollen, applicable to other uses than Manure - - - - -",1889,"31,335",31335
reexport,quantity,,"Sago, Sago Meal, and Flour . . . . .",1896,"31,308",31308
reexport,value,,"Sago, Sago Meal, and Flour . . . . . """,1896,"31,308",31308
import,quantity,,"Chicory and Coffee, Roasted or Ground Mixed, - """,1893,"31,306",31306
import,value,,Galls . . . . . Cuts.,1892,"31,249",31249
reexport,quantity,,"Lac, Seed, Shell, Stick, and Dye",1868,"31,240",31240
import,value,,Horse . . . . . Cuts.,1891,"31,190",31190
reexport,quantity,,Saltpetre (Nitrate of Potash),1900,"31,125",31125
import,value,,Liquorice . . . . . Cuts.,1892,"31,119",31119
export_uk,quantity,,Pease,1900,"31,090",31090
export_uk,quantity,,Pecse,1900,"31,090",31090
reexport,quantity,,Alkali,1900,"31,071",31071
import,value,Dyeing or Tanning Stuffs,"Madder, Madder Root, Garancine and Munject - - - - -",1884,"31,070",31070
reexport,value,,Manufactures : Boots and Shoes . . . . . Dozen Paire,1886,"31,051",31051
reexport,value,,Manufactures : Boots and Shoes . . . . . Dozen Pairs,1886,"31,051",31051
import,quantity,,"Unwrought, Part Wrought, and OldCopper",1887,"31,013",31013
import,value,,„ „ Other Goats' Wool or Hair - - -,1894,"31,012",31012
import,value,Wool,Other Goats' Wool or Hair - - - -,1896,"31,012",31012
import,quantity,,Whalefins,1881,"30,956",30956
reexport,value,,Goats' Wool or Hair : Mohair . . . . .,1900,"30,916",30916
reexport,value,"Animals, Living",Unenumerated - - - - -,1894,"30,882",30882
import,value,,Wax . . . . . Cuts.,1886,"30,826",30826
export_uk,value,,"Damasks, Tapestry, and other Furniture Stuffs",1900,"30,715",30715
export_uk,value,,Stuffs - - - - -,1900,"30,715",30715
reexport,value,,"Unenumerated, unmanufactured . . . . .",1900,"30,679",30679
import,quantity,,Knobs or Husks of Silk and Waste,1868,"30,550",30550
import,quantity,Silk,Knuhs or Husks of Silk and Waste,1868,"30,550",30550
import,quantity,Dyeing or Tanning Stuffs,Gutch and Gambier,1871,"30,516",30516
reexport,value,,"Crude, in Cakes - - - - -",1896,"30,458",30458
reexport,value,Oils,"Fish, Train, Blubber, Sperm or head matter",1898,"30,426",30426
import,value,Feathers,For Beds . . . . . Cuts.,1890,"30,411",30411
reexport,value,Sugar,"Refined, in Lumps and Leaves . . . . . Cuts.",1898,"30,403",30403
reexport,value,Silk,"Thrown, dyed or not dyed - - - - -",1893,"30,374",30374
import,value,,Books . . . . . Cuts.,1888,"30,350",30350
import,value,Feathers,For Beds . . . . . Cuts.,1886,"30,348",30348
export_uk,quantity,,"Grindstones, Millstones, and othersorts of Stone",1899,"30,244",30244
reexport,quantity,,"Manufacturer's, Boots and Shoes",1881,"30,242",30242
reexport,quantity,,"Manufacturer's, Boots and Shoes - Dozen pairs",1881,"30,242",30242
reexport,value,,Gloucester -,1875,"30,238",30238
reexport,value,,Penzance . . . . .,1893,"30,223",30223
import,quantity,Dyeing or Tanning Stuffs,Gutch and Gambier,1882,"30,048",30048
reexport,quantity,,Printed or Coated  . . . . .,1893,"29,954",29954
reexport,value,,"Strawboard and Millboard . . . . . """,1893,"29,954",29954
reexport,value,,"— Tanned, Tawed, Curried, or Dressed - - - - -",1868,"29,939",29939
reexport,value,,"— Tanned, Towed, Curried, or Dressed",1868,"29,939",29939
reexport,value,Iron,"Old broken, Old cast, and old broken Steel - - - - -",1899,"29,833",29833
import,quantity,,Geldings,1900,"29,736",29736
import,quantity,,Knobs or Husks of Silk and Waste,1876,"29,663",29663
reexport,quantity,,Printed or Coated  . . . . .,1894,"29,639",29639
import,value,"Dye-stuffs, and Substances for Tanning or Dyeing","Valonia . . . . . """,1897,"29,637",29637
reexport,value,,"Meat, Preserved, otherwise than by Salting . . . . . Cuts.",1886,"29,630",29630
export_uk,value,,"Saltpetre, British prepared . . . . . Cuts.",1896,"29,522",29522
import,quantity,,Tiquorice,1889,"29,504",29504
import,value,,Liquorice . . . . . Cuts.,1889,"29,501",29501
import,value,,"Shot, large and small - - - - -",1900,"29,501",29501
reexport,value,,Lemons - - - - -,1899,"29,490",29490
import,quantity,,"Asphalt, or Bitumen",1893,"29,369",29369
import,quantity,,Tiquorice,1891,"29,324",29324
import,value,,Liquorice . . . . . Cuts.,1891,"29,324",29324
reexport,value,,Llanelly -,1876,"29,322",29322
reexport,quantity,,"Refined, In Lumps and Loaves . . . . .",1899,"29,306",29306
reexport,value,"Metals, viz.","Steel, Unwrought",1874,"29,306|22,306",29306
reexport,quantity,,"Nuts, For expressing Oil therefrom . . .",1899,"29,219",29219
import,quantity,,Knobs or Husks of Silk and Waste,1869,"29,198",29198
import,quantity,Silk,Knuhs or Husks of Silk and Waste,1869,"29,198",29198
reexport,value,Manures,Fones for Manure (whether burnt or not) - - - - -,1897,"29,103",29103
reexport,value,,Perfumed . . . . .,1899,"29,008|29,098",29098
reexport,value,,Runcorn -,1877,"29,093",29093
reexport,value,,Cardigan -,1876,"28,961",28961
import,quantity,Spirits,Fenitiation Rum,1897,"28,951",28951
reexport,value,""" Preserved otherwise than by Salting",Other sorts - - - - -,1894,"28,738",28738
reexport,quantity,,"Pork, Salted (not Hams)",1899,"28,695",28695
reexport,quantity,,"Hair, Manufactures thereof, or of Goats' Wool",1867,"28,622",28622
import,quantity,,"Asphalt, or Bitumen (other than Painters' Colours or Drugs)",1896,"28,611",28611
import,value,,Guano . . . . . Cuts.,1889,"28,604",28604
import,value,,Horse . . . . . Cuts.,1890,"28,595",28595
reexport,quantity,,""" "" "" in Pond",1894,"28,575",28575
import,quantity,,"Rags, Woollen, applicable to other uses than Manure",1876,"28,547",28547
reexport,value,,Penzance - - - - -,1899,"28,545",28545
import,quantity,Dyeing or Tanning Stuffs,Gutch and Gambier,1888,"28,543",28543
import,quantity,"Fruit, Dried or Preserved, liable to Duty",Prunes,1900,"28,532",28532
reexport,quantity,,Eggs,1893,"28,467",28467
reexport,value,,Plumago . . . . .,1896,"28,426",28426
import,value,Dyeing or Tanning Stuffs,"Madder, Madder Root, Garancine and Munject - - - - -",1883,"28,420",28420
import,quantity,Dyeing or Tanning Stuffs,Gutch and Gambier,1886,"28,352",28352
import,value,,"Precious Stones, unset  - - - - -",1900,"28,331",28331
reexport,value,Sugar,Wax,1888,"28,325",28325
import,value,,Wax . . . . . Cuts.,1884,"28,258",28258
import,quantity,Dyewoods,Unnumerated,1875,"28,244",28244
import,quantity,,Gals,1875,"28,162",28162
reexport,quantity,,Of Straw,1899,"28,036",28036
reexport,value,,Turpentine . . . . . Cts.,1894,"28,005",28005
reexport,value,Iron,"Old broken, Old cast, and old broken Steel - - - - -",1900,"27,974",27974
import,quantity,,"Shot, large and small",1900,"27,967",27967
import,quantity,Spirits,Fenitiation Rum,1895,"27,918",27918
import,value,,Guano . . . . . Cuts.,1892,"27,874",27874
import,value,,"Meat : Unenumerated, Salted or Fresh . . . . . Cwtts.",1885,"27,776",27776
reexport,quantity,,Animal . . . . .,1893,"27,722",27722
reexport,value,,Animal . . . . . Cts.,1893,"27,722",27722
import,value,Oil-Seed Cake,Of other sorts - - - - -,1897,"27,705",27705
import,quantity,,"Plums, French, and Prunelloc",1893,"27,663",27663
reexport,quantity,,""" "" "" Mixed, in Bond",1900,"27,650",27650
import,quantity,,Mica and Tale,1898,"27,519",27519
import,value,,Mica and Tale,1898,"27,519",27519
import,quantity,,Gutch and Gambier,1894,"27,470",27470
import,value,,Liquorice . . . . . Cuts.,1890,"27,447",27447
export_uk,quantity,,"Iron and Steel, and Manufactures thereof, not being Hardware or Cutlery, viz :  Iron, viz :  Old and Scrap, for re-manufacture Tons",1896,"27,424",27424
import,quantity,,Tiquorice,1890,"27,417",27417
import,quantity,Dyeing or Tanning Stuffs,Gutch and Gambier,1887,"27,361",27361
reexport,quantity,,"Sago, Sago Meal, and Flour . . . . .",1899,"27,354",27354
reexport,value,,"Sago, Sago Meal, and Flour . . . . . """,1899,"27,354",27354
reexport,value,Silk,"Thrown, dyed or not dyed . . . . . „",1900,"27,243",27243
import,value,Oils,Sperm - - - - -,1893,"27,178",27178
export_uk,quantity,,"Grindstones, Millstones, and othersorts of Stone",1898,"27,135",27135
reexport,value,"Corn, Grain, Meal, and Flour",Pease - - - - -,1893,"27,123",27123
export_uk,quantity,,Sulphate of,1893,"27,096",27096
import,value,,Guano . . . . . Cuts.,1890,"27,095",27095
reexport,value,,Olco Margarine - - - - -,1893,"27,071",27071
reexport,value,,Oleo Margarine . . . . .,1893,"27,071",27071
reexport,quantity,""" Unenumerated",Not sweetened or,1897,"27,069",27069
reexport,quantity,Not Sweetened,Unenumerated,1897,"27,069",27069
import,quantity,,Dried or Preserved,1893,"27,063",27063
import,value,,Liquorice . . . . . Cwtts.,1886,"27,019",27019
reexport,quantity,Dye-stuffs and Substances for Tanning or Dyeing,Bark for Tanning,1897,"27,016",27016
reexport,quantity,"Wine, Imported in Casks",Imported in Bottles—Still—Red,1897,"26,936",26936
import,quantity,,Guano,1899,"26,911",26911
import,quantity,Manures,Guano,1899,"26,911",26911
import,quantity,,Gutch and Gambier,1896,"26,844",26844
import,value,"Dye-stuffs, and Substances for Tanning or Dyeing",Cutch and Gambier . . . . . Tons,1896,"26,844",26844
import,quantity,Dyeing or Tanning Stuffs,Gutch and Gambier,1883,"26,837",26837
reexport,value,,"Other Sorts, not Sweetened, including various Kindsmixed in Bond - - - - - - - - -",1894,"26,833",26833
reexport,value,,"Clocks, complete ) } „ parts thereof ||",1898,"26,825",26825
reexport,value,,"Clocks, complete } - - - - -",1898,"26,825",26825
import,value,Dyeing or Tanning Stuffs,"Madder, Madder Root, Garancine and Munject - - - - -",1886,"26,812",26812
import,quantity,Dyeing or Tanning Stuffs,Gutch and Gambier,1872,"26,777",26777
reexport,value,,Oleo Margarine . . . . . Cts.,1896,"26,750",26750
reexport,quantity,Woollen Yarn,Unenumerated,1899,"26,685",26685
import,value,,Wax . . . . . Cuts.,1888,"26,659",26659
reexport,quantity,""" Unenumerated",""" Foreign, of various sorts, mixed in Bond",1900,"26,617",26617
reexport,value,,Oleo Margarine . . . . . Cts.,1894,"26,512",26512
import,value,,Wax . . . . . Cuts.,1887,"26,488",26488
export_uk,value,,Pease - - - - -,1900,"26,478",26478
reexport,quantity,,Puddled,1898,"26,470",26470
export_uk,value,,"Saltpetre, British prepared . . . . . Cuts.",1898,"26,436",26436
import,quantity,,Gals,1877,"26,425",26425
import,value,,Manufactures of India and China,1881,"26,406",26406
import,quantity,Dyewoods,Unenumerated,1868,"26,402",26402
import,value,,Liquorice . . . . . Cwtts.,1887,"26,378",26378
import,quantity,Spirits,Fenitiation Rum,1896,"26,324",26324
import,quantity,Dyeing or Tanning Stuffs,Gutch and Gambier,1885,"26,312",26312
export_uk,value,,"Oil, other than Essential, or Medicinal, viz. : Seed, viz. : Linseed . . . . . Tons",1897,"26,278",26278
import,value,,Gall's . . . . . - „,1895,"26,248",26248
export_uk,value,,"Saltpetre, British prepared . . . . . Cwts.",1900,"26,236|24,678",26236
reexport,value,Leather Manufactures,Unenumerated - - - - -,1896,"26,235",26235
reexport,value,,„ „ Mechanical  - - - - -,1897,"4,138|26,219",26219
import,quantity,,"- - - - - """,1896,"26,197",26197
reexport,value,,Galls . . . . . Cuts.,1898,"26,183",26183
reexport,quantity,,Dressed,1893,"26,167",26167
import,value,,Galls . . . . . Cwtts.,1887,"26,164",26164
import,value,,Gall's . . . . . - „,1899,"26,163",26163
reexport,quantity,,"Refined, In Lumps and Loaves . . . . .",1900,"26,144",26144
reexport,value,Sugar,"Refined, In Lumps and Loaves . . . . . Cwts.",1900,"26,144|20,237",26144
import,value,,Books . . . . . Cuts.,1887,"26,142",26142
reexport,quantity,,Saltpetre (Nitrate of Potash),1893,"26,094",26094
reexport,value,,Cloths and Stuff,1880,"26,084",26084
reexport,value,Manures,Unenumerated - - - - -,1893,"25,919",25919
reexport,value,,"Clocks, complete ) } „ parts thereof ||",1897,"25,887",25887
reexport,value,,"Clocks, complete } - - - - -",1897,"25,887",25887
import,quantity,,Gals,1876,"25,884",25884
import,value,"Dye-stuffs, and Substances for Tanning or Dyeing","Valonia . . . . . """,1898,"25,882",25882
import,quantity,,Orchal,1866,"25,841",25841
import,quantity,,Orchil,1866,"25,841",25841
import,value,,"Methylc Alcohol, not purified so as to be potable . . . . .",1895,"25,809",25809
reexport,value,Sugar,"Refined, in Lumps and Leaves . . . . . Cuts.",1895,"25,806",25806
import,quantity,,"Mauganese, Ore of",1873,"25,777",25777
reexport,quantity,,"Foreign, of various Sorts, mixed in Bond",1895,"25,609",25609
reexport,quantity,Not Sweetened,"Foreign, of various Sorts, mixed in Bond",1895,"25,609",25609
reexport,quantity,,"Sago, Sago Meal, and Flour . . . . .",1898,"25,597",25597
reexport,value,,"Sago, Sago Meal, and Flour . . . . . """,1898,"25,597",25597
reexport,value,,"Other Sorts, not Sweetened, including various Kindsmixed in Bond - - - - - - - - -",1895,"25,570",25570
import,quantity,,Gutch and Gambier,1895,"25,545",25545
import,value,"Dye-stuffs, and Substances for Tanning or Dyeing",Cutch and Gambier . . . . . Tons,1895,"25,545",25545
import,value,,Books . . . . . Cuts.,1886,"25,542",25542
export_uk,quantity,"Horses (including Ponies), viz.",Geldings,1899,"25,475",25475
export_uk,value,,"— Manufactures of Steel, or of Steel and Iron combined . . . . . """,1890,"25,451",25451
export_uk,value,"Horses (including Ponies), viz","Unenumerated . . . . . "" """,1893,"25,360",25360
reexport,quantity,"Wine, Imported in Casks","Red and White, mixed, in Bond",1897,"25,349",25349
import,quantity,,Paper-making materials:  Linen and Cotton Rags,1897,"25,333",25333
reexport,value,Sugar,Wax,1887,"25,293",25293
export_uk,quantity,,"Saltpetre, British prepared",1899,"25,264",25264
export_uk,value,,"Saltpetre, British prepared . . . . . Cuts.",1899,"25,264",25264
reexport,value,,"Fickles and Vegetables, preserved in Salt or Vinegar . Gallons",1898,"25,259",25259
import,quantity,,"Rugs, Woollen, applicable to other uses than Manure - - - - -",1892,"25,232",25232
import,quantity,,Gutch and Gambier,1892,"25,200",25200
import,value,""" Manufactures of Iron or Steel",Tyres and Axles - - - - -,1897,"25,174",25174
import,value,"Dye-stuffs, and Substances for Tanning or Dyeing",Cutch and Gambier . . . . . Tons,1897,"25,048",25048
import,quantity,,Paper-making materials:  Linen and Cotton Rags,1895,"25,033",25033
import,quantity,Dyeing or Tanning Stuffs,Gutch and Gambier,1889,"25,011",25011
import,quantity,Oil,Animal,1873,"24,999",24999
import,quantity,Dyeing or Tanning Stuffs,Gutch and Gambier,1870,"24,996",24996
reexport,value,,Plumago . . . . .,1895,"24,930",24930
import,quantity,,Gutch and Gambier,1893,"24,913",24913
import,quantity,,Mustard,1867,"24,889",24889
import,quantity,Dyewoods,Unnumerated,1876,"24,855",24855
import,value,Dyewoods,"Unenumerated . . . . . """,1887,"24,807",24807
reexport,value,Oils,"Fish, Train, Blubber, Sperm or head matter",1899,"24,726",24726
reexport,value,,"Raw  . . . . . """,1900,"24,722",24722
import,quantity,,"Madder, Madder Root, Garancine, and Munject",1885,"24,721",24721
import,quantity,,"Madder, Madder Root, Garnacine, and Munjeet",1885,"24,721",24721
import,quantity,Dyeing or Tanning Stuffs,"Madder, Madder Root, Garanoine, and Munjeet",1885,"24,721",24721
import,quantity,,"Oil :Train or Blubber, and Spermaceti",1871,"24,679|21,679",24679
reexport,value,Tin,Ore of . . . . . Tons,1899,"332|24,655",24655
reexport,value,Manures,Nitrate of Soda (sodic nitre) - - - - -,1897,"24,613",24613
reexport,value,Oils,"Fish, Train, Blubber, Sperm or head matter",1897,"24,513",24513
import,value,,Guano . . . . . Cuts.,1888,"24,492",24492
import,value,,Gall's . . . . . - „,1897,"24,453",24453
import,quantity,,Orchal,1867,"24,443",24443
import,quantity,,Orchil,1867,"24,443",24443
reexport,quantity,Lead,Ore of,1896,"24,425",24425
import,value,"Dye-stuffs, and Substances for Tanning or Dyeing","Valonia . . . . . """,1899,"24,336",24336
import,value,Dyewoods,"Unenumerated . . . . . """,1890,"24,321",24321
import,quantity,,Knobs or Husks of Silk and Waste,1877,"24,282",24282
import,quantity,Silk,Knobs or Husks of Silk and Waste,1877,"24,282",24282
import,quantity,,Gals,1874,"24,278",24278
import,quantity,Metals and Ores,"""    Old broken, old cast, and old broken Steel",1898,"24,231",24231
import,value,,Prunes . . . . . Cuts.,1898,"24,190",24190
reexport,quantity,,"Card, Playing",1897,"24,185",24185
import,value,,Horse . . . . . Cuts.,1889,"24,166",24166
reexport,value,,In any way dressed (not Leather) . . . . .,1896,"24,123",24123
reexport,value,Skins,In any way dressed (not Leather) - - - - -,1896,"24,123",24123
import,value,,Prunes . . . . . Cuts.,1896,"24,062",24062
reexport,quantity,,"Nuts and Kernels, For expressing Oil therefrom",1898,"24,050",24050
import,quantity,Oil,Olive,1876,"24,022",24022
reexport,value,,Faversham -,1877,"23,996",23996
reexport,value,,Galls . . . . . Cuts.,1899,"23,989",23989
reexport,value,,Animal . . . . . Cts.,1894,"23,986",23986
reexport,quantity,,"„ Unwrought, in Bars, Blocks, Slabs, Cakes or Ingots",1899,"23,973",23973
reexport,value,,""" Unwrought, in Bars, Blocks, Slabs, Cakesor Ingots . . . . . """,1899,"23,973",23973
reexport,value,,"Clocks, complete ) } „ parts thereof ||",1895,"23,937",23937
reexport,value,,"Clocks, complete } - - - - -",1895,"23,937",23937
reexport,value,,Plumago . . . . .,1893,"23,916",23916
reexport,value,,Plumbago . . . . . Tons,1893,"23,916|1,838",23916
reexport,value,,"Other Sorts, not Sweetened, including various Kindsmixed in Bond - - - - - - - - -",1893,"23,897",23897
import,value,Feathers,For Beds . . . . . Cuts.,1887,"23,886",23886
reexport,quantity,,"Cochineal, Granilla, and Dust",1874,"23,848",23848
reexport,value,,Ipswich - - - - - - -,1899,"23,826",23826
import,value,,Liquorice . . . . . Cwtts.,1885,"23,825",23825
import,value,,Gall's . . . . . - „,1896,"23,807",23807
import,quantity,Dyeing or Tanning Stuffs,Gutch and Gambier,1868,"23,780",23780
import,value,,„ „ Not Texted - - - - -,1896,"23,731",23731
export_uk,value,"Ammunition, viz","Shot of Iron, including Shells . . . . . Cts.",1897,"23,684",23684
import,quantity,,Guano,1898,"23,644",23644
import,value,,Guano . . . . . Cuts.,1891,"23,623",23623
reexport,value,,Galls . . . . . Cuts.,1897,"23,622",23622
export_uk,value,,"Salt-petre, British prepared - - - - -",1897,"23,599",23599
import,value,,Horse . . . . . Cuts.,1892,"23,594",23594
reexport,value,,"Manufactures, unenumerated . . . . . Cuts.",1897,"23,586",23586
reexport,value,,In any way dressed (not Leather) . . . . .,1897,"23,584",23584
reexport,value,Skins,In any way dressed (not Leather) - - - - -,1897,"23,584",23584
reexport,quantity,Not Sweetened,"Foreign, of various Sorts, mixed in Bond",1893,"23,543",23543
reexport,value,,Pitch . . . . . Cts.,1894,"23,537",23537
export_uk,value,"Horses (including Ponies), viz.","Geldings . . . . . """,1900,"23,474",23474
reexport,value,,Ayr - - - - - -,1899,"23,440",23440
import,quantity,,"Madder, Madder Root, Garnacine, and Munjeet",1882,"23,397",23397
reexport,quantity,,"Card, Playing",1896,"23,377",23377
import,value,Oil-Seed Cake,Of other sorts - - - - -,1895,"23,353",23353
reexport,value,,Dye Woods : Logwood and all other Sorts - - - - -,1895,"23,341",23341
reexport,quantity,,Galls,1893,"23,317",23317
reexport,value,Oils,"Fish, Train, Blubber, Sperm or head matter",1896,"23,286",23286
reexport,value,,Curryants - - - - -,1899,"23,260",23260
import,quantity,,"Madder, Madder Root, Garnacine, and Munjeet",1884,"23,208",23208
import,quantity,Dyeing or Tanning Stuffs,"Madder, Madder Root, Garanoine, and Munjeet",1884,"23,208",23208
reexport,quantity,Not Sweetened,"Foreign, of various Sorts, mixed in Bond",1894,"23,041",23041
import,quantity,"Rags, and other materials for making Paper",Linen and Cotton Rags,1892,"23,032",23032
import,value,,""" Liqueurs, Cordials, &amp;c., not tested",1897,"23,019",23019
import,value,,„ „ Not Texted - - - - -,1897,"23,019",23019
export_uk,quantity,,"Salt-petre, British prepared",1897,"23,004",23004
export_uk,value,,"Saltpetre, British prepared . . . . . Cuts.",1897,"23,004",23004
import,value,Oil-Seed Cake,Of other sorts - - - - -,1896,"22,979",22979
reexport,value,Silk and Silk Manufactures,Thrown,1889,"22,934",22934
import,quantity,,Oil,1889,"22,882",22882
import,quantity,"Fruit, Dried or Preserved, liable to Duty",Prunes,1899,"22,363|22,863",22863
import,value,,Prunes . . . . . Cuts.,1899,"22,863",22863
reexport,value,,Candles of all sorts . . . . . Cuts.,1896,"22,758",22758
export_uk,value,,Oleo-margarine . . . . . Cuts.,1896,"22,747",22747
reexport,value,Skins,"Unenumerated, undressed - - - - -",1893,"22,705",22705
export_uk,quantity,,Wire and Manufactures of Wire,1866,"22,533",22533
import,value,Dyewoods,"Unenumerated . . . . . """,1886,"22,466",22466
import,quantity,,For expressing Oil therefrom,1868,"22,432",22432
reexport,value,"Animals, Living",Unenumerated - - - - -,1893,"22,375",22375
reexport,value,,Runcorn -,1876,"22,325",22325
reexport,value,,"Crude, in Cakes - - - - -",1897,"22,319",22319
reexport,value,,Oleo Margarine . . . . . Cts.,1895,"22,208",22208
reexport,quantity,,"Mica, Talc, French Chalk, &c.",1900,"22,176",22176
reexport,quantity,,"Mica, Tale, French Chalk, &amp;c.",1900,"22,176",22176
import,value,""" Manufactures of Iron or Steel",Tyres and Axles - - - - -,1895,"22,144",22144
reexport,value,Seeds,Rape . . . . . „,1900,"22,127",22127
export_uk,value,"Arms, viz","Cannon, Mortars, and Machine Guns . . . . . Cts.",1895,"22,118",22118
reexport,value,,"Cow, Ox, Bull, or Elk . . . . .",1900,"22,067",22067
reexport,value,,Saltpetre (Nitrate of Potash) - - - - -,1893,"22,051",22051
export_uk,value,,"Oil, other than Essential, or Medicinal, viz. : Seed, viz. : Linseed . . . . . Tons",1899,"22,035",22035
reexport,quantity,""" Unenumerated",""" Perfumed in Bond",1896,"21,999",21999
export_uk,value,,"Corn, Grain, Meal, and Flour, viz:Wheat Quarters",1896,"21,977|9,050",21977
import,value,Cork,Unmanufactured . . . . . Tons,1889,"21,938",21938
reexport,quantity,,"Sawn or Split, Planked or Dressed - - - - -",1892,"20,939|21,933",21933
import,quantity,,"Madder, Madder Root, Garnoine, and Munjeet",1886,"21,895",21895
reexport,quantity,,Turpentine . . . . .,1893,"21,882",21882
reexport,value,,Turpentine . . . . . Cts.,1893,"21,882",21882
import,value,Dyeing or Tanning Stuffs,Safflower,1880,"21,780|21,789",21789
import,value,,""" Span Silk Yarn - - - - -",1899,"21,741",21741
import,value,,""" Spun Silk Yarn, dyed or not dyed",1899,"21,741",21741
import,value,,„ Spun Silk Yarn . . . . .,1899,"21,741",21741
import,quantity,,"Madder, Madder Root, Garnacine, and Munjeet",1883,"21,709",21709
reexport,value,,"Unenumerated, undressed . . . . .",1899,"21,703",21703
import,quantity,,Prunes,1893,"21,659",21659
import,quantity,,"- - - - - """,1895,"21,653",21653
import,value,,„ „ Not Tested,1899,"21,636",21636
export_uk,quantity,,Spirits Perfumed in Bond,1900,"21,631",21631
reexport,quantity,Dyes obtained from Coal Tar,Myrobalans,1900,"21,619",21619
import,quantity,,Gutta Percha,1876,"21,577",21577
reexport,value,,Runcorn -,1875,"21,575",21575
reexport,value,,Paraffine . . . . . Cts.,1894,"21,574",21574
import,value,,„ „ Not Texted - - - - -,1898,"21,555",21555
import,value,"Dye-stuffs, and Substances for Tanning or Dyeing",Cutch and Gambier . . . . . Tons,1899,"21,526",21526
reexport,quantity,,Puddled,1897,"21,498",21498
reexport,quantity,,"Foreign, of various Sorts, mixed in Bond",1896,"21,471",21471
reexport,quantity,""" Unenumerated",""" Foreign, of various sorts, mixed in Bond",1896,"21,471",21471
reexport,quantity,Not Sweetened,"Foreign, of various Sorts, mixed in Bond",1896,"21,471",21471
import,quantity,,"Plums, French, and Prunelloc",1895,"21,454",21454
import,value,,"Plums, French, and Prunelloces . . . . . Cuts.",1895,"21,454",21454
reexport,value,,""" Tow - - - - -",1899,"21,441|53|1,142|791",21441
reexport,value,,Oleo Margarine . . . . . Cts.,1897,"21,425",21425
export_uk,quantity,Wrought or partly wrought,Of other Sorts,1870,"21,422",21422
import,quantity,,"Madder, Madder Root, Garancine, and Munject",1886,"21,395",21395
import,quantity,,"Madder, Madder Root, Garnacine, and Munjeet",1886,"21,395",21395
import,quantity,Dyeing or Tanning Stuffs,"Madder, Madder Root, Garanoine, and Munjeet",1886,"21,395",21395
import,value,Dyeing or Tanning Stuffs,"Madder, Madder Root, Garanoine, and Munjeet . . . . . """,1886,"21,395",21395
reexport,value,Sugar,"Refined, in Lumps and Leaves . . . . . Cuts.",1896,"21,361",21361
import,quantity,,"Oil, Fish: Train, or Blubber . . . . .",1900,"21,323",21323
reexport,quantity,,Iron Bars,1870,"21,283",21283
export_uk,value,"Ammunition, viz","Shot of Iron, including Shells . . . . . Cts.",1896,"21,257",21257
reexport,value,,"Fruits and Vegetables, preserved in Sugar . . . . . Cuts.",1898,"21,253",21253
reexport,value,,"Hair :Cow, Ox, Bull, or Elk . . . . . """,1897,"21,240",21240
reexport,value,,"Glass:  Window and German Sheet, including Shades and Cylinders . . . . .",1899,"21,219",21219
reexport,value,,"Sago, and Flour or Meal thereof - - - - -",1893,"21,219",21219
reexport,value,Manures,Unenumerated - - - - -,1894,"21,184",21184
import,value,,Liquorice . . . . . Cwtts.,1884,"21,182",21182
import,quantity,,Mares,1900,"21,150",21150
export_uk,quantity,,Pilchards,1893,"21,148",21148
reexport,value,,Colchester -,1878,"21,146",21146
export_uk,quantity,,"— Manufactures of Steel,or of Steel and Ironcombined",1889,"21,141",21141
export_uk,value,,"— Manufactures of Steel, or of Steel and Iron combined . . . . . """,1889,"21,141",21141
import,value,,Prunes . . . . . Cuts.,1895,"21,130",21130
reexport,value,,Inverness . . . . .,1893,"21,129",21129
reexport,value,Manufactures of Iron and Steel,Tin Ore of - - - - -,1896,"21,080",21080
reexport,value,,"Manufactures, unenumerated . . . . . Cuts.",1898,"21,079",21079
import,value,,Prunes . . . . . Cuts.,1897,"21,062",21062
import,quantity,,Paper-making materials:  Linen and Cotton Rags,1896,"21,055",21055
reexport,value,,"Unenumerated, undressed . . . . .",1895,"21,024",21024
reexport,value,Skins,"Unenumerated, undressed - - - - -",1895,"21,024",21024
reexport,value,,"Glass:  Window and German Sheet, including Shades and Cylinders . . . . .",1897,"20,972",20972
reexport,quantity,Not Sweetened,Geneva,1894,"20,964",20964
import,quantity,Oil,"Train or Rubber, and Sperm",1889,"20,956",20956
export_uk,value,"Arms, viz","Cannon, Mortars, and Machine Guns . . . . . Cts.",1893,"20,940",20940
reexport,quantity,,Sawn or Split - - - - -,1892,"20,939|20,253",20939
import,value,,Horse . . . . . Cwtts.,1887,"20,882",20882
export_uk,quantity,"Paper, viz","Pasteboard, Millboard, Cardboard, and Cards, including Playing Cards",1893,"20,880",20880
reexport,value,,"Manufactures, unenumerated . . . . . Cuts.",1896,"20,805",20805
import,quantity,,Oil,1887,"20,789",20789
reexport,quantity,,Wax (including Ozokerit and Earth Wax),1899,"20,749",20749
import,quantity,Nuts and Kernels,Olive,1887,"20,739",20739
reexport,value,,„ Oro of . . . . .,1895,"20,728",20728
import,quantity,,Paper-making materials:  Linen and Cotton Rags,1898,"20,559",20559
export_uk,quantity,,"Salt-petre, British prepared",1896,"20,522",20522
reexport,quantity,,Pitch,1900,"20,478",20478
reexport,value,,"Other Sorts, not Sweetened, including various Kindsmixed in Bond - - - - - - - - -",1896,"20,463",20463
reexport,value,Spirits,"Other Sorts, not Sweetened, including various Kinds {    mixed in Bond",1896,"20,463",20463
reexport,quantity,,Slates,1899,"20,432",20432
export_uk,value,"Ammunition, viz","Shot of Iron, including Shells . . . . . Cts.",1894,"20,428",20428
import,quantity,Metals and Ores,"""    Old broken, old cast, and old broken Steel",1897,"20,408",20408
import,value,,„ „ Not Texted - - - - -,1895,"20,373",20373
import,quantity,Oil,"Train or Rubber, and Sperm",1890,"20,307",20307
reexport,value,Sugar,"Refined, in Lumps and Leaves . . . . . Cuts.",1899,"20,306",20306
reexport,value,Silk,Velvet . . . . .,1900,"20,292",20292
import,quantity,Dyewoods,Unenumerated,1895,"20,254",20254
export_uk,quantity,,"Of Mixed Materials, Cottonpredominating",1893,"20,200",20200
export_uk,quantity,Cotton Manufactures,"Of mixed Materials (Cotton predominate) - """,1893,"20,200",20200
export_uk,value,,"Of Mixed Materials, Cottonpredominating Yards",1893,"20,200",20200
import,quantity,,"Oil :Train or Blubber, and Spermaceti",1879,"20,196",20196
import,quantity,Oil,"Train or Blubber, and Sperm",1879,"20,196|20,190",20196
reexport,value,,Faversham -,1876,"20,195",20195
import,quantity,,Oil,1890,"20,187",20187
import,value,,Containing not more than 50 per cent of Chocolate,1894,"20,163",20163
export_uk,quantity,,"Barley, Bere or Bigg",1893,"20,139",20139
export_uk,value,,"Oil, other than Essential, or Medicinal, viz. : Seed, viz. : Linseed . . . . . Tons",1898,"20,135",20135
reexport,value,Tin,Ore of - - - - -,1893,"20,078",20078
import,quantity,,Chloral Hydrate,1893,"20,045",20045
import,value,,Horse . . . . . Cwtts.,1884,"20,045",20045
import,quantity,"Animals, Living",Swine,1877,"20,034|20,031",20034
reexport,quantity,Dyes obtained from Coal Tar,Indigo,1900,"20,034",20034
reexport,value,,"Unenumerated, undressed . . . . .",1897,"20,018",20018
reexport,value,Skins,"Unenumerated, undressed - - - - -",1897,"20,018",20018
import,value,,"Milk and Cream, Fresh, or Preserved, other than Condensed",1895,"19,991",19991
import,value,,Horse . . . . . Cwtts.,1886,"19,987",19987
reexport,value,,"Glass:  Window and German Sheet, including Shades and Cylinders . . . . .",1898,"19,912",19912
import,quantity,,Horse Hair,1869,"19,867",19867
reexport,value,,Poole -,1875,"19,825",19825
reexport,value,Lead,Ore of - - - - -,1893,"19,788",19788
import,value,,„ „ Other Sorts . . . . . „,1900,"19,773",19773
reexport,value,Leather Manufactures,Unenumerated - - - - -,1894,"19,765",19765
reexport,value,,"Juice of Limes, &amp;c. (Fortified) . . . . . Gallons",1900,"19,736|4,652",19736
import,value,,""" Spun Silk Yarn, dyed or not dyed",1900,"19,727",19727
import,quantity,,"Oil :Train or Blubber, and Spermaceti",1870,"19,706",19706
export_uk,value,"Ammunition, viz.","Caumon, Mortars, and Machine Guns . . . . . Cwts.",1900,"19,698",19698
export_uk,value,,"Oil, other than Essential, or Medicinal, viz. : Seed, viz. : Linseed . . . . . Tons",1900,"19,694",19694
reexport,value,Leather Manufactures,Unenumerated - - - - -,1893,"19,571",19571
reexport,quantity,,Wax (including Ozokerit and Earth Wax),1898,"19,568",19568
reexport,value,Tobacco,Caucasian or Negrohead - - - - -,1893,"19,556",19556
reexport,value,,Poole -,1874,"19,554",19554
export_uk,quantity,,"— Manufactures of Steel,or of Steel and Ironcombined",1888,"19,549",19549
reexport,value,,„ Cavendish or Negrohead - - - - -,1893,"19,536",19536
reexport,value,,"Gold, Ore of (including the Value of Gold contained in Auriferous Ores and Metals)  - - - - -",1899,"19,517",19517
reexport,value,,Ore of - - - - -,1899,"19,517",19517
reexport,value,,„ Oro of . . . . .,1899,"19,517",19517
reexport,quantity,Not Sweetened,Geneva,1893,"19,503",19503
reexport,value,Manufactures of Iron and Steel,""" Old, fit only to be re-manufactured - - - - -",1900,"19,493",19493
reexport,value,,Plumago . . . . .,1894,"19,485",19485
reexport,value,,Seal Cake of other Sorts - - - - -,1893,"19,469",19469
import,value,,Pitch and Tar :Pitch · · · · ·,1887,"19,465",19465
reexport,value,,Bridport -,1878,"19,454",19454
reexport,value,Sugar,"Refined, in Lumps and Leaves . . . . . Cuts.",1897,"19,404",19404
import,quantity,,Orchal,1868,"19,379",19379
import,quantity,,Orchil,1868,"19,379",19379
import,quantity,,"Madder, Madder Root, Garancine, and Munject",1887,"19,347",19347
import,quantity,,"Madder, Madder Root, Garnoine, and Munjeet",1887,"19,347",19347
import,quantity,Dyeing or Tanning Stuffs,"Madder, Madder Root, Garanoine, and Munjeet",1887,"19,347",19347
import,value,Dyeing or Tanning Stuffs,"Madder, Madder Root, Garanoine, and Munjeet . . . . . """,1887,"19,347",19347
export_uk,quantity,,Pilchards,1900,"19,304",19304
export_uk,quantity,"Ammunition, viz.","Shot of Iron, including Shells - Cuts.",1899,"19,275",19275
reexport,value,,"Glass:  Window and German Sheet, including Shades and Cylinders . . . . .",1900,"19,237",19237
reexport,value,,"Window and German Sheet, including Shades and Cylinders . . . . .",1900,"19,237",19237
reexport,value,,Berwick - - - - - -,1893,"19,235",19235
reexport,value,Hats or Bonnets,""" Felt - - - - -",1899,"19,160",19160
reexport,quantity,,"Sago, Sago Meal, and Flour . . . . .",1897,"19,126",19126
reexport,value,,"Sago, Sago Meal, and Flour . . . . . """,1897,"19,126",19126
reexport,value,,Fleetwood -,1878,"19,111",19111
import,quantity,,""" Toy",1896,"19,100",19100
reexport,value,,"Muskets, Rifles, Carbines, Fowling Pieces, or Guns, ofany other sort not enumerated, and parts thereof ;and Pistols - - - - -",1899,"19,069",19069
reexport,value,,"Rifles, Carbines, Fowling Pieces, Muskets, Pistols orGuns, of any other sorts unenumerated, and partsthereof - - - - -",1899,"19,069",19069
reexport,value,Arms,"Muskets, Rifles, Carbines, Fowling Pieces, or Guns, of any other sort not enumerated, and parts thereof; and Pistols - - - - -",1899,"19,069",19069
reexport,value,Arms,"Rifles, Carbines, Fowling Pieces, Muskets, Pistols or Guns, of any other sorts unenumerated, and parts thereof - - - - -",1899,"19,069",19069
reexport,value,,Turpentine . . . . . Cts.,1897,"19,012",19012
reexport,value,,Manufactures : Boots and Shoes . . . . . Dozen Paire,1888,"18,908",18908
reexport,value,,Manufactures : Boots and Shoes . . . . . Dozen Pairs,1888,"18,908",18908
import,quantity,,"- - - - - """,1894,"18,904",18904
reexport,quantity,,Feathers and Down in Beds and for Beds . . . . .,1898,"18,903",18903
reexport,value,,Feathers and Down in Beds and for Beds . . . . . Cuts.,1898,"18,903",18903
import,quantity,Dyeing or Tanning Stuffs,Gutch and Gambier,1869,"18,840",18840
reexport,quantity,,Puddled,1899,"18,758",18758
import,value,,Pitch and Tar :Pitch · · · · ·,1888,"18,752",18752
reexport,quantity,,Bacon and Hams: Bacon,1870,"18,746",18746
import,quantity,,"Brass, Bronze, and Metal Bronzed or Lacquered, }Manufactures of",1893,"18,639",18639
reexport,value,,"Manufactures, unenumerated . . . . . Cuts.",1900,"18,638",18638
import,quantity,Oil,Olive,1888,"18,635",18635
import,quantity,,""" Toy",1897,"18,614",18614
reexport,value,"Lace, and Articles thereof",",, Other Materials",1899,"18,601",18601
import,quantity,,Oil,1888,"18,535",18535
reexport,value,Tobacco,Caucasian or Negrohead - - - - -,1896,"18,518",18518
import,value,"Dye-stuffs, and Substances for Tanning or Dyeing",Cutch and Gambier . . . . . Tons,1898,"18,504",18504
import,value,,"Meat : Unenumerated, Salted or Fresh . . . . . Cwtts.",1884,"18,472",18472
export_uk,value,,Butter . . . . . Cts.,1895,"18,430",18430
reexport,quantity,,Figs and Fig Cake . . . . .,1900,"18,411",18411
reexport,value,,"Figs and Fig Cake . . . . . """,1900,"18,411",18411
import,quantity,,Honey,1893,"18,392",18392
import,value,Dyeing or Tanning Stuffs,Madder,1881,"18,339",18339
reexport,value,,Fleetwood - - - - - - -,1899,"18,306",18306
reexport,value,,Malt . . . . . Quarters,1900,"18,281|8,491",18281
reexport,quantity,,"Ginger, Raw",1869,"18,224",18224
import,value,Dyewoods,"Unenumerated . . . . . """,1889,"18,207",18207
reexport,quantity,,"Thrown, dyed or not dyed",1899,"18,205",18205
reexport,value,,"Thrown, dyed or not dyed . . . . .",1899,"11,818|18,205",18205
reexport,value,Skins,In any way dressed (not Leather) - - - - -,1894,"18,173",18173
reexport,value,,Limerick . . . . .,1893,"18,164",18164
import,value,Cork,Unmanufactured . . . . . Tons,1890,"18,111",18111
import,quantity,,Oil,1891,"18,108",18108
import,value,,Horse . . . . . Cwtts.,1885,"18,107",18107
reexport,quantity,,"Foreign, of various Sorts, mixed in Bond",1898,"18,095",18095
reexport,quantity,""" Unenumerated",""" Foreign, of various sorts, mixed in Bond",1898,"18,095",18095
import,quantity,,Mica and Tale,1895,"18,094",18094
import,value,,Mica and Tale,1895,"18,094",18094
import,quantity,,""" Toy",1899,"18,073",18073
reexport,quantity,Not Sweetened,Geneva,1897,"18,061",18061
reexport,quantity,Hair,"Cow, Ox, Bull, or Elk",1899,"18,056",18056
reexport,value,,"Hair :Cow, Ox, Bull, or Elk . . . . . """,1899,"18,056",18056
reexport,value,,"Fickles and Vegetables, preserved in Salt or Vinegar . Gallons",1896,"18,005",18005
import,quantity,,""" Containing not more than 50 per cent. of }    Chocolate with Spirit",1895,"17,983",17983
import,value,,„ „ Not Texted - - - - -,1894,"17,975",17975
reexport,value,,Other kinds of Meal and Flour - - - - -,1896,"17,948",17948
reexport,value,,Kirkwall . . . . .,1893,"17,925",17925
reexport,value,,Liquorice,1900,"17,913|8,765",17913
reexport,quantity,,Velvet Broadstuffs (see Silk Manufactures).Vicuna Wool (see Wool).Vinegar,1898,"17,887",17887
reexport,value,,"Coals, Cuka, and Cinders - - - - -",1894,"17,885",17885
reexport,value,,Portsmouth - - - - -,1899,"17,821",17821
reexport,value,,Chester - - - - - - -,1899,"17,789",17789
reexport,value,,Turpentine . . . . . Cts.,1896,"17,767",17767
reexport,value,,Paraffine and Paraffine Wax - - - - -,1896,"15,369|17,748",17748
reexport,value,,Paraffino and Paraffine Wax - - - - -,1896,"17,748",17748
reexport,quantity,,"Apples, Raw  . . . . .",1900,"17,708",17708
import,quantity,,"Milk, Condensed",1887,"17,698",17698
import,quantity,Oil,"Train or Rubber, and Sperm",1887,"17,698",17698
import,quantity,,"Oil :Train or Blubber, and Spermaceti",1873,"17,686",17686
reexport,quantity,,Pig or Sheet,1895,"17,685",17685
reexport,value,,Chester -,1877,"17,659",17659
import,value,,Horse . . . . . Cuts.,1888,"17,620",17620
import,value,,Horse . . . . . Cwtts.,1888,"17,620",17620
import,quantity,,"Mauganese, Ore of",1874,"17,582",17582
import,quantity,Cork,Unmanufactured,1895,"17,554",17554
import,quantity,Metals and Ores,"""    Steel, unwrought",1896,"17,491",17491
import,quantity,,"Oil :Train or Blubber, and Sperm . . . . .",1884,"17,489",17489
reexport,value,Oils,Castor . . . . . ”,1899,"8,226|17,474",17474
export_uk,quantity,,"Meal, unenumerated",1893,"17,442",17442
reexport,value,,Knobs or Husks of Silk and Waste - - -,1868,"17,400",17400
reexport,value,Silk,Knubs or Husks of Silk and Waste - - - - -,1868,"17,400",17400
import,quantity,Furniture and Hardwoods,Unenumerated,1868,"17,397",17397
reexport,value,,"Fruits and Vegetables, preserved in Sugar . . . . . Cuts.",1897,"17,382",17382
reexport,quantity,,Wax (including Ozokerit and Earth Wax),1897,"17,320",17320
reexport,value,"Animals, Living",Unenumerated - - - - -,1896,"17,258",17258
import,value,Dyewoods,"Unenumerated . . . . . """,1888,"17,232",17232
reexport,quantity,,Hams,1893,"17,213",17213
import,quantity,,Vegetable,1899,"17,188",17188
import,quantity,,Vegetable Ivory,1899,"17,188",17188
reexport,value,,Poole -,1876,"17,177",17177
import,quantity,,"Plums, French, and Prunellocs . . . . .",1899,"17,098",17098
import,value,,"Plums, French, and Prunelloces . . . . . Cuts.",1899,"17,098",17098
reexport,value,,Portsmouth . . . . .,1893,"17,097",17097
import,quantity,,Nuts and Kernels :For expressing Oil therefrom,1873,"17,075",17075
export_uk,value,,"— Manufactures of Steel, or of Steel and Iron combined . . . . . """,1891,"17,038",17038
export_uk,value,,Butter . . . . . Cts.,1894,"17,013",17013
export_uk,value,,"Corn, Grain, Meal, and Flour, viz:Wheat Quarters",1895,"17,013|6,407",17013
export_uk,value,,Oleo-margarine . . . . . Cuts.,1897,"16,996",16996
reexport,value,Oils,Castor,1900,"16,995",16995
export_uk,value,,Wheat - - - - -,1900,"16,970",16970
reexport,value,Zinc,"Manufactures of, unenumerated - - - - -",1899,"16,965",16965
import,quantity,Oil,"Train or Rubber, and Sperm",1888,"16,871",16871
reexport,value,Tobacco,Caucasian or Negrohead - - - - -,1897,"16,869",16869
import,quantity,,"Old broken, and old broken Steel",1894,"16,839",16839
reexport,value,,Galls . . . . . Cuts.,1896,"16,825",16825
export_uk,value,,Oleo-margarine . . . . . Cwts.,1900,"9,482|16,803",16803
reexport,value,,Cork . . . . .,1893,"16,790",16790
import,quantity,,Guano,1897,"16,734",16734
reexport,value,,Hops - - - - -,1899,"3,297|16,715",16715
reexport,value,,"British and Foreign, mixed in Bond . . . . .",1899,"16,683",16683
reexport,value,,„ British and Foreign „ „,1899,"16,683",16683
export_uk,quantity,,"Methylic Alcohol, not purified so as to be potable",1900,"16,652",16652
export_uk,value,,"Methylic Alcohol, not purified so as to be potable . . . . Gallons",1900,"16,652|2,076",16652
reexport,quantity,Woollen Yarn,Unenumerated,1893,"16,648",16648
reexport,quantity,,Puddled,1896,"16,616",16616
reexport,value,,Shoreham - - - - -,1899,"16,609",16609
import,quantity,,""" Sweetened or mixed, tested }",1900,"16,561",16561
reexport,value,Tobacco,Caucasian or Negrohead - - - - -,1895,"16,538",16538
import,quantity,,"Ammunition :Shot, large and small",1894,"16,528",16528
import,quantity,Dyewoods,Unnumerated,1877,"16,513",16513
import,quantity,,"Mauganese, Ore of",1875,"16,505",16505
import,quantity,,"Cards, Playing",1893,"16,491",16491
reexport,quantity,Furniture woods,Unenumerated,1900,"16,467",16467
import,quantity,,"Sparkling, Red: Burgundy "" "" "" """,1894,"16,359",16359
reexport,value,,Falmouth - - - - - -,1893,"16,346",16346
reexport,value,,"Rifles, Carbines, Fowling Pieces, Muskets, Pistols orGuns, of any other sorts unenumerated, and partsthereof - - - - -",1897,"16,343",16343
reexport,value,Arms,"Rifles, Carbines, Fowling Pieces, Muskets, Pistols or Guns, of any other sorts unenumerated, and parts thereof - - - - -",1897,"16,343",16343
import,quantity,,Hoops,1869,"16,342",16342
reexport,quantity,Lead,Ore of,1897,"16,316",16316
reexport,value,,Middlesborough -,1878,"16,305",16305
reexport,value,,"Fruits and Vegetables, preserved in Sugar . . . . . Cuts.",1896,"16,286",16286
reexport,value,,Lard . . . . . Cuts.,1887,"16,280",16280
reexport,value,,"9,037 - - - - -",1896,"16,268",16268
reexport,value,Tobacco,""" - - - - -",1896,"16,268|253",16268
import,quantity,,Geldings,1893,"16,222",16222
export_uk,quantity,,Oleo-margarine,1898,"16,173",16173
export_uk,value,,Oleo-margarine . . . . . Cuts.,1898,"16,173",16173
reexport,quantity,,"Foreign, of various Sorts, mixed in Bond",1897,"16,164",16164
reexport,quantity,""" Unenumerated",""" Foreign, of various sorts, mixed in Bond",1897,"16,164",16164
reexport,quantity,Not Sweetened,"Foreign, of various Sorts, mixed in Bond",1897,"16,164",16164
reexport,value,,Paraffine and Paraffine Wax - - - - -,1898,"16,161|16,126",16161
reexport,value,,Paraffino and Paraffine Wax - - - - -,1898,"16,161",16161
import,value,,"Milk and Cream, Fresh, or Preserved, other than Condensed",1899,"16,068",16068
export_uk,quantity,,Oleo-margarine,1899,"16,055",16055
export_uk,value,,Oleo-margarine . . . . . Cuts.,1899,"16,055",16055
import,quantity,Dyewoods,Unnumerated,1878,"16,037",16037
import,quantity,Dyewoods,Unnumerated,1874,"16,023",16023
reexport,quantity,,"Card, Playing",1894,"16,014",16014
reexport,value,,"Glass:  Window and German Sheet, including Shades and Cylinders . . . . .",1896,"15,999",15999
reexport,value,,Kirkwall - - - - - -,1899,"15,980",15980
import,quantity,Rags and other materials for making Paper,"Woollen, applicable to other uses than Manure",1868,"15,922",15922
reexport,value,,Vegetable - - - - -,1899,"15,917|6,477",15917
reexport,quantity,,Feathers and Down in Beds and for Beds . . . . .,1897,"15,889",15889
reexport,quantity,,"Feathers and Down, for Bells",1897,"15,889",15889
reexport,value,,Feathers and Down in Beds and for Beds . . . . . Cuts.,1897,"15,889",15889
reexport,value,,Cardiff - -,1893,"15,879",15879
import,quantity,Oil,Seed,1879,"15,865|15,805",15865
reexport,value,Leather Manufactures,Unenumerated - - - - -,1895,"15,859",15859
reexport,value,,Berwick -,1878,"15,851",15851
reexport,value,,Workington . . . . .,1893,"15,847",15847
import,quantity,,"Train or Blubber, and Sperm",1886,"15,834",15834
import,quantity,Oil,"Train or Blubber, and Sperm",1886,"15,834",15834
import,quantity,Oil,"Train or Rubber, and Sperm",1886,"15,834",15834
reexport,quantity,,Wax (including Ozokerit and Earth Wax),1900,"15,786",15786
reexport,quantity,,Glucose (Solid or Liquid) . . . . .,1899,"15,750",15750
reexport,quantity,Furniture woods,Mahogany,1900,"15,736",15736
reexport,quantity,,"Card, Playing",1895,"15,712",15712
reexport,value,,"Crude, in Cakes - - - - -",1898,"15,702",15702
reexport,value,,Ayr . . . . .,1893,"15,700",15700
import,quantity,,"Ammunition :Shot, large and small",1893,"15,690",15690
import,quantity,,Hoops,1870,"15,629",15629
import,value,"Dye-stuffs, and Substances for Tanning or Dyeing",Sumach . . . . . Tons,1895,"15,618",15618
reexport,value,"Lace, and Articles thereof",""" Other Materials - - - - -",1894,"15,609",15609
reexport,value,,"Fickles and Vegetables, preserved in Salt or Vinegar . Gallons",1897,"15,509",15509
reexport,value,Skins,In any way dressed (not Leather) - - - - -,1895,"15,495",15495
export_uk,value,,"Corn, Grain, Meal, and Flour, viz:Wheat Quarters",1894,"15,477|5,374",15477
reexport,value,,Preston - - - - -,1899,"15,464",15464
reexport,quantity,,Eggs,1900,"15,440",15440
reexport,quantity,,Feathers and Down in Beds and for Beds . . . . .,1899,"15,408",15408
reexport,value,,Feathers and Down in Beds and for Beds . . . . . Cuts.,1899,"15,408",15408
reexport,value,,In any way dressed (not Leather) . . . . .,1895,"15,405",15405
reexport,value,,Paraffine . . . . . Cts.,1896,"15,369",15369
import,quantity,,Cutch and Gambier,1867,"15,348",15348
import,quantity,,"Soup, Transparent, in the manufacture of which Spirit } has been used",1897,"15,337|13,357|15,237",15337
import,quantity,Metals and Ores,"""    Old broken, old cast, and old broken Steel",1896,"15,333",15333
reexport,value,,"Gutta Percha . . . . . """,1900,"15,266",15266
export_uk,value,"Ammunition, viz.","Caumon, Mortars, and Machine Guns . . . . . Cwts.",1897,"15,264",15264
export_uk,value,"Arms, viz","Cannon, Mortars, and Machine Guns . . . . . Cts.",1897,"15,264",15264
import,quantity,,"Oil :Train or Blubber, and Spermaceti",1869,"15,264",15264
export_uk,value,,"— Manufactures of Steel, or of Steel and Iron combined . . . . . """,1892,"15,246",15246
import,quantity,,"Oil :Train or Blubber, and Spermaceti",1880,"15,231",15231
reexport,value,,Cardigan -,1875,"15,230",15230
reexport,value,,"Flint, plain, &amp;c., and Manufactures of Flint GlassBottles . . . . . Gross",1899,"15,195",15195
import,quantity,,""" Toy",1898,"15,184",15184
import,quantity,,Sunnach,1896,"15,172",15172
import,value,"Dye-stuffs, and Substances for Tanning or Dyeing",Sumach . . . . . Tons,1896,"15,172",15172
reexport,value,Dye Woods,Unenumerated . . . . .,1900,"15,172",15172
reexport,value,,Turpentine . . . . . Cts.,1895,"15,146",15146
reexport,value,"Corn, Grain, and Meal",Wheatmeal and Flour,1877,"15,095",15095
reexport,value,,Animal . . . . . Cts.,1896,"15,063",15063
reexport,value,,Paraffine . . . . . Cts.,1895,"15,050",15050
reexport,value,Iron,Pig - - - - -,1897,"14,981",14981
reexport,quantity,,Geneva,1895,"14,969",14969
reexport,quantity,Not Sweetened,Geneva,1895,"14,969",14969
export_uk,quantity,"Arms, viz.","Cannon, Mortars, and Machine Guns",1899,"14,961",14961
export_uk,value,"Ammunition, viz.","Caumon, Mortars, and Machine Guns . . . . . Cwts.",1899,"14,961",14961
import,quantity,,Hoops,1868,"14,926",14926
reexport,value,,Teignmouth - - - - -,1899,"14,882",14882
import,quantity,Dyeing or Tanning Stuffs,Shunach,1883,"14,876",14876
reexport,value,Not Sweetened,"British and Foreign, mixed in Bond - - - - -",1894,"14,873",14873
reexport,value,,Shoreham . . . . .,1893,"14,871",14871
reexport,quantity,,Galls . . . . .,1900,"14,770",14770
reexport,value,,Galls . . . . . Cuts.,1900,"14,770",14770
import,quantity,""" Imported in Bottles",""" Burgundy",1900,"14,738",14738
import,quantity,Dye Woods,Unenumerated,1896,"14,705",14705
import,value,Dye Woods,"Unenumerated . . . . . """,1896,"14,705",14705
reexport,quantity,""" Preserved otherwise than by Salting",Other sorts,1898,"14,704",14704
reexport,quantity,,"Mica, Talc, French Chalk, &c.",1899,"14,687",14687
reexport,quantity,,"Mica, Tale, French Chalk, &amp;c.",1899,"14,687",14687
reexport,value,,Boston -,1876,"14,641",14641
export_uk,value,,Butter . . . . . Cts.,1893,"14,640",14640
import,quantity,,"Soap, Transparent, in the manufacture of which Spirithas been used",1896,"14,595",14595
import,quantity,,""" Liqueurs, Cordials, &amp;c., not tested }",1899,"14,573",14573
reexport,value,,"Pulp of Wool . . . . . """,1893,"14,566",14566
reexport,value,Tobacco,Caucasian or Negrohead - - - - -,1894,"14,566",14566
reexport,value,,Printed or Coated . . . . .,1894,"14,559",14559
reexport,quantity,,Pulp of Wood . . . . .,1893,"14,506",14506
reexport,value,Skins,"Unenumerated, undressed - - - - -",1894,"14,481",14481
import,quantity,,"Kiln-dried, Roasted, or Ground",1893,"14,471",14471
reexport,quantity,,Margarine (including all kinds of Imitation Butter),1893,"14,466",14466
reexport,quantity,,Margarine (including all kinds of ImitationButter),1893,"14,466",14466
reexport,quantity,,"Pickles and Vegetables, preserved in Salt or Vinegar - ”",1899,"14,388",14388
reexport,value,,"Fickles and Vegetables, preserved in Salt or Vinegar . Gallons",1899,"14,388",14388
reexport,value,Ivory,Vegetable - - - - -,1893,"14,384",14384
reexport,quantity,,Margarine (including all kinds of Artificial or Imitation Butter),1897,"14,355",14355
reexport,quantity,Beer and Ale,Margarine (including all kinds of Imitation Butter),1897,"14,355",14355
reexport,value,,Margarine (including all kinds of Artificial or Imitation Butter) . . . . . ”,1897,"14,355",14355
reexport,quantity,,Wax (including Ozokerit and Earth Wax),1896,"14,304",14304
reexport,value,,Rosin - - - - -,1893,"14,296",14296
import,value,Cork,Unmanufactured . . . . . Tons,1888,"14,293",14293
reexport,value,Manures,Bones for Manure (whether burnt or not),1900,"14,292|3,279",14292
import,quantity,,"Madder, Madder Root, Garancine, and Munject",1889,"14,236",14236
import,quantity,,"Madder, Madder Root, Garnoine, and Munjeet",1889,"14,236",14236
import,value,Dyeing or Tanning Stuffs,"Madder, Madder Root, Garanoine, and Munjeet . . . . . """,1889,"14,236",14236
reexport,quantity,,Geneva,1899,"14,233",14233
reexport,quantity,Spices,""" Geneva",1899,"14,233",14233
export_uk,value,,"Barley, Bere or Bigg - - - - -",1900,"14,207",14207
import,quantity,,"Madder, Madder Root, Garnoine, and Munjeet",1888,"14,204",14204
import,quantity,Dyeing or Tanning Stuffs,"Madder, Madder Root, Garanoine, and Munjeet",1888,"14,204",14204
import,value,Dyeing or Tanning Stuffs,"Madder, Madder Root, Garanoine, and Munjeet . . . . . """,1888,"14,204",14204
reexport,value,,Beaumaris -,1874,"14,204",14204
import,quantity,,"Madder, Madder Root, Garancine, and Munject",1888,"14,201",14201
reexport,value,,"British and Foreign, mixed in Bond . . . . .",1895,"14,177",14177
reexport,value,Not Sweetened,"British and Foreign, mixed in Bond - - - - -",1895,"14,177",14177
export_uk,value,,Butter . . . . . Cts.,1896,"14,172",14172
reexport,quantity,,"Hair, Cow, Ox, Bull, or Elk",1891,"14,169",14169
import,quantity,,Sunnach,1897,"14,166",14166
import,value,"Dye-stuffs, and Substances for Tanning or Dyeing",Sumach . . . . . Tons,1897,"14,166",14166
reexport,value,,Candles of all sorts . . . . . Cuts.,1897,"14,114",14114
reexport,quantity,Sawn,Fir,1900,"14,094",14094
reexport,value,,Printed or Coated . . . . .,1893,"14,094",14094
import,value,,Cochineal. - - - - -,1900,"14,038",14038
reexport,value,Not Sweetened,"British and Foreign, mixed in Bond - - - - -",1893,"13,992",13992
import,quantity,,"Oil :Train or Blubber, and Spermaceti",1868,"13,991",13991
import,quantity,,"Train or Blubber, and Spermaceti",1868,"13,991",13991
import,quantity,,Vegetable,1900,"13,972",13972
import,quantity,,"Old broken, and old broken Steel",1893,"13,962",13962
import,quantity,,Sunnach,1899,"13,957",13957
import,value,"Dye-stuffs, and Substances for Tanning or Dyeing",Sumach . . . . . Tons,1899,"13,957",13957
reexport,quantity,Lead,Ore of,1898,"13,955",13955
reexport,value,Tobacco,Other sorts - - - - -,1893,"13,952",13952
import,quantity,Dyeing or Tanning Stuffs,Shunach,1882,"13,935",13935
reexport,value,,Hayle -,1875,"13,910",13910
import,quantity,,""" Liqueurs, Cordials, &amp;c., not tested }",1897,"13,869",13869
reexport,quantity,,"Pork, Salted (not Hams) . . . . .",1893,"13,843",13843
reexport,value,,"Pork, Salted (not Hams) . . . . . """,1893,"13,843",13843
import,quantity,,"Soap, Transparent, in the manufacture of which Spirit has been used",1895,"13,842",13842
import,quantity,,"Soap, Transparent, in the manufacture of which Spirithas been used",1895,"13,842",13842
import,quantity,,""" Liqueurs, Cordials, &amp;c., not tested }",1896,"13,832",13832
reexport,quantity,Hair,Horse,1899,"13,747",13747
reexport,quantity,,"„ „ Silver, gilt or ungilt",1900,"13,741",13741
reexport,quantity,,Feathers and Down in Beds and for Beds . . . . .,1900,"13,733",13733
reexport,value,,Feathers and Down in Beds and for Beds . . . . . Cuts.,1900,"13,733",13733
export_uk,value,"Ammunition, viz.","Caumon, Mortars, and Machine Guns . . . . . Cwts.",1896,"13,682",13682
export_uk,value,"Arms, viz","Cannon, Mortars, and Machine Guns . . . . . Cts.",1896,"13,682",13682
reexport,quantity,,"Beef, Salted and Fresh",1874,"13,670",13670
export_uk,value,,Stuffs - - - - -,1893,"13,666",13666
reexport,value,"Metals, viz.","Lead, Pig or Sheet",1872,"13,663",13663
reexport,value,,Gre of - - - - -,1899,"13,650",13650
reexport,value,Zinc,Cre of - - - - -,1899,"13,650",13650
reexport,quantity,Sawn,Fir,1893,"13,647",13647
export_uk,value,,"Damasks, Tapestry, and other Furniture Stuffs . . . . .",1893,"13,606",13606
export_uk,value,,Butter . . . . . Cts.,1897,"13,585",13585
export_uk,quantity,,"— Manufactures of Steel,or of Steel and Ironcombined",1887,"13,580",13580
reexport,value,,Preston -,1877,"13,527",13527
reexport,quantity,,Beans (not Kidney or French),1899,"13,491",13491
reexport,value,,"Beans (not Kidney or French) . . . . . """,1899,"13,491",13491
reexport,value,,Teignmouth . . . . .,1893,"13,454",13454
export_uk,quantity,,"— Manufactures of Steel,or of Steel and Ironcombined",1886,"13,453",13453
import,quantity,,Shumach,1867,"13,440",13440
reexport,quantity,""" Preserved otherwise than by Salting",Other sorts,1899,"13,422",13422
import,quantity,,"Soap, Transparent, in the manufacture of which Spirithas been used",1897,"13,397",13397
reexport,quantity,,"Sweetened or Mixed, Tested",1899,"13,395",13395
reexport,quantity,""" Unenumerated",""" Sweetened or",1899,"13,395",13395
reexport,value,,"Sweetened or Mixed, Tested . . . . Proof Gallons",1899,"13,395",13395
reexport,value,"Animals, Living",Unenumerated - - - - -,1895,"13,392",13392
import,quantity,,Pitch and Tar,1889,"13,306",13306
reexport,value,,Paraffine - - - - -,1899,"13,242",13242
reexport,value,,Paraffine and Paraffine Wax - - - - -,1899,"13,242|12,940",13242
reexport,value,,Paraffino and Paraffine Wax - - - - -,1899,"13,242",13242
reexport,quantity,""" Unenumerated",""" mixed, tested",1900,"13,145",13145
import,quantity,,""" Toy",1900,"13,144",13144
reexport,quantity,,Margarine (including all kinds of Artificial or Imitation Butter),1899,"13,139",13139
reexport,value,,Margarine (including all kinds of Artificial or Imitation Butter) . . . . . ”,1899,"13,139",13139
import,quantity,Dye Woods,Unenumerated,1900,"13,120",13120
import,quantity,Dyeing or Tanning Stuffs,Shunach,1881,"13,096",13096
import,quantity,,Shumash,1886,"13,088",13088
import,quantity,,Shummach,1886,"13,083",13083
reexport,value,,"Rifles, Carbines, Fowling Pieces, Muskets, Pistols orGuns, of any other sorts unenumerated, and partsthereof - - - - -",1900,"13,080",13080
reexport,value,Arms,"Rifles, Carbines, Fowling Pieces, Muskets, Pistols or Guns, of any other sorts unenumerated, and parts thereof - - - - -",1900,"13,080",13080
reexport,quantity,,Geneva,1897,"13,061",13061
reexport,quantity,Spices,""" Geneva",1897,"13,061",13061
import,quantity,,Shumash,1887,"13,038",13038
import,quantity,,Shummach,1887,"13,038",13038
export_uk,quantity,Wrought or partly wrought,Of other Sorts,1866,"13,037",13037
import,quantity,,Hoops,1867,"12,994",12994
import,quantity,,Vegetable,1895,"12,988",12988
reexport,value,,""" Unwrought, in Bars, Blocks, Slabs, Cakesor Ingots . . . . . """,1898,"12,984",12984
reexport,value,,"Varnished, Japanned, or Enamelled -",1893,"12,969",12969
reexport,value,Leather,"Varnished, Japaned, or Enamelled - - - - -",1893,"12,969",12969
reexport,quantity,Zinc,"Manufactures of, unenumerated - Cuts.",1897,"12,941",12941
reexport,quantity,,Paraffine,1899,"12,940",12940
reexport,value,Dye Woods,Unenumerated - - - - -,1895,"12,937",12937
import,quantity,,""" Liqueurs, Cordials, &amp;c., not tested }",1898,"12,891",12891
export_uk,quantity,,"— Manufactures of Steel,or of Steel and Ironcombined",1885,"12,890",12890
reexport,value,,"Manufactures, unenumerated . . . . . Cuts.",1899,"12,859",12859
reexport,value,,Beaumaris -,1875,"12,848",12848
reexport,value,,Preston -,1875,"12,847",12847
import,quantity,,Unmanufactured,1887,"12,839",12839
reexport,quantity,,"Copper, Unwrought, part Wrought, and oldCopper",1882,"12,819",12819
reexport,value,Hats or Bonnets,""" other Materials - - - - -",1897,"12,760",12760
reexport,quantity,,Othersorts,1897,"12,752",12752
reexport,quantity,""" Preserved otherwise than by Salting",Other sorts,1897,"12,752",12752
import,quantity,,Pitch and Tar,1891,"12,738",12738
import,quantity,Paper and Pasteboard,Paper Hangings,1878,"12,734",12734
export_uk,quantity,,Pecse,1895,"12,725",12725
import,quantity,,Vegetable,1898,"12,716",12716
reexport,value,,Beaumaris - - - - - - -,1899,"12,702",12702
reexport,value,,"Flint, plain, &amp;c., and Manufactures of Flint GlassBottles . . . . . Gross",1898,"12,694",12694
export_uk,quantity,,"— Manufactures of Steel, of Steel and Iron combined",1885,"12,690",12690
reexport,value,Zinc,"Manufactures of, unenumerated - - - - -",1893,"12,681",12681
reexport,value,"Goats' Wool, viz",Other Goats' Wool or Hair - - - - -,1897,"12,675",12675
reexport,value,Wool,Other Goats' Wool or Hair - - - - -,1897,"12,675",12675
reexport,value,,"Fickles and Vegetables, preserved in Salt or Vinegar . Gallons",1900,"12,666",12666
reexport,quantity,,Tar  . . . . .,1899,"12,619",12619
reexport,value,,Waterford - - - - - -,1899,"12,613",12613
import,quantity,,Unmanufactured,1885,"12,601",12601
import,value,,"Madder, Mulder Root, Garancine, and Munjeet - - - - -",1894,"12,563",12563
reexport,value,Leather,"Varnished, Japaned, or Enamelled - - - - -",1894,"12,535",12535
reexport,value,,""" "" Other Sorts of Goats' Wool or Hair . . . . .",1900,"12,516",12516
import,quantity,,Shumash,1889,"12,514",12514
import,quantity,,Shummach,1889,"12,514",12514
reexport,value,,Hayle -,1877,"12,461",12461
reexport,value,,Bridport -,1877,"12,455",12455
reexport,value,"Goats' Wool, viz",Other Goats' Wool or Hair - - - - -,1896,"12,440",12440
reexport,value,Wool,Other Goats' Wool or Hair - - - - -,1896,"12,440",12440
reexport,quantity,,Castor . . . . .,1893,"12,429",12429
reexport,quantity,,Lard,1866,"12,424",12424
reexport,value,,"Castor . . . . . """,1893,"12,420",12420
reexport,value,,Bridport -,1876,"12,418",12418
reexport,value,,"Muskets, Rifles, Carbines, Fowling Pieces, or Guns, ofany other sort not enumerated, and parts thereof ;and Pistols - - - - -",1893,"12,413",12413
reexport,value,Arms,"Muskets, Rifles, Carbines, Fowling Pieces, or Guns, of any other sort not enumerated, and parts thereof; and Pistols - - - - -",1893,"12,413",12413
reexport,quantity,,Pig or Sheet,1896,"12,389",12389
import,value,Cork,Unmanufactured . . . . . Tons,1887,"12,339",12339
import,quantity,,"Plums, French, and Prunelloc",1897,"12,336",12336
import,quantity,,"Plums, commonly called French Plums, and Prunelloes",1897,"12,336",12336
import,quantity,"Fruit, Dried or Preserved, liable to Duty","Plums, commonly called French Plums, and Pruneloes „",1897,"12,336",12336
import,value,,"Plums, French, and Prunelloces . . . . . Cuts.",1897,"12,336",12336
reexport,value,,"Flint, plain, &amp;c., and Manufactures of Flint GlassBottles . . . . . Gross",1896,"12,335",12335
export_uk,value,"Ammunition, viz","Shot of Iron, including Shells . . . . . Cts.",1893,"12,241",12241
reexport,value,,Maldon -,1876,"12,228",12228
reexport,value,,Bristol -,1878,"12,196",12196
import,quantity,,"Soap, Transparent, in the manufacture of which Spirithas been used",1898,"12,164",12164
import,quantity,Dyeing or Tanning Stuffs,Shunach,1879,"12,131",12131
reexport,value,,Yarmouth . . . . .,1893,"12,103",12103
export_uk,quantity,,",, Fresh",1899,"12,096",12096
reexport,quantity,,„ Fresh,1899,"12,096",12096
import,quantity,,Shumash,1888,"12,050",12050
import,quantity,,Shummach,1888,"12,050",12050
import,quantity,,„ Olive . . . . .,1900,"12,044",12044
reexport,quantity,Lead,Ore of,1895,"12,035",12035
reexport,value,,"Hair :Cow, Ox, Bull, or Elk . . . . . """,1900,"12,020",12020
reexport,value,Skins,In any way dressed (not Leather) - - - - -,1893,"11,943",11943
reexport,value,,"Sweetened or Mixed, Tested . . . . Proof Gallons",1895,"11,919",11919
reexport,value,,"9,037 - - - - -",1895,"11,912",11912
reexport,value,Tobacco,""" - - - - -",1895,"11,912|246",11912
reexport,quantity,,Pitch . . . . .,1893,"11,897",11897
reexport,value,,Pitch . . . . . Cts.,1893,"11,897",11897
reexport,value,,"Zinc, Crude, in Cakes",1874,"11,884",11884
import,quantity,,"Madder, Madder Root, Garnoine, and Munjeet",1890,"11,873",11873
export_uk,value,"Ammunition, viz.","Revolvers . . . . . """,1897,"11,821",11821
reexport,value,,"Platina, wrought or unwrought - - - - -",1895,"11,798",11798
reexport,value,,Paraffine and Paraffine Wax - - - - -,1897,"11,610|11,764",11764
reexport,value,,Paraffino and Paraffine Wax - - - - -,1897,"11,764",11764
reexport,value,,Beaumaris - - - - - -,1893,"11,747",11747
reexport,quantity,,Othersorts,1896,"11,746",11746
reexport,quantity,""" Preserved otherwise than by Salting",Other sorts,1896,"11,746",11746
reexport,value,,Fir - - - - -,1893,"11,739",11739
reexport,value,Hewn,Fir - - - - -,1893,"11,739",11739
reexport,value,Silk,"Spun, Silk Yarn, dyed or not dyed . . . . . „",1899,"11,697",11697
import,value,Cork,Unmanufactured . . . . . Tons,1886,"11,676",11676
reexport,value,,"Flint, plain, &amp;c., and Manufactures of Flint GlassBottles . . . . . Gross",1897,"11,666",11666
import,quantity,,Sunnach,1898,"11,659",11659
import,value,"Dye-stuffs, and Substances for Tanning or Dyeing",Sumach . . . . . Tons,1898,"11,659",11659
reexport,value,,"Horse . . . . . """,1900,"11,658",11658
reexport,value,"Corn, Grain, and Meal",Wheatmeal and Flour,1876,"11,657",11657
import,quantity,Dye Woods,Unenumerated,1899,"11,645",11645
import,value,Dye Woods,"Unenumerated . . . . . """,1899,"11,645",11645
import,quantity,Dyeing or Tanning Stuffs,Shunach,1880,"11,620",11620
reexport,quantity,Zinc,"Manufactures of, unenumerated - Cuts.",1893,"11,618",11618
import,value,,"Sweetened or Mixed, Texted - - - - -",1894,"11,615",11615
reexport,value,,Paraffine . . . . . Cts.,1897,"11,610",11610
reexport,quantity,""" Unenumerated",""" Sweetened or",1897,"11,609",11609
reexport,value,,"Sweetened or Mixed, Tested . . . . Proof Gallons",1897,"11,609",11609
reexport,value,Manures,Unenumerated . . . . . „,1896,"11,560|1,929|11,569",11569
reexport,quantity,,Perfumed,1893,"11,559",11559
reexport,quantity,Zinc,"Manufactures of, unenumerated",1899,"11,500",11500
export_uk,value,,"Wood and Timber, viz. :Rough, Hewn, Sawn, or Split - - -",1894,"11,488",11488
import,quantity,,"Wax, Bees'",1866,"11,484",11484
reexport,quantity,,Margarine (including all kinds of Artificial or Imitation Butter),1896,"11,484",11484
reexport,quantity,Beer and Ale,Margarine (including all kinds of Imitation Butter),1896,"11,484",11484
reexport,value,,Margarine (including all kinds of Artificial or Imitation Butter) . . . . . ”,1896,"11,484",11484
import,quantity,Dyeing or Tanning Stuffs,"Madder, Madder Root, Garnoine, and Munjeet - """,1891,"11,477",11477
import,quantity,,Pitch and Tar,1890,"11,451",11451
import,quantity,,Shumash,1890,"11,432",11432
reexport,value,,Poole -,1877,"11,419",11419
reexport,quantity,""" Unenumerated",""" Sweetened or",1898,"11,413",11413
reexport,value,,"Sweetened or Mixed, Tested . . . . Proof Gallons",1898,"11,413",11413
import,quantity,,Unmanufactured,1884,"11,406",11406
export_uk,value,"Arms, viz","Cannon, Mortars, and Machine Guns . . . . . Cts.",1894,"11,396",11396
import,quantity,Dyeing or Tanning Stuffs,"Madder, Madder Root, Garnoine, and Munjeet - """,1890,"11,378",11378
import,value,Dyeing or Tanning Stuffs,"Madder, Madder Root, Garanoine, and Munjeet . . . . . """,1890,"11,373",11373
reexport,value,,"Hair :Cow, Ox, Bull, or Elk . . . . . """,1898,"11,373",11373
reexport,value,,Beaumaris -,1876,"11,362",11362
reexport,value,"Metals, viz.","Lead, Pig or Sheet",1871,"11,352",11352
reexport,value,,Pitch . . . . . Cts.,1895,"11,341",11341
reexport,value,,Pitch . . . . . Cts.,1897,"11,336",11336
reexport,value,Dye-stuffs and Substances for Tanning or Dyeing,Cochineal . . . . .,1900,"11,332",11332
reexport,quantity,,Margarine (including all kinds of Artificial or Imitation Butter),1900,"11,326",11326
reexport,value,,Margarine (including all kinds of Artificial or Imitation Butter) . . . . . ”,1900,"11,326",11326
reexport,value,,Bridport -,1875,"11,308",11308
reexport,value,Dyeing or Tanning Stuffs,Cochineal . . . . . Cuts.,1886,"11,303",11303
import,value,,"Milk and Cream, Fresh, or Preserved, other than Condensed",1898,"11,293",11293
reexport,value,,Newport -,1878,"11,278",11278
reexport,value,Metal,",, Wrought or Manufactured - - - - -",1899,"11,212",11212
reexport,value,,Poole - - - - -,1899,"11,208",11208
reexport,quantity,,"Knobs or Husks of Silk, and Waste",1880,"9,241|11,189",11189
reexport,value,,"Sweetened or Mixed, Tested . . . . Proof Gallons",1896,"11,186",11186
import,quantity,,Shummach,1885,"11,157",11157
reexport,value,,Raw - - - - -,1893,"11,157",11157
reexport,value,,Faversham -,1874,"11,139",11139
reexport,quantity,""" Unenumerated",""" Sweetened or",1896,"11,136",11136
import,quantity,,"Sparkling, Red: Burgundy "" "" "" """,1893,"11,133",11133
reexport,value,,Manufactures : Boots and Shoes . . . . . Dozen Pairs,1889,"11,129",11129
import,quantity,,"Ginger, Raw",1866,"11,127",11127
reexport,value,,"British and Foreign, mixed in Bond . . . . .",1898,"11,074",11074
reexport,value,,„ British and Foreign „ „,1898,"11,074",11074
import,value,,"Madder, Mulder Root, Garancine, and Munjeet - - - - -",1893,"11,039",11039
reexport,value,,Paraffine and Paraffine Wax - - - - -,1900,"10,960|8,712",10960
reexport,value,,Paraffino and Paraffine Wax - - - - -,1900,"10,960",10960
reexport,quantity,Zinc,"Manufactures of, unenumerated",1895,"10,945|10,946",10946
reexport,quantity,Zinc,"Manufactures of, unenumerated - Cuts.",1895,"10,946",10946
reexport,quantity,,"Bar, Angle, Bolt, and Rod",1900,"10,945",10945
reexport,quantity,,Puddled,1900,"10,945",10945
reexport,quantity,,Geneva,1896,"10,944",10944
reexport,quantity,Not Sweetened,Geneva,1896,"10,944",10944
reexport,quantity,Spices,""" Geneva",1896,"10,944",10944
export_uk,value,,Cheese . . . . . Cts.,1893,"10,917",10917
import,quantity,,"Teeth, Elephants', Sea-cows', or Walrus'",1896,"10,911",10911
reexport,value,,Poole . . . . .,1893,"10,907",10907
reexport,quantity,,Wood Pulp Boards . . . . . . . .,1899,"10,882",10882
reexport,value,Paper,Wood Pulp Boards . . . . . ”,1899,"10,882",10882
import,quantity,,"Soap, Transparent, in the manufacture of which Spirithas been used",1899,"10,862",10862
reexport,quantity,,Velvet Broadstuffs (see Silk Manufactures).Vicuna Wool (see Wool).Vinegar,1899,"10,826",10826
reexport,value,,"British and Foreign, mixed in Bond . . . . .",1896,"10,824",10824
reexport,value,,„ British and Foreign „ „,1896,"10,824",10824
reexport,value,Not Sweetened,"British and Foreign, mixed in Bond - - - - -",1896,"10,824",10824
reexport,value,,„ British and Foreign „ „,1900,"10,807",10807
import,quantity,,Hoops,1866,"10,793",10793
reexport,quantity,,Othersorts,1895,"10,769",10769
reexport,quantity,""" Preserved otherwise than by Salting",Other sorts,1895,"10,769",10769
reexport,quantity,Arms,Fresh,1894,"10,722",10722
import,value,Imported in Bottles,""" Burgundy - - - - -",1900,"10,699",10699
reexport,quantity,,"„ „ Silver, gilt or ungilt . . . . .",1893,"10,687",10687
import,value,,"Cannon and Mortars, and parts thereof - - - - -",1893,"10,664",10664
reexport,value,,""" "" Silver, gilt or ungilt . . . . . """,1893,"10,657",10657
reexport,value,,Faversham -,1875,"10,630",10630
reexport,value,,Littlehampton -,1878,"10,621",10621
reexport,quantity,,Margarine (including all kinds of Imitation Butter),1894,"10,616",10616
reexport,quantity,Beer and Ale,Margarine (including all kinds of Imitation Butter),1894,"10,616",10616
reexport,value,,Exeter -,1875,"10,607",10607
reexport,quantity,Dyeing or Tanning Stuffs,Cutch and Gambier,1878,"10,574",10574
reexport,value,Wool,Other Goats' Wool or Hair - - - - -,1898,"10,554",10554
import,quantity,,Seed,1883,"10,524",10524
reexport,value,,Manufactures : Boots and Shoes . . . . . Dozen Pairs,1890,"10,514",10514
import,value,,"Shot, large and small - - - - -",1893,"10,509",10509
import,value,,"Swords, Cutlasses, Matchets, and Bayonets - - - - -",1900,"10,505",10505
reexport,quantity,Spices,""" Geneva",1898,"10,496",10496
reexport,quantity,,Oleo Margarine . . . . .,1893,"10,494",10494
reexport,value,,Oleo Margarine . . . . . Cts.,1893,"10,494",10494
export_uk,value,,Cheese . . . . . Cts.,1895,"10,476",10476
export_uk,quantity,Wrought or partly wrought,Of other Sorts,1867,"10,475",10475
reexport,quantity,,Cheese,1867,"10,465",10465
reexport,quantity,,Geneva,1898,"10,456",10456
reexport,quantity,,Gutch and Gambier,1889,"10,449",10449
reexport,quantity,,"Feathers and Down, for Beds",1893,"10,421",10421
reexport,quantity,,"Feathers and Down, for Bells",1893,"10,421",10421
reexport,quantity,,Cutch and Gambier,1889,"10,419",10419
reexport,quantity,,"Sago, Sago Meal, and Flour . . . . .",1900,"10,412",10412
reexport,value,,"Sago, Sago Meal, and Flour . . . . . """,1900,"10,412",10412
import,quantity,,"Ammunition :Shot, large and small",1896,"10,407",10407
export_uk,value,,Cheese . . . . . Cts.,1896,"10,333",10333
export_uk,value,,Cheese . . . . . Cts.,1897,"10,319",10319
import,quantity,,"Teeth, Elephants', Sea-cows', or Walrus'",1897,"10,288",10288
import,quantity,,Sumach,1900,"10,281",10281
import,quantity,,Sunnach,1900,"10,281",10281
import,value,,"Cards, Playing - - - - -",1899,"10,200|10,267",10267
reexport,quantity,Zinc,"Manufactures of, unenumerated",1894,"10,215",10215
reexport,quantity,Zinc,"Manufactures of, unenumerated - Cuts.",1894,"10,215",10215
export_uk,value,,Cheese . . . . . Cts.,1894,"10,205",10205
reexport,quantity,,Othersorts,1893,"10,198",10198
reexport,quantity,,Gutch and Gambier,1886,"10,193",10193
reexport,value,,Beaumaris -,1877,"10,189",10189
export_uk,quantity,,Margarine and all Artificial Butters - Cts.,1896,"10,187",10187
reexport,quantity,""" Unenumerated",""" Liqueurs, Cordials,    &amp;c., not tested",1899,"10,157",10157
reexport,value,,"„ Liqueurs, Cordials, &amp;c., not tested „",1896,"10,140",10140
reexport,quantity,,""" "" Not Tested",1899,"10,137",10137
reexport,value,,"„ Liqueurs, Cordials, &amp;c., not tested „",1899,"10,124",10124
reexport,value,,Exeter -,1876,"10,116",10116
import,value,,"Mum, Spruce or Black Beer, Berlin White Beer,and other similar preparations - - - - -",1896,"10,104",10104
reexport,value,Leather,"Varnished, Japaned, or Enamelled - - - - -",1896,"10,093",10093
import,value,,"Mum, Spruce or Black Beer, Berlin White Beer,and other similar preparations - - - - -",1894,"10,065",10065
reexport,value,,"For other purposes, including Berlin Wool and Zephyr Yarn",1896,"10,061",10061
import,value,,"Mum, Spruce or Black Beer, Berlin White Beer,and other similar preparations - - - - -",1893,"10,060",10060
reexport,quantity,,Margarine (including all kinds of Artificial or Imitation Butter),1898,"10,023",10023
reexport,quantity,Beer and Ale,Margarine (including all kinds of Imitation Butter),1898,"10,023",10023
reexport,value,,Margarine (including all kinds of Artificial or Imitation Butter) . . . . . ”,1898,"10,023",10023
reexport,value,,Bridport -,1874,"10,021",10021
import,quantity,,"Teeth, Elephants', Sea-cow, Sea-horse, or Sea-morse",1893,"10,018",10018
import,quantity,,"Teeth, Elephants', Sea-cows', or Walrus'",1898,"10,002",10002
import,quantity,Dye Woods,Unenumerated,1898,"9,963",9963
import,value,,"Mum, Spruce or Black Beer, Berlin White Beer,and other similar preparations - - - - -",1895,"9,963",9963
import,value,Dye Woods,"Unenumerated . . . . . """,1898,"9,963",9963
reexport,quantity,Furniture woods,Unenumerated,1893,"9,958",9958
export_uk,quantity,,"Tobacco and Snuff manufactured in the United Kingdom, viz. :Cigars",1899,"9,943",9943
import,quantity,,"Teeth, Elephants', Sea-cow, Sea-horse, or Sea-morse „",1899,"9,939",9939
import,quantity,,"Teeth, Elephants', Sea-cows', or Walrus'",1899,"9,939",9939
reexport,quantity,,Pulp of Wood . . . . .,1895,"9,896",9896
reexport,value,,"Pulp of Wool . . . . . """,1895,"9,896",9896
import,quantity,,"Teeth, Elephants', Sea-cows', or Walrus'",1900,"9,889",9889
reexport,value,,Hull -,1878,"9,882",9882
reexport,value,,"Fresh, Herrings . . . . . Cuts.",1896,"9,872",9872
reexport,value,,"British and Foreign, mixed in Bond . . . . .",1897,"9,868",9868
reexport,value,,„ British and Foreign „ „,1897,"9,868",9868
reexport,value,Not Sweetened,"British and Foreign, mixed in Bond - - - - -",1897,"9,868",9868
reexport,value,Hats or Bonnets,""" other Materials - - - - -",1899,"9,862",9862
reexport,value,,Hayle -,1876,"9,859",9859
import,value,,"Milk and Cream, Fresh, or Preserved, other than Condensed",1897,"9,848",9848
reexport,value,,"9,037 - - - - -",1897,"9,815",9815
reexport,value,Tobacco,""" - - - - -",1897,"180|9,815",9815
reexport,value,,""" Unwrought, in Bars, Blocks, Slabs, Cakesor Ingots . . . . . """,1897,"9,805",9805
reexport,quantity,,"Mica, Talc, French Chalk, &c.",1896,"9,668",9668
reexport,quantity,,"Mica, Tale, French Chalk, &amp;c.",1896,"9,668",9668
reexport,value,Manures,Phosphate of Lime and Rock - - - - -,1893,"9,658",9658
reexport,quantity,,Cutch and Gambier,1887,"9,631",9631
reexport,quantity,,Gutch and Gambier,1887,"9,631",9631
reexport,value,Metal,",, Wrought or Manufactured - - - - -",1898,"9,631",9631
reexport,value,,„ South,1898,"9,629",9629
reexport,quantity,,"Knobs or Husks of Silk, and Waste - - -",1886,"9,617",9617
import,quantity,,"Unenumerated Vegetable Substances applic-able to the same uses as Hemp or Flax - } """,1895,"9,601",9601
import,value,,"Mum, Spruce or Black Beer, Berlin White Beer,and other similar preparations - - - - -",1897,"9,598",9598
reexport,quantity,,"Unwrought, in Bars, Blocks or Slabs, Cakes or Ingots",1896,"9,591",9591
reexport,value,,"Plums, French, and Prunelloces . . . . .",1896,"9,541",9541
reexport,value,,"Plums, French, and Prunelloes",1896,"9,541",9541
reexport,value,,"„ Liqueurs, Cordials, &amp;c., not tested „",1897,"9,541",9541
export_uk,quantity,,",, Fresh",1898,"9,502",9502
reexport,quantity,Arms,Fresh,1898,"9,502",9502
reexport,quantity,Zinc,"Manufactures of, unenumerated - Cuts.",1896,"9,498",9498
reexport,quantity,Beer and Ale,Margarine (including all kinds of Imitation Butter),1895,"9,455",9455
reexport,value,"Animals, Living",Unenumerated - - - - -,1897,"9,445",9445
reexport,value,Manufactures of Iron and Steel,""" Old, fit only to be re-manufactured - - - - -",1899,"9,382",9382
reexport,value,Metal,",, Old, fit only to be re-manufactured - - - - -",1899,"9,382",9382
reexport,quantity,,Cutch and Gambier,1888,"9,379",9379
reexport,quantity,,Gutch and Gambier,1888,"9,379",9379
reexport,value,,Woollen Manufactures: Of Goats' Wool or Hair - - - - -,1894,"9,313",9313
import,value,,"Confectionery, in the manufacture of which Spirit has been used",1893,"9,306",9306
import,value,,Containing not more than 50 per cent of Chocolate,1893,"9,303",9303
reexport,value,,""" Unwrought, in Bars, Blocks, Slabs, Cakesor Ingots . . . . . """,1896,"9,301",9301
reexport,value,Leather,"Varnished, Japaned, or Enamelled - - - - -",1897,"9,259",9259
export_uk,quantity,,Margarine and all Artificial Butters - Cts.,1897,"9,204",9204
export_uk,quantity,,"Tobacco and Snuff manufactured in the United Kingdom, viz. :Cigars",1900,"9,146",9146
export_uk,quantity,"Tobacco and Snuff manufactured in theUnited Kingdom, viz.",Cigars,1900,"9,146",9146
reexport,value,"Lace, and Articles thereof",""" Other Materials - - - - -",1895,"9,139",9139
export_uk,quantity,,Pictures : Oil and Water-colour - Number,1898,"9,082",9082
reexport,value,,Falmouth -,1877,"9,042",9042
reexport,value,,"9,037 - - - - -",1894,"9,037",9037
reexport,value,Tobacco,""" - - - - -",1894,"235|9,037",9037
reexport,quantity,,Othersorts,1894,"9,031",9031
reexport,quantity,,"Pork, Salted and Fresh",1869,"2,029|9,029",9029
reexport,value,Meat (except Poultry and Game),"Mutton, Fresh - - - - -",1900,"8,997",8997
reexport,quantity,,Gutch and Gambier,1885,"8,995",8995
import,value,"Sparkling, Red",Burgundy - - - - -,1897,"8,988",8988
reexport,quantity,Skins and Furs,"Teeth, Elephants', Sea Cow, Sea Horse or Sea Morse",1868,"8,985",8985
reexport,value,,Mares - - - - -,1893,"8,978",8978
export_uk,value,"Ammunition, viz.","Revolvers . . . . . """,1896,"8,972",8972
reexport,value,,Falmouth -,1876,"8,954",8954
import,quantity,,"Mauganese, Ore of",1876,"8,914",8914
reexport,value,,"Plums, French, and Prunelloces . . . . .",1899,"8,912",8912
reexport,value,,"Plums, French, and Pruneloes - - - - -",1899,"8,912",8912
export_uk,value,"Matches, viz.",Safety Matches - - - - -,1900,"8,903",8903
reexport,value,,"Plums, French, and Prunelloes",1895,"8,858",8858
import,value,,Isinglass . . . . . Cuts.,1891,"8,856",8856
reexport,value,,„ South,1897,"8,849",8849
reexport,value,,Faversham - - - - - -,1893,"8,836",8836
reexport,value,,Animal . . . . . Cts.,1895,"8,809",8809
import,quantity,,"- - - - - """,1893,"8,807",8807
reexport,value,,"Coals, Cuka, and Cinders - - - - -",1895,"8,803",8803
reexport,value,,Unenumerated - - - - -,1900,"8,794",8794
reexport,value,Horses (including Ponies),Unenumerated - - - - -,1900,"8,794",8794
reexport,value,,"9,037 - - - - -",1898,"8,790",8790
reexport,value,Tobacco,""" - - - - -",1898,"196|8,790",8790
export_uk,quantity,,Pictures : Oil and Water-colour - Number,1899,"8,774",8774
reexport,value,,"Pickles and Vegetables, preserved in Salt or Vinegar . . . . . """,1893,"8,769",8769
reexport,quantity,,"Pickles and Vegetables, preserved in Salt or Vinegar . . . . .",1893,"8,760",8760
import,quantity,,"Madder, Madder Root, Garancine, and Munject - ,,",1894,"8,744",8744
import,quantity,Dyeing or Tanning Stuffs,"Madder, Madder Root, Garnoine, and Munjeet - """,1894,"8,744",8744
reexport,value,,Preston -,1874,"8,739",8739
reexport,quantity,""" Unenumerated",""" Liqueurs, Cordials,    &amp;c., not tested",1896,"8,719",8719
import,quantity,,Pitch and Tar,1888,"8,705",8705
reexport,value,,Portsmouth -,1877,"8,692",8692
import,quantity,Sugar,Glucose (Liquid),1868,"8,684",8684
reexport,value,Manures,Fones for Manure (whether burnt or not) - - - - -,1896,"8,681",8681
import,value,Dye Woods,"Unenumerated . . . . . """,1897,"8,680",8680
reexport,value,Hats or Bonnets,""" other Materials - - - - -",1898,"8,663",8663
reexport,quantity,,Plate of Gold,1897,"8,656",8656
import,value,"Sparkling, Red",Burgundy - - - - -,1893,"8,654",8654
import,value,"Sparkling, Red",Burgundy - - - - -,1895,"8,652",8652
reexport,quantity,""" Unenumerated",""" Liqueurs, Cordials,    &amp;c., not tested",1897,"8,651",8651
reexport,value,Silk,"Spun, Silk Yarn, dyed or not dyed . . . . . „",1900,"8,615",8615
reexport,value,,"Pulp of Wool . . . . . """,1896,"8,589",8589
export_uk,value,"Horses (including Ponies), viz","Geldings . . . . . "" """,1893,"8,578",8578
export_uk,value,,"Wood and Timber, viz. :Rough, Hewn, Sawn, or Split - - -",1897,"8,568",8568
reexport,value,,"„ Liqueurs, Cordials, &amp;c., not tested „",1898,"8,481",8481
import,quantity,,"„ and Coffee, Roasted and Ground, Mixed",1899,"8,450",8450
reexport,value,,Bones for Manure (whether burnt or not) -,1893,"8,444",8444
reexport,value,Manures,Fones for Manure (whether burnt or not) - - - - -,1893,"8,444",8444
reexport,quantity,,Feathers and Down in Beds and for Beds . . . . .,1896,"8,392",8392
reexport,quantity,,"Feathers and Down, for Bells",1896,"8,392",8392
reexport,value,,Feathers and Down in Beds and for Beds . . . . . Cuts.,1896,"8,392",8392
reexport,quantity,,Pulp of Wood . . . . .,1896,"8,389",8389
reexport,value,,Cork - - - - - -,1899,"8,373",8373
import,value,,Isinglass . . . . . Cwtts.,1884,"8,356",8356
reexport,value,,„ Oro of . . . . .,1897,"8,351",8351
reexport,quantity,,Dye Woods : Logwood and all other Sorts,1886,"8,345",8345
reexport,value,,"Crude, in Cakes - - - - -",1895,"8,326",8326
reexport,value,,"Ivory Teeth, Elephants', Sea Cow, Sea Horse, or SeaMorse . . . . . """,1890,"8,243",8243
reexport,quantity,,Candles of all sorts,1900,"8,216",8216
reexport,value,,Candles of all sorts . . . . . Cuts.,1900,"8,216",8216
import,value,Ivory,Vegetable,1900,"8,211",8211
reexport,value,,Berwick - - - - - - -,1899,"8,147",8147
reexport,value,,Animal . . . . . Cts.,1897,"8,143",8143
import,quantity,,"Varnished, japanned or enameled",1897,"8,131",8131
reexport,value,Dyeing or Tanning Stuffs,Cochineal . . . . . Cuts.,1887,"8,114",8114
import,value,,"Madder, Mulder Root, Garancine, and Munjeet - - - - -",1895,"8,110",8110
reexport,value,,Chester -,1876,"8,103",8103
reexport,value,,"Plums, French, and Prunellocs . . . . .",1894,"8,098",8098
reexport,value,,Hayle -,1874,"8,095",8095
import,quantity,Dye Woods,Unenumerated,1897,"8,080",8080
reexport,value,,"Plums, French, and Prunelles - - - - -",1893,"8,072",8072
reexport,value,,"Plums, French, and Prunellocs . . . . .",1893,"8,072",8072
import,quantity,,"Ammunition :Shot, large and small",1895,"8,054",8054
reexport,quantity,Not Sweetened,""" Imitation Rum",1894,"8,052",8052
reexport,value,Manures,Unenumerated . . . . . „,1899,"8,052|1,239",8052
reexport,quantity,,Seai . . . . .,1893,"8,029",8029
reexport,value,,Seti . . . . . Tons,1893,"8,029",8029
import,quantity,,Pitch and Tar,1887,"8,026",8026
reexport,value,,Colchester -,1877,"8,022",8022
export_uk,quantity,,Margarine and all Artificial Butters - Cts.,1895,"8,019",8019
reexport,quantity,,"Knobs or Husks of Silk, and Waste",1878,"8,012",8012
reexport,value,,"Plums, French, and Prunelloes",1894,"8,003",8003
reexport,value,,"Plums, French, and Pruneloes",1894,"8,003",8003
reexport,quantity,,"Ivory Teeth, Elephants, Sea Cow, Sea Horse or Sea Horse",1880,"7,967",7967
reexport,quantity,,"Ivory Teeth, Elephants, Sea Cow, Sea Horse or Sea Horse Cuts.",1880,"7,967",7967
reexport,quantity,,"Copper, Unwrought, part Wrought, and oldCopper",1895,"7,966",7966
reexport,quantity,""" Unenumerated",""" Liqueurs, Cordials,    &amp;c., not tested",1898,"7,964",7964
import,quantity,,Unmanufactured,1881,"7,941",7941
reexport,quantity,,Maize or Indian Corn Meal,1899,"7,930",7930
reexport,value,,"Maize or Indian Corn Meal . . . . . """,1899,"7,930",7930
reexport,quantity,,Velvet Broadstuffs (see Silk Manufactures).Vicuna Wool (see Wool).Vinegar,1900,"7,915",7915
reexport,quantity,,Vinegar,1900,"7,915",7915
reexport,value,,"Plums, French, and Prunelloces . . . . .",1898,"7,863",7863
reexport,value,,"Plums, French, and Prunellocs - - - - -",1898,"7,803|7,863",7863
reexport,value,,"Plums, French, and Prunelloes",1898,"7,863",7863
import,quantity,,"Milk and Cream, Fresh, or Preserved, other than Condensed Milk - - - - - } Gallons. Gallons. Cwts. Cwts. Cwts.",1899,"7,859",7859
reexport,quantity,,Horns and Hoofs,1891,"7,857",7857
reexport,value,Hats or Bonnets,""" other Materials - - - - -",1896,"7,804",7804
reexport,value,,"Off, fit only to be re-manufactured . . . . .",1896,"7,803",7803
reexport,quantity,Paper-making Materials,Other Materials,1895,"7,781",7781
reexport,value,,Irvine . . . . .,1893,"7,776",7776
import,quantity,,Unmanufactured,1880,"7,765",7765
reexport,value,,"Flint, plain, &amp;c., and Manufactures of Flint GlassBottles . . . . . Gross",1900,"7,764",7764
import,quantity,Dyeing or Tanning Stuffs,Madder Root,1879,"7,751",7751
export_uk,value,"Horses (including Ponies), viz","Sheep and Lambs . . . . . "" """,1893,"7,734",7734
import,quantity,"""    Manufactures of Iron and Steel","""    ""    Old, fit only to be re-manufactured",1900,"7,692",7692
import,value,,"Madder, Mulder Root, Garancine, and Munjeet - - - - -",1896,"7,684",7684
reexport,quantity,,"Ivory Teeth, Elephants, Sea Cow, Sea Horse, or Sea",1889,"7,671",7671
reexport,quantity,,"Ivory Tooth, Elephants, Sea Cow, Sea Horse, or Sea Morsc",1889,"7,671",7671
reexport,quantity,,"Ivory, Teeth, Elephants', Sea Cow, Sea Horse, or Sea Horse",1889,"7,671",7671
reexport,value,,"Ivory Teeth, Elephants', Sea Cow, Sea Horse, or SeaMorse . . . . . """,1889,"7,671",7671
reexport,value,,"Plums, French, and Prunelloces . . . . .",1897,"7,659",7659
reexport,value,,"Plums, French, and Prunelloes",1897,"7,659",7659
reexport,quantity,,"Ivory Teeth, Elephants, Sea Cow, Sea Horse or Sea Horse",1881,"7,640",7640
reexport,quantity,,"Ivory Teeth, Elephants, Sea Cow, Sea Horse or Sea Horse Cuts.",1881,"7,640",7640
reexport,quantity,,Pyrites of Iron or Copper . . . . .,1893,"7,634",7634
reexport,quantity,,"Stones, Slabs, and Marble, rough, hewn, or manufactured (other than Works of Art) . . . . .",1900,"7,623",7623
reexport,quantity,,Dye Woods : Logwood and all other Sorts,1887,"7,607",7607
reexport,value,,Chester -,1874,"7,593",7593
export_uk,quantity,"Horses (including Ponies), viz.",Sheep and Lambs,1899,"7,586",7586
import,value,,"Cocoa or Chocolate, in the manufacture of which Spirit has been used - - - - -",1893,"7,575",7575
export_uk,quantity,"Horses (including Ponies), viz.",Mares,1899,"7,572",7572
reexport,value,,Berwick -,1876,"7,567",7567
reexport,value,,Pitch . . . . . Cts.,1896,"7,566",7566
reexport,quantity,,"Platina, wrought or unwrought . . . . .",1895,"7,525",7525
reexport,quantity,,Plated and Gilt Ware,1895,"7,523",7523
reexport,value,,"Platina, wrought or unwrought . . . . . Ozs. Troy",1895,"7,523",7523
reexport,value,,Seal Cake of other Sorts - - - - -,1897,"7,516",7516
reexport,quantity,,"Mica, Talc, French Chalk, &c.",1898,"7,491",7491
reexport,quantity,,"Mica, Tale, French Chalk, &amp;c.",1898,"7,491",7491
import,value,,Isinglass . . . . . Cuts.,1892,"7,467",7467
reexport,quantity,,"Knobs or Husks of Silk, and Waste",1877,"7,450",7450
reexport,value,,Rochester - - - - -,1899,"7,437",7437
reexport,value,,Candles of all sorts . . . . . Cuts.,1898,"7,431",7431
reexport,quantity,,Pulp of Wood . . . . .,1894,"7,428",7428
reexport,value,,"Pulp of Wool . . . . . """,1894,"7,428",7428
reexport,value,,Chester -,1875,"7,426",7426
reexport,value,,"Plums, French, and Prunelloces . . . . .",1900,"7,393",7393
reexport,value,,"Plums, French, and Prunellocs . . . . .",1900,"7,393",7393
reexport,value,,"Unenumerated, not sweetened or mixed . . . . .",1899,"7,352|7,353",7353
reexport,value,,""" Unwrought, in Bars, Blocks, Slabs, Cakesor Ingots . . . . . """,1895,"7,338",7338
reexport,value,,„ Oro of . . . . .,1898,"7,312",7312
import,value,,Isinglass . . . . . Cuts.,1889,"7,277",7277
reexport,value,,""" Sperma - - - - -",1893,"7,274",7274
reexport,value,,„ Sperm . . . . .,1893,"7,274",7274
export_uk,value,,"Matches, viz. : Safety Matches - - - - - -",1899,"7,256",7256
export_uk,value,"Matches, viz.",Safety Matches - - - - -,1899,"7,256",7256
reexport,quantity,,"Feathers and Down, for Bells",1894,"7,250",7250
import,value,Dyeing or Tanning Stuffs,Madder Root,1879,"7,239",7239
reexport,value,Manufactures of Iron and Steel,""" Old, fit only to be re-manufactured - - - - -",1897,"7,237",7237
import,value,,"Cocoa or Chocolate, in the manufacture of which Spirit has been used - - - - -",1895,"7,235",7235
reexport,quantity,,"Feathers and Down, for Bells",1895,"7,209",7209
reexport,value,,"Oil, fit only to be re-manufactured - - - - -",1896,"7,203",7203
reexport,value,,"Methylc Alcohol, not purified so as to be potable - - - - -",1893,"7,188",7188
reexport,value,,"Methylic Alcohol, not purified so as to be potable -",1893,"7,188",7188
import,value,,Gunpower - - - - -,1900,"7,180",7180
reexport,quantity,,"Card, Playing",1893,"7,159",7159
reexport,quantity,,"Cards, Playing",1893,"7,159",7159
reexport,value,Dyeing or Tanning Stuffs,Cochineal . . . . . Cuts.,1889,"7,157",7157
import,value,,Safflower,1884,"7,109",7109
import,quantity,,"Bones, applicable to Manufacturing purposes",1893,"5,049|7,098",7098
reexport,value,,"Knobs or Husks of Silk, and Waste . . . . .",1887,"7,071",7071
reexport,quantity,Silk,"Knubs or Husks of Silk, and Waste - Cicts.",1893,"7,061",7061
reexport,value,,'' '' Other Goats' Wool or Hair - - - -,1899,"7,040",7040
import,value,,Isinglass . . . . . Cwtts.,1887,"7,023",7023
reexport,quantity,,"Ivory Teeth, Elephants', Sea Cow, Sea Horse, or Sea Morse Cuts.",1892,"7,019",7019
import,quantity,,"Madder, Madder Root, Garancine, and Munject - ,,",1893,"7,006",7006
import,quantity,Dyeing or Tanning Stuffs,"Madder, Madder Root, Garnoine, and Munjeet - """,1893,"7,006",7006
reexport,value,,Honey - - - - -,1899,"6,180|7,005",7005
reexport,value,,"Rifles, Carbines, Fowling Pieces, Muskets, Pistols orGuns, of any other sorts unenumerated, and partsthereof - - - - -",1896,"7,003",7003
reexport,value,Arms,"Rifles, Carbines, Fowling Pieces, Muskets, Pistols or Guns, of any other sorts unenumerated, and parts thereof - - - - -",1896,"7,003",7003
reexport,quantity,,Plated and Gilt Ware,1896,"6,992",6992
reexport,quantity,,"Platina, wrought or unwrought . . . . .",1896,"6,992",6992
import,value,,Isinglass . . . . . Cuts.,1890,"6,987",6987
reexport,value,,Dried or Preserved - - - - -,1899,"6,971",6971
reexport,quantity,Tobacco,""" Snuff",1893,"6,947",6947
reexport,value,,"Copper, Ore of - - - - -",1893,"6,942",6942
reexport,quantity,,"Knobs or Husks of Silk, and Waste",1882,"6,941",6941
reexport,quantity,,"Soap, Transparent, in the manufacture of which Spirit has been used",1893,"6,941",6941
reexport,value,,"Soup, Transparent, in the manufacture of which Spirithas been used - - - - -",1893,"6,941",6941
reexport,value,Hats or Bonnets,""" other Materials - - - - -",1895,"6,941",6941
reexport,value,,"Platina, wrought or unwrought . . . . . Ozs. Troy",1896,"6,932",6932
import,value,Ivory,Vegetable,1899,"6,931",6931
reexport,value,,„ South,1896,"6,930",6930
import,quantity,,"Unenumerated Vegetable Substances applic-able to the same uses as Hemp or Flax - } """,1894,"6,900",6900
import,quantity,Dyeing or Tanning Stuffs,"Madder, Madder Root, Garnoine, and Munjeet - """,1892,"6,891",6891
reexport,value,Not Sweetened,Unenumerated - - - - -,1895,"6,865",6865
import,value,,Isinglass . . . . . Cuts.,1888,"6,824",6824
import,value,,Isinglass . . . . . Cwtts.,1888,"6,824",6824
reexport,value,,Myrobalans - - - - -,1893,"6,820",6820
reexport,value,,Boston -,1875,"6,796",6796
reexport,quantity,,Velvet Broadstuffs (see Silk Manufactures).Vicuna Wool (see Wool).Vinegar,1897,"6,777",6777
reexport,quantity,,"Ivory, Teeth, Elephants', Sea Cow, Sea Horse, or Sea Horse",1888,"6,713",6713
reexport,quantity,,"Ivory Teeth, Elephants, Sea Cow, Sea Horse, or Sea",1888,"6,712",6712
reexport,quantity,,"Ivory Tooth, Elephants, Sea Cow, Sea Horse, or Sea Morsc",1888,"6,712",6712
reexport,value,,Colchester -,1875,"6,703",6703
reexport,value,,„ South,1895,"6,657",6657
reexport,quantity,,„ Imitation Lani - - - - -,1893,"6,650",6650
reexport,quantity,,„ Imitation Lard,1893,"6,650",6650
reexport,value,,Berwick -,1874,"6,646",6646
export_uk,value,,"Wood and Timber, viz. :Rough, Hewn, Sawn, or Split - - -",1898,"6,642",6642
reexport,quantity,,"Ivory Teeth, Elephants, Sea Cow, Sea Horse or Sea Horse Cuts.",1878,"6,558",6558
reexport,value,,"Off, fit only to be re-manufactured . . . . .",1893,"6,547",6547
reexport,value,,"Oil, fit only to be re-manufactured - - - - -",1893,"6,547",6547
reexport,quantity,Dye-stuffs and Substances for Tanning or Dyeing,Cutch and Gambier,1896,"6,523",6523
reexport,value,Hats or Bonnets,Of Straw - - - - -,1899,"6,519",6519
reexport,value,,Bridgewater -,1878,"6,502",6502
reexport,value,,Portsmouth -,1876,"6,495",6495
export_uk,value,,"Meal, unenumerated - - - - -",1900,"6,488",6488
reexport,quantity,,"Mica, Talc, French Chalk, &c.",1897,"6,483",6483
reexport,quantity,,"Mica, Tale, French Chalk, &amp;c.",1897,"6,483",6483
reexport,quantity,Paper-making Materials,Other Materials,1896,"6,467",6467
import,quantity,,Unmanufactured,1879,"6,461",6461
import,quantity,,"Unenumerated Vegetable Substances applic-able to the same uses as Hemp or Flax - } """,1896,"6,444",6444
reexport,quantity,Paper-making Materials,Linen and Cotton Rags,1899,"6,431",6431
import,value,,Isinglass . . . . . Cwtts.,1885,"6,412",6412
reexport,quantity,Hewn,Teak,1900,"6,401",6401
reexport,quantity,,"Ivory Teeth, Elephants', Sea Cow, Sea Horse, or Sea Morse Cuts.",1895,"6,363",6363
reexport,value,"Wine, Imported in Casks","Red and White, mixed, in Bond - - - - -",1895,"6,302",6302
reexport,quantity,,"Ivory Teeth, Elephants, Sea Cow, Sea Horse, or Sea",1887,"6,298",6298
reexport,quantity,,"Ivory Tooth, Elephants, Sea Cow, Sea Horse, or Sea Morsc",1887,"6,298",6298
reexport,value,,„ Oro of . . . . .,1896,"6,293",6293
reexport,value,,"Other Materials . . . . . """,1893,"6,291",6291
export_uk,quantity,,Margarine and all Artificial Butters - Cwts.,1893,"6,290",6290
reexport,value,,Myrobalans - - - - -,1894,"6,287",6287
reexport,quantity,,"Ivory Teeth, Elephants, Sea Cow, Sea Horse or Sea Horse",1883,"6,286",6286
reexport,quantity,,"Ivory Teeth, Elephants, Sea Cow, Sea Horse, or SeaMorse",1883,"6,236|6,286",6286
import,value,Dyeing or Tanning Stuffs,Sallow - - - - -,1888,"6,283",6283
reexport,quantity,,"Stones, Slabs, and Marble, rough, hewn, or manufactured (other than Works of Art) . . . . .",1897,"6,246",6246
export_uk,quantity,,Margarine and all Artificial Butters - Cts.,1894,"6,220",6220
export_uk,quantity,,Margarine and all Artificial Butters - Cts.,1893,"6,200",6200
reexport,value,Dyeing or Tanning Stuffs,Cochineal . . . . . Cuts.,1888,"6,168",6168
reexport,quantity,,"Knobs or Husks of Silk, and Waste - - -",1885,"6,159",6159
reexport,quantity,,"Teeth, Elephants', Sea Cow, Sea Horse or Sea Horse",1866,"6,143",6143
reexport,quantity,Skins and Furs,"Teeth, Elephants', Sea Cow, Sea Horse or Sea Morse",1866,"6,143",6143
reexport,quantity,Paper-making Materials,Other Materials,1898,"6,141",6141
reexport,quantity,Spices,""" Geneva",1900,"6,126",6126
reexport,quantity,,"Ivory Teeth, Elephants, Sea Cow, Sea Horse, or Sea",1886,"6,074",6074
reexport,quantity,,"Ivory Tooth, Elephants, Sea Cow, Sea Horse, or Sea Morsc",1886,"6,074",6074
reexport,quantity,Paper-making Materials,"Pulp of Wood, Chemical",1899,"6,067",6067
import,quantity,,"Madder, Madder Root, Garancine, and Munject - ,,",1895,"6,054",6054
import,value,"Dye-stuffs, and Substances for Tanning or Dyeing","Mudder, Mudder Root, Garancine, and Munjeet . . . . . """,1895,"6,054",6054
import,value,,"Swords, Cutlasses, Matchets, and Bayonets - - - - -",1898,"6,043",6043
reexport,value,,Boston -,1877,"6,036",6036
reexport,value,Dyeing or Tanning Stuffs,Cochineal . . . . . Cuts.,1890,"6,020",6020
reexport,quantity,Lead,Ore of,1899,"6,011",6011
reexport,value,,Gre of - - - - -,1898,"6,011",6011
reexport,value,Zinc,Cre of - - - - -,1898,"6,011",6011
reexport,value,Zinc,Ore of - - - - -,1898,"6,011",6011
reexport,quantity,Dye-stuffs and Substances for Tanning or Dyeing,Cutch and Gambier,1897,"5,990",5990
reexport,quantity,,"Teeth, Elephants', Sea Cow, Sea Horse or Sea Horse",1868,"5,985",5985
reexport,value,"Plate, viz.","Other plate, whether silvered or not - - - - -",1893,"5,958",5958
import,value,,Isinglass . . . . . Cwtts.,1886,"5,952",5952
import,value,Dyeing or Tanning Stuffs,Sallow - - - - -,1886,"5,934",5934
export_uk,quantity,,"Methylic Alcohol, not purified so as to be potable",1893,"5,928",5928
reexport,value,Not Sweetened,Unenumerated - - - - -,1893,"5,922",5922
export_uk,value,,"Wood and Timber, viz. :Rough, Hewn, Sawn, or Split - - -",1896,"5,911",5911
reexport,quantity,,"Teeth, Elephants', Sea Cow, Sea Horse or Sea Horse",1869,"5,911",5911
reexport,quantity,Skins and Furs,"Teeth, Elephants', Sea Cow, Sea Horse or Sea Morse",1869,"5,911",5911
reexport,value,Not Sweetened,Unenumerated - - - - -,1894,"5,911",5911
export_uk,value,"Horses (including Ponies), viz.","Mares . . . . . """,1900,"5,901",5901
import,quantity,,"Unenumerated Vegetable Substances applic-able to the same uses as Hemp or Flax - } """,1897,"5,898",5898
reexport,quantity,,"Ivory Teeth, Elephants', Sea Cow, Sea Horse, or Sea Morse Cuts.",1894,"5,897",5897
export_uk,value,"Arms, viz.","Swords, Cutlasses, Bayonets, and Arms of other Sorts, not being Firearms - - - - -",1893,"5,890",5890
reexport,value,Sawn,Unenumerated - - - - -,1893,"5,881",5881
reexport,value,,Falmouth -,1874,"5,880",5880
reexport,value,,Portsmouth -,1874,"5,875",5875
reexport,value,Manures,Unenumerated . . . . . „,1898,"5,864|1,044",5864
import,value,Ivory,Vegetable,1898,"5,849",5849
reexport,quantity,,"Ivory Teeth, Elephants, Sea Cow, Sea Horse, or Sea",1885,"5,847",5847
reexport,quantity,,"Ivory Tooth, Elephants, Sea Cow, Sea Horse, or Sea Morsc",1885,"5,847",5847
reexport,value,,"Ivory Teeth, Elephants, Sea Cow, Sea Horse, or SeaMorse . . . . . """,1885,"5,847",5847
reexport,quantity,Silk,"Knubs or Husks of Silk, and Waste - Cicts.",1895,"5,781",5781
reexport,quantity,,"Ivory Teeth, Elephants', Sea Cow, Sea Horse, or Sea Morse Cuts.",1893,"5,777",5777
reexport,quantity,,"Ivory Teeth, Elephants', Sea Cow, Sea Horse, or SeaMorse",1893,"5,777",5777
import,quantity,Metals and Ores,",, Puddled",1900,"5,758",5758
reexport,value,Not Sweetened,Unenumerated - - - - -,1896,"5,754",5754
reexport,value,Leather,"Varnished, Japaned, or Enamelled - - - - -",1895,"5,752",5752
reexport,quantity,,"Teeth, Elephants', Sea Cow, Sea Horse or Sea Horse",1867,"5,750",5750
reexport,quantity,Skins and Furs,"Teeth, Elephants', Sea Cow, Sea Horse or Sea Morse",1867,"5,750",5750
reexport,value,Oils,Animal,1900,"5,743",5743
import,quantity,,Imitation Cheese,1899,"5,731",5731
reexport,quantity,,"Ore, unenumerated . . . . . . . .",1899,"5,722",5722
reexport,value,Manufactures of Iron and Steel,""" Old, fit only to be re-manufactured - - - - -",1898,"5,704",5704
reexport,value,Metal,",, Old, fit only to be re-manufactured - - - - -",1898,"5,704",5704
import,quantity,,"Old, fit only to be re-manu-    factured.",1897,"5,703",5703
reexport,quantity,,Seai . . . . .,1897,"5,692",5692
reexport,value,,Seti . . . . . Tons,1897,"5,692",5692
reexport,value,,Seal Cake of other Sorts - - - - -,1894,"5,691",5691
reexport,value,,Lowestoft -,1875,"5,690",5690
reexport,quantity,,"Ivory Teeth, Elephants, Sea Cow, Sea Horse or Sea Horse",1884,"5,684",5684
reexport,value,,"Ivory Teeth, Elephants, Sea Cow, Sea Horse, or SeaMorse . . . . . """,1884,"5,684",5684
reexport,quantity,,"Stones, Slabs, and Marble, rough, hewn, or manufactured (other than Works of Art) . . . . .",1898,"5,676",5676
import,quantity,,Cedar,1866,"5,647",5647
reexport,value,,Candles of all sorts . . . . . Cuts.,1899,"5,629",5629
import,quantity,,Whalebone (Whalefin),1886,"5,618",5618
import,quantity,,Whalebone (Whalefins),1886,"5,513|5,618|5,518",5618
reexport,quantity,,"Ivory Teeth, Elephants, Sea Cow, Sea Horse or Sea Horse Cuts.",1879,"5,596",5596
reexport,quantity,,"Ivory Teeth, Elephants, Sea Cow, Sea Horse or Sea Morse",1879,"5,596",5596
reexport,quantity,,"Stones, Slabs, and Marble, rough, hewn, or manufactured (other than Works of Art) . . . . .",1896,"5,493",5493
import,value,,"Milk and Cream, Fresh, or Preserved, other than Condensed",1896,"5,489",5489
reexport,value,,Lowestoft - - - - - -,1893,"5,442",5442
import,value,,Gunpower - - - - -,1897,"5,441",5441
reexport,quantity,,"Steel, Unwrought",1869,"5,427|5,127",5427
reexport,quantity,,"Stones, Slabs, and Marble, rough, hewn, or manufactured (other than Works of Art) . . . . .",1899,"5,381",5381
import,value,Dyeing or Tanning Stuffs,Madder Root and Munjeet,1881,"5,378",5378
reexport,quantity,,"Ivory Teeth, Elephants, Sea Cow, Sea Horse or Sea Horse",1882,"5,345",5345
reexport,quantity,,"Ivory Teeth, Elephants, Sea Cow, Sea Horse, or SeaMorse",1882,"5,345",5345
reexport,value,,Exeter -,1877,"5,325",5325
reexport,quantity,,"Knobs or Husks of Silk, and Waste",1871,"5,322",5322
reexport,quantity,,"Ivory Teeth, Elephants, Sea Cow, Sea Horse or Sea Horse Cuts.",1882,"5,315",5315
reexport,value,Paper,Wool Pulp Boards - - - - -,1899,"5,296",5296
reexport,quantity,,"Unwrought, in Bars, Blocks or Slabs, Cakes or Ingots",1894,"5,291",5291
reexport,value,,"Rockets and other combustibles for purposes of war,Explosives, Percussion Caps, and Ammunition, un-enumerated - - - - -",1893,"5,291",5291
reexport,value,Ammunition,"Rockets and other combustibles for purposes of war, Explosives, Percussion Caps, and Ammunition, unenumerated - - - - -",1893,"5,291",5291
reexport,value,,Bridgewater -,1875,"5,288",5288
reexport,value,,Falmouth -,1875,"5,261",5261
reexport,quantity,,Pulp of Wood . . . . .,1897,"5,236",5236
reexport,value,,"Pulp of Wool . . . . . """,1897,"5,236",5236
import,quantity,,"Ammunition :Shot, large and small",1897,"5,234",5234
reexport,value,,Wisbeach - - - - -,1899,"5,222",5222
import,quantity,,"Madder, Madder Root, Garancine, and Munject - ,,",1896,"5,217",5217
import,value,"Dye-stuffs, and Substances for Tanning or Dyeing","Mudder, Mudder Root, Garancine, and Munjeet . . . . . """,1896,"5,217",5217
reexport,quantity,,„ Imitation Lani - - - - -,1894,"5,185",5185
reexport,value,,„ South,1894,"5,163",5163
reexport,quantity,Sawn,Staves of all dimensions,1900,"5,137",5137
reexport,value,"Lace, and Articles thereof",""" Other Materials - - - - -",1893,"5,108",5108
reexport,quantity,,Dye Woods : Logwood and all other Sorts,1888,"5,102",5102
reexport,quantity,,Seed - - - - - - - - - -,1880,"5,082",5082
import,quantity,,Cows,1900,"5,073",5073
reexport,quantity,Dye-stuffs and Substances for Tanning or Dyeing,Cutch and Gambier,1900,"5,056",5056
reexport,quantity,Silk,"Knubs or Husks of Silk, and Waste - Cicts.",1896,"5,053",5053
import,quantity,,""" Tow",1900,"5,039",5039
import,quantity,,Walnut Wood,1868,"5,039",5039
reexport,quantity,,Chloral Hydrate - - - - - - -,1893,"5,034",5034
reexport,quantity,,"Knobs or Husks of Silk, and Waste",1879,"5,029",5029
reexport,value,Not Sweetened,Unenumerated - - - - -,1897,"5,004",5004
export_uk,value,"Ammunition, viz.","Revolvers . . . . . """,1898,"4,984",4984
reexport,value,,"Brass, Bronze, and Metal Bronzed or Lacquered, Manufactures of - - - - -",1893,"4,979",4979
reexport,value,,"Brass, Bronze, and Metal Bronzed or Lacquered, Manufacturesof - - - - -",1893,"4,979",4979
import,quantity,,"Unenumerated Vegetable Substances applic-able to the same uses as Hemp or Flax - } """,1893,"4,963",4963
reexport,quantity,Silk,"Knubs or Husks of Silk, and Waste - Cicts.",1897,"4,953",4953
export_uk,value,"Horses (including Ponies), viz.","Sheep and Lambs . . . . . """,1900,"4,934",4934
import,value,,"Madder, Mulder Root, Garancine, and Munjeet - - - - -",1897,"4,911",4911
reexport,value,Manufactures of Iron and Steel,"Girders, Beams, Joists, and Pillars - - - - -",1898,"4,896",4896
export_uk,quantity,,",, Fresh",1897,"4,894",4894
reexport,quantity,Arms,Fresh,1897,"4,894",4894
reexport,value,,"„ „ Silver, gilt or ungilt - - - - -",1900,"4,845",4845
reexport,quantity,,"Platina, wrought or unwrought . . . . .",1893,"4,838",4838
reexport,value,,"Platina, wrought or unwrought . . . . . Ozs. Troy",1893,"4,838",4838
reexport,value,Manures,Fones for Manure (whether burnt or not) - - - - -,1894,"4,824",4824
reexport,quantity,,"Slates, for roofing purposes",1900,"4,794",4794
reexport,quantity,,"Ivory Teeth, Elephants', Sea Cow, Sea Horse, or Sea Morse",1896,"4,790",4790
reexport,quantity,,"Ivory Teeth, Elephants', Sea Cow, Sea Horse, or Sea Morse Cuts.",1896,"4,790",4790
reexport,quantity,,",, Dried or Preserved (including Dried Apricots) . . . . .",1898,"4,786",4786
reexport,quantity,,"Plums, French, and Prunellocs",1898,"1,720|4,786",4786
reexport,value,,""" Dried or Preserved (including Dried Apricots) """,1898,"4,786",4786
import,quantity,,Whalebone (Whalefin) - - - - -,1891,"4,772",4772
import,value,,Whalebone (Whalefin) - - - - -,1891,"4,772",4772
import,quantity,,Whalebone (Whalefin) - - - - -,1892,"4,739",4739
import,value,,Whalebone (Whalefin) - - - - -,1892,"4,739",4739
reexport,quantity,Silk,"Knubs or Husks of Silk, and Waste - Cicts.",1894,"4,738",4738
reexport,value,,"Knobs or Husks of Silk, and Waste- - - -",1894,"4,738",4738
import,quantity,,"Old, fit only to be re-manu-    factured.",1896,"4,735",4735
import,quantity,,Whalebone (Whalefin) - - - - -,1893,"4,708",4708
import,value,,Whalebone (Whalefin) - - - - -,1893,"4,708",4708
reexport,value,,"Plate . . . . . """,1898,"4,703",4703
import,value,Dyeing or Tanning Stuffs,Garancine,1881,"4,695",4695
reexport,value,,Cowes - - - - - - -,1899,"4,695",4695
import,value,Wool,Unenumerated - - - - -,1894,"4,647",4647
export_uk,quantity,"Horses (including Ponies), viz.",Sheep and Lambs,1894,"4,633|4,635",4635
reexport,quantity,,"Knobs or Husks of Silk, and Waste",1881,"4,628",4628
reexport,value,Manures,Fones for Manure (whether burnt or not) - - - - -,1895,"4,616",4616
reexport,value,,""" Sperma - - - - -",1897,"4,610",4610
reexport,value,,Bridgewater -,1876,"4,597",4597
reexport,value,Manufactures of Iron and Steel,"Girders, Beams, Joists, and Pillars - - - - -",1900,"4,561",4561
reexport,value,,"Soup, Transparent, in the manufacture of which Spirithas been used - - - - -",1895,"4,555",4555
reexport,value,,Faversham - - - - - - -,1899,"4,540",4540
reexport,value,,"Plate . . . . . """,1897,"4,534",4534
import,quantity,,""" Containing not more than 50 per cent. of }    Chocolate",1895,"4,530",4530
reexport,value,,"Soup, Transparent, in the manufacture of which Spirithas been used - - - - -",1894,"4,530",4530
reexport,quantity,Paper-making Materials,Other Materials,1899,"4,529",4529
reexport,value,,"Sauces or Condiments, unenumerated - - - - -",1893,"4,522",4522
reexport,quantity,,"Soap, Transparent, in the manufacture of which Spirithas been used",1896,"4,521",4521
reexport,value,,"Soup, Transparent, in the manufacture of which Spirithas been used - - - - -",1896,"4,521",4521
reexport,value,,Cocoa Butter - - - - -,1897,"4,503",4503
reexport,value,,— Olive Tuns,1883,"4,493",4493
reexport,quantity,,Seai . . . . .,1895,"4,484",4484
reexport,value,,Seti . . . . . Tons,1895,"4,484",4484
reexport,quantity,,Sulphuric,1893,"4,461",4461
reexport,value,,Dartmouth -,1875,"4,452",4452
import,quantity,,"Steel, Unwrought",1866,"4,451",4451
import,value,,""" "" "" for breeding purposes - - - - -",1899,"4,442",4442
reexport,value,,"Coals, Cuka, and Cinders - - - - -",1897,"4,438",4438
export_uk,quantity,,",, Fresh",1896,"4,433",4433
reexport,quantity,Arms,Fresh,1896,"4,433",4433
reexport,value,,Arbroath . . . . .,1893,"4,430",4430
export_uk,quantity,,"Tobacco and Snuff manufactured in the United Kingdom, viz. :Cigars",1898,"4,420|4,429",4429
import,value,,"Whalebone (Whalefin) . . . . . """,1884,"4,414",4414
import,value,,"Swords, Cutlasses, Matchets, and Bayonets - - - - -",1897,"4,396",4396
import,value,,"Cocoa or Chocolate, in the manufacture of which Spirit has been used - - - - -",1896,"4,390",4390
import,quantity,,""" Perfumed",1900,"4,350",4350
reexport,value,,Bridgwater - - - - - -,1893,"4,342",4342
reexport,value,,Imitation Lard - - - - -,1899,"4,332|3,461",4332
reexport,value,,Berwick -,1875,"4,322",4322
reexport,value,,Portsmouth -,1875,"4,313",4313
reexport,quantity,,Printed or Coated . . . . . . . .,1899,"4,309",4309
import,quantity,,Whalebone (Whalefin),1888,"4,306",4306
reexport,value,,Newry . . . . .,1893,"4,306",4306
import,quantity,,"Varnished, japanned or enameled",1896,"4,295",4295
import,quantity,""" Imported in Bottles",""" Other Sorts",1900,"4,281",4281
reexport,value,,Seal Cake of other Sorts - - - - -,1895,"4,249",4249
import,quantity,,Sulphuric,1893,"4,245",4245
export_uk,value,,"Rough, Hewn, Sawn, or Split - - - - -",1893,"4,236",4236
reexport,value,,Exeter -,1878,"4,214",4214
import,quantity,,"Varnished, japanned or enameled",1895,"4,210",4210
reexport,quantity,,"Knobs or Husks of Silk, and Waste",1876,"4,210",4210
reexport,quantity,Dye-stuffs and Substances for Tanning or Dyeing,Cutch and Gambier,1899,"4,206",4206
reexport,quantity,,"Teeth, Elephants', Sea Cow, Sea Horse or Sea Horse",1870,"4,202",4202
reexport,quantity,Skins and Furs,"Teeth, Elephants', Sea Cow, Sea Horse or Sea Morse",1870,"4,202",4202
export_uk,quantity,"Carriages, Carts, &amp;c.","Railway Waggon, Trucks, &amp;c.",1876,"4,189",4189
reexport,value,,"Watches, parts thereof - - - - - - - - -",1899,"4,168",4168
reexport,quantity,,"Knobs or Husks of Silk, and Waste",1870,"4,167",4167
reexport,quantity,Seeds,Tares and Lentils,1893,"4,166",4166
import,value,White,Other sorts - - - - -,1894,"4,165",4165
reexport,value,,"Soup, Transparent, in the manufacture of which Spirithas been used - - - - -",1897,"4,151",4151
export_uk,quantity,"Arms, viz.",Revolvers,1899,"4,139",4139
export_uk,value,"Ammunition, viz.","Revolvers . . . . . """,1899,"4,139",4139
reexport,quantity,,Linen and Cotton Rags . . . . .,1893,"4,138",4138
reexport,quantity,Paper-making Materials,Other Materials,1897,"4,138",4138
reexport,quantity,,„ Imitation Lani - - - - -,1896,"4,135",4135
import,value,,"Cards, Playing - - - - -",1893,"4,134",4134
reexport,quantity,,"Soap, Transparent, in the manufacture of which Spirithas been used",1897,"4,131",4131
reexport,value,,Linen and Cotton Rags . . . . . Tons,1893,"4,128",4128
reexport,quantity,Dye-stuffs and Substances for Tanning or Dyeing,Cutch and Gambier,1898,"4,094",4094
reexport,value,,Linseed Cake - - - - -,1893,"560|4,085",4085
reexport,quantity,,"Knubs or Husks of Silk, and Waste",1899,"4,055",4055
reexport,quantity,Hewn,Teak,1893,"4,045",4045
reexport,value,,Bridgewater -,1874,"4,025",4025
export_uk,quantity,,Salmon,1893,"4,016",4016
import,quantity,,"Plums, commonly called French Plums, and Prunelloes",1898,"4,013",4013
import,quantity,"Fruit, Dried or Preserved, liable to Duty","Plums, commonly called French Plums, and Pruneloes „",1898,"4,013",4013
reexport,value,,Lowestoft -,1874,"4,006",4006
export_uk,value,,"Wood and Timber, viz. :Rough, Hewn, Sawn, or Split - - -",1895,"3,993",3993
import,quantity,,"Varnished, japanned or enameled",1893,"3,993",3993
import,quantity,Leather,"Varnished, japanned or enamelled",1893,"3,993",3993
reexport,value,,Seti . . . . . Tons,1894,"3,969",3969
reexport,value,,""" Sperma - - - - -",1896,"3,968",3968
import,value,White,Other sorts - - - - -,1893,"3,966",3966
reexport,quantity,,Seai . . . . .,1894,"3,963",3963
reexport,value,Sugar,"Unrefined, Beetroot . . . . . """,1900,"3,949",3949
reexport,quantity,Dyewoods,Of all Other Sorts,1869,"3,947",3947
reexport,value,Not Sweetened,Geneva - - - - -,1894,"3,936",3936
reexport,value,Paper-making Materials,"Other Materials . . . . . """,1900,"3,934",3934
export_uk,value,,"Chicory, &amp;c., and Coffee, Roasted or Ground, Mixed in Bond",1900,"3,920",3920
reexport,quantity,,Seai . . . . .,1896,"3,918",3918
reexport,value,,Seti . . . . . Tons,1896,"3,918",3918
reexport,value,,Bridgwater - - - - - - -,1899,"3,916",3916
reexport,value,,Lowestoft -,1876,"3,870",3870
reexport,value,,""" Sperma - - - - -",1894,"3,842",3842
export_uk,value,"Ammunition, viz.","Revolvers . . . . . """,1900,"3,838",3838
import,value,,"Whalebone (Whalefin) . . . . . """,1885,"3,801",3801
reexport,value,,Faversham -,1878,"3,796",3796
reexport,quantity,,Safflower,1899,"3,795",3795
reexport,quantity,,Sumach,1899,"1,040|3,795",3795
import,quantity,,"Madder, Madder Root, Garancine, and Munject - ,,",1897,"3,793",3793
import,value,"Dye-stuffs, and Substances for Tanning or Dyeing","Mudder, Mudder Root, Garancine, and Munjeet . . . . . """,1897,"3,793",3793
reexport,quantity,,"Platina, wrought or unwrought . . . . .",1894,"3,785",3785
reexport,quantity,,Plated and Gilt Ware,1894,"3,783",3783
reexport,value,,"Platina, wrought or unwrought . . . . . Ozs. Troy",1894,"3,783",3783
import,value,Spirits,Imitation Rum,1893,"3,770",3770
import,quantity,,"Old, fit only to be re-manu-    factured.",1895,"3,757",3757
reexport,value,,"Off, fit only to be re-manufactured . . . . .",1894,"3,738",3738
reexport,value,,"Oil, fit only to be re-manufactured - - - - -",1894,"3,738",3738
reexport,quantity,,"Old broken, old cast, and old broken Steel",1899,"3,726",3726
reexport,quantity,,Chlorid Hydrate,1897,"3,711",3711
reexport,value,,"Off, fit only to be re-manufactured . . . . .",1895,"3,694",3694
reexport,value,,Hartlepool -,1893,"3,678",3678
reexport,value,,— Olive Tuns,1882,"3,668",3668
reexport,value,,— Olive Tuns,1881,"3,641",3641
reexport,value,,"Oil, fit only to be re-manufactured - - - - -",1895,"3,634",3634
reexport,value,,Colchester -,1876,"3,615",3615
reexport,value,,— Olive Tuns,1879,"3,604",3604
reexport,value,,Colchester - - - - - -,1893,"3,600",3600
reexport,quantity,Dye-stuffs and Substances for Tanning or Dyeing,Cochineal,1896,"3,558",3558
reexport,quantity,,"Knobs or Husks of Silk, and Waste",1872,"3,527",3527
reexport,quantity,Sparkling,Saumur,1900,"3,519",3519
import,value,"Sparkling, Red",Other sorts - - - - -,1895,"3,513",3513
reexport,quantity,Metals,Steel Unwrought,1878,"3,503",3503
reexport,value,,"Juice of Limes, &amp;c. (Fortified) - - - - -",1893,"3,498",3498
import,value,,""" "" "" Other kinds",1900,"3,476",3476
reexport,quantity,Dye-stuffs and Substances for Tanning or Dyeing,Cochineal,1898,"3,474",3474
reexport,quantity,"Wine, Imported in Casks",""" "" "" Saumur",1897,"3,466",3466
reexport,quantity,,"Books, bound and unbound, including Maps and Charts Cicts.",1895,"3,459",3459
reexport,quantity,,"Books, bound and unbound, including Maps and Charts Cts.",1895,"3,459",3459
reexport,quantity,Beer and Ale,"Books, bound and unbound, including Maps and Charts",1895,"3,459",3459
reexport,quantity,,Chlorid Hydrate,1896,"3,457",3457
import,quantity,,Whalebone,1899,"3,452",3452
import,quantity,,"Chicory and Coffee, Roasted or Ground, Mixed",1899,"3,450",3450
reexport,value,,Geneva . . . . .,1899,"3,424|3,414",3424
reexport,value,,Arbroath - - - - -,1899,"3,420",3420
reexport,value,,Bridgewater -,1877,"3,420",3420
reexport,quantity,,Confectionery (not containing any article liable to duty),1893,"3,419",3419
reexport,quantity,,Confectionery (not containing any article liable to duty) Cts.,1893,"3,419",3419
reexport,value,Oil-seed Cake,"Of other Sorts . . . . . """,1900,"3,409",3409
import,value,,"Swords, Cutlasses, Matchets, and Bayonets - - - - -",1896,"3,408",3408
export_uk,quantity,,",, Fresh",1895,"3,397",3397
import,value,,"Coals, Culm, and Cinders - - - - -",1899,"3,397",3397
reexport,quantity,Arms,Fresh,1895,"3,397",3397
export_uk,quantity,"Carriages, Carts, &amp;c.","Railway Wagons, Trucks, &amp;c.",1871,"3,391",3391
reexport,quantity,,"Books, Printed, bound and unbound, including Maps and Charts",1896,"3,361",3361
reexport,quantity,,"Books, bound and unbound, including Maps and Charts Cicts.",1896,"3,361",3361
reexport,quantity,,"Books, bound and unbound, including Maps and Charts Cts.",1896,"3,361",3361
reexport,quantity,Beer and Ale,"Books, bound and unbound, including Maps and Charts",1896,"3,361",3361
reexport,value,,"Books, Printed, bound and unbound, including Maps and Charts . . . . . Cuts.",1896,"3,361",3361
import,quantity,,"Old, fit only to be re-manu-    factured.",1894,"3,356",3356
reexport,quantity,,""" Furniture and Hardwoods :—Mahogany",1870,"3,345",3345
reexport,quantity,,Seed Cake of other Sorts . . . . .,1893,"3,317",3317
reexport,value,,"Seed Cake of other Sorts . . . . . """,1893,"3,317",3317
import,quantity,,Senegal,1867,"3,280",3280
import,value,Wool,Unenumerated - - - - -,1896,"3,270",3270
reexport,quantity,,"Books, Printed, bound and unbound, including Maps and Charts",1900,"3,264",3264
reexport,value,,"Books, Printed, bound and unbound, including Maps and Charts . . . . . Cuts.",1900,"3,264",3264
import,quantity,,"Unenumerated, Unwrought",1899,"3,262",3262
import,value,Imported in Bottles,""" Other Sorts - - - - -",1900,"3,243",3243
import,quantity,,"Varnished, japanned or enameled",1894,"3,240",3240
reexport,value,,Cloths and Stuff,1878,"3,240",3240
reexport,quantity,,"Steel, unwrought",1899,"3,238",3238
reexport,value,,Milford . . . . .,1893,"3,225",3225
reexport,value,Not Sweetened,Geneva - - - - -,1897,"3,224",3224
reexport,value,,"„ Foreign, of various sorts, mixed in Bond",1900,"3,215",3215
reexport,value,,Preston . . . . .,1893,"3,197",3197
import,quantity,""" Imported in Bottles",""" Other Sorts",1899,"3,159",3159
reexport,quantity,Sawn,Unenumerated,1900,"3,155",3155
import,value,,"Swords, Cutlasses, Matchets, Bayonets - - - - -",1899,"3,152",3152
import,value,,"Swords, Cutlasses, Matchets, and Bayonets - - - - -",1899,"3,152",3152
reexport,quantity,,Chlorid Hydrate,1895,"3,151",3151
import,quantity,,Whalebone (Whalefin) - - - - -,1894,"3,143",3143
import,value,,Whalebone (Whalefin) - - - - -,1894,"3,143",3143
export_uk,quantity,Arms,"Asphalt, or Bitumen",1899,"3,141",3141
export_uk,value,Arms,"Asphalt, or Bitumen (other than Painters' Colours or Drugs) - - - - - - - - - -",1899,"3,141",3141
reexport,quantity,,"Asphalt, or Bitumen",1899,"3,141",3141
reexport,quantity,,"Asphalt, or Bitumen (other than Painters' Colours or Drugs)",1899,"3,141",3141
reexport,quantity,,"Old broken, old cast, and old broken Steel",1896,"3,126",3126
import,value,Dyeing or Tanning Stuffs,Sallow - - - - -,1887,"3,122",3122
reexport,quantity,Dye Woods,Unenumerated,1896,"3,122",3122
export_uk,value,"Horses (including Ponies), viz","Bulls, Oxen, Cows, and Calves . . . . . "" """,1893,"3,109",3109
reexport,value,,"Pickles and Vegetables, preserved in Salt or Vinegar - - - - -",1900,"3,095",3095
reexport,value,Manufactures of Iron and Steel,""" Old, fit only to be re-manufactured - - - - -",1896,"3,070",3070
reexport,quantity,,"Books, Printed, bound and unbound, including Maps and Charts",1898,"3,069",3069
reexport,quantity,,"Books, bound and unbound, including Maps and Charts Cts.",1898,"3,069",3069
reexport,quantity,,"Unrefined, Beetroot . . . . .",1899,"3,069",3069
reexport,quantity,Beer and Ale,"Books, bound and unbound, including Maps and Charts",1898,"3,069",3069
reexport,value,,"Books, Printed, bound and unbound, including Maps and Charts . . . . . Cuts.",1898,"3,069",3069
reexport,value,,Geneva . . . . .,1895,"3,054",3054
reexport,value,Not Sweetened,Geneva - - - - -,1895,"3,054",3054
reexport,quantity,,"Unrefined, Beetroot . . . . .",1900,"3,049",3049
reexport,quantity,,Chlorid Hydrate,1894,"3,048",3048
reexport,quantity,,} Tons,1895,"3,045",3045
reexport,value,Wool,"Woollen Rags, applicable to other uses than Manure, torn up or not - - - - - - - - - -",1895,"3,045",3045
reexport,quantity,,„ Imitation Lani - - - - -,1895,"3,042",3042
reexport,quantity,,Chlorid Hydrate,1893,"3,034",3034
export_uk,quantity,,Margarine and all Artificial Butters - Ccts.,1900,"3,033",3033
reexport,value,,"Fresh, Herrings . . . . . Cuts.",1899,"3,033",3033
reexport,quantity,,Part Wrought,1893,"3,027",3027
reexport,quantity,,",, Wrought or Manufactured ||",1900,"3,021",3021
reexport,value,"Wine, Imported in Casks","Mixed, in Bond - - - - -",1893,"3,013",3013
import,value,,"Swords, Cutlasses, Matchets, Bayonets - - - - -",1893,"2,982",2982
import,quantity,,Mares,1893,"2,980",2980
export_uk,quantity,"Horses (including Ponies), viz.","Bulls, Oxen, Cows, and Calves",1899,"2,979",2979
reexport,quantity,,Sunnach,1896,"2,979",2979
reexport,quantity,""" Unenumerated",mixed,1900,"2,975",2975
export_uk,quantity,"Carriages, Carts, &amp;c.","Railway Waggon, Trucks, &amp;c.",1880,"2,971",2971
export_uk,quantity,"Carriages, Carts, &amp;c.","Railway Wagons, Trucks, &amp;c.",1880,"2,971",2971
import,value,"Dye-stuffs, and Substances for Tanning or Dyeing","Mudder, Mudder Root, Garancine, and Munjeet . . . . . """,1898,"2,961",2961
reexport,value,,Plymouth -,1878,"2,950",2950
reexport,quantity,Dye-stuffs and Substances for Tanning or Dyeing,Cochineal,1897,"2,943",2943
reexport,quantity,,Velvet Broadstuffs (see Silk Manufactures).Vicuna Wool (see Wool).Vinegar,1896,"2,937",2937
export_uk,value,"Arms, viz","Revolvers . . . . . "" """,1893,"2,923",2923
import,quantity,,Cows,1893,"2,908",2908
import,value,,Safflower,1885,"2,907",2907
import,value,Dyeing or Tanning Stuffs,Sallow - - - - -,1885,"2,907",2907
reexport,quantity,,Collodion,1893,"2,901",2901
reexport,quantity,,Imitation Rum,1898,"2,899",2899
reexport,quantity,Spices,""" Imitation Rum",1898,"2,899",2899
reexport,quantity,,Pictures and Drawings by Hand - - - -,1880,"2,894",2894
import,value,"Sparkling, Red",Other sorts - - - - -,1896,"2,889",2889
import,value,Wool,Unenumerated - - - - -,1895,"2,886",2886
export_uk,value,"Horses (including Ponies), viz","Mares . . . . . "" """,1893,"2,882",2882
reexport,quantity,Ether,Sulphuric,1900,"2,880",2880
reexport,value,,Sumur - - - - -,1896,"2,878",2878
reexport,value,Sparkling,Sautner - - - - -,1896,"2,878",2878
reexport,quantity,Hemp,Unenumerated Vegetable Substances applicable to the same uses as Hemp or Flax,1899,"2,871",2871
reexport,quantity,Dyewoods,Of all Other Sorts,1868,"2,846",2846
reexport,value,,Ramsgate -,1878,"2,835",2835
reexport,value,,"Fresh, Herrings . . . . . Cuts.",1897,"2,834",2834
reexport,quantity,,",, Dried or Preserved (including Dried Apricots) . . . . .",1899,"2,833",2833
reexport,quantity,,Dried or Preserved,1899,"2,833",2833
reexport,value,,Barrow-in-Furness,1878,"2,815",2815
reexport,quantity,Dyewoods,Of all Other Sorts,1866,"2,793",2793
import,value,Wool,Unenumerated - - - - -,1897,"2,792",2792
reexport,quantity,,"Steel, unwrought",1900,"2,792",2792
reexport,value,,Wisbeach . . . . .,1893,"2,791",2791
reexport,quantity,,Sunnach,1897,"2,788",2788
import,value,"Sparkling, Red",Other sorts - - - - -,1894,"2,785",2785
reexport,quantity,,„ Imitation Lani - - - - -,1897,"2,779",2779
reexport,value,,"Sworns, Cutlasses, Matchets, Bayonets - - - - -",1894,"2,770",2770
reexport,value,Arms,"Swords, Cutlasses, Matchets, Bayonets - - - - -",1894,"2,770",2770
reexport,quantity,,Buckwheat,1893,"2,769",2769
reexport,value,,Preston -,1878,"2,768",2768
reexport,quantity,Dyewoods,Of all Other Sorts,1867,"2,753",2753
export_uk,value,"Horses (including Ponies), viz.","Bulls, Oxen, Cows, and Calves . . . """,1900,"2,742",2742
reexport,quantity,Dyes obtained from Coal Tar,Sumach,1900,"2,726",2726
reexport,value,Not Sweetened,Geneva - - - - -,1893,"2,696",2696
reexport,value,,"Apples, Raw - - - - -",1893,"2,694",2694
reexport,quantity,Dyewoods,Of all Other Sorts,1870,"2,680",2680
reexport,value,,Dartmouth -,1874,"2,677",2677
import,value,,""" Containing not more than 50 per cent. of  Chocolate with Spirit - - - - -",1897,"2,676|2,076|2,575",2676
reexport,quantity,,"Soap, Transparent, in the manufacture of which Spirithas been used",1898,"2,663",2663
reexport,value,,Sumur - - - - -,1893,"2,655",2655
reexport,value,,„ „ „ „ Saumur - - - - -,1893,"2,655",2655
reexport,value,,Newry - - - - - -,1899,"2,651",2651
reexport,quantity,Zinc,"Crude, in Cakes",1893,"2,628",2628
reexport,quantity,,Plumbago,1900,"2,603",2603
import,value,"Sparkling, Red",Other sorts - - - - -,1897,"2,578",2578
reexport,value,,"Off, fit only to be re-manufactured . . . . .",1897,"2,570",2570
reexport,value,,"Oil, fit only to be re-manufactured - - - - -",1897,"2,570",2570
reexport,value,Woollen Yarn,Unenumerated - - - - -,1899,"2,545",2545
reexport,value,,"Plate . . . . . """,1896,"2,535",2535
reexport,value,,Seal Cake of other Sorts - - - - -,1896,"2,531",2531
import,value,"Sparkling, Red",Other sorts - - - - -,1893,"2,517",2517
reexport,quantity,,Malz,1896,"2,517",2517
import,value,White,Other sorts - - - - -,1897,"2,502",2502
reexport,value,Not Sweetened,Geneva - - - - -,1896,"2,499",2499
reexport,value,,"Fresh, Herrings . . . . . Cuts.",1898,"2,494",2494
reexport,quantity,,"Books, Printed, bound and unbound, including Maps and Charts",1899,"2,468",2468
reexport,quantity,,"Books, bound and unbound, including Maps and Charts Cts.",1899,"2,468",2468
reexport,quantity,,"Books, bound and unbound, including Maps and Charts Cwts.",1899,"2,468",2468
reexport,value,,"Books, Printed, bound and unbound, including Maps and Charts . . . . . Cuts.",1899,"2,468",2468
reexport,value,,Scarborough - - - - -,1899,"2,468",2468
reexport,quantity,,Sunnach,1895,"2,466",2466
import,value,"Dye-stuffs, and Substances for Tanning or Dyeing","Mudder, Mudder Root, Garancine, and Munjeet . . . . . """,1899,"2,465",2465
reexport,value,,— Olive Tuns,1880,"2,454",2454
reexport,quantity,,Confectionery (not containing any article liable to duty) Cts.,1896,"2,437",2437
reexport,value,,"Coals, Cuka, and Cinders - - - - -",1896,"2,435",2435
reexport,quantity,Dye-stuffs and Substances for Tanning or Dyeing,Cochineal,1900,"2,425",2425
reexport,quantity,,"Plums, French, and Prunelloces",1896,"2,420",2420
reexport,quantity,,"Plums, French, and Prunellocs",1896,"2,420|1,054",2420
reexport,quantity,,"Plums, French, and Prunelloes . . . . .",1896,"2,420",2420
reexport,value,,"Plums, French, and Prunelloc - - - - -",1896,"2,420",2420
reexport,value,,"Plums, French, and Prunes . . . . . Cts.",1896,"2,420",2420
reexport,quantity,,Gnawo,1897,"2,403",2403
reexport,quantity,,Cochineal,1899,"2,399",2399
reexport,quantity,,Confectionery (not containing any article liable to duty) Cts.,1895,"2,399",2399
reexport,quantity,Dye-stuffs and Substances for Tanning or Dyeing,Cochineal,1899,"2,399",2399
import,quantity,,"Arms :Swords, Cutlasses, Matchets, Bayonets",1894,"2,390",2390
reexport,value,Hewn,Unenumerated - - - - -,1893,"2,359",2359
reexport,quantity,,Hops,1879,"2,355",2355
reexport,value,,""" Dried or Preserved (including Dried Apricots) """,1899,"2,333",2333
export_uk,quantity,,"Railway Waggons, Trucks, &c.",1881,"2,324",2324
export_uk,quantity,"Carriages, Carts, &amp;c.","Railway Wagons, Trucks, &amp;c.",1881,"2,324",2324
reexport,quantity,,"Plums, French, and Prunelloces",1895,"2,317",2317
reexport,quantity,,"Plums, French, and Prunellocs",1895,"1,568|2,317",2317
reexport,value,,"Plums, French, and Prunelloc - - - - -",1895,"2,317",2317
reexport,value,,"Plums, French, and Prunes . . . . . Cts.",1895,"2,317",2317
reexport,value,,Colchester -,1874,"2,313",2313
reexport,value,,Padstow -,1877,"2,299",2299
reexport,quantity,,"Books, Printed, bound and unbound, including Maps and Charts",1897,"2,288",2288
reexport,quantity,,"Books, bound and unbound, including Maps and Charts Cicts.",1897,"2,288",2288
reexport,quantity,,"Books, bound and unbound, including Maps and Charts Cts.",1897,"2,288",2288
reexport,quantity,Beer and Ale,"Books, bound and unbound, including Maps and Charts",1897,"2,288",2288
reexport,value,,"Books, Printed, bound and unbound, including Maps and Charts . . . . . Cuts.",1897,"2,288",2288
reexport,quantity,,Fir . . . . .,1893,"2,284",2284
reexport,quantity,Hewn,Fir,1893,"2,284",2284
reexport,value,Manures,Unenumerated . . . . . „,1900,"2,282",2282
import,quantity,,"Swords, Cutlasses, Matchets, and Bayonets",1900,"2,274",2274
reexport,value,Coffee,"Kiln-dried, Roasted, or Ground - - - - -",1893,"2,251",2251
export_uk,quantity,"Carriages, Carts, &amp;c.","Railway Wagons, Trucks, &amp;c.",1872,"2,241|2,211",2241
export_uk,quantity,"Carriages, Carts, &amp;c.","Railway Waggon, Trucks, &amp;c.",1877,"2,233",2233
reexport,quantity,,"Plums, French, and Prunellocs",1894,"323|2,228",2228
reexport,value,,"Plums, French, and Prunes . . . . . Cts.",1894,"2,228",2228
reexport,quantity,,Fir . . . . .,1899,"2,227",2227
export_uk,quantity,Arms,"Asphalt, or Bitumen",1897,"2,197",2197
export_uk,value,Arms,"Asphalt, or Bitumen (other than Painters' Colours or Drugs) - - - - - - - - - -",1897,"2,197",2197
reexport,quantity,,"Asphalt, or Bitumen (other than Painters' Colours or Drugs)",1897,"2,197",2197
reexport,value,,"Coals, Cuka, and Cinders - - - - -",1893,"2,197",2197
reexport,value,,"Coals, Culm, and Cinders . . . . .",1893,"2,197",2197
import,value,White,Other sorts - - - - -,1895,"2,195",2195
export_uk,value,,"Of Mixed Materials, Cotton predominating - - - - -",1900,"2,193",2193
import,value,White,Other sorts - - - - -,1896,"2,187",2187
export_uk,quantity,"Carriages, Carts, &amp;c.","Railway Waggons, Trucks, &amp;c.",1868,"2,178",2178
reexport,quantity,Dye Woods,Unenumerated,1897,"2,158",2158
reexport,value,,Dartmouth -,1877,"2,126",2126
reexport,quantity,,"Flax, Dressed or Undressed . . . . .",1900,"2,116",2116
reexport,value,,Sumur - - - - -,1897,"2,116",2116
reexport,value,Sparkling,Sautner - - - - -,1897,"2,116",2116
reexport,quantity,,"Plums, French, and Pruneloes . . . . .",1893,"2,115",2115
reexport,value,,"Plums, French, and Prunes . . . . . Cts.",1893,"2,115",2115
reexport,value,Not Sweetened,"Foreign, of various Sorts, mixed in Bond - - - - -",1894,"2,113",2113
reexport,quantity,Dye Woods,Unenumerated,1900,"2,088",2088
export_uk,value,,"Methylic Alcohol, not purified so as to bepotable - - - - -",1900,"2,076",2076
reexport,quantity,,"Plums, French, and Prunelloces",1899,"2,074",2074
reexport,quantity,,"Plums, French, and Prunelloes . . . . .",1899,"2,074",2074
reexport,value,,"Plums, French, and Prunelles . . . . . """,1899,"2,074",2074
reexport,value,,"Plums, French, and Prunelloc - - - - -",1899,"2,074",2074
reexport,quantity,Zinc,Ore of,1899,"2,063",2063
reexport,value,Sparkling,Sautner - - - - -,1898,"2,063",2063
import,value,,Roasted or Ground - - - - -,1893,"2,053",2053
import,value,,Gunpower - - - - -,1896,"2,040",2040
reexport,value,,Sumur - - - - -,1895,"2,039",2039
reexport,value,Sparkling,Sautner - - - - -,1895,"2,039",2039
import,quantity,,"Arms :Swords, Cutlasses, Matchets, Bayonets",1897,"2,036",2036
import,quantity,,"Swords, Cutlasses, Matchets, and Bayonets",1897,"2,036",2036
reexport,value,Sparkling,Sautner - - - - -,1899,"2,018",2018
reexport,quantity,,""" "" "" in the manufacture of which } "" }",1895,"1,977",1977
reexport,value,,""" Other Materials - - - - -",1899,"1,975",1975
reexport,value,,"Foreign, of various Sorts, mixed in Bond . . . . .",1895,"1,974",1974
reexport,value,Not Sweetened,"Foreign, of various Sorts, mixed in Bond - - - - -",1895,"1,974",1974
reexport,quantity,Dye Woods,Unenumerated,1898,"1,972",1972
reexport,quantity,,Gnawo,1895,"1,969",1969
export_uk,value,Horses (including Ponies),Geldings - - - - - - - - - -,1897,"1,957",1957
import,value,Wool,Unenumerated - - - - -,1893,"1,957",1957
import,value,,"Coin, Gold and Silver (see Table No. 15).",1898,"1,950",1950
reexport,value,,Limerick - - - - - -,1899,"1,950",1950
export_uk,quantity,,"Tobacco and Snuff manufactured in the United Kingdom, viz. :Cigars",1895,"1,940",1940
export_uk,value,Arms,"Asphalt, or Bitumen (other than Painters' Colours or Drugs) - - - - - - - - - -",1900,"1,934",1934
reexport,quantity,,"Asphalt, or Bitumen (other than Painters' Colours or Drugs)",1900,"1,934",1934
reexport,quantity,Manures,Unenumerated,1896,"1,929",1929
reexport,value,,Boston -,1874,"1,900",1900
export_uk,quantity,,ARTICLES—continued.,1899,"1,899",1899
export_uk,quantity,,ARTICLES—continued.,1898,"1,898",1898
reexport,quantity,,"Prints, Engravings, and Photographs",1895,"1,897",1897
reexport,value,,Prunes . . . . . Cts.,1895,"1,897",1897
import,quantity,,""" Sulphuric",1899,"1,395|1,895",1895
import,quantity,,Gunpowder,1900,"1,895",1895
reexport,value,,"Plate . . . . . """,1900,"1,891",1891
reexport,value,Not Sweetened,"Foreign, of various Sorts, mixed in Bond - - - - -",1893,"1,887",1887
reexport,quantity,,"Plums, French, and Prunelloces",1897,"1,868",1868
reexport,quantity,,"Plums, French, and Prunellocs",1897,"1,868|1,623",1868
reexport,quantity,,"Plums, French, and Prunelloes . . . . .",1897,"1,868",1868
reexport,value,,"Plums, French, and Prunelloc - - - - -",1897,"1,868",1868
reexport,value,,"Plums, French, and Prunes . . . . . Cts.",1897,"1,868",1868
reexport,value,,Cowes -,1875,"1,867",1867
reexport,quantity,,"Books, bound and unbound, including Maps and Charts Cicts.",1894,"1,865",1865
reexport,quantity,Beer and Ale,"Books, bound and unbound, including Maps and Charts",1894,"1,865",1865
reexport,quantity,,Iceglass,1896,"1,850",1850
reexport,value,,Isinglass . . . . . Cuts.,1896,"1,850",1850
reexport,quantity,,Bones for Manure (whether burnt or not),1893,"1,836",1836
import,quantity,,"Swords, Cutlasses, Matchets, and Bayonets",1898,"1,834",1834
reexport,quantity,,"Books, bound and unbound, including Maps and Charts Cicts.",1893,"1,834",1834
reexport,quantity,,"Books, bound and unbound, including Maps and Charts Cwts.",1893,"1,834",1834
reexport,quantity,,"Fresh, Herrings . . . . .",1900,"1,820",1820
reexport,value,,"Fresh, Herrings . . . . . Cuts.",1900,"1,820",1820
reexport,quantity,,Whalebone (including Finners),1896,"1,817",1817
reexport,value,,Gre of - - - - -,1897,"1,805",1805
reexport,value,Zinc,Cre of - - - - -,1897,"1,805",1805
reexport,quantity,,"Ore, unenumerated . . . . .",1893,"1,804",1804
reexport,quantity,,"Knobs or Husks of Silk, and Waste",1875,"1,779",1779
reexport,value,Silk,Other kinds . . . . .,1900,"1,771",1771
export_uk,quantity,,"Rough, Hewn, Sawn, or Split - Lbuds",1899,"1,768",1768
export_uk,quantity,,"Wood and Timber, viz. :Rough, Hewn, Sawn, or Split - Loads",1899,"1,768",1768
import,quantity,,"Coals, Culm, and Cinders",1899,"1,749",1749
reexport,quantity,,"Zinc, Crude, in Cake",1870,"1,746",1746
reexport,quantity,Dyes obtained from Coal Tar,Valonia,1900,"1,740",1740
reexport,quantity,Manufactures of Iron or Steel,"Girers, Beams, and Pillars",1895,"1,727",1727
reexport,quantity,,"Plums, French, and Prunelloces",1898,"1,720",1720
reexport,quantity,,"Plums, French, and Prunelloes . . . . .",1898,"1,720",1720
reexport,value,,"Plums, French, and Prunelloc - - - - -",1898,"1,720",1720
reexport,quantity,,"Plums, French, and Prunelloes . . . . .",1900,"1,718",1718
export_uk,value,"Ammunition, viz.","Torpedoes, and parts thereof . . . """,1900,"1,717",1717
reexport,value,,"Plums, French, and Prunelles . . . . . """,1900,"1,713",1713
reexport,quantity,,Gnawo,1896,"1,709",1709
reexport,quantity,Ether,Sulphuric,1899,"1,688|1,683",1688
reexport,value,,""" Sperma - - - - -",1895,"1,681",1681
reexport,quantity,,Isinglass,1899,"1,662",1662
import,quantity,,"Old, fit only to be re-manu-    factured.",1893,"1,659",1659
reexport,value,,Linseed Cake - - - - -,1900,"1,649|525",1649
reexport,quantity,Manures,Unenumerated,1897,"1,647",1647
reexport,value,,Sumur - - - - -,1894,"1,645",1645
reexport,quantity,,"Soap, Transparent, in the manufacture of which Spirithas been used",1899,"1,644",1644
reexport,quantity,,Seed Cake of other Sorts . . . . .,1897,"1,641",1641
reexport,value,,"Seed Cake of other Sorts . . . . . """,1897,"1,641",1641
reexport,value,,"Sworns, Cutlasses, Matchets, Bayonets - - - - -",1893,"1,636",1636
reexport,value,Arms,"Swords, Cutlasses, Matchets, Bayonets - - - - -",1893,"1,636",1636
reexport,quantity,,",, Dried or Preserved (including Dried Apricots) . . . . .",1897,"1,628",1628
reexport,value,,""" Dried or Preserved (including Dried Apricots) """,1897,"1,623",1623
export_uk,value,,"Methylic Alcohol, not purified so as to be potable - - - - -",1893,"1,615",1615
export_uk,value,,"Methylic Alcohol, not purified so as to bepotable - - - - -",1893,"1,615",1615
export_uk,value,Arms,"Swords, Cutlasses, Matchets, and Bayonets - - - - - - - - - -",1900,"1,603",1603
reexport,quantity,,"Swords, Cutlasses, Matchets, and Bayonets",1900,"1,603",1603
import,value,,Gunpower - - - - -,1898,"1,597",1597
import,value,White,Burgundy - - - - -,1896,"1,595",1595
reexport,quantity,,Confectionery (not containing any article liable to duty) Cts.,1894,"1,579",1579
reexport,quantity,,Confectionery (not containing any article liable to duty),1900,"1,577",1577
reexport,quantity,,Confectionery (not containing any article liable to duty) Cuts.,1900,"1,577",1577
import,value,,"Coin, Gold and Silver (see Table No. 15).",1897,"1,575",1575
import,quantity,,"Beer and Ale :Mun, Spruce or Black }Beer, Berlin White Beer, }and other similar pre- }parations",1896,"1,568",1568
import,quantity,,"Beer and Ale: Mum, Spruce or Black Beer, Berlin White Beer, and other similar preparations",1896,"1,568",1568
import,quantity,,"Beer and Ale: Mum, Spruce or Black }    Beer, Berlin White Beer, and other similar preparations",1893,"1,563",1563
import,quantity,,"Beer and Ale :Mun, Spruce or Black }Beer, Berlin White Beer, }and other similar pre- }parations",1895,"1,559",1559
reexport,quantity,,Confectionery (not containing any article liable to duty) Cuts.,1899,"1,552",1552
import,value,Tobacco,Snuff - - - - -,1893,"1,551",1551
import,value,,Gunpower - - - - -,1899,"1,550",1550
reexport,quantity,,Plumbago . . . . .,1893,"1,538",1538
reexport,quantity,Dye Woods,Logwood,1900,"1,532",1532
import,quantity,,"Beer and Ale :Mun, Spruce or Black }Beer, Berlin White Beer, }and other similar pre- }parations",1894,"1,531",1531
reexport,quantity,,Gnawo,1894,"1,525",1525
import,quantity,,"Beer and Ale :Mun, Spruce or Black }Beer, Berlin White Beer, }and other similar pre- }parations",1893,"1,522",1522
reexport,value,,Cloths and Stuff,1877,"1,520",1520
import,value,,Burgundy - - - - -,1897,"1,519",1519
import,value,White,Burgundy - - - - -,1897,"1,519",1519
import,quantity,,"Beer and Ale :Mun, Spruce or Black }Beer, Berlin White Beer, }and other similar pre- }parations",1897,"1,518",1518
export_uk,quantity,"Carriages, Carts, &amp;c.","Railway Waggon, Trucks, &amp;c.",1878,"1,515",1515
import,value,,Burgundy - - - - -,1896,"1,505",1505
reexport,value,,Douglas . . . . .,1897,"1,505",1505
reexport,value,,TOTAL from ISLE OF MAN . . . . .,1897,"1,505",1505
export_uk,quantity,,"Tobacco and Snuff manufactured in the United Kingdom, viz. :Cigars",1894,"1,499",1499
export_uk,quantity,"Carriages, Carts, &amp;c.","Railway Waggon, Trucks, &amp;c.",1879,"1,494",1494
import,quantity,,"Beer and Ale : Mum, Spruce or Black } Barrels of 36 Gallons",1899,"1,492",1492
reexport,quantity,Manures,Unenumerated,1895,"1,491",1491
reexport,quantity,Manufactures of Iron or Steel,"Girers, Beams, and Pillars",1897,"1,488",1488
reexport,value,,Chester - - - - - -,1893,"1,481",1481
reexport,quantity,Dye Woods,Unenumerated,1899,"1,478",1478
reexport,quantity,,"Girders, Beams, and Pillars . . . . .",1893,"1,476",1476
reexport,quantity,Manufactures of Iron or Steel,"Girers, Beams, and Pillars",1893,"1,476",1476
reexport,quantity,,",, Dried or Preserved (including Dried Apricots) . . . . .",1900,"1,470",1470
reexport,value,,""" Dried or Preserved (including Dried Apricots) """,1900,"1,470",1470
import,value,,"Tobacco : Unmanufactured . . . . . Manufactured, Cigars and Snuff . . . . .",1888,"1,465",1465
reexport,value,,Lowestoft -,1877,"1,465",1465
reexport,quantity,,"Old broken, old cast, and old broken Steel",1900,"1,462",1462
reexport,quantity,,Guano - - - - - - - -,1893,"1,459",1459
import,quantity,,"Swords, Cutlasses, Matchets, Bayonets",1899,"1,450",1450
import,quantity,,"Swords, Cutlasses, Matchets, and Bayonets",1899,"1,450",1450
reexport,quantity,,Gnawo,1893,"1,450",1450
reexport,value,,"Knobs or Husks of Silk, and Waste",1878,"1,450",1450
reexport,quantity,,} Tons,1896,"1,439",1439
reexport,value,Wool,"Woollen Rags, applicable to other uses than Manure, torn up or not - - - - - - - - - -",1896,"1,439",1439
import,quantity,,"Metal not otherwise Enumerated, Wrought . . . . .",1884,"1,437",1437
reexport,value,,Gre of - - - - -,1896,"1,436",1436
reexport,value,Zinc,Cre of - - - - -,1896,"1,436",1436
export_uk,value,,"Leather, Tanned, Tawed, or Dressed, viz. : Unwrought . . . . . Wrought, viz. : Boots and Shoes . . . . . Other Articles, unenumerated . . . . .",1898,"1,422",1422
export_uk,quantity,Arms,"Asphalt, or Bitumen",1895,"1,417",1417
reexport,quantity,Ether,Acetic,1900,"1,415",1415
reexport,value,,Padstow -,1878,"1,406",1406
reexport,value,Not Sweetened,"Foreign, of various Sorts, mixed in Bond - - - - -",1896,"1,406",1406
export_uk,quantity,,Mica and Talc,1900,"1,394",1394
export_uk,value,,Mica and Talc . . . . Cwts.,1900,"1,394",1394
export_uk,value,Horses (including Ponies),Geldings - - - - - - - - - -,1898,"1,389",1389
reexport,quantity,,"Pictures and Drawings, by hand",1899,"1,384",1384
reexport,quantity,,Iceglass,1897,"1,383",1383
reexport,value,,Isinglass . . . . . Cuts.,1897,"1,383",1383
export_uk,quantity,,Beans,1893,"1,352",1352
reexport,value,,Isinglass . . . . . Cuts.,1900,"1,352",1352
reexport,value,,"Sworns, Cutlasses, Matchets, Bayonets - - - - -",1896,"1,346",1346
reexport,value,Arms,"Swords, Cutlasses, Matchets, Bayonets - - - - -",1896,"1,346",1346
reexport,quantity,,Confectionery (not containing any article liable to duty) Cts.,1897,"1,336",1336
reexport,quantity,,"Old broken, old cast, and old broken Steel",1897,"1,323",1323
import,value,,"Coin, Gold and Silver (see Table No. 15).",1896,"1,319",1319
reexport,value,,Exeter - - - - - -,1893,"1,315",1315
reexport,quantity,,Malz,1897,"1,309",1309
export_uk,quantity,,"Rough, Hewn, Sawn, or Split - Lbuds",1897,"1,299",1299
export_uk,quantity,,"Wood and Timber, viz. :Rough, Hewn, Sawn, or Split - Loads",1897,"1,299",1299
import,quantity,,"Arms :Swords, Cutlasses, Matchets, Bayonets",1896,"1,296",1296
import,quantity,,"Swords, Cutlasses, Matchets, and Bayonets",1896,"1,296",1296
import,value,,Collodion - - - - -,1893,"1,295",1295
reexport,quantity,,Seed Cake of other Sorts . . . . .,1894,"1,290",1290
export_uk,quantity,,"Wood and Timber, viz. :Rough, Hewn, Sawn, or Split - Loads",1900,"1,276",1276
export_uk,quantity,,"Rough, Hewn, Sawn, or Split - Loads",1900,"1,275",1275
import,quantity,,Collodion,1894,"1,270",1270
import,value,,"Coin, Gold and Silver (see Table No. 15).",1894,"1,270",1270
reexport,quantity,,"Soap, Transparent, in the manufacture of which Spirit has been used",1900,"1,265",1265
reexport,quantity,,"Soap, Transparent, in the manufacture of which Spirithas been used",1900,"1,265",1265
reexport,value,,Exeter -,1874,"1,258",1258
reexport,value,,Harwich -,1878,"1,252",1252
reexport,value,,""" Regulus and Precipitate . . . . . """,1899,"1,247",1247
reexport,quantity,Manures,Unenumerated,1899,"1,239",1239
import,value,,Burgundy - - - - -,1893,"1,237",1237
import,value,White,Burgundy - - - - -,1893,"1,237",1237
reexport,value,,Carlisle -,1878,"1,234",1234
reexport,value,,Isinglass . . . . . Cuts.,1898,"1,227",1227
reexport,quantity,,"Zinc, Crude, in Cake",1872,"1,226",1226
export_uk,value,Horses (including Ponies),Mares - - - - - - - - - -,1897,"1,223",1223
reexport,value,Seeds,Tares and Lentils - - - - -,1893,"1,223",1223
export_uk,quantity,"Arms, viz.","Torpedoes, and parts thereof - """,1899,"1,218",1218
export_uk,value,"Ammunition, viz.","Torpedoes, and parts thereof . . . """,1899,"1,218",1218
reexport,value,,"Knobs or Husks of Silk, and Waste",1877,"1,210",1210
import,value,,Colloion - - - - -,1893,"1,205",1205
export_uk,quantity,Arms,"Asphalt, or Bitumen",1896,"1,200",1200
export_uk,value,Arms,"Asphalt, or Bitumen (other than Painters' Colours or Drugs) - - - - - - - - - -",1896,"1,200",1200
reexport,quantity,,"Asphalt, or Bitumen (other than Painters' Colours or Drugs)",1896,"1,200",1200
reexport,value,,"Seed Cake of other Sorts . . . . . """,1894,"1,200",1200
reexport,value,,Dartmouth - - - - - -,1893,"1,197",1197
import,value,Dyeing or Tanning Stuffs,Sallower - - - - -,1890,"1,182",1182
reexport,value,Not Sweetened,"Foreign, of various Sorts, mixed in Bond - - - - -",1897,"1,180",1180
import,value,,Calves - - - - -,1900,"1,179",1179
reexport,quantity,,Whalebone (including Finners),1900,"1,168",1168
reexport,value,,Cowes -,1874,"1,144",1144
reexport,quantity,,Malz,1895,"1,139",1139
reexport,quantity,,"Fish, Train or Blubber . . . . .",1893,"1,122",1122
reexport,quantity,Manufactures of Iron or Steel,"Girers, Beams, and Pillars",1896,"1,119",1119
reexport,value,,""" Leaves of - - - - -",1898,"1,109",1109
import,quantity,,"Plums, commonly called French Plums, and Prunelloes",1899,"1,098",1098
import,quantity,"Fruit, Dried or Preserved, liable to Duty","Plums, commonly called French Plums, and Pruneloes „",1899,"1,098",1098
import,value,,Sulphuric - - - - -,1893,"1,098",1098
reexport,quantity,,Whalebone (including Finners),1899,"1,092",1092
reexport,quantity,""" Unenumerated",""" Sweetened or",1900,"1,082",1082
export_uk,quantity,"Carriages, Carts, &amp;c.","Railway Wagons, Trucks, &amp;c.",1870,"1,067",1067
reexport,value,Paper,Wool Pulp Boards - - - - -,1898,"1,066",1066
reexport,quantity,,"Prints, Engravings, and Photographs",1896,"1,065",1065
reexport,value,,Prunes . . . . . Cts.,1896,"1,065",1065
reexport,value,,Isinglass . . . . . Cuts.,1899,"1,062",1062
reexport,value,,"Plate . . . . . """,1899,"1,060",1060
import,quantity,Metals and Ores,"Gold, Ore of (including the Value of the Gold contained in Auriferous Ores and Metals",1897,"1,057",1057
reexport,quantity,,",, Dried or Preserved (including Dried Apricots) . . . . .",1896,"1,054",1054
reexport,value,,""" Dried or Preserved (including Dried Apricots) """,1896,"1,054",1054
reexport,quantity,Zinc,Ore of,1898,"1,051",1051
reexport,quantity,Manures,Unenumerated,1898,"1,044",1044
reexport,value,,Colchester - - - - - - -,1899,"1,035",1035
reexport,value,,"Methylc Alcohol, not purified so as to be potable - - - - -",1896,"1,027",1027
reexport,value,,Fleetwood -,1876,"1,020",1020
reexport,quantity,,"Prints, Engravings, and Photographs",1898,"1,006",1006
import,quantity,Metals and Ores,"Gold, Ore of (including the Value of the Gold contained in Auriferous Ores and Metals",1898,"1,003",1003
reexport,quantity,Hewn,Fir,1900,"1,003",1003
import,quantity,"Fruit, Dried or Preserved, liable to Duty",„ Dried or Preserved (including Dried Apricots) „,1899,"1,000",1000
reexport,quantity,,"Fish, Train or Blubber . . . . .",1899,"1,000",1000
reexport,value,,Cloths and Stuff,1879,"1,000",1000
reexport,value,Woollen Yarn,Unenumerated - - - - -,1893,997,997
export_uk,value,"Ammunition, viz.","Torpedoes, and parts thereof . . . """,1897,991,991
reexport,quantity,,} Tons,1897,990,990
reexport,value,Wool,"Woollen Rags, applicable to other uses than Manure, torn up or not - - - - - - - - - -",1897,990,990
export_uk,value,,Beans - - - - -,1900,977,977
import,value,,„ Of Gold - - - - -,1900,975,975
reexport,quantity,,"Old broken, old cast, and old broken Steel",1898,969,969
export_uk,quantity,Arms,"Swords, Cutlasses, Matchets, Bayonets",1896,962,962
export_uk,value,Arms,"Swords, Cutlasses, Matchets, and Bayonets - - - - - - - - - -",1896,962,962
reexport,quantity,,"Swords, Cutlasses, Matchets, Bayonets",1896,962,962
reexport,quantity,,"Swords, Cutlasses, Matchets, and Bayonets",1896,962,962
export_uk,quantity,Arms,"Asphalt, or Bitumen",1898,958,958
export_uk,value,Arms,"Asphalt, or Bitumen (other than Painters' Colours or Drugs) - - - - - - - - - -",1898,958,958
import,quantity,,Collodion,1895,953|958,958
import,value,,"Coin, Gold and Silver (see Table No. 15).",1895,958,958
reexport,quantity,,"Asphalt, or Bitumen (other than Painters' Colours or Drugs)",1898,958,958
reexport,quantity,,Seed Cake of other Sorts . . . . .,1895,954,954
reexport,value,,"Seed Cake of other Sorts . . . . . """,1895,954,954
reexport,value,,"Sworns, Cutlasses, Matchets, Bayonets - - - - -",1897,946,946
reexport,value,Arms,"Swords, Cutlasses, Matchets, Bayonets - - - - -",1897,946,946
reexport,value,,Cowes -,1876,942,942
reexport,quantity,,Iceglass,1895,941,941
reexport,value,,Lancaster - - - - - - -,1899,939,939
export_uk,quantity,"Horses (including Ponies), viz.",Swine,1899,938,938
import,value,Tobacco,"Vegetables, Raw, Unenumerated",1891,933,933
reexport,value,,Fleetwood -,1877,933,933
reexport,quantity,,",, Other Sorts of Fresh Fish . . . . .",1900,924,924
reexport,value,,""" Other Sorts of Fresh Fish . . . . . """,1900,924,924
reexport,value,Cocoa,""" Cocoa or Chocolate, ground, prepared, or in any way } - - - - -",1898,923,923
import,value,White,Burgundy - - - - -,1894,922,922
reexport,quantity,Fish,""" "" Other Sorts of Shell Fish",1895,922,922
reexport,quantity,,} Tons,1898,921,921
reexport,value,Wool,"Woollen Rags, applicable to other uses than Manure, torn up or not - - - - - - - - - -",1898,921,921
import,quantity,,Collodion,1899,307|907,907
reexport,value,,Dartmouth -,1876,901,901
import,quantity,,"Horses (including Ponies), viz., Stallions",1900,900,900
reexport,quantity,,"Prints, Engravings, and Photographs",1897,898,898
reexport,value,,Prunes . . . . . Cts.,1897,898,898
import,value,Tobacco,Toys,1893,884,884
reexport,quantity,,Sunnach,1894,878,878
reexport,quantity,,Prunes . . . . .,1900,877,877
reexport,value,,"Prunes . . . . . """,1900,877,877
reexport,value,,Barnstaple - - - - - -,1897,859,859
reexport,quantity,,Iceglass,1893,843,843
reexport,quantity,,Isinglass . . . . .,1893,843,843
reexport,value,,Wexford . . . . .,1893,835,835
import,value,Dyeing or Tanning Stuffs,Sallow - - - - -,1889,830,830
import,value,Dyeing or Tanning Stuffs,Sallower - - - - -,1889,830,830
import,value,,Burgundy - - - - -,1895,827,827
import,value,White,Burgundy - - - - -,1895,827,827
reexport,value,,"Bell (see Metal Unenumerated, Unwrought) - - -",1895,826,826
reexport,quantity,Not Sweetened,""" Imitation Rum",1893,825,825
export_uk,value,Horses (including Ponies),Mares - - - - - - - - - -,1898,824,824
reexport,value,Lead,"Manufactures of, unenumerated - - - - -",1895,823,823
export_uk,quantity,Arms,"Swords, Cutlasses, Matchets, Bayonets",1899,820,820
export_uk,value,Arms,"Swords, Cutlasses, Matchets, and Bayonets - - - - - - - - - -",1899,820,820
reexport,quantity,,"Swords, Cutlasses, Matchets, Bayonets",1899,820,820
reexport,quantity,,"Swords, Cutlasses, Matchets, and Bayonets",1899,820,820
reexport,quantity,Sawn,Unenumerated,1893,806,806
export_uk,value,"Ammunition, viz.","Torpedoes, and parts thereof . . . """,1896,797,797
reexport,quantity,Sparkling,Moselle,1900,791,791
export_uk,quantity,Arms,"Swords, Cutlasses, Matchets, Bayonets",1898,783,783
export_uk,value,Arms,"Swords, Cutlasses, Matchets, and Bayonets - - - - - - - - - -",1898,783,783
reexport,quantity,,"Swords, Cutlasses, Matchets, Bayonets",1898,783,783
reexport,quantity,,"Swords, Cutlasses, Matchets, and Bayonets",1898,783,783
reexport,value,,Aberystwith -,1874,775,775
reexport,value,,Carlisle -,1874,772,772
reexport,value,,"Methylc Alcohol, not purified so as to be potable - - - - -",1895,767,767
reexport,quantity,Manufactures of Iron or Steel,"Girers, Beams, and Pillars",1894,764,764
export_uk,quantity,,"Rough, Hewn, Sawn, or Split - Lbuds",1896,763,763
export_uk,quantity,,"Wood and Timber, viz. :Rough, Hewn, Sawn, or Split - Loads",1896,763,763
reexport,quantity,,",, Shell Fish: Oysters for Food . . . . .",1896,763,763
reexport,value,,""" Shell Fish: Oysters for Food . . . . . """,1896,763,763
reexport,quantity,Spices,""" Imitation Rum",1900,759,759
export_uk,value,Horses (including Ponies),Mares - - - - - - - - - -,1896,753,753
reexport,quantity,,"Prints, Engravings, and Photographs",1894,746,746
reexport,value,,Prunes . . . . . Cts.,1894,746,746
export_uk,quantity,,"Rough, Hewn, Sawn, or Split - Lbuds",1898,745,745
export_uk,quantity,,"Wood and Timber, viz. :Rough, Hewn, Sawn, or Split - Loads",1898,745,745
reexport,value,,Padstow -,1876,734,734
export_uk,value,"Wool, viz.","Combed or Carded, and Tops - - - - -",1893,731,731
import,value,,"Chicory and Coffee, Roasted or Ground, Africa - - - - -",1893,724,724
reexport,quantity,,""" "" "" in the manufacture of which } "" }",1897,712,712
reexport,value,,Fleetwood -,1874,703,703
reexport,quantity,,Pyrites of Iron or Copper,1899,696,696
export_uk,value,Horses (including Ponies),Geldings - - - - - - - - - -,1896,695,695
reexport,value,,Carlisle -,1877,692,692
reexport,quantity,,Pyrites of Iron and Copper,1899,690,690
reexport,quantity,Sparkling,Burgundy,1900,686,686
export_uk,quantity,Ammunition,"Shot, large and small",1895,684,684
reexport,quantity,,"Shot, large and small",1895,684,684
import,value,,""" Sulphuric - - - - -",1900,663,663
reexport,quantity,"Wine, Imported in Casks",""" "" "" Hock",1897,663,663
reexport,value,,Cowes - - - - - -,1893,663,663
export_uk,quantity,"Horses (including Ponies), viz.",Stallions,1899,654,654
reexport,quantity,,Sumach,1893,653,653
reexport,quantity,,Sunnach,1893,653,653
reexport,value,Woollen Yarn,Unenumerated - - - - -,1894,630|639,639
reexport,value,,"Sworns, Cutlasses, Matchets, Bayonets - - - - -",1895,637,637
reexport,value,Arms,"Swords, Cutlasses, Matchets, Bayonets - - - - -",1895,637,637
import,quantity,,""" Liqueurs, Cordials, &amp;c., not tested }",1900,636,636
reexport,value,,Aberystwith -,1877,632,632
reexport,value,,Ramsgate -,1877,625,625
import,value,,Burgundy - - - - -,1894,622,622
import,quantity,,"Arms :Swords, Cutlasses, Matchets, Bayonets",1895,607,607
reexport,quantity,Hewn,Oak,1900,604,604
reexport,value,Seeds,Cotton - - - - -,1893,601,601
export_uk,quantity,,"Rough, Hewn, Sawn, or Split - Lbuds",1895,597,597
export_uk,value,,"Spirits, Foreign, Methylated in the UnitedKingdom - - - - -",1895,594,594
reexport,value,Not Sweetened,""" Imitation Rum - - - - -",1894,584,584
import,quantity,,"Arms :Swords, Cutlasses, Matchets, Bayonets",1893,578,578
reexport,quantity,,Iceglass,1894,576,576
import,value,,Colloion - - - - -,1894,570,570
reexport,value,Cocoa,""" Cocoa or Chocolate, ground, prepared, or in any way } - - - - -",1899,569,569
export_uk,quantity,Arms,"Swords, Cutlasses, Matchets, Bayonets",1897,568,568
export_uk,value,Arms,"Swords, Cutlasses, Matchets, and Bayonets - - - - - - - - - -",1897,568,568
reexport,quantity,,"Swords, Cutlasses, Matchets, Bayonets",1897,568,568
reexport,quantity,,"Swords, Cutlasses, Matchets, and Bayonets",1897,568,568
reexport,quantity,,Malz,1894,564,564
reexport,quantity,,Linseed Cake . . . . .,1893,560,560
reexport,value,,"Methylc Alcohol, not purified so as to be potable - - - - -",1897,554,554
reexport,value,,Newhaven -,1878,550,550
import,value,,Imitation Cheese - - - - -,1893,542,542
import,value,,"Chicory and Coffee, Roasted or Ground, Africa - - - - -",1894,540,540
import,value,"Dye-stuffs, and Substances for Tanning or Dyeing","Safflower . . . . . """,1896,536,536
import,value,,""" Butyric - - - - -",1899,426|335|535,535
reexport,quantity,Tin,Ore of,1893,533,533
reexport,value,,"Seed Cake of other Sorts . . . . . """,1896,532,532
reexport,quantity,,"Zinc, Crude, in Cakes",1874,530,530
export_uk,quantity,Ammunition,"Shot, large and small",1898,528,528
export_uk,value,Ammunition,"Shot, large and small - - - - - - - - - -",1898,528,528
reexport,value,,Douglas . . . . .,1893,524,524
reexport,value,,TOTAL from ISLE OF MAN . . . . .,1893,524,524
reexport,quantity,,Imitation Rum,1899,518,518
reexport,quantity,,Whalebone (including Finners),1898,518,518
reexport,quantity,Lead,"Manufactures of, unenumerated",1895,518,518
reexport,quantity,Spices,""" Imitation Rum",1899,518,518
reexport,value,,Lyme -,1876,518,518
export_uk,quantity,"Carriages, Carts, &amp;c.",Railway Carriages for Passengers,1869,515|315,515
reexport,value,,Skibbereen - - - - -,1895,515,515
reexport,quantity,,Seed Cake of other Sorts . . . . .,1896,512,512
import,value,,Colloion - - - - -,1895,507,507
reexport,value,,Fleetwood -,1875,507,507
import,quantity,,"Horses (including Ponies), viz., Stallions",1893,505,505
import,value,,Colloion - - - - -,1897,497,497
reexport,value,,Lancaster -,1877,490,490
reexport,value,,Newcastle -,1878,485,485
reexport,value,,""" containing not more than 50 % Chocolate, with } - - - - -",1897,478,478
reexport,value,,"„ containing not more than 50 % Chocolate, with Spirit",1897,478,478
reexport,quantity,,Prunes . . . . .,1893,473,473
reexport,value,,Prunes . . . . . Cts.,1893,472,472
reexport,quantity,Ether,Butyric,1900,470,470
export_uk,value,Horses (including Ponies),Geldings - - - - - - - - - -,1899,468,468
import,quantity,,„ „ Sperm . . . . .,1900,467,467
reexport,quantity,Sparkling,Hock,1900,466,466
reexport,quantity,,",, Tow . . . . .",1900,461,461
reexport,value,,Carlisle -,1876,454,454
reexport,quantity,Beer and Ale,Of other Sorts,1894,451,451
export_uk,quantity,Arms,"Swords, Cutlasses, Matchets, Bayonets",1895,445,445
reexport,quantity,,"Swords, Cutlasses, Matchets, Bayonets",1895,445,445
reexport,value,,Padstow -,1875,439,439
reexport,value,,Exeter - - - - - - -,1899,436,436
export_uk,value,"Horses (including Ponies), viz.","Swine . . . . . """,1900,435,435
reexport,value,,Douglas -,1874,435,435
reexport,value,,Hay . . . . . Tons,1900,114|435,435
export_uk,value,"Arms, viz","Torpedoes, and parts thereof . . . . . "" """,1893,431,431
reexport,value,Paper,Wool Pulp Boards - - - - -,1895,424,424
reexport,value,Zinc,Ore of - - - - -,1893,419,419
reexport,value,,Gainsborough -,1876,413,413
export_uk,value,"Horses (including Ponies), viz","Swine . . . . . "" """,1893,412,412
reexport,quantity,,Imitation Rum,1895,406,406
reexport,quantity,,Stallions,1900,406,406
reexport,quantity,Not Sweetened,""" Imitation Rum",1895,406,406
reexport,value,,Lyme -,1877,406,406
import,value,,Colloion - - - - -,1896,402,402
reexport,value,,Ramsey -,1878,400,400
import,value,,"Chicory and Coffee, Roasted or Ground, Africa - - - - -",1896,397,397
import,value,,"Chicory and Coffee, Roasted or Ground, Africa - - - - -",1895,384,384
reexport,value,,Cotton Seed Cake - - - - -,1897,380|79,380
reexport,value,,Padstow -,1874,380,380
reexport,value,,Gainsborough -,1874,379,379
reexport,value,,"Sparkling, Red, Burgundy - - - - -",1897,375,375
reexport,value,,Lyme -,1875,366,366
import,value,Dyeing or Tanning Stuffs,Sallower - - - - -,1891,365,365
reexport,value,,Collodion - - - - -,1899,355|365,365
reexport,value,,"Espresso and other Vegetable Fibres . . . . . """,1895,361,361
reexport,quantity,,} Tons,1894,357,357
reexport,value,Wool,"Woollen Rags, applicable to other uses than Manure, torn up or not - - - - - - - - - -",1894,357,357
reexport,value,,Geldings - - - - -,1893,350,350
reexport,quantity,,Gunpowder,1900,349,349
reexport,value,,"Confectionery, in the manufacture of which Spirit has beenused - - - - -",1895,349,349
reexport,value,,Padstow . . . . .,1893,347,347
reexport,quantity,,Straw . . . . .,1899,346,346
import,value,Dyeing or Tanning Stuffs,Sallower - - - - -,1892,345,345
import,value,,"Chicory: Other Vegetable matter, applicable to theuses of Chicory or Coffee",1896,338,338
reexport,value,,""" containing not more than 50 % Chocolate, with } - - - - -",1895,336,336
reexport,value,,""" containing not more than 50 % Chocolate, with } - - - - -",1896,336,336
reexport,value,,"„ containing not more than 50 % Chocolate, with Spirit",1895,336,336
reexport,value,,"„ containing not more than 50 % Chocolate, with Spirit",1896,336,336
reexport,value,,Lyme -,1874,335,335
reexport,value,Cocoa,""" Cocoa or Chocolate, ground, prepared, or in any way } - - - - -",1897,326,326
reexport,value,Tin,"Manufactures of, unenumerated - - - - -",1893,324,324
import,value,,Calves - - - - -,1893,318,318
reexport,quantity,,"Bones, applicable to Manufacturing Purposes",1900,317,317
reexport,quantity,,Malt - - - - - - - - -,1893,316,316
reexport,quantity,,Malz,1893,316,316
reexport,value,,Carlisle - - - - - -,1893,316,316
export_uk,value,"Ammunition, viz.","Torpedoes, and parts thereof . . . """,1898,315,315
export_uk,quantity,Ammunition,"Shot, large and small",1897,314,314
export_uk,value,Ammunition,"Shot, large and small - - - - - - - - - -",1897,314,314
import,value,"Dye-stuffs, and Substances for Tanning or Dyeing","Safflower . . . . . """,1897,313,313
reexport,value,,"Confectionery, in the manufacture of which Spirit has been } - - - - -",1895,309,309
reexport,value,,"Manufactures of, unenumerated - -",1893,307,307
reexport,value,Lead,"Manufactures of, unenumerated - - - - -",1893,307,307
reexport,value,,Fowey -,1878,305,305
reexport,quantity,,Ice,1899,300,300
export_uk,quantity,Beer and Ale,Of other Sorts,1895,299,299
reexport,quantity,Beer and Ale,Of other Sorts,1895,299,299
import,quantity,,„ Ore of . . . . .,1899,290,290
import,quantity,Metals and Ores,"Gold, Ore of (including the Value of the Gold contained in Auriferous Ores and Metals",1899,290,290
reexport,quantity,Hewn,Unenumerated,1893,289,289
reexport,value,Meat (except Poultry and Game),""" Unenumerated, Salted or Fresh - - - - -",1896,289,289
reexport,quantity,Hewn,Unenumerated,1900,281,281
import,quantity,,Imitation Cheese,1893,277,277
reexport,quantity,,Whalebone (including Finners),1897,274,274
reexport,value,Cocoa,""" Cocoa or Chocolate, ground, prepared, or in any way } - - - - -",1896,270,270
reexport,value,,Padstow - - - - -,1899,267,267
reexport,value,,Lancaster -,1876,255,255
reexport,value,Tobacco,235 - - - - -,1896,253,253
export_uk,value,Horses (including Ponies),Geldings - - - - - - - - - -,1900,249,249
reexport,quantity,,Geldings,1900,249,249
reexport,quantity,,Sailflower,1894,249,249
reexport,value,Paper,Wool Pulp Boards - - - - -,1897,248,248
reexport,quantity,,Linseed Cake . . . . . . . . .,1899,247,247
reexport,value,Lead,"Manufactures of, unenumerated - - - - -",1894,246,246
reexport,value,Tobacco,235 - - - - -,1895,246,246
export_uk,quantity,Ammunition,"Shot, large and small",1896,238,238
export_uk,value,Ammunition,"Shot, large and small - - - - - - - - - -",1896,238,238
reexport,value,Tobacco,235 - - - - -,1894,235,235
reexport,quantity,""" Unenumerated",""" Liqueurs, Cordials,    &amp;c., not tested",1900,233,233
reexport,value,,Carlisle -,1875,232,232
reexport,value,,Lancaster -,1874,232,232
import,quantity,,Calves,1900,230,230
reexport,value,,Cowes -,1877,225,225
reexport,value,,"Confectionery, in the manufacture of which Spirit has been } - - - - -",1896,218,218
reexport,value,,"Confectionery, in the manufacture of which Spirit has beenused - - - - -",1896,218,218
reexport,value,,"Espresso and other Vegetable Fibres . . . . . """,1894,216,216
reexport,value,,Lancaster -,1875,216,216
import,quantity,,Whalekins,1870,213,213
import,quantity,,Whaletins,1870,213,213
reexport,quantity,,"Oil, fit only to be re-manufactured",1896,212,212
reexport,value,,Ramsey -,1875,212,212
reexport,value,Paper,Wool Pulp Boards - - - - -,1896,211,211
reexport,value,,Aberystwith -,1875,210,210
import,value,,"Chicory and Coffee, Roasted or Ground, Africa - - - - -",1897,209,209
export_uk,quantity,Beer and Ale,Of other Sorts,1896,202,202
reexport,quantity,Beer and Ale,Of other Sorts,1896,202,202
reexport,value,Beer and Ale,Of other Sorts . . . . . ”,1896,202,202
export_uk,value,"Animals, Living",Sheep and Lambs - - - - - - - - - -,1897,200,200
reexport,value,,Galway . . . . .,1893,200,200
reexport,value,,Plate of Gold - - - - -,1893,200,200
reexport,value,,Preston -,1876,198,198
reexport,value,Tobacco,235 - - - - -,1898,196,196
reexport,value,Cocoa,""" Cocoa or Chocolate, ground, prepared, or in any way } - - - - -",1895,195,195
export_uk,quantity,,Rye,1893,193,193
export_uk,value,,Rye - - - - -,1893,65|193,193
reexport,value,,"Bell (see Metal Unenumerated, Unwrought) - - -",1896,193,193
import,quantity,,Whalekins,1868,190,190
import,quantity,,Whaletins,1868,190,190
export_uk,quantity,,Rye,1900,185,185
reexport,quantity,,Imitation Rum,1897,184,184
reexport,quantity,Not Sweetened,""" Imitation Rum",1897,184,184
reexport,quantity,Spices,""" Imitation Rum",1897,184,184
reexport,value,,"Confectionery, in the manufacture of which Spirit has been } - - - - -",1898,184,184
reexport,value,,"Confectionery, in the manufacture of which Spirit has beenused - - - - -",1898,184,184
reexport,value,,"Bell (see Metal Unenumerated, Unwrought) - - -",1898,183,183
reexport,quantity,Sparkling,Other sorts,1899,132|182,182
import,quantity,,Whalekins,1866,180,180
import,quantity,,Whaletins,1866,180,180
reexport,value,Tobacco,235 - - - - -,1897,180,180
export_uk,value,Ammunition,"Shot, large and small - - - - - - - - - -",1900,179,179
reexport,quantity,,"Shot, large and small",1900,179,179
reexport,value,,"Methylc Alcohol, not purified so as to be potable - - - - -",1894,179,179
reexport,quantity,,"Oil, fit only to be re-manufactured",1893,177,177
reexport,quantity,,"Manufactures of, unenumerated - - - - -",1899,174,174
reexport,quantity,Lead,"Manufactures of, unenumerated",1899,174,174
reexport,value,,Cotton Seed Cake - - - - -,1900,28|174,174
reexport,value,,Barnstaple - - - - - -,1896,173,173
reexport,quantity,,Sailflower,1896,170,170
reexport,quantity,,„ Dried or Preserved . . . . .,1893,170,170
reexport,value,,""" Dried or Preserved . . . . . """,1893,170,170
import,value,Spirits,Stationery,1892,169,169
reexport,quantity,,"Pears, Raw  . . . . .",1900,169,169
reexport,value,,Cotton Seed Cake - - - - -,1899,169|23,169
reexport,value,,"Pears, Raw  . . . . . """,1900,169,169
reexport,quantity,,"Milk and Cream, Fresh or Preserved, other than Condensed Milk",1899,166,166
reexport,quantity,,"Bones, applicable to Manufacturing Purposes",1893,163,163
import,value,Spirits,Stationery,1894,161,161
reexport,value,,"Confectionery, in the manufacture of which Spirit has been } - - - - -",1897,160,160
reexport,value,,"Confectionery, in the manufacture of which Spirit has beenused - - - - -",1897,160,160
reexport,quantity,,Safflower,1893,157,157
reexport,quantity,,Sailflower,1893,157,157
reexport,value,,Barrow - -,1893,156,156
reexport,value,,Portsmouth -,1878,156,156
reexport,value,Woollen Manufactures,Yeast - - - - - - - - - -,1898,153,153
export_uk,value,,"Spirits, Foreign, Methylated in the UnitedKingdom - - - - -",1894,151,151
reexport,value,,Scarborough -,1874,150,150
export_uk,value,,Rye - - - - -,1899,149,149
reexport,value,Not Sweetened,""" Imitation Rum - - - - -",1893,147,147
reexport,value,,Cotton Seed Cake - - - - -,1896,145|26,145
reexport,value,,Barnstaple - - - - - -,1893,144,144
reexport,value,,""" containing not more than 50 % Chocolate, with } - - - - -",1898,142,142
reexport,value,,"„ containing not more than 50 % Chocolate, with Spirit",1898,142,142
import,value,Dyeing or Tanning Stuffs,Sallower - - - - -,1893,140,140
reexport,value,Woollen Manufactures,Yeast - - - - - - - - - -,1897,140,140
reexport,value,,"Confectionery, in the manufacture of which Spirit has beenused - - - - -",1894,139,139
export_uk,value,"Animals, Living",Sheep and Lambs - - - - - - - - - -,1899,137,137
import,quantity,,Whalekins,1867,137,137
import,quantity,,Whaletins,1867,137,137
reexport,quantity,,Sheep and Lambs,1899,137,137
reexport,quantity,,Imitation Rum,1896,134,134
reexport,quantity,Not Sweetened,""" Imitation Rum",1896,134,134
reexport,quantity,Spices,""" Imitation Rum",1896,134,134
reexport,value,Chicory,Raw or Kiln-dried - - - - -,1893,134,134
reexport,quantity,,"Milk and Cream, Fresh or Preserved, other than Condensed Milk",1900,133,133
reexport,value,,"Bell (see Metal Unenumerated, Unwrought) - - -",1899,133,133
reexport,value,Metal,"Leaf, not Gold - - - - -",1899,133,133
export_uk,quantity,Beer and Ale,Of other Sorts,1897,129,129
reexport,quantity,,Sailflower,1897,129,129
reexport,quantity,Beer and Ale,Of other Sorts,1897,129,129
reexport,value,Beer and Ale,Of other Sorts . . . . . ”,1897,129,129
reexport,quantity,,Sailflower,1895,124,124
reexport,quantity,,Straw . . . . .,1900,121,121
reexport,value,,"Straw . . . . . """,1900,121,121
reexport,quantity,Lead,"Manufactures of, unenumerated",1898,118,118
reexport,value,Tobacco,"Snuff . . . . . """,1900,117,117
reexport,quantity,Lead,"Manufactures of, unenumerated",1896,114,114
reexport,value,,Scarborough . . . . .,1893,113,113
export_uk,value,,"Spirits, Foreign, Methylated in the United Kingdom - - - - -",1893,112,112
export_uk,value,,"Spirits, Foreign, Methylated in the UnitedKingdom - - - - -",1893,112,112
reexport,quantity,,"Oil, fit only to be re-manufactured",1895,112,112
reexport,value,Lead,"Manufactures of, unenumerated - - - - -",1896,112,112
reexport,quantity,,"Oil, fit only to be re-manufactured",1894,111,111
reexport,quantity,,Indigo,1899,109,109
reexport,quantity,,„ Sperm . . . . .,1893,109,109
reexport,value,,""" Spermi . . . . . Cts.",1893,109,109
reexport,value,,Cotton Seed Cake - - - - -,1898,104|15,104
reexport,quantity,Seeds,Cotton,1893,103,103
reexport,value,,""" Spermi . . . . . Cts.",1897,103,103
reexport,value,Cocoa,""" in the manufacture of which Spirit } - - - - -",1895,103,103
reexport,value,,"Espresso and other Vegetable Fibres . . . . . """,1896,101,101
reexport,value,,"Conlage, Twine, and Cable Yarn . . . . .",1896,99,99
export_uk,value,"Animals, Living",Cows - - - - - - - - - -,1897,94,94
import,value,,"Chicory and Coffee, Roasted or Ground, Mixed - - - - -",1899,93,93
export_uk,value,Horses (including Ponies),Mares - - - - - - - - - -,1899,92,92
reexport,quantity,,Esparto and other Vegetable Fibres . . . . .,1893,90,90
reexport,quantity,,Of other Sorts,1900,90,90
reexport,value,,Berwick -,1877,90,90
reexport,value,,"Espresso and other Vegetable Fibres . . . . . """,1893,90,90
reexport,value,Beer and Ale,Of other Sorts . . . . . ”,1900,90,90
import,quantity,,Whalekins,1869,84,84
import,quantity,,Whaletins,1869,84,84
reexport,quantity,Paper-making Materials,Esparto and other Vegetable Fibres,1899,83,83
reexport,quantity,,"Oil, fit only to be re-manufactured",1897,82,82
export_uk,value,,"Spirits, Foreign, Methylated in the UnitedKingdom - - - - -",1897,75,75
import,quantity,,Calves,1893,74,74
reexport,value,Woollen Manufactures,Yeast - - - - - - - - - -,1896,74,74
reexport,quantity,,",, Regulus and Precipitate",1900,73,73
reexport,quantity,,""" Manufactures of",1893,72,72
reexport,value,,„ Imitation Rum,1900,71,71
reexport,value,Cocoa,""" in the manufacture of which Spirit } - - - - -",1897,71,71
reexport,value,Woollen Manufactures,Yeast - - - - - - - - - -,1894,70,70
reexport,quantity,"Wine, Imported in Casks",""" "" Other sorts",1895,68,68
reexport,value,Hair,Manufactures of (other than Goats' Hair) - - - - -,1899,68,68
reexport,quantity,Sparkling,Other sorts,1900,66,66
export_uk,quantity,Beer and Ale,Of other Sorts,1899,63,63
reexport,value,Beer and Ale,Of other Sorts . . . . . ”,1899,63,63
reexport,quantity,"Wine, Imported in Casks",""" "" Other sorts",1893,58,58
reexport,value,Lead,"Manufactures of, unenumerated - - - - -",1897,57,57
export_uk,value,Horses (including Ponies),Mares - - - - - - - - - -,1900,55,55
reexport,quantity,,Mares,1900,55,55
export_uk,value,"Animals, Living",Sheep and Lambs - - - - - - - - - -,1896,54,54
reexport,quantity,,Cotton Cake . . . . .,1893,54,54
reexport,value,,"Cotton Cake . . . . . """,1893,54,54
reexport,quantity,,",, Shell Fish: Oysters for Food . . . . .",1898,53,53
reexport,quantity,,„ Sperm . . . . . . . . .,1899,53,53
reexport,value,,""" Shell Fish: Oysters for Food . . . . . """,1898,53,53
reexport,value,Oils,„ Sperm . . . . . ”,1899,53,53
reexport,value,,Imitation Rum . . . . .,1895,52,52
reexport,value,Not Sweetened,""" Imitation Rum - - - - -",1895,52,52
import,value,,""" Of Gold . . . . . Ozs. Troy",1897,51,51
reexport,value,,""" Spermi . . . . . Cts.",1894,51,51
import,value,"Dye-stuffs, and Substances for Tanning or Dyeing","Safflower . . . . . """,1898,50,50
reexport,value,,Dartmouth - - - - - - -,1899,50,50
reexport,value,,Dumfries . . . . .,1893,50,50
reexport,value,,Ramsgate -,1874,50,50
reexport,value,Woollen Manufactures,Yeast - - - - - - - - - -,1895,49,49
reexport,value,,"Bell (see Metal Unenumerated, Unwrought) - - -",1897,48,48
reexport,quantity,,Raw or Kiln-dried,1900,45,45
reexport,quantity,Lead,"Manufactures of, unenumerated",1897,44,44
export_uk,quantity,Beer and Ale,Of other Sorts,1898,43,43
reexport,quantity,,""" "" "" in the manufacture of which } "" }",1898,43,43
reexport,quantity,,",, Shell Fish: Oysters for Food . . . . .",1899,43,43
reexport,quantity,Beer and Ale,Of other Sorts,1898,43,43
reexport,value,,""" Shell Fish: Oysters for Food . . . . . """,1899,43,43
reexport,value,Beer and Ale,Of other Sorts . . . . . ”,1898,43,43
reexport,value,,""" Spermi . . . . . Cts.",1896,41,41
reexport,value,,Londonderry - - - - -,1899,40,40
reexport,value,,Londonderry . . . . .,1893,40,40
reexport,value,,Other sorts - - - - -,1893,40,40
export_uk,quantity,Ammunition,"Shot, large and small",1899,39,39
export_uk,value,Ammunition,"Shot, large and small - - - - - - - - - -",1899,39,39
reexport,quantity,Woollen Yarn,Unenumerated,1898,30|39,39
reexport,value,,"Confectionery, in the manufacture of which Spirit has been used - - - - -",1893,39,39
reexport,value,Not Sweetened,""" Imitation Rum - - - - -",1897,39,39
reexport,quantity,"Wine, Imported in Casks",""" "" Other sorts",1896,38,38
reexport,value,,"Confectionery, in the manufacture of which Spirit has been } - - - - -",1899,38,38
reexport,quantity,Zinc,Ore of,1894,37,37
reexport,value,,Imitation Rum . . . . .,1896,27|37,37
reexport,value,,Plate of Gold . . . . . Ozs. Troy,1899,37,37
reexport,quantity,,Plate of Gold . . . . .,1893,36,36
reexport,value,,Plate of Gold . . . . . Ozs. Troy,1893,36,36
reexport,value,,Ramsgate -,1876,35,35
reexport,value,Tin,"Manufactures of, unenumerated",1899,34,34
reexport,quantity,Zinc,Ore of,1893,32,32
reexport,value,,""" Spermi . . . . . Cts.",1895,31,31
reexport,value,,Ramsey -,1874,30,30
reexport,value,,Ramsgate . . . . .,1893,30,30
export_uk,quantity,"Plate, viz",Gold,1894,28,28
export_uk,value,"Animals, Living",Sheep and Lambs - - - - - - - - - -,1898,28,28
reexport,quantity,,",, Shell Fish: Oysters for Food . . . . .",1897,27,27
reexport,quantity,,",, Shell Fish: Oysters for Food . . . . .",1900,27,27
reexport,value,,""" Shell Fish: Oysters for Food . . . . . """,1897,27,27
reexport,value,,""" Shell Fish: Oysters for Food . . . . . """,1900,27,27
reexport,value,Not Sweetened,""" Imitation Rum - - - - -",1896,27,27
reexport,value,,Hartlepool,1899,26,26
import,value,,""" Of Gold . . . . . Ozs. Troy",1899,23,23
reexport,quantity,,Cotton Cake . . . . . . . . .,1899,23,23
reexport,quantity,,"„ Old, fit only to be re-manufactured",1893,23,23
reexport,quantity,Beer and Ale,Imitation Cheese,1895,23,23
reexport,value,Oil-seed Cake,Cotton Cake . . . . . ”,1899,23,23
import,value,,"Chicory: Other Vegetable matter, applicable to theuses of Chicory or Coffee",1897,21,21
reexport,quantity,"Wine, Imported in Casks",""" "" Other sorts",1897,21,21
export_uk,quantity,,Lead Ore,1893,20,20
export_uk,value,,"Spirits, Foreign, Methylated in the UnitedKingdom - - - - -",1896,20,20
import,value,"Dye-stuffs, and Substances for Tanning or Dyeing","Safflower . . . . . """,1899,20,20
reexport,quantity,,Pyrites of Iron and Copper,1897,20,20
reexport,quantity,,"Plants, Shrubs, Trees and Flower Roots",1895,19,19
reexport,value,,Plate of Gold . . . . . Ozs. Troy,1895,19,19
reexport,value,,"Espresso and other Vegetable Fibres . . . . . """,1897,18,18
reexport,value,,Scarborough -,1875,17,17
export_uk,value,"Animals, Living",Cows - - - - - - - - - -,1900,16,16
reexport,quantity,,Cows,1900,16,16
import,value,,""" Of Gold . . . . . Ozs. Troy",1895,14,14
reexport,quantity,,"Plants, Shrubs, Trees and Flower Roots",1894,14,14
reexport,value,,Plate of Gold . . . . . Ozs. Troy,1894,14,14
import,value,,"Chicory: Other Vegetable matter, applicable to theuses of Chicory or Coffee",1898,13,13
reexport,quantity,,",, Other Sorts of Shell Fish . . . . .",1900,13,13
reexport,value,,""" Other Sorts of Shell Fish . . . . . """,1900,13,13
import,value,,Kernels (see Nuts).,1899,12,12
import,value,Dyeing or Tanning Stuffs,Safflower - - - - -,1895,12,12
reexport,quantity,,Stallions,1895,11,11
export_uk,value,"Animals, Living",Oxen and Bulls - - - - - - - - - -,1897,10,10
import,quantity,,"Chicory : Other Vegetable matter, applicable to the }    uses of Chicory or Coffee",1899,10,10
import,value,,"Chicory: Other Vegetable matter, applicable to theuses of Chicory or Coffee",1899,10,10
reexport,quantity,"Wine, Imported in Casks",""" "" Other sorts",1894,10,10
export_uk,value,"Animals, Living",Calves - - - - - - - - - -,1897,9,9
reexport,quantity,,"Plants, Shrubs, Trees and Flower Roots",1898,9,9
reexport,value,,Plate of Gold . . . . . Ozs. Troy,1898,9,9
reexport,value,,Barnstaple -,1875,8,8
reexport,value,,Liverpool -,1878,8,8
export_uk,value,"Animals, Living",Cows - - - - - - - - - -,1896,7,7
export_uk,value,"Animals, Living",Cows - - - - - - - - - -,1899,7,7
reexport,quantity,,Cows,1899,7,7
reexport,quantity,,Plate of Gold,1900,7,7
reexport,quantity,,Rabbits (dead),1900,7,7
reexport,value,,Plate of Gold . . . . . Ozs. Troy,1900,7,7
export_uk,quantity,,"Coffee, Roasted",1893,6,6
export_uk,value,,"Coffee, Roasted  Lbs.",1893,6,6
export_uk,value,,"Coffee, Roasted  Lbs.",1894,6,6
export_uk,value,,"Coffee, Roasted  Lbs.",1895,6,6
export_uk,value,,"Coffee, Roasted  Lbs.",1896,6,6
import,value,,""" Of Gold . . . . . Ozs. Troy",1896,6,6
export_uk,value,"Animals, Living",Oxen and Bulls - - - - - - - - - -,1899,5,5
export_uk,quantity,,Black Plates for Tinning,1893,4,4
import,value,"Dye-stuffs, and Substances for Tanning or Dyeing","Safflower . . . . . """,1895,4,4
reexport,quantity,,"Plants, Shrubs, Trees and Flower Roots",1896,3,3
reexport,value,Cocoa,""" in the manufacture of which Spirit } - - - - -",1898,3,3
export_uk,quantity,,"Copper, Ore",1893,2,2
export_uk,value,"Animals, Living",Oxen and Bulls - - - - - - - - - -,1900,2,2
import,quantity,,",, Iodide",1899,2,2
import,value,,""" Iodide . . . . . """,1899,2,2
reexport,quantity,,Pyrites of Iron and Copper,1898,2,2
reexport,quantity,,Pyrites of Iron and Copper,1900,2,2
reexport,quantity,,Rabbits (dead),1899,2,2
reexport,value,,""" containing not more than 50 % Chocolate, with } - - - - -",1899,2,2
reexport,value,,"„ containing not more than 50 % Chocolate, with Spirit",1899,2,2
export_uk,value,"Animals, Living",Swine - - - - - - - - - -,1896,1,1
import,quantity,,",, Iodide",1895,1,1
import,quantity,,",, Iodide",1896,1,1
import,quantity,,",, Iodide",1897,1,1
import,quantity,,",, Iodide",1898,1,1
import,quantity,,Oranges (see Fruit).,1898,1,1
import,value,,""" Iodide . . . . . """,1895,1,1
import,value,,""" Iodide . . . . . """,1896,1,1
import,value,,""" Iodide . . . . . """,1897,1,1
import,value,,""" Iodide . . . . . """,1898,1,1
reexport,quantity,,"Plums ,,  . . . . .",1900,1,1
reexport,value,,„ „ „ in the manufacture of which Spirit has been used . . . . .,1893,1,1
reexport,quantity,,Hock (see Wine).,1896,0,0
