fiscal_year,volume,pair_id,row_seq,era,labels,align_status,key,tot_imp_qty,tot_imp_value,gt_qty,gt_value,gt_duty,pt_qty,pt_value,pt_duty,sx_qty,sx_value,sx_duty,efc_qty,efc_value,efc_duty,closes
1898,statcan_plato_may_1898,3,15,GP,3 Baking powders..... > United States.....,joined_weak,position,724,154,474,91,28.44,250.63,13.14,724,,,,154,41.58,3,-2
1898,statcan_plato_may_1898,3,17,GP,3 Baking powders..... > Quebec.....,joined_weak,position,60545,16356,60775,16358,3646.64,37.11,1.94,60812,,,,16369,3648.58,,-1
1898,statcan_plato_may_1898,3,18,GP,3 Baking powders..... > Nova Scotia.....,joined_weak,position,26050,6912,25185,6682,1511.13,39.13,2.05,25224,,,,6695,1513.18,,-1
1898,statcan_plato_may_1898,3,19,GP,3 Baking powders..... > N. Brunswick.....,joined_weak,position,15626,4066,15529,4634,931.77,97.32,5.1,15626,,,,4036,936.87,,-1
1898,statcan_plato_may_1898,3,25,GP,3 Baking powders.....,joined_weak,position,377303,103622,374850,101892,22491.35,250.63,13.14,375100,,,,101955,22504.4,,-1
1898,statcan_plato_may_1898,4,0,GP,,left_only,,,8,,,,,,,,,,,,,
1898,statcan_plato_may_1898,5,30,GP,Ontario.....,joined_weak,position,1,83,1,83,29.05,,,,,,,1.83,29.05,4,-2
1898,statcan_plato_may_1898,5,32,GP,B. Columbia.....,joined_weak,position,1,75,1,75,26.25,,,,,,,1.75,26.25,,-1
1898,statcan_plato_may_1898,6,16,GP,Germany.....,joined_weak,position,10,7,,,,1432,157,34.29,,,,1432,157,34.29,2
1898,statcan_plato_may_1898,6,20,GP,Nova Scotia.....,joined_weak,position,3152,584,3100,558,139.5,52.26,5.7,3152,,,,584,145.2,,-1
1898,statcan_plato_may_1898,6,21,GP,New Brunswick.....,joined_weak,position,958,423,893,391,97.75,65.32,6.98,958,,,,423,104.73,,-1
1898,statcan_plato_may_1898,6,23,GP,B. Columbia.....,joined_weak,position,1694,269,1118,213,51.4,432.46,10.06,1550,,,,259,61.46,,-1
1898,statcan_plato_may_1898,6,33,GP,Nova Scotia.....,joined_weak,position,5,193,4,110,27.5,1.83,18.16,5,,,,193,45.66,,-1
1898,statcan_plato_may_1898,7,26,GP,Belgium.....,left_only,,,1015,,,,,,,,,,,,,
1898,statcan_plato_may_1898,8,30,GP,France.....,joined_weak,position,5917,1492,1449,272,217.35,,1180,542.0,,,,,5578,1452,-2
1898,statcan_plato_may_1898,8,31,GP,Japan.....,joined_weak,position,156,54,6,2,0.9,,150,19.69,,,,,156.54,20.59,0
1898,statcan_plato_may_1898,8,32,GP,United States.....,joined_weak,position,18,10,18,10,2.7,,,,,,,,18.1,2.7,0
1898,statcan_plato_may_1898,8,34,GP,Ontario.....,joined_weak,position,38089,10651,37986,10598,5696.8,103.53,13.52,38089,,,,10651,5710.32,,-1
1898,statcan_plato_may_1898,8,37,GP,N. Brunswick.....,joined_weak,position,5707,1423,5504,1378,825.65,203.45,26.72,5707,,,,1423,852.37,,-1
1898,statcan_plato_may_1898,9,5,GP,Spain.....,left_only,,,1,,,,,,,,,,,,,
1898,statcan_plato_may_1898,10,1,GP,,left_only,,,22,6.22,,,,,,,,,,,,
1898,statcan_plato_may_1898,10,2,GP,,joined_weak,position,,146.28,,6,3.3,,,,,,,22,6,3.3,2
1898,statcan_plato_may_1898,10,6,GP,,joined_weak,position,,584,606.37,13,5.55,409,343,53.68,,,,446,356,59.23,2
1898,statcan_plato_may_1898,10,7,GP,,joined_weak,position,,885,121.28,8,4.2,484,43,63.52,,,,512,51,67.72,2
1898,statcan_plato_may_1898,10,19,GP,,right_only,,,,,62969,38145.32,34478,7937,4525.8,,,,288749,79996,42671.12,0
1898,statcan_plato_may_1898,10,21,GP,Germany . . . . .,joined_weak,position,681,753,,,,4122,4236,147.26,,,,4122,4236,147.26,2
1898,statcan_plato_may_1898,10,22,GP,United States . . . . .,joined_weak,position,10721,3858,11532,4360,1728.44,,,,,,,11562,4360,1728.44,2
1898,statcan_plato_may_1898,11,0,GP,"1 Books, &c.— Printed music, bound or in sheets...",left_only,,,,8,,,,,,,,,,,,
1898,statcan_plato_may_1898,12,0,GP,,left_only,,,8,,,,,,,,,,,,,
1898,statcan_plato_may_1898,12,44,GP,United States.....,joined_weak,position,15390,12382,15391,12310,3693.5,,,,,,,7,12310,3693.5,2
1898,statcan_plato_may_1898,13,3,GP,N. Brunswick,joined_weak,position,24,74,24,74,22.2,,,,,,,24.74,22.2,,-1
1898,statcan_plato_may_1898,13,12,GP,Total > Ontario,joined_weak,position,50186,7298,50056,7263,726.27,130.35,3.07,50186,,,,7298,729.34,,-1
1898,statcan_plato_may_1898,13,13,GP,Quebec,joined_weak,position,53275,8923,52857,8858,885.8,418.65,5.68,53275,,,,8923,891.48,,-1
1898,statcan_plato_may_1898,13,15,GP,N. Brunswick,joined_weak,position,1605,211,1505,194,19.4,100.17,1.49,1605,,,,211,20.89,,-1
1898,statcan_plato_may_1898,13,16,GP,Manitoba,joined_weak,position,433,91,433,91,9.1,,,,,,,433.91,9.1,,-1
1898,statcan_plato_may_1898,14,9,GP,,right_only,,,,,,,,,,,,,,,,0
1898,statcan_plato_may_1898,14,14,GP,Total..... > Ontario.....,joined_weak,position,2559,166,1221,67,13.4,1314.97,16.96,2535,,,,164,30.36,,-1
1898,statcan_plato_may_1898,14,25,GP,China.....,joined_weak,position,2854,97,2854,97,24.25,,,,,,,2854.97,24.25,,-1
1898,statcan_plato_may_1898,14,30,GP,Quebec.....,joined_weak,position,59567,3611,54624,3018,754.5,3338,484,105.92,,,,37962,3502,860.42,2
1898,statcan_plato_may_1898,14,31,GP,Nova Scotia.....,joined_weak,position,20417,1386,18340,1204,301.0,1154,155,33.94,,,,19491,1359,334.94,2
1898,statcan_plato_may_1898,14,32,GP,N. Brunswick.....,joined_weak,position,4494,392,4232,370,92.5,262.22,4.82,4494,,,,392,97.32,,-1
1898,statcan_plato_may_1898,15,15,GP,Japan.....,joined_weak,position,4368,90,3770,76,19.0,598,14,3.07,,,,4368.9,22.07,,-1
1898,statcan_plato_may_1898,15,21,GP,Manitoba.....,joined_weak,position,758,63,758,63,15.75,,,,,,,758.63,15.75,,-1
1898,statcan_plato_may_1898,15,22,GP,B. Columbia....,joined_weak,position,129824,4913,126697,4815,1203.55,598.14,3.07,127295,,,,4829,1206.62,,-1
1898,statcan_plato_may_1898,15,27,GP,B. E. Indies.....,joined_weak,position,1203400,17159,,,,771570,10894,8439.05,,,,771570,10894,8439.05,2
1898,statcan_plato_may_1898,15,33,GP,Japan.....,joined_weak,position,1493389,45479,532397,13002,6654.96,861657,26224,9656.82,,,,1394051,39226,16311.78,2
1898,statcan_plato_may_1898,15,39,GP,Manitoba.....,joined_weak,position,412174,10546,290362,6543,3629.52,181192,5152,1981.79,,,,471551,11695,5611.31,2
1898,statcan_plato_may_1898,15,40,GP,B. Columbia....,joined_weak,position,5698031,114231,4405276,75368,55065.35,758339,22518,8472.42,,,,5158645,97886,63537.77,2
1898,statcan_plato_may_1898,16,3,GP,Japan.....,joined_weak,position,116440,3547,,,,6440,137,28.18,,,,6440,137,28.18,2
1898,statcan_plato_may_1898,16,14,GP,Total..... > Ontario.....,joined_weak,position,93512,1776,99645,1888,470.19,1474.35,7.66,101119,,,,1923,477.85,,-1
1898,statcan_plato_may_1898,16,19,GP,B. Columbia....,joined_weak,position,88992,1283,88478,1267,316.75,402.12,2.64,88880,,,,1279,319.39,,-1
1898,statcan_plato_may_1898,16,23,GP,B. E. Indies.....,joined_weak,position,338355,4695,290667,3974,993.5,1180.24,5.25,291847,,,,3998,998.75,,-1
1898,statcan_plato_may_1898,16,33,GP,N. Brunswick..,joined_weak,position,37309,883,35597,843,210.75,1712.4,8.75,37309,,,,883,219.5,,-1
1898,statcan_plato_may_1898,16,36,GP,,joined_weak,position,,3984.97,2520,63,15.75,1464,34,7.44,,,,3984.97,23.19,,-1
1898,statcan_plato_may_1898,17,2,GP,,joined_weak,position,,15,20.14,19,5.7,1,1,0.27,,,,15,20,5.97,2
1898,statcan_plato_may_1898,17,3,GP,,joined_weak,position,,51,49.23,13,3.0,28,36,9.46,,,,51,49,13.36,0
1898,statcan_plato_may_1898,17,10,GP,,joined_weak,position,,7.15,,,,7,15,0.92,,,,7,15,0.92,2
1898,statcan_plato_may_1898,17,18,GP,,joined_weak,position,,15,30.15,30,2.37,,,,,,,15,30,2.37,2
1898,statcan_plato_may_1898,17,19,GP,,joined_weak,position,,55,81.55,81,8.25,,,,,,,55,81,8.25,2
1898,statcan_plato_may_1898,17,21,GP,,joined_weak,position,,14,26.14,26,2.18,,,,,,,14,26,2.18,2
1898,statcan_plato_may_1898,17,34,GP,,joined_weak,position,,26,20.26,20,2.65,,,,,,,26,20,2.65,2
1898,statcan_plato_may_1898,18,15,GP,Quebec.....,left_only,,568747,341426,,,,,,,,,,,,,
1898,statcan_plato_may_1898,19,0,GP,1 Indian or corn meal > Great Britain,left_only,,3,18,,,,,,,,,,,,,
1898,statcan_plato_may_1898,19,1,GP,United States,joined_weak,position,83957,146636,83770,146319,20943.8,3.18,0.66,83770,,,,146319,20943.8,,-1
1898,statcan_plato_may_1898,19,2,GP,Total > Ontario,joined_weak,position,3790,6118,3787,6100,946.75,3.18,0.66,3790,,,,6118,947.41,,-1
1898,statcan_plato_may_1898,19,10,GP,,joined_weak,position,83960,146654,83770,146319,20943.8,3.18,0.66,83773,,,,146337,20944.46,,-1
1898,statcan_plato_may_1898,19,11,GP,2 Oatmeal > Great Britain,joined_weak,position,,209,,121,24.2,2500.88,15.41,6559,,,,209,39.61,2,-2
1898,statcan_plato_may_1898,19,15,GP,Quebec,joined_weak,position,88856,1821,84664,1700,340.0,2192.76,13.3,86856,,,,1776,353.3,,-1
1898,statcan_plato_may_1898,19,16,GP,Nova Scotia,joined_weak,position,2487,88,2375,83,16.6,112,5,0.88,,,,2487.88,17.48,,-1
1898,statcan_plato_may_1898,19,19,GP,B. Columbia,joined_weak,position,147675,3475,147395,3467,693.2,,,,,,,147305,3467,693.2,2
1898,statcan_plato_may_1898,19,21,GP,,joined_weak,position,2277817,36526,2273037,36385,7276.03,2500.88,15.41,2275537,,,,36473,7291.44,,-1
1898,statcan_plato_may_1898,19,22,GP,3 Rye flour > Great Britain,joined_weak,position,,93,,93,11.1,,,,,,,18.93,11.1,3,-2
1898,statcan_plato_may_1898,19,34,GP,Total > Ontario,joined_weak,position,5468,24147,5464,24122,3279.71,4.25,2.23,5468,,,,24147,3281.94,,-1
1898,statcan_plato_may_1898,19,42,GP,,joined_weak,position,40741,168255,35583,148202,21353.16,4.25,2.23,35587,,,,148227,21355.39,,-1
1898,statcan_plato_may_1898,20,0,GP,,left_only,,,8,,,,,,,,,,,,,
1898,statcan_plato_may_1898,21,0,GP,Bath..... > Great Britain.....,left_only,,,1537,,,,,,,,,,,,,
1898,statcan_plato_may_1898,21,1,GP,United States.....,left_only,,,64,,,,,,,,,,,,,
1898,statcan_plato_may_1898,21,2,GP,Total..... > Ontario.....,left_only,,,607,,,,,,,,,,,,,
1898,statcan_plato_may_1898,21,3,GP,Quebec.....,left_only,,,640,,,,,,,,,,,,,
1898,statcan_plato_may_1898,21,10,GP,United States.....,left_only,,618,6221,618,,,,,,,,,,,,
1898,statcan_plato_may_1898,21,11,GP,Total..... > Ontario.....,left_only,,117,1568,117,,,,,,,,,,,,
1898,statcan_plato_may_1898,21,12,GP,Quebec.....,left_only,,38,1211,32,,,,,,,,,,,,
1898,statcan_plato_may_1898,21,13,GP,Nova Scotia.....,left_only,,49,1107,39,,,,,,,,,,,,
1898,statcan_plato_may_1898,21,14,GP,N. Brunswick.....,left_only,,3,22,,,,,,,,,,,,,
1898,statcan_plato_may_1898,21,15,GP,Manitoba.....,left_only,,302,1763,302,,,,,,,,,,,,
1898,statcan_plato_may_1898,21,16,GP,B. Columbia.....,left_only,,130,981,130,,,,,,,,,,,,
1898,statcan_plato_may_1898,21,18,GP,3. Paving brick..... > Great Britain.....,left_only,,9,76,1,,,,,,,,,,,,
1898,statcan_plato_may_1898,21,19,GP,United States.....,left_only,,358,2261,358,,,,,,,,,,,,
1898,statcan_plato_may_1898,21,20,GP,Total..... > Ontario.....,joined_weak,position,232,1630,232,,,8.64,11.2,,,,,,,3,-1
1898,statcan_plato_may_1898,21,21,GP,Quebec.....,joined_weak,position,135,707,127,,,,64,11.2,,,,,,,0
1898,statcan_plato_may_1898,21,22,GP,,joined_weak,position,367,2337,359,2273,454.6,8.64,11.2,367,,,,2337,465.8,,-1
1898,statcan_plato_may_1898,21,24,GP,"linings or vents, chimney tops, > Great Britain.....",left_only,,,6334,,,,,,,,,,,,,
1898,statcan_plato_may_1898,21,25,GP,"and inverted blocks, glazed or > Belgium.....",left_only,,,156,,,,,,,,,,,,,
1898,statcan_plato_may_1898,21,26,GP,unglazed..... > United States.....,left_only,,,22964,,,,,,,,,,,,,
1898,statcan_plato_may_1898,21,27,GP,Total..... > Ontario.....,left_only,,,14827,,,,,,,,,,,,,
1898,statcan_plato_may_1898,21,28,GP,Quebec.....,left_only,,,5527,,,,,,,,,,,,,
1898,statcan_plato_may_1898,21,29,GP,Nova Scotia.....,left_only,,,620,,,,,,,,,,,,,
1898,statcan_plato_may_1898,21,30,GP,N. Brunswick.....,left_only,,,635,,,,,,,,,,,,,
1898,statcan_plato_may_1898,21,31,GP,Manitoba.....,left_only,,,3411,,,,,,,,,,,,,
1898,statcan_plato_may_1898,23,11,GP,France.....,joined_weak,position,1925,521,,238,59.5,2285,596,130.37,,,,2285,596,130.37,-2
1898,statcan_plato_may_1898,23,16,GP,Nova Scotia.....,joined_weak,position,626,559,504,476,119.0,122.83,18.17,626,,,,550,137.17,,-1
1898,statcan_plato_may_1898,23,17,GP,N. Brunswick.....,joined_weak,position,204,88,94,78,19.5,110,10,2.2,,,,204.88,21.7,,-1
1898,statcan_plato_may_1898,23,19,GP,B. Columbia.....,joined_weak,position,2009,1679,1889,1607,401.75,120.72,15.74,2000,,,,1679,417.49,,-1
1898,statcan_plato_may_1898,24,15,GP,,joined_weak,position,58802,4311,60729,4412,1103.0,73.15,3.29,60802,,,,4427,1136.29,,-1
1898,statcan_plato_may_1898,24,18,GP,Germany.....,joined_weak,position,2723,195,1743,103,30.9,980.92,24.15,2723,,,,195,55.05,,-1
1898,statcan_plato_may_1898,24,23,GP,Nova Scotia.....,joined_weak,position,3163,413,2244,407,122.1,144.18,4.74,2388,,,,425,126.84,,-1
1898,statcan_plato_may_1898,24,25,GP,Manitoba.....,joined_weak,position,19727,1271,19615,1257,377.1,112.14,3.68,19727,,,,1271,380.78,,-1
1898,statcan_plato_may_1898,24,26,GP,B. Columbia.....,joined_weak,position,23020,1877,2137,171,51.2,83.3,7.88,2220,,,,201,59.08,,-1
1898,statcan_plato_may_1898,24,27,GP,N. W. Ter.....,joined_weak,position,457,50,457,50,15.0,,,,,,,457.5,15.0,,-1
1898,statcan_plato_may_1898,24,33,GP,Germany.....,joined_weak,position,483,84,,,,483,84,18.37,,,,483.84,18.37,,-1
1898,statcan_plato_may_1898,24,38,GP,Nova Scotia.....,joined_weak,position,2971,404,2325,339,84.75,421.53,11.62,2746,,,,392,96.37,,-1
1898,statcan_plato_may_1898,24,39,GP,N. Brunswick.....,joined_weak,position,2267,390,2043,363,90.75,224.27,5.91,2267,,,,390,96.66,,-1
1898,statcan_plato_may_1898,24,42,GP,P. E. Island.....,joined_weak,position,650,59,250,30,7.5,400,29,6.34,,,,650.59,13.84,,-1
1898,statcan_plato_may_1898,25,31,GP,4 Farm wagons. > Quebec.....,joined_weak,position,36,409,13,439,109.75,1,30,6.5600000000000005,,,,20,469,116.31,2
1898,statcan_plato_may_1898,26,17,GP,"3 "" Finished parts of buggies, carriages and similar vehicles, N.E.S., including parts of cutters, children's carriages, and sleds, N.O.P. .... > Newfoundland.....",left_only,,,5,,,,,,,,,,,,,
1898,statcan_plato_may_1898,26,27,GP,Ontario.....,joined_weak,position,2,3209,1,1469,422.7,,,,,,,,1469,422.7,2
1898,statcan_plato_may_1898,26,32,GP,,joined_weak,position,6,5525,6,3725,1117.5,,,,,,,5,3725,1117.5,2
1898,statcan_plato_may_1898,27,0,GP,,right_only,,,,,32256,9676.8,,,,,,,368,32256,9676.8,2
1898,statcan_plato_may_1898,27,1,GP,,right_only,,,,,556,166.8,,,,,,,19,556,166.8,2
1898,statcan_plato_may_1898,27,2,GP,"1 Carriages— Railway passenger cars, box and flat cars > United States— Ontario ..... Quebec ..... B. Columbia....",joined_weak,position,,,,3847,1154.1,,,,,,,15,3847,1154.1,2
1898,statcan_plato_may_1898,27,4,GP,,right_only,,,,,1195,358.5,,212,55.65,,,,,1497,414.15,0
1898,statcan_plato_may_1898,27,5,GP,,right_only,,,,,9027,2708.1,,,,,,,,9027,2708.1,2
1898,statcan_plato_may_1898,27,6,GP,,right_only,,,,,5030,1509.0,,31169,8181.86,,,,,36199,9690.86,2
1898,statcan_plato_may_1898,27,7,GP,,right_only,,,,,116485,34945.5,,,,,,,,116485,34945.5,2
1898,statcan_plato_may_1898,27,8,GP,,right_only,,,,,59255,17776.5,,,,,,,,59255,17776.5,2
1898,statcan_plato_may_1898,27,9,GP,,right_only,,,,,56841,17052.3,,31381,8237.51,,,,,88222,25289.81,2
1898,statcan_plato_may_1898,27,10,GP,,right_only,,,,,1263,378.9,,,,,,,,1263,378.9,2
1898,statcan_plato_may_1898,27,15,GP,,right_only,,,,,131737,39524.1,,31381,8237.51,,,,,163118,47758.61,0
1898,statcan_plato_may_1898,27,16,GP,,right_only,,,,,2494,748.2,,,,,,,557,2494,748.2,2
1898,statcan_plato_may_1898,27,17,GP,,right_only,,,,,4233,1268.9,,,,,,,918,4233,1268.9,2
1898,statcan_plato_may_1898,27,18,GP,,right_only,,,,,805,241.5,,,,,,,2,805,241.5,2
1898,statcan_plato_may_1898,27,19,GP,,right_only,,,,,45,13.5,,,,,,,12.45,13.5,,-1
1898,statcan_plato_may_1898,27,20,GP,,right_only,,,,,14667,4400.1,,,,,,,1959,14667,4400.1,2
1898,statcan_plato_may_1898,27,21,GP,,right_only,,,,,428,128.4,,,,,,,40,428,128.4,2
1898,statcan_plato_may_1898,27,22,GP,,right_only,,,,,3835,1149.5,,,,,,,430,3835,1149.5,2
1898,statcan_plato_may_1898,27,24,GP,,right_only,,,,,90,23.8,,,,,,,9.9,23.8,4,-2
1898,statcan_plato_may_1898,27,25,GP,,right_only,,,,,73,18.25,,,,,,,4.73,18.25,,-1
1898,statcan_plato_may_1898,27,26,GP,,right_only,,,,,73,18.25,,,,,,,3.73,18.25,,-1
1898,statcan_plato_may_1898,27,27,GP,,right_only,,,,,357,89.25,,,,,,,20,357,89.25,2
1898,statcan_plato_may_1898,27,28,GP,,right_only,,,,,3430,857.5,,,,,,,290,3430,857.5,2
1898,statcan_plato_may_1898,27,29,GP,,right_only,,,,,5396,1349.9,,,,,,,836,5396,1349.9,2
1898,statcan_plato_may_1898,27,30,GP,"4 "" Sleighs > United States— Ontario ..... Quebec ..... Nova Scotia ..... N. Brunswick... Manitoba ..... B. Columbia.... N. W. Ter. ....",joined_weak,position,,,,204,51.0,,,,,,,15,204,51.0,2
1898,statcan_plato_may_1898,27,32,GP,,right_only,,,,,7,2.1,,,,,,,1,7,2.1,2
1898,statcan_plato_may_1898,27,33,GP,,right_only,,,,,2,0.6,,,,,,,1,2,0.6,2
1898,statcan_plato_may_1898,27,34,GP,,right_only,,,,,14,4.2,,,,,,,2.14,4.2,,-1
1898,statcan_plato_may_1898,27,35,GP,,right_only,,,,,24608,7382.4,,,,,,,8126,24608,7382.4,2
1898,statcan_plato_may_1898,27,36,GP,,right_only,,,,,4455,1336.5,,,,,,,1523,4455,1336.5,2
1898,statcan_plato_may_1898,27,37,GP,,right_only,,,,,6531,1959.3,,,,,,,1605,6531,1959.3,2
1898,statcan_plato_may_1898,27,38,GP,,right_only,,,,,626,187.8,,,,,,,329,626,187.8,2
1898,statcan_plato_may_1898,27,39,GP,,right_only,,,,,469,140.7,,,,,,,106,469,140.7,2
1898,statcan_plato_may_1898,27,40,GP,,right_only,,,,,3985,1195.5,,,,,,,3540,3985,1195.5,2
1898,statcan_plato_may_1898,27,41,GP,"5 "" Wheelbarrows, and trucks and hand carts > Great Britain ..... Newfoundland... Belgium ..... United States....",joined_weak,position,,,,8164,2449.2,,,,,,,860,8164,2449.2,2
1898,statcan_plato_may_1898,27,42,GP,Total > Ontario ..... Quebec ..... Nova Scotia ..... N. Brunswick... Manitoba ..... B. Columbia.... N. W. Ter. ....,joined_weak,position,,,,401,120.3,,,,,,,77,401,120.3,2
1898,statcan_plato_may_1898,28,0,GP,Bicycles and tricycles ..... > Great Britain.....,left_only,,46,2211,15,,,,,,,,,,,,
1898,statcan_plato_may_1898,28,1,GP,United States.....,left_only,,27262,603752,27339,,,,,,,,,,,,
1898,statcan_plato_may_1898,28,2,GP,Ontario .....,left_only,,14817,318900,14856,,,,,,,,,,,,
1898,statcan_plato_may_1898,28,3,GP,Quebec.....,left_only,,6156,123248,6169,,,,,,,,,,,,
1898,statcan_plato_may_1898,28,4,GP,Nova Scotia.....,left_only,,1663,44273,1657,,,,,,,,,,,,
1898,statcan_plato_may_1898,28,5,GP,N. Brunswick...,left_only,,993,24165,993,,,,,,,,,,,,
1898,statcan_plato_may_1898,28,6,GP,Manitoba.....,left_only,,2266,54311,2266,,,,,,,,,,,,
1898,statcan_plato_may_1898,28,7,GP,B. Columbia....,left_only,,1183,36049,1183,,,,,,,,,,,,
1898,statcan_plato_may_1898,28,8,GP,P. E. Island...,joined_weak,position,112,2528,112,,,46,2096,550.21,,,,,,,0
1898,statcan_plato_may_1898,28,9,GP,N. W. Ter.....,joined_weak,position,118,3389,118,,,,,,,,,,,,0
1898,statcan_plato_may_1898,28,11,GP,"2 "" "" parts of..... > Great Britain.....",left_only,,,8145,,,,,,,,,,,,,
1898,statcan_plato_may_1898,28,12,GP,France.....,left_only,,,51,,,,,,,,,,,,,
1898,statcan_plato_may_1898,28,13,GP,Germany.....,left_only,,,377,,,,,,,,,,,,,
1898,statcan_plato_may_1898,28,14,GP,United States.....,left_only,,,271175,,,,,,,,,,,,,
1898,statcan_plato_may_1898,28,15,GP,Ontario .....,left_only,,,252627,,,,,,,,,,,,,
1898,statcan_plato_may_1898,28,16,GP,Quebec.....,left_only,,,15667,,,,,,,,,,,,,
1898,statcan_plato_may_1898,28,17,GP,Nova Scotia.....,left_only,,,3975,,,,,,,,,,,,,
1898,statcan_plato_may_1898,28,18,GP,N. Brunswick...,left_only,,,409,,,,,,,,,,,,,
1898,statcan_plato_may_1898,28,24,GP,"3 "" Children's carriages and sleds..... > Great Britain.....",left_only,,12,77,12,,,,,,,,,,,,
1898,statcan_plato_may_1898,28,25,GP,United States.....,left_only,,7751,5342,7751,,,,,,,,,,,,
1898,statcan_plato_may_1898,28,26,GP,Ontario.....,left_only,,1259,1706,1259,,,,,,,,,,,,
1898,statcan_plato_may_1898,28,27,GP,Quebec.....,left_only,,4827,1819,4827,,,,,,,,,,,,
1898,statcan_plato_may_1898,28,28,GP,Nova Scotia....,left_only,,355,879,355,,,,,,,,,,,,
1898,statcan_plato_may_1898,28,29,GP,N. Brunswick...,left_only,,1309,968,1309,,,,,,,,,,,,
1898,statcan_plato_may_1898,28,30,GP,B. Columbia....,left_only,,8,41,8,,,,,,,,,,,,
1898,statcan_plato_may_1898,28,31,GP,P. E. Island....,left_only,,1,3,1,,,,,,,,,,,,
1898,statcan_plato_may_1898,28,32,GP,N. W. Ter.....,left_only,,4,12,4,,,,,,,,,,,,
1898,statcan_plato_may_1898,28,34,GP,"4 Carpets, N.E.S., ..... > Great Britain.....",left_only,,75167,44855,7254,,,,,,,,,,,,
1898,statcan_plato_may_1898,28,35,GP,France.....,left_only,,850,392,,,,,,,,,,,,,
1898,statcan_plato_may_1898,28,36,GP,Germany.....,left_only,,1501,756,,,,,,,,,,,,,
1898,statcan_plato_may_1898,28,37,GP,United States.....,joined_weak,position,20062,10242,20062,,,,,,,,,,,,0
1898,statcan_plato_may_1898,29,10,GP,Quebec.....,joined_weak,position,44,79,44,79,23.7,,,,,,,44.79,23.7,,-1
1898,statcan_plato_may_1898,29,23,GP,"5 Celluloid, manufactures of, N.E.S..... > Great Britain.....",left_only,,,1346,,,,,,,,,,,,,
1898,statcan_plato_may_1898,29,25,GP,China.....,joined_weak,position,,2,,2.4,,48,8.4,,,,,48,8.4,,-1
1898,statcan_plato_may_1898,29,40,GP,,left_only,,14148,,,,,,,,,,,,,,
1898,statcan_plato_may_1898,31,9,GP,"2 Chicory, raw or green..... > Great Britain.....",joined_weak,position,2319,75,2319,75,69.57,,,,,,,2319.75,69.57,2,-2
1898,statcan_plato_may_1898,31,10,GP,United States.....,joined_weak,position,340,22,340,22,10.2,,,,,,,349.22,10.2,,-1
1898,statcan_plato_may_1898,31,12,GP,Nova Scotia.....,joined_weak,position,2319,75,2319,75,69.57,,,,,,,2319.75,69.57,,-1
1898,statcan_plato_may_1898,31,14,GP,,joined_weak,position,2659,97,2659,97,79.77,,,,,,,2659.97,79.77,,-1
1898,statcan_plato_may_1898,31,17,GP,,right_only,,,,,,,225,9,7.87,,,,225,9,7.87,2
1898,statcan_plato_may_1898,32,0,GP,"1 Cider, clarified or refined..... > Great Britain.....",left_only,,176,76,190,,,,,,,,,,,,
1898,statcan_plato_may_1898,32,1,GP,"1 Cider, clarified or refined..... > United States.....",left_only,,1429,1054,1389,,,,,,,,,,,,
1898,statcan_plato_may_1898,32,2,GP,"1 Cider, clarified or refined..... > Ontario.....",left_only,,16,11,8,,,,,,,,,,,,
1898,statcan_plato_may_1898,32,3,GP,"1 Cider, clarified or refined..... > Quebec.....",left_only,,144,65,94,,,,,,,,,,,,
1898,statcan_plato_may_1898,32,4,GP,"1 Cider, clarified or refined..... > Nova Scotia.....",left_only,,6,2,6,,,,,,,,,,,,
1898,statcan_plato_may_1898,32,5,GP,"1 Cider, clarified or refined..... > N. Brunswick.....",left_only,,18,1,,,,,,,,,,,,,
1898,statcan_plato_may_1898,32,6,GP,"1 Cider, clarified or refined..... > B. Columbia.....",left_only,,1343,1021,1303,,,,,,,,,,,,
1898,statcan_plato_may_1898,32,7,GP,"1 Cider, clarified or refined..... > N. W. Ter.....",left_only,,78,24,78,,,,,,,,,,,,
1898,statcan_plato_may_1898,32,8,GP,"1 Cider, clarified or refined.....",joined_weak,position,1605,1130,1489,,,76.5,6.65,,,,,,,1,-1
1898,statcan_plato_may_1898,32,9,GP,"2 "" not clarified or refined..... > Great Britain.....",joined_weak,position,15,2,15,,,8.5,2.41,,,,,,11.65,,-1
1898,statcan_plato_may_1898,32,10,GP,"2 "" not clarified or refined..... > United States.....",joined_weak,position,438,137,443,974.24,,18,7,1.58,,,,,,,0
1898,statcan_plato_may_1898,32,11,GP,"2 "" not clarified or refined..... > Ontario.....",joined_weak,position,31,4,31,1033,148.99,76.5,6.65,1565,,,,1083,155.64,,-1
1898,statcan_plato_may_1898,32,12,GP,"2 "" not clarified or refined..... > Quebec.....",joined_weak,position,45,5,50,,,,,,,,,,,,0
1898,statcan_plato_may_1898,32,13,GP,"2 "" not clarified or refined..... > B. Columbia.....",joined_weak,position,377,130,377,,,,,,,,,,,,0
1898,statcan_plato_may_1898,32,15,GP,3 Clocks..... > Great Britain.....,left_only,,,6706,,,,,,,,,,,,,
1898,statcan_plato_may_1898,32,16,GP,3 Clocks..... > Austria.....,left_only,,,15,,,,,,,,,,,,,
1898,statcan_plato_may_1898,32,17,GP,3 Clocks..... > Belgium.....,left_only,,,20,,,,,,,,,,,,,
1898,statcan_plato_may_1898,32,18,GP,3 Clocks..... > China.....,left_only,,,6,,,,,,,,,,,,,
1898,statcan_plato_may_1898,32,19,GP,3 Clocks..... > France.....,left_only,,,5387,,,,,,,,,,,,,
1898,statcan_plato_may_1898,32,20,GP,3 Clocks..... > Germany.....,left_only,,,21185,,,,,,,,,,,,,
1898,statcan_plato_may_1898,32,21,GP,3 Clocks..... > Japan.....,left_only,,,2,,,,,,,,,,,,,
1898,statcan_plato_may_1898,32,22,GP,3 Clocks..... > United States..,left_only,,,128581,,,,,,,,,,,,,
1898,statcan_plato_may_1898,32,23,GP,3 Clocks..... > Ontario.....,left_only,,,96526,,,,,,,,,,,,,
1898,statcan_plato_may_1898,32,24,GP,3 Clocks..... > Quebec.....,left_only,,,49461,,,,,,,,,,,,,
1898,statcan_plato_may_1898,32,25,GP,3 Clocks..... > Nova Scotia.....,left_only,,,5403,,,,,,,,,,,,,
1898,statcan_plato_may_1898,32,26,GP,3 Clocks..... > N. Brunswick.....,left_only,,,3700,,,,,,,,,,,,,
1898,statcan_plato_may_1898,32,27,GP,3 Clocks..... > Manitoba.....,left_only,,,2205,,,,,,,,,,,,,
1898,statcan_plato_may_1898,32,28,GP,B. Columbia.....,left_only,,,4369,,,,,,,,,,,,,
1898,statcan_plato_may_1898,32,29,GP,P. E. Island.....,left_only,,,126,,,,,,,,,,,,,
1898,statcan_plato_may_1898,32,30,GP,N. W. Ter.....,left_only,,,112,,,,,,,,,,,,,
1898,statcan_plato_may_1898,32,31,GP,,left_only,,,161902,,,,,,,,,,,,,
1898,statcan_plato_may_1898,32,32,GP,"4 Clock, keys and clock movements..... > Great Britain.....",left_only,,,198,,,,,,,,,,,,,
1898,statcan_plato_may_1898,32,38,GP,"4 Clock, keys and clock movements..... > Ontario.....",left_only,,,365,,,,,,,,,,,,,
1898,statcan_plato_may_1898,32,39,GP,"4 Clock, keys and clock movements..... > Quebec.....",left_only,,,1466,,,,,,,,,,,,,
1898,statcan_plato_may_1898,32,40,GP,"4 Clock, keys and clock movements..... > Nova Scotia.....",left_only,,,17,,,,,,,,,,,,,
1898,statcan_plato_may_1898,32,41,GP,N. Brunswick.....,left_only,,,26,,,,,,,,,,,,,
1898,statcan_plato_may_1898,32,42,GP,B. Columbia.....,left_only,,,3,,,,,,,,,,,,,
1898,statcan_plato_may_1898,33,0,GP,"1 Clothes wringers, and parts thereof, for domestic use..... > Great Britain.....",left_only,,1,11,1,,,,,,,,,,,,
1898,statcan_plato_may_1898,33,1,GP,"1 Clothes wringers, and parts thereof, for domestic use..... > United States.....",left_only,,8880,13944,8880,,,,,,,,,,,,
1898,statcan_plato_may_1898,33,2,GP,"1 Clothes wringers, and parts thereof, for domestic use..... > Ontario.....",left_only,,2363,4491,2363,,,,,,,,,,,,
1898,statcan_plato_may_1898,33,3,GP,"1 Clothes wringers, and parts thereof, for domestic use..... > Quebec.....",left_only,,2518,3926,2518,,,,,,,,,,,,
1898,statcan_plato_may_1898,33,4,GP,"1 Clothes wringers, and parts thereof, for domestic use..... > Nova Scotia.....",left_only,,562,737,562,,,,,,,,,,,,
1898,statcan_plato_may_1898,33,5,GP,"1 Clothes wringers, and parts thereof, for domestic use..... > N. Brunswick.....",left_only,,1359,1684,1359,,,,,,,,,,,,
1898,statcan_plato_may_1898,33,6,GP,"1 Clothes wringers, and parts thereof, for domestic use..... > Manitoba.....",left_only,,1501,2113,1501,,,,,,,,,,,,
1898,statcan_plato_may_1898,33,7,GP,"1 Clothes wringers, and parts thereof, for domestic use..... > B. Columbia.....",left_only,,390,681,390,,,,,,,,,,,,
1898,statcan_plato_may_1898,33,8,GP,"1 Clothes wringers, and parts thereof, for domestic use..... > P. E. Island.....",joined_weak,position,60,150,60,,,,,,,,,,,,0
1898,statcan_plato_may_1898,33,9,GP,"2 Cloths, not rubbered or made waterproof, whether of wool, cotton, unions, silk or ramie, sixty inches or over in width and weighing not more than seven ounces to the square yard, imported exclusively for the manufacture of mackintosh clothing..... > N. W. Ter.....",joined_weak,position,128,173,128,,,,,,,,,,,,0
1898,statcan_plato_may_1898,33,11,GP,"2 Cloths, not rubbered or made waterproof, whether of wool, cotton, unions, silk or ramie, sixty inches or over in width and weighing not more than seven ounces to the square yard, imported exclusively for the manufacture of mackintosh clothing..... > Great Britain.....",left_only,,167556,31534,1567,,,,,,,,,,,,
1898,statcan_plato_may_1898,33,12,GP,"2 Cloths, not rubbered or made waterproof, whether of wool, cotton, unions, silk or ramie, sixty inches or over in width and weighing not more than seven ounces to the square yard, imported exclusively for the manufacture of mackintosh clothing..... > United States.....",left_only,,6780,1475,6780,,,,,,,,,,,,
1898,statcan_plato_may_1898,33,13,GP,"2 Cloths, not rubbered or made waterproof, whether of wool, cotton, unions, silk or ramie, sixty inches or over in width and weighing not more than seven ounces to the square yard, imported exclusively for the manufacture of mackintosh clothing..... > Ontario.....",joined_weak,position,12636,2480,6780,,,,32238,4231.26,,,,,,,0
1898,statcan_plato_may_1898,33,14,GP,"2 Cloths, not rubbered or made waterproof, whether of wool, cotton, unions, silk or ramie, sixty inches or over in width and weighing not more than seven ounces to the square yard, imported exclusively for the manufacture of mackintosh clothing..... > Quebec.....",joined_weak,position,161700,30529,1567,,,,,,,,,,,,0
1898,statcan_plato_may_1898,33,16,GP,"3 Coal, bituminous..... > Great Britain.....",left_only,,65393,117621,11501,,,,,,,,,,,,
1898,statcan_plato_may_1898,33,17,GP,"3 Coal, bituminous..... > Australia.....",left_only,,587,906,587,,,,,,,,,,,,
1898,statcan_plato_may_1898,33,18,GP,"3 Coal, bituminous..... > United States.....",left_only,,1876020,3480617,1623900,,,,,,,,,,,,
1898,statcan_plato_may_1898,33,19,GP,"3 Coal, bituminous..... > Ontario.....",left_only,,1829789,3355587,1579137,,,,,,,,,,,,
1898,statcan_plato_may_1898,33,20,GP,"3 Coal, bituminous..... > Quebec.....",left_only,,82486,155957,28126,,,,,,,,,,,,
1898,statcan_plato_may_1898,33,21,GP,"3 Coal, bituminous..... > Nova Scotia.....",left_only,,1578,3228,1568,,,,,,,,,,,,
1898,statcan_plato_may_1898,33,22,GP,"3 Coal, bituminous..... > N. Brunswick.....",left_only,,8553,22740,7672,,,,,,,,,,,,
1898,statcan_plato_may_1898,33,23,GP,"3 Coal, bituminous..... > Manitoba.....",joined_weak,position,14552,33969,14552,,,,78137,22279.04,,,,,,,0
1898,statcan_plato_may_1898,33,24,GP,"3 Coal, bituminous..... > B. Columbia.....",joined_weak,position,5051,27663,4933,,,,,,,,,,,,0
1898,statcan_plato_may_1898,33,26,GP,"4 "" Dust, N. E. S..... > Great Britain.....",left_only,,30944,16841,1714,,,,,,,,,,,,
1898,statcan_plato_may_1898,33,27,GP,"4 "" Dust, N. E. S..... > United States.....",left_only,,201010,29251,198501,,,,,,,,,,,,
1898,statcan_plato_may_1898,33,28,GP,"4 "" Dust, N. E. S..... > Ontario.....",left_only,,200918,28945,198409,,,,,,,,,,,,
1898,statcan_plato_may_1898,33,29,GP,"4 "" Dust, N. E. S..... > Quebec.....",left_only,,31005,17003,1775,,,,,,,,,,,,
1898,statcan_plato_may_1898,33,30,GP,"4 "" Dust, N. E. S..... > Nova Scotia.....",joined_weak,position,9,33,9,,,29230,16229,2816.02,,,,,,,0
1898,statcan_plato_may_1898,33,31,GP,"4 "" Dust, N. E. S..... > N. W. Ter.....",joined_weak,position,22,111,22,,,,,,,,,,,,0
1898,statcan_plato_may_1898,33,33,GP,"4 "" Dust, N. E. S..... > 5 Cocoa carpeting, mats, rugs and matting..... > Great Britain.....",left_only,,,1820,,,,,,,,,,,,,
1898,statcan_plato_may_1898,33,34,GP,"4 "" Dust, N. E. S..... > 5 Cocoa carpeting, mats, rugs and matting..... > Hong Kong.....",left_only,,,2,,,,,,,,,,,,,
1898,statcan_plato_may_1898,33,35,GP,"China..... > 5 Cocoa carpeting, mats, rugs and matting.....",left_only,,,560,,,,,,,,,,,,,
1898,statcan_plato_may_1898,33,36,GP,"Japan..... > 5 Cocoa carpeting, mats, rugs and matting.....",left_only,,,577,,,,,,,,,,,,,
1898,statcan_plato_may_1898,34,11,GP,Venezuela.....,joined_weak,position,5040,80,5040,80,25.2,,,,,,,5040.8,25.2,,-1
1898,statcan_plato_may_1898,34,29,GP,Great Britain.....,joined_weak,position,3820,250,3374,224,168.7,230.16,10.06,3604,,,,240,178.76,4,-2
1898,statcan_plato_may_1898,34,30,GP,Ceylon.....,joined_weak,position,1000,75,1000,75,50.0,,,,,,,1000.75,50.0,,-1
1898,statcan_plato_may_1898,34,33,GP,Total ..... > Ontario.....,joined_weak,position,896,60,890,59,44.5,6,1,0.26,,,,896.6,44.76,,-1
1898,statcan_plato_may_1898,34,34,GP,Quebec.....,joined_weak,position,4100,277,3860,294,193.0,224.15,9.8,4084,,,,309,202.8,,-1
1898,statcan_plato_may_1898,34,38,GP,,joined_weak,position,9330,890,9084,906,454.28,230.16,10.06,9314,,,,922,464.34,,-1
1898,statcan_plato_may_1898,35,12,GP,"1 Cocoa paste, chocolate paste, cocos and cocoa butter, N.O.P..... > B. Columbia...",joined_weak,position,17302,3431,14471,3016,578.84,389,80,13.98,,,,14870,3096,592.82,2
1898,statcan_plato_may_1898,35,22,GP,"2 Cocoa shells and nibs, chocolate and other preparations of cocoa, N.E.S... > Ontario.....",joined_weak,position,44041,12361,14469,4251,850.06,25106,6543,1145.06,,,,30575,10794,1995.12,2
1898,statcan_plato_may_1898,36,3,GP,Ontario .....,joined_weak,position,17588,1577,17318,1497,519.82,285.82,7.5,17603,,,,1579,527.32,,-1
1898,statcan_plato_may_1898,36,6,GP,Manitoba .....,joined_weak,position,45279,1819,42660,1703,1279.8,119.23,3.13,42779,,,,1726,1282.93,,-1
1898,statcan_plato_may_1898,36,7,GP,B. Columbia .....,joined_weak,position,425,66,295,44,8.85,70,14,1.8399999999999999,,,,365.58,10.69,,-1
1898,statcan_plato_may_1898,36,12,GP,Ontario .....,joined_weak,position,87681,10180,87601,10154,2766.8,80.26,3.67,87681,,,,10180,2770.47,,-1
1898,statcan_plato_may_1898,36,13,GP,Quebec .....,joined_weak,position,9816,2853,8319,2520,418.38,400.68,12.95,8719,,,,2588,431.33,,-1
1898,statcan_plato_may_1898,36,34,GP,,joined_weak,position,92973,5549,75181,4962,1503.42,92.12,1.62,75273,,,,4974,1505.04,,-1
1898,statcan_plato_may_1898,36,35,GP,4 Coffee condensed with milk ..... > Great Britain .....,joined_weak,position,1403,240,,,,1593,226,59.35,,,,1593,226,59.35,2
1898,statcan_plato_may_1898,36,38,GP,Ontario .....,joined_weak,position,899,237,124,158,47.4,775.79,20.75,899,,,,237,68.15,,-1
1898,statcan_plato_may_1898,38,1,GP,Quebec .....,joined_weak,position,185976,24763,185286,24688,3703.26,690.75,9.86,185976,,,,24763,3713.06,,-1
1898,statcan_plato_may_1898,38,4,GP,Manitoba.....,joined_weak,position,236,50,236,50,6.7,,,,,,,236.5,6.7,,-1
1898,statcan_plato_may_1898,38,29,GP,,right_only,,,,,,,,,,,,,,,,0
1898,statcan_plato_may_1898,39,27,GP,,right_only,,,,,457,159.95,,11357,3478.08,,,,,11814,3638.03,2
1898,statcan_plato_may_1898,40,2,GP,Nova Scotia,joined_weak,position,193,164,168,150,52.5,25.14,4.29,193,,,,164,56.79,,-1
1898,statcan_plato_may_1898,40,3,GP,N. Brunswick,joined_weak,position,12,55,12,55,19.25,,,,,,,12.55,19.25,,-1
1898,statcan_plato_may_1898,40,18,GP,Nova Scotia,joined_weak,position,74171,10110,73293,10007,2251.61,472.42,8.27,73765,,,,10049,2259.88,,-1
1898,statcan_plato_may_1898,40,21,GP,B. Columbia,joined_weak,position,78360,11835,78149,11784,2651.45,211.51,10.03,78360,,,,11835,2661.48,,-1
1898,statcan_plato_may_1898,41,3,GP,"1 Cotton, manufactures of— Gray, unbleached cotton fabrics.... > Germany.....",joined_weak,position,441,52,,,,441,52,11.38,,,,441.52,11.38,,-1
1898,statcan_plato_may_1898,41,9,GP,"1 Cotton, manufactures of— Gray, unbleached cotton fabrics.... > Total..... > N. Brunswick...",joined_weak,position,2127,258,945,191,47.75,1182.67,14.67,2127,,,,258,62.42,,-1
1898,statcan_plato_may_1898,41,18,GP,St. Pierre..... > 2 „ White or bleached cotton fabrics...,joined_weak,position,456,68,456,68,17.0,,,,,,,456.68,17.0,,-1
1898,statcan_plato_may_1898,41,23,GP,Total..... > 2 „ White or bleached cotton fabrics... > Nova Scotia....,joined_weak,position,156902,12978,27293,2684,669.67,129362,10262,2244.92,,,,156565,12946,2914.59,2
1898,statcan_plato_may_1898,41,28,GP,Total..... > N. W. Ter....,joined_weak,position,1053,71,240,23,5.75,813,48,10.5,,,,1053.71,16.25,,-1
1898,statcan_plato_may_1898,41,32,GP,"Belgium..... > 3 „ Fabrics, printed, dyed or coloured, N.O.P.....",joined_weak,position,29724,4999,,,,29223,4913,1504.61,,,,29223,4913,1504.61,2
1898,statcan_plato_may_1898,41,37,GP,"Italy..... > 3 „ Fabrics, printed, dyed or coloured, N.O.P.....",joined_weak,position,366,87,366,87,30.45,,,,,,,366.87,30.45,,-1
1898,statcan_plato_may_1898,41,49,GP,Total.....,joined_weak,position,31304955,2467100,10797424,709596,248368.62,20193475,1719515,526609.8,,,,30993899,2429111,774978.42,2
1898,statcan_plato_may_1898,42,0,GP,"1 > Cotton, manufactures of— Jeans, coutilles and sateens, imported by corset and dress stay-makers for use in their own factories. ....",joined_weak,position,,9704,1773.82,72,14.4,9622,1701,297.67,,,,9704,1773,312.07,2
1898,statcan_plato_may_1898,42,33,GP,,joined_weak,position,,30,8.3,8,2.0,,,,,,,30,8,2.0,2
1898,statcan_plato_may_1898,42,36,GP,,joined_weak,position,,100.21,,,,100,21,4.6,,,,100,21,4.6,2
1898,statcan_plato_may_1898,43,0,GP,"1 Cotton, manufactures of— Wadding, batting, bleached, dyed or coloured..... > Great Britain.....",joined_weak,position,478,94,30,7,1.75,448,87,19.05,,,,478.94,20.8,1,-2
1898,statcan_plato_may_1898,43,4,GP,Quebec.....,joined_weak,position,22770,2376,22350,2296,574.0,420.8,17.51,22770,,,,2376,591.51,,-1
1898,statcan_plato_may_1898,43,10,GP,,joined_weak,position,27216,2760,26768,2673,668.25,448.87,19.05,27216,,,,2760,687.3,,-1
1898,statcan_plato_may_1898,43,20,GP,Total..... > Ontario.....,joined_weak,position,22661,3673,22410,3621,905.76,251.52,11.38,22661,,,,3673,917.14,,-1
1898,statcan_plato_may_1898,43,32,GP,Quebec.....,joined_weak,position,14783,3601,14612,3584,716.8,21.1,1.76,14633,,,,3594,718.56,,-1
1898,statcan_plato_may_1898,44,11,GP,"1 Cotton, manufactures of— Sheets..... > 2 "" Shirts of cotton..... > Newfoundland.....",joined_weak,position,3575,16651,195,900,315.0,,15857,4858.22,,,,,16757,5173.22,2
1898,statcan_plato_may_1898,44,15,GP,"United States..... > 2 "" Shirts of cotton.....",joined_weak,position,30,64,30,64,22.4,,,,,,,30.64,22.4,,-1
1898,statcan_plato_may_1898,44,42,GP,"4 "" Sewing cotton thread in hanks, 3 and 6 cord.....",joined_weak,position,328,63,328,63,9.45,,,,,,,328.63,9.45,,-1
1898,statcan_plato_may_1898,45,0,GP,Total ..... > Ontario.....,left_only,,10,3,,,,,,,,,,,,,
1898,statcan_plato_may_1898,45,21,GP,Total..... > Ontario.....,joined_weak,position,4181,1771,4102,1742,435.5,79.29,6.34,4181,,,,1771,441.84,,-1
1898,statcan_plato_may_1898,45,26,GP,B. Columbia....,joined_weak,position,219,67,172,48,12.0,47,19,4.16,,,,219.67,16.16,,-1
1898,statcan_plato_may_1898,45,28,GP,"4 "" Bed quilts of cotton, N.O.P. .... > Great Britain....",joined_weak,position,,35804,,485,145.6,42288,34736,9121.44,,,,42981,35221,9267.04,2
1898,statcan_plato_may_1898,46,0,GP,"1 Cotton, manufactures of— Clothing..... > Great Britain.....",joined_weak,position,,114583,,5650,1977.3,109101,33409.39,,,,,114751,35386.69,1,-2
1898,statcan_plato_may_1898,46,1,GP,"1 Cotton, manufactures of— Clothing..... > Hong Kong.....",joined_weak,position,,22,,22,7.7,,,,,,,22,7.7,,-1
1898,statcan_plato_may_1898,46,2,GP,"1 Cotton, manufactures of— Clothing..... > Belgium.....",joined_weak,position,,286,,156,54.6,614,188.04,,,,,770,242.64,,-1
1898,statcan_plato_may_1898,46,3,GP,"1 Cotton, manufactures of— Clothing..... > China.....",joined_weak,position,,1607,,1607,562.45,,,,,,,1607,562.45,,-1
1898,statcan_plato_may_1898,46,4,GP,"1 Cotton, manufactures of— Clothing..... > France.....",joined_weak,position,,3798,,1095,383.25,2712,830.55,,,,,3807,1213.8,,-1
1898,statcan_plato_may_1898,46,5,GP,"1 Cotton, manufactures of— Clothing..... > Germany.....",joined_weak,position,,10438,,2426,849.1,7694,2356.3,,,,,10120,3205.4,,-1
1898,statcan_plato_may_1898,46,6,GP,"1 Cotton, manufactures of— Clothing..... > Italy.....",joined_weak,position,,43,,43,15.05,,,,,,,43,15.05,,-1
1898,statcan_plato_may_1898,46,7,GP,"1 Cotton, manufactures of— Clothing..... > Japan.....",joined_weak,position,,141,,39,13.65,102,31.24,,,,,141,44.89,,-1
1898,statcan_plato_may_1898,46,8,GP,"1 Cotton, manufactures of— Clothing..... > Sweden.....",joined_weak,position,,3,,3,1.05,,,,,,,3,1.05,,-1
1898,statcan_plato_may_1898,46,9,GP,"1 Cotton, manufactures of— Clothing..... > Switzerland.....",joined_weak,position,,1736,,1032,361.2,704,215.61,,,,,1736,576.81,,-1
1898,statcan_plato_may_1898,46,10,GP,"1 Cotton, manufactures of— Clothing..... > United States.....",joined_weak,position,,168745,,166309,58206.05,,,,,,,166309,58206.05,,-1
1898,statcan_plato_may_1898,46,11,GP,"1 Cotton, manufactures of— Clothing..... > Total..... > Ontario.....",joined_weak,position,,123631,,95749,33512.15,27004,8269.98,,,,,122753,41782.13,,-1
1898,statcan_plato_may_1898,46,12,GP,"1 Cotton, manufactures of— Clothing..... > Quebec.....",joined_weak,position,,96273,,28073,9825.55,67505,20673.65,,,,,95578,30499.2,,-1
1898,statcan_plato_may_1898,46,13,GP,Nova Scotia.....,joined_weak,position,,13970,,9694,3363.22,3986,1221.01,,,,,13600,4584.23,,-1
1898,statcan_plato_may_1898,46,14,GP,N. Brunswick.....,joined_weak,position,,12965,,6634,2342.9,6271,1920.52,,,,,12965,4263.42,,-1
1898,statcan_plato_may_1898,46,15,GP,Manitoba.....,joined_weak,position,,10239,,4130,1445.5,6109,1870.99,,,,,10239,3316.49,,-1
1898,statcan_plato_may_1898,46,16,GP,B. Columbia.....,joined_weak,position,,37778,,28423,9948.05,9205,2815.56,,,,,37628,12763.61,,-1
1898,statcan_plato_may_1898,46,17,GP,P. E. Island.....,joined_weak,position,,660,,383,134.05,277,84.84,,,,,660,218.89,,-1
1898,statcan_plato_may_1898,46,18,GP,N. W. Ter.....,joined_weak,position,,5886,,5316,1859.98,570,174.58,,,,,5886,2034.56,,-1
1898,statcan_plato_may_1898,46,19,GP,,joined_weak,position,,301402,,178382,62431.4,120927,37031.13,,,,,299309,99462.53,,-1
1898,statcan_plato_may_1898,46,20,GP,"2 "" Blouses and shirt waists..... > Great Britain.....",joined_weak,position,,2996,,216,75.6,2678,820.12,,,,,2894,895.72,2,-2
1898,statcan_plato_may_1898,46,21,GP,"2 "" Blouses and shirt waists..... > France.....",joined_weak,position,,23,,,,23,7.05,,,,,23,7.05,,1
1898,statcan_plato_may_1898,46,22,GP,"2 "" Blouses and shirt waists..... > Germany.....",joined_weak,position,,145,,,,145,44.41,,,,,145,44.41,,1
1898,statcan_plato_may_1898,46,23,GP,"2 "" Blouses and shirt waists..... > Switzerland.....",joined_weak,position,,227,,,,227,69.48,,,,,227,69.48,,1
1898,statcan_plato_may_1898,46,24,GP,"2 "" Blouses and shirt waists..... > United States.....",joined_weak,position,,21590,,21590,7556.5,,,,,,,21590,7556.5,,-1
1898,statcan_plato_may_1898,46,25,GP,"2 "" Blouses and shirt waists..... > Total..... > Ontario.....",joined_weak,position,,16229,,13101,5635.35,128,39.2,,,,,16229,5674.55,,-1
1898,statcan_plato_may_1898,46,26,GP,"2 "" Blouses and shirt waists..... > Quebec.....",joined_weak,position,,4519,,3354,1173.9,1063,325.55,,,,,4417,1499.45,,-1
1898,statcan_plato_may_1898,46,27,GP,"2 "" Blouses and shirt waists..... > Nova Scotia.....",joined_weak,position,,2637,,1077,376.95,1560,477.68,,,,,2637,854.63,,-1
1898,statcan_plato_may_1898,46,28,GP,"2 "" Blouses and shirt waists..... > N. Brunswick.....",joined_weak,position,,1062,,1002,350.7,,,,,,,1002,350.7,,-1
1898,statcan_plato_may_1898,46,29,GP,"2 "" Blouses and shirt waists..... > Manitoba.....",joined_weak,position,,526,,265,92.75,261,79.94,,,,,526,172.69,,-1
1898,statcan_plato_may_1898,46,30,GP,B. Columbia.....,joined_weak,position,,45,,,,45,13.79,,,,,45,13.79,,1
1898,statcan_plato_may_1898,46,31,GP,P. E. Island.....,joined_weak,position,,23,,7,2.45,16,4.9,,,,,23,7.35,,-1
1898,statcan_plato_may_1898,46,32,GP,,joined_weak,position,,24981,,21306,7632.1,3073,941.06,,,,,24879,8573.16,,-1
1898,statcan_plato_may_1898,46,33,GP,"3 "" Damask, &c., of cotton, N.O.P..... > Great Britain.....",joined_weak,position,,4513,,250,69.0,4283,1126.26,,,,,4513,1195.26,3,-2
1898,statcan_plato_may_1898,46,34,GP,"3 "" Damask, &c., of cotton, N.O.P..... > France.....",joined_weak,position,,53,,,,53,13.92,,,,,53,13.92,,1
1898,statcan_plato_may_1898,46,35,GP,"3 "" Damask, &c., of cotton, N.O.P..... > Japan.....",joined_weak,position,,5,,5,1.5,,,,,,,5,1.5,,-1
1898,statcan_plato_may_1898,46,36,GP,"3 "" Damask, &c., of cotton, N.O.P..... > Italy.....",joined_weak,position,,21,,21,6.3,,,,,,,21,6.3,,-1
1898,statcan_plato_may_1898,46,37,GP,"3 "" Damask, &c., of cotton, N.O.P..... > Switzerland.....",joined_weak,position,,66,,,,65,17.33,,,,,66,17.33,,1
1898,statcan_plato_may_1898,46,38,GP,"3 "" Damask, &c., of cotton, N.O.P..... > United States.....",joined_weak,position,,2428,,2428,731.4,,,,,,,2428,731.4,,-1
1898,statcan_plato_may_1898,46,39,GP,"3 "" Damask, &c., of cotton, N.O.P..... > Total..... > Ontario.....",joined_weak,position,,3791,,1538,464.4,2253,593.39,,,,,3791,1057.79,,-1
1898,statcan_plato_may_1898,46,40,GP,"3 "" Damask, &c., of cotton, N.O.P..... > Quebec.....",joined_weak,position,,882,,462,138.6,420,110.24,,,,,882,248.84,,-1
1898,statcan_plato_may_1898,46,41,GP,"3 "" Damask, &c., of cotton, N.O.P..... > Nova Scotia.....",joined_weak,position,,353,,35,10.5,318,83.49,,,,,353,93.99,,-1
1898,statcan_plato_may_1898,46,42,GP,"3 "" Damask, &c., of cotton, N.O.P..... > N. Brunswick.....",joined_weak,position,,294,,79,23.7,215,56.44,,,,,294,80.14,,-1
1898,statcan_plato_may_1898,46,43,GP,"3 "" Damask, &c., of cotton, N.O.P..... > Manitoba.....",joined_weak,position,,716,,519,155.7,197,51.71,,,,,716,207.41,,-1
1898,statcan_plato_may_1898,46,44,GP,B. Columbia.....,joined_weak,position,,1018,,50,15.0,968,254.1,,,,,1018,269.1,,-1
1898,statcan_plato_may_1898,46,45,GP,P. E. Island.....,joined_weak,position,,11,,,,11,2.89,,,,,11,2.89,,1
1898,statcan_plato_may_1898,46,46,GP,N. W. Ter.....,joined_weak,position,,21,,1,0.3,20,5.25,,,,,21,5.55,,-1
1898,statcan_plato_may_1898,46,47,GP,,joined_weak,position,,7086,,2584,808.29,4402,1157.51,,,,,7086,1965.71,,-1
1898,statcan_plato_may_1898,47,0,GP,"1 Cotton, manufactures of— Cotton bags made up by the use of the needle, N.O.P. .... > Great Britain. ....",joined_weak,position,,2547,,1598,559.3,949,290.61,2547,,,,849.91,1,,-1
1898,statcan_plato_may_1898,47,1,GP,China ....,joined_weak,position,,3,,3,1.05,,,3,,,,1.05,,,0
1898,statcan_plato_may_1898,47,2,GP,Germany. ....,joined_weak,position,,4,,,,4,1.22,4,,,,1.22,,,0
1898,statcan_plato_may_1898,47,3,GP,United States. ....,joined_weak,position,,24244,,24244,8487.05,,,24244,,,,8487.05,,,0
1898,statcan_plato_may_1898,47,4,GP,Ontario. ....,joined_weak,position,,15961,,15955,5586.62,6,1.81,15961,,,,5588.43,,,0
1898,statcan_plato_may_1898,47,5,GP,Quebec. ....,joined_weak,position,,890,,863,302.05,27,8.26,890,,,,310.31,,,0
1898,statcan_plato_may_1898,47,6,GP,Nova Scotia. ....,joined_weak,position,,2530,,1619,566.65,911,279.0,2530,,,,845.65,,,0
1898,statcan_plato_may_1898,47,7,GP,Manitoba. ....,joined_weak,position,,1977,,1968,688.8,9,2.76,1977,,,,691.56,,,0
1898,statcan_plato_may_1898,47,8,GP,B. Columbia. ....,joined_weak,position,,5336,,5336,1866.88,,,5336,,,,1866.88,,,0
1898,statcan_plato_may_1898,47,9,GP,P. E. Island. ....,joined_weak,position,,104,,104,36.4,,,104,,,,36.4,,,0
1898,statcan_plato_may_1898,47,10,GP,,joined_weak,position,,26798,,26845,9047.4,953,291.83,26798,,,,9339.23,,,0
1898,statcan_plato_may_1898,47,11,GP,"2 „ Hosiery, N.E.S. .... > Great Britain. ....",joined_weak,position,,15413,,28,9.4,15372,4708.74,15400,,,,4718.14,2,,-1
1898,statcan_plato_may_1898,47,12,GP,Germany. ....,joined_weak,position,,13843,,603,211.05,13240,4054.74,13843,,,,4265.79,,,0
1898,statcan_plato_may_1898,47,13,GP,Japan. ....,joined_weak,position,,17,,17,5.95,,,17,,,,5.95,,,0
1898,statcan_plato_may_1898,47,14,GP,United States. ....,joined_weak,position,,236,,236,81.2,,,236,,,,81.2,,,0
1898,statcan_plato_may_1898,47,15,GP,Ontario. ....,joined_weak,position,,25143,,654,228.9,24489,7499.92,25143,,,,7728.82,,,0
1898,statcan_plato_may_1898,47,16,GP,Quebec. ....,joined_weak,position,,3115,,,,3115,953.97,3115,,,,953.97,,,0
1898,statcan_plato_may_1898,47,17,GP,Nova Scotia. ....,joined_weak,position,,115,,15,5.6,99,30.32,115,,,,35.92,,,0
1898,statcan_plato_may_1898,47,18,GP,N. Brunswick. ....,joined_weak,position,,7,,7,1.05,,,7,,,,1.05,,,0
1898,statcan_plato_may_1898,47,19,GP,Manitoba. ....,joined_weak,position,,427,,158,55.3,269,82.38,427,,,,137.68,,,0
1898,statcan_plato_may_1898,47,20,GP,B. Columbia. ....,joined_weak,position,,702,,49,16.75,640,196.89,689,,,,213.64,,,0
1898,statcan_plato_may_1898,47,21,GP,,joined_weak,position,,29509,,884,307.6,28612,8763.48,29496,,,,9071.08,,,0
1898,statcan_plato_may_1898,47,22,GP,3 „ Lampwicks. .... > Great Britain. ....,joined_weak,position,,1902,,202,50.5,1409,308.25,1611,,,,358.75,3,,-1
1898,statcan_plato_may_1898,47,23,GP,China. ....,joined_weak,position,,2,,2,0.5,,,2,,,,0.5,,,0
1898,statcan_plato_may_1898,47,24,GP,France. ....,joined_weak,position,,146,,117,29.25,29,6.34,146,,,,35.59,,,0
1898,statcan_plato_may_1898,47,25,GP,United States. ....,joined_weak,position,,4919,,4929,1233.65,,,4929,,,,1233.65,,,0
1898,statcan_plato_may_1898,47,26,GP,Ontario. ....,joined_weak,position,,2242,,2092,524.45,150,32.81,2242,,,,557.26,,,0
1898,statcan_plato_may_1898,47,27,GP,Quebec. ....,joined_weak,position,,3500,,1998,499.5,1221,267.11,3219,,,,766.61,,,0
1898,statcan_plato_may_1898,47,28,GP,Nova Scotia. ....,joined_weak,position,,413,,343,87.25,64,14.01,413,,,,101.26,,,0
1898,statcan_plato_may_1898,47,29,GP,N. Brunswick. ....,joined_weak,position,,87,,87,21.75,,,87,,,,21.75,,,0
1898,statcan_plato_may_1898,47,30,GP,Manitoba. ....,joined_weak,position,,50,,30,12.5,,,50,,,,12.5,,,0
1898,statcan_plato_may_1898,47,31,GP,B. Columbia. ....,joined_weak,position,,606,,553,150.6,3,0.66,606,,,,151.26,,,0
1898,statcan_plato_may_1898,47,32,GP,P. E. Island. ....,joined_weak,position,,30,,40,7.5,,,30,,,,7.5,,,0
1898,statcan_plato_may_1898,47,33,GP,N. W. Ter. ....,joined_weak,position,,41,,31,10.35,,,41,,,,10.35,,,0
1898,statcan_plato_may_1898,47,34,GP,,joined_weak,position,,6969,,5250,1313.9,1438,314.59,6688,,,,1628.49,,,0
1898,statcan_plato_may_1898,47,35,GP,4 „ Shawls. .... > Great Britain. ....,joined_weak,position,,1302,,,,1302,341.78,1302,,,,341.78,4,,-1
1898,statcan_plato_may_1898,47,36,GP,Japan. ....,joined_weak,position,,6,,6,1.8,,,6,,,,1.8,,,0
1898,statcan_plato_may_1898,47,37,GP,United States. ....,joined_weak,position,,77,,77,23.1,,,77,,,,23.1,,,0
1898,statcan_plato_may_1898,47,38,GP,Ontario. ....,joined_weak,position,,69,,69,20.7,,,69,,,,20.7,,,0
1898,statcan_plato_may_1898,47,39,GP,Nova Scotia. ....,joined_weak,position,,31,,8,2.4,23,6.04,31,,,,8.44,,,0
1898,statcan_plato_may_1898,47,40,GP,Manitoba. ....,joined_weak,position,,1196,,,,1196,313.95,1196,,,,313.95,,,0
1898,statcan_plato_may_1898,47,41,GP,B. Columbia. ....,joined_weak,position,,47,,6,1.8,41,10.76,47,,,,12.56,,,0
1898,statcan_plato_may_1898,47,42,GP,P. E. Island. ....,joined_weak,position,,42,,,,42,11.03,42,,,,11.03,,,0
1898,statcan_plato_may_1898,47,43,GP,,joined_weak,position,,1385,,83,24.9,1302,341.78,1385,,,,366.68,,,0
1898,statcan_plato_may_1898,48,0,GP,"1 Cotton, manufactures of— Socks and stockings. .... > Great Britain .....",joined_weak,position,18374,24686,349,400,140.0,17903,24217,7416.67,,,,18342,24617,7556.67,2
1898,statcan_plato_may_1898,48,13,GP,"2 "" Tape, not dyed or coloured ..... > Great Britain .....",left_only,,,7070,,,,,,,,,,,,,
1898,statcan_plato_may_1898,48,40,GP,,right_only,,,,,97,29.1,,,,,,,,97,29.1,2
1898,statcan_plato_may_1898,49,17,GP,,right_only,,,,,3750,1312.5,,2551,781.13,,,,,6301,2093.63,2
1898,statcan_plato_may_1898,49,31,GP,"4 > „ Velvets, velveteens and plush fabrics, N.E.S. .... > Great Britain .....",joined_weak,position,956715,198934,18325,5903,1770.9,916359,189190,49683.04,,,,935284,195093,51453.94,2
1898,statcan_plato_may_1898,49,32,GP,France .....,joined_weak,position,4104,2433,668,215,64.5,5421,2894,759.68,,,,6092,3109,824.18,2
1898,statcan_plato_may_1898,49,36,GP,Total ..... > Ontario .....,joined_weak,position,530238,125590,52692,21027,6306.37,475249,104077,27320.22,,,,527911,125104,33626.59,2
1898,statcan_plato_may_1898,49,37,GP,Quebec .....,joined_weak,position,372631,73625,6427,2418,725.4,353904,63016,18115.31,,,,369331,71428,18840.71,0
1898,statcan_plato_may_1898,49,39,GP,,joined_weak,position,,21565,4459.4,29,8.7,20510,4423,1161.05,,,,20550,4452,1169.75,2
1898,statcan_plato_may_1898,49,42,GP,,joined_weak,position,,7529,1618.96,36,10.8,7433,1582,415.39,,,,7529,1618,426.19,2
1898,statcan_plato_may_1898,50,28,GP,,right_only,,,,,103,36.05,,,,,,,,,,0
1898,statcan_plato_may_1898,50,36,GP,"3 Cuffs of cotton, linen, xylonite, xyolite or celluloid.....",joined_weak,position,,102,21.3,6,2.1,72,15,4.59,,,,102,21,6.6899999999999995,2
1898,statcan_plato_may_1898,51,29,GP,Belgium.....,joined_weak,position,124,123,62,70,9.3,,,,,,,62.7,9.3,,-1
1898,statcan_plato_may_1898,51,32,GP,Quebec.....,joined_weak,position,150,136,62,70,9.3,26,13,3.4699999999999998,,,,88.83,12.77,,-1
1898,statcan_plato_may_1898,51,34,GP,,joined_weak,position,156,139,68,73,10.27,26,13,3.4699999999999998,,,,94.86,13.74,,-1
1898,statcan_plato_may_1898,52,0,GP,"1 > Drugs, dyes, chemicals and medicines— Acids, acetic, &c.— Testing 18 degrees over proof str'gth.",joined_weak,position,,42,10.42,10,21.42,,,,,,,42.1,21.42,1,-2
1898,statcan_plato_may_1898,52,1,GP,"2 > "" 19 "" """,joined_weak,position,,10.33,,,,10,33,4.47,,,,10.33,4.47,2,-2
1898,statcan_plato_may_1898,52,3,GP,,right_only,,,,,11,22.8,,,,,,,40.11,22.8,,-1
1898,statcan_plato_may_1898,52,4,GP,,joined_weak,position,,50,14.5,14,28.5,,,,,,,50.14,28.5,,-1
1898,statcan_plato_may_1898,52,6,GP,Total..... > Ontario..... N. Brunswick...,joined_weak,position,12.24,,,7,14.17,,,,,,,24,7,14.17,2
1898,statcan_plato_may_1898,52,7,GP,,right_only,,,,,,,12,30,6.2,,,,12.3,6.2,4,-2
1898,statcan_plato_may_1898,52,8,GP,,joined_weak,position,,36,37.24,7,14.17,,,,,,,24,7,14.17,2
1898,statcan_plato_may_1898,52,9,GP,"5 > "" 33 "" """,joined_weak,position,,84,83.84,7,14.17,12,30,6.2,,,,36.37,20.37,,-1
1898,statcan_plato_may_1898,52,10,GP,"6 > "" 35 "" """,joined_weak,position,,13,17.13,83,63.97,,,,,,,84.83,63.97,,-1
1898,statcan_plato_may_1898,52,11,GP,,right_only,,,,,17,11.13,,,,,,,13.17,11.13,5,-2
1898,statcan_plato_may_1898,52,13,GP,,right_only,,,,,,,5,20,6.35,,,,5.2,6.35,7,-2
1898,statcan_plato_may_1898,52,14,GP,"9 > "" 66 "" """,joined_weak,position,,46,204.1,42,14.79,10,41,12.86,,,,20.83,27.56,8,-2
1898,statcan_plato_may_1898,52,16,GP,,right_only,,,,,,,49,47,75.96,,,,49.47,75.96,10,-2
1898,statcan_plato_may_1898,52,17,GP,"12 > "" 82 "" "" > Germany..... United States.....",joined_weak,position,,121.1,,35,72.08,302,262,473.07,,,,342,297,545.15,2
1898,statcan_plato_may_1898,52,18,GP,,right_only,,,,,10,3.58,,,,,,,2.1,3.58,,-1
1898,statcan_plato_may_1898,52,19,GP,Total.....,joined_weak,position,,110,131.42,,,302,262,473.07,,,,302,262,473.07,2
1898,statcan_plato_may_1898,52,20,GP,,right_only,,,,,45,75.66,,,,,,,42.45,75.66,,-1
1898,statcan_plato_may_1898,52,21,GP,,joined_weak,position,,110,131.42,45,75.66,302,262,473.07,,,,344,307,548.73,2
1898,statcan_plato_may_1898,52,23,GP,,right_only,,,,,,,22,63,10.67,,,,22.63,10.67,,-1
1898,statcan_plato_may_1898,52,24,GP,,right_only,,,,,42,14.7,15.61,19.21,25,,,,103,33.91,,-1
1898,statcan_plato_may_1898,52,25,GP,,right_only,,,,,140,247.43,498,456,763.86,,,,643,596,1011.29,2
1898,statcan_plato_may_1898,52,26,GP,Recapitulation of acids above proof strength by countries..... > Great Britain..... France..... Germany.... United States.....,joined_weak,position,,,,173,171.02,,,,,,,280,173,171.02,2
1898,statcan_plato_may_1898,53,2,GP,,joined_weak,position,,40,11.4,11,22.8,,,,,,,40,11,22.8,2
1898,statcan_plato_may_1898,53,3,GP,,joined_weak,position,,134,138.66,52,89.83,49,47,75.96,,,,115,99,165.79,2
1898,statcan_plato_may_1898,53,4,GP,,joined_weak,position,,45,74.35,41,30.35,10,33,4.47,,,,45,74,34.82,2
1898,statcan_plato_may_1898,53,10,GP,,joined_weak,position,,13,5.13,2,0.5,,,,,,,13,5,1.25,-2
1898,statcan_plato_may_1898,53,19,GP,,joined_weak,position,,48,43.48,43,10.75,,,,,,,48,43,10.75,2
1898,statcan_plato_may_1898,53,20,GP,,joined_weak,position,,86,45.86,45,11.25,,,,,,,86,45,11.25,2
1898,statcan_plato_may_1898,53,29,GP,B. Columbia....,joined_weak,position,395100,13052,390597,11972,2394.4,3946,1010,176.72,,,,394643,12982,2571.12,2
1898,statcan_plato_may_1898,54,9,GP,1 > 2,joined_weak,position,,15,2.15,2,0.5,,,,,,,15,2,0.5,2
1898,statcan_plato_may_1898,54,11,GP,Total..... > 2 > Ontario.....,joined_weak,position,577452,3970,576467,3949,987.64,985.21,4.6,577452,,,,3970,992.24,,-1
1898,statcan_plato_may_1898,54,12,GP,2 > Quebec.....,joined_weak,position,14714,212,14474,198,49.6,240.14,3.06,14714,,,,212,52.56,,-1
1898,statcan_plato_may_1898,54,15,GP,,joined_weak,position,,4306.85,4306,85,21.25,,,,,,,4306.85,21.25,,-1
1898,statcan_plato_may_1898,54,27,GP,3,joined_weak,position,,85,69.5,12,2.4,35,57,9.98,,,,85.69,12.38,,-1
1898,statcan_plato_may_1898,54,31,GP,4,joined_weak,position,,25,29.25,29,5.8,,,,,,,25.29,5.8,,-1
1898,statcan_plato_may_1898,54,33,GP,4,joined_weak,position,,33,40.33,40,8.1,,,,,,,33.4,8.1,,-1
1898,statcan_plato_may_1898,54,36,GP,5,joined_weak,position,,21,2.21,2,0.5,,,,,,,21,2,0.5,2
1898,statcan_plato_may_1898,55,7,GP,1,joined_weak,position,,110.55,110,55,13.75,,,,,,,110.55,13.75,,-1
1898,statcan_plato_may_1898,55,10,GP,2,joined_weak,position,,13,2.13,2,0.5,,,,,,,13,2,0.5,2
1898,statcan_plato_may_1898,55,11,GP,2 > France .....,joined_weak,position,257781,21156,53921,4360,1090.0,169249,12738,2786.44,,,,223179,17008,3876.44,0
1898,statcan_plato_may_1898,55,13,GP,2,joined_weak,position,,419.86,,,,419,86,19.8,,,,419.86,19.8,,-1
1898,statcan_plato_may_1898,55,19,GP,3 > Manitoba .....,joined_weak,position,14222,1297,14222,1267,316.75,,,,,,,14292,1267,316.75,2
1898,statcan_plato_may_1898,55,20,GP,3 > B. Columbia....,joined_weak,position,8529,980,7337,885,221.25,1192.95,20.79,8529,,,,980,242.04,,-1
1898,statcan_plato_may_1898,55,36,GP,5 > Holland .....,joined_weak,position,50950,5785,1384,96,19.2,32870,3554,621.96,,,,31254,3650,641.16,2
1898,statcan_plato_may_1898,56,10,GP,Japan. . . . .,joined_weak,position,3040,898,2620,753,150.6,120.4,7.0,2740,,,,793,157.6,,-1
1898,statcan_plato_may_1898,56,16,GP,,joined_weak,position,,35,15.35,15,3.0,,,,,,,35.15,3.0,,-1
1898,statcan_plato_may_1898,56,17,GP,B. Columbia. . . . .,joined_weak,position,1130,396,620,219,43.8,240.83,14.52,860,,,,302,58.32,,-1
1898,statcan_plato_may_1898,56,18,GP,,joined_weak,position,,10,4.1,4,0.8,,,,,,,10,4,0.8,2
1898,statcan_plato_may_1898,56,21,GP,,left_only,,,10.25,,,,,,,,,,,,,
1898,statcan_plato_may_1898,56,24,GP,,joined_weak,position,,25.56,,25,,25,56,21.88,,,,25.56,21.88,,-1
1898,statcan_plato_may_1898,56,28,GP,,joined_weak,position,,83,191.83,191,83.5,,,,,,,83,191,83.5,2
1898,statcan_plato_may_1898,56,29,GP,,joined_weak,position,,50,140.5,140,50.0,,,,,,,50,140,50.0,2
1898,statcan_plato_may_1898,56,32,GP,"4 > „ Other, N. E. S. . . . .",joined_weak,position,,20.11,,20,,20,11,1.92,,,,20.11,1.92,4,-2
1898,statcan_plato_may_1898,56,38,GP,,joined_weak,position,,200.8,200,80,16.0,,,,,,,200.8,16.0,,-1
1898,statcan_plato_may_1898,56,39,GP,,joined_weak,position,,20.11,,20,,20,11,1.92,,,,20.11,1.92,,-1
1898,statcan_plato_may_1898,56,41,GP,,joined_weak,position,7656,1614,7636,1603,320.6,20.11,1.92,7656,,,,1614,322.52,,-1
1898,statcan_plato_may_1898,57,5,GP,1 > Quebec. ....,joined_weak,position,1034913,72439,1200491,88917,17783.4,,,,,,,1209491,88917,17783.4,2
1898,statcan_plato_may_1898,57,8,GP,1,joined_weak,position,,735.75,735,75,15.0,,,,,,,735.75,15.0,,-1
1898,statcan_plato_may_1898,57,17,GP,2 > Total. .... > Ontario. ....,joined_weak,position,126873,13087,126649,13019,2606.8,224.68,11.91,126873,,,,13087,2618.71,,-1
1898,statcan_plato_may_1898,57,18,GP,2 > Quebec. ....,joined_weak,position,58026,5608,55384,5088,1017.6,1295,121,21.17,,,,56879,5209,1038.77,2
1898,statcan_plato_may_1898,57,23,GP,,joined_weak,position,208264,21301,203725,20569,4116.8,2394,333,58.28,,,,207117,20902,4175.08,2
1898,statcan_plato_may_1898,57,28,GP,3,joined_weak,position,,200.39,,,,200,39,7.71,,,,200.39,7.71,,-1
1898,statcan_plato_may_1898,57,29,GP,3,joined_weak,position,,224.18,,,,224,18,3.15,,,,224.18,3.15,,-1
1898,statcan_plato_may_1898,58,0,GP,Total..... > Ontario.....,joined_weak,position,,7739,,8123,2436.79,467,122.57,,,,,8590,2559.36,,-1
1898,statcan_plato_may_1898,58,1,GP,Quebec.....,joined_weak,position,,20656,,13620,4086.0,7370,1934.71,,,,,20990,6020.71,,-1
1898,statcan_plato_may_1898,58,2,GP,Nova Scotia.....,joined_weak,position,,645,,581,174.3,64,16.82,,,,,645,191.12,,-1
1898,statcan_plato_may_1898,58,3,GP,N. Brunswick.....,joined_weak,position,,707,,693,207.9,,,,,,,693,207.9,,-1
1898,statcan_plato_may_1898,58,4,GP,Manitoba.....,joined_weak,position,,919,,919,275.7,,,,,,,919,275.7,,-1
1898,statcan_plato_may_1898,58,5,GP,B. Columbia.....,joined_weak,position,,2522,,2312,693.6,149,39.15,,,,,2461,732.75,,-1
1898,statcan_plato_may_1898,58,6,GP,P. E. Island.....,joined_weak,position,,2,,2,0.6,,,,,,,2,0.6,,-1
1898,statcan_plato_may_1898,58,7,GP,N. W. Ter.....,joined_weak,position,,102,,102,30.6,,,,,,,102,30.6,,-1
1898,statcan_plato_may_1898,58,8,GP,,joined_weak,position,,33292,,26352,7905.49,8050,2113.25,,,,,34402,10018.74,,-1
1898,statcan_plato_may_1898,58,9,GP,"2 > "" Morphine..... > Great Britain.....",joined_weak,position,3665,3662,,310,62.0,3405,3433,600.8,,,,3405,3433,600.8,-2
1898,statcan_plato_may_1898,58,11,GP,Total..... > Quebec.....,joined_weak,position,3378,3392,,,,3178,3163,553.54,,,,3178,3163,553.54,2
1898,statcan_plato_may_1898,58,13,GP,B. Columbia.....,joined_weak,position,179,348,147,310,62.0,32.38,6.65,379,,,,348,68.65,,-1
1898,statcan_plato_may_1898,58,15,GP,"3 > "" Opium, powdered..... > Great Britain.....",left_only,,108,317,,,,,,,,,,,,,
1898,statcan_plato_may_1898,58,16,GP,B. E. Indies.....,joined_weak,position,3,8,,,,111,325,131.14,,,,111,325,131.14,2
1898,statcan_plato_may_1898,58,18,GP,Total.....,joined_weak,position,,118,362.4,126,54.0,78,236,92.13,,,,118,362,146.13,2
1898,statcan_plato_may_1898,58,19,GP,,joined_weak,position,,48,147.35,111,47.25,13.36,15.37,48,,,,147,62.62,,-1
1898,statcan_plato_may_1898,58,21,GP,,joined_weak,position,,10,34.1,34,13.5,,,,,,,10.34,13.5,,-1
1898,statcan_plato_may_1898,58,23,GP,,joined_weak,position,,23,68.13,42,17.56,10,26,11.82,,,,23.68,29.38,,-1
1898,statcan_plato_may_1898,59,0,GP,DUTIABLE GOODS— Con.,left_only,,,8,,,,,,,,,,,,,
1898,statcan_plato_may_1898,59,4,GP,,right_only,,,,,18,4.5,,,,,,,,18,4.5,2
1898,statcan_plato_may_1898,60,0,GP,"1 Drugs, dyes, chemicals and medicines— Sulphuric ether, chloroform and solutions of peroxides of hydrogen— Total..... > Ontario.....",joined_weak,position,5922,1530,341,173,43.2,3649,1116,244.13,,,,3960,1289,287.38,0
1898,statcan_plato_may_1898,60,2,GP,Nova Scotia....,joined_weak,position,26,89,26,30,22.25,,,,,,,26.8,22.25,,-1
1898,statcan_plato_may_1898,60,4,GP,Manitoba.....,joined_weak,position,1247,192,247,120,30.0,1000.72,15.75,1247,,,,192,45.75,,-1
1898,statcan_plato_may_1898,60,7,GP,"2 "" Vaseline and all similar preparations of petroleum, for toilet, medicinal or other purposes..... > Great Britain.....",joined_weak,position,214,71,,,,184,69,21.15,,,,184.69,21.15,2,-2
1898,statcan_plato_may_1898,60,14,GP,Nova Scotia....,joined_weak,position,1062,85,1062,81,29.75,,,,,,,1062.85,29.75,,-1
1898,statcan_plato_may_1898,60,15,GP,N. Brunswick...,joined_weak,position,983,72,983,72,25.2,,,,,,,983.72,25.2,,-1
1898,statcan_plato_may_1898,60,18,GP,N. W. Ter.....,joined_weak,position,435,52,435,32,18.2,,,,,,,435.52,18.2,,-1
1898,statcan_plato_may_1898,60,20,GP,Ontario.....,joined_weak,position,470,87,470,57,28.2,,,,,,,470.87,28.2,3,-2
1898,statcan_plato_may_1898,60,21,GP,Nova Scotia....,joined_weak,position,239,63,239,63,14.34,,,,,,,239.63,14.34,,-1
1898,statcan_plato_may_1898,61,0,GP,"1 Drugs, dyes, chemicals and medicines— All other drugs, dyes and chemicals not otherwise provided for— Total ..... > Ontario .....",joined_weak,position,179528,,,109522,21906.67,,68421,11973.68,,,,,177943,33880.35,2
1898,statcan_plato_may_1898,61,1,GP,Quebec .....,joined_weak,position,167599,,,74829,14965.8,,85994,15049.82,,,,,160823,30015.62,2
1898,statcan_plato_may_1898,61,2,GP,Nova Scotia .....,joined_weak,position,10393,,,6569,1313.83,,3824,669.24,,,,,10393,1983.07,2
1898,statcan_plato_may_1898,61,3,GP,N. Brunswick .....,joined_weak,position,13314,,,7475,1495.0,,5793,1014.07,,,,,13268,2509.07,2
1898,statcan_plato_may_1898,61,4,GP,Manitoba .....,joined_weak,position,11916,,,9848,1969.6,,1379,241.32,,,,,11227,2210.92,2
1898,statcan_plato_may_1898,61,5,GP,B. Columbia .....,joined_weak,position,15477,,,9557,1911.4,,4529,794.92,,,,,14086,2706.32,2
1898,statcan_plato_may_1898,61,6,GP,P. B. Island .....,joined_weak,position,234,,,294,44.8,,10,1.75,,,,,234,46.55,0
1898,statcan_plato_may_1898,61,7,GP,N. W. Ter. ....,joined_weak,position,26,,,26,5.2,,,,,,,,26,5.2,2
1898,statcan_plato_may_1898,61,37,GP,China .....,left_only,,,8,,,,,,,,,,,,,
1898,statcan_plato_may_1898,64,0,GP,Total..... > Ontario.....,joined_weak,position,2955,580,2387,531,71.63,568.49,15.01,2955,,,,580,86.64,1,-2
1898,statcan_plato_may_1898,64,6,GP,,joined_weak,position,253453,36365,251045,36025,7531.38,568.49,15.01,251613,,,,36074,7546.39,,-1
1898,statcan_plato_may_1898,64,32,GP,Quebec.....,joined_weak,position,835,86,835,86,12.9,,,,,,,835.86,12.9,,-1
1898,statcan_plato_may_1898,67,27,GP,China.....,left_only,,,44,,,,,,,,,,,,,
1898,statcan_plato_may_1898,68,0,GP,"1. Fancy goods, viz,— Cases for jewellery, watches, silver- ware, plated ware and cutlery. > Great Britain.....",joined_weak,position,1087,,,173,60.55,,914,279.95,,,,,1087,340.5,2
1898,statcan_plato_may_1898,68,1,GP,France.....,joined_weak,position,223,,,124,43.4,,154,47.16,,,,,278,90.56,2
1898,statcan_plato_may_1898,68,2,GP,Germany.....,joined_weak,position,1120,,,60,21.0,,1060,324.63,,,,,1120,345.63,2
1898,statcan_plato_may_1898,68,3,GP,Japan.....,joined_weak,position,313,,,5,1.75,,308,94.33,,,,,313,96.08,2
1898,statcan_plato_may_1898,68,4,GP,Switzerland.....,joined_weak,position,57,,,8,2.8,,49,15.0,,,,,57,17.8,2
1898,statcan_plato_may_1898,68,5,GP,United States.....,joined_weak,position,5704,,,5705,1996.75,,,,,,,,5705,1996.75,2
1898,statcan_plato_may_1898,68,6,GP,Ontario.....,joined_weak,position,7541,,,5303,1856.05,,2211,686.29,,,,,7514,2542.34,2
1898,statcan_plato_may_1898,68,7,GP,Quebec.....,joined_weak,position,820,,,709,248.15,,166,50.87,,,,,875,299.02,2
1898,statcan_plato_may_1898,68,8,GP,Nova Scotia.....,joined_weak,position,43,,,7,2.45,,36,11.04,,,,,43,13.49,2
1898,statcan_plato_may_1898,68,9,GP,N. Brunswick.....,joined_weak,position,79,,,37,12.95,,42,12.87,,,,,79,25.82,2
1898,statcan_plato_may_1898,68,10,GP,Manitoba.....,joined_weak,position,16,,,17,5.95,,,,,,,,17,5.95,2
1898,statcan_plato_may_1898,68,11,GP,B. Columbia.....,joined_weak,position,2,,,2,0.7,,,,,,,,2,0.7,2
1898,statcan_plato_may_1898,68,13,GP,"2. Fancy manufactures of bone, shell, horn and ivory, N.E.S. > Great Britain.....",joined_weak,position,454,,,32,11.2,,422,120.0,,,,,454,140.2,0
1898,statcan_plato_may_1898,68,14,GP,Belgium.....,joined_weak,position,32,,,32,11.2,,,,,,,,32,11.2,2
1898,statcan_plato_may_1898,68,15,GP,China.....,joined_weak,position,49,,,49,17.2,,,,,,,,49,17.2,2
1898,statcan_plato_may_1898,68,16,GP,France.....,joined_weak,position,402,,,16,5.6,,386,118.21,,,,,402,123.81,2
1898,statcan_plato_may_1898,68,17,GP,Japan.....,joined_weak,position,167,,,34,32.9,,73,22.36,,,,,107,55.26,2
1898,statcan_plato_may_1898,68,18,GP,United States.....,joined_weak,position,379,,,379,132.48,,,,,,,,379,132.48,2
1898,statcan_plato_may_1898,68,19,GP,Ontario.....,joined_weak,position,792,,,267,93.28,,525,160.55,,,,,792,253.83,2
1898,statcan_plato_may_1898,68,20,GP,Quebec.....,joined_weak,position,278,,,86,30.1,,192,58.8,,,,,278,88.9,2
1898,statcan_plato_may_1898,68,21,GP,Nova Scotia.....,joined_weak,position,30,,,30,10.5,,,,,,,,30,10.5,2
1898,statcan_plato_may_1898,68,22,GP,Manitoba.....,joined_weak,position,162,,,219,76.7,,162,49.61,,,,,162,49.61,-2
1898,statcan_plato_may_1898,68,23,GP,B. Columbia.....,joined_weak,position,221,,,,,,2,0.61,,,,,221,77.31,-2
1898,statcan_plato_may_1898,68,25,GP,3. Fans..... > Great Britain.....,joined_weak,position,835,,,114,39.9,,721,215.69,,,,,835,255.59,2
1898,statcan_plato_may_1898,68,26,GP,Hong Kong.....,joined_weak,position,9,,,9,3.15,,,,,,,,9,3.15,2
1898,statcan_plato_may_1898,68,27,GP,Austria.....,joined_weak,position,1620,,,109,38.15,,550,168.44,,,,,659,206.59,2
1898,statcan_plato_may_1898,68,28,GP,China.....,joined_weak,position,158,,,158,55.3,,,,,,,,158,55.3,2
1898,statcan_plato_may_1898,68,29,GP,France.....,joined_weak,position,710,,,53,18.55,,657,201.5,,,,,710,220.05,2
1898,statcan_plato_may_1898,68,30,GP,Germany.....,joined_weak,position,59,,,418,146.3,,59,18.07,,,,,59,18.07,-2
1898,statcan_plato_may_1898,68,31,GP,Japan.....,joined_weak,position,330,,,1931,675.85,,284,86.98,,,,,702,233.28,-2
1898,statcan_plato_may_1898,68,32,GP,United States.....,joined_weak,position,1931,,,,,,,,,,,,1931,675.85,-2
1898,statcan_plato_may_1898,68,33,GP,Ontario.....,joined_weak,position,2159,,,1201,420.35,,958,293.51,,,,,2159,713.86,2
1898,statcan_plato_may_1898,68,34,GP,Quebec.....,joined_weak,position,2637,,,1192,417.2,,856,262.18,,,,,2048,679.38,2
1898,statcan_plato_may_1898,68,35,GP,Nova Scotia.....,joined_weak,position,212,,,21,8.4,,188,52.6,,,,,212,61.0,0
1898,statcan_plato_may_1898,68,36,GP,N. Brunswick.....,joined_weak,position,238,,,188,65.8,,50,15.32,,,,,238,81.12,2
1898,statcan_plato_may_1898,68,37,GP,Manitoba.....,joined_weak,position,238,,,47,16.45,,191,58.49,,,,,238,74.94,2
1898,statcan_plato_may_1898,68,38,GP,B. Columbia.....,joined_weak,position,161,,,140,49.0,,21,6.43,,,,,161,55.43,2
1898,statcan_plato_may_1898,68,39,GP,P. E. Island.....,joined_weak,position,7,,,,,,7,2.15,,,,,7,2.15,2
1898,statcan_plato_may_1898,69,9,GP,,right_only,,,,,26369,6582.25,,34352,7514.78,,,,,60721,14107.03,0
1898,statcan_plato_may_1898,70,0,GP,,left_only,,,,8,,,,,,,,,,,,
1898,statcan_plato_may_1898,71,28,GP,,right_only,,,,,73237,36571.37,,82000,26290.13,,,,,158582,51867.72,-2
1898,statcan_plato_may_1898,72,0,GP,"1 Feathers, bed and other, undressed, N.O.P.",left_only,,,,100,,,,,,,,,,,,
1898,statcan_plato_may_1898,73,8,GP,"2 Fibre, Kartavort, indurated fibre, vulcanized fibre and like material and manufactures of, N. E.S..... > Great Britain.....",left_only,,,327,,,,,,,,,,,,,
1898,statcan_plato_may_1898,73,33,GP,St. Pierre.....,left_only,,148000,4138,,,,,,,,,,,,,
1898,statcan_plato_may_1898,74,3,GP,St. Pierre.....,left_only,,3079379,93193,,,,,,,,,,,,,
1898,statcan_plato_may_1898,74,28,GP,"5 > "" "" pickled, in barrels..... > St. Pierre.....",left_only,,52600,760,,,,,,,,,,,,,
1898,statcan_plato_may_1898,74,30,GP,Total..... > Nova Scotia.....,left_only,,52600,760,,,,,,,,,,,,,
1898,statcan_plato_may_1898,75,2,GP,Total ..... > Ontario.....,joined_weak,position,31102,834,30327,798,152.92,775.36,3.4,31102,,,,834,156.32,,-1
1898,statcan_plato_may_1898,75,5,GP,,joined_weak,position,32940,872,32165,836,162.11,775.36,3.4,32940,,,,872,165.51,,-1
1898,statcan_plato_may_1898,75,10,GP,Total ..... > Ontario.....,joined_weak,position,15799,852,15469,839,77.38,330.13,1.45,15799,,,,852,78.83,,-1
1898,statcan_plato_may_1898,75,19,GP,United States...,joined_weak,position,807,57,807,57,8.07,,,,,,,807.57,8.07,,-1
1898,statcan_plato_may_1898,75,23,GP,,joined_weak,position,822,58,822,58,8.22,,,,,,,822.58,8.22,,-1
1898,statcan_plato_may_1898,75,29,GP,Total..... > Ontario.....,joined_weak,position,729,55,729,55,7.29,,,,,,,729.55,7.29,,-1
1898,statcan_plato_may_1898,76,13,GP,B. Columbia....,left_only,,200,5,200,,,,,,,,,,,,
1898,statcan_plato_may_1898,76,15,GP,"3 "" "" preserved, N.E.S. .... > Great Britain .....",joined_weak,position,10335,1379,,,,6639,808,176.59,,,,6639,808,176.59,2
1898,statcan_plato_may_1898,76,18,GP,Total,joined_weak,position,,1510,96.8,9,2.25,1430,87,19.04,,,,1510,96,21.29,2
1898,statcan_plato_may_1898,77,1,GP,United States.....,left_only,,77469,7628,78909,,,,,,,,,,,,
1898,statcan_plato_may_1898,77,9,GP,Quebec.....,joined_weak,position,1080,80,1080,80,54.0,,,,,,,1080.8,54.0,,-1
1898,statcan_plato_may_1898,77,13,GP,N. W. Ter...,joined_weak,position,559,86,559,86,13.95,,,,,,,559.86,13.95,,-1
1898,statcan_plato_may_1898,77,15,GP,B. Columbia...,joined_weak,position,330,74,330,74,9.35,,,,,,,330.74,9.35,3,-2
1898,statcan_plato_may_1898,77,20,GP,Quebec.....,joined_weak,position,19113,658,2501,228,57.0,,,,,,,3501,228,57.0,2
1898,statcan_plato_may_1898,78,0,GP,,right_only,,,,,79,5.6,,,,,,,1115.79,5.6,1,-2
1898,statcan_plato_may_1898,78,1,GP,,right_only,,,,,170,11.5,,,,,,,2300,170,11.5,2
1898,statcan_plato_may_1898,78,2,GP,,right_only,,,,,199,14.74,,,,,,,2947,199,14.74,2
1898,statcan_plato_may_1898,78,3,GP,"1 Fish— Salmon, fresh, not in barrels. > United States— Ontario..... Quebec..... Manitoba..... B. Columbia.....",joined_weak,position,,,,1571,151.83,,,,,,,30360,1571,151.83,2
1898,statcan_plato_may_1898,78,5,GP,,right_only,,,,,64,8.82,,,,,,,882.64,8.82,2,-2
1898,statcan_plato_may_1898,78,6,GP,,right_only,,,,,64,5.61,,,,,,,561.64,5.61,,-1
1898,statcan_plato_may_1898,78,7,GP,"2 "" "" smoked..... > United States— Quebec..... N. Brunswick... B. Columbia....",joined_weak,position,,,,502,166.07,,,,,,,10607,502,166.07,2
1898,statcan_plato_may_1898,78,10,GP,,right_only,,,,,10,2.5,,,,,,,96.1,2.5,,-1
1898,statcan_plato_may_1898,78,11,GP,,right_only,,,,,59,14.75,,,,,,,476.59,14.75,,-1
1898,statcan_plato_may_1898,78,12,GP,,right_only,,,,,2,0.24,,,,,,,24,2,0.24,2
1898,statcan_plato_may_1898,78,13,GP,,joined_weak,position,476,59,476,1,0.03,,,,,,,3,1,0.03,2
1898,statcan_plato_may_1898,78,14,GP,"4 "" "" pickled or salted . . . . > United States— Ontario..... Quebec..... Nova Scotia.... B. Columbia....",joined_weak,position,,,,514,137.85,,,,,,,13785,514,137.85,2
1898,statcan_plato_may_1898,78,16,GP,,right_only,,,,,17,2.7,144,19,1.26,,,,144.19,1.26,5,-2
1898,statcan_plato_may_1898,78,17,GP,,right_only,,,,,15,8.15,,,,,,,270.17,2.7,,-1
1898,statcan_plato_may_1898,78,18,GP,,right_only,,,,,20,3.0,,,,,,,815.15,8.15,,-1
1898,statcan_plato_may_1898,78,19,GP,,right_only,,,,,4719,798.5,,,,,,,300.2,3.0,,-1
1898,statcan_plato_may_1898,78,20,GP,,right_only,,,,,,,,,,,,,79798,4719,798.5,-2
1898,statcan_plato_may_1898,78,21,GP,,right_only,,,,,1391,277.43,,,,,,,27691,1391,277.43,2
1898,statcan_plato_may_1898,78,22,GP,,right_only,,,,,596,67.47,,,,,,,6747,596,67.47,2
1898,statcan_plato_may_1898,78,23,GP,,right_only,,,,,174,12.3,,,,,,,1230,174,12.3,2
1898,statcan_plato_may_1898,78,24,GP,,right_only,,,,,286,25.29,,,,,,,2529,286,25.29,2
1898,statcan_plato_may_1898,78,25,GP,,right_only,,,,,39,2.7,144,19,1.26,,,,414.58,3.96,,-1
1898,statcan_plato_may_1898,78,26,GP,"5 "" Fish smoked, and boneless fish, N.E.S..... > Great Britain..... Hong Kong..... China..... Germany..... United States.....",joined_weak,position,,,,2285,427.16,,,,,,,42716,2285,427.16,2
1898,statcan_plato_may_1898,78,27,GP,,right_only,,,,,4771,812.35,144.19,1.26,81327,,,,4790,813.61,,-1
1898,statcan_plato_may_1898,78,28,GP,,right_only,,,,,12,1.8,100,21,4.37,,,,136.33,6.17,,-1
1898,statcan_plato_may_1898,78,29,GP,Total ..... > Ontario..... Quebec..... Nova Scotia.... N. Brunswick... Manitoba..... B. Columbia....,joined_weak,position,,,,30,10.0,2200,115,96.25,,,,2400,145,106.25,2
1898,statcan_plato_may_1898,78,30,GP,,right_only,,,,,16,9.9,,,,,,,198.16,9.9,,-1
1898,statcan_plato_may_1898,78,31,GP,,joined_weak,position,81592,4816,81183,3,0.6,,,,,,,12,3,0.6,2
1898,statcan_plato_may_1898,78,32,GP,"6 "" Anchovies and sardines, packed in oil or otherwise, in tin boxes mea- suring not more than 5 inches long, 4 inches wide and 3½ inches deep. > Great Britain..... France..... United States.....",joined_weak,position,,,,30,10.0,2300,136,100.62,,,,2500,166,110.62,2
1898,statcan_plato_may_1898,78,33,GP,Total ..... > Ontario..... Quebec..... Nova Scotia.... B. Columbia....,joined_weak,position,,,,9,1.2,,,,,,,23,9,1.2,2
1898,statcan_plato_may_1898,78,34,GP,,right_only,,,,,16,9.9,,,,,,,198.16,9.9,,-1
1898,statcan_plato_may_1898,79,0,GP,DUTIABLE GOODS—Con.,left_only,,,,,,,,,,,,,,,,
1898,statcan_plato_may_1898,79,4,GP,Total > Ontario.....,joined_weak,position,6060,873,5014,671,125.35,2846,393,62.25,,,,,1064,187.6,2
1898,statcan_plato_may_1898,79,6,GP,Nova Scotia.....,joined_weak,position,1032,165,936,155,23.4,96.1,2.1,1032,,,,165,25.5,,-1
1898,statcan_plato_may_1898,79,10,GP,,joined_weak,position,,200.19,,,,200,19,4.38,,,,200.19,4.38,,-1
1898,statcan_plato_may_1898,79,20,GP,N. Brunswick.....,joined_weak,position,2698,160,1036,63,20.72,1062.97,18.59,2098,,,,160,39.31,,-1
1898,statcan_plato_may_1898,80,0,GP,"1 Fish— Preserved in oil, except anchovies and sardines—",left_only,,,8,,,,,,,,,,,,,
1898,statcan_plato_may_1898,80,4,GP,Manitoba .....,left_only,,,2,,,,,,,,,,,,,
1898,statcan_plato_may_1898,80,24,GP,United States.....,joined_weak,position,866,58,866,58,8.66,,,,,,,866.58,8.66,,-1
1898,statcan_plato_may_1898,80,27,GP,,joined_weak,position,976,63,976,63,9.76,,,,,,,976.63,9.76,,-1
1898,statcan_plato_may_1898,80,32,GP,Quebec.....,left_only,,1080,67,1080,,,,,,,,,,,,
1898,statcan_plato_may_1898,80,33,GP,Nova Scotia.....,joined_weak,position,1000,24,,67,10.8,,,,,,,1080.67,10.8,,-1
1898,statcan_plato_may_1898,80,35,GP,P. E. Island.....,joined_weak,position,4000,82,4000,82,40.0,,,,,,,4000.82,40.0,,-1
1898,statcan_plato_may_1898,81,5,GP,Japan.....,joined_weak,position,1142,98,444,42,10.5,698,56,12.25,,,,1142.98,22.75,,-1
1898,statcan_plato_may_1898,81,9,GP,Nova Scotia....,joined_weak,position,5560,491,4137,496,124.0,2172,168,35.67,,,,6310,659,159.67,0
1898,statcan_plato_may_1898,81,10,GP,,joined_weak,position,,626.74,126,17,4.25,500,57,12.48,,,,626.74,16.73,,-1
1898,statcan_plato_may_1898,81,13,GP,,joined_weak,position,346610,30885,110152,11066,2766.34,202585,18337,4010.96,,,,312787,29403,6777.3,2
1898,statcan_plato_may_1898,81,15,GP,United States. ....,joined_weak,position,257,84,257,84,16.8,,,,,,,257.84,16.8,,-1
1898,statcan_plato_may_1898,81,16,GP,Total.....,joined_weak,position,,257.84,257,84,16.8,,,,,,,257.84,16.8,,-1
1898,statcan_plato_may_1898,81,26,GP,,joined_weak,position,,40,18.4,18,3.6,,,,,,,40.18,3.6,,-1
1898,statcan_plato_may_1898,81,30,GP,"5 "" "" Whale and spermaceti, N.E.S. .... > Great Britain.....",joined_weak,position,263,62,,,,263,62,10.85,,,,263.62,10.85,5,-2
1898,statcan_plato_may_1898,81,33,GP,Quebec.....,joined_weak,position,2489,1353,2226,1201,258.2,263.62,10.85,2489,,,,1353,269.05,,-1
1898,statcan_plato_may_1898,81,35,GP,,joined_weak,position,11874,4732,11611,4670,934.0,263.62,10.85,11874,,,,4732,944.85,,-1
1898,statcan_plato_may_1898,82,3,GP,1,joined_weak,position,,56,39.56,39,7.8,,,,,,,56,39,7.8,2
1898,statcan_plato_may_1898,82,9,GP,2 > China .....,left_only,,,24,,,,,,,,,,,,,
1898,statcan_plato_may_1898,82,28,GP,,right_only,,,,,5901,1012.34,,163,28.54,,,,,5224,1040.88,0
1898,statcan_plato_may_1898,82,34,GP,,right_only,,,,,335,139.0,,,,,,,,695,139.0,0
1898,statcan_plato_may_1898,85,24,GP,,joined_weak,position,,293.9,,,,,,,,,,293.9,28.0,,-1
1898,statcan_plato_may_1898,85,27,GP,,joined_weak,position,,633.36,,,,633,36,9.45,,,,633.36,9.45,,-1
1898,statcan_plato_may_1898,85,28,GP,,joined_weak,position,,165.67,165,67,21.1,,,,,,,165.67,21.1,,-1
1898,statcan_plato_may_1898,85,32,GP,France.....,joined_weak,position,19542,1521,,,,20133,1678,367.07,,,,20133,1678,367.07,2
1898,statcan_plato_may_1898,85,35,GP,Total ..... > Ontario.....,joined_weak,position,422892,36307,7020,539,134.75,413937,35258,7714.04,,,,429957,35797,7848.79,2
1898,statcan_plato_may_1898,86,28,GP,"3 "" "" blouses and shirt waists..... > United States.....",left_only,,,1749,,,,,,,,,,,,,
1898,statcan_plato_may_1898,86,33,GP,"4 "" Linen thread..... > France.....",joined_weak,position,234160,81,2705,,,125,81,17.72,,,,125.81,17.72,,-1
1898,statcan_plato_may_1898,86,35,GP,"4 "" Linen thread.....",left_only,,4356,,,,,,,,,,,,,,
1898,statcan_plato_may_1898,86,43,GP,,joined_weak,position,600,126,503,80,20.0,97.46,10.07,600,,,,126,30.07,,-1
1898,statcan_plato_may_1898,87,0,GP,1 > Shirts of linen.....,joined_weak,position,,557,4370.25,245,85.75,532,4125,1263.26,,,,557,4370,1349.01,2
1898,statcan_plato_may_1898,87,3,GP,1 > Total.....,joined_weak,position,,423,3336.75,516,180.6,348,2820,863.62,,,,423,3336,1044.22,2
1898,statcan_plato_may_1898,87,4,GP,1,joined_weak,position,,460,4215.39,426,140.1,382,3128,957.94,,,,421,3554,1107.04,0
1898,statcan_plato_may_1898,87,6,GP,1 > N. Brunswick....,joined_weak,position,109,910,104,854,298.9,5.5600000000000005,17.15,109,,,,910,316.05,,-1
1898,statcan_plato_may_1898,87,7,GP,1,joined_weak,position,,10.87,,,,10,87,26.64,,,,10.87,26.64,,-1
1898,statcan_plato_may_1898,87,10,GP,"2 > Yarn, singles, flax, hemp and jute, N.E.S..... > Great Britain.....",joined_weak,position,,78,,,,2304,78,17.06,,,,2304.78,17.06,2,-2
1898,statcan_plato_may_1898,87,12,GP,2 > Total..... > Ontario....,joined_weak,position,2814,111,510,33,8.25,2304.78,17.06,2814,,,,111,25.31,,-1
1898,statcan_plato_may_1898,87,14,GP,2,joined_weak,position,8849,456,6545,378,94.5,2304.78,17.06,8849,,,,456,111.56,,-1
1898,statcan_plato_may_1898,88,14,GP,United States.....,left_only,,,9282,,,,,,,,,,,,,
1898,statcan_plato_may_1898,88,24,GP,,right_only,,,,,13773,3449.75,,167081,36547.92,,,,,180854,39997.67,2
1898,statcan_plato_may_1898,88,27,GP,Total.....,left_only,,,7119,,,,,,,,,,,,,
1898,statcan_plato_may_1898,88,31,GP,,right_only,,,,,7119,1779.75,,,,,,,,7119,1779.75,2
1898,statcan_plato_may_1898,88,37,GP,Nova Scotia.....,left_only,,31,3,,,,,,,,,,,,,
1898,statcan_plato_may_1898,89,1,GP,"1 > Fruits, including nuts— Currants. > Greece",joined_weak,position,4478681,157209,4473330,156222,44733.56,,,,,,,4473339,156222,44733.56,2
1898,statcan_plato_may_1898,89,10,GP,1 > Total > B. Columbia,joined_weak,position,261610,10502,238136,9366,2381.36,3360,125,29.4,,,,244496,9491,2410.76,2
1898,statcan_plato_may_1898,89,16,GP,"2 > "" Dates",joined_weak,position,,235.33,,,,235,33,7.22,,,,235,33,7.22,2
1898,statcan_plato_may_1898,89,20,GP,2 > Total > Ontario.,joined_weak,position,449667,14004,441608,13674,3418.5,15977,555,121.41,,,,456685,14229,3539.91,2
1898,statcan_plato_may_1898,89,27,GP,2 > Total,joined_weak,position,,90,8.9,8,1.99,,,,,,,90,8,1.99,2
1898,statcan_plato_may_1898,90,0,GP,1,joined_weak,position,,3,3.36,36,7.2,,,,,,,36,36,7.2,2
1898,statcan_plato_may_1898,90,3,GP,,joined_weak,position,,69,1.69,1,0.69,,,,,,,69,1,0.69,2
1898,statcan_plato_may_1898,90,22,GP,,joined_weak,position,,2800.98,2800,221346,61860.91,702993,23526,6151.15,,,,2800,98,28.0,-2
1898,statcan_plato_may_1898,90,23,GP,Spain,joined_weak,position,7078981,248981,6186037,34878,5733.42,,,,,,,6889030,244872,68012.06,-2
1898,statcan_plato_may_1898,90,25,GP,United States,joined_weak,position,2543882,106698,2480504,,,,,,,,,2489504,104130,24805.29,-2
1898,statcan_plato_may_1898,90,27,GP,Quebec,joined_weak,position,3456578,124159,2937447,110300,29374.47,303634,9448,2656.73,,,,3244081,119748,32631.29,0
1898,statcan_plato_may_1898,90,38,GP,,joined_weak,position,,1290.15,1920,15,3.75,,,,,,,1290,15,3.75,2
1898,statcan_plato_may_1898,90,40,GP,,joined_weak,position,,16,2.16,2,0.5,,,,,,,16,2,0.5,2
1898,statcan_plato_may_1898,91,0,GP,"1 > Fruits, including nuts All others, N. E. S. > Total..... > Ontario.....",joined_weak,position,317845,19442,306924,18819,4702.69,138.43,9.41,307062,,,,18862,4712.1,1,-2
1898,statcan_plato_may_1898,91,1,GP,"1 > Fruits, including nuts All others, N. E. S. > Total..... > Quebec.....",joined_weak,position,67851,4488,67791,4454,1113.5,60.34,7.44,67851,,,,4488,1120.94,,-1
1898,statcan_plato_may_1898,91,15,GP,"Total..... > Quebec..... > 108,151 > 2",joined_weak,position,,16201,100828,16121,3741.53,224.45,9.8,110052,,,,16169,3751.33,,-1
1898,statcan_plato_may_1898,91,19,GP,Total..... > B. Columbia.....,joined_weak,position,12895,2028,10829,1793,518.52,336.71,14.7,11165,,,,1864,533.22,,-1
1898,statcan_plato_may_1898,91,25,GP,Italy..... > 3,joined_weak,position,,1655.75,1655,75,49.65,,,,,,,1655.75,49.65,,-1
1898,statcan_plato_may_1898,91,28,GP,Total..... > 3 > not shelled..... > Ontario.....,joined_weak,position,200639,9696,208439,10018,4264.53,,,,,,,208469,10018,4264.53,2
1898,statcan_plato_may_1898,91,30,GP,Total..... > 3 > not shelled..... > Nova Scotia.....,joined_weak,position,15815,908,15729,891,466.75,,,,,,,15724,891,466.75,2
1898,statcan_plato_may_1898,91,44,GP,"Total..... > 4 > Brazil nuts, not shelled..... > B. Columbia.....",joined_weak,position,12666,930,10398,838,329.94,,,,,,,10998,838,329.94,2
1898,statcan_plato_may_1898,91,46,GP,"Total..... > 4 > Brazil nuts, not shelled.....",joined_weak,position,,25,3.25,3,0.75,,,,,,,25,3,0.75,2
1898,statcan_plato_may_1898,91,47,GP,Total.....,joined_weak,position,75591,4539,82242,5030,2467.47,,,,,,,82249,5030,2467.47,2
1898,statcan_plato_may_1898,92,7,GP,1 > Manitoba .....,joined_weak,position,8056,347,8056,345,241.68,,,,,,,8656,345,241.68,2
1898,statcan_plato_may_1898,92,37,GP,"Manitoba ..... > 105,351",joined_weak,position,,4170,100247,4309,2184.94,160,12,2.8,,,,109407,4321,2187.74,2
1898,statcan_plato_may_1898,92,43,GP,4 > shelled .....,joined_weak,position,,57,1.5699999999999998,1,2.85,,,,,,,57,1,2.85,2
1898,statcan_plato_may_1898,92,46,GP,United States .....,joined_weak,position,23365,3739,20408,3471,1020.4,,,,,,,39408,3471,1020.4,2
1898,statcan_plato_may_1898,93,0,GP,Total > Ontario.....,joined_weak,position,49386,6640,48839,6589,2218.88,61.15,2.67,48900,,,,6604,2221.55,1,-2
1898,statcan_plato_may_1898,93,3,GP,N. Brunswick...,joined_weak,position,330,50,330,50,16.5,,,,,,,330.5,16.5,,-1
1898,statcan_plato_may_1898,93,4,GP,Manitoba.....,joined_weak,position,241,75,241,75,12.05,,,,,,,241.75,12.05,,-1
1898,statcan_plato_may_1898,93,5,GP,B. Columbia...,joined_weak,position,738,82,738,82,36.9,,,,,,,738.82,36.9,,-1
1898,statcan_plato_may_1898,93,6,GP,,joined_weak,position,263927,26572,190005,25109,5193.76,61.15,2.67,190066,,,,25124,5196.43,,-1
1898,statcan_plato_may_1898,94,12,GP,B. Columbia.....,joined_weak,position,1065,59,1065,59,21.31,,,,,,,1065.59,21.31,,-1
1898,statcan_plato_may_1898,94,13,GP,,joined_weak,position,1298,71,1298,71,25.97,,,,,,,1298.71,25.97,,-1
1898,statcan_plato_may_1898,94,14,GP,"3 "" Grapes..... > Great Britain.....",joined_weak,position,259933,21217,259933,21130,5181.46,,,,,,,259393,21130,5181.46,2
1898,statcan_plato_may_1898,94,16,GP,United States.....,joined_weak,position,742468,34173,740167,34097,14802.14,,,,,,,740107,34097,14802.14,2
1898,statcan_plato_may_1898,94,25,GP,,joined_weak,position,1010541,56183,1007040,56020,20146.4,,,,,,,1007640,56020,20146.4,2
1898,statcan_plato_may_1898,94,28,GP,Italy.....,joined_weak,position,132,94,132,94,33.0,,,,,,,132.94,33.0,,-1
1898,statcan_plato_may_1898,95,0,GP,DUTIABLE GOODS— Con.,left_only,,,,,,,,,,,,,,,,
1898,statcan_plato_may_1898,95,1,GP,"1 > Oranges, lemons and limes, in \frac{1}{2} boxes of capacity not exceeding 1 \frac{1}{2} cubic feet .....",joined_weak,position,,20,30.2,30,2.6,,,,,,,20,30,2.6,2
1898,statcan_plato_may_1898,95,12,GP,,joined_weak,position,,50,101.5,101,6.5,,,,,,,50,101,6.5,2
1898,statcan_plato_may_1898,96,9,GP,Nova Scotia . . . . .,joined_weak,position,26813,1881,26753,1877,267.53,,,,,,,26733,1877,267.53,2
1898,statcan_plato_may_1898,96,29,GP,B. Columbia . . . . .,joined_weak,position,47,71,47,71,17.75,,,,,,,47.71,17.75,,-1
1898,statcan_plato_may_1898,97,8,GP,,left_only,,,56687,,,,,,,,,,,,,
1898,statcan_plato_may_1898,97,10,GP,Australia.....,joined_weak,position,2115,146,,1630,573.99,30716,1379,665.49,,,,56271,3009,1239.48,2
1898,statcan_plato_may_1898,97,11,GP,B. E. Indies.....,joined_weak,position,1296,51,1296,51,29.16,,,,,,,1296.51,29.16,,-1
1898,statcan_plato_may_1898,97,20,GP,Nova Scotia.....,joined_weak,position,20374,1664,18173,1463,408.48,1474.55,23.13,19347,,,,1518,431.61,,-1
1898,statcan_plato_may_1898,97,23,GP,B. Columbia.....,joined_weak,position,695895,24435,655038,22863,14738.6,203.3,4.46,655241,,,,22893,14743.06,,-1
1898,statcan_plato_may_1898,97,27,GP,France.....,joined_weak,position,169,484,28,63,56.0,,,,,,,28.63,56.0,3,-2
1898,statcan_plato_may_1898,97,29,GP,,right_only,,,,,323,125.67,,,,,,,63,323,125.67,2
1898,statcan_plato_may_1898,97,30,GP,Total .....,joined_weak,position,,55,226.55,226,109.5,,,,,,,55,226,109.5,2
1898,statcan_plato_may_1898,97,31,GP,,joined_weak,position,,100,390.68,284,136.67,,,,,,,68,284,136.67,2
1898,statcan_plato_may_1898,97,33,GP,,joined_weak,position,,76,186.85,206,169.5,,,,,,,85,206,169.5,2
1898,statcan_plato_may_1898,97,39,GP,Newfoundland.....,left_only,,,25,,,,,,,,,,,,,
1898,statcan_plato_may_1898,98,34,GP,St. Pierre.....,left_only,,,10,,,,,,,,,,,,,
1898,statcan_plato_may_1898,99,0,GP,Bulbs for electric lights..... > Belgium.....,left_only,,10,7,,,,,,,,,,,,,
1898,statcan_plato_may_1898,99,3,GP,Quebec.....,joined_weak,position,260,52,250,45,4.5,10,7,0.61,,,,260.52,5.11,,-1
1898,statcan_plato_may_1898,99,4,GP,N. Brunswick...,joined_weak,position,213,75,213,75,7.5,,,,,,,213.75,7.5,,-1
1898,statcan_plato_may_1898,100,0,GP,"1 Lamp chimneys, glass shades or globes, and blown glass tableware. > Great Britain.....",joined_weak,position,,2612,,49,14.7,2591,680.15,,,,,2640,694.85,1,-2
1898,statcan_plato_may_1898,100,1,GP,"1 Lamp chimneys, glass shades or globes, and blown glass tableware. > Austria.....",joined_weak,position,,1032,,619,185.7,345,90.56,,,,,964,276.26,,-1
1898,statcan_plato_may_1898,100,2,GP,"1 Lamp chimneys, glass shades or globes, and blown glass tableware. > Belgium.....",joined_weak,position,,197,,,,23,6.04,,,,,23,6.04,,1
1898,statcan_plato_may_1898,100,3,GP,"1 Lamp chimneys, glass shades or globes, and blown glass tableware. > China.....",joined_weak,position,,20,,20,6.0,,,,,,,20,6.0,,-1
1898,statcan_plato_may_1898,100,4,GP,"1 Lamp chimneys, glass shades or globes, and blown glass tableware. > France.....",joined_weak,position,,239,,140,42.0,130,34.12,,,,,270,76.12,,-1
1898,statcan_plato_may_1898,100,5,GP,"1 Lamp chimneys, glass shades or globes, and blown glass tableware. > Germany.....",joined_weak,position,,7274,,2229,668.7,5124,1345.09,,,,,7353,2013.79,,-1
1898,statcan_plato_may_1898,100,6,GP,"1 Lamp chimneys, glass shades or globes, and blown glass tableware. > United States.....",joined_weak,position,,87587,,84692,25407.44,,,,,,,84692,25407.44,,-1
1898,statcan_plato_may_1898,100,7,GP,"1 Lamp chimneys, glass shades or globes, and blown glass tableware. > Total..... > Ontario.....",joined_weak,position,,54816,,49237,14771.59,2722,714.57,,,,,51959,15486.16,,-1
1898,statcan_plato_may_1898,100,8,GP,"1 Lamp chimneys, glass shades or globes, and blown glass tableware. > Quebec.....",joined_weak,position,,27544,,24428,7328.4,3140,824.24,,,,,27568,8152.64,,-1
1898,statcan_plato_may_1898,100,9,GP,"1 Lamp chimneys, glass shades or globes, and blown glass tableware. > Nova Scotia.....",joined_weak,position,,4397,,4001,1199.65,396,103.96,,,,,4397,1303.61,,-1
1898,statcan_plato_may_1898,100,10,GP,"1 Lamp chimneys, glass shades or globes, and blown glass tableware. > N. Brunswick.....",joined_weak,position,,6466,,6085,1825.5,338,88.73,,,,,6423,1914.23,,-1
1898,statcan_plato_may_1898,100,11,GP,"1 Lamp chimneys, glass shades or globes, and blown glass tableware. > Manitoba.....",joined_weak,position,,1189,,1189,356.7,,,,,,,1189,356.7,,-1
1898,statcan_plato_may_1898,100,12,GP,"1 Lamp chimneys, glass shades or globes, and blown glass tableware. > B. Columbia.....",joined_weak,position,,4360,,2560,768.0,1617,424.46,,,,,4177,1192.46,,-1
1898,statcan_plato_may_1898,100,13,GP,"1 Lamp chimneys, glass shades or globes, and blown glass tableware. > P. E. Island.....",joined_weak,position,,154,,154,46.2,,,,,,,154,46.2,,-1
1898,statcan_plato_may_1898,100,14,GP,N. W. Ter.....,joined_weak,position,,95,,95,28.5,,,,,,,95,28.5,,-1
1898,statcan_plato_may_1898,100,15,GP,,joined_weak,position,,98961,,87749,26324.54,8213,2155.96,,,,,95962,28480.5,,-1
1898,statcan_plato_may_1898,100,16,GP,"2 Ornamental, figured and enamelled coloured glass and memorial or other ornamental window glass, N.O.P..... > Great Britain.....",joined_weak,position,,2346,,980,294.0,1366,358.67,,,,,2346,652.67,2,-2
1898,statcan_plato_may_1898,100,17,GP,"2 Ornamental, figured and enamelled coloured glass and memorial or other ornamental window glass, N.O.P..... > Austria.....",joined_weak,position,,59,,59,17.7,,,,,,,59,17.7,,-1
1898,statcan_plato_may_1898,100,18,GP,"2 Ornamental, figured and enamelled coloured glass and memorial or other ornamental window glass, N.O.P..... > Belgium.....",joined_weak,position,,1155,,114,34.2,1039,272.74,,,,,1153,306.94,,-1
1898,statcan_plato_may_1898,100,19,GP,"2 Ornamental, figured and enamelled coloured glass and memorial or other ornamental window glass, N.O.P..... > Germany.....",joined_weak,position,,128,,,,128,33.61,,,,,128,33.61,,1
1898,statcan_plato_may_1898,100,20,GP,"2 Ornamental, figured and enamelled coloured glass and memorial or other ornamental window glass, N.O.P..... > United States.....",joined_weak,position,,1642,,1642,492.6,,,,,,,1642,492.6,,-1
1898,statcan_plato_may_1898,100,21,GP,"2 Ornamental, figured and enamelled coloured glass and memorial or other ornamental window glass, N.O.P..... > Total..... > Ontario.....",joined_weak,position,,1499,,1408,422.4,91,23.9,,,,,1499,446.3,,-1
1898,statcan_plato_may_1898,100,22,GP,"2 Ornamental, figured and enamelled coloured glass and memorial or other ornamental window glass, N.O.P..... > Quebec.....",joined_weak,position,,2484,,441,132.3,1993,523.22,,,,,2434,655.52,,-1
1898,statcan_plato_may_1898,100,23,GP,"2 Ornamental, figured and enamelled coloured glass and memorial or other ornamental window glass, N.O.P..... > Nova Scotia.....",joined_weak,position,,391,,153,45.9,238,62.5,,,,,391,108.4,,-1
1898,statcan_plato_may_1898,100,24,GP,"2 Ornamental, figured and enamelled coloured glass and memorial or other ornamental window glass, N.O.P..... > N. Brunswick.....",joined_weak,position,,241,,50,15.0,191,50.15,,,,,241,65.15,,-1
1898,statcan_plato_may_1898,100,25,GP,"2 Ornamental, figured and enamelled coloured glass and memorial or other ornamental window glass, N.O.P..... > Manitoba.....",joined_weak,position,,81,,81,24.3,,,,,,,81,24.3,,-1
1898,statcan_plato_may_1898,100,26,GP,"2 Ornamental, figured and enamelled coloured glass and memorial or other ornamental window glass, N.O.P..... > B. Columbia.....",joined_weak,position,,670,,662,198.6,8,2.1,,,,,670,200.7,,-1
1898,statcan_plato_may_1898,100,27,GP,"2 Ornamental, figured and enamelled coloured glass and memorial or other ornamental window glass, N.O.P..... > P. E. Island.....",joined_weak,position,,12,,,,12,3.15,,,,,12,3.15,,1
1898,statcan_plato_may_1898,100,28,GP,"2 Ornamental, figured and enamelled coloured glass and memorial or other ornamental window glass, N.O.P.....",joined_weak,position,,5328,,2795,838.5,2533,665.02,,,,,5328,1503.52,,-1
1898,statcan_plato_may_1898,100,36,GP,"3 Painted or stained, chipped, figured, enamelled and coloured window glass.",joined_weak,position,,1418,105.6,14,4.2,1358,91,23.88,,,,1418,105,28.08,2
1898,statcan_plato_may_1898,100,38,GP,"3 Painted or stained, chipped, figured, enamelled and coloured window glass.",joined_weak,position,,2127.77,,,,2127,77,20.22,,,,2127,77,20.22,2
1898,statcan_plato_may_1898,100,39,GP,"3 Painted or stained, chipped, figured, enamelled and coloured window glass.",joined_weak,position,,641.3,,,,641,30,7.88,,,,641,30,7.88,2
1898,statcan_plato_may_1898,101,7,GP,Quebec.....,joined_weak,position,8777861,159697,539184,7885,1577.0,7955527,146559,25648.12,,,,8491711,154444,27225.12,2
1898,statcan_plato_may_1898,101,17,GP,Germany.....,joined_weak,position,277,70,277,70,17.5,,,,,,,277.7,17.5,,-1
1898,statcan_plato_may_1898,101,23,GP,B. Columbia.....,joined_weak,position,122,61,122,61,15.25,,,,,,,122.61,15.25,,-1
1898,statcan_plato_may_1898,104,1,GP,"Gold, silver and aluminium leaf, Dutch or Schleg metal leaf > Great Britain.....",left_only,,1611,,,,,,,,,,,,,,
1898,statcan_plato_may_1898,104,2,GP,France.....,left_only,,15,,,,,,,,,,,,,,
1898,statcan_plato_may_1898,104,3,GP,Germany.....,joined_weak,position,37541,,,4503,1148.25,,15,3.2800000000000002,,,,,15,3.2800000000000002,-2
1898,statcan_plato_may_1898,104,4,GP,United States.....,joined_weak,position,1460,,,1400,365.05,,28116,6150.37,,,,,32709,7298.62,-2
1898,statcan_plato_may_1898,104,5,GP,Ontario.....,joined_weak,position,9451,,,,,,,,,,,,1460,365.05,-2
1898,statcan_plato_may_1898,104,6,GP,Quebec.....,joined_weak,position,30717,,,2987,746.75,,5950,1301.57,,,,,8937,2048.32,2
1898,statcan_plato_may_1898,104,7,GP,Nova Scotia.....,joined_weak,position,234,,,3138,784.5,,23261,5088.36,,,,,26399,5872.86,2
1898,statcan_plato_may_1898,104,8,GP,N. Brunswick.....,joined_weak,position,147,,,192,48.0,,42,9.19,,,,,234,57.19,2
1898,statcan_plato_may_1898,104,9,GP,Manitoba.....,joined_weak,position,3,,,147,36.75,,,,,,,,147,36.75,2
1898,statcan_plato_may_1898,104,10,GP,B. Columbia.....,joined_weak,position,73,,,3,0.75,,,,,,,,3,0.75,2
1898,statcan_plato_may_1898,104,11,GP,N. W. Ter.....,joined_weak,position,2,,,73,18.25,,,,,,,,73,18.25,2
1898,statcan_plato_may_1898,104,13,GP,"2 Manufactures of gold, N.E.S. > Great Britain.....",joined_weak,position,530,,,6542,1635.55,,29253,6399.12,,,,,35795,8034.67,2
1898,statcan_plato_may_1898,104,14,GP,B. E. Indies.....,joined_weak,position,24,,,342,102.6,,142,37.27,,,,,484,139.87,2
1898,statcan_plato_may_1898,104,15,GP,France.....,joined_weak,position,48,,,24,7.2,,,,,,,,24,7.2,2
1898,statcan_plato_may_1898,104,16,GP,United States.....,joined_weak,position,3154,,,,,,48,12.6,,,,,48,12.6,2
1898,statcan_plato_may_1898,104,17,GP,Ontario.....,joined_weak,position,2112,,,3154,946.2,,,,,,,,3154,946.2,2
1898,statcan_plato_may_1898,104,18,GP,Quebec.....,joined_weak,position,1165,,,2071,621.3,,41,10.75,,,,,2112,632.05,2
1898,statcan_plato_may_1898,104,19,GP,Nova Scotia.....,joined_weak,position,131,,,90,291.0,,149,39.11,,,,,1119,330.11,0
1898,statcan_plato_may_1898,104,20,GP,Manitoba.....,joined_weak,position,106,,,131,39.3,,,,,,,,131,39.3,2
1898,statcan_plato_may_1898,104,21,GP,B. Columbia.....,joined_weak,position,242,,,106,31.8,,,,,,,,106,31.8,2
1898,statcan_plato_may_1898,104,23,GP,"3 Electro-plated ware and gilt ware of all kinds, N.E.S. > Great Britain.....",joined_weak,position,19716,,,3520,1056.0,,190,49.87,,,,,3710,1105.87,2
1898,statcan_plato_may_1898,104,24,GP,Austria.....,joined_weak,position,753,,,2059,647.75,,17512,4537.32,,,,,19371,5315.07,-2
1898,statcan_plato_may_1898,104,25,GP,China.....,joined_weak,position,8,,,8,2.4,,755,197.67,,,,,753,197.67,-2
1898,statcan_plato_may_1898,104,26,GP,France.....,joined_weak,position,4793,,,591,177.3,,4612,1210.65,,,,,5203,1387.95,2
1898,statcan_plato_may_1898,104,27,GP,Germany.....,joined_weak,position,3289,,,583,474.9,,2483,651.79,,,,,3066,826.69,0
1898,statcan_plato_may_1898,104,28,GP,Japan.....,joined_weak,position,161,,,158,47.4,,3,0.79,,,,,161,48.19,2
1898,statcan_plato_may_1898,104,29,GP,United States.....,joined_weak,position,134612,,,134521,40357.15,,,,,,,,134521,40357.15,2
1898,statcan_plato_may_1898,104,30,GP,Ontario.....,joined_weak,position,84622,,,73601,22079.95,,10828,2842.66,,,,,84429,24922.61,2
1898,statcan_plato_may_1898,104,31,GP,Quebec.....,joined_weak,position,54915,,,45367,13610.1,,9747,2558.67,,,,,53114,16168.77,0
1898,statcan_plato_may_1898,104,32,GP,Nova Scotia.....,joined_weak,position,7877,,,6234,1871.2,,1584,415.84,,,,,7818,2287.04,2
1898,statcan_plato_may_1898,104,33,GP,N. Brunswick.....,joined_weak,position,9542,,,9220,2766.0,,322,84.54,,,,,9542,2850.54,2
1898,statcan_plato_may_1898,104,34,GP,Manitoba.....,joined_weak,position,3417,,,2195,658.5,,1222,320.77,,,,,3417,979.27,2
1898,statcan_plato_may_1898,104,35,GP,B. Columbia.....,joined_weak,position,2688,,,1049,314.95,,1642,431.28,,,,,2692,746.23,0
1898,statcan_plato_may_1898,104,36,GP,P. E. Island.....,joined_weak,position,88,,,82,24.6,,6,1.58,,,,,88,26.18,2
1898,statcan_plato_may_1898,104,37,GP,N. W. Ter.....,joined_weak,position,183,,,172,51.6,,11,2.88,,,,,183,54.48,2
1898,statcan_plato_may_1898,105,33,GP,"3 Gunpowder and other explosives, &c.— Gun, rifle and sporting powder",joined_weak,position,,1462,835.62,59,1.8599999999999999,1400,776,36.75,,,,1462,835,38.61,2
1898,statcan_plato_may_1898,106,0,GP,Total ..... > Quebec .....,joined_weak,position,380,51,380,51,11.4,,,,,,,380.51,11.4,1,-2
1898,statcan_plato_may_1898,106,6,GP,Quebec.....,joined_weak,position,1452,113,1252,94,25.04,200.19,3.5,1452,,,,113,28.54,,-1
1898,statcan_plato_may_1898,106,11,GP,,joined_weak,position,45721,2337,45521,2318,910.04,200.19,3.5,45721,,,,2337,913.54,,-1
1898,statcan_plato_may_1898,107,0,GP,"1 Gun powder and other explosives— Gun or pistol covers or cases, game bags, loading tools and cartridge belts of any material ..... > Great Britain.....",left_only,,,1072,,,,,,,,,,,,,
1898,statcan_plato_may_1898,107,1,GP,United States.....,left_only,,,4761,,,,,,,,,,,,,
1898,statcan_plato_may_1898,107,2,GP,Total..... > Ontario.....,left_only,,,926,,,,,,,,,,,,,
1898,statcan_plato_may_1898,107,3,GP,Quebec.....,left_only,,,1388,,,,,,,,,,,,,
1898,statcan_plato_may_1898,107,4,GP,Nova Scotia.....,left_only,,,158,,,,,,,,,,,,,
1898,statcan_plato_may_1898,107,5,GP,N. Brunswick.....,left_only,,,102,,,,,,,,,,,,,
1898,statcan_plato_may_1898,107,6,GP,Manitoba.....,left_only,,,1347,,,,,,,,,,,,,
1898,statcan_plato_may_1898,107,7,GP,B. Columbia.....,left_only,,,1794,,,,,,,,,,,,,
1898,statcan_plato_may_1898,107,11,GP,"2 Gutta percha and India-rubber, manu- factures of:— Boots and shoes..... > China.....",left_only,,,21,,,,,,,,,,,,,
1898,statcan_plato_may_1898,107,12,GP,United States.....,left_only,,,35131,,,,,,,,,,,,,
1898,statcan_plato_may_1898,107,13,GP,Total..... > Ontario.....,left_only,,,1677,,,,,,,,,,,,,
1898,statcan_plato_may_1898,107,14,GP,Quebec.....,left_only,,,2808,,,,,,,,,,,,,
1898,statcan_plato_may_1898,107,15,GP,Nova Scotia.....,left_only,,,14616,,,,,,,,,,,,,
1898,statcan_plato_may_1898,107,16,GP,N. Brunswick.....,left_only,,,2194,,,,,,,,,,,,,
1898,statcan_plato_may_1898,107,17,GP,Manitoba.....,left_only,,,32,,,,,,,,,,,,,
1898,statcan_plato_may_1898,107,18,GP,B. Columbia.....,left_only,,,13642,,,,,,,,,,,,,
1898,statcan_plato_may_1898,107,19,GP,P. E. Island.....,left_only,,,75,,,,,,,,,,,,,
1898,statcan_plato_may_1898,107,20,GP,N. W. Ter.....,left_only,,,108,,,,,,,,,,,,,
1898,statcan_plato_may_1898,107,21,GP,,left_only,,,35152,,,,,,,,,,,,,
1898,statcan_plato_may_1898,107,22,GP,3 „ Belting..... > Great Britain.....,left_only,,,1295,,,,,,,,,,,,,
1898,statcan_plato_may_1898,107,23,GP,United States.....,left_only,,,20975,,,,,,,,,,,,,
1898,statcan_plato_may_1898,107,24,GP,Total..... > Ontario.....,left_only,,,2310,,,,,,,,,,,,,
1898,statcan_plato_may_1898,107,25,GP,Quebec.....,left_only,,,3338,,,,,,,,,,,,,
1898,statcan_plato_may_1898,107,26,GP,Nova Scotia.....,left_only,,,5100,,,,,,,,,,,,,
1898,statcan_plato_may_1898,107,27,GP,N. Brunswick.....,left_only,,,7580,,,,,,,,,,,,,
1898,statcan_plato_may_1898,107,28,GP,Manitoba.....,left_only,,,26,,,,,,,,,,,,,
1898,statcan_plato_may_1898,107,29,GP,B. Columbia.....,left_only,,,3812,,,,,,,,,,,,,
1898,statcan_plato_may_1898,107,30,GP,P. E. Island.....,left_only,,,57,,,,,,,,,,,,,
1898,statcan_plato_may_1898,108,20,GP,,left_only,,,21659,,,,,,,,,,,,,
1898,statcan_plato_may_1898,109,27,GP,Germany.....,joined_weak,position,1501,245,200,15,3.0,1908,271,47.43,,,,1508,285,50.43,0
1898,statcan_plato_may_1898,109,34,GP,,joined_weak,position,,51,29.5,26,5.2,4,3,0.53,,,,51,29,5.73,2
1898,statcan_plato_may_1898,110,6,GP,P. E. Island.....,left_only,,,53,,,,,,,,,,,,,
1898,statcan_plato_may_1898,110,18,GP,N. W. Ter.....,left_only,,,29,,,,,,,,,,,,,
1898,statcan_plato_may_1898,110,38,GP,,left_only,,,822041,,,,,,,,,,,,,
1898,statcan_plato_may_1898,111,34,GP,Nova Scotia.,joined_weak,position,960,65,936,60,28.08,24,5,0.64,,,,960.65,28.72,,-1
1898,statcan_plato_may_1898,113,0,GP,"1 > Iron and steel and manufactures of— Agricultural implements, N.E.S.— Cultivators.. > Great Britain.....",left_only,,14,100,,,,,,,,,,,,,
1898,statcan_plato_may_1898,113,1,GP,1 > United States.....,joined_weak,position,1666,14036,1670,14052,2811.55,14,100,17.5,,,,,,,0
1898,statcan_plato_may_1898,113,3,GP,1,joined_weak,position,,56,755.42,655,131.0,14,100,17.5,,,,56,755,148.5,2
1898,statcan_plato_may_1898,113,4,GP,1,joined_weak,position,,72,373.72,373,75.0,,,,,,,72,373,75.0,2
1898,statcan_plato_may_1898,113,5,GP,1,joined_weak,position,,49,176.42,176,35.2,,,,,,,49,176,35.2,2
1898,statcan_plato_may_1898,113,6,GP,1,joined_weak,position,,34,216.38,232,46.4,,,,,,,38,232,46.4,2
1898,statcan_plato_may_1898,113,13,GP,2,joined_weak,position,,8.53,8,53,10.6,,,,,,,8.53,10.6,,-1
1898,statcan_plato_may_1898,113,14,GP,2,joined_weak,position,,42,230.42,230,46.0,,,,,,,42,230,46.0,2
1898,statcan_plato_may_1898,113,16,GP,2,joined_weak,position,,13,111.13,111,22.2,,,,,,,13,111,22.2,2
1898,statcan_plato_may_1898,113,18,GP,2,joined_weak,position,2210,53806,2270,54382,10876.4,,,,,,,2220,54382,10876.4,2
1898,statcan_plato_may_1898,113,19,GP,3,joined_weak,position,,3.51,3,51,12.75,,,,,,,3.51,12.75,3,-2
1898,statcan_plato_may_1898,113,24,GP,4 > United States.....,left_only,,58048,12368,58048,,,,,,,,,,,,
1898,statcan_plato_may_1898,113,26,GP,4 > Quebec.....,joined_weak,position,34434,5973,34334,5922,1480.5,50.51,11.16,34434,,,,5973,1491.66,,-1
1898,statcan_plato_may_1898,113,31,GP,4,joined_weak,position,53008,12412,53048,12368,3092.01,50.51,11.16,58098,,,,12419,3103.17,,-1
1898,statcan_plato_may_1898,113,34,GP,5,joined_weak,position,,54,285.54,285,57.0,,,,,,,54,285,57.0,2
1898,statcan_plato_may_1898,113,35,GP,5,joined_weak,position,,14,83.14,83,16.6,,,,,,,14.83,16.6,,-1
1898,statcan_plato_may_1898,113,37,GP,5,joined_weak,position,,17,172.17,172,34.4,,,,,,,17,172,34.4,2
1898,statcan_plato_may_1898,113,39,GP,5,joined_weak,position,,7.58,7,58,11.6,,,,,,,7.58,11.6,,-1
1898,statcan_plato_may_1898,113,40,GP,5,joined_weak,position,3551,56156,3551,36156,7232.0,,,,,,,3561,36156,7232.0,2
1898,statcan_plato_may_1898,114,2,GP,Total..... > Ontario.....,left_only,,2327,244915,2322,,,,,,,,,,,,
1898,statcan_plato_may_1898,114,5,GP,Manitoba.....,joined_weak,position,1477,153570,1480,153870,30774.0,,,,,,,1480.95,19.0,,-1
1898,statcan_plato_may_1898,114,11,GP,2 > Nova Scotia.....,joined_weak,position,5,152,5,152,38.0,,,,,,,5.5,12.5,,-1
1898,statcan_plato_may_1898,114,13,GP,,left_only,,1793,801,1793,,,,,,,,,,,,
1898,statcan_plato_may_1898,114,14,GP,3 > Hoes.....,joined_weak,position,,232.85,,801,200.25,,,,,,,1793.68,17.0,,-1
1898,statcan_plato_may_1898,114,15,GP,3 > United States.....,joined_weak,position,14122,2081,14122,2081,520.25,232.85,18.6,14122,,,,801,200.25,3,-2
1898,statcan_plato_may_1898,114,16,GP,3 > Total..... > Ontario.....,joined_weak,position,615,279,591,239,59.75,24.4,8.75,615,,,,2081,520.25,,-1
1898,statcan_plato_may_1898,114,21,GP,,left_only,,,41,96.41,,,,,,,,,,,,
1898,statcan_plato_may_1898,114,22,GP,,joined_weak,position,,208.45,,96,24.0,,,,,,,41,307,76.75,-2
1898,statcan_plato_may_1898,114,23,GP,,joined_weak,position,14354,2166,14122,2081,520.25,232,85,18.6,,,,14354.96,24.0,,-1
1898,statcan_plato_may_1898,114,25,GP,4,joined_weak,position,,50,846.5,846,169.2,,,,,,,50,208.45,,-1
1898,statcan_plato_may_1898,114,26,GP,4,joined_weak,position,,50,700.5,700,140.0,,,,,,,50,14354,2166,-2
1898,statcan_plato_may_1898,114,27,GP,4,joined_weak,position,,10,56.1,56,11.2,,,,,,,10,825,14323,-2
1898,statcan_plato_may_1898,114,28,GP,4 > Manitoba.....,joined_weak,position,901,13292,901,13292,2658.4,,,,,,,901.5,846,169.2,-2
1898,statcan_plato_may_1898,114,29,GP,4,joined_weak,position,,29,561.29,561,112.2,,,,,,,29,700,140.0,-2
1898,statcan_plato_may_1898,114,30,GP,4 > N. W. Ter.....,joined_weak,position,108,1800,108,1800,360.0,,,,,,,108.56,11.2,,-1
1898,statcan_plato_may_1898,114,34,GP,5,joined_weak,position,,15,7.15,7,1.75,,,,,,,15,31578,6315.6,-2
1898,statcan_plato_may_1898,114,35,GP,5,joined_weak,position,,12,7.12,7,1.75,,,,,,,12.5,12.5,5,-2
1898,statcan_plato_may_1898,114,36,GP,,joined_weak,position,348,128,348,128,32.0,,,,,,,348.64,16.0,,-1
1898,statcan_plato_may_1898,115,1,GP,Quebec.....,joined_weak,position,238,658,237,576,201.6,1.8199999999999998,25.11,238,,,,658,226.71,,-1
1898,statcan_plato_may_1898,115,2,GP,,joined_weak,position,,54,226.54,226,79.1,,,,,,,54,226,79.1,2
1898,statcan_plato_may_1898,115,3,GP,,joined_weak,position,,25,91.25,91,31.85,,,,,,,25.91,31.85,,-1
1898,statcan_plato_may_1898,115,5,GP,,joined_weak,position,,71,309.7,268,93.8,1.41,12.56,71,,,,309,106.36,,-1
1898,statcan_plato_may_1898,115,8,GP,,joined_weak,position,,1.75,1,75,15.0,,,,,,,1.75,15.0,,-1
1898,statcan_plato_may_1898,115,10,GP,3 > „ Mowing machines..... > Great Britain.....,joined_weak,position,6,307,5,263,52.6,1.44,7.7,6,,,,307,60.3,3,-2
1898,statcan_plato_may_1898,115,12,GP,Total..... > Ontario.....,joined_weak,position,1950,67820,1949,67776,13555.2,1.44,7.7,1950,,,,67820,13562.9,,-1
1898,statcan_plato_may_1898,115,19,GP,,joined_weak,position,5518,189924,5517,189880,37976.0,1.44,7.7,5518,,,,189924,37983.7,,-1
1898,statcan_plato_may_1898,115,20,GP,4 > „ Ploughs.....,joined_weak,position,,3.55,1,13,2.6,2,42,7.35,,,,3.55,9.95,4,-2
1898,statcan_plato_may_1898,115,21,GP,,joined_weak,position,,6.77,1,10,2.0,5,67,11.73,,,,6.77,13.73,,-1
1898,statcan_plato_may_1898,115,24,GP,,joined_weak,position,,34,396.28,302,60.4,6.9399999999999995,16.45,34,,,,396,76.85,,-1
1898,statcan_plato_may_1898,115,26,GP,N. Brunswick.....,joined_weak,position,166,1238,165,1223,244.6,1.15,2.63,166,,,,1238,247.23,,-1
1898,statcan_plato_may_1898,116,4,GP,,joined_weak,position,,10,69.1,68,17.25,,,,,,,10.69,17.25,,-1
1898,statcan_plato_may_1898,116,10,GP,,joined_weak,position,,225.96,225,26,24.0,,,,,,,225.96,24.0,,-1
1898,statcan_plato_may_1898,116,11,GP,,joined_weak,position,,12,3.12,5,0.75,,,,,,,12,3,0.75,0
1898,statcan_plato_may_1898,116,14,GP,3 > „ Reapers. .... > Australia. ....,left_only,,1,268,,,,,,,,,,,,,
1898,statcan_plato_may_1898,116,17,GP,,joined_weak,position,,12,629.12,629,125.8,,,,,,,12,629,125.8,2
1898,statcan_plato_may_1898,116,18,GP,,joined_weak,position,,1.92,1,92,18.4,,,,,,,1.92,18.4,,-1
1898,statcan_plato_may_1898,116,19,GP,,joined_weak,position,,1.5,1,50,10.0,,,,,,,1.5,10.0,,-1
1898,statcan_plato_may_1898,116,23,GP,"4 > „ Scythes and snaths, sickles or reaping hooks. ....",joined_weak,position,,932,3480.54,290,55.5,878,3260,713.18,,,,932,3480,768.18,-2
1898,statcan_plato_may_1898,116,28,GP,N. Brunswick. ....,joined_weak,position,1177,4581,1169,4534,1133.5,8.47,10.28,1177,,,,4581,1143.78,,-1
1898,statcan_plato_may_1898,116,31,GP,,joined_weak,position,,45,266.1,32,13.0,35,214,46.82,,,,45,266,59.82,0
1898,statcan_plato_may_1898,116,34,GP,"5 > „ Spades and shovels and spade and shovel blanks, and iron or steel cut to shape for the same. .... > Great Britain. ....",joined_weak,position,1531,4343,306,319,191.3,1297,1395,1593.15,,,,1613,4254,1397.24,-2
1898,statcan_plato_may_1898,117,0,GP,,right_only,,,,,3621,1267.45,156,737,225.76,,,,1415,4358,1493.21,2
1898,statcan_plato_may_1898,117,1,GP,,right_only,,,,,330,111.65,291,1261,386.24,,,,362,1580,497.89,0
1898,statcan_plato_may_1898,117,2,GP,,right_only,,,,,611,213.85,406,1203,368.49,,,,769,1814,582.34,2
1898,statcan_plato_may_1898,117,3,GP,,right_only,,,,,1213,354.55,277,526,161.08,,,,583,1539,515.63,0
1898,statcan_plato_may_1898,117,4,GP,,right_only,,,,,351,122.85,,,,,,,54,351,122.85,2
1898,statcan_plato_may_1898,117,5,GP,,right_only,,,,,3867,2053.44,3.18,5.51,1198,,,,5885,2058.95,,-1
1898,statcan_plato_may_1898,117,6,GP,,right_only,,,,,228,79.8,74,193,59.11,,,,140,421,138.91,2
1898,statcan_plato_may_1898,117,7,GP,"1 > Iron and steel and manufactures of— Spades and shovels, &c.— Total..... > Ontario..... Quebec..... Nova Scotia..... N. Brunswick..... Manitoba..... B. Columbia..... P. E. Island..... N. W. Ter. ....",joined_weak,position,,,,675,236.0,,,,,,,110,675,236.0,2
1898,statcan_plato_may_1898,117,9,GP,,right_only,,,,,36,7.2,,,,,,,7.36,7.2,2,-2
1898,statcan_plato_may_1898,117,10,GP,,right_only,,,,,11,2.2,,,,,,,73.11,2.2,,-1
1898,statcan_plato_may_1898,117,11,GP,,right_only,,,,,48,9.6,,,,,,,4.48,9.6,,-1
1898,statcan_plato_may_1898,117,12,GP,,right_only,,,,,7,1.4,,,,,,,1,7,1.4,2
1898,statcan_plato_may_1898,117,13,GP,,right_only,,,,,20,4.0,,,,,,,2.2,4.0,,-1
1898,statcan_plato_may_1898,117,14,GP,,right_only,,,,,6,1.0,,,,,,,1,5,1.0,0
1898,statcan_plato_may_1898,117,15,GP,,right_only,,,,,127,25.4,,,,,,,88,127,25.4,2
1898,statcan_plato_may_1898,117,16,GP,,right_only,,,,,72,18.0,,444,96.44,,,,,516,114.44,2
1898,statcan_plato_may_1898,117,17,GP,,right_only,,,,,13318,3333.85,,,,,,,,13318,3333.85,2
1898,statcan_plato_may_1898,117,18,GP,,right_only,,,,,7374,1847.85,,256,55.3,,,,,7639,1903.15,0
1898,statcan_plato_may_1898,117,19,GP,,right_only,,,,,1853,463.25,,188,41.14,,,,,2041,504.39,2
1898,statcan_plato_may_1898,117,20,GP,,right_only,,,,,346,86.5,,,,,,,,346,86.5,2
1898,statcan_plato_may_1898,117,21,GP,,right_only,,,,,1695,423.75,,,,,,,,1695,423.75,2
1898,statcan_plato_may_1898,117,27,GP,,right_only,,,,,43,8.6,,,,,,,,43,8.6,2
1898,statcan_plato_may_1898,117,31,GP,,right_only,,,,,4777,1434.1,,673,176.66,,,,,673,176.66,-2
1898,statcan_plato_may_1898,117,32,GP,,right_only,,,,,,,,,,,,,,4777,1434.1,-2
1898,statcan_plato_may_1898,117,35,GP,,right_only,,,,,52,15.6,,60,15.76,,,,,60,15.76,-2
1898,statcan_plato_may_1898,117,36,GP,,right_only,,,,,1045,313.5,,855,224.46,,,,,307,240.06,-2
1898,statcan_plato_may_1898,117,37,GP,,right_only,,,,,132,39.6,,1414,371.18,,,,,2450,684.68,-2
1898,statcan_plato_may_1898,117,38,GP,,right_only,,,,,,,,,,,,,,132,39.6,-2
1898,statcan_plato_may_1898,117,39,GP,,right_only,,,,,6935,1810.39,,8548,2243.92,,,,,13581,3754.82,-2
1898,statcan_plato_may_1898,118,0,GP,,right_only,,,,,94,28.2,,,,,,,600,94,28.2,2
1898,statcan_plato_may_1898,118,1,GP,1 > Iron and steel and manufactures of— Cart or wagon skeins or boxes..... > United States— Ontario..... N. W. Ter.....,joined_weak,position,,,,135,40.5,,,,,,,850,135,40.5,2
1898,statcan_plato_may_1898,118,3,GP,,right_only,,,,,303,123.65,1984,4280,1310.77,,,,2037,4633,1434.32,-2
1898,statcan_plato_may_1898,118,4,GP,,right_only,,,,,23194,8116.08,319,727,222.64,,,,319,727,222.64,-2
1898,statcan_plato_may_1898,118,5,GP,,right_only,,,,,,,,,,,,,8393,23194,8116.08,-2
1898,statcan_plato_may_1898,118,6,GP,,right_only,,,,,9064,3171.08,3,73,22.36,,,,3123,9137,3193.44,2
1898,statcan_plato_may_1898,118,7,GP,,right_only,,,,,12484,4369.4,2293,4907,1502.78,,,,6366,17394,5872.18,0
1898,statcan_plato_may_1898,118,8,GP,,right_only,,,,,583,204.05,,,,,,,100,583,204.05,2
1898,statcan_plato_may_1898,118,9,GP,,right_only,,,,,186,65.1,7,27,8.27,,,,44,213,73.37,2
1898,statcan_plato_may_1898,118,10,GP,,right_only,,,,,121,42.35,,,,,,,25,121,42.35,2
1898,statcan_plato_may_1898,118,11,GP,"1 > 2 „ Springs, axles, axle bars, N.E.S., and axle blanks and parts thereof, of iron or steel, for railway or tramway or other vehicles..... > Great Britain..... Germany..... United States..",joined_weak,position,,,,935,326.75,,,,,,,1064,935,326.75,2
1898,statcan_plato_may_1898,118,12,GP,"1 > 2 „ Springs, axles, axle bars, N.E.S., and axle blanks and parts thereof, of iron or steel, for railway or tramway or other vehicles..... > Total..... > Ontario..... Quebec..... Nova Scotia.... N. Brunswick... Manitoba..... B. Columbia... N. W. Ter.....",joined_weak,position,,,,174,60.9,,,,,,,27,174,60.9,2
1898,statcan_plato_may_1898,118,14,GP,,right_only,,,,,5285,692.4,21150,43437,6478.21,,,,23811,48722,7440.51,0
1898,statcan_plato_may_1898,118,15,GP,,right_only,,,,,27,6.55,,,,,,,19,27,6.65,0
1898,statcan_plato_may_1898,118,16,GP,,right_only,,,,,,,129,183,39.51,,,,129,183,39.51,2
1898,statcan_plato_may_1898,118,17,GP,,right_only,,,,,4376,894.25,2853,5370,873.73,,,,5408,10346,1767.98,0
1898,statcan_plato_may_1898,118,18,GP,,right_only,,,,,313319,84204.15,,,,,,,240578,313019,84204.15,0
1898,statcan_plato_may_1898,118,19,GP,,right_only,,,,,229898,64785.0,3720,5827,1140.13,,,,188820,235725,65925.13,2
1898,statcan_plato_may_1898,118,20,GP,,right_only,,,,,39363,9584.05,14987,34634,4589.62,,,,42370,73997,14173.67,2
1898,statcan_plato_may_1898,118,21,GP,,right_only,,,,,2770,495.5,1598,2888,489.52,,,,3011,5658,985.02,2
1898,statcan_plato_may_1898,118,22,GP,,right_only,,,,,3538,974.46,1322,2243,404.9,,,,4092,5781,1376.36,0
1898,statcan_plato_may_1898,118,23,GP,"3 „ Bar iron or steel rolled whether in coils, bundles, rods or bars, com- prising rounds, ovals, squares and flats, and rolled shapes, N.O.P.... > 2 „ Springs, axles, axle bars, N.E.S., and axle blanks and parts thereof, of iron or steel, for railway or tramway or other vehicles..... > Great Britain..... Belgium..... Germany..... Sweden..... United States.....",joined_weak,position,,,,11534,3031.61,35,61,10.6,,,,8697,11595,3042.21,2
1898,statcan_plato_may_1898,118,24,GP,,right_only,,,,,35973,7141.4,2470,3337,736.68,,,,22874,39310,7898.08,0
1898,statcan_plato_may_1898,118,25,GP,"3 „ Bar iron or steel rolled whether in coils, bundles, rods or bars, com- prising rounds, ovals, squares and flats, and rolled shapes, N.O.P.... > Total..... > Ontario..... Quebec..... Nova Scotia.... N. Brunswick... Manitoba..... B. Columbia... N. W. Ter.....",joined_weak,position,,,,231,28.33,,,,,,,81,231,28.33,2
1898,statcan_plato_may_1898,118,27,GP,,right_only,,,,,14045,4213.5,,323,84.8,,,,,323,84.8,-2
1898,statcan_plato_may_1898,118,28,GP,,right_only,,,,,,,,,,,,,,14045,4213.5,-2
1898,statcan_plato_may_1898,118,29,GP,,right_only,,,,,3786,1135.8,,44,11.55,,,,,3830,1147.35,2
1898,statcan_plato_may_1898,118,31,GP,,right_only,,,,,809,242.7,,150,39.39,,,,,950,282.09,0
1898,statcan_plato_may_1898,118,32,GP,,right_only,,,,,4707,332.1,,11,2.88,,,,,1118,334.98,0
1898,statcan_plato_may_1898,118,33,GP,,right_only,,,,,848,251.4,,,,,,,,848,254.4,0
1898,statcan_plato_may_1898,118,36,GP,,right_only,,,,,14045,4213.5,,323,84.8,,,,,14045,4213.5,-2
1898,statcan_plato_may_1898,119,11,GP,"2 "" Canada plates; Russia iron; flat galvanized iron or steel sheets, terne plate, and rolled sheets of iron or steel coated with zinc, spelter or other metal, of all widths or thickness, N.O.P ..... > Great Britain .....",joined_weak,position,311024,560804,,21813,1090.65,,536656,23509.47,,,,,558469,24600.12,2
1898,statcan_plato_may_1898,119,21,GP,B. Columbia .....,joined_weak,position,27104,20650,4919,11184,559.2,22082,8673,410.49,,,,27091,19857,969.69,2
1898,statcan_plato_may_1898,119,24,GP,,joined_weak,position,379622,706645,78667,166502,8334.5,300014,537788,23558.9,,,,378641,704290,31893.4,2
1898,statcan_plato_may_1898,120,9,GP,Quebec,joined_weak,position,6477,20650,1256,11726,586.3,2077,8304,363.38,,,,6333,20030,949.68,2
1898,statcan_plato_may_1898,121,2,GP,Nova Scotia...,joined_weak,position,3577,366,2877,332,116.2,700.34,10.42,3577,,,,366,126.62,,-1
1898,statcan_plato_may_1898,121,7,GP,,joined_weak,position,,200.25,,,,200,25,7.66,,,,200.25,7.66,,-1
1898,statcan_plato_may_1898,121,8,GP,,joined_weak,position,,100.7,,,,100,70,21.44,,,,100.7,21.44,,-1
1898,statcan_plato_may_1898,121,10,GP,Total..... > Ontario.....,joined_weak,position,106210,5789,105907,5690,1991.39,303.99,30.32,106210,,,,5789,2021.71,,-1
1898,statcan_plato_may_1898,121,11,GP,Quebec.....,joined_weak,position,16873,1663,16623,1619,566.65,250.44,13.48,16873,,,,1663,580.13,,-1
1898,statcan_plato_may_1898,121,12,GP,Nova Scotia...,joined_weak,position,9773,505,7453,434,151.9,2320.71,21.75,9773,,,,505,173.65,,-1
1898,statcan_plato_may_1898,121,13,GP,N. Brunswick...,joined_weak,position,3107,287,2607,272,95.2,440.15,4.6,3107,,,,287,99.8,,-1
1898,statcan_plato_may_1898,121,14,GP,,joined_weak,position,,698.69,685,68,23.8,13,1,0.3,,,,698.69,24.1,,-1
1898,statcan_plato_may_1898,121,18,GP,,joined_weak,position,,81,452921.81,452921,158522.35,,,,,,,81,452921,158522.35,2
1898,statcan_plato_may_1898,121,19,GP,,joined_weak,position,,17,75832.17,75832,26541.2,,,,,,,17,75832,26541.2,2
1898,statcan_plato_may_1898,121,32,GP,,joined_weak,position,,26,199.26,199,69.65,,,,,,,26,199,69.65,2
1898,statcan_plato_may_1898,121,34,GP,,joined_weak,position,,65,223.65,223,78.05,,,,,,,65,223,78.05,2
1898,statcan_plato_may_1898,122,14,GP,Nova Scotia....,joined_weak,position,63422,3490,62822,3443,1032.9,600.47,12.34,63422,,,,3490,1045.24,,-1
1898,statcan_plato_may_1898,122,30,GP,Ontario.....,joined_weak,position,881760,19783,880535,19709,5915.95,1225.74,19.43,881760,,,,19793,5935.38,,-1
1898,statcan_plato_may_1898,122,31,GP,Quebec.....,joined_weak,position,182645,6948,182199,6923,2076.9,446.25,6.57,182645,,,,6948,2083.47,,-1
1898,statcan_plato_may_1898,122,33,GP,N. Brunswick...,joined_weak,position,43643,988,41545,912,273.6,2098.76,19.95,43643,,,,988,293.55,,-1
1898,statcan_plato_may_1898,122,34,GP,B. Columbia....,joined_weak,position,110101,4182,92760,4132,1239.6,17241.5,13.13,119001,,,,4182,1252.73,,-1
1898,statcan_plato_may_1898,123,22,GP,,right_only,,,,,77035,11095.4,,3073,268.9,,,,,3073,268.9,-2
1898,statcan_plato_may_1898,123,23,GP,United States. ....,joined_weak,position,107152,74614,110966,,,,2928,,,,,,2928,,1
1898,statcan_plato_may_1898,123,24,GP,,right_only,,,,,,,,,,,,,,110966,11095.4,-2
1898,statcan_plato_may_1898,123,31,GP,,right_only,,,,,,,,,,,,,,,15641.49,-1
1898,statcan_plato_may_1898,123,39,GP,,right_only,,,,,,,,,,,,,,,153521.9,-1
1898,statcan_plato_may_1898,124,3,GP,Ontario.....,joined_weak,position,28828,291722,27499,274516,68747.77,75,959,164.52,,,,27374,275475,68912.29,2
1898,statcan_plato_may_1898,124,15,GP,Germany.....,left_only,,,535,,,,,,,,,,,,,
1898,statcan_plato_may_1898,124,27,GP,,right_only,,,,,742,185.5,,,,,,,8,742,185.5,2
1898,statcan_plato_may_1898,124,37,GP,P. E. Island.....,joined_weak,position,8,566,8,92,23.0,,,,,,,8.92,23.0,,-1
1898,statcan_plato_may_1898,125,0,GP,"1 Iron and steel and manufactures of Ore crushers and rock crushers, stamp mills, Cornish and belted rolls, rock drills, air compressors, cranes, derricks, and percussion coal cutters ..... > Great Britain.....",left_only,,,63,,,,,,,,,,,,,
1898,statcan_plato_may_1898,125,10,GP,,right_only,,,,,555,138.75,,,,,,,2,555,138.75,2
1898,statcan_plato_may_1898,125,16,GP,,right_only,,,,,700,175.0,,,,,,,,700,175.0,2
1898,statcan_plato_may_1898,125,24,GP,,left_only,,61,56134,61,,,,,,,,,,,,
1898,statcan_plato_may_1898,125,25,GP,"5 "" Portable saw-mills and planing mills ..... > France.....",left_only,,,124,,,,,,,,,,,,,
1898,statcan_plato_may_1898,126,0,GP,,right_only,,,,,3503,875.75,,,,,,,32,3503,875.75,2
1898,statcan_plato_may_1898,126,1,GP,,right_only,,,,,34099,8524.75,,,,,,,101,34099,8524.75,2
1898,statcan_plato_may_1898,126,2,GP,1 Iron and steel and manufactures of— Threshers and separators..... > United States— Ontario..... Quebec..... N. Brunswick..... Manitoba..... B. Columbia..... P. E. Island..... N. W. Ter.....,joined_weak,position,,,,400,100.0,,,,,,,1,400,100.0,2
1898,statcan_plato_may_1898,126,4,GP,,right_only,,,,,144,36.0,,2702,591.11,,,,,2846,627.11,2
1898,statcan_plato_may_1898,126,5,GP,,right_only,,,,,4,1.0,,,,,,,,4,1.0,2
1898,statcan_plato_may_1898,126,6,GP,,right_only,,,,,51081,12770.85,,684,149.63,,,,,684,149.63,-2
1898,statcan_plato_may_1898,126,7,GP,,right_only,,,,,,,,,,,,,,51081,12770.85,-2
1898,statcan_plato_may_1898,126,8,GP,,right_only,,,,,24575,6143.75,,2949,645.13,,,,,27524,6788.88,2
1898,statcan_plato_may_1898,126,9,GP,,right_only,,,,,7756,1939.0,,437,95.61,,,,,8193,2034.61,2
1898,statcan_plato_may_1898,126,10,GP,,right_only,,,,,1556,389.4,,,,,,,,1556,389.4,2
1898,statcan_plato_may_1898,126,11,GP,,right_only,,,,,25,6.25,,,,,,,,25,6.25,2
1898,statcan_plato_may_1898,126,12,GP,,right_only,,,,,10783,2695.3,,,,,,,,10783,2695.3,2
1898,statcan_plato_may_1898,126,13,GP,,right_only,,,,,5810,1452.7,,,,,,,,5810,1452.7,2
1898,statcan_plato_may_1898,126,14,GP,,right_only,,,,,362,90.5,,,,,,,,362,90.5,2
1898,statcan_plato_may_1898,126,15,GP,,right_only,,,,,362,90.95,,,,,,,,362,90.95,2
1898,statcan_plato_may_1898,126,16,GP,,right_only,,,,,51229,12807.85,,3386,740.74,,,,,54615,13548.59,2
1898,statcan_plato_may_1898,126,17,GP,,right_only,,,,,14431,3607.75,,1,0.22,,,,,1,0.22,-2
1898,statcan_plato_may_1898,126,18,GP,,right_only,,,,,,,,,,,,,,14431,3607.75,-2
1898,statcan_plato_may_1898,126,27,GP,,right_only,,,,,29,8.7,186,3225,846.54,,,,188,3254,855.24,2
1898,statcan_plato_may_1898,126,28,GP,,right_only,,,,,117266,35176.25,,,,,,,5375,117266,35176.25,2
1898,statcan_plato_may_1898,126,29,GP,,right_only,,,,,29424,8823.12,83,1674,439.41,,,,1629,31098,9262.53,2
1898,statcan_plato_may_1898,126,30,GP,,right_only,,,,,65341,19602.3,103,1551,407.13,,,,2744,66892,20009.43,2
1898,statcan_plato_may_1898,126,31,GP,,right_only,,,,,6766,2028.68,,,,,,,379,6766,2028.68,2
1898,statcan_plato_may_1898,126,32,GP,,right_only,,,,,4186,1257.6,,,,,,,222,4186,1257.6,2
1898,statcan_plato_may_1898,126,33,GP,,right_only,,,,,4532,1359.45,,,,,,,234,4532,1359.45,2
1898,statcan_plato_may_1898,126,34,GP,,right_only,,,,,5297,1589.1,,,,,,,269,5297,1589.1,2
1898,statcan_plato_may_1898,126,35,GP,,right_only,,,,,468,140.4,,,,,,,30,468,140.4,2
1898,statcan_plato_may_1898,126,36,GP,,right_only,,,,,1281,384.3,,,,,,,65,1281,384.3,2
1898,statcan_plato_may_1898,127,0,GP,,right_only,,,,,297,74.25,,,,,,,4,297,74.25,2
1898,statcan_plato_may_1898,127,1,GP,,right_only,,,,,23,6.9,,,,,,,1.23,6.9,,-1
1898,statcan_plato_may_1898,127,2,GP,,right_only,,,,,16,4.0,,,,,,,1.16,4.0,,-1
1898,statcan_plato_may_1898,127,3,GP,1 Iron and steel and manufactures of— Slot machines..... > United States— Quebec..... Nova Scotia..... Manitoba..... B. Columbia.....,joined_weak,position,,,,1395,348.75,,,,,,,82,1395,348.75,2
1898,statcan_plato_may_1898,127,5,GP,,right_only,,,,,103,25.75,,,,,,,1,103,25.75,2
1898,statcan_plato_may_1898,127,6,GP,"2 „ Machines, typewriting..... > Great Britain..... United States.....",joined_weak,position,,,,63961,15990.82,,,,,,,1157,63961,15990.82,2
1898,statcan_plato_may_1898,127,18,GP,Germany.....,left_only,,,5858,,,,,,,,,,,,,
1898,statcan_plato_may_1898,127,32,GP,,right_only,,,,,3.75,182,699,154.12,403,,,,1727,411.12,4,-2
1898,statcan_plato_may_1898,127,38,GP,Nova Scotia.....,joined_weak,position,894,2655,890,2636,659.31,4.19,4.16,894,,,,2655,663.47,,-1
1898,statcan_plato_may_1898,128,10,GP,"2 > Nails and spikes, wrought and pressed, trunk, clout, coopers, cigar box, Hungarian, horse shoe and other nails, N.E.S..... > Germany.....",joined_weak,position,3653,231,,,,3260,139,36.5,,,,3260,139,36.5,2
1898,statcan_plato_may_1898,128,12,GP,"2 > Nails and spikes, wrought and pressed, trunk, clout, coopers, cigar box, Hungarian, horse shoe and other nails, N.E.S..... > Total..... > Ontario.....",joined_weak,position,38101,1484,35330,1302,391.8,2378,90,23.63,,,,37798,1302,415.43,0
1898,statcan_plato_may_1898,128,14,GP,"2 > Nails and spikes, wrought and pressed, trunk, clout, coopers, cigar box, Hungarian, horse shoe and other nails, N.E.S..... > Nova Scotia....",joined_weak,position,64662,2264,27437,1301,405.3,37225,891,200.83,,,,64062,2242,606.13,0
1898,statcan_plato_may_1898,130,2,GP,United States.....,joined_weak,position,7453,161743,7453,,,,,,,,,7828,151783,27918.98,-2
1898,statcan_plato_may_1898,130,5,GP,Nova Scotia.....,joined_weak,position,233,462,226,450,90.73,7.12,2.42,233,,,,462,93.15,,-1
1898,statcan_plato_may_1898,130,6,GP,"2 > „ Rolled iron or steel angles, tees, beams, channels, joists, girders, zees, stars or rolled shapes, or trough, bridge, building or struc- tural rolled sections, or shapes, not punched, drilled or further manufactured than rolled, N.E.S., and flat eye bar blanks not punched or drilled.....",joined_weak,position,,85,1970.19,432,154.8,66,1538,462.0,,,,85,1970,616.8,2
1898,statcan_plato_may_1898,130,8,GP,B. Columbia...,joined_weak,position,301,7436,285,7005,2288.52,1.44,11.4,286,,,,7079,2299.92,,-1
1898,statcan_plato_may_1898,130,9,GP,,joined_weak,position,,11,267.11,297,93.6,,,,,,,11,267,93.6,0
1898,statcan_plato_may_1898,130,11,GP,,joined_weak,position,,2905,4628.17,21,2.4,3260,5030,440.14,,,,3277,5054,442.54,0
1898,statcan_plato_may_1898,130,17,GP,Nova Scotia....,joined_weak,position,1423,1924,1416,1613,191.3,7.11,0.96,1423,,,,1924,192.26,,-1
1898,statcan_plato_may_1898,130,18,GP,N. Brunswick...,joined_weak,position,490,757,480,735,74.3,10.14,1.23,490,,,,757,75.53,,-1
1898,statcan_plato_may_1898,130,39,GP,,joined_weak,position,,32,48.32,48,2.4,,,,,,,32.48,2.4,,-1
1898,statcan_plato_may_1898,130,40,GP,B. Columbia....,joined_weak,position,7223,13104,7005,12643,632.15,21.45,1.97,7026,,,,12688,634.12,,-1
1898,statcan_plato_may_1898,130,41,GP,,joined_weak,position,,433.75,433,75,3.75,,,,,,,433.75,3.75,,-1
1898,statcan_plato_may_1898,131,0,GP,"1 > Iron and steel and manufactures of— Rolled iron or steel angles, tees, beams, channels, girders and other rolled shapes or sections, weighing less than 35 lbs. per lineal yard, not punched, drilled or further manufactured than rolled, N.O.P.",joined_weak,position,,4283,1935.92,146,32.2,4191,4789,1284.42,,,,4283,4985,1316.62,0
1898,statcan_plato_may_1898,131,2,GP,1,joined_weak,position,,85.94,,,,85,94,26.03,,,,85,94,26.03,2
1898,statcan_plato_may_1898,131,7,GP,1,joined_weak,position,,75,87.63,74,22.24,12,13,3.82,,,,75,87,26.06,2
1898,statcan_plato_may_1898,131,11,GP,1,joined_weak,position,80826,83920,72693,74923,25442.82,2132,2391,2491.7,,,,39826,42220,27031.56,-2
1898,statcan_plato_may_1898,131,12,GP,"2 > Rolled iron or steel plates or sheets, sheared or unsheared, and skelp iron or steel, sheared or rolled in grooves, N.E.S..... > Great Britain.....",joined_weak,position,10928,14681,148,220,50.15,12167,15894,3729.47,,,,12265,16132,3779.6,0
1898,statcan_plato_may_1898,131,21,GP,2,joined_weak,position,,17.48,,,,17,48,5.4,,,,17,48,5.4,2
1898,statcan_plato_may_1898,131,22,GP,2,joined_weak,position,,80,170.8,170,27.94,,,,,,,80,170,27.94,2
1898,statcan_plato_may_1898,131,32,GP,3,joined_weak,position,,51,83.51,83,8.3,,,,,,,51,83,8.3,2
1898,statcan_plato_may_1898,131,34,GP,"3 > 4 > Rolled iron or steel sheets, 30 to 47 gauges and thickness, N.O.P..... > Great Britain.....",joined_weak,position,81230,162117,340,1089,54.45,80981,161142,7049.72,,,,81391,162231,7104.17,2
1898,statcan_plato_may_1898,132,11,GP,,joined_weak,position,,240,796.37,111,33.3,203,685,179.82,,,,240,796,213.12,2
1898,statcan_plato_may_1898,132,13,GP,,joined_weak,position,,39,143.39,143,42.9,,,,,,,39,143,42.9,2
1898,statcan_plato_may_1898,132,25,GP,Quebec .....,joined_weak,position,4573,428,4023,402,140.7,50,3,0.92,,,,4078,405,141.62,2
1898,statcan_plato_may_1898,132,28,GP,,joined_weak,position,,79,24.79,24,8.4,,,,,,,79,24,8.4,2
1898,statcan_plato_may_1898,132,30,GP,,joined_weak,position,,17,7.17,7,2.45,,,,,,,17,7,2.45,2
1898,statcan_plato_may_1898,132,32,GP,,joined_weak,position,106910,10565,103061,16043,3515.9,2310,457,139.94,,,,105571,10502,3655.84,0
1898,statcan_plato_may_1898,133,0,GP,DUTIABLE GOODS— Con.,left_only,,,8,,,,,,,,,,,,,
1898,statcan_plato_may_1898,133,9,GP,,left_only,,,42615,,,,,,,,,,,,,
1898,statcan_plato_may_1898,133,11,GP,France.....,joined_weak,position,,48,25,42,14.7,33,69,21.13,,,,87,111,35.83,2
1898,statcan_plato_may_1898,133,12,GP,Germany.....,joined_weak,position,,124289,48108,,,48,25,7.66,,,,48,25,7.66,2
1898,statcan_plato_may_1898,133,15,GP,Total.....,left_only,,,32360,12232,,,,,,,,,,,,
1898,statcan_plato_may_1898,133,16,GP,,joined_weak,position,,106033,43906,3758,966.2,4176,1124,344.23,,,,8171,3882,1310.43,0
1898,statcan_plato_may_1898,133,17,GP,,joined_weak,position,,304,95,3074,2125.9,64787,27236,8341.03,,,,76658,33310,10466.93,0
1898,statcan_plato_may_1898,133,18,GP,,joined_weak,position,,50,64,36,33.25,,,,,,,304,95,33.25,0
1898,statcan_plato_may_1898,133,19,GP,,joined_weak,position,,348,314,64,21.5,,,,,,,50,64,21.5,2
1898,statcan_plato_may_1898,133,20,GP,,joined_weak,position,,152,134,277,96.75,2,37,11.33,,,,348,314,108.08,2
1898,statcan_plato_may_1898,133,22,GP,"3 Skelp iron or steel, sheared or rolled in grooves, imported by manufac- turers of wrought iron or steel pipe for use only in the manufac- ture of wrought iron or steel pipe in their own factories.....",left_only,,,139247,56746,,,,,,,,,,,,
1898,statcan_plato_may_1898,133,24,GP,Great Britain.....,left_only,,,7,19,,,,,,,,,,,,
1898,statcan_plato_may_1898,133,25,GP,United States.....,left_only,,,148947,138033,,,,,,,,,,,,
1898,statcan_plato_may_1898,133,27,GP,Total.....,joined_weak,position,,148947,138033,138033,6901.65,,,,,,,148947,138033,6901.65,2
1898,statcan_plato_may_1898,133,28,GP,,right_only,,,,,,,,,,,,,,7,0.95,-2
1898,statcan_plato_may_1898,133,29,GP,,joined_weak,position,,7,19,138033,6901.65,,,,,,,148947,138033,6901.65,2
1898,statcan_plato_may_1898,133,31,GP,,left_only,,,148954,138052,,,,,,,,,,,,
1898,statcan_plato_may_1898,133,34,GP,,right_only,,,,,43,10.75,,,,,,,,43,10.75,2
1898,statcan_plato_may_1898,134,0,GP,,left_only,,,8,,,,,,,,,,,,,
1898,statcan_plato_may_1898,134,27,GP,United States. ....,joined_weak,position,108706,3572,5489,204,10.2,168706,3572,156.28,,,,114195,3776,166.48,2
1898,statcan_plato_may_1898,134,28,GP,,joined_weak,position,3739178,118911,3739428,118937,5946.9,,,,,,,3730428,118937,5946.9,2
1898,statcan_plato_may_1898,135,0,GP,"1 Iron and steel and manufactures of— Tubes of rolled steel, seamless, not joined or welded, not more than 1½ inches in diameter..... > Great Britain.....",left_only,,33586,407,,,,,,,,,,,,,
1898,statcan_plato_may_1898,135,1,GP,"1 Iron and steel and manufactures of— Tubes of rolled steel, seamless, not joined or welded, not more than 1½ inches in diameter..... > United States.....",joined_weak,position,237635,14729,239635,14779,1477.9,33586,407,35.62,,,,,,,0
1898,statcan_plato_may_1898,135,7,GP,"1 Iron and steel and manufactures of— Tubes of rolled steel, seamless, not joined or welded, not more than 1½ inches in diameter..... > 2 "" Tubes, seamless steel, for bicycles.. > Great Britain.....",left_only,,56873,6982,,,,,,,,,,,,,
1898,statcan_plato_may_1898,135,8,GP,"1 Iron and steel and manufactures of— Tubes of rolled steel, seamless, not joined or welded, not more than 1½ inches in diameter..... > 2 "" Tubes, seamless steel, for bicycles.. > United States.....",joined_weak,position,713780,43933,713780,43933,4393.3,56873,6982,610.92,,,,,,,0
1898,statcan_plato_may_1898,135,12,GP,"3 "" Tubing, wrought iron or steel, plain or galvanized, threaded and coupled or not, over 2 inches in diameter, N.E.S..... > Great Britain.....",left_only,,16127,1170,,,,,,,,,,,,,
1898,statcan_plato_may_1898,135,13,GP,"3 "" Tubing, wrought iron or steel, plain or galvanized, threaded and coupled or not, over 2 inches in diameter, N.E.S..... > United States.....",joined_weak,position,4800596,128054,4734562,127509,19130.1,16127,1170,153.56,,,,,,,0
1898,statcan_plato_may_1898,135,15,GP,"3 "" Tubing, wrought iron or steel, plain or galvanized, threaded and coupled or not, over 2 inches in diameter, N.E.S..... > Quebec.....",joined_weak,position,1749964,30643,1688580,30794,4619.1,,,,,,,1688530,30794,4619.1,2
1898,statcan_plato_may_1898,135,24,GP,"4 "" Tubing, wrought iron or steel, plain or galvanized, threaded and coupled or not, 2 inches or less in diameter, N.E.S..... > United States.....",left_only,,9334867,213525,9398945,,,,,,,,,,,,
1898,statcan_plato_may_1898,137,28,GP,"4 Barbed wire; and galvanized wire for fencing, Nos. 9, 12, and 13 gauge. > Great Britain—",joined_weak,position,,48,,28625,4294.3,1300,48,6.3,,,,1300.48,6.3,,-1
1898,statcan_plato_may_1898,137,32,GP,Total..... > Nova Scotia.....,joined_weak,position,3408,286,2108,238,35.7,1300.48,6.3,3408,,,,286,42.0,,-1
1898,statcan_plato_may_1898,137,38,GP,,joined_weak,position,1965412,31000,1812071,28625,4294.3,1300.48,6.3,1814371,,,,28673,4300.6,,-1
1898,statcan_plato_may_1898,138,5,GP,,joined_weak,position,,4273.95,4273,95,14.25,,,,,,,4273.95,14.25,,-1
1898,statcan_plato_may_1898,138,17,GP,Manitoba.....,joined_weak,position,7852,1148,7730,1093,328.0,122.55,14.43,7852,,,,1148,342.43,,-1
1898,statcan_plato_may_1898,138,20,GP,,joined_weak,position,,55,18.55,18,5.4,,,,,,,55.18,5.4,,-1
1898,statcan_plato_may_1898,138,28,GP,Quebec.....,joined_weak,position,1768375,31809,442830,10168,2033.6,1325595,24259,4245.34,,,,1766425,34427,6278.94,2
1898,statcan_plato_may_1898,138,33,GP,,joined_weak,position,,4009.77,4009,77,15.4,,,,,,,4009.77,15.4,,-1
1898,statcan_plato_may_1898,138,35,GP,,joined_weak,position,6058509,127735,4690712,101360,20272.0,1365947,25993,4547.98,,,,6056559,127353,24819.98,2
1898,statcan_plato_may_1898,138,37,GP,,joined_weak,position,,940.96,,,,940,96,21.0,,,,540.96,21.0,,-1
1898,statcan_plato_may_1898,138,38,GP,,joined_weak,position,,309.1,309,10,2.5,,,,,,,300.1,2.5,,-1
1898,statcan_plato_may_1898,139,1,GP,Quebec.....,joined_weak,position,115161,7789,21632,1997,499.25,35877,5961,1304.05,,,,117509,7958,1803.3,2
1898,statcan_plato_may_1898,139,9,GP,,joined_weak,position,,400.3,,66883,31536.34,400,30,6.0,,,,400.3,6.6,,-1
1898,statcan_plato_may_1898,139,12,GP,Quebec.....,joined_weak,position,296731,8447,255936,7675,3838.27,613.34,11.47,256549,,,,7799,3849.74,,-1
1898,statcan_plato_may_1898,139,16,GP,B. Columbia....,joined_weak,position,274065,9571,266970,9350,4339.79,1039.5,18.7,268009,,,,9400,4358.49,,-1
1898,statcan_plato_may_1898,139,27,GP,Nova Scotia....,joined_weak,position,5947,1554,5906,1540,293.06,41.14,1.79,5947,,,,1554,294.85,,-1
1898,statcan_plato_may_1898,141,32,GP,,joined_weak,position,,60,582.17,240,36.0,43,342,44.9,,,,60,582,80.9,2
1898,statcan_plato_may_1898,142,0,GP,,right_only,,,,,71238,7123.8,617,698,61.07,,,,617,698,61.07,-2
1898,statcan_plato_may_1898,142,1,GP,,right_only,,,,,,,,,,,,,75051,71238,7123.8,-2
1898,statcan_plato_may_1898,142,2,GP,,right_only,,,,,22560,2256.0,,,,,,,26034,22560,2256.0,2
1898,statcan_plato_may_1898,142,3,GP,,right_only,,,,,47525,4752.5,617,698,61.07,,,,48688,48223,4813.57,2
1898,statcan_plato_may_1898,142,4,GP,,right_only,,,,,510,51.0,,,,,,,478,510,51.0,2
1898,statcan_plato_may_1898,142,5,GP,,right_only,,,,,38,3.8,,,,,,,35,38,3.8,2
1898,statcan_plato_may_1898,142,6,GP,"1 > Iron and steel and manufactures of— Steel plate, Universal mill or rolled edge bridge plates imported by manufacturers of bridges..... > Great Britain..... United States.....",joined_weak,position,,,,380,38.0,,,,,,,277,380,38.0,2
1898,statcan_plato_may_1898,142,7,GP,Total ..... > Ontario..... Quebec..... Nova Scotia..... N. Brunswick..... Manitoba..... B. Columbia.....,joined_weak,position,,,,225,22.5,,,,,,,156,225,22.5,2
1898,statcan_plato_may_1898,142,9,GP,,right_only,,,,,3701,185.3,28978,107228,4691.35,,,,29951,110929,4876.65,2
1898,statcan_plato_may_1898,142,10,GP,,right_only,,,,,71,3.55,11,116,5.65,,,,14,187,8.6,0
1898,statcan_plato_may_1898,142,11,GP,,right_only,,,,,138916,6960.7,,,,,,,43814,138916,6960.7,2
1898,statcan_plato_may_1898,142,12,GP,,right_only,,,,,68841,3446.3,10517,40266,1761.7,,,,36174,109107,5208.0,2
1898,statcan_plato_may_1898,142,13,GP,,right_only,,,,,34156,1707.8,5474,30881,1351.01,,,,13654,65637,3058.81,0
1898,statcan_plato_may_1898,142,14,GP,,right_only,,,,,5358,278.55,407,2953,129.23,,,,3903,8311,407.78,2
1898,statcan_plato_may_1898,142,15,GP,,right_only,,,,,7317,365.85,144,810,35.45,,,,1929,8127,401.3,2
1898,statcan_plato_may_1898,142,16,GP,,right_only,,,,,7750,387.5,2655,21695,949.17,,,,4532,29445,1336.67,2
1898,statcan_plato_may_1898,142,17,GP,,right_only,,,,,18798,940.15,9792,10739,469.84,,,,14068,29537,1409.99,2
1898,statcan_plato_may_1898,142,18,GP,"2 > Steel in bars, bands, hoops, scroll or trips, sheets or plates, of any size, thickness or width when of greater value than 2½c. per lb., N.O.P. ... > Great Britain..... Germany..... United States.....",joined_weak,position,,,,87,4.35,,,,,,,15,87,4.35,2
1898,statcan_plato_may_1898,142,19,GP,Total ..... > Ontario..... Quebec..... Nova Scotia..... N. Brunswick..... Manitoba..... B. Columbia..... P. E. Island..... N. W. Ter.....,joined_weak,position,,,,381,19.05,,,,,,,104,381,19.05,2
1898,statcan_plato_may_1898,142,21,GP,,right_only,,,,,416,41.6,,3011,263.5,,,,,3427,305.19,0
1898,statcan_plato_may_1898,142,22,GP,,right_only,,,,,16,1.6,,,,,,,,16,1.6,2
1898,statcan_plato_may_1898,142,23,GP,,right_only,,,,,124,12.4,,75,6.5,,,,,199,18.96,0
1898,statcan_plato_may_1898,142,24,GP,,right_only,,,,,734,73.4,,964,84.35,,,,,1698,157.75,2
1898,statcan_plato_may_1898,142,25,GP,,right_only,,,,,2,20,,,,,,,,2,0.2,0
1898,statcan_plato_may_1898,142,26,GP,,right_only,,,,,16053,1605.35,,,,,,,,16053,1605.35,2
1898,statcan_plato_may_1898,142,27,GP,,right_only,,,,,10208,1020.8,,1608,140.75,,,,,11816,1161.55,2
1898,statcan_plato_may_1898,142,28,GP,,right_only,,,,,5784,578.4,,2152,188.33,,,,,7936,766.73,2
1898,statcan_plato_may_1898,142,29,GP,,right_only,,,,,326,32.65,,102,8.96,,,,,428,41.61,2
1898,statcan_plato_may_1898,142,30,GP,,right_only,,,,,449,44.9,,,,,,,,449,44.9,2
1898,statcan_plato_may_1898,142,31,GP,,right_only,,,,,224,22.4,,38,3.33,,,,,262,25.73,2
1898,statcan_plato_may_1898,142,32,GP,,right_only,,,,,157,15.7,,150,13.13,,,,,307,28.83,2
1898,statcan_plato_may_1898,142,33,GP,,right_only,,,,,23,2.3,,,,,,,,23,2.3,2
1898,statcan_plato_may_1898,142,34,GP,,right_only,,,,,174,17.4,,,,,,,,174,17.4,2
1898,statcan_plato_may_1898,142,35,GP,,right_only,,,,,17345,1734.55,,4050,354.5,,,,,21395,2089.05,2
1898,statcan_plato_may_1898,142,36,GP,,right_only,,,,,268,80.4,,452,118.65,,,,,720,199.05,2
1898,statcan_plato_may_1898,142,37,GP,,right_only,,,,,18,5.4,,,,,,,,18,5.4,2
1898,statcan_plato_may_1898,143,17,GP,,joined_weak,position,,35,231.35,231,60.85,,,,,,,35,231,60.85,2
1898,statcan_plato_may_1898,144,36,GP,Newfoundland.....,left_only,,,57,,,,,,,,,,,,,
1898,statcan_plato_may_1898,144,47,GP,St. Pierre.....,left_only,,,5,,,,,,,,,,,,,
1898,statcan_plato_may_1898,145,8,GP,,left_only,,,775672,,,,,,,,,,,,,
1898,statcan_plato_may_1898,145,15,GP,,left_only,,,56,,,,,,,,,,,,,
1898,statcan_plato_may_1898,145,23,GP,Germany.....,left_only,,3396,434,,,,,,,,,,,,,
1898,statcan_plato_may_1898,147,5,GP,1 Lead and manufactures of— Pipe..... > Nova Scotia.....,joined_weak,position,2107,66,707,53,18.55,400,13,3.99,,,,2107.66,22.54,,-1
1898,statcan_plato_may_1898,147,8,GP,1 Lead and manufactures of— Pipe..... > P. E. Island....,joined_weak,position,966,61,966,61,21.35,,,,,,,956.61,21.35,,-1
1898,statcan_plato_may_1898,147,11,GP,"2 "" Shot and bullets..... > Great Britain.....",joined_weak,position,27354,833,,,,40854,1302,398.72,,,,40854,1302,398.72,2
1898,statcan_plato_may_1898,147,15,GP,"2 "" Shot and bullets..... > Manitoba.....",joined_weak,position,3424,130,512,47,16.45,2912.83,25.42,3424,,,,130,41.87,,-1
1898,statcan_plato_may_1898,147,37,GP,"4 Leather and manufactures of— Sole leather, all kinds..... > Great Britain.....",joined_weak,position,19894,5666,5678,1044,156.6,12991,3925,515.18,,,,18069,4969,671.78,2
1898,statcan_plato_may_1898,148,5,GP,1 > B. Columbia....,joined_weak,position,108957,21445,108757,21400,3210.0,200.45,5.91,108957,,,,21445,3215.91,,-1
1898,statcan_plato_may_1898,148,6,GP,1,joined_weak,position,,107.39,,117,17.55,107,39,5.12,,,,107.39,5.12,,-1
1898,statcan_plato_may_1898,148,15,GP,2,joined_weak,position,,343.82,343,82,12.3,,,,,,,343.82,12.3,,-1
1898,statcan_plato_may_1898,148,18,GP,2 > 3,joined_weak,position,,212.53,212,53,7.95,,,,,,,212.53,7.95,,-1
1898,statcan_plato_may_1898,148,29,GP,4,joined_weak,position,,74,118.74,118,17.7,,,,,,,74,118,17.7,2
1898,statcan_plato_may_1898,148,31,GP,4,joined_weak,position,,27,37.27,37,5.55,,,,,,,27.37,5.55,,-1
1898,statcan_plato_may_1898,148,39,GP,5 > Nova Scotia.....,joined_weak,position,2561,1163,2491,1129,197.6,70.34,5.22,2561,,,,1163,202.82,,-1
1898,statcan_plato_may_1898,148,41,GP,5,joined_weak,position,,20,29.2,29,5.08,,,,,,,20.29,5.08,,-1
1898,statcan_plato_may_1898,148,43,GP,N. W. Ter.....,joined_weak,position,50,53,42,47,8.22,8,6,0.92,,,,50.53,9.14,,-1
1898,statcan_plato_may_1898,149,0,GP,"1 > Leather and manufactures of— Glove leathers, tanned or dressed, coloured or uncoloured, imported by glove manufacturers for use in their own factories in the manufacture of gloves.....",joined_weak,position,,271,602.3,100,10.0,241,502,43.96,,,,271,602,53.96,2
1898,statcan_plato_may_1898,149,6,GP,,joined_weak,position,,16.23,,,,16,23,2.01,,,,16.23,2.01,,-1
1898,statcan_plato_may_1898,149,14,GP,,joined_weak,position,,112.74,,,,112.74,11.33,,,,,74,11.33,,1
1898,statcan_plato_may_1898,149,17,GP,3 > „ Tanners' scrap leather.....,joined_weak,position,,21,7.21,7,1.05,,,,,,,21,7,1.05,2
1898,statcan_plato_may_1898,149,22,GP,,joined_weak,position,,145,306.75,179,31.32,279,342,52.21,,,,354,521,83.53,2
1898,statcan_plato_may_1898,149,27,GP,N. Brunswick..,joined_weak,position,747,503,659,415,72.62,88.88,13.51,747,,,,503,86.13,,-1
1898,statcan_plato_may_1898,149,28,GP,,joined_weak,position,,78,264.59,159,27.83,19,105,16.09,,,,78,264,43.92,2
1898,statcan_plato_may_1898,149,30,GP,P. E. Island....,joined_weak,position,226,146,132,103,18.03,94.43,6.6,226,,,,146,24.63,,-1
1898,statcan_plato_may_1898,150,7,GP,"2 Skins for Morocco leather, tanned, but not further manufactured.... > United States.....",joined_weak,position,94,64,94,64,9.6,,,,,,,94.64,9.6,,-1
1898,statcan_plato_may_1898,150,9,GP,"2 Skins for Morocco leather, tanned, but not further manufactured.... > Quebec.....",joined_weak,position,94,64,94,64,9.6,,,,,,,94.64,9.6,,-1
1898,statcan_plato_may_1898,150,24,GP,"4 "" "" Assorted, waxed or ginned, Ac. N.E.B. > Ontario.....",joined_weak,position,30080,5861,30070,5848,1023.4,10.13,5.67,30080,,,,5861,1029.07,,-1
1898,statcan_plato_may_1898,152,17,GP,,joined_weak,position,12850,9002,12808,8841,1768.2,42,161,28.18,,,,12808,8841,1768.2,-2
1898,statcan_plato_may_1898,152,18,GP,"3 Lime juice, and fruit juices, fortified with or containing not more than twenty-five per cent of proof spirits... > Great Britain.....",joined_weak,position,,203,,382,125.5,9,7,4.73,,,,213,282,125.5,-2
1898,statcan_plato_may_1898,152,23,GP,"3 Lime juice, and fruit juices, fortified with or containing not more than twenty-five per cent of proof spirits... > Manitoba.....",joined_weak,position,59,55,50,55,30.0,,,,,,,50.55,30.0,,-1
1898,statcan_plato_may_1898,152,26,GP,"4 Lime juice, and fruit juices, containing more than twenty-five per cent of proof spirits..... > Quebec.....",joined_weak,position,10,50,10,20,21.0,,,,,,,10.5,21.0,4,-2
1898,statcan_plato_may_1898,152,29,GP,"4 Lime juice, and fruit juices, containing more than twenty-five per cent of proof spirits.....",joined_weak,position,12,76,12,76,26.68,,,,,,,12.76,26.68,,-1
1898,statcan_plato_may_1898,152,33,GP,"5 Lime juice and other fruit syrups and fruit juices, N.O.P..... > Italy.....",left_only,,24,19,,,,,,,,,,,,,
1898,statcan_plato_may_1898,153,0,GP,Total..... > Ontario.....,joined_weak,position,1984,2620,1237,1412,282.4,787,1224,245.72,,,,1064,2288,438.12,-2
1898,statcan_plato_may_1898,153,1,GP,Quebec.....,joined_weak,position,5648,6499,1963,2435,487.0,3595,3751,656.42,,,,5468,6186,1143.42,2
1898,statcan_plato_may_1898,154,10,GP,United States.....,left_only,,71941,52007,71941,,,,,,,,,,,,
1898,statcan_plato_may_1898,155,8,GP,"2 „ Rough, not hammered or chiselled.. > Mexico.....",left_only,,,16,,,,,,,,,,,,,
1898,statcan_plato_may_1898,157,2,GP,"1 Metal, N. E. S., and manufactures of— Bird, parrot, squirrel and rat cages, of wire, and metal parts thereof. > United States.....",left_only,,,3353,,,,,,,,,,,,,
1898,statcan_plato_may_1898,158,0,GP,,right_only,,,,,1056,105.6,,,,,,,,1056,105.6,2
1898,statcan_plato_may_1898,158,1,GP,,right_only,,,,,407,40.7,,,,,,,,407,40.7,2
1898,statcan_plato_may_1898,158,4,GP,,right_only,,,,,104,20.8,,254,44.45,,,,,358,65.25,2
1898,statcan_plato_may_1898,158,5,GP,,right_only,,,,,5008,1001.6,,,,,,,,5008,1001.6,2
1898,statcan_plato_may_1898,158,9,GP,,right_only,,,,,1734,520.2,,837,219.72,,,,,837,219.72,-2
1898,statcan_plato_may_1898,158,10,GP,,right_only,,,,,,,,,,,,,,1734,520.2,-2
1898,statcan_plato_may_1898,158,11,GP,,right_only,,,,,120,36.0,,,,,,,,120,36.0,2
1898,statcan_plato_may_1898,158,12,GP,,right_only,,,,,1206,361.8,,837,219.72,,,,,2043,581.52,2
1898,statcan_plato_may_1898,158,13,GP,,right_only,,,,,382,114.6,,,,,,,,382,114.6,2
1898,statcan_plato_may_1898,158,17,GP,,right_only,,,,,,,,614,53.72,,,,,614,53.72,2
1898,statcan_plato_may_1898,158,18,GP,,right_only,,,,,,,,3811,333.46,,,,,3811,333.46,2
1898,statcan_plato_may_1898,158,19,GP,,right_only,,,,,4194,419.4,,,,,,,,4194,419.4,2
1898,statcan_plato_may_1898,158,20,GP,,right_only,,,,,2125,212.5,,,,,,,,2125,212.5,2
1898,statcan_plato_may_1898,158,21,GP,,right_only,,,,,1882,188.2,,4425,387.18,,,,,6307,575.38,2
1898,statcan_plato_may_1898,158,22,GP,,right_only,,,,,83,8.3,,,,,,,,83,8.3,2
1898,statcan_plato_may_1898,158,23,GP,,right_only,,,,,32,3.2,,,,,,,,32,3.2,2
1898,statcan_plato_may_1898,158,24,GP,,right_only,,,,,15,1.5,,,,,,,,15,1.5,2
1898,statcan_plato_may_1898,158,28,GP,,right_only,,,,,925,277.5,,,,,,,,925,277.5,2
1898,statcan_plato_may_1898,158,29,GP,,right_only,,,,,5,1.5,,,,,,,,5,1.5,2
1898,statcan_plato_may_1898,158,30,GP,,right_only,,,,,10,3.0,,,,,,,,10,3.0,2
1898,statcan_plato_may_1898,158,33,GP,,right_only,,,,,494,148.2,,1814,475.96,,,,,2308,624.16,2
1898,statcan_plato_may_1898,158,34,GP,,right_only,,,,,10,3.0,,,,,,,,10,3.0,2
1898,statcan_plato_may_1898,158,35,GP,,right_only,,,,,89,26.7,,140,36.76,,,,,229,63.46,2
1898,statcan_plato_may_1898,158,36,GP,,right_only,,,,,679,203.7,,342,89.78,,,,,1021,293.48,2
1898,statcan_plato_may_1898,159,1,GP,Total > Ontario,left_only,,40277,,,,,,,,,,,,,,
1898,statcan_plato_may_1898,159,2,GP,Quebec,joined_weak,position,24797,,,20512,7053.96,,1241,325.78,,,,,24759,7379.38,-2
1898,statcan_plato_may_1898,159,3,GP,Nova Scotia,joined_weak,position,4456,,,4411,1323.15,,45,11.82,,,,,4456,1334.97,2
1898,statcan_plato_may_1898,159,4,GP,N. Brunswick,joined_weak,position,3038,,,2709,812.7,,329,86.36,,,,,3038,899.06,2
1898,statcan_plato_may_1898,159,5,GP,Manitoba,joined_weak,position,2194,,,2471,651.3,,23,6.04,,,,,2494,657.34,2
1898,statcan_plato_may_1898,159,6,GP,P. Columbia,joined_weak,position,5300,,,5300,1530.0,,,,,,,,5300,1530.0,2
1898,statcan_plato_may_1898,159,7,GP,P. E. Island,joined_weak,position,748,,,748,224.4,,,,,,,,748,224.4,2
1898,statcan_plato_may_1898,159,8,GP,N. W. Ter.,joined_weak,position,97,,,97,29.1,,,,,,,,97,29.1,2
1898,statcan_plato_may_1898,161,28,GP,"3 "" Stereotypes, electrotypes and cellu- loids for almanacs, calendars, il- lustrated pamphlets, newspaper advertisements or engravings, and all other like work for commercial, trade or other purposes, N.E.S.; and matrices or copper shells for the same..... > United States.....",joined_weak,position,429110,10532,429175,10538,6436.77,,,,,,,429176,10538,6436.77,2
1898,statcan_plato_may_1898,162,2,GP,"1 Metal, N.E.S., and manufactures of— Matrices or copper shells for the same.....",joined_weak,position,1397,87,1397,87,20.96,,,,,,,1397.87,20.96,,-1
1898,statcan_plato_may_1898,162,14,GP,"3 "" Type metal..... > Great Britain.....",left_only,,,67,,,,,,,,,,,,,
1898,statcan_plato_may_1898,162,32,GP,,right_only,,,,,1322,264.4,,,,,,,,1322,264.4,2
1898,statcan_plato_may_1898,162,35,GP,"5 "" Wire of all kinds, except iron or steel, N.O.P..... > Nova Scotia.....",left_only,,,4,,,,,,,,,,,,,
1898,statcan_plato_may_1898,162,37,GP,"5 "" Wire of all kinds, except iron or steel, N.O.P..... > Manitoba.....",joined_weak,position,55,98,55,98,19.6,,,,,,,55.98,19.6,,-1
1898,statcan_plato_may_1898,164,0,GP,,right_only,,,,,620,124.0,1614,282.38,,,,,2234,406.38,1,-2
1898,statcan_plato_may_1898,164,1,GP,DUTIABLE GOODS— Con.,joined_weak,position,,8,,224,44.8,,,,,,,224,44.8,,-1
1898,statcan_plato_may_1898,164,2,GP,"Mineral and bituminous substances, not otherwise provided for... > Great Britain.....",joined_weak,position,,2234,,151,30.2,341,59.67,,,,,492,89.87,,-1
1898,statcan_plato_may_1898,164,3,GP,B. W. Indies.....,joined_weak,position,,224,,7,1.4,4,0.7,,,,,11,2.1,,-1
1898,statcan_plato_may_1898,164,4,GP,Belgium.....,joined_weak,position,,492,,515,103.0,1304,228.2,,,,,1819,331.2,,-1
1898,statcan_plato_may_1898,164,5,GP,France.....,joined_weak,position,,11,,18152,3630.4,,,,,,,18152,3630.4,,-1
1898,statcan_plato_may_1898,164,6,GP,Germany.....,joined_weak,position,,1819,,6785,1357.0,,,,,,,6785,1357.0,,-1
1898,statcan_plato_may_1898,164,7,GP,United States.....,joined_weak,position,,17614,,11433,2286.6,2002,350.39,,,,,13435,2636.99,,-1
1898,statcan_plato_may_1898,164,8,GP,Ontario.....,joined_weak,position,,6785,,506,101.2,354,61.96,,,,,860,163.16,,-1
1898,statcan_plato_may_1898,164,9,GP,Quebec.....,joined_weak,position,,12897,,71,14.2,907,158.6,,,,,978,172.8,,-1
1898,statcan_plato_may_1898,164,10,GP,Nova Scotia.....,joined_weak,position,,860,,190,38.0,,,,,,,190,38.0,,-1
1898,statcan_plato_may_1898,164,11,GP,N. Brunswick.....,joined_weak,position,,978,,561,112.2,,,,,,,561,112.2,,-1
1898,statcan_plato_may_1898,164,12,GP,Manitoba.....,joined_weak,position,,190,,123,24.6,,,,,,,123,24.6,,-1
1898,statcan_plato_may_1898,164,13,GP,B. Columbia.....,joined_weak,position,,561,,19669,3933.8,3263,570.95,,,,,22932,4504.75,,-1
1898,statcan_plato_may_1898,164,14,GP,N. W. Ter.....,joined_weak,position,,123,,,,5,0.45,,,,,5,0.45,2,0
1898,statcan_plato_may_1898,164,15,GP,,joined_weak,position,,23394,,,,471,41.21,,,,,471,41.21,,1
1898,statcan_plato_may_1898,164,16,GP,"2 „ Plumbago, not ground or otherwise manufactured..... > Great Britain.....",joined_weak,position,,5,,,,708,61.95,,,,,708,61.95,,1
1898,statcan_plato_may_1898,164,17,GP,B. E. Indies.....,joined_weak,position,,471,,678,67.8,,,,,,,678,67.8,,-1
1898,statcan_plato_may_1898,164,18,GP,Germany.....,joined_weak,position,,708,,,,471,41.21,,,,,471,41.21,,1
1898,statcan_plato_may_1898,164,19,GP,United States.....,joined_weak,position,,678,,298,29.8,713,62.4,,,,,1011,92.2,,-1
1898,statcan_plato_may_1898,164,20,GP,Ontario.....,joined_weak,position,,471,,356,35.6,,,,,,,356,35.6,,-1
1898,statcan_plato_may_1898,164,21,GP,Quebec.....,joined_weak,position,,1011,,24,2.4,,,,,,,24,2.4,,-1
1898,statcan_plato_may_1898,164,22,GP,Nova Scotia.....,joined_weak,position,,356,,678,67.8,1184,103.61,,,,,1862,171.41,,-1
1898,statcan_plato_may_1898,164,23,GP,,right_only,,,,,46,11.5,2290,500.99,,,,,2336,512.49,3,-2
1898,statcan_plato_may_1898,164,24,GP,B. Columbia.....,joined_weak,position,,24,,17784,4446.0,,,,,,,17784,4446.0,,-1
1898,statcan_plato_may_1898,164,25,GP,,joined_weak,position,,1862,,10689,2672.25,630,137.82,,,,,11319,2810.07,,-1
1898,statcan_plato_may_1898,164,26,GP,"3 „ Plumbago, ground and manufactures of, N.E.S..... > Great Britain.....",joined_weak,position,,2346,,2728,682.0,629,137.6,,,,,3357,819.6,,-1
1898,statcan_plato_may_1898,164,27,GP,United States.....,joined_weak,position,,17932,,2242,560.5,917,200.62,,,,,3159,761.12,,-1
1898,statcan_plato_may_1898,164,28,GP,Ontario.....,joined_weak,position,,11319,,1242,310.5,38,8.31,,,,,1280,318.81,,-1
1898,statcan_plato_may_1898,164,29,GP,Quebec.....,joined_weak,position,,3357,,104,26.0,18,3.94,,,,,122,29.94,,-1
1898,statcan_plato_may_1898,164,30,GP,Nova Scotia.....,joined_weak,position,,3169,,819,204.75,58,12.7,,,,,877,217.45,,-1
1898,statcan_plato_may_1898,164,31,GP,N. Brunswick.....,joined_weak,position,,1280,,6,1.5,,,,,,,6,1.5,,-1
1898,statcan_plato_may_1898,164,32,GP,Manitoba.....,joined_weak,position,,123,,17830,4457.5,2290,500.99,,,,,20120,4958.49,,-1
1898,statcan_plato_may_1898,164,33,GP,,right_only,,,,,2730,546.0,11582,2028.41,,,,,14312,2574.41,4,-2
1898,statcan_plato_may_1898,164,34,GP,B. Columbia.....,joined_weak,position,,1025,,1,0.2,2377,415.97,,,,,2378,416.17,,-1
1898,statcan_plato_may_1898,164,35,GP,P. E. Island.....,joined_weak,position,,6,,6,1.2,,,,,,,6,1.2,,-1
1898,statcan_plato_may_1898,164,36,GP,,joined_weak,position,,20278,,10,2.0,,,,,,,10,2.0,,-1
1898,statcan_plato_may_1898,164,37,GP,"4 Mineral and aerated waters, N.E.S..... > Great Britain.....",joined_weak,position,,16591,,1428,285.6,8518,1490.65,,,,,9946,1776.25,,-1
1898,statcan_plato_may_1898,164,38,GP,Austria.....,joined_weak,position,,4215,,919,183.8,15413,2637.29,,,,,16332,2881.09,,-1
1898,statcan_plato_may_1898,164,40,GP,China.....,left_only,,,10,,,,,,,,,,,,,
1898,statcan_plato_may_1898,164,41,GP,France.....,left_only,,,12234,,,,,,,,,,,,,
1898,statcan_plato_may_1898,164,42,GP,Germany.....,left_only,,,15161,,,,,,,,,,,,,
1898,statcan_plato_may_1898,164,43,GP,Japan.....,left_only,,,50,,,,,,,,,,,,,
1898,statcan_plato_may_1898,164,44,GP,Spain.....,joined_weak,position,,724,,5,1.0,241,42.17,,,,,246,43.17,,-1
1898,statcan_plato_may_1898,164,45,GP,United States.....,joined_weak,position,,3390,,8864,1772.7,,,,,,,8864,1772.7,,-1
1898,statcan_plato_may_1898,166,1,GP,1 > Musical instruments— Cabinet organs. > Newfoundland.....,left_only,,1,100,1,,,,,,,,,,,,
1898,statcan_plato_may_1898,166,2,GP,1 > Musical instruments— Cabinet organs.,joined_weak,position,,1.54,1,54,16.2,,,,,,,1.54,16.2,,-1
1898,statcan_plato_may_1898,166,4,GP,1,joined_weak,position,,42,2980.42,2980,894.0,,,,,,,12,2980,894.0,2
1898,statcan_plato_may_1898,166,5,GP,1,joined_weak,position,,27,2474.27,2474,742.2,,,,,,,27,2474,742.2,2
1898,statcan_plato_may_1898,166,6,GP,1,joined_weak,position,,27,1090.26,990,297.0,,,,,,,26,990,297.0,2
1898,statcan_plato_may_1898,166,8,GP,1,joined_weak,position,,11,461.11,461,138.26,,,,,,,11,461,138.26,2
1898,statcan_plato_may_1898,166,26,GP,4,joined_weak,position,,26,4304.26,4304,1291.2,,,,,,,26,4304,1291.2,2
1898,statcan_plato_may_1898,166,27,GP,4,joined_weak,position,,42,6230.32,4194,1258.2,3,544,142.81,,,,35,4738,1401.01,2
1898,statcan_plato_may_1898,167,22,GP,France.....,joined_weak,position,26,7,,,,20,5,1.1,,,,20,5,1.1,2
1898,statcan_plato_may_1898,167,41,GP,B. Columbia.....,joined_weak,position,567,370,567,359,125.05,,,,,,,557,359,125.05,2
1898,statcan_plato_may_1898,168,3,GP,,right_only,,,,,,,3377,759,147.74,,,,,,,0
1898,statcan_plato_may_1898,168,5,GP,Total ..... > Ontario..... Quebec..... Manitoba.....,joined_weak,position,,,,15224,7190.55,3377,759,147.74,,,,147188,15983,7338.29,2
1898,statcan_plato_may_1898,168,7,GP,,right_only,,,,,58,13.3,,,,,,,533.58,13.3,,-1
1898,statcan_plato_may_1898,169,1,GP,1 > United States. ....,left_only,,24648,5958,24648,,,,,,,,,,,,
1898,statcan_plato_may_1898,169,2,GP,1 > Total ..... > Ontario .....,left_only,,18232,1878,18232,,,,,,,,,,,,
1898,statcan_plato_may_1898,169,3,GP,1 > Quebec .....,left_only,,5507,3652,5507,,,,,,,,,,,,
1898,statcan_plato_may_1898,169,4,GP,1 > Nova Scotia .....,left_only,,207,111,207,,,,,,,,,,,,
1898,statcan_plato_may_1898,169,5,GP,1 > N. Brunswick...,left_only,,226,131,226,,,,,,,,,,,,
1898,statcan_plato_may_1898,169,6,GP,1 > Manitoba .....,left_only,,394,138,394,,,,,,,,,,,,
1898,statcan_plato_may_1898,169,7,GP,1 > B. Columbia ....,joined_weak,position,212,130,212,,,,,,,,,,,,0
1898,statcan_plato_may_1898,169,9,GP,"2 > "" Other animal oil, N.E.S. .... > Great Britain. ....",left_only,,11187,3485,1937,,,,,,,,,,,,
1898,statcan_plato_may_1898,169,10,GP,2 > United States. ....,left_only,,862,296,862,,,,,,,,,,,,
1898,statcan_plato_may_1898,169,12,GP,2 > Quebec .....,left_only,,11041,3484,2021,,,,,,,,,,,,
1898,statcan_plato_may_1898,169,13,GP,2 > Nova Scotia .....,left_only,,402,175,402,,,,,,,,,,,,
1898,statcan_plato_may_1898,169,16,GP,"2 > 3 > "" Vegetable— Castor. .... > Great Britain. ....",left_only,,46063,25970,8488,,,,,,,,,,,,
1898,statcan_plato_may_1898,169,17,GP,3 > Belgium. ....,left_only,,1066,170,,,,,,,,,,,,,
1898,statcan_plato_may_1898,169,18,GP,3 > France. ....,left_only,,25273,13883,2425,,,,,,,,,,,,
1898,statcan_plato_may_1898,169,19,GP,3 > Germany .....,left_only,,835,671,,,,,,,,,,,,,
1898,statcan_plato_may_1898,169,20,GP,3 > Italy .....,left_only,,485,387,865,,,,,,,,,,,,
1898,statcan_plato_may_1898,169,21,GP,3 > United States. ....,left_only,,5121,2331,5121,,,,,,,,,,,,
1898,statcan_plato_may_1898,169,22,GP,Total ..... > 3 > Ontario. ....,left_only,,4705,2523,1972,,,,,,,,,,,,
1898,statcan_plato_may_1898,169,23,GP,3 > Quebec .....,left_only,,63873,37144,12952,,,,,,,,,,,,
1898,statcan_plato_may_1898,169,24,GP,3 > Nova Scotia .....,left_only,,641,500,160,,,,,,,,,,,,
1898,statcan_plato_may_1898,169,25,GP,N. Brunswick...,joined_weak,position,4128,2050,504,,,,,,,,,,,,0
1898,statcan_plato_may_1898,169,26,GP,Manitoba .....,joined_weak,position,1,1,,,,835,671,117.42,,,,,,,0
1898,statcan_plato_may_1898,169,27,GP,B. Columbia ....,joined_weak,position,5490,1188,1306,,,,,,,,,,,,0
1898,statcan_plato_may_1898,169,28,GP,N. W. Ter. ....,joined_weak,position,5,6,5,,,4087,346,,,,,,,,0
1898,statcan_plato_may_1898,169,30,GP,"4 > "" Cotton seed, crude. .... > Great Britain. ....",left_only,,2890,949,,,,,,,,,,,,,
1898,statcan_plato_may_1898,169,31,GP,4 > United States. ....,left_only,,69650,13814,69650,,,,,,,,,,,,
1898,statcan_plato_may_1898,169,32,GP,4 > Total ..... > Ontario. ....,left_only,,72436,14725,69561,,,,,,,,,,,,
1898,statcan_plato_may_1898,169,37,GP,4 > 5 > France. ....,left_only,,405,247,405,,,,,,,,,,,,
1898,statcan_plato_may_1898,169,38,GP,5 > United States. ....,left_only,,380662,90055,388743,,,,,,,,,,,,
1898,statcan_plato_may_1898,170,0,GP,,right_only,,,,,8102,1620.4,,,,,,,22904,8102,1620.4,2
1898,statcan_plato_may_1898,170,1,GP,,right_only,,,,,76930,15386.0,2586,782,136.85,,,,351439,77712,15522.85,2
1898,statcan_plato_may_1898,170,2,GP,,right_only,,,,,91,18.2,,,,,,,277,91,18.2,2
1898,statcan_plato_may_1898,170,3,GP,,right_only,,,,,1824,364.8,,,,,,,5798,1824,364.8,2
1898,statcan_plato_may_1898,170,4,GP,,right_only,,,,,2729,545.8,,,,,,,11230,2729,545.8,2
1898,statcan_plato_may_1898,170,5,GP,,right_only,,,,,65,13.0,99,43,7.53,,,,220,108,20.53,2
1898,statcan_plato_may_1898,170,6,GP,"1 Oils, vegetable— Cotton seed, refined— Total ..... > Ontario..... Quebec..... Nova Scotia..... N. Brunswick..... Manitoba..... B. Columbia..... N. W. Ter.....",joined_weak,position,,,,3,0.6,,,,,,,5,3,0.6,2
1898,statcan_plato_may_1898,170,8,GP,,right_only,,,,,13351,3331.59,481398,161077,35231.45,,,,521001,174428,38563.04,2
1898,statcan_plato_may_1898,170,9,GP,,right_only,,,,,10241,2560.25,,,,,,,37862,10241,2560.25,2
1898,statcan_plato_may_1898,170,10,GP,,right_only,,,,,7003,1750.75,13299,3763,823.15,,,,42282,10766,2573.9,2
1898,statcan_plato_may_1898,170,11,GP,,right_only,,,,,6367,1591.75,241404,92160,20160.11,,,,259030,98527,21751.86,2
1898,statcan_plato_may_1898,170,12,GP,,right_only,,,,,5962,1484.34,102540,34500,7547.05,,,,119634,40462,9031.39,2
1898,statcan_plato_may_1898,170,13,GP,,right_only,,,,,945,236.25,74214,24067,5265.34,,,,77163,25012,5501.59,2
1898,statcan_plato_may_1898,170,14,GP,,right_only,,,,,36,9.0,,,,,,,47,36,9.0,2
1898,statcan_plato_may_1898,170,15,GP,"2 "" Flaxseed or linseed, raw or boiled.. > Great Britain..... United States.....",joined_weak,position,,,,3078,769.5,39754,3486,757.45,,,,50029,6564,1526.95,2
1898,statcan_plato_may_1898,170,16,GP,,right_only,,,,,113,28.25,10187,3101,678.35,,,,10479,3214,796.6,0
1898,statcan_plato_may_1898,170,17,GP,Total ..... > Ontario..... Quebec..... Nova Scotia..... N. Brunswick..... Manitoba..... B. Columbia..... P. E. Island..... N. W. Ter.....,joined_weak,position,,,,88,22.0,,,,,,,190,88,22.0,2
1898,statcan_plato_may_1898,170,19,GP,,right_only,,,,,2947,589.4,1873,2175,379.35,,,,4520,5122,968.75,2
1898,statcan_plato_may_1898,170,20,GP,,right_only,,,,,35,7.0,,,,,,,30,35,7.0,2
1898,statcan_plato_may_1898,170,21,GP,,right_only,,,,,3962,792.4,5375,7250,1268.86,,,,8539,11212,2061.26,2
1898,statcan_plato_may_1898,170,22,GP,,right_only,,,,,1630,326.0,,,,,,,1191,1630,326.0,2
1898,statcan_plato_may_1898,170,23,GP,,right_only,,,,,,,24,30,5.25,,,,24,30,5.25,2
1898,statcan_plato_may_1898,170,24,GP,,right_only,,,,,61,12.2,,,,,,,75,61,12.2,2
1898,statcan_plato_may_1898,170,25,GP,,right_only,,,,,8,1.6,,,,,,,4,8,1.6,2
1898,statcan_plato_may_1898,170,26,GP,,right_only,,,,,5421,1084.2,,,,,,,7935,5421,1084.2,2
1898,statcan_plato_may_1898,170,27,GP,,right_only,,,,,3143,628.6,722,1115,195.16,,,,3312,4258,823.76,2
1898,statcan_plato_may_1898,170,28,GP,,right_only,,,,,6459,1291.8,5406,7049,1233.57,,,,13055,13508,2525.37,2
1898,statcan_plato_may_1898,170,29,GP,,right_only,,,,,759,151.8,10,15,2.71,,,,666,774,154.51,2
1898,statcan_plato_may_1898,170,30,GP,,right_only,,,,,851,179.2,417,338,59.17,,,,1757,1189,229.37,0
1898,statcan_plato_may_1898,170,31,GP,,right_only,,,,,506,101.2,,,,,,,359,506,101.2,2
1898,statcan_plato_may_1898,170,32,GP,"3 "" Olive, N.E.S. .... > Great Britain..... China..... France..... Italy..... Japan..... Spain..... St. Pierre..... United States.....",joined_weak,position,,,,2290,458.0,593,862,149.55,,,,2832,3152,607.55,2
1898,statcan_plato_may_1898,170,33,GP,Total ..... > Ontario..... Quebec..... Nova Scotia..... N. Brunswick..... Manitoba..... B. Columbia..... P. E. Island.....,joined_weak,position,,,,56,11.2,124,76,13.3,,,,337,132,24.5,2
1898,statcan_plato_may_1898,170,35,GP,,right_only,,,,,,,39,24,5.25,,,,39,24,5.25,2
1898,statcan_plato_may_1898,170,36,GP,,right_only,,,,,8,1.95,,,,,,,16,8,1.95,2
1898,statcan_plato_may_1898,170,37,GP,,right_only,,,,,,,55,23,5.03,,,,55,23,5.03,2
1898,statcan_plato_may_1898,170,38,GP,,right_only,,,,,814,203.5,,,,,,,1233,814,203.5,2
1898,statcan_plato_may_1898,170,39,GP,,right_only,,,,,626,156.5,94,47,10.28,,,,1106,673,166.78,2
1898,statcan_plato_may_1898,170,40,GP,,right_only,,,,,37,9.25,,,,,,,49,37,9.25,2
1898,statcan_plato_may_1898,170,41,GP,,right_only,,,,,35,8.75,,,,,,,46,35,8.75,2
1898,statcan_plato_may_1898,170,42,GP,"4 "" Sesame seed ..... > Great Britain..... China..... France..... United States.....",joined_weak,position,,,,8,1.95,,,,,,,16,8,1.95,2
1898,statcan_plato_may_1898,170,43,GP,Total..... > Quebec..... Nova Scotia..... N. Brunswick..... B. Columbia..... P. E. Island.....,joined_weak,position,,,,116,29.0,,,,,,,126,116,29.0,2
1898,statcan_plato_may_1898,171,8,GP,Quebec.....,joined_weak,position,38294,11572,38691,9679,1935.8,4416,1827,319.75,,,,38107,11506,2255.55,2
1898,statcan_plato_may_1898,171,9,GP,Nova Scotia.....,joined_weak,position,325,75,325,75,15.0,,,,,,,325.75,15.0,,-1
1898,statcan_plato_may_1898,171,11,GP,P. E. Island.....,joined_weak,position,181,72,181,72,14.4,,,,,,,181.72,14.4,,-1
1898,statcan_plato_may_1898,171,16,GP,Quebec.....,joined_weak,position,227974,26622,228023,25632,11151.15,2990,651,130.8,,,,226013,26283,11281.95,2
1898,statcan_plato_may_1898,171,17,GP,Nova Scotia.....,joined_weak,position,15437,2392,15303,2368,764.33,219.36,9.58,15522,,,,2404,773.91,,-1
1898,statcan_plato_may_1898,171,18,GP,N. Brunswick.....,joined_weak,position,74009,8233,74292,8143,3710.16,,,,,,,74202,8143,3710.16,2
1898,statcan_plato_may_1898,171,20,GP,B. Columbia.....,joined_weak,position,37676,5927,37893,5933,1892.72,640.87,28.0,38533,,,,6020,1920.72,,-1
1898,statcan_plato_may_1898,171,26,GP,China.....,joined_weak,position,4,5,4,2,0.5,224.96,21.0,4,,,,2,0.5,,-1
1898,statcan_plato_may_1898,171,27,GP,France.....,joined_weak,position,224,96,,,,,,,,,,224.96,21.0,,-1
1898,statcan_plato_may_1898,171,28,GP,Holland.....,joined_weak,position,5,63,5,63,15.75,,,,,,,5.63,15.75,,-1
1898,statcan_plato_may_1898,171,30,GP,Ontario.....,joined_weak,position,148800,31512,148371,31378,7844.5,165.48,10.5,148536,,,,31426,7855.0,,-1
1898,statcan_plato_may_1898,171,33,GP,N. Brunswick.....,joined_weak,position,15376,5578,14204,4920,1230.0,250.75,16.41,14454,,,,4955,1246.41,,-1
1898,statcan_plato_may_1898,171,36,GP,P. E. Island.....,joined_weak,position,372,92,272,92,23.0,,,,,,,272.92,23.0,,-1
1898,statcan_plato_may_1898,172,2,GP,Nova Scotia....,joined_weak,position,404,1932,398,1875,187.5,6.57,5.0,404,,,,1932,192.5,,-1
1898,statcan_plato_may_1898,172,3,GP,N. Brunswick....,joined_weak,position,1379,6775,1374,6699,669.9,5.76,6.66,1379,,,,6775,676.56,,-1
1898,statcan_plato_may_1898,172,4,GP,Manitoba....,joined_weak,position,378,2445,378,2423,242.3,1.22,1.92,378,,,,2445,244.22,,-1
1898,statcan_plato_may_1898,172,19,GP,N. Brunswick....,joined_weak,position,730,279,718,258,51.6,12.21,3.68,730,,,,279,55.28,,-1
1898,statcan_plato_may_1898,172,21,GP,B. Columbia....,joined_weak,position,3716,1364,3653,1283,256.6,3,3,0.53,,,,3676,1286,257.13,2
1898,statcan_plato_may_1898,172,23,GP,N. W. Ter.....,joined_weak,position,253,98,253,98,19.6,,,,,,,253.98,19.6,,-1
1898,statcan_plato_may_1898,172,25,GP,Great Britain.....,joined_weak,position,57404,23354,5884,2133,639.9,51372,21407,5621.51,,,,57236,23540,6261.41,2
1898,statcan_plato_may_1898,172,29,GP,Total..... > Ontario.....,joined_weak,position,51819,21448,48833,12487,5846.1,2806,1881,493.87,,,,51729,21368,6339.97,0
1898,statcan_plato_may_1898,172,32,GP,N. Brunswick....,joined_weak,position,1690,601,1637,553,165.9,53.48,12.6,1690,,,,661,178.59,,-1
1898,statcan_plato_may_1898,172,34,GP,B. Columbia....,joined_weak,position,4932,1961,4916,1919,584.65,16.12,3.16,4932,,,,1961,587.81,,-1
1898,statcan_plato_may_1898,172,36,GP,,joined_weak,position,137519,52520,84582,30718,9215.35,52749,21908,5753.03,,,,137281,52620,14968.38,0
1898,statcan_plato_may_1898,172,37,GP,Great Britain.....,joined_weak,position,455102,146004,8987,7032,1059.6,443612,141254,37090.76,,,,452549,144786,38150.36,0
1898,statcan_plato_may_1898,172,38,GP,Belgium.....,joined_weak,position,249,53,,,,249,53,13.91,,,,249.53,13.91,,-1
1898,statcan_plato_may_1898,172,41,GP,United States....,joined_weak,position,89510,19866,89510,12566,6052.8,,,,,,,89519,12566,6052.8,2
1898,statcan_plato_may_1898,173,7,GP,N. W. Ter.....,joined_weak,position,488,78,488,78,23.4,,,,,,,488.78,23.4,,-1
1898,statcan_plato_may_1898,174,47,GP,,right_only,,,,,444571,88779.2,,18401,3221.24,,,,,463072,91999.24,-2
1898,statcan_plato_may_1898,175,2,GP,Germany.....,left_only,,,10660,,,,,,,,,,,,,
1898,statcan_plato_may_1898,175,18,GP,Germany.....,joined_weak,position,110962,7011,35408,1820,364.0,74969,5126,896.14,,,,110317,6946,1260.14,2
1898,statcan_plato_may_1898,175,28,GP,,joined_weak,position,1007837,43446,626603,27980,5596.0,397373,14616,2556.95,,,,1623976,42596,8152.95,2
1898,statcan_plato_may_1898,175,29,GP,"3 Colours and paints pulped or ground in oil or other liquids, and all liquid, prepared or ready-mixed paints, N.E.S..... > Great Britain.....",joined_weak,position,528167,29717,39567,2786,696.5,429065,23435,5127.95,,,,468572,26221,5824.45,2
1898,statcan_plato_may_1898,175,31,GP,Germany.....,joined_weak,position,50078,3025,4161,848,212.0,41914,2066,451.18,,,,49075,2914,663.18,2
1898,statcan_plato_may_1898,175,42,GP,,joined_weak,position,1181993,82034,617627,49066,12266.75,486676,27176,5945.06,,,,1104363,76242,18211.81,2
1898,statcan_plato_may_1898,176,20,GP,Quebec.....,joined_weak,position,567328,4447,274158,2322,464.4,292087,2079,363.93,,,,506245,4401,828.33,2
1898,statcan_plato_may_1898,176,35,GP,,joined_weak,position,1120534,16665,626302,8356,2063.75,513649,8624,1884.78,,,,1138942,16879,3948.53,0
1898,statcan_plato_may_1898,177,2,GP,"1 > Paints and colours— Paints and colours, and rough stuff and fillers, anti-corrosive and anti- fouling paints commonly used for ships' hulls, N.E.S. ....",joined_weak,position,,125.17,,,,125,17,3.7199999999999998,,,,125,17,3.7199999999999998,2
1898,statcan_plato_may_1898,177,9,GP,"1 > Paints and colours— Paints and colours, and rough stuff and fillers, anti-corrosive and anti- fouling paints commonly used for ships' hulls, N.E.S. .... > Total .....",joined_weak,position,,125.17,,,,125,17,3.7199999999999998,,,,125,17,3.7199999999999998,2
1898,statcan_plato_may_1898,177,11,GP,"1 > Paints and colours— Paints and colours, and rough stuff and fillers, anti-corrosive and anti- fouling paints commonly used for ships' hulls, N.E.S. .... > Total .....",joined_weak,position,83003,3051,74016,2753,688.25,9043,281,61.48,,,,83053,3034,749.73,2
1898,statcan_plato_may_1898,177,12,GP,"1 > Paints and colours— Paints and colours, and rough stuff and fillers, anti-corrosive and anti- fouling paints commonly used for ships' hulls, N.E.S. .... > 2 > "" Paris green, dry. .... > Great Britain.....",joined_weak,position,305724,34908,,,,296121,33334,2916.77,,,,296121,33334,2916.77,2
1898,statcan_plato_may_1898,177,13,GP,"1 > Paints and colours— Paints and colours, and rough stuff and fillers, anti-corrosive and anti- fouling paints commonly used for ships' hulls, N.E.S. .... > 2 > "" Paris green, dry. ....",joined_weak,position,,30,8.3,8,0.8,,,,,,,30,8,0.8,2
1898,statcan_plato_may_1898,177,14,GP,"Total ..... > Ontario..... > 2 > "" Paris green, dry. ....",joined_weak,position,,,,,,19147,1861,162.85,,,,19147,1861,162.85,2
1898,statcan_plato_may_1898,177,15,GP,"Total ..... > Quebec..... > 2 > "" Paris green, dry. ....",joined_weak,position,226924,25477,,,,198174,22042,1928.7,,,,198174,22042,1928.7,2
1898,statcan_plato_may_1898,177,17,GP,Total ..... > B. Columbia..... > 2,joined_weak,position,,30,8.3,8,0.8,,,,,,,30,8,0.8,2
1898,statcan_plato_may_1898,177,27,GP,"3 > "" Paints and colours ground in spirits, and all spirit varnishes and lac- quers. .... > Total.....",joined_weak,position,,36,143.36,143,41.04,,,,,,,36,143,41.04,2
1898,statcan_plato_may_1898,178,26,GP,,joined_weak,position,,10,1.1,1,0.6,,,,,,,10,1,0.6,2
1898,statcan_plato_may_1898,178,27,GP,,joined_weak,position,,144.14,,,,144,14,7.5600000000000005,,,,144.14,7.5600000000000005,,-1
1898,statcan_plato_may_1898,178,28,GP,,joined_weak,position,,900.89,900,89,54.0,,,,,,,900.89,54.0,,-1
1898,statcan_plato_may_1898,178,29,GP,,joined_weak,position,,59,5.59,5,3.54,,,,,,,59,5,3.54,2
1898,statcan_plato_may_1898,178,32,GP,Quebec. ....,joined_weak,position,59609,5854,62189,5824,3731.34,576,110,30.24,,,,62705,5934,3761.58,2
1898,statcan_plato_may_1898,178,33,GP,Nova Scotia. ....,joined_weak,position,3515,425,2972,345,178.32,543.8,28.51,3515,,,,425,206.83,,-1
1898,statcan_plato_may_1898,178,38,GP,,joined_weak,position,,48,11.48,11,2.88,,,,,,,48.11,2.88,,-1
1898,statcan_plato_may_1898,178,39,GP,,joined_weak,position,244682,19266,236845,18180,14211.31,8113,994,425.94,,,,214958,19174,14637.25,2
1898,statcan_plato_may_1898,179,8,GP,,left_only,,,4539,,,,,,,,,,,,,
1898,statcan_plato_may_1898,179,39,GP,United States.....,joined_weak,position,1343119,102018,1347511,100020,36658.24,,,,,,,1347611,103023,36658.24,0
1898,statcan_plato_may_1898,180,0,GP,,right_only,,,,,73526,25734.23,13432,2309,707.63,,,,1657136,75835,26441.86,2
1898,statcan_plato_may_1898,180,1,GP,,right_only,,,,,14976,5241.6,16073,2160,661.54,,,,147597,17136,5903.14,2
1898,statcan_plato_may_1898,180,2,GP,,right_only,,,,,5962,2086.76,12181,967,296.96,,,,83756,6929,2383.72,2
1898,statcan_plato_may_1898,180,3,GP,,right_only,,,,,4328,1584.8,9532,353,108.12,,,,65822,4881,1692.92,0
1898,statcan_plato_may_1898,180,4,GP,DUTIABLE GOODS—Con.,joined_weak,position,,8,,2817,985.95,7454,451,138.12,,,,37167,3268,1124.07,2
1898,statcan_plato_may_1898,180,5,GP,1 Paper and manufactures of— Hangings or wall paper— Total..... > Ontario..... Quebec..... Nova Scotia..... N. Brunswick..... Manitoba..... B. Columbia..... P. E. Island.....,joined_weak,position,,,,2570,899.5,,,,,,,34066,2570,899.5,2
1898,statcan_plato_may_1898,180,6,GP,,right_only,,,,,276,96.25,5429,244,74.73,,,,8979,519,170.98,0
1898,statcan_plato_may_1898,180,8,GP,,right_only,,,,,,,90,155,47.47,,,,90,155,47.47,2
1898,statcan_plato_may_1898,180,9,GP,,right_only,,,,,6223,2176.85,,,,,,,45262,6223,2176.85,2
1898,statcan_plato_may_1898,180,10,GP,,right_only,,,,,4315,1509.05,,,,,,,34870,4315,1509.05,2
1898,statcan_plato_may_1898,180,11,GP,,right_only,,,,,302,105.7,90,155,47.47,,,,2291,457,153.17,2
1898,statcan_plato_may_1898,180,12,GP,,right_only,,,,,365,106.75,,,,,,,1987,365,106.75,2
1898,statcan_plato_may_1898,180,13,GP,,right_only,,,,,847,296.45,,,,,,,3862,847,296.45,2
1898,statcan_plato_may_1898,180,14,GP,"2 "" "" Borders and bordering..... > Great Britain..... United States.....",joined_weak,position,,,,236,82.6,,,,,,,1280,236,82.6,2
1898,statcan_plato_may_1898,180,15,GP,,right_only,,,,,47,16.45,,,,,,,414.47,16.45,,-1
1898,statcan_plato_may_1898,180,16,GP,Ontario..... Quebec..... Nova Scotia..... N. Brunswick..... Manitoba..... B. Columbia..... P. E. Island.....,joined_weak,position,,,,171,59.85,,,,,,,648,171,59.85,2
1898,statcan_plato_may_1898,180,18,GP,,right_only,,,,,13631,3407.75,,16,3.5,,,,,16,3.5,-2
1898,statcan_plato_may_1898,180,19,GP,,right_only,,,,,,,,,,,,,,13631,3407.75,-2
1898,statcan_plato_may_1898,180,20,GP,,right_only,,,,,225,225.25,,,,,,,,901,225.25,0
1898,statcan_plato_may_1898,180,22,GP,,right_only,,,,,151,151.25,,,,,,,,665,151.25,0
1898,statcan_plato_may_1898,180,25,GP,,right_only,,,,,796,79.6,,441,38.59,,,,,1237,118.19,2
1898,statcan_plato_may_1898,180,26,GP,,right_only,,,,,13912,1391.2,,,,,,,,13912,1391.2,2
1898,statcan_plato_may_1898,180,27,GP,,right_only,,,,,923,923.4,,146,12.77,,,,,9380,936.17,0
1898,statcan_plato_may_1898,180,28,GP,,right_only,,,,,4684,458.3,,295,25.82,,,,,4878,484.12,0
1898,statcan_plato_may_1898,180,29,GP,,right_only,,,,,205,20.5,,,,,,,,205,20.5,2
1898,statcan_plato_may_1898,180,34,GP,,right_only,,,,,14738,1470.8,,441,38.59,,,,,15149,1509.39,0
1898,statcan_plato_may_1898,180,35,GP,,right_only,,,,,4744,561.6,,,,,,,,3744,561.6,0
1898,statcan_plato_may_1898,180,36,GP,,right_only,,,,,475,33.0,,,,,,,,165,33.0,0
1898,statcan_plato_may_1898,180,38,GP,,right_only,,,,,54,12.78,,,,,,,,64,12.78,0
1898,statcan_plato_may_1898,182,7,GP,Manitoba.....,joined_weak,position,7175,75,7175,75,18.75,,,,,,,7175.75,18.75,,-1
1898,statcan_plato_may_1898,182,8,GP,B. Columbia...,joined_weak,position,3100,85,3100,85,21.25,,,,,,,3100.85,21.25,,-1
1898,statcan_plato_may_1898,182,22,GP,3. Wrapping..... > Holland.....,joined_weak,position,486,58,486,58,14.5,,,,,,,486.58,14.5,,-1
1898,statcan_plato_may_1898,182,27,GP,N. Brunswick...,joined_weak,position,3578,213,3544,202,50.5,34.11,2.41,3578,,,,213,52.91,,-1
1898,statcan_plato_may_1898,183,8,GP,"1 Paper and manufactures of— All kinds, N. E. S.—",left_only,,,327473,,,,,,,,,,,,,
1898,statcan_plato_may_1898,183,10,GP,"1 Paper and manufactures of— All kinds, N. E. S.— > 2 Paraffine wax..... > France.....",joined_weak,position,23,2,,,,500,26,6.82,,,,500.26,6.82,2,-2
1898,statcan_plato_may_1898,183,13,GP,Total..... > 2 Paraffine wax..... > Ontario.....,joined_weak,position,48409,3276,47880,3247,974.1,529.29,7.62,48409,,,,3276,981.72,,-1
1898,statcan_plato_may_1898,183,19,GP,2 Paraffine wax.....,joined_weak,position,103593,5989,103041,5958,1787.4,529.29,7.62,103570,,,,5987,1795.02,,-1
1898,statcan_plato_may_1898,185,10,GP,B. E. Indies.....,joined_weak,position,115,105,115,105,36.75,4.12,3.7,119,,,,117,40.45,,-1
1898,statcan_plato_may_1898,185,14,GP,Spain.....,joined_weak,position,242,229,194,197,68.95,80.55,16.85,274,,,,252,85.8,,-1
1898,statcan_plato_may_1898,185,23,GP,N. W. Ter.....,joined_weak,position,99,54,99,54,18.9,,,,,,,99.54,18.9,,-1
1898,statcan_plato_may_1898,185,32,GP,Nova Scotia.....,joined_weak,position,965,475,920,436,152.6,45.39,12.25,965,,,,475,164.85,,-1
1898,statcan_plato_may_1898,185,33,GP,N. Brunswick.....,joined_weak,position,51,62,11,13,4.55,40,49,15.01,,,,51.62,19.56,,-1
1898,statcan_plato_may_1898,186,0,GP,Total..... > Ontario.....,joined_weak,position,33037,1981,32237,1893,967.11,800.88,21.0,33037,,,,1981,988.11,1,-2
1898,statcan_plato_may_1898,186,1,GP,Quebec.....,joined_weak,position,2450,130,2368,111,71.04,82.19,2.16,2450,,,,130,73.2,,-1
1898,statcan_plato_may_1898,186,4,GP,Manitoba.....,joined_weak,position,1403,98,1403,98,42.0,,,,,,,1403.98,42.0,,-1
1898,statcan_plato_may_1898,186,5,GP,B. Columbia.....,joined_weak,position,2145,94,2145,94,64.35,,,,,,,2145.94,64.35,,-1
1898,statcan_plato_may_1898,186,12,GP,B. Columbia.....,joined_weak,position,922,59,922,59,27.66,,,,,,,922.59,27.66,,-1
1898,statcan_plato_may_1898,186,15,GP,United States.....,joined_weak,position,4063,99,4063,99,19.8,,,,,,,4063.99,19.8,,-1
1898,statcan_plato_may_1898,186,18,GP,Manitoba.....,joined_weak,position,1803,63,1803,99,19.8,,,,,,,1803.63,12.6,,-1
1898,statcan_plato_may_1898,186,19,GP,,joined_weak,position,5063,118,4063,,,1000.19,3.33,5063,,,,118,23.13,,-1
1898,statcan_plato_may_1898,186,38,GP,,right_only,,,,,32,6.4,,,,,,,,32,6.4,2
1898,statcan_plato_may_1898,186,42,GP,,joined_weak,position,2119,65,2119,59,13.0,,,,,,,2119.65,13.0,,-1
1898,statcan_plato_may_1898,187,0,GP,,right_only,,,,,169,33.8,,,,,,,6115,169,33.8,2
1898,statcan_plato_may_1898,187,1,GP,1 Plants and trees— Grape vines..... > United States— Ontario..... Manitoba.....,joined_weak,position,6115.55,,6115.55,2,0.4,,,,,,,55,2,0.4,2
1898,statcan_plato_may_1898,187,4,GP,,right_only,,,,,16,7.11,,,,,,,237.16,7.11,,-1
1898,statcan_plato_may_1898,187,6,GP,,right_only,,,,,69,23.79,,,,,,,793.69,23.79,3,-2
1898,statcan_plato_may_1898,187,7,GP,3 „ Pear trees..... > United States— Ontario..... N. Brunswick... B. Columbia.....,joined_weak,position,,,,8,2.34,,,,,,,78,8,2.34,2
1898,statcan_plato_may_1898,187,8,GP,,right_only,,,,,27,14.16,,,,,,,472.27,14.16,,-1
1898,statcan_plato_may_1898,187,10,GP,,right_only,,,,,,,330,68,8.66,,,,330.68,8.66,4,-2
1898,statcan_plato_may_1898,187,11,GP,,right_only,,,,,994,408.54,,,,,,,13618,994,408.54,2
1898,statcan_plato_may_1898,187,12,GP,,right_only,,,,,307,92.28,,,,,,,3076,307,92.28,2
1898,statcan_plato_may_1898,187,13,GP,,right_only,,,,,231,62.7,330.68,8.66,2420,,,,299,71.36,,-1
1898,statcan_plato_may_1898,187,14,GP,,right_only,,,,,19,6.0,,,,,,,200.19,6.0,,-1
1898,statcan_plato_may_1898,187,15,GP,,right_only,,,,,144,63.54,,,,,,,2118,144,63.54,2
1898,statcan_plato_may_1898,187,16,GP,4 „ Plum trees..... > France..... United States.....,joined_weak,position,,,,108,62.07,,,,,,,2069,108,62.07,2
1898,statcan_plato_may_1898,187,17,GP,Total..... > Ontario..... Quebec..... Nova Scotia..... N. Brunswick... Manitoba..... B. Columbia... P. E. Island.....,joined_weak,position,,,,173,118.95,,,,,,,3965,173,118.95,2
1898,statcan_plato_may_1898,187,18,GP,,right_only,,,,,12,3.0,,,,,,,100.12,3.0,,-1
1898,statcan_plato_may_1898,187,19,GP,,right_only,,,,,994,408.54,330.68,8.66,13948,,,,1062,417.2,,-1
1898,statcan_plato_may_1898,187,20,GP,,right_only,,,,,33,6.6,,,,,,,3227.33,6.6,5,-2
1898,statcan_plato_may_1898,187,21,GP,,right_only,,,,,23,4.6,,,,,,,230.23,4.6,,-1
1898,statcan_plato_may_1898,187,22,GP,,right_only,,,,,15,3.0,,,,,,,1384.15,3.0,,-1
1898,statcan_plato_may_1898,187,23,GP,,right_only,,,,,71,14.2,,,,,,,4841.71,14.2,,-1
1898,statcan_plato_may_1898,187,24,GP,,joined_weak,position,13948,1062,13618,300,60.0,45,6,1.05,,,,4552,306,61.05,2
1898,statcan_plato_may_1898,187,25,GP,,right_only,,,,,28,5.6,,,,,,,766.28,5.6,,-1
1898,statcan_plato_may_1898,187,26,GP,5 „ Raspberry bushes..... > United States— Ontario..... Quebec..... Manitoba.....,joined_weak,position,,,,6,1.2,,,,,,,48,6,1.2,2
1898,statcan_plato_may_1898,187,27,GP,,right_only,,,,,30,6.0,,,,,,,750.3,6.0,,-1
1898,statcan_plato_may_1898,187,28,GP,,right_only,,,,,192,32.4,,,,,,,1586,162,32.4,0
1898,statcan_plato_may_1898,187,29,GP,,joined_weak,position,,4841.71,4841,436,87.2,,,,,,,6297,436,87.2,2
1898,statcan_plato_may_1898,187,30,GP,,right_only,,,,,78,15.6,45,6,1.05,,,,1292.84,16.65,,-1
1898,statcan_plato_may_1898,187,31,GP,6 „ Rose bushes..... > Great Britain..... France..... Germany..... Holland..... United States.....,joined_weak,position,,,,3,0.6,,,,,,,12,3,0.6,2
1898,statcan_plato_may_1898,187,32,GP,Total..... > Ontario..... Quebec..... Nova Scotia..... Manitoba.....,joined_weak,position,,,,9,1.8,,,,,,,101,9,1.8,2
1898,statcan_plato_may_1898,189,11,GP,"2 Pomades, French or flower odours, &c., imported in tins of not less than ten pounds each ..... > Belgium.....",joined_weak,position,66,99,,189,28.35,66,490,13.05,,,,66.99,13.05,2,-2
1898,statcan_plato_may_1898,189,18,GP,"2 Pomades, French or flower odours, &c., imported in tins of not less than ten pounds each ..... > 3 "" "" "" all other.....",joined_weak,position,,20.33,,,,20,33,8.67,,,,20.33,8.67,,-1
1898,statcan_plato_may_1898,189,19,GP,"2 Pomades, French or flower odours, &c., imported in tins of not less than ten pounds each ..... > 3 "" "" "" all other..... > Total.....",joined_weak,position,,20,33.3,33,9.9,20,33,8.67,,,,50.66,18.57,,-1
1898,statcan_plato_may_1898,190,38,GP,United States . . . . .,joined_weak,position,3369119,532486,308961,61186,12358.47,,,,,,,308201,61186,12358.47,2
1898,statcan_plato_may_1898,191,0,GP,Total..... > Ontario.....,joined_weak,position,5511,935,1315,223,32.9,4100,736,145.96,,,,5771,305,190.46,-2
1898,statcan_plato_may_1898,191,1,GP,,joined_weak,position,,3048438,470045.97,20,3.88,112,56,3.92,,,,269,76,7.8,2
1898,statcan_plato_may_1898,191,12,GP,,joined_weak,position,,52,6.52,3,1.56,,,,,,,52,6,1.56,0
1898,statcan_plato_may_1898,191,23,GP,"3 > "" Lard.....",joined_weak,position,,2397,163.69,8,1.38,2268,150,39.69,,,,2337,156,41.07,0
1898,statcan_plato_may_1898,191,34,GP,"4 > "" Lard compound and similar substances, cottolene and animal stearine of all kinds, N.E.S.....",joined_weak,position,,20,1.2,1,0.4,,,,,,,20,1,0.4,2
1898,statcan_plato_may_1898,191,41,GP,,joined_weak,position,19992,1343,15058,1977,301.12,,,,,,,15068,1977,301.12,2
1898,statcan_plato_may_1898,192,6,GP,"1 Bacon and hams, shoulders and sides > Manitoba",joined_weak,position,1500903,91571,1486928,90599,29737.56,180.3,3.15,1487108,,,,90620,29740.71,,-1
1898,statcan_plato_may_1898,192,17,GP,"2 Beef, salted, in barrels > Nova Scotia",joined_weak,position,1163221,51652,639071,26378,12601.51,,,,,,,630071,26378,12601.51,2
1898,statcan_plato_may_1898,192,21,GP,"2 Beef, salted, in barrels > P. E. Island",joined_weak,position,23000,804,21800,785,456.0,,,,,,,21809,785,456.0,2
1898,statcan_plato_may_1898,192,25,GP,,right_only,,,,,,,27,20,4.4,,,,27.2,4.4,,-1
1898,statcan_plato_may_1898,192,28,GP,3 Canned meats and canned poultry and game > Germany,joined_weak,position,200,95,200,93,23.25,,,,,,,200.93,23.25,,-1
1898,statcan_plato_may_1898,192,30,GP,3 Canned meats and canned poultry and game > Ontario,joined_weak,position,53551,7104,41682,5828,1457.0,13919,1466,320.87,,,,55691,7294,1777.87,2
1898,statcan_plato_may_1898,192,31,GP,3 Canned meats and canned poultry and game > Quebec,joined_weak,position,133185,20397,133003,17563,4380.75,8164,1765,386.15,,,,141165,19328,4776.9,0
1898,statcan_plato_may_1898,192,33,GP,3 Canned meats and canned poultry and game > N. Brunswick,joined_weak,position,20365,2377,20535,2390,597.5,154.19,4.17,20689,,,,2409,601.67,,-1
1898,statcan_plato_may_1898,192,44,GP,,right_only,,,,,,,,19,4.2,,,,,19,4.2,2
1898,statcan_plato_may_1898,194,6,GP,Ontario. ....,joined_weak,position,194503,13972,191293,13946,3885.86,,,,,,,194293,13946,3885.86,2
1898,statcan_plato_may_1898,194,7,GP,Quebec. ....,joined_weak,position,23602,2332,19381,2018,387.62,88.44,1.54,19469,,,,2062,389.16,,-1
1898,statcan_plato_may_1898,194,13,GP,,joined_weak,position,364893,30246,360587,29923,7210.87,88.44,1.54,360675,,,,29967,7212.41,,-1
1898,statcan_plato_may_1898,194,24,GP,"3 "" Other meats, salted, N. E. S. .... > Hong Kong. ....",joined_weak,position,799,60,799,69,15.98,,,,,,,799.69,15.98,3,-2
1898,statcan_plato_may_1898,196,21,GP,Nova Scotia.....,joined_weak,position,12730,69,1530,34,1.15,11200,35,4.9,,,,12730.69,6.05,,-1
1898,statcan_plato_may_1898,196,22,GP,,joined_weak,position,2212130,3476,2200930,3441,1100.85,11200.35,4.9,2212130,,,,3476,1105.75,,-1
1898,statcan_plato_may_1898,196,23,GP,"4 "" N. E. S., in bags, barrels or other packages..... > Great Britain.....",joined_weak,position,14558,70,13800,57,10.65,758,13,0.5,,,,14558.79,11.15,4,-2
1898,statcan_plato_may_1898,196,31,GP,P. E. Island.....,joined_weak,position,6296,60,5750,53,4.31,546,7,0.36,,,,6296.6,4.67,,-1
1898,statcan_plato_may_1898,196,32,GP,N. W. Ter.....,joined_weak,position,27140,75,27140,75,20.38,,,,,,,27140.75,20.38,,-1
1898,statcan_plato_may_1898,196,33,GP,,joined_weak,position,4498907,20516,4423349,20333,3316.44,758.13,0.5,4424107,,,,20346,3316.94,,-1
1898,statcan_plato_may_1898,197,11,GP,China .....,joined_weak,position,1487,269,1479,987,93.45,,,,,,,,267,93.45,0
1898,statcan_plato_may_1898,197,14,GP,Spain .....,left_only,,6,23,,,,,,,,,,,,,
1898,statcan_plato_may_1898,197,35,GP,4 Soy ..... > Great Britain .....,joined_weak,position,54,37,,,,246,143,20.18,,,,246,143,20.18,2
1898,statcan_plato_may_1898,197,44,GP,,joined_weak,position,15491,2716,12033,2051,717.85,3650,771,239.53,,,,15633,2822,957.38,2
1898,statcan_plato_may_1898,202,22,GP,,joined_weak,position,,2.5,,,,2,50,15.3,,,,2.5,15.3,,-1
1898,statcan_plato_may_1898,202,23,GP,,joined_weak,position,,7.82,7,82,28.7,,,,,,,7.82,28.7,,-1
1898,statcan_plato_may_1898,202,25,GP,Total.....,joined_weak,position,,77,899.1,189,66.15,67,710,217.43,,,,77,899,283.58,2
1898,statcan_plato_may_1898,202,27,GP,,joined_weak,position,,1.11,,,,1,11,3.37,,,,1.11,3.37,,-1
1898,statcan_plato_may_1898,202,28,GP,,joined_weak,position,,8.97,8,97,33.95,,,,,,,8.97,33.95,,-1
1898,statcan_plato_may_1898,202,29,GP,,joined_weak,position,,91,1123.23,402,140.7,68,721,220.8,,,,21,1123,361.6,0
1898,statcan_plato_may_1898,203,17,GP,"2 "" Socks and stockings..... > Manitoba.....",joined_weak,position,30,83,,,,30,83,25.41,,,,30.83,25.41,,-1
1898,statcan_plato_may_1898,203,35,GP,N. W. Ter.....,joined_weak,position,128,57,,,,128,57,14.96,,,,128.57,14.96,,-1
1898,statcan_plato_may_1898,204,0,GP,,right_only,,,,,39,11.7,,,,,,,,39,11.7,2
1898,statcan_plato_may_1898,204,1,GP,,right_only,,,,,37,11.1,,,,,,,,37,11.1,2
1898,statcan_plato_may_1898,204,2,GP,,right_only,,,,,188,56.4,,,,,,,,188,56.4,2
1898,statcan_plato_may_1898,204,3,GP,,right_only,,,,,137,41.1,,,,,,,,137,41.1,2
1898,statcan_plato_may_1898,204,7,GP,,right_only,,,,,3475,769.98,,,,,,,1510,3475,769.98,2
1898,statcan_plato_may_1898,204,8,GP,,right_only,,,,,2860,677.45,,,,,,,1390,2860,677.45,2
1898,statcan_plato_may_1898,204,9,GP,,right_only,,,,,479,61.03,,,,,,,78,479,61.03,2
1898,statcan_plato_may_1898,204,10,GP,,right_only,,,,,136,31.5,,,,,,,42,136,31.5,2
1898,statcan_plato_may_1898,204,11,GP,,right_only,,,,,102,25.5,,,,,,,30,102,25.5,2
1898,statcan_plato_may_1898,204,14,GP,,right_only,,,,,,,5200,57,12.51,,,,5200,57,12.51,2
1898,statcan_plato_may_1898,204,15,GP,,right_only,,,,,,,75,11,2.41,,,,75,11,2.41,2
1898,statcan_plato_may_1898,204,16,GP,,right_only,,,,,10372,2593.4,,,,,,,302480,10372,2593.4,2
1898,statcan_plato_may_1898,204,17,GP,,right_only,,,,,5535,1383.75,75,11,2.41,,,,96762,5546,1386.16,2
1898,statcan_plato_may_1898,204,18,GP,,right_only,,,,,2408,602.0,5362,63,13.81,,,,118225,2471,615.81,2
1898,statcan_plato_may_1898,204,19,GP,,right_only,,,,,707,176.75,24,5,1.1,,,,31591,712,177.85,2
1898,statcan_plato_may_1898,204,20,GP,,right_only,,,,,684,171.0,,,,,,,26013,684,171.0,2
1898,statcan_plato_may_1898,204,21,GP,,right_only,,,,,571,142.75,,,,,,,19336,571,142.75,2
1898,statcan_plato_may_1898,204,22,GP,,right_only,,,,,351,88.15,12,4,0.88,,,,12408,355,89.03,2
1898,statcan_plato_may_1898,204,23,GP,,right_only,,,,,113,28.25,,,,,,,3456,113,28.25,2
1898,statcan_plato_may_1898,204,24,GP,Total..... > Ontario..... Quebec..... Nova Scotia..... N. Brunswick..... Manitoba..... B. Columbia..... P. E. Island..... N. W. Ter.....,joined_weak,position,,,,3,0.75,,,,,,,108,3,0.75,2
1898,statcan_plato_may_1898,204,26,GP,,right_only,,,,,338,84.5,,174,38.09,,,,,174,38.09,-2
1898,statcan_plato_may_1898,204,27,GP,,right_only,,,,,460,115.0,,2060,450.69,,,,,2398,535.19,-2
1898,statcan_plato_may_1898,204,28,GP,,right_only,,,,,,,,,,,,,,460,115.0,-2
1898,statcan_plato_may_1898,204,29,GP,,right_only,,,,,532,133.0,,1544,337.85,,,,,2076,470.85,2
1898,statcan_plato_may_1898,204,30,GP,,right_only,,,,,139,34.75,,393,85.96,,,,,532,120.71,2
1898,statcan_plato_may_1898,204,31,GP,,right_only,,,,,63,15.75,,113,24.72,,,,,176,40.47,2
1898,statcan_plato_may_1898,204,32,GP,,right_only,,,,,34,8.5,,70,15.31,,,,,104,23.81,2
1898,statcan_plato_may_1898,204,33,GP,,right_only,,,,,4,1.0,,114,24.94,,,,,118,25.94,2
1898,statcan_plato_may_1898,204,34,GP,,right_only,,,,,26,6.5,,,,,,,,26,6.5,2
1898,statcan_plato_may_1898,205,9,GP,France.....,joined_weak,position,6802,288,3184,221,51.84,1618.67,14.16,6802,,,,288,66.0,,-1
1898,statcan_plato_may_1898,205,12,GP,United States.....,joined_weak,position,363759,14775,356587,14500,3566.87,,,,,,,356687,14500,3566.87,2
1898,statcan_plato_may_1898,205,13,GP,Total..... > Ontario.....,joined_weak,position,1138537,58007,289223,16627,2899.13,786687,40036,6883.5,,,,1076600,56663,9782.63,2
1898,statcan_plato_may_1898,205,20,GP,,joined_weak,position,2377631,117481,633794,30468,6284.68,1665326,85143,14571.67,,,,2299090,115611,20856.35,2
1898,statcan_plato_may_1898,205,25,GP,Total..... > Ontario.....,joined_weak,position,95841,1312,94872,1282,448.7,969.3,9.2,95841,,,,1312,437.9,,-1
1898,statcan_plato_may_1898,205,30,GP,,joined_weak,position,255108,9496,227194,8378,2932.3,25818,1397,427.92,,,,252922,9775,3300.22,0
1898,statcan_plato_may_1898,205,31,GP,"4 „ Castile, mottled or white..... > Great Britain.....",joined_weak,position,19091,838,12300,536,139.34,7451,324,130.4,,,,19701,860,269.74,2
1898,statcan_plato_may_1898,205,32,GP,France.....,joined_weak,position,510039,21556,530662,22646,5375.9,,,,,,,530652,22646,5375.9,2
1898,statcan_plato_may_1898,205,34,GP,Italy.....,joined_weak,position,,,1327,92,26.54,,,,,,,1327.92,26.54,,-1
1898,statcan_plato_may_1898,205,41,GP,B. Columbia.....,joined_weak,position,33087,1746,26446,1435,304.96,1780.71,31.15,28226,,,,1506,336.11,,-1
1898,statcan_plato_may_1898,205,43,GP,,joined_weak,position,581062,25574,596004,30184,6289.69,7451,324,130.4,,,,598197,30608,6420.09,0
1898,statcan_plato_may_1898,206,6,GP,B. Columbia.....,left_only,,1,1,,,,,,,,,,,,,
1898,statcan_plato_may_1898,206,9,GP,2 „ Toilet ..... > Great Britain.....,joined_weak,position,79079,18551,7592,1079,377.65,50946,15954,4886.16,,,,67538,17033,5263.81,2
1898,statcan_plato_may_1898,206,11,GP,Belgium.....,left_only,,140,105,,,,,,,,,,,,,
1898,statcan_plato_may_1898,206,20,GP,Quebec.....,joined_weak,position,120995,29014,70997,15811,5533.85,38862,11411,3494.74,,,,108959,27222,9028.59,2
1898,statcan_plato_may_1898,206,28,GP,"3 „ Pearline and other soap powders, pumice, silver and mineral soaps, sapolio and like articles ..... > Great Britain.....",joined_weak,position,17528,943,,,,5368,316,83.87,,,,5368,316,83.87,2
1898,statcan_plato_may_1898,206,40,GP,B. W. Indies.....,joined_weak,position,47948,3812,59348,4118,514.75,,,,,,,56348,4118,514.75,2
1898,statcan_plato_may_1898,206,45,GP,United States.....,joined_weak,position,1002488,79503,988632,78411,9501.84,,,,,,,988532,78411,9501.84,2
1898,statcan_plato_may_1898,207,5,GP,B. Columbia,joined_weak,position,53505,4557,50995,4400,550.44,1390.66,7.22,52385,,,,4406,557.66,,-1
1898,statcan_plato_may_1898,207,6,GP,P. E. Island,joined_weak,position,973,50,945,48,6.0,28,2,0.22,,,,973.5,6.22,,-1
1898,statcan_plato_may_1898,207,9,GP,Australia,joined_weak,position,240,11,,,,48,2,0.43,,,,48,2,0.43,2
1898,statcan_plato_may_1898,207,10,GP,B. E. Indies,joined_weak,position,131,71,,,,119,62,13.56,,,,119.62,13.56,,-1
1898,statcan_plato_may_1898,207,21,GP,P. E. Island,joined_weak,position,4993,560,4961,546,136.5,32.14,3.06,4993,,,,560,139.56,,-1
1898,statcan_plato_may_1898,207,29,GP,Total > Ontario,joined_weak,position,57529,2017,57419,1994,598.2,110.23,6.04,57529,,,,2017,604.24,,-1
1898,statcan_plato_may_1898,207,30,GP,Quebec,joined_weak,position,6412,300,6294,274,82.2,109.34,8.94,6463,,,,308,91.14,,-1
1898,statcan_plato_may_1898,207,31,GP,Nova Scotia,joined_weak,position,2063,362,1706,305,91.5,357.57,14.99,2063,,,,362,106.49,,-1
1898,statcan_plato_may_1898,207,32,GP,N. Brunswick,joined_weak,position,2144,164,1912,130,39.0,232.34,8.49,2144,,,,164,47.49,,-1
1898,statcan_plato_may_1898,207,34,GP,B. Columbia,joined_weak,position,16394,739,16293,665,199.85,101.74,32.65,16394,,,,730,232.5,,-1
1898,statcan_plato_may_1898,207,41,GP,Germany,joined_weak,position,,,241,91,22.75,,,,,,,241.91,22.75,,-1
1898,statcan_plato_may_1898,208,0,GP,Total..... > Ontario.....,joined_weak,position,29298,8517,26975,7383,1845.75,2457,663,146.03,,,,28432,8046,1991.78,2
1898,statcan_plato_may_1898,208,7,GP,"2 Spirits and wines, viz. :—",joined_weak,position,75006,20732,69400,18982,4746.5,6840,1908,418.39,,,,76333,20890,5163.89,0
1898,statcan_plato_may_1898,208,34,GP,Switzerland.....,joined_weak,position,405,574,429,617,1014.4,,,,,,,426,617,1014.4,2
1898,statcan_plato_may_1898,208,35,GP,Total.....,joined_weak,position,789,1061,865,1187,2066.4,,,,,,,861,1187,2066.4,2
1898,statcan_plato_may_1898,208,36,GP,Quebec.....,joined_weak,position,22,61,22,64,60.0,,,,,,,25,64,60.0,2
1898,statcan_plato_may_1898,208,39,GP,,joined_weak,position,1061,1207,1207,1687,2620.8,,,,,,,1092,1687,2620.8,2
1898,statcan_plato_may_1898,209,1,GP,Holland .....,left_only,,,,1,,,,,,,,,,,,
1898,statcan_plato_may_1898,209,9,GP,Holland .....,joined_weak,position,410,148,135,54,324.0,,,,,,,135.54,324.0,,-1
1898,statcan_plato_may_1898,209,16,GP,Quebec .....,joined_weak,position,128251,182500,94969,151496,227781.6,,,,,,,94909,151496,227781.6,2
1898,statcan_plato_may_1898,209,17,GP,Nova Scotia .....,joined_weak,position,12408,18971,11800,19766,28462.32,,,,,,,11860,19766,28462.32,2
1898,statcan_plato_may_1898,209,20,GP,B. Columbia .....,joined_weak,position,20824,42335,18408,34762,44172.0,,,,,,,18405,34762,44172.0,2
1898,statcan_plato_may_1898,209,22,GP,N. W. Ter .....,joined_weak,position,51,281,42,291,96.48,,,,,,,40,291,96.48,2
1898,statcan_plato_may_1898,209,23,GP,"3 "" Cordials and liquors of all kinds, N. E. S.; mescal, pulque, rum shrub, schiedam and other schnapps; tafia, angostura and similar alcoholic bitters or bever- ages .....",joined_weak,position,194403,300350,160430,264684,385047.86,,,,,,,160436,264684,385047.86,2
1898,statcan_plato_may_1898,209,28,GP,China .....,joined_weak,position,6990,3636,7184,3787,17232.81,,,,,,,7181,3787,17232.81,2
1898,statcan_plato_may_1898,209,30,GP,Dutch W. Indies .....,joined_weak,position,181,462,3,2,2.4,,,,,,,1,2,2.4,2
1898,statcan_plato_may_1898,209,31,GP,France .....,joined_weak,position,6187,20660,4793,16453,11506.2,,,,,,,4794,16453,11506.2,2
1898,statcan_plato_may_1898,209,36,GP,Spain .....,joined_weak,position,22,59,22,59,52.8,,,,,,,22.59,52.8,,-1
1898,statcan_plato_may_1898,209,37,GP,Sweden .....,joined_weak,position,,,30,77,84.0,,,,,,,35.77,84.0,,-1
1898,statcan_plato_may_1898,209,39,GP,Total ..... > Ontario .....,joined_weak,position,779,2716,809,2496,1920.0,,,,,,,800,2496,1920.0,2
1898,statcan_plato_may_1898,209,40,GP,Quebec .....,joined_weak,position,7240,23065,4825,17295,11671.2,,,,,,,4863,17295,11671.2,2
1898,statcan_plato_may_1898,209,43,GP,Manitoba .....,joined_weak,position,37,99,225,803,535.2,,,,,,,223,803,535.2,2
1898,statcan_plato_may_1898,209,44,GP,B. Columbia .....,joined_weak,position,9190,43765,8261,11506,21503.61,,,,,,,8961,11506,21503.61,2
1898,statcan_plato_may_1898,209,46,GP,,joined_weak,position,17481,40646,16505,33055,36225.41,,,,,,,15095,33055,36225.41,2
1898,statcan_plato_may_1898,210,4,GP,,joined_weak,position,,28,26.3,28,72.0,,,,,,,30.28,72.0,,-1
1898,statcan_plato_may_1898,210,5,GP,Holland . . . . .,joined_weak,position,441157,132532,363773,116203,873058.0,,,,,,,363772,116203,873058.0,2
1898,statcan_plato_may_1898,210,6,GP,St. Pierre . . . . .,joined_weak,position,514,420,113,73,264.4,,,,,,,111.73,264.4,,-1
1898,statcan_plato_may_1898,210,7,GP,United States . . . . .,joined_weak,position,,,58,43,91.2,,,,,,,38.43,91.2,,-1
1898,statcan_plato_may_1898,210,9,GP,Quebec . . . . .,joined_weak,position,382355,126251,291156,103408,698781.6,,,,,,,291159,103408,698781.6,2
1898,statcan_plato_may_1898,210,10,GP,Nova Scotia . . . . .,joined_weak,position,13640,5135,15542,5732,37323.4,,,,,,,15549,5732,37323.4,2
1898,statcan_plato_may_1898,210,11,GP,N. Brunswick . . . . .,joined_weak,position,26415,7879,24323,6769,59582.4,,,,,,,24826,6769,59582.4,2
1898,statcan_plato_may_1898,210,12,GP,Manitoba . . . . .,joined_weak,position,853,437,9615,4357,22834.6,,,,,,,9515,4357,22834.6,2
1898,statcan_plato_may_1898,210,15,GP,N. W. Ter . . . . .,joined_weak,position,,,39,36,213.0,,,,,,,89.36,213.0,,-1
1898,statcan_plato_may_1898,210,16,GP,,joined_weak,position,494989,186002,404145,158600,969959.6,,,,,,,404148,158600,969959.6,2
1898,statcan_plato_may_1898,210,17,GP,"2 > "" Rum . . . . . > Great Britain . . . . .",joined_weak,position,19725,11635,23636,12677,56365.99,,,,,,,23486,12677,56365.99,2
1898,statcan_plato_may_1898,210,18,GP,Australia . . . . .,joined_weak,position,,,554,281,1665.0,,,,,,,694,281,1665.0,2
1898,statcan_plato_may_1898,210,22,GP,,joined_weak,position,,138,57.4,19,96.0,,,,,,,40.19,96.0,,-1
1898,statcan_plato_may_1898,210,24,GP,France . . . . .,joined_weak,position,3548,3598,4038,4930,9739.2,,,,,,,4058,4930,9739.2,2
1898,statcan_plato_may_1898,210,28,GP,,joined_weak,position,,98.83,179,105,409.2,,,,,,,170,105,409.2,2
1898,statcan_plato_may_1898,210,36,GP,,joined_weak,position,,14,92.16,95,39.36,,,,,,,16.95,39.36,,-1
1898,statcan_plato_may_1898,210,38,GP,"3 > "" Whiskey . . . . . > Great Britain . . . . .",joined_weak,position,306140,419675,263119,368794,631464.55,,,,,,,263110,368794,631464.55,2
1898,statcan_plato_may_1898,210,42,GP,,joined_weak,position,,10,12.1,12,24.0,,,,,,,10.12,24.0,,-1
1898,statcan_plato_may_1898,210,45,GP,United States . . . . .,joined_weak,position,2003,3193,2013,2811,2445.4,,,,,,,1018,2811,2445.4,2
1898,statcan_plato_may_1898,211,7,GP,1 > Spirits and wines— Whiskey— > N. W. Ter....,joined_weak,position,255,364,308,398,739.25,,,,,,,398,398,739.25,2
1898,statcan_plato_may_1898,211,14,GP,Germany..... > 24,joined_weak,position,2,,9.33,10,78.0,,,,,,,33,10,78.0,2
1898,statcan_plato_may_1898,211,18,GP,"United States..... > 83,740",joined_weak,position,2,,9931.66,143,158.4,,,,,,,66,143,158.4,2
1898,statcan_plato_may_1898,211,28,GP,"3 > "" Spirits and strong waters of any kind, mixed with any ingredient or ingredients, as being or known or designated as anodynes, elixirs, essences, extracts, lotions, tinctures or medicines, or medicinal wines (so called), or ethereal and spirituous fruit essences, N.E.S..",joined_weak,position,,17,8.17,8,43.2,,,,,,,17,8,43.2,2
1898,statcan_plato_may_1898,211,29,GP,"4 > "" Medicinal or medicated wines con- taining not more than 40 per cent of proof spirit.....",joined_weak,position,,78,263.88,351,316.5,,,,,,,88,351,316.5,2
1898,statcan_plato_may_1898,211,37,GP,"4 > "" Medicinal or medicated wines con- taining not more than 40 per cent of proof spirit.....",joined_weak,position,,36,134.53,174,178.41,,,,,,,53,174,178.41,2
1898,statcan_plato_may_1898,211,41,GP,,joined_weak,position,,95,232.65,198,97.5,,,,,,,65,198,97.5,2
1898,statcan_plato_may_1898,211,42,GP,,joined_weak,position,,216,549.67,226,100.5,,,,,,,67,226,100.5,2
1898,statcan_plato_may_1898,211,43,GP,,joined_weak,position,,12,3.12,3,18.0,,,,,,,12,3,18.0,2
1898,statcan_plato_may_1898,211,47,GP,,joined_weak,position,,68,257.67,255,100.0,,,,,,,67,255,100.0,2
1898,statcan_plato_may_1898,212,6,GP,B. W. Indies..,joined_weak,position,15,86,15,86,43.0,,,,,,,15.86,43.0,,-1
1898,statcan_plato_may_1898,212,9,GP,Italy .....,joined_weak,position,6,54,6,54,27.0,,,,,,,6.54,27.0,,-1
1898,statcan_plato_may_1898,212,29,GP,Nova Scotia....,joined_weak,position,10,79,10,79,53.5,,,,,,,10.79,53.5,,-1
1898,statcan_plato_may_1898,212,31,GP,Manitoba..,joined_weak,position,3,60,3,60,29.32,,,,,,,3.6,29.32,,-1
1898,statcan_plato_may_1898,213,3,GP,1,joined_weak,position,,77,86.41,49,36.9,,,,,,,41.49,36.9,,-1
1898,statcan_plato_may_1898,213,4,GP,1 > Manitoba.....,joined_weak,position,,,74,78,66.6,,,,,,,74.78,66.6,,-1
1898,statcan_plato_may_1898,213,7,GP,"2 > "" Nitrous ether, sweet spirits of nitre and aromatic spirits of ammonia. Total..... > Great Britain.....",joined_weak,position,,,35,31,81.3,,,,,,,30.31,81.3,2,-2
1898,statcan_plato_may_1898,213,9,GP,2,joined_weak,position,,68,303.86,326,306.98,,,,,,,86,326,306.98,2
1898,statcan_plato_may_1898,213,12,GP,2,joined_weak,position,,75,80.24,100,255.6,,,,,,,94,100,255.6,2
1898,statcan_plato_may_1898,213,13,GP,2,joined_weak,position,,17,138.17,138,83.58,,,,,,,17,138,83.58,2
1898,statcan_plato_may_1898,213,15,GP,,left_only,,713,1030,625,,,,,,,,,,,,
1898,statcan_plato_may_1898,213,16,GP,"3 > "" Wines, ginger, containing not more than 26 per cent of proof spirits... Total..... > Great Britain.....",joined_weak,position,1612,1294,1792,936,1778.58,,,,,,,623,936,1778.58,2
1898,statcan_plato_may_1898,213,17,GP,3,joined_weak,position,,20.32,,1322,1531.8,,,,,,,1702,1322,1531.8,2
1898,statcan_plato_may_1898,213,18,GP,3,joined_weak,position,,71,78.15,23,14.4,,,,,,,16.23,14.4,,-1
1898,statcan_plato_may_1898,213,19,GP,3,joined_weak,position,,71,78.16,23,14.4,,,,,,,16.23,14.4,,-1
1898,statcan_plato_may_1898,213,21,GP,3 > Nova Scotia....,joined_weak,position,284,322,206,271,239.4,,,,,,,266,271,239.4,2
1898,statcan_plato_may_1898,213,24,GP,4,joined_weak,position,1703,1404,1712,1345,1546.2,,,,,,,1718,1345,1546.2,2
1898,statcan_plato_may_1898,213,25,GP,4 > Great Britain.....,joined_weak,position,3864,6601,3034,5156,1369.15,,,,,,,3084,5156,1369.15,2
1898,statcan_plato_may_1898,213,26,GP,4 > Australia.....,joined_weak,position,127,147,131,214,52.55,,,,,,,191,214,52.55,2
1898,statcan_plato_may_1898,213,28,GP,4,joined_weak,position,,10,22.1,22,9.1,,,,,,,10.22,9.1,,-1
1898,statcan_plato_may_1898,213,29,GP,4,joined_weak,position,,24,32.24,32,6.0,,,,,,,24.32,6.0,,-1
1898,statcan_plato_may_1898,213,32,GP,France.....,joined_weak,position,78906,67372,93328,70527,23669.53,,,,,,,93525,70527,23669.53,2
1898,statcan_plato_may_1898,213,34,GP,Germany.....,left_only,,12135,7375,10474,,,,,,,,,,,,
1898,statcan_plato_may_1898,213,35,GP,Holland.....,joined_weak,position,700,258,,7097,2651.4,,,,,,,10471,7097,2651.4,2
1898,statcan_plato_may_1898,213,36,GP,Italy.....,joined_weak,position,11714,3792,2310,1303,939.65,,,,,,,2315,1303,939.65,2
1898,statcan_plato_may_1898,213,38,GP,Portugal.....,left_only,,57,48,117,,,,,,,,,,,,
1898,statcan_plato_may_1898,213,40,GP,,right_only,,,,,57,36.85,,,,,,,79.57,36.85,,-1
1898,statcan_plato_may_1898,213,41,GP,Spain.....,joined_weak,position,127025,41952,100302,32703,25249.21,,,,,,,100362,32703,25249.21,2
1898,statcan_plato_may_1898,213,42,GP,Spanish Poss.: other.,joined_weak,position,112,68,300,96,52.0,,,,,,,208.96,52.0,,-1
1898,statcan_plato_may_1898,213,44,GP,Switzerland...,joined_weak,position,60,84,60,84,40.2,,,,,,,60.84,40.2,,-1
1898,statcan_plato_may_1898,214,14,GP,Germany.....,joined_weak,position,107,45,1614,671,661.62,,,,,,,1644,671,661.62,2
1898,statcan_plato_may_1898,214,15,GP,Italy.....,joined_weak,position,4212,2047,10632,4785,4426.46,,,,,,,10682,4785,4426.46,2
1898,statcan_plato_may_1898,214,16,GP,Portugal.....,joined_weak,position,437,321,54,73,37.02,,,,,,,54.73,37.02,,-1
1898,statcan_plato_may_1898,214,21,GP,Quebec.....,joined_weak,position,10837,5535,25865,11843,10795.1,,,,,,,25365,11843,10795.1,2
1898,statcan_plato_may_1898,214,25,GP,B. Columbia....,joined_weak,position,1493,518,1375,513,539.12,,,,,,,1378,513,539.12,2
1898,statcan_plato_may_1898,214,26,GP,P. E. Island....,joined_weak,position,25,22,150,71,63.3,,,,,,,150.71,63.3,,-1
1898,statcan_plato_may_1898,214,28,GP,3 Containing over 27 p.c. and not over 28 p.c..... > Great Britain.....,joined_weak,position,519,496,367,258,188.07,,,,,,,357,258,188.07,2
1898,statcan_plato_may_1898,214,29,GP,China.....,joined_weak,position,364,156,363,196,366.63,,,,,,,993,196,366.63,2
1898,statcan_plato_may_1898,214,30,GP,France.....,joined_weak,position,141,44,479,249,220.4,,,,,,,476,249,220.4,2
1898,statcan_plato_may_1898,214,31,GP,Germany.....,joined_weak,position,,,188,76,81.08,,,,,,,188.76,81.08,,-1
1898,statcan_plato_may_1898,214,35,GP,United States.....,joined_weak,position,737,479,565,381,289.76,,,,,,,566,381,289.76,2
1898,statcan_plato_may_1898,214,36,GP,Total.....,joined_weak,position,578,382,1695,1101,855.13,,,,,,,1693,1101,855.13,2
1898,statcan_plato_may_1898,214,37,GP,Quebec.....,joined_weak,position,2231,1762,7560,3765,3470.0,,,,,,,7550,3765,3470.0,2
1898,statcan_plato_may_1898,214,40,GP,Manitoba.....,joined_weak,position,329,248,28,51,23.98,,,,,,,28.51,23.98,,-1
1898,statcan_plato_may_1898,214,42,GP,,joined_weak,position,5902,4258,11524,5243,5444.41,,,,,,,11521,5243,5444.41,2
1898,statcan_plato_may_1898,215,12,GP,,joined_weak,position,,163,252.27,15,13.68,,,,,,,27,15,13.68,2
1898,statcan_plato_may_1898,215,15,GP,,joined_weak,position,,4,13.31,28,18.94,,,,,,,31,28,18.94,2
1898,statcan_plato_may_1898,215,18,GP,,left_only,,,48.51,,,,,,,,,,,,,
1898,statcan_plato_may_1898,215,31,GP,,joined_weak,position,,113,131.71,93,54.37,,,,,,,71,93,54.37,2
1898,statcan_plato_may_1898,215,35,GP,,joined_weak,position,,15,3.15,3,6.9,,,,,,,15,3,6.9,2
1898,statcan_plato_may_1898,215,42,GP,Spain.....,joined_weak,position,7354,8410,8234,8984,5984.3,,,,,,,8984,8984,5984.3,2
1898,statcan_plato_may_1898,215,43,GP,United States.....,joined_weak,position,2161,1598,1796,1459,1190.5,,,,,,,1756,1459,1190.5,2
1898,statcan_plato_may_1898,216,0,GP,Spirits and wines—,left_only,,,8,,,,,,,,,,,,,
1898,statcan_plato_may_1898,216,5,GP,1 > Manitoba.....,joined_weak,position,247,413,390,427,240.3,,,,,,,280,427,240.3,2
1898,statcan_plato_may_1898,216,6,GP,1 > B. Columbia.....,joined_weak,position,13778,5686,12541,4676,6461.72,,,,,,,12641,4676,6461.72,2
1898,statcan_plato_may_1898,216,7,GP,,joined_weak,position,23597,18199,25429,17987,14798.42,,,,,,,23499,17987,14798.42,2
1898,statcan_plato_may_1898,216,9,GP,2,joined_weak,position,,81,10.31,10,24.93,,,,,,,51,10,24.93,2
1898,statcan_plato_may_1898,216,10,GP,2 > Newfoundland.....,joined_weak,position,81,193,180,349,162.75,,,,,,,135,349,162.75,2
1898,statcan_plato_may_1898,216,11,GP,2 > China.....,joined_weak,position,3824,729,3080,765,1942.77,,,,,,,3989,765,1942.77,2
1898,statcan_plato_may_1898,216,13,GP,2 > Italy.....,joined_weak,position,,,57,55,45.31,,,,,,,67,55,45.31,2
1898,statcan_plato_may_1898,216,14,GP,2 > Portugal.....,joined_weak,position,2167,2635,1775,1981,1358.22,,,,,,,1776,1981,1358.22,2
1898,statcan_plato_may_1898,216,16,GP,2,joined_weak,position,,31,79.31,79,36.92,,,,,,,31,79,36.92,2
1898,statcan_plato_may_1898,216,19,GP,Total > Quebec.....,joined_weak,position,7150,8306,10320,9717,7355.28,,,,,,,10326,9717,7355.28,2
1898,statcan_plato_may_1898,216,21,GP,Total > N. Brunswick.....,joined_weak,position,420,510,366,724,515.62,,,,,,,693,724,515.62,2
1898,statcan_plato_may_1898,216,22,GP,Total > Manitoba.....,joined_weak,position,1440,1282,1131,933,762.16,,,,,,,1121,933,762.16,2
1898,statcan_plato_may_1898,216,23,GP,Total > B. Columbia.....,joined_weak,position,7979,5105,8458,5439,5268.51,,,,,,,8438,5439,5268.51,2
1898,statcan_plato_may_1898,216,24,GP,Total,joined_weak,position,,172,117.85,63,55.45,,,,,,,85,63,55.45,2
1898,statcan_plato_may_1898,216,25,GP,Total,joined_weak,position,20835,19650,26228,23984,18645.66,,,,,,,26628,23984,18645.66,2
1898,statcan_plato_may_1898,216,26,GP,"Total > 3 > 32 "" 33 > Great Britain.....",joined_weak,position,1872,3480,3260,3875,2154.98,,,,,,,2056,3875,2154.98,2
1898,statcan_plato_may_1898,216,27,GP,3,joined_weak,position,,27,22.27,22,19.02,,,,,,,27,22,19.02,2
1898,statcan_plato_may_1898,216,29,GP,3 > France.....,joined_weak,position,427,493,300,487,327.8,,,,,,,395,487,327.8,2
1898,statcan_plato_may_1898,216,32,GP,3 > Spain.....,joined_weak,position,9242,11461,8228,12224,7771.82,,,,,,,8923,12224,7771.82,2
1898,statcan_plato_may_1898,216,35,GP,Total > Quebec.....,joined_weak,position,6053,7593,6541,8605,5544.36,,,,,,,6441,8605,5544.36,2
1898,statcan_plato_may_1898,216,36,GP,Total > Nova Scotia.....,joined_weak,position,1518,2430,246,1482,879.76,,,,,,,946,1482,879.76,2
1898,statcan_plato_may_1898,216,37,GP,Total > N. Brunswick.....,joined_weak,position,1159,1737,1615,1344,870.56,,,,,,,1015,1344,870.56,2
1898,statcan_plato_may_1898,216,38,GP,Total > Manitoba.....,joined_weak,position,1225,1537,345,1068,754.98,,,,,,,945,1068,754.98,2
1898,statcan_plato_may_1898,216,39,GP,Total > B. Columbia.....,joined_weak,position,3444,3358,3771,3827,2910.95,,,,,,,3731,3827,2910.95,2
1898,statcan_plato_may_1898,216,40,GP,Total,joined_weak,position,,144,175.86,84,64.76,,,,,,,83,84,64.76,2
1898,statcan_plato_may_1898,216,41,GP,,joined_weak,position,19976,19828,19303,20979,13839.71,,,,,,,16303,20979,13839.71,2
1898,statcan_plato_may_1898,217,1,GP,1,joined_weak,position,,92,291.92,291,132.38,,,,,,,92,291,132.38,2
1898,statcan_plato_may_1898,217,2,GP,,joined_weak,position,,33,69.3,7,16.8,,,,,,,30,7,16.8,2
1898,statcan_plato_may_1898,217,6,GP,,left_only,,,3980,5854.68,,,,,,,,,,,,
1898,statcan_plato_may_1898,217,7,GP,,joined_weak,position,,68.5,,50,48.32,,,,,,,68,50,48.32,2
1898,statcan_plato_may_1898,217,11,GP,N. Brunswick.....,joined_weak,position,650,835,430,606,397.92,,,,,,,439,606,397.92,2
1898,statcan_plato_may_1898,217,14,GP,,joined_weak,position,,178,270.67,154,79.03,,,,,,,67,154,79.03,2
1898,statcan_plato_may_1898,217,18,GP,,joined_weak,position,,51,162.51,162,75.12,,,,,,,51,162,75.12,2
1898,statcan_plato_may_1898,217,25,GP,,joined_weak,position,,91,78.91,78,70.72,,,,,,,91,78,70.72,2
1898,statcan_plato_may_1898,217,29,GP,N. Brunswick.....,left_only,,373,464,,,,,,,,,,,,,
1898,statcan_plato_may_1898,217,34,GP,3 > 35,joined_weak,position,,113,412.62,337,152.2,,,,,,,65,337,152.2,2
1898,statcan_plato_may_1898,217,36,GP,,left_only,,,58,13.58,,,,,,,,,,,,
1898,statcan_plato_may_1898,217,37,GP,,joined_weak,position,,58.55,,13,35.8,,,,,,,58,13,35.8,2
1898,statcan_plato_may_1898,217,40,GP,,joined_weak,position,,77,46.77,46,56.15,,,,,,,77,46,56.15,2
1898,statcan_plato_may_1898,218,8,GP,1,joined_weak,position,,12,3.12,3,7.8,,,,,,,12,3,7.8,2
1898,statcan_plato_may_1898,218,9,GP,,joined_weak,position,,5,17.58,63,52.54,,,,,,,58,63,52.54,2
1898,statcan_plato_may_1898,218,12,GP,,joined_weak,position,,4,5.32,97,47.66,,,,,,,32,97,47.66,2
1898,statcan_plato_may_1898,218,18,GP,"2 > "" > "" > 37 "" > 38 """,joined_weak,position,,26,100.43,121,62.53,,,,,,,43,121,62.53,2
1898,statcan_plato_may_1898,218,19,GP,2,joined_weak,position,,10,2.1,2,6.7,,,,,,,10,2,6.7,2
1898,statcan_plato_may_1898,218,22,GP,2,joined_weak,position,,13,50.13,50,22.93,,,,,,,13,50,22.93,2
1898,statcan_plato_may_1898,218,23,GP,2 > Total .....,joined_weak,position,,39,150.96,347,162.66,,,,,,,96,347,162.66,2
1898,statcan_plato_may_1898,218,31,GP,2,joined_weak,position,,14,30.14,30,17.54,,,,,,,14,30,17.54,2
1898,statcan_plato_may_1898,218,32,GP,Total.....,joined_weak,position,,14,30.14,30,17.54,,,,,,,14,30,17.54,2
1898,statcan_plato_may_1898,218,36,GP,,joined_weak,position,,197.84,856,792,785.02,,,,,,,850,792,785.02,2
1898,statcan_plato_may_1898,218,37,GP,"5 > "" > "" > 39 "" > 40 """,joined_weak,position,,96,29.96,29,73.02,,,,,,,96,29,73.02,2
1898,statcan_plato_may_1898,219,0,GP,1 > Total,left_only,,,1,,,,,,,,,,,,,
1898,statcan_plato_may_1898,219,17,GP,3 > B. Columbia,joined_weak,position,770,9588,929,8248,2072.55,,,,,,,629,8248,2072.55,2
1898,statcan_plato_may_1898,219,21,GP,3 > Great Britain,joined_weak,position,185,1172,329,4425,1137.26,,,,,,,629,4425,1137.26,2
1898,statcan_plato_may_1898,219,22,GP,3 > France,joined_weak,position,13658,93850,12649,83928,20682.12,,,,,,,12549,83928,20682.12,2
1898,statcan_plato_may_1898,219,23,GP,Germany,joined_weak,position,1352,11450,989,5103,966.9,,,,,,,586,5103,966.9,2
1898,statcan_plato_may_1898,219,27,GP,4 > Quebec,joined_weak,position,9738,67089,5512,40433,10800.49,,,,,,,6512,40433,10800.49,2
1898,statcan_plato_may_1898,219,28,GP,4 > Nova Scotia,joined_weak,position,216,1440,980,1820,514.74,,,,,,,280,1820,514.74,2
1898,statcan_plato_may_1898,219,31,GP,4 > B. Columbia,joined_weak,position,5082,39777,5543,42846,9099.31,,,,,,,5546,42846,9099.31,2
1898,statcan_plato_may_1898,219,33,GP,4 > N. W. Ter.,joined_weak,position,6,64,5,64,9.9,,,,,,,6.64,9.9,,-1
1898,statcan_plato_may_1898,219,34,GP,4,joined_weak,position,15627,111454,14622,96888,23237.48,,,,,,,14022,96888,23237.48,2
1898,statcan_plato_may_1898,219,36,GP,4 > France,joined_weak,position,320,967,518,805,178.76,,,,,,,218,805,178.76,2
1898,statcan_plato_may_1898,219,38,GP,Total > Ontario,joined_weak,position,45,183,87,184,39.44,,,,,,,47,184,39.44,2
1898,statcan_plato_may_1898,219,41,GP,Total > B. Columbia,joined_weak,position,,,26,79,19.68,,,,,,,24.79,19.68,,-1
1898,statcan_plato_may_1898,220,18,GP,"3 Starch, including farina, corn starch, &c. > Great Britain.....",joined_weak,position,,19294,,966,215.17,322258,18607,4229.73,,,,336603,19573,4444.9,2
1898,statcan_plato_may_1898,220,19,GP,Belgium.....,joined_weak,position,8400,336,,,,2800,112,36.75,,,,2800,112,36.75,2
1898,statcan_plato_may_1898,221,1,GP,1,joined_weak,position,,7.2,,,,7,20,2.62,,,,7,20,2.62,2
1898,statcan_plato_may_1898,221,8,GP,1,joined_weak,position,,17,42.17,42,6.3,,,,,,,17,42,6.3,2
1898,statcan_plato_may_1898,221,14,GP,2,joined_weak,position,,361,1531.57,498,99.6,304,1033,180.78,,,,361,1531,280.38,2
1898,statcan_plato_may_1898,221,17,GP,2,joined_weak,position,,13,217.13,217,43.4,,,,,,,13,217,43.4,2
1898,statcan_plato_may_1898,221,20,GP,3,joined_weak,position,,67,373.67,373,74.6,,,,,,,67,373,74.6,2
1898,statcan_plato_may_1898,221,21,GP,3 > Total .....,joined_weak,position,,16,76.16,76,15.2,,,,,,,16,76,15.2,2
1898,statcan_plato_may_1898,221,22,GP,3,joined_weak,position,,50,220.5,220,44.0,,,,,,,50,220,44.0,2
1898,statcan_plato_may_1898,221,26,GP,3,joined_weak,position,,73,390.73,390,78.0,,,,,,,73,390,78.0,2
1898,statcan_plato_may_1898,221,27,GP,4 > Granite finished and polished ..... > Great Britain.....,joined_weak,position,183,7288,183,163,57.05,181,7174,2197.14,,,,184,7337,2254.19,2
1898,statcan_plato_may_1898,221,29,GP,4,joined_weak,position,,43,1132.43,1132,396.15,,,,,,,43,1132,396.15,2
1898,statcan_plato_may_1898,221,30,GP,4 > Total ..... > Ontario.....,joined_weak,position,163,6882,163,536,185.5,153,6401,1960.41,,,,164,6931,2145.91,0
1898,statcan_plato_may_1898,221,31,GP,4,joined_weak,position,,23,929.23,327,114.45,12,602,184.36,,,,23,929,298.81,2
1898,statcan_plato_may_1898,221,33,GP,4,joined_weak,position,,20,388.2,383,135.75,,,,,,,20,388,135.75,0
1898,statcan_plato_may_1898,221,34,GP,4,joined_weak,position,,20,221.2,50,17.5,16,171,52.37,,,,20,221,69.87,2
1898,statcan_plato_may_1898,221,35,GP,4,joined_weak,position,227,8456,227,1351,465.8,181,7174,2197.14,,,,228,8505,2662.94,0
1898,statcan_plato_may_1898,223,22,GP,,right_only,,,,,14,2.8,,385,67.8,,,,,389,70.6,0
1898,statcan_plato_may_1898,223,34,GP,B. W. Indies .....,joined_weak,position,4386249,104163,4271306,101784,45233.26,,,,,,,,101784,45233.26,2
1898,statcan_plato_may_1898,223,35,GP,Hong Kong .....,joined_weak,position,82835,2145,15547,467,156.78,,,,,,,15567,467,156.78,2
1898,statcan_plato_may_1898,223,39,GP,China .....,joined_weak,position,1790571,55420,1794220,56194,18719.1,,,,,,,4794220,56194,18719.1,2
1898,statcan_plato_may_1898,224,0,GP,Total..... > Ontario.....,joined_weak,position,11571836,284053,11248673,275403,112294.68,,,,,,,11248678,275403,112294.68,2
1898,statcan_plato_may_1898,224,1,GP,Quebec.....,joined_weak,position,8201701,205714,7917981,200326,82499.16,,,,,,,7917081,200326,82499.16,2
1898,statcan_plato_may_1898,224,2,GP,Nova Scotia.....,joined_weak,position,626137,17009,564373,15350,6059.26,,,,,,,564379,15350,6059.26,2
1898,statcan_plato_may_1898,224,3,GP,N. Brunswick.....,joined_weak,position,358744,9016,320196,7318,3201.04,,,,,,,320104,7318,3201.04,2
1898,statcan_plato_may_1898,224,5,GP,B. Columbia.....,joined_weak,position,1884249,61718,1877274,62009,19594.65,,,,,,,1877574,62009,19594.65,2
1898,statcan_plato_may_1898,224,8,GP,,left_only,,23172117,590552,22457360,,,,,,,,,,,,
1898,statcan_plato_may_1898,224,9,GP,"2 "" Sugar not above No. 16 D. S. in colour, sugar drainings or pump- ings drained in transit, melado or concentrated melado, tank bottoms and sugar concrete..... > Great Britain.....",joined_weak,position,2461545,57340,2383779,573448,229372.03,,,,,,,22457266,573448,229372.03,2
1898,statcan_plato_may_1898,224,10,GP,Australia.....,joined_weak,position,22407,560,,54482,12186.56,,,,,,,2383770,54482,12186.56,2
1898,statcan_plato_may_1898,224,11,GP,B. Guiana.....,joined_weak,position,2180685,39601,2065731,37086,10342.23,,,,,,,2066751,37086,10342.23,2
1898,statcan_plato_may_1898,224,12,GP,B. W. Indies.....,joined_weak,position,11070707,223052,8975333,180025,47483.52,,,,,,,8975931,180025,47483.52,2
1898,statcan_plato_may_1898,224,14,GP,Belgium.....,joined_weak,position,38871198,765256,28631307,563659,146204.02,,,,,,,28631597,563659,146204.02,2
1898,statcan_plato_may_1898,224,17,GP,Dutch E. Indies.....,joined_weak,position,14980571,241934,6578783,90296,32192.69,,,,,,,6578784,90296,32192.69,2
1898,statcan_plato_may_1898,224,20,GP,Peru.....,joined_weak,position,16633641,350875,19611303,423000,98916.67,,,,,,,19611903,423000,98916.67,2
1898,statcan_plato_may_1898,224,21,GP,Spanish E. Indies.....,joined_weak,position,10528000,140606,5150426,68788,25752.68,,,,,,,5150536,68788,25752.68,2
1898,statcan_plato_may_1898,224,22,GP,Spanish W. Indies.....,joined_weak,position,3181560,73786,3400102,74755,17026.05,,,,,,,3490159,74755,17026.05,2
1898,statcan_plato_may_1898,224,23,GP,United States.....,joined_weak,position,19058683,390513,17343063,356444,87482.72,,,,,,,17343061,356444,87482.72,2
1898,statcan_plato_may_1898,224,24,GP,Total..... > Ontario.....,joined_weak,position,1767607,41350,1514323,34969,8183.94,,,,,,,1514863,34969,8183.94,2
1898,statcan_plato_may_1898,224,26,GP,Nova Scotia.....,joined_weak,position,41986227,843399,39595085,791274,200585.13,,,,,,,39593905,791274,200585.13,2
1898,statcan_plato_may_1898,224,27,GP,N. Brunswick.....,joined_weak,position,116559,2850,179364,3366,899.8,,,,,,,179954,3366,899.8,2
1898,statcan_plato_may_1898,224,28,GP,B. Columbia.....,joined_weak,position,23401897,504171,21309410,461219,107361.33,,,,,,,21300415,461219,107361.33,2
1898,statcan_plato_may_1898,224,30,GP,,joined_weak,position,238582932,4667361,216070036,4295508,1094957.8,,,,,,,216570038,4295508,1094957.8,2
1898,statcan_plato_may_1898,224,31,GP,"3 "" Syrups and molasses of all kinds, N.O.P., the product of the sugar cane or beet, N.E.S., and all ini- tiations thereof or substitutes therefor..... > Great Britain.....",joined_weak,position,2585,146,2625,70,19.71,,,,,,,2628.7,19.71,3,-2
1898,statcan_plato_may_1898,224,32,GP,Australia.....,joined_weak,position,8186,301,9590,405,70.02,,,,,,,9336,405,70.02,2
1898,statcan_plato_may_1898,224,33,GP,B. W. Indies.....,joined_weak,position,23088,235,7334,65,56.53,,,,,,,7336.65,56.53,,-1
1898,statcan_plato_may_1898,224,34,GP,Hawaii.....,joined_weak,position,10350,110,5219,54,41.39,,,,,,,5519.54,41.39,,-1
1898,statcan_plato_may_1898,224,37,GP,Quebec.....,joined_weak,position,71075,1432,42563,911,372.49,,,,,,,49663,911,372.49,2
1898,statcan_plato_may_1898,224,38,GP,Nova Scotia.....,joined_weak,position,25325,305,9675,135,71.8,,,,,,,9573,135,71.8,2
1898,statcan_plato_may_1898,224,40,GP,B. Columbia.....,joined_weak,position,327519,8989,294377,8280,2218.03,,,,,,,294877,8280,2218.03,2
1898,statcan_plato_may_1898,225,0,GP,DUTIABLE GOODS.— Con.,left_only,,,8,,,,,,,,,,,,,
1898,statcan_plato_may_1898,225,1,GP,"1 > Sugars, syrups and molasses— Molasses produced in the process of the manufacture of cane sugar from the juice of the cane without any admixture with any other ingredient, when imported in the original package in which it was placed at the point of production and not afterwards subjected to any process of treating or mixing. Testing by polariscope, 40 degrees or over.",joined_weak,position,,20,4.2,4,0.35,,,,,,,20,4,0.35,2
1898,statcan_plato_may_1898,226,1,GP,Australia.....,left_only,,60,9,,,,,,,,,,,,,
1898,statcan_plato_may_1898,226,5,GP,Germany.....,joined_weak,position,300,50,,,,300,50,16.75,,,,700.5,16.75,,-1
1898,statcan_plato_may_1898,226,17,GP,P. E. Island.....,joined_weak,position,1279,131,622,59,23.76,657.72,24.93,1279,,,,131,48.69,,-1
1898,statcan_plato_may_1898,226,18,GP,N. W. Ter.....,joined_weak,position,519,71,519,71,27.47,,,,,,,519.71,27.47,,-1
1898,statcan_plato_may_1898,226,23,GP,Quebec.....,joined_weak,position,831946,13681,636589,10478,4774.41,5250,148,34.45,,,,641830,10626,4808.86,2
1898,statcan_plato_may_1898,226,24,GP,Nova Scotia.....,joined_weak,position,37922,739,59415,833,378.15,560.32,3.68,50975,,,,865,381.83,,-1
1898,statcan_plato_may_1898,226,28,GP,P. E. Island.....,joined_weak,position,3484,71,3484,71,26.14,,,,,,,3484.71,26.14,,-1
1898,statcan_plato_may_1898,226,29,GP,N. W. Ter.....,joined_weak,position,2910,94,2910,94,21.83,,,,,,,2910.94,21.83,,-1
1898,statcan_plato_may_1898,226,32,GP,France.....,joined_weak,position,345,1067,45,210,42.0,126,482,84.35,,,,165,692,126.35,2
1898,statcan_plato_may_1898,226,34,GP,United States.....,joined_weak,position,57,52,57,52,10.9,,,,,,,57.52,10.9,,-1
1898,statcan_plato_may_1898,226,37,GP,B. Columbia.....,joined_weak,position,7,57,,,,7,57,9.99,,,,7.57,9.99,,-1
1898,statcan_plato_may_1898,226,39,GP,,joined_weak,position,1744,3758,2219,402,82.2,1257,2800,490.02,,,,1469,3202,570.92,0
1898,statcan_plato_may_1898,227,29,GP,Nova Scotia,joined_weak,position,2090,136,1978,104,20.8,112.32,5.6,2090,,,,136,26.4,,-1
1898,statcan_plato_may_1898,228,3,GP,"1 Tea of Ceylon, black..... > Total.....",joined_weak,position,,111.59,111,59,5.9,,,,,,,111.59,5.9,,-1
1898,statcan_plato_may_1898,228,4,GP,"1 Tea of Ceylon, black.....",joined_weak,position,,2926,541.26,14,1.1,,,,,,,26.14,1.1,,-1
1898,statcan_plato_may_1898,228,16,GP,"3 "" India, black..... > Total.....",joined_weak,position,,10,5.1,5,0.5,,,,,,,10,5,0.5,2
1898,statcan_plato_may_1898,228,17,GP,"3 "" India, black.....",joined_weak,position,,40,5.4,5,0.5,,,,,,,40,5,0.5,2
1898,statcan_plato_may_1898,228,18,GP,"3 "" India, black.....",joined_weak,position,,19,5.19,5,0.5,,,,,,,19,5,0.5,2
1898,statcan_plato_may_1898,228,35,GP,"5 "" China, black..... > 6 "" "" green.....",joined_weak,position,,600.68,600,68,6.8,,,,,,,600.68,6.8,6,-2
1898,statcan_plato_may_1898,228,40,GP,"6 "" "" green.....",joined_weak,position,,44,13.44,13,1.3,,,,,,,44.13,1.3,,-1
1898,statcan_plato_may_1898,228,41,GP,"6 "" "" green.....",joined_weak,position,,160.68,160,68,6.8,,,,,,,160.68,6.8,,-1
1898,statcan_plato_may_1898,228,42,GP,"6 "" "" green.....",joined_weak,position,,480.74,480,74,7.4,,,,,,,480.74,7.4,,-1
1898,statcan_plato_may_1898,229,4,GP,"1 Tea of Japan, black..... > Quebec.....",joined_weak,position,196,69,196,69,6.9,,,,,,,196.69,6.9,,-1
1898,statcan_plato_may_1898,229,5,GP,"1 Tea of Japan, black..... > N. Brunswick.....",joined_weak,position,227,75,227,75,7.5,,,,,,,227.75,7.5,,-1
1898,statcan_plato_may_1898,229,14,GP,"2 "" "" green..... > Quebec.....",joined_weak,position,121518,8844,67903,5536,553.6,,,,,,,67003,5536,553.6,2
1898,statcan_plato_may_1898,229,22,GP,"Quebec..... > 3 "" other countries, black.....",joined_weak,position,2374,580,335,74,7.4,,,,,,,335.74,7.4,,-1
1898,statcan_plato_may_1898,229,24,GP,"N. Brunswick..... > 3 "" other countries, black.....",joined_weak,position,184,55,184,55,5.5,,,,,,,184.55,5.5,,-1
1898,statcan_plato_may_1898,229,25,GP,"Manitoba..... > 3 "" other countries, black.....",joined_weak,position,322,93,322,93,9.3,,,,,,,322.93,9.3,,-1
1898,statcan_plato_may_1898,229,31,GP,"4 "" "" green..... > Quebec.....",joined_weak,position,900,72,900,72,7.2,,,,,,,900.72,7.2,,-1
1898,statcan_plato_may_1898,230,41,GP,Japan.....,left_only,,21,2,,,,,,,,,,,,,
1898,statcan_plato_may_1898,230,44,GP,United States.....,joined_weak,position,264,991,165,375,589.0,,,,,,,455,375,589.0,2
1898,statcan_plato_may_1898,231,0,GP,Total..... > Ontario.....,joined_weak,position,247,1088,148,472,162.0,,,,,,,348,472,632.6,0
1898,statcan_plato_may_1898,231,8,GP,2 Cigars..... > Great Britain.....,joined_weak,position,1901,2638,1790,2745,5055.75,,,,,,,1745,2745,5055.75,2
1898,statcan_plato_may_1898,231,21,GP,Spain.....,joined_weak,position,1,1,1,50,189.5,,,,,,,59,50,189.5,2
1898,statcan_plato_may_1898,232,0,GP,Total..... > Ontario.....,joined_weak,position,3843,2342,3843,2049,2114.75,,,,,,,3845,2049,2114.75,2
1898,statcan_plato_may_1898,232,1,GP,Quebec.....,joined_weak,position,7639,3706,5128,2273,3408.3,,,,,,,6198,3273,3408.9,-2
1898,statcan_plato_may_1898,232,2,GP,Nova Scotia....,joined_weak,position,2876,1468,2815,1537,1549.64,,,,,,,2816,1437,1549.64,0
1898,statcan_plato_may_1898,232,3,GP,,joined_weak,position,,70,37.7,37,37.78,,,,,,,70.37,37.78,,-1
1898,statcan_plato_may_1898,232,5,GP,B. Columbia....,joined_weak,position,42242,30623,35755,23803,19670.75,,,,,,,35765,23803,19670.75,2
1898,statcan_plato_may_1898,232,7,GP,,joined_weak,position,59079,39024,51134,31740,28121.76,,,,,,,51131,31740,28121.76,2
1898,statcan_plato_may_1898,232,8,GP,2 > „ Snuff.....,joined_weak,position,,191.9,191,90,95.25,,,,,,,191.9,95.25,2,-2
1898,statcan_plato_may_1898,232,13,GP,N. Brunswick...,joined_weak,position,1065,220,956,213,492.5,,,,,,,985,213,492.5,2
1898,statcan_plato_may_1898,232,14,GP,,joined_weak,position,,49,28.49,28,24.25,,,,,,,49.28,24.25,,-1
1898,statcan_plato_may_1898,232,16,GP,,joined_weak,position,5690,1464,5910,1457,2803.88,,,,,,,5610,1457,2803.88,2
1898,statcan_plato_may_1898,232,17,GP,"3 > „ All other manufactures of tobacco, N. E. S..... > Great Britain.....",joined_weak,position,494,285,374,377,387.0,,,,,,,774,377,387.0,2
1898,statcan_plato_may_1898,232,21,GP,United States.....,joined_weak,position,62312,18986,51906,16613,25951.75,,,,,,,51903,16613,25951.75,2
1898,statcan_plato_may_1898,232,22,GP,Total..... > Ontario.....,joined_weak,position,6668,2257,6312,2308,3406.0,,,,,,,6812,2308,3406.0,2
1898,statcan_plato_may_1898,232,23,GP,Quebec.....,joined_weak,position,18376,4625,14029,3634,7012.5,,,,,,,14025,3634,7012.5,2
1898,statcan_plato_may_1898,232,24,GP,Nova Scotia....,joined_weak,position,2435,561,203,418,196.5,,,,,,,393,118,196.5,0
1898,statcan_plato_may_1898,232,27,GP,B. Columbia....,joined_weak,position,31735,10876,27355,2178,13927.5,,,,,,,27855,2178,13927.5,2
1898,statcan_plato_may_1898,232,28,GP,,joined_weak,position,,64,29.64,29,32.0,,,,,,,64.29,32.0,,-1
1898,statcan_plato_may_1898,232,29,GP,"4 > „ Foreign raw leaf tobacco, un- stemmed, unmanufactured for ex- cise purposes.....",joined_weak,position,62818,19275,52069,16994,26344.75,,,,,,,52689,16994,26344.75,2
1898,statcan_plato_may_1898,232,31,GP,,joined_weak,position,,10,2.1,2,1.0,,,,,,,10,2,1.0,2
1898,statcan_plato_may_1898,232,32,GP,Belgium.....,joined_weak,position,5850,2162,3604,1346,363.4,,,,,,,3634,1346,363.4,2
1898,statcan_plato_may_1898,232,33,GP,Germany.....,joined_weak,position,42793,8323,8323,2398,833.7,,,,,,,8337,2398,833.7,2
1898,statcan_plato_may_1898,232,34,GP,Holland.....,joined_weak,position,25092,9867,16720,1442,1675.9,,,,,,,16759,1442,1675.9,2
1898,statcan_plato_may_1898,232,35,GP,Mexico.....,joined_weak,position,15703,2915,796,223,73.6,,,,,,,736,223,73.6,2
1898,statcan_plato_may_1898,232,36,GP,S. W. Indies.....,joined_weak,position,12913,10151,5850,5118,586.5,,,,,,,5865,5118,586.5,2
1898,statcan_plato_may_1898,232,38,GP,United States.....,joined_weak,position,5772706,1022113,1975209,464997,197684.05,,,,,,,1975202,464997,197684.05,2
1898,statcan_plato_may_1898,232,39,GP,Total..... > Ontario.....,joined_weak,position,1895857,361765,785807,180929,78586.7,,,,,,,785867,180929,78586.7,2
1898,statcan_plato_may_1898,232,40,GP,Quebec.....,joined_weak,position,3549170,595659,937340,226709,93887.75,,,,,,,937240,226709,93887.75,2
1898,statcan_plato_may_1898,232,41,GP,Nova Scotia....,joined_weak,position,120764,8005,77829,6474,7782.8,,,,,,,77828,6474,7782.8,2
1898,statcan_plato_may_1898,232,43,GP,Manitoba.....,joined_weak,position,75594,32014,41904,12859,4130.45,,,,,,,41304,12859,4130.45,2
1898,statcan_plato_may_1898,232,44,GP,B. Columbia....,joined_weak,position,86615,47656,68074,35562,6867.45,,,,,,,68674,35562,6867.45,2
1898,statcan_plato_may_1898,232,45,GP,P. E. Island....,joined_weak,position,139152,8077,76407,4000,7643.7,,,,,,,76437,4000,7643.7,2
1898,statcan_plato_may_1898,232,46,GP,,joined_weak,position,5911472,1030492,2015170,479569,201841.35,,,,,,,2016775,479569,201841.35,2
1898,statcan_plato_may_1898,233,0,GP,,right_only,,,,,1923,1288.9,,,,,,,9207,1923,1288.9,2
1898,statcan_plato_may_1898,233,1,GP,,right_only,,,,,1141,536.2,,,,,,,3830,1141,536.2,2
1898,statcan_plato_may_1898,233,2,GP,,right_only,,,,,60,45.92,,,,,,,328.6,45.92,,-1
1898,statcan_plato_may_1898,233,3,GP,,right_only,,,,,3124,1871.02,,,,,,,13365,3124,1871.02,2
1898,statcan_plato_may_1898,233,4,GP,,right_only,,,,,5014,1754.9,,22726,6955.24,,,,,27740,8710.14,2
1898,statcan_plato_may_1898,233,5,GP,,right_only,,,,,5355,1874.25,,21633,6617.11,,,,,26988,8491.36,2
1898,statcan_plato_may_1898,233,6,GP,,right_only,,,,,10,3.5,,,,,,,,10,3.5,2
1898,statcan_plato_may_1898,233,7,GP,,right_only,,,,,59,20.65,,,,,,,,59,20.65,2
1898,statcan_plato_may_1898,233,8,GP,,right_only,,,,,7030,2460.5,,54314,16646.15,,,,,61344,19106.65,2
1898,statcan_plato_may_1898,233,9,GP,,right_only,,,,,1718,601.3,,11216,3434.97,,,,,12934,4036.27,2
1898,statcan_plato_may_1898,233,10,GP,,right_only,,,,,161,56.35,,82,25.12,,,,,243,81.47,2
1898,statcan_plato_may_1898,233,11,GP,,right_only,,,,,5,1.75,,,,,,,,5,1.75,2
1898,statcan_plato_may_1898,233,12,GP,,right_only,,,,,19833,6942.3,,,,,,,,19833,6942.3,2
1898,statcan_plato_may_1898,233,13,GP,,right_only,,,,,7593,2658.3,,16418,5027.68,,,,,24011,7385.98,0
1898,statcan_plato_may_1898,233,14,GP,,right_only,,,,,28695,10043.25,,85919,26312.84,,,,,114614,36356.09,2
1898,statcan_plato_may_1898,233,15,GP,,right_only,,,,,650,192.5,,1072,328.38,,,,,1622,520.88,0
1898,statcan_plato_may_1898,233,16,GP,,right_only,,,,,398,139.3,,491,150.37,,,,,889,289.67,2
1898,statcan_plato_may_1898,233,17,GP,,right_only,,,,,498,174.3,,2160,661.5,,,,,2658,835.8,2
1898,statcan_plato_may_1898,233,18,GP,,right_only,,,,,1261,441.35,,3726,1141.16,,,,,4987,1582.51,2
1898,statcan_plato_may_1898,233,19,GP,,right_only,,,,,18,6.3,,92,28.18,,,,,110,34.48,2
1898,statcan_plato_may_1898,233,20,GP,,right_only,,,,,172,60.2,,93,28.48,,,,,265,88.68,2
1898,statcan_plato_may_1898,233,21,GP,,right_only,,,,,39185,13715.5,,109971,33678.59,,,,,149156,47394.09,2
1898,statcan_plato_may_1898,233,31,GP,,joined_weak,position,712949,212103,710600,4308,1292.4,,7970,2089.97,,,,,12278,3382.37,2
1898,statcan_plato_may_1898,233,32,GP,,right_only,,,,,9168,458.4,,6,5,,,,0.22,,9173,-1
1898,statcan_plato_may_1898,233,33,GP,,right_only,,,,,16,0.8,,,,,,,,15.16,0.8,0
1898,statcan_plato_may_1898,233,34,GP,,right_only,,,,,202027,10101.45,,,,,,,,660731,202027,-2
1898,statcan_plato_may_1898,233,35,GP,,right_only,,,,,70827,3541.35,,,,,,,,255890,70827,-2
1898,statcan_plato_may_1898,233,36,GP,,right_only,,,,,105466,5273.3,,,,,,,,353736,105466,-2
1898,statcan_plato_may_1898,233,37,GP,,right_only,,,,,7218,360.9,,,,,,,,19948,7218,-2
1898,statcan_plato_may_1898,233,38,GP,,right_only,,,,,14242,712.1,,,,,,,,45363,14242,-2
1898,statcan_plato_may_1898,233,39,GP,,right_only,,,,,5870,293.5,6,5,0.22,,,,,18896,5875,-2
1898,statcan_plato_may_1898,233,40,GP,,right_only,,,,,6789,339.45,,,,,,,,14716,6789,-2
1898,statcan_plato_may_1898,233,41,GP,,right_only,,,,,722,36.1,,,,,,,,1886,722,-2
1898,statcan_plato_may_1898,233,42,GP,,right_only,,,,,77,3.95,,,,,,,,171.77,3.95,0
1898,statcan_plato_may_1898,233,43,GP,,right_only,,,,,211211,10560.65,6,5,0.22,,,,,710606,211216,-2
1898,statcan_plato_may_1898,234,23,GP,"3 Twines of all kinds, N.E.S. > Great Britain",joined_weak,position,99494,12841,15570,1557,324.25,82027,11285,2468.57,,,,97600,12582,2792.82,0
1898,statcan_plato_may_1898,234,24,GP,"3 Twines of all kinds, N.E.S. > Austria",joined_weak,position,3311,374,470,58,17.0,3195,372,81.36,,,,3671,440,98.36,0
1898,statcan_plato_may_1898,234,29,GP,"3 Twines of all kinds, N.E.S. > United States",joined_weak,position,97875,11544,97905,11557,2889.5,,,,,,,97995,11557,2889.5,2
1898,statcan_plato_may_1898,234,37,GP,,joined_weak,position,206550,25496,116354,13455,2364.5,86852,11861,2594.58,,,,205136,25316,5958.58,0
1898,statcan_plato_may_1898,236,3,GP,"1 Varnish, lacquers, japans, japan dryers, liquid dryers, and oil finish, N.E.S. > Japan.....",left_only,,158,869,,,,,,,,,,,,,
1898,statcan_plato_may_1898,236,6,GP,Total ..... > Quebec.....,joined_weak,position,12989,24386,6805,9919,3362.8,4558,11552,2819.51,,,,11453,21471,6182.31,2
1898,statcan_plato_may_1898,236,8,GP,Total ..... > N. Brunswick.....,joined_weak,position,852,2232,568,1385,378.6,364,935,227.34,,,,872,2320,605.94,2
1898,statcan_plato_may_1898,236,11,GP,Total ..... > P. E. Island.....,joined_weak,position,24,79,24,79,20.6,,,,,,,24.79,20.6,,-1
1898,statcan_plato_may_1898,236,13,GP,Total .....,joined_weak,position,51897,76775,40696,51506,18439.38,8577,22695,5481.19,,,,49175,74291,23920.57,0
1898,statcan_plato_may_1898,236,20,GP,"2 Vegetables, viz :— Melons..... > P. E. Island.....",joined_weak,position,337,91,337,20,22.75,,,,,,,337.91,22.75,,-1
1898,statcan_plato_may_1898,236,26,GP,3 Potatoes..... > United States.....,joined_weak,position,82441,28388,81747,28984,12252.24,,,,,,,81767,28194,12252.24,0
1898,statcan_plato_may_1898,236,28,GP,Quebec..... > Total.....,joined_weak,position,624,597,624,587,50.97,,,,,,,424,587,50.97,2
1898,statcan_plato_may_1898,236,29,GP,Nova Scotia..... > Total.....,joined_weak,position,125,89,125,89,15.68,,,,,,,125.89,15.68,,-1
1898,statcan_plato_may_1898,236,32,GP,B. Columbia..... > Total.....,joined_weak,position,72218,20262,71394,20068,10728.92,,,,,,,71524,20068,10728.92,2
1898,statcan_plato_may_1898,236,35,GP,Total.....,joined_weak,position,82502,28443,81808,28249,12268.3,,,,,,,81508,28249,12268.3,2
1898,statcan_plato_may_1898,236,37,GP,4 Sweet and yams..... > China.....,joined_weak,position,216,257,216,357,91.7,,,,,,,916,357,91.7,2
1898,statcan_plato_may_1898,236,38,GP,4 Sweet and yams..... > United States.....,joined_weak,position,13369,13433,13369,11435,1556.5,,,,,,,41302,11435,1556.5,2
1898,statcan_plato_may_1898,237,20,GP,Great Britain.....,joined_weak,position,45713,4946,3652,209,144.77,23635,3063,312.73,,,,33287,4062,457.5,0
1898,statcan_plato_may_1898,237,23,GP,China.....,joined_weak,position,25515,639,26156,727,392.33,,,,,,,26155,727,392.33,2
1898,statcan_plato_may_1898,237,24,GP,France.....,joined_weak,position,271613,23448,51754,4342,776.01,173390,15668,2277.25,,,,225224,20010,3053.26,2
1898,statcan_plato_may_1898,237,25,GP,Germany.....,joined_weak,position,593,63,308,19,5.97,195,44,2.65,,,,593.63,8.62,,-1
1898,statcan_plato_may_1898,237,26,GP,Japan.....,joined_weak,position,914,75,,,,914,75,12.0,,,,914.75,12.0,,-1
1898,statcan_plato_may_1898,237,27,GP,Italy.....,joined_weak,position,246,51,246,51,3.69,,,,,,,246.51,3.69,,-1
1898,statcan_plato_may_1898,237,30,GP,Total..... > Ontario.....,joined_weak,position,122556,3452,79000,5113,1195.6,34739,3932,458.3,,,,114438,9045,1655.9,0
1898,statcan_plato_may_1898,237,35,GP,B. Columbia.....,joined_weak,position,139608,6407,131700,6375,1992.95,6694,913,87.86,,,,138493,6288,2080.81,0
1898,statcan_plato_may_1898,237,36,GP,P. E. Island.....,joined_weak,position,714,62,743,62,11.17,,,,,,,744.62,11.17,,-1
1898,statcan_plato_may_1898,237,37,GP,N. W. Ter.....,joined_weak,position,2234,84,2234,84,33.15,,,,,,,2234.84,33.15,,-1
1898,statcan_plato_may_1898,237,38,GP,,joined_weak,position,695562,47237,413703,32917,6212.28,198314,18856,2605.68,,,,611415,41773,8817.96,0
1898,statcan_plato_may_1898,238,22,GP,"2 Vinegar, of any strength not exceeding strength of proof ..... > Galls.",left_only,,34606,8564,,,,,,,,,,,,,
1898,statcan_plato_may_1898,238,23,GP,Great Britain .....,joined_weak,position,,,2220,533,483.81,22795,5892,2995.56,,,,26021,6523,3479.37,0
1898,statcan_plato_may_1898,238,28,GP,United States .....,joined_weak,position,7837,3576,8942,3615,1192.35,,,,,,,8042,3616,1192.35,0
1898,statcan_plato_may_1898,238,29,GP,Total ..... > Ontario .....,joined_weak,position,9555,2068,676,138,101.32,6153,1374,811.08,,,,6828,1532,912.4,0
1898,statcan_plato_may_1898,238,30,GP,Quebec .....,joined_weak,position,16369,3363,1804,269,279.6,11013,2418,1445.84,,,,12877,2807,1725.44,0
1898,statcan_plato_may_1898,238,31,GP,Nova Scotia .....,joined_weak,position,1545,332,968,98,82.86,987,233,129.56,,,,1540,331,212.42,2
1898,statcan_plato_may_1898,238,33,GP,Manitoba .....,joined_weak,position,1390,254,59,12,7.5,1729,319,225.9,,,,1770,331,233.4,2
1898,statcan_plato_may_1898,238,34,GP,B. Columbia .....,joined_weak,position,19388,6703,9284,5779,1362.6,6895,1937,905.08,,,,15979,5716,2267.68,0
1898,statcan_plato_may_1898,238,37,GP,"3 "" "" containing 1 degree above strength of proof or 7 degrees of absolute acid .....",joined_weak,position,49618,12951,12876,4554,1931.08,27491,6414,3612.11,,,,40365,10948,5543.19,0
1898,statcan_plato_may_1898,238,43,GP,,joined_weak,position,505,144,505,543,94.43,2,1,0.35,,,,545,544,94.78,2
1898,statcan_plato_may_1898,239,0,GP,,right_only,,,,,,,117,75,23.56,,,,117.75,23.56,1,-2
1898,statcan_plato_may_1898,239,4,GP,"5 "" "" containing 18 degrees above strength of proof..... > Great Britain— B. Columbia....",joined_weak,position,10,47,,,,6,28,2.68,,,,6.28,2.68,5,-2
1898,statcan_plato_may_1898,239,10,GP,,right_only,,,,,,,63,62,63.91,,,,63.62,63.91,11,-2
1898,statcan_plato_may_1898,239,11,GP,"11 "" "" containing 50 degrees above strength of proof..... > Germany— Ontario..... B. Columbia....",joined_weak,position,,,,,,137,119,136.68,,,,137,119,136.68,2
1898,statcan_plato_may_1898,239,13,GP,,right_only,,,,,,,95,18,113.88,,,,95.18,113.88,,-1
1898,statcan_plato_may_1898,239,14,GP,"13 "" "" containing 64 degrees above strength of proof..... > Germany— Ontario.....",joined_weak,position,125,24,,,,25,5,31.28,,,,25,5,31.28,2
1898,statcan_plato_may_1898,239,16,GP,"15 "" "" containing 70 degrees above strength of proof..... > Germany— Ontario.....",joined_weak,position,275,315,,,,230,291,315.65,,,,230,291,315.65,2
1898,statcan_plato_may_1898,239,19,GP,,right_only,,,,,74,56.63,669,614,749.0,,,,754,688,805.63,2
1898,statcan_plato_may_1898,239,20,GP,,right_only,,,,,,,261,116,72.37,,,,261,116,72.37,2
1898,statcan_plato_may_1898,239,21,GP,,right_only,,,,,31,11.09,,,,,,,7.31,11.09,,-1
1898,statcan_plato_may_1898,239,22,GP,,right_only,,,,,45,66.15,,,,,,,45.45,66.15,,-1
1898,statcan_plato_may_1898,239,23,GP,18 Recapitulation of vinegar above strength of proof by provinces..... > Ontario..... Quebec..... Nova Scotia.... Manitoba..... B. Columbia.....,joined_weak,position,,,,1192,216.78,143,147,139.36,,,,1271,1339,356.14,2
1898,statcan_plato_may_1898,240,0,GP,1 Recapitulation of vinegar above strength of proof by countries..... > Great Britain.....,joined_weak,position,36,76,36,20,18.58,123,103,26.24,,,,149,132,42.62,-2
1898,statcan_plato_may_1898,240,2,GP,Germany.....,joined_weak,position,1121,822,,,,948,773,934.14,,,,948,773,934.14,2
1898,statcan_plato_may_1898,240,4,GP,,joined_weak,position,2398,2212,1305,1542,350.65,1073,877,960.73,,,,2338,2219,1311.38,0
1898,statcan_plato_may_1898,241,16,GP,"2 Wax, bees.....",joined_weak,position,,98,31.98,31,3.1,,,,,,,98,31,3.1,2
1898,statcan_plato_may_1898,241,26,GP,"3 Wax and manufactures of, N.E.S..... > Total..... > Ontario.....",joined_weak,position,5707,,,3413,682.6,,2294,401.4,,,,,5707,1084.0,2
1898,statcan_plato_may_1898,241,27,GP,"3 Wax and manufactures of, N.E.S..... > Quebec.....",joined_weak,position,11794,,,5374,1814.8,,2634,460.96,,,,,11708,2275.76,0
1898,statcan_plato_may_1898,241,28,GP,Nova Scotia.....,joined_weak,position,588,,,476,95.2,,112,19.61,,,,,588,114.81,2
1898,statcan_plato_may_1898,241,29,GP,N. Brunswick.....,joined_weak,position,295,,,265,53.7,,30,5.26,,,,,295,58.96,2
1898,statcan_plato_may_1898,241,30,GP,Manitoba.....,joined_weak,position,332,,,222,44.4,,110,19.23,,,,,332,63.63,2
1898,statcan_plato_may_1898,241,31,GP,B. Columbia.....,joined_weak,position,123,,,43,8.6,,80,14.01,,,,,123,22.61,2
1898,statcan_plato_may_1898,241,32,GP,P. E. Island.....,joined_weak,position,6,,,5,1.0,,1,0.17,,,,,6,1.17,2
1898,statcan_plato_may_1898,241,33,GP,N. W. Ter.....,joined_weak,position,36,,,26,7.2,,,,,,,,36,7.2,0
1898,statcan_plato_may_1898,241,34,GP,,joined_weak,position,18881,,,13034,2707.5,,5261,920.64,,,,,18795,3628.14,0
1898,statcan_plato_may_1898,241,40,GP,"4 Webbing, elastic and non-elastic..... > United States.....",joined_weak,position,73530,,,,,,,,,,,,73531,14706.2,-2
1898,statcan_plato_may_1898,243,0,GP,DUTIABLE GOODS—Con.,left_only,,,8,,,,,,,,,,,,,
1898,statcan_plato_may_1898,243,37,GP,"5 "" Show cases and metal parts thereof..... > United States.....",joined_weak,position,653,3774,651,3710,1200.4,,,,,,,251,3710,1200.4,2
1898,statcan_plato_may_1898,244,0,GP,,right_only,,,,,1965,354.15,,,,,,,176,1965,354.15,2
1898,statcan_plato_may_1898,244,1,GP,,right_only,,,,,329,185.15,15,58,17.78,,,,258,387,202.93,2
1898,statcan_plato_may_1898,244,2,GP,,right_only,,,,,15,4.9,,,,,,,3,14,4.9,0
1898,statcan_plato_may_1898,244,3,GP,,right_only,,,,,911,213.85,,,,,,,91,611,213.85,0
1898,statcan_plato_may_1898,244,4,GP,,right_only,,,,,65,22.4,,,,,,,9,64,22.4,0
1898,statcan_plato_may_1898,244,5,GP,,right_only,,,,,1365,477.75,,,,,,,104,1365,477.75,2
1898,statcan_plato_may_1898,244,6,GP,1 > Wood and manufactures of— Show cases and metal parts thereof Total ..... > Ontario..... Quebec..... Nova Scotia..... N. Brunswick..... Manitoba..... B. Columbia..... N. W. Ter.....,joined_weak,position,,,,32,11.2,,,,,,,7,32,11.2,2
1898,statcan_plato_may_1898,244,8,GP,,right_only,,,,,6,1.2,,4,0.7,,,,,10,1.9,2
1898,statcan_plato_may_1898,244,9,GP,,right_only,,,,,2,0.4,,,,,,,,2,0.4,2
1898,statcan_plato_may_1898,244,10,GP,,right_only,,,,,82,16.4,,,,,,,,82,16.4,2
1898,statcan_plato_may_1898,244,11,GP,,right_only,,,,,17544,3528.9,,,,,,,,17644,3528.9,0
1898,statcan_plato_may_1898,244,12,GP,,right_only,,,,,8141,1628.2,,,,,,,,8141,1628.2,2
1898,statcan_plato_may_1898,244,13,GP,,right_only,,,,,3868,767.6,,4,0.7,,,,,3842,768.3,0
1898,statcan_plato_may_1898,244,14,GP,,right_only,,,,,624,124.8,,,,,,,,624,124.8,2
1898,statcan_plato_may_1898,244,15,GP,,right_only,,,,,305,61.0,,,,,,,,305,61.0,2
1898,statcan_plato_may_1898,244,16,GP,,right_only,,,,,3074,614.8,,,,,,,,3074,614.8,2
1898,statcan_plato_may_1898,244,17,GP,,right_only,,,,,1329,265.8,,,,,,,,1329,265.8,2
1898,statcan_plato_may_1898,244,18,GP,,right_only,,,,,160,32.0,,,,,,,,160,32.0,2
1898,statcan_plato_may_1898,244,19,GP,,right_only,,,,,263,52.7,,,,,,,,263,52.7,2
1898,statcan_plato_may_1898,244,20,GP,,right_only,,,,,17734,3546.9,,4,0.7,,,,,17738,3547.6,2
1898,statcan_plato_may_1898,244,21,GP,,right_only,,,,,4432,1108.0,,8999,1969.85,,,,,13431,3077.85,2
1898,statcan_plato_may_1898,244,22,GP,,right_only,,,,,120,30.0,,,,,,,,120,30.0,2
1898,statcan_plato_may_1898,244,23,GP,,right_only,,,,,980,245.0,,,,,,,,980,245.0,2
1898,statcan_plato_may_1898,244,24,GP,,right_only,,,,,178,44.5,,,,,,,,178,44.5,2
1898,statcan_plato_may_1898,244,25,GP,,right_only,,,,,197,49.25,,110,24.06,,,,,307,73.31,2
1898,statcan_plato_may_1898,244,26,GP,,right_only,,,,,95,16.25,,,,,,,,95,16.25,2
1898,statcan_plato_may_1898,244,27,GP,,right_only,,,,,328,89.5,,,,,,,,358,89.5,0
1898,statcan_plato_may_1898,244,28,GP,,right_only,,,,,746,186.25,,649,141.98,,,,,1394,328.23,0
1898,statcan_plato_may_1898,244,29,GP,,right_only,,,,,657,169.25,,4475,978.92,,,,,4912,1088.17,-2
1898,statcan_plato_may_1898,244,31,GP,,right_only,,,,,846,209.95,,76,15.76,,,,,916,225.71,0
1898,statcan_plato_may_1898,244,35,GP,,right_only,,,,,112364,28066.0,,6049,1323.47,,,,,118313,29389.47,0
1898,statcan_plato_may_1898,244,38,GP,,right_only,,,,,11296,2322.85,,996,217.91,,,,,10292,2540.76,0
1898,statcan_plato_may_1898,244,39,GP,,right_only,,,,,34926,8506.45,,442,96.69,,,,,34468,8603.14,0
1898,statcan_plato_may_1898,244,40,GP,,right_only,,,,,33903,13251.1,,683,149.41,,,,,53686,13400.51,0
1898,statcan_plato_may_1898,244,41,GP,,right_only,,,,,144,136.0,,6,1.32,,,,,550,137.32,0
1898,statcan_plato_may_1898,244,42,GP,,right_only,,,,,2165,526.7,,,,,,,,2103,526.7,0
1898,statcan_plato_may_1898,244,43,GP,,right_only,,,,,298102,72604.8,,16632,3167.38,,,,,305734,74452.18,-2
1898,statcan_plato_may_1898,245,0,GP,,right_only,,,,,1029,257.25,,,,,,,10,1029,257.25,2
1898,statcan_plato_may_1898,245,1,GP,,right_only,,,,,2293,573.25,,,,,,,272,2293,573.25,2
1898,statcan_plato_may_1898,245,2,GP,,right_only,,,,,32251,8062.75,,,,,,,8380,32251,8062.75,2
1898,statcan_plato_may_1898,245,3,GP,,right_only,,,,,3486,871.5,,,,,,,398,3486,871.5,2
1898,statcan_plato_may_1898,245,4,GP,"1 Wood and manufactures of— Sawed boards, planks, deals, planed or dressed on one or both sides, when the edges thereof are jointed or tongued and grooved. > United States— Ontario..... Quebec..... Manitoba..... B. Columbia..... N. W. Ter.....",joined_weak,position,,,,298,74.5,,,,,,,25,298,74.5,2
1898,statcan_plato_may_1898,245,6,GP,,right_only,,,,,5346,1069.2,,,,,,,,5346,1069.2,2
1898,statcan_plato_may_1898,245,7,GP,,right_only,,,,,1113,222.6,,,,,,,,1113,222.6,2
1898,statcan_plato_may_1898,245,8,GP,,right_only,,,,,130,26.0,,,,,,,,130,26.0,2
1898,statcan_plato_may_1898,245,9,GP,,right_only,,,,,91,18.2,,,,,,,,91,18.2,2
1898,statcan_plato_may_1898,245,10,GP,,right_only,,,,,542,108.3,,,,,,,,542,108.3,2
1898,statcan_plato_may_1898,245,11,GP,,right_only,,,,,302,60.4,,,,,,,,302,60.4,2
1898,statcan_plato_may_1898,245,12,GP,,right_only,,,,,38,7.6,,,,,,,,38,7.6,2
1898,statcan_plato_may_1898,245,15,GP,,right_only,,,,,59,11.8,,370,64.8,,,,,429,76.6,2
1898,statcan_plato_may_1898,245,16,GP,,right_only,,,,,464,92.8,,,,,,,,464,92.8,2
1898,statcan_plato_may_1898,245,17,GP,,right_only,,,,,64,12.8,,32,5.6,,,,,96,18.4,2
1898,statcan_plato_may_1898,245,18,GP,,right_only,,,,,11,2.2,,1358,237.65,,,,,1369,239.85,2
1898,statcan_plato_may_1898,245,24,GP,,right_only,,,,,7804,1560.8,,1759,308.03,,,,,2604,1868.85,0
1898,statcan_plato_may_1898,245,31,GP,,right_only,,,,,61169,4587.66,,,,,,,,61169,4587.66,2
1898,statcan_plato_may_1898,245,32,GP,,right_only,,,,,138,59.4,,722,189.55,,,,,920,248.95,0
1898,statcan_plato_may_1898,245,35,GP,,right_only,,,,,7,2.1,,179,44.6,,,,,170,44.6,-2
1898,statcan_plato_may_1898,245,36,GP,,right_only,,,,,9507,2852.1,,3,0.78,,,,,10,2.88,-2
1898,statcan_plato_may_1898,245,37,GP,,right_only,,,,,,,,,,,,,,9607,2852.1,-2
1898,statcan_plato_may_1898,246,0,GP,Total..... > Ontario.....,joined_weak,position,,4806,,4545,1363.5,261,68.53,4806,,,,1432.03,1,,-1
1898,statcan_plato_may_1898,246,1,GP,Quebec.....,joined_weak,position,,3970,,3483,1044.9,519,136.25,4002,,,,1181.15,,,0
1898,statcan_plato_may_1898,246,2,GP,Nova Scotia.....,joined_weak,position,,1027,,1027,308.1,,,1027,,,,308.1,,,0
1898,statcan_plato_may_1898,246,3,GP,N. Brunswick.....,joined_weak,position,,268,,268,80.4,,,268,,,,80.4,,,0
1898,statcan_plato_may_1898,246,4,GP,Manitoba.....,joined_weak,position,,298,,258,77.4,40,10.46,298,,,,87.86,,,0
1898,statcan_plato_may_1898,246,5,GP,B. Columbia.....,joined_weak,position,,299,,117,35.1,182,47.78,299,,,,82.88,,,0
1898,statcan_plato_may_1898,246,6,GP,P. E. Island.....,joined_weak,position,,43,,43,12.9,,,43,,,,12.9,,,0
1898,statcan_plato_may_1898,246,7,GP,,joined_weak,position,,10711,,9741,2922.3,1002,263.02,10743,,,,3185.32,,,0
1898,statcan_plato_may_1898,246,8,GP,2 > Wood pulp..... > Germany.....,joined_weak,position,,601,,601,150.25,,,601,,,,150.25,2,,-1
1898,statcan_plato_may_1898,246,9,GP,United States.....,joined_weak,position,,25093,,25401,6350.25,,,25401,,,,6350.25,,,0
1898,statcan_plato_may_1898,246,10,GP,Total..... > Ontario.....,joined_weak,position,,2390,,2390,597.5,,,2390,,,,597.5,,,0
1898,statcan_plato_may_1898,246,11,GP,Quebec.....,joined_weak,position,,21188,,21496,5374.0,,,21496,,,,5374.0,,,0
1898,statcan_plato_may_1898,246,12,GP,Nova Scotia.....,joined_weak,position,,290,,290,72.5,,,290,,,,72.5,,,0
1898,statcan_plato_may_1898,246,13,GP,B. Columbia.....,joined_weak,position,,1826,,1826,456.5,,,1826,,,,456.5,,,0
1898,statcan_plato_may_1898,246,14,GP,,joined_weak,position,,25534,,26002,6500.5,,,26002,,,,6500.5,,,0
1898,statcan_plato_may_1898,246,15,GP,"3 > Willow or osier :— Wares, and all manufactures of like material, not otherwise provided for. > Great Britain.....",joined_weak,position,,538,,18,5.4,490,107.67,508,,,,113.07,3,,-1
1898,statcan_plato_may_1898,246,16,GP,Germany.....,joined_weak,position,,348,,344,89.15,4,1.06,348,,,,90.21,,,0
1898,statcan_plato_may_1898,246,17,GP,United States.....,joined_weak,position,,1380,,1380,347.75,,,1380,,,,347.75,,,0
1898,statcan_plato_may_1898,246,18,GP,Total..... > Ontario.....,joined_weak,position,,1285,,1285,321.25,,,1285,,,,321.25,,,0
1898,statcan_plato_may_1898,246,19,GP,Quebec.....,joined_weak,position,,790,,311,77.75,479,104.78,790,,,,182.53,,,0
1898,statcan_plato_may_1898,246,20,GP,Nova Scotia.....,joined_weak,position,,154,,139,41.55,15,3.95,154,,,,45.5,,,0
1898,statcan_plato_may_1898,246,21,GP,N. Brunswick.....,joined_weak,position,,7,,7,1.75,,,7,,,,1.75,,,0
1898,statcan_plato_may_1898,246,22,GP,,joined_weak,position,,2236,,1742,442.3,494,108.73,2236,,,,551.03,,,0
1898,statcan_plato_may_1898,246,23,GP,4 > Window shade or blind rollers..... > Great Britain.....,joined_weak,position,,1403,,373,130.55,1030,315.44,1403,,,,445.99,4,,-1
1898,statcan_plato_may_1898,246,24,GP,United States.....,joined_weak,position,,20234,,20934,7327.22,,,20934,,,,7327.22,,,0
1898,statcan_plato_may_1898,246,25,GP,Total..... > Ontario.....,joined_weak,position,,15555,,16654,5828.9,15,4.59,16669,,,,5833.49,,,0
1898,statcan_plato_may_1898,246,26,GP,Quebec.....,joined_weak,position,,2146,,2146,751.1,,,2146,,,,751.1,,,0
1898,statcan_plato_may_1898,246,27,GP,Nova Scotia.....,joined_weak,position,,2965,,1950,682.52,1015,310.85,2965,,,,993.37,,,0
1898,statcan_plato_may_1898,246,28,GP,N. Brunswick.....,joined_weak,position,,437,,437,152.95,,,437,,,,152.95,,,0
1898,statcan_plato_may_1898,246,29,GP,B. Columbia.....,joined_weak,position,,35,,35,12.25,,,35,,,,12.25,,,0
1898,statcan_plato_may_1898,246,30,GP,P. E. Island.....,joined_weak,position,,85,,85,30.05,,,85,,,,30.05,,,0
1898,statcan_plato_may_1898,246,31,GP,,joined_weak,position,,22337,,21337,7457.77,1030,315.44,22337,,,,7773.21,,,0
1898,statcan_plato_may_1898,246,32,GP,,joined_weak,position,,1260.88,,,,1260,88,26.97,,,,1260,88,,1
1898,statcan_plato_may_1898,246,33,GP,United States.....,joined_weak,position,25007,3567,25007,3367,1248.45,,,25067,,,,3367,1248.45,,-1
1898,statcan_plato_may_1898,247,2,GP,Nova Scotia.....,joined_weak,position,2291,297,1688,258,90.3,603.39,11.96,2291,,,,297,102.26,,-1
1898,statcan_plato_may_1898,247,3,GP,,joined_weak,position,,60,36.6,36,12.6,,,,,,,60.36,12.6,,-1
1898,statcan_plato_may_1898,247,4,GP,,joined_weak,position,,420.88,420,88,30.8,,,,,,,420.88,30.8,,-1
1898,statcan_plato_may_1898,247,6,GP,P. E. Island.....,joined_weak,position,5689,719,5102,675,236.25,587.44,13.48,5689,,,,719,249.73,,-1
1898,statcan_plato_may_1898,247,8,GP,,joined_weak,position,26327,3655,25067,3567,1248.45,1260.88,26.97,26327,,,,3655,1275.42,,-1
1898,statcan_plato_may_1898,247,10,GP,,joined_weak,position,,30,21.3,21,7.35,,,,,,,30.21,7.35,,-1
1898,statcan_plato_may_1898,247,11,GP,,joined_weak,position,,40,19.4,19,6.65,,,,,,,40.19,6.65,,-1
1898,statcan_plato_may_1898,247,12,GP,,joined_weak,position,,24,10.24,10,3.5,,,,,,,24.1,3.5,,-1
1898,statcan_plato_may_1898,247,13,GP,,joined_weak,position,,24,16.24,16,5.6,,,,,,,24.16,5.6,,-1
1898,statcan_plato_may_1898,247,17,GP,,joined_weak,position,,185,134.95,61,21.35,90.73,22.37,185,,,,134,43.72,,-1
1898,statcan_plato_may_1898,247,18,GP,,joined_weak,position,,159,96.6,29,10.15,99,67,20.53,,,,159.96,30.68,,-1
1898,statcan_plato_may_1898,247,21,GP,,joined_weak,position,,118,24.15,3,1.05,103,21,6.43,,,,118.24,7.48,,-1
1898,statcan_plato_may_1898,247,27,GP,,left_only,,,108.33,,,,,,,,,,,,,
1898,statcan_plato_may_1898,247,28,GP,United States.....,joined_weak,position,200,100,,,,108,33,10.11,,,,108.33,10.11,,-1
1898,statcan_plato_may_1898,247,29,GP,Total.....,joined_weak,position,,3096,660.33,32,11.2,3063,628,194.94,,,,3096,660,206.14,2
1898,statcan_plato_may_1898,247,32,GP,,joined_weak,position,,54,48.54,48,16.8,,,,,,,54.48,16.8,,-1
1898,statcan_plato_may_1898,247,36,GP,4 > Cloths..... > Great Britain.....,joined_weak,position,1839464,1061116,54362,34496,12075.2,1752041,1010777,309552.42,,,,1806333,1045273,321627.62,2
1898,statcan_plato_may_1898,247,37,GP,,joined_weak,position,,14,7.14,7,2.45,,,,,,,14,7,2.45,2
1898,statcan_plato_may_1898,247,40,GP,Germany.....,joined_weak,position,36413,19902,6940,2310,808.5,28223,16201,4962.46,,,,35169,18511,5770.96,2
1898,statcan_plato_may_1898,248,12,GP,Germany .....,joined_weak,position,1150,1146,231,231,80.85,1692,1182,361.36,,,,1323,1413,442.21,2
1898,statcan_plato_may_1898,248,22,GP,Quebec .....,joined_weak,position,12706,4585,,,,7559,3362,1029.65,,,,7559,3362,1029.65,2
1898,statcan_plato_may_1898,248,27,GP,Austria.....,joined_weak,position,4103,464,,,,3888,376,115.15,,,,3888,376,115.15,2
1898,statcan_plato_may_1898,248,37,GP,,joined_weak,position,,1393,614.17,16,5.6,1376,598,183.14,,,,1393,614,188.74,2
1898,statcan_plato_may_1898,249,9,GP,2,joined_weak,position,,3802,860.72,21,7.35,3730,839,256.73,,,,3802,860,264.08,2
1898,statcan_plato_may_1898,249,38,GP,4,joined_weak,position,,60.26,,,,60,26,7.96,,,,60,26,7.96,2
1898,statcan_plato_may_1898,250,0,GP,,right_only,,,,,8,2.8,,,,,,,6,8,2.8,2
1898,statcan_plato_may_1898,250,1,GP,,right_only,,,,,584,204.4,1969,1589,486.63,,,,3048,2173,691.03,2
1898,statcan_plato_may_1898,250,2,GP,,right_only,,,,,58,20.3,62,81,24.82,,,,97,139,45.12,2
1898,statcan_plato_may_1898,250,3,GP,,right_only,,,,,,,14,19,5.82,,,,14,19,5.82,2
1898,statcan_plato_may_1898,250,4,GP,"1 > Wool, manufactures of— Bed comforters and counterpanes— Total..... > Ontario..... Quebec..... Nova Scotia..... N. Brunswick..... Manitoba.....",joined_weak,position,,,,8,2.8,,,,,,,1,8,2.8,2
1898,statcan_plato_may_1898,250,6,GP,,right_only,,,,,2623,786.95,,40009,10502.47,,,,,42632,11289.42,2
1898,statcan_plato_may_1898,250,7,GP,,right_only,,,,,,,,175,46.0,,,,,175,46.0,2
1898,statcan_plato_may_1898,250,8,GP,,right_only,,,,,11,3.3,,51,13.39,,,,,62,16.69,2
1898,statcan_plato_may_1898,250,9,GP,,right_only,,,,,2758,827.4,,7769,2040.8,,,,,10527,2868.2,2
1898,statcan_plato_may_1898,250,10,GP,,right_only,,,,,,,,7,1.8399999999999999,,,,,7,1.8399999999999999,2
1898,statcan_plato_may_1898,250,11,GP,,right_only,,,,,,,,751,197.14,,,,,751,197.14,2
1898,statcan_plato_may_1898,250,12,GP,,right_only,,,,,268,80.4,,,,,,,,268,80.4,2
1898,statcan_plato_may_1898,250,13,GP,,right_only,,,,,2391,717.3,,17601,4621.7,,,,,19902,5339.0,0
1898,statcan_plato_may_1898,250,15,GP,,right_only,,,,,136,40.8,,1667,411.4,,,,,1703,452.2,0
1898,statcan_plato_may_1898,250,16,GP,,right_only,,,,,137,41.1,,1145,390.61,,,,,1282,341.71,0
1898,statcan_plato_may_1898,250,17,GP,,right_only,,,,,1161,318.3,,13078,3432.98,,,,,14239,3781.28,0
1898,statcan_plato_may_1898,250,22,GP,,right_only,,,,,247,86.45,2868,9333,2858.14,,,,2900,9580,2944.5,0
1898,statcan_plato_may_1898,250,23,GP,,right_only,,,,,27,9.45,,,,,,,7,27,9.45,2
1898,statcan_plato_may_1898,250,24,GP,,right_only,,,,,2,0.7,552,2776,850.37,,,,552,2778,851.07,2
1898,statcan_plato_may_1898,250,25,GP,,right_only,,,,,1755,614.25,,,,,,,576,1755,614.25,2
1898,statcan_plato_may_1898,250,26,GP,,right_only,,,,,294,102.9,1616,2327,712.34,,,,1667,2621,815.24,2
1898,statcan_plato_may_1898,250,27,GP,,right_only,,,,,625,218.75,830,4019,1230.8,,,,1249,4644,1449.55,2
1898,statcan_plato_may_1898,250,28,GP,,right_only,,,,,217,75.95,238,1097,335.99,,,,290,1314,411.94,2
1898,statcan_plato_may_1898,250,29,GP,,right_only,,,,,,,1,11,3.37,,,,1,11,3.37,2
1898,statcan_plato_may_1898,250,30,GP,,right_only,,,,,103,36.05,609,3383,1036.04,,,,627,3486,1072.09,2
1898,statcan_plato_may_1898,250,31,GP,,right_only,,,,,734,256.9,114,1195,366.38,,,,181,1929,623.28,2
1898,statcan_plato_may_1898,250,32,GP,,right_only,,,,,,,12,77,23.59,,,,12,77,23.59,2
1898,statcan_plato_may_1898,250,33,GP,,right_only,,,,,58,29.3,,,,,,,8,58,29.3,2
1898,statcan_plato_may_1898,250,35,GP,,right_only,,,,,7387,2585.45,255571,435896,133484.64,,,,260666,443283,136070.69,0
1898,statcan_plato_may_1898,250,37,GP,,right_only,,,,,,,111,88,26.95,,,,111,88,26.95,2
1898,statcan_plato_may_1898,250,38,GP,,right_only,,,,,325,113.75,162,289,100.37,,,,355,624,214.12,0
1898,statcan_plato_may_1898,250,39,GP,,right_only,,,,,1472,513.2,37432,40265,12332.94,,,,38881,41737,12848.14,0
1898,statcan_plato_may_1898,250,40,GP,,right_only,,,,,2,0.7,,,,,,,4,2,0.7,2
1898,statcan_plato_may_1898,250,41,GP,,right_only,,,,,239,83.65,50,94,29.6,,,,186,333,112.65,0
1898,statcan_plato_may_1898,250,42,GP,,right_only,,,,,1619,563.5,,,,,,,1085,1619,563.5,2
1898,statcan_plato_may_1898,251,33,GP,Germany.....,joined_weak,position,36653,19964,9135,8104,2431.2,27518,11860,3113.93,,,,36633,19961,5545.13,0
1898,statcan_plato_may_1898,251,43,GP,N. W. Ter.....,joined_weak,position,230,165,114,69,20.66,116.96,23.58,230,,,,165,44.24,,-1
1898,statcan_plato_may_1898,251,44,GP,,joined_weak,position,153690,82353,26630,12243,3672.86,127456,69532,18256.86,,,,153495,81775,21929.72,2
1898,statcan_plato_may_1898,252,19,GP,"2 Women's and children's dress goods, coat linings, Italian cloths, alpaca, Orleans, cashmeres, henrietas, serges, buntings, mu's cloth, bengalines, whip cords, twills, plains or jasquards of similar fabrics, composed wholly or in part of wool, worsted, the hair of the camel, alpaca, goat or like animal, not exceeding in weight six ounces to the square yard, imported in the gray or unfinished state for the purpose of being dyed or finished in Canada ..... > Great Britain .....",joined_weak,position,,51752,,4746,1131.25,347862,46932,10266.42,,,,365197,51677,11452.67,-2
1898,statcan_plato_may_1898,252,20,GP,France .....,joined_weak,position,365672,18287,17345,7881,1503.75,53324,9248,2023.0,,,,96272,17099,3985.75,-2
1898,statcan_plato_may_1898,252,21,GP,Germany .....,joined_weak,position,101463,1428,4990,249,237.25,3576,818,178.95,,,,8536,1767,416.2,0
1898,statcan_plato_may_1898,252,22,GP,Switzerland .....,joined_weak,position,6654,2239,,,,17000,3203,700.19,,,,17000,3203,700.19,2
1898,statcan_plato_may_1898,252,24,GP,,left_only,,2230,,,,,,,,,,,,,,
1898,statcan_plato_may_1898,253,3,GP,"1 Wool, manufactures of— Clothing, ready-made, and wearing apparel, composed wholly or in part of wool, worsted, &c., N. E. S. > Belgium.....",left_only,,,70,,,,,,,,,,,,,
1898,statcan_plato_may_1898,253,29,GP,"3 Carpets, Brussels. > Great Britain.....",joined_weak,position,473623,280447,12053,7686,2690.1,442983,259884,79590.47,,,,455076,267570,82280.57,2
1898,statcan_plato_may_1898,253,32,GP,"3 Carpets, Brussels. > Germany.....",joined_weak,position,1822,220,,,,,,,,,,1852,920,282.33,-2
1898,statcan_plato_may_1898,253,34,GP,"3 Carpets, Brussels. > Total..... > Ontario.....",joined_weak,position,202070,114051,12405,5878,2057.3,193733,111953,34287.2,,,,206198,117831,36344.5,2
1898,statcan_plato_may_1898,253,35,GP,"3 Carpets, Brussels. > Quebec.....",joined_weak,position,155731,163487,7885,6065,2343.25,128873,82805,25359.69,,,,136738,89500,27702.94,0
1898,statcan_plato_may_1898,253,36,GP,"3 Carpets, Brussels. > Nova Scotia.....",joined_weak,position,45014,21070,4971,1820,637.0,36992,16974,5197.16,,,,41063,18794,5834.16,2
1898,statcan_plato_may_1898,253,38,GP,"3 Carpets, Brussels.",joined_weak,position,,23889,13894.15,4,1.4,23879,13890,4253.84,,,,23889,13894,4255.24,2
1898,statcan_plato_may_1898,253,39,GP,B. Columbia.....,joined_weak,position,24147,16321,572,384,135.1,23572,15882,4803.88,,,,23944,16266,4998.98,0
1898,statcan_plato_may_1898,254,18,GP,,joined_weak,position,1233475,403559,41191,13521,6333.42,1108789,383559,117480.86,,,,1231900,403083,124314.26,-2
1898,statcan_plato_may_1898,254,23,GP,United States.....,joined_weak,position,134,84,134,64,29.4,,,,,,,134.84,29.4,,-1
1898,statcan_plato_may_1898,254,24,GP,Ontario .....,joined_weak,position,112,56,112,36,19.6,,,,,,,112.56,19.6,,-1
1898,statcan_plato_may_1898,254,25,GP,Nova Scotia...,joined_weak,position,140,85,65,30,17.5,75,35,10.72,,,,140.85,28.22,,-1
1898,statcan_plato_may_1898,254,29,GP,"6 "" Turkish and imitation Turkish. .... > Great Britain.....",joined_weak,position,5767,5640,572,1562,371.7,5681,3749,1148.14,,,,6113,4811,1519.84,0
1898,statcan_plato_may_1898,254,31,GP,Ontario .....,joined_weak,position,9294,8190,4430,2990,1046.5,5210,3355,1027.47,,,,3640,6345,2073.97,2
1898,statcan_plato_may_1898,254,34,GP,N. Brunswick...,joined_weak,position,302,180,159,111,38.85,103.69,21.13,302,,,,180,59.98,,-1
1898,statcan_plato_may_1898,254,36,GP,,joined_weak,position,10954,6564,5729,4980,1743.0,5681,3749,1148.14,,,,11319,8729,2591.14,0
1898,statcan_plato_may_1898,255,3,GP,"1 Wool, manufactures of— Carpets, two-ply and three-ply, treble ingrain, composed wholly of wool. > Ontario .....",joined_weak,position,14800,7597,5613,1747,611.85,9791,5867,1797.27,,,,14804,7614,2409.12,2
1898,statcan_plato_may_1898,255,8,GP,"1 Wool, manufactures of— Carpets, two-ply and three-ply, treble ingrain, composed wholly of wool. > B. Columbia....",joined_weak,position,186,78,186,78,26.95,,,,,,,186.78,26.95,,-1
1898,statcan_plato_may_1898,255,14,GP,"2 .. Carpets, two-ply and three-ply, in- grain, of which the warp is com- posed wholly of cotton or other material than wool, worsted, &c. > Quebec.....",joined_weak,position,131,72,131,72,25.2,,,,,,,131.72,25.2,,-1
1898,statcan_plato_may_1898,255,20,GP,"3 .. Felt pressed, of all kinds, not filled or covered by or with any woven fabric..... > Austria.....",joined_weak,position,108,70,108,70,14.0,,,,,,,108.7,14.0,,-1
1898,statcan_plato_may_1898,255,26,GP,"3 .. Felt pressed, of all kinds, not filled or covered by or with any woven fabric..... > Quebec.....",joined_weak,position,348298,144787,62997,24297,4839.4,184306,73171,12805.09,,,,247363,97468,17664.4,0
1898,statcan_plato_may_1898,256,0,GP,"1 Wool, viz.— Leicester, Cotswold, Lincolnshire, Sth. Down Combing Wools, or Wools known as Lustre Wools, &c. Total ..... > Ontario .....",left_only,,1,2,,,,,,,,,,,,,
1898,statcan_plato_may_1898,256,3,GP,,right_only,,,,,56,14.0,91,19,91,,,,147,33,91,-2
1898,statcan_plato_may_1898,256,4,GP,,right_only,,,,,198,49.5,287,62,79,,,,198,49,50,-2
1898,statcan_plato_may_1898,256,5,GP,,right_only,,,,,486,121.5,,,,,,,773,184,29,-2
1898,statcan_plato_may_1898,256,6,GP,,right_only,,,,,5845,1461.37,,,,,,,5845,1461,37,-2
1898,statcan_plato_may_1898,256,7,GP,,right_only,,,,,3593,898.25,190,41,57,,,,3783,939,82,-2
1898,statcan_plato_may_1898,256,8,GP,,right_only,,,,,2314,578.5,103,22,53,,,,2417,601,3,-2
1898,statcan_plato_may_1898,256,9,GP,,right_only,,,,,82,20.62,,,,,,,82,20,62,-2
1898,statcan_plato_may_1898,256,10,GP,,right_only,,,,,117,29.25,77,16,85,,,,194,46,10,-2
1898,statcan_plato_may_1898,256,11,GP,,right_only,,,,,272,68.04,8,1,75,,,,280,69,75,-2
1898,statcan_plato_may_1898,256,12,GP,,right_only,,,,,207,51.75,,,,,,,207,51,75,-2
1898,statcan_plato_may_1898,256,13,GP,,right_only,,,,,6585,1646.37,378,82,70,,,,6963,1729,7,-2
1898,statcan_plato_may_1898,256,14,GP,"2 Zinc, manufactures of, N.O.P. .... > Great Britain. ....",joined_weak,position,,147,,2231,279.58,,,,,,,2231,279,58,-2
1898,statcan_plato_may_1898,256,15,GP,Belgium. ....,joined_weak,position,,198,,1187,161.43,26,3,70,,,,1187,161,43,-2
1898,statcan_plato_may_1898,256,16,GP,Germany. ....,joined_weak,position,,1131,,176,48.8,,,,,,,202,52,50,-2
1898,statcan_plato_may_1898,256,17,GP,United States. ....,joined_weak,position,,5845,,81,10.13,,,,,,,81,10,13,-2
1898,statcan_plato_may_1898,256,18,GP,Total .....,joined_weak,position,,4141,,456,57.0,,,,,,,456,57,0,-2
1898,statcan_plato_may_1898,256,19,GP,,joined_weak,position,,2417,,942,117.75,,,,,,,942,117,75,-2
1898,statcan_plato_may_1898,256,20,GP,,joined_weak,position,,82,,192,46.18,,,,,,,192,46,18,-2
1898,statcan_plato_may_1898,256,21,GP,,joined_weak,position,,194,,210,43.18,,,,,,,210,43,18,-2
1898,statcan_plato_may_1898,256,22,GP,,joined_weak,position,,280,,66,35.05,26,3,70,,,,92,38,75,-2
1898,statcan_plato_may_1898,256,23,GP,,joined_weak,position,,207,,4831,600.21,,,,,,,4831,600,21,-2
1898,statcan_plato_may_1898,256,24,GP,,joined_weak,position,,7321,,404,90.11,,,,,,,404,90,11,-2
1898,statcan_plato_may_1898,256,25,GP,"3 „ Damaged Goods, under Sections 49 to 53 of Rev. Stat., Cap. 32. .... > Great Britain. ....",joined_weak,position,,2231,,174,38.68,,,,,,,174,38,68,-2
1898,statcan_plato_may_1898,256,26,GP,B. W. Indies. ....,joined_weak,position,,1187,,5475,764.05,26,3,70,,,,5501,767,75,-2
1898,statcan_plato_may_1898,256,38,GP,Total dutiable goods. ....,joined_weak,position,,84141104,,49670826,15357854.23,24954262,6489935.22,,,,,74625088,22157788.49,,-1
