fiscal_year,volume,pair_id,row_seq,era,labels,align_status,key,tot_imp_qty,tot_imp_value,gt_qty,gt_value,gt_duty,pt_qty,pt_value,pt_duty,sx_qty,sx_value,sx_duty,efc_qty,efc_value,efc_duty,closes
1898,cdn_33_5_1898,2,0,GP,,right_only,,,,,145,29.0,,,,,,,9,145,29.0,2
1898,cdn_33_5_1898,2,1,GP,,right_only,,,,,245,49.0,,,,,,,7,245,49.0,2
1898,cdn_33_5_1898,2,2,GP,,right_only,,,,,15,3.0,,,,,,,1,15,3.0,2
1898,cdn_33_5_1898,2,3,GP,,right_only,,,,,34156,6831.2,,,,,,,1247,34156,6831.2,2
1898,cdn_33_5_1898,2,4,GP,"1 Animals, living, viz. :— Horned cattle..... > United States— Ontario..... Quebec..... Manitoba..... B. Columbia..... N. W. Ter.....",joined_weak,position,,,,575,115.0,,,,,,,23,575,115.0,2
1898,cdn_33_5_1898,2,6,GP,,right_only,,,,,420,84.0,,,,,,,3,420,84.0,2
1898,cdn_33_5_1898,2,7,GP,,right_only,,,,,6,1.2,,,,,,,1,6,1.2,2
1898,cdn_33_5_1898,2,8,GP,,right_only,,,,,293059,58609.5,,,,,,,12497,293059,58609.5,2
1898,cdn_33_5_1898,2,9,GP,,right_only,,,,,9482,1896.4,,,,,,,218,9482,1896.4,2
1898,cdn_33_5_1898,2,10,GP,,right_only,,,,,4330,866.0,,,,,,,111,4330,866.0,2
1898,cdn_33_5_1898,2,11,GP,,right_only,,,,,2413,482.6,,,,,,,46,2413,482.6,2
1898,cdn_33_5_1898,2,12,GP,,right_only,,,,,2855,571.0,,,,,,,65,2855,571.0,2
1898,cdn_33_5_1898,2,13,GP,,right_only,,,,,121997,24399.9,,,,,,,3605,121997,24399.9,2
1898,cdn_33_5_1898,2,14,GP,,right_only,,,,,84586,16917.7,,,,,,,4031,84586,16917.7,2
1898,cdn_33_5_1898,2,15,GP,"2 "" Horses..... > Great Britain..... St. Pierre..... United States.....",joined_weak,position,,,,6,1.2,,,,,,,1,6,1.2,2
1898,cdn_33_5_1898,2,16,GP,Total..... > Ontario..... Quebec..... Nova Scotia..... N. Brunswick..... Manitoba..... B. Columbia..... P. E. Island..... N. W. Ter.....,joined_weak,position,,,,67816,13559.9,,,,,,,4424,67816,13559.9,2
1898,cdn_33_5_1898,2,18,GP,,right_only,,,,,16,3.2,,,,,,,2,16,3.2,2
1898,cdn_33_5_1898,2,19,GP,,right_only,,,,,87985,17597.0,,,,,,,45084,87985,17597.0,2
1898,cdn_33_5_1898,2,20,GP,,right_only,,,,,40,8.0,,,,,,,2,40,8.0,2
1898,cdn_33_5_1898,2,21,GP,,right_only,,,,,19,3.8,,,,,,,4,19,3.8,2
1898,cdn_33_5_1898,2,22,GP,"3 "" Sheep..... > Great Britain..... United States.....",joined_weak,position,,,,105,21.0,,,,,,,2,105,21.0,2
1898,cdn_33_5_1898,2,23,GP,Total..... > Ontario..... Quebec..... Nova Scotia..... B. Columbia.....,joined_weak,position,,,,87837,17567.4,,,,,,,45078,87837,17567.4,2
1898,cdn_33_5_1898,2,25,GP,,right_only,,,,,341,68.3,,,,,,,,341,68.3,2
1898,cdn_33_5_1898,2,26,GP,,right_only,,,,,3,0.6,,,,,,,,3,0.6,2
1898,cdn_33_5_1898,2,27,GP,,right_only,,,,,3,0.6,,,,,,,,3,0.6,2
1898,cdn_33_5_1898,2,28,GP,,right_only,,,,,1216,243.2,,,,,,,,1216,243.2,2
1898,cdn_33_5_1898,2,29,GP,,right_only,,,,,160,32.0,,,,,,,,160,32.0,2
1898,cdn_33_5_1898,2,30,GP,,right_only,,,,,7,1.4,,,,,,,,7,1.4,2
1898,cdn_33_5_1898,2,31,GP,,right_only,,,,,16204,3240.46,,,,,,,,16204,3240.46,2
1898,cdn_33_5_1898,2,32,GP,,right_only,,,,,2773,554.6,,,,,,,,2773,554.6,2
1898,cdn_33_5_1898,2,33,GP,,right_only,,,,,1280,255.9,,,,,,,,1280,255.9,2
1898,cdn_33_5_1898,2,34,GP,,right_only,,,,,1641,328.3,,,,,,,,1641,328.3,2
1898,cdn_33_5_1898,2,35,GP,,right_only,,,,,295,59.0,,,,,,,,295,59.0,2
1898,cdn_33_5_1898,2,36,GP,,right_only,,,,,183,36.6,,,,,,,,183,36.6,2
1898,cdn_33_5_1898,2,37,GP,,right_only,,,,,11557,2311.16,,,,,,,,11557,2311.16,2
1898,cdn_33_5_1898,3,15,GP,3 Baking powders..... > Great Britain.....,left_only,,,724,,,,,,,,,,,,,
1898,cdn_33_5_1898,3,16,GP,3 Baking powders..... > United States.....,joined_weak,position,376579,154,474,91,28.44,250.63,13.14,724,,,,154,41.58,3,-2
1898,cdn_33_5_1898,3,18,GP,3 Baking powders..... > Total.....,joined_weak,position,,60545,60775,16358,3646.64,37.11,1.94,60812,,,,16369,3648.58,,-1
1898,cdn_33_5_1898,3,19,GP,3 Baking powders.....,joined_weak,position,,26060,25185,6682,1511.13,39.13,2.05,25224,,,,6695,1513.18,,-1
1898,cdn_33_5_1898,3,20,GP,3 Baking powders.....,joined_weak,position,,15626,15529,4034,931.77,97.32,5.1,15626,,,,4066,936.87,,-1
1898,cdn_33_5_1898,3,26,GP,,joined_weak,position,377303,103622,374850,101892,22491.35,250.63,13.14,375100,,,,101955,22504.49,,-1
1898,cdn_33_5_1898,6,16,GP,Germany.....,joined_weak,position,10,7,,,,1432,157,34.29,,,,1432,157,34.29,2
1898,cdn_33_5_1898,6,20,GP,Nova Scotia.....,joined_weak,position,3152,584,3100,558,139.5,52.26,5.7,3152,,,,584,145.2,,-1
1898,cdn_33_5_1898,6,21,GP,New Brunswick.....,joined_weak,position,958,423,593,391,97.75,65.32,6.98,958,,,,423,104.73,,-1
1898,cdn_33_5_1898,6,23,GP,B. Columbia.....,joined_weak,position,1694,269,1118,213,51.4,432.46,10.06,1550,,,,259,61.46,,-1
1898,cdn_33_5_1898,6,33,GP,Nova Scotia.....,joined_weak,position,5,193,4,110,27.5,1.83,18.16,5,,,,193,45.66,,-1
1898,cdn_33_5_1898,8,30,GP,"3 "" Posters, advertising bills and folders..... > Lbs. > Lbs. > Great Britain.....",joined_weak,position,5917,1492,1449,272,217.35,,1180,542.0,,,,,1452,759.35,2
1898,cdn_33_5_1898,8,41,GP,,joined_weak,position,76448,20528,71776,19218,10766.01,4279,1232,561.69,,,,76057,20450,11327.7,2
1898,cdn_33_5_1898,9,5,GP,Spain.....,left_only,,,1,,,,,,,,,,,,,
1898,cdn_33_5_1898,10,0,GP,"DUTIABLE GOODS—Con. > 1 Books, &c.— Advertising pamphlets, pictorial show cards, illustrated advertising periodicals, illustrated price books, catalogues and price lists; advertising calendars and almanacs; patent medicine or other advertising circulars, fly sheets or pamphlets .. > Great Britain .....",left_only,,41178,10829,10696,,,,,,,,,,,,
1898,cdn_33_5_1898,10,1,GP,Australasia .....,left_only,,22,6,22,,,,,,,,,,,,
1898,cdn_33_5_1898,10,2,GP,Austria .....,left_only,,146,28,,,,,,,,,,,,,
1898,cdn_33_5_1898,10,3,GP,Belgium .....,joined_weak,position,54,18,273,,,26133,6588,3430.45,,,,36820.22,,,0
1898,cdn_33_5_1898,10,4,GP,China .....,joined_weak,position,473,82,472,56.81,,34,4,4.46,,,,,60.81,,1
1898,cdn_33_5_1898,10,19,GP,,right_only,,,,,62969,38145.32,34478,7937,4525.8,,,,288749,70906,42671.12,2
1898,cdn_33_5_1898,10,21,GP,Germany .....,joined_weak,position,681,753,,,,1122,1296,147.26,,,,1122,1296,147.26,2
1898,cdn_33_5_1898,12,43,GP,4 Pumps.....,joined_weak,position,,15390,12382,12310,3693.5,,,,,,,15391,12310,3693.5,2
1898,cdn_33_5_1898,13,3,GP,N. Brunswick...,joined_weak,position,24,74,24,74,22.2,,,,,,,24.74,22.2,,-1
1898,cdn_33_5_1898,13,12,GP,Total..... > Ontario.....,joined_weak,position,50186,7298,50056,7263,726.27,130.35,3.07,50186,,,,7298,729.34,,-1
1898,cdn_33_5_1898,13,13,GP,Quebec.....,joined_weak,position,53275,8923,52857,8858,885.8,418.65,5.68,53275,,,,8923,891.48,,-1
1898,cdn_33_5_1898,13,15,GP,N. Brunswick...,joined_weak,position,1605,211,1505,194,19.4,100.17,1.49,1605,,,,211,20.89,,-1
1898,cdn_33_5_1898,13,16,GP,Manitoba.....,joined_weak,position,433,91,433,91,9.1,,,,,,,433.91,9.1,,-1
1898,cdn_33_5_1898,13,18,GP,,joined_weak,position,,25,3.25,3,0.3,,,,,,,25,3,0.3,2
1898,cdn_33_5_1898,14,9,GP,,right_only,,,,,,,,,,,,,,,,0
1898,cdn_33_5_1898,14,14,GP,Total..... > Ontario.....,joined_weak,position,2559,166,1221,67,13.4,1314.97,16.96,2535,,,,164,30.36,,-1
1898,cdn_33_5_1898,14,25,GP,China.....,joined_weak,position,2854,97,2854,97,24.25,,,,,,,2854.97,24.25,,-1
1898,cdn_33_5_1898,14,32,GP,N. Brunswick.....,joined_weak,position,4494,392,4232,370,92.5,262.22,4.82,4494,,,,392,97.32,,-1
1898,cdn_33_5_1898,15,15,GP,Japan.....,joined_weak,position,4368,90,3770,76,19.0,598,14,3.07,,,,4368.9,22.07,,-1
1898,cdn_33_5_1898,15,21,GP,Manitoba.....,joined_weak,position,758,63,758,63,15.75,,,,,,,758.63,15.75,,-1
1898,cdn_33_5_1898,15,22,GP,B. Columbia....,joined_weak,position,129824,4913,126697,4815,1203.55,598.14,3.07,127295,,,,4829,1206.62,,-1
1898,cdn_33_5_1898,15,27,GP,B. E. Indies.....,joined_weak,position,1203400,17159,,,,771570,10894,8439.05,,,,771570,10894,8439.05,2
1898,cdn_33_5_1898,15,39,GP,Manitoba.....,joined_weak,position,412174,10546,290362,6543,3629.52,181192,5152,1981.79,,,,471654,11695,5611.31,2
1898,cdn_33_5_1898,16,3,GP,Japan.....,joined_weak,position,116440,3547,,,,6440,137,28.18,,,,6440,137,28.18,2
1898,cdn_33_5_1898,16,14,GP,Total..... > Ontario.....,joined_weak,position,93512,1776,99645,1888,470.19,1474.35,7.66,101119,,,,1923,477.85,,-1
1898,cdn_33_5_1898,16,19,GP,B. Columbia....,joined_weak,position,88992,1283,88478,1267,316.75,402.12,2.64,88880,,,,1279,319.39,,-1
1898,cdn_33_5_1898,16,23,GP,B. E. Indies.....,joined_weak,position,338355,4695,290667,3974,993.5,1180.24,5.25,291847,,,,3998,998.75,,-1
1898,cdn_33_5_1898,16,33,GP,N. Brunswick....,joined_weak,position,37309,883,35597,843,210.75,1712.4,8.75,37309,,,,883,219.5,,-1
1898,cdn_33_5_1898,16,36,GP,P. E. Island....,joined_weak,position,3984,97,2520,63,15.75,1464,34,7.44,,,,3984.97,23.19,,-1
1898,cdn_33_5_1898,17,2,GP,,joined_weak,position,,15,20.14,19,5.7,1,1,0.27,,,,15,20,5.97,2
1898,cdn_33_5_1898,17,3,GP,,joined_weak,position,,51,49.23,13,3.9,28,36,9.46,,,,51,49,13.36,2
1898,cdn_33_5_1898,17,7,GP,2 > .. Beans.....,joined_weak,position,,29.59,7,10,1.05,22,49,21.91,,,,29.59,3.96,2,-2
1898,cdn_33_5_1898,17,10,GP,,joined_weak,position,,7.15,,9,1.05,7,15,0.92,,,,7,15,0.92,-2
1898,cdn_33_5_1898,17,15,GP,Total..... > Ontario.....,joined_weak,position,1163,1598,1140,1544,171.65,23.54,3.1,1163,,,,1598,174.75,,-1
1898,cdn_33_5_1898,17,16,GP,Quebec.....,joined_weak,position,1003,1356,518,679,77.74,6.1,0.73,524,,,,689,78.47,,-1
1898,cdn_33_5_1898,17,18,GP,,joined_weak,position,,15,30.15,30,2.37,,,,,,,15.3,2.37,,-1
1898,cdn_33_5_1898,17,19,GP,,joined_weak,position,,55,81.55,81,8.25,,,,,,,55.81,8.25,,-1
1898,cdn_33_5_1898,17,20,GP,B. Columbia....,joined_weak,position,39098,39504,37208,37639,5581.89,56.4,7.36,37264,,,,37679,5589.25,,-1
1898,cdn_33_5_1898,17,21,GP,,joined_weak,position,,14,26.14,26,2.18,,,,,,,14.26,2.18,,-1
1898,cdn_33_5_1898,17,34,GP,,joined_weak,position,,26,20.26,20,2.65,,,,,,,26,20,2.65,2
1898,cdn_33_5_1898,18,5,GP,Total..... > Ontario.....,joined_weak,position,1148,1550,1092,1480,109.31,56.7,4.91,1148,,,,1550,114.22,,-1
1898,cdn_33_5_1898,18,6,GP,,joined_weak,position,,38280,19082.83,118,8.3,,,,,,,83,118,8.3,2
1898,cdn_33_5_1898,18,7,GP,,joined_weak,position,,21,64.14,22,1.48,7,42,0.62,,,,21.64,2.1,,-1
1898,cdn_33_5_1898,18,8,GP,,joined_weak,position,,27,43.27,43,2.75,,,,,,,27.43,2.75,,-1
1898,cdn_33_5_1898,18,9,GP,,joined_weak,position,,49,53.45,45,4.5,4,8,0.35,,,,49.53,4.85,,-1
1898,cdn_33_5_1898,18,14,GP,""" Rye ..... > United States--",left_only,,,97,83.97,,,,,,,,,,,,
1898,cdn_33_5_1898,18,15,GP,Quebec.....,joined_weak,position,568747,341426,,83,9.8,,,,,,,97.83,9.8,2,-2
1898,cdn_33_5_1898,18,25,GP,,joined_weak,position,,14,13.14,13,1.65,,,,,,,14.13,1.65,,-1
1898,cdn_33_5_1898,18,37,GP,,joined_weak,position,,1590.52,1590,52,3.98,,,,,,,1590.52,3.98,,-1
1898,cdn_33_5_1898,18,38,GP,,joined_weak,position,,32,4.32,4,0.8,,,,,,,32,4,0.8,2
1898,cdn_33_5_1898,19,0,GP,"DUTIABLE GOODS—Con. > Breadstuffs, &c.— > Grain and products of— > 1 > Indian or corn meal .....",left_only,,,3.18,,,,,,,,,,,,,
1898,cdn_33_5_1898,19,1,GP,United States .....,joined_weak,position,83957,146636,83770,146319,20943.8,3.18,0.66,83770,,,,146319,20943.8,1,-2
1898,cdn_33_5_1898,19,2,GP,Total ..... > Ontario .....,joined_weak,position,3790,6118,3787,6100,946.75,3.18,0.66,3790,,,,6118,947.41,,-1
1898,cdn_33_5_1898,19,9,GP,,right_only,,,,,26,6.25,,,,,,,25.26,6.25,,-1
1898,cdn_33_5_1898,19,10,GP,,joined_weak,position,,25,26.25,146319,20943.8,3.18,0.66,83773,,,,146337,20944.46,,-1
1898,cdn_33_5_1898,19,11,GP,,joined_weak,position,83960,146654,83770,121,24.2,,,,,,,,,,0
1898,cdn_33_5_1898,19,12,GP,Lbs. > Lbs. > 2 > .. Oatmeal ..... > Great Britain .....,joined_weak,position,6559,209,4059,22,4.4,2500.88,15.41,6559,,,,209,39.61,,-1
1898,cdn_33_5_1898,19,16,GP,Quebec .....,joined_weak,position,88856,1821,84664,1700,340.0,2192.76,13.3,86856,,,,1776,353.3,,-1
1898,cdn_33_5_1898,19,17,GP,,joined_weak,position,,2487.88,2375,83,16.6,112,5,0.88,,,,2487.88,17.48,,-1
1898,cdn_33_5_1898,19,22,GP,,joined_weak,position,2277817,36526,2273037,36385,7276.03,2500.88,15.41,2275537,,,,36473,7291.44,,-1
1898,cdn_33_5_1898,19,24,GP,,right_only,,,,,2021,360.16,,,,,,,18.93,11.1,,-1
1898,cdn_33_5_1898,19,27,GP,,joined_weak,position,,51,220.51,220,27.85,,,,,,,51,220,27.85,2
1898,cdn_33_5_1898,19,28,GP,,joined_weak,position,,64,181.64,181,32.0,,,,,,,64,181,32.0,2
1898,cdn_33_5_1898,19,36,GP,Total ..... > Ontario .....,joined_weak,position,5468,24147,5464,24122,3279.71,4.25,2.23,5468,,,,24147,3281.94,,-1
1898,cdn_33_5_1898,19,44,GP,,joined_weak,position,40741,168255,35583,148202,21353.16,4.25,2.23,35587,,,,148227,21355.39,,-1
1898,cdn_33_5_1898,21,0,GP,DUTIABLE GOODS—Con. > 1 Bricks and tiles— Bath..... > Great Britain..... > 1 Bricks and tiles— Bath..... > United States..... > 1 Bricks and tiles— Bath.....,left_only,,,1537,,,,,,,,,,,,,
1898,cdn_33_5_1898,21,1,GP,1 Bricks and tiles— Bath.....,left_only,,,64,,,,,,,,,,,,,
1898,cdn_33_5_1898,21,2,GP,1 Bricks and tiles— Bath..... > Total.....,left_only,,,,607,,,,,,,,,,,,
1898,cdn_33_5_1898,21,9,GP,"2 "" Building brick..... > Great Britain..... > M. > M. > United States.....",left_only,,21,431,2,,,,,,,,,,,,
1898,cdn_33_5_1898,21,10,GP,"2 "" Building brick.....",left_only,,618,6221,618,,,,,,,,,,,,
1898,cdn_33_5_1898,21,11,GP,Total..... > Ontario.....,left_only,,117,1568,117,,,,,,,,,,,,
1898,cdn_33_5_1898,21,12,GP,Quebec.....,left_only,,38,1211,32,,,,,,,,,,,,
1898,cdn_33_5_1898,21,13,GP,Nova Scotia.....,left_only,,49,1107,39,,,,,,,,,,,,
1898,cdn_33_5_1898,21,14,GP,N. Brunswick.....,left_only,,3,22,,,,,,,,,,,,,
1898,cdn_33_5_1898,21,15,GP,Manitoba.....,left_only,,302,1763,302,,,,,,,,,,,,
1898,cdn_33_5_1898,21,16,GP,B. Columbia.....,left_only,,130,981,130,,,,,,,,,,,,
1898,cdn_33_5_1898,21,18,GP,"3 "" Paving brick..... > Great Britain..... > United States.....",left_only,,9,76,1,,,,,,,,,,,,
1898,cdn_33_5_1898,21,19,GP,"3 "" Paving brick.....",left_only,,358,2261,358,,,,,,,,,,,,
1898,cdn_33_5_1898,21,20,GP,Total..... > Ontario.....,joined_weak,position,232,1630,232,,,8.64,11.2,,,,,,,3,-1
1898,cdn_33_5_1898,21,21,GP,Quebec.....,joined_weak,position,135,707,127,,,,64,11.2,,,,,,,0
1898,cdn_33_5_1898,21,22,GP,,joined_weak,position,367,2337,359,2273,454.6,8.64,11.2,367,,,,2337,465.8,,-1
1898,cdn_33_5_1898,21,24,GP,"5 "" Drain pipes, sewer pipes, chimney linings or vents, chimney tops, and inverted blocks, glazed or unglazed..... > Great Britain..... > Belgium.....",left_only,,,6334,,,,,,,,,,,,,
1898,cdn_33_5_1898,21,25,GP,"5 "" Drain pipes, sewer pipes, chimney linings or vents, chimney tops, and inverted blocks, glazed or unglazed..... > United States.....",left_only,,,156,,,,,,,,,,,,,
1898,cdn_33_5_1898,21,26,GP,"5 "" Drain pipes, sewer pipes, chimney linings or vents, chimney tops, and inverted blocks, glazed or unglazed.....",left_only,,,22964,,,,,,,,,,,,,
1898,cdn_33_5_1898,21,27,GP,"5 "" Drain pipes, sewer pipes, chimney linings or vents, chimney tops, and inverted blocks, glazed or unglazed..... > Total.....",left_only,,,,14827,,,,,,,,,,,,
1898,cdn_33_5_1898,21,28,GP,"5 "" Drain pipes, sewer pipes, chimney linings or vents, chimney tops, and inverted blocks, glazed or unglazed.....",left_only,,,,5527,,,,,,,,,,,,
1898,cdn_33_5_1898,21,29,GP,"5 "" Drain pipes, sewer pipes, chimney linings or vents, chimney tops, and inverted blocks, glazed or unglazed.....",left_only,,,,620,,,,,,,,,,,,
1898,cdn_33_5_1898,21,30,GP,"5 "" Drain pipes, sewer pipes, chimney linings or vents, chimney tops, and inverted blocks, glazed or unglazed.....",left_only,,,,635,,,,,,,,,,,,
1898,cdn_33_5_1898,21,31,GP,"5 "" Drain pipes, sewer pipes, chimney linings or vents, chimney tops, and inverted blocks, glazed or unglazed.....",left_only,,,,3411,,,,,,,,,,,,
1898,cdn_33_5_1898,23,11,GP,France.....,joined_weak,position,1925,521,,,,2285,596,130.37,,,,2285,596,130.37,2
1898,cdn_33_5_1898,23,23,GP,"3 Buttons, shoe, N.E.S..... > Great Britain.....",joined_weak,position,1091,640,34,1,0.25,1069,641,192.22,,,,1093,642,192.47,2
1898,cdn_33_5_1898,24,14,GP,B. Columbia.....,joined_weak,position,53870,3590,53870,3706,926.5,,,,,,,55870,3706,926.5,2
1898,cdn_33_5_1898,24,15,GP,,joined_weak,position,58802,4311,60729,4412,1103.0,73.15,3.29,60802,,,,4427,1106.29,,-1
1898,cdn_33_5_1898,24,18,GP,Germany.....,joined_weak,position,2723,195,1743,103,30.9,980.92,24.15,2723,,,,195,55.05,,-1
1898,cdn_33_5_1898,24,23,GP,Nova Scotia.....,joined_weak,position,3163,413,2244,407,122.1,144.18,4.74,2388,,,,425,126.84,,-1
1898,cdn_33_5_1898,24,25,GP,Manitoba.....,joined_weak,position,19727,1271,19615,1257,377.1,112.14,3.68,19727,,,,1271,380.78,,-1
1898,cdn_33_5_1898,24,26,GP,B. Columbia.....,joined_weak,position,23020,1877,2137,171,51.2,83.3,7.88,2220,,,,201,59.08,,-1
1898,cdn_33_5_1898,24,27,GP,N. W. Ter.....,joined_weak,position,457,50,457,50,15.0,,,,,,,457.5,15.0,,-1
1898,cdn_33_5_1898,24,33,GP,Germany.....,joined_weak,position,483,84,,,,483,84,18.37,,,,483.84,18.37,,-1
1898,cdn_33_5_1898,24,38,GP,Nova Scotia.....,joined_weak,position,2971,404,2325,339,84.75,421.53,11.62,2746,,,,392,96.37,,-1
1898,cdn_33_5_1898,24,39,GP,N. Brunswick.....,joined_weak,position,2267,390,2043,363,90.75,224.27,5.91,2267,,,,390,96.66,,-1
1898,cdn_33_5_1898,24,42,GP,P. E. Island.....,joined_weak,position,650,59,250,30,7.5,400,29,6.34,,,,650.59,13.84,,-1
1898,cdn_33_5_1898,25,27,GP,,left_only,,,36,934.36,,,,,,,,,,,,
1898,cdn_33_5_1898,25,28,GP,"4 "" Farm wagons..... > France.....",joined_weak,position,1,30,,934,326.9,,,,,,,36,934,326.9,2
1898,cdn_33_5_1898,25,29,GP,"4 "" Farm wagons..... > United States.....",joined_weak,position,1874,79054,1882,79499,19884.0,1,30,6.5600000000000005,,,,1882,79499,19884.0,-2
1898,cdn_33_5_1898,26,0,GP,,right_only,,,,,5356,1339.0,,,,,,,57,5356,1339.0,2
1898,cdn_33_5_1898,26,1,GP,,right_only,,,,,476,119.0,,,,,,,8,476,119.0,2
1898,cdn_33_5_1898,26,2,GP,,right_only,,,,,75,18.75,,,,,,,3.75,18.75,,-1
1898,cdn_33_5_1898,26,3,GP,,right_only,,,,,1993,498.25,,,,,,,65,1993,498.25,2
1898,cdn_33_5_1898,26,4,GP,,right_only,,,,,3411,852.75,,,,,,,54,3411,852.75,2
1898,cdn_33_5_1898,26,5,GP,"DUTIABLE GOODS—Con. > 1 Carriages— Freight wagons, drays and similar vehicles. > United States— Ontario..... Quebec..... Nova Scotia..... Manitoba..... B. Columbia..... N. W. Ter.....",joined_weak,position,,,,4801,1200.25,,,,,,,109,4801,1200.25,2
1898,cdn_33_5_1898,26,7,GP,,right_only,,,,,151,52.85,1,365,111.78,,,,5,516,164.63,2
1898,cdn_33_5_1898,26,8,GP,,right_only,,,,,5509,1928.15,,,,,,,91,5509,1928.15,2
1898,cdn_33_5_1898,26,9,GP,,right_only,,,,,1277,446.95,,,,,,,40,1277,446.95,2
1898,cdn_33_5_1898,26,10,GP,,right_only,,,,,2053,718.55,1,365,111.78,,,,11,2418,830.33,2
1898,cdn_33_5_1898,26,11,GP,,right_only,,,,,1024,358.4,,,,,,,7,1024,358.4,2
1898,cdn_33_5_1898,26,12,GP,,right_only,,,,,50,17.5,,,,,,,1.5,17.5,,-1
1898,cdn_33_5_1898,26,13,GP,,right_only,,,,,505,176.75,,,,,,,22,505,176.75,2
1898,cdn_33_5_1898,26,15,GP,Total..... Ontario..... Quebec..... Nova Scotia..... N. Brunswick... Manitoba..... B. Columbia..... N. W. Ter.....,joined_weak,position,,,,231,80.85,,,,,,,9,231,80.85,2
1898,cdn_33_5_1898,26,17,GP,,right_only,,,,,21441,7504.09,,,,,,,,21441,7504.09,2
1898,cdn_33_5_1898,26,18,GP,,right_only,,,,,14927,5224.45,,,,,,,,14927,5224.45,2
1898,cdn_33_5_1898,26,19,GP,,right_only,,,,,4613,1614.55,,,,,,,,4613,1614.55,2
1898,cdn_33_5_1898,26,20,GP,,right_only,,,,,208,72.54,,,,,,,,208,72.54,2
1898,cdn_33_5_1898,26,21,GP,,right_only,,,,,867,303.45,,,,,,,,867,303.45,2
1898,cdn_33_5_1898,26,22,GP,,right_only,,,,,174,60.9,,,,,,,,174,60.9,2
1898,cdn_33_5_1898,26,27,GP,,right_only,,,,,1650,495.0,,,,,,,1,1650,495.0,2
1898,cdn_33_5_1898,26,28,GP,,right_only,,,,,109,32.7,,,,,,,1,109,32.7,2
1898,cdn_33_5_1898,26,29,GP,,right_only,,,,,500,150.0,,,,,,,1,500,150.0,2
1898,cdn_33_5_1898,26,30,GP,,right_only,,,,,57,17.1,,,,,,,1.5699999999999998,17.1,,-1
1898,cdn_33_5_1898,26,33,GP,,right_only,,,,,301,90.3,,,,,,,4,301,90.3,2
1898,cdn_33_5_1898,26,34,GP,,right_only,,,,,55,16.5,,,,,,,1.55,16.5,,-1
1898,cdn_33_5_1898,26,35,GP,6 „ „ „ tram or horse > United States— Ontario..... Quebec..... B. Columbia.....,joined_weak,position,,,,2187,656.1,,,,,,,9,2187,656.1,2
1898,cdn_33_5_1898,27,0,GP,,right_only,,,,,32256,9676.8,,,,,,,368,32256,9676.8,2
1898,cdn_33_5_1898,27,1,GP,,right_only,,,,,556,166.8,,,,,,,19,556,166.8,2
1898,cdn_33_5_1898,27,2,GP,"DUTIABLE GOODS—Con. > 1 Carriages— Railway passenger cars, box and flat cars ..... > United States— Ontario ..... Quebec ..... B. Columbia....",joined_weak,position,,,,3847,1154.1,,,,,,,15,3847,1154.1,2
1898,cdn_33_5_1898,27,4,GP,,right_only,,,,,1195,358.5,,212,55.65,,,,,1407,414.15,2
1898,cdn_33_5_1898,27,5,GP,,right_only,,,,,9027,2708.1,,,,,,,,9027,2708.1,2
1898,cdn_33_5_1898,27,6,GP,,right_only,,,,,5030,1509.0,,31169,8181.86,,,,,36199,9690.86,2
1898,cdn_33_5_1898,27,7,GP,,right_only,,,,,116485,34945.5,,,,,,,,116485,34945.5,2
1898,cdn_33_5_1898,27,8,GP,,right_only,,,,,59255,17776.5,,,,,,,,59255,17776.5,2
1898,cdn_33_5_1898,27,9,GP,,right_only,,,,,56841,17052.3,,31381,8237.51,,,,,88222,25289.81,2
1898,cdn_33_5_1898,27,10,GP,,right_only,,,,,1263,378.9,,,,,,,,1263,378.9,2
1898,cdn_33_5_1898,27,11,GP,,right_only,,,,,15,4.5,,,,,,,,15,4.5,2
1898,cdn_33_5_1898,27,16,GP,,right_only,,,,,2494,748.2,,,,,,,557,2494,748.2,2
1898,cdn_33_5_1898,27,17,GP,,right_only,,,,,4233,1268.9,,,,,,,918,4233,1268.9,2
1898,cdn_33_5_1898,27,18,GP,,right_only,,,,,805,241.5,,,,,,,2,805,241.5,2
1898,cdn_33_5_1898,27,19,GP,,right_only,,,,,45,13.5,,,,,,,12.45,13.5,,-1
1898,cdn_33_5_1898,27,20,GP,,right_only,,,,,14667,4400.1,,,,,,,1959,14667,4400.1,2
1898,cdn_33_5_1898,27,21,GP,,right_only,,,,,428,128.4,,,,,,,40,428,128.4,2
1898,cdn_33_5_1898,27,22,GP,,right_only,,,,,3835,1149.5,,,,,,,430,3835,1149.5,2
1898,cdn_33_5_1898,27,24,GP,,right_only,,,,,90,23.8,,,,,,,9.9,23.8,4,-2
1898,cdn_33_5_1898,27,25,GP,,right_only,,,,,73,18.25,,,,,,,4.73,18.25,,-1
1898,cdn_33_5_1898,27,26,GP,,right_only,,,,,73,18.25,,,,,,,3.73,18.25,,-1
1898,cdn_33_5_1898,27,27,GP,,right_only,,,,,357,89.25,,,,,,,20,357,89.25,2
1898,cdn_33_5_1898,27,28,GP,,right_only,,,,,3430,857.5,,,,,,,290,3430,857.5,2
1898,cdn_33_5_1898,27,29,GP,,right_only,,,,,5396,1349.9,,,,,,,836,5396,1349.9,2
1898,cdn_33_5_1898,27,30,GP,"4 "" Sleighs ..... > United States— Ontario ..... Quebec ..... Nova Scotia .... N. Brunswick.. Manitoba ..... B. Columbia .... N. W. Ter.....",joined_weak,position,,,,204,51.0,,,,,,,15,204,51.0,2
1898,cdn_33_5_1898,27,32,GP,,right_only,,,,,7,2.1,,,,,,,1,7,2.1,2
1898,cdn_33_5_1898,27,33,GP,,right_only,,,,,2,0.6,,,,,,,1,2,0.6,2
1898,cdn_33_5_1898,27,34,GP,,right_only,,,,,14,4.2,,,,,,,2.14,4.2,,-1
1898,cdn_33_5_1898,27,35,GP,,right_only,,,,,24608,7382.4,,,,,,,8126,24608,7382.4,2
1898,cdn_33_5_1898,27,36,GP,,right_only,,,,,4455,1336.5,,,,,,,1523,4455,1336.5,2
1898,cdn_33_5_1898,27,37,GP,,right_only,,,,,6531,1959.3,,,,,,,1695,6531,1959.3,2
1898,cdn_33_5_1898,27,38,GP,,right_only,,,,,626,187.8,,,,,,,329,626,187.8,2
1898,cdn_33_5_1898,27,39,GP,,right_only,,,,,469,140.7,,,,,,,106,469,140.7,2
1898,cdn_33_5_1898,27,40,GP,,right_only,,,,,3985,1195.5,,,,,,,3540,3985,1195.5,2
1898,cdn_33_5_1898,27,41,GP,"5 "" Wheelbarrows, and trucks and hand-carts ..... > Great Britain..... Newfoundland..... Belgium..... United States.....",joined_weak,position,,,,8164,2449.2,,,,,,,860,8164,2449.2,2
1898,cdn_33_5_1898,27,42,GP,Total. .... > Ontario ..... Quebec ..... Nova Scotia .... N. Brunswick.. Manitoba ..... B. Columbia .. N. W. Ter.....,joined_weak,position,,,,401,120.3,,,,,,,77,401,120.3,2
1898,cdn_33_5_1898,28,1,GP,United States.....,left_only,,27262,603752,27339,,,,,,,,,,,,
1898,cdn_33_5_1898,28,2,GP,Total ..... > Ontario .....,left_only,,14817,318000,14856,,,,,,,,,,,,
1898,cdn_33_5_1898,28,3,GP,Quebec.....,left_only,,6156,123248,6169,,,,,,,,,,,,
1898,cdn_33_5_1898,28,4,GP,Nova Scotia.....,left_only,,1663,44273,1657,,,,,,,,,,,,
1898,cdn_33_5_1898,28,5,GP,N. Brunswick.....,left_only,,993,24165,993,,,,,,,,,,,,
1898,cdn_33_5_1898,28,6,GP,Manitoba.....,left_only,,2266,54311,2266,,,,,,,,,,,,
1898,cdn_33_5_1898,28,7,GP,B. Columbia.....,left_only,,1183,36049,1183,,,,,,,,,,,,
1898,cdn_33_5_1898,28,8,GP,P. E. Island.....,left_only,,112,2528,112,,,,,,,,,,,,
1898,cdn_33_5_1898,28,9,GP,N. W. Ter.....,joined_weak,position,118,3389,118,,,,,,,,,,,,0
1898,cdn_33_5_1898,28,11,GP,"2 > "" "" parts of..... > Great Britain.....",left_only,,,8145,,,,,,,,,,,,,
1898,cdn_33_5_1898,28,12,GP,France.....,left_only,,,51,,,,,,,,,,,,,
1898,cdn_33_5_1898,28,13,GP,Germany.....,left_only,,,377,,,,,,,,,,,,,
1898,cdn_33_5_1898,28,14,GP,United States.....,left_only,,,271175,,,,,,,,,,,,,
1898,cdn_33_5_1898,28,15,GP,Total..... > Ontario .....,left_only,,,252627,,,,,,,,,,,,,
1898,cdn_33_5_1898,28,16,GP,Quebec.....,left_only,,,15667,,,,,,,,,,,,,
1898,cdn_33_5_1898,28,17,GP,Nova Scotia.....,left_only,,,3975,,,,,,,,,,,,,
1898,cdn_33_5_1898,28,18,GP,N. Brunswick.....,left_only,,,409,,,,,,,,,,,,,
1898,cdn_33_5_1898,28,19,GP,Manitoba.....,left_only,,,2838,,,,,,,,,,,,,
1898,cdn_33_5_1898,28,25,GP,United States.....,left_only,,7751,5342,7751,,,,,,,,,,,,
1898,cdn_33_5_1898,28,26,GP,Total..... > Ontario.....,left_only,,1259,1706,1259,,,,,,,,,,,,
1898,cdn_33_5_1898,28,27,GP,Quebec.....,left_only,,4827,1819,4827,,,,,,,,,,,,
1898,cdn_33_5_1898,28,28,GP,Nova Scotia.....,left_only,,355,870,355,,,,,,,,,,,,
1898,cdn_33_5_1898,28,29,GP,N. Brunswick.....,left_only,,1309,968,1309,,,,,,,,,,,,
1898,cdn_33_5_1898,28,30,GP,B. Columbia.....,left_only,,8,41,8,,,,,,,,,,,,
1898,cdn_33_5_1898,28,31,GP,P. E. Island.....,left_only,,1,3,1,,,,,,,,,,,,
1898,cdn_33_5_1898,28,32,GP,N. W. Ter.....,left_only,,4,12,4,,,,,,,,,,,,
1898,cdn_33_5_1898,28,34,GP,"4 > Carpets, N.E.S., ..... > Great Britain.....",left_only,,75167,44855,7254,,,,,,,,,,,,
1898,cdn_33_5_1898,28,35,GP,France.....,left_only,,850,392,,,,,,,,,,,,,
1898,cdn_33_5_1898,28,36,GP,Germany.....,left_only,,1501,756,,,,,,,,,,,,,
1898,cdn_33_5_1898,28,37,GP,United States.....,joined_weak,position,20062,10242,20062,,,,,,,,,,,,0
1898,cdn_33_5_1898,30,12,GP,Quebec.....,joined_weak,position,876974,280023,204775,71306,25506.88,696930,205824,72945.95,,,,871705,277130,98542.83,0
1898,cdn_33_5_1898,31,17,GP,,right_only,,,,,,,225,9,7.87,,,,225,9,7.87,2
1898,cdn_33_5_1898,31,21,GP,Quebec.....,joined_weak,position,59903,2446,2768,87,110.72,50690,2145,1774.62,,,,53467,2232,1885.34,2
1898,cdn_33_5_1898,32,0,GP,"1 Cider, clarified or refined..... > Great Britain.....",left_only,,176,76,100,,,,,,,,,,,,
1898,cdn_33_5_1898,32,1,GP,"1 Cider, clarified or refined..... > United States.....",left_only,,1429,1054,1389,,,,,,,,,,,,
1898,cdn_33_5_1898,32,2,GP,"1 Cider, clarified or refined..... > Total..... > Ontario.....",left_only,,16,11,8,,,,,,,,,,,,
1898,cdn_33_5_1898,32,3,GP,"1 Cider, clarified or refined..... > Quebec.....",left_only,,144,65,94,,,,,,,,,,,,
1898,cdn_33_5_1898,32,4,GP,"1 Cider, clarified or refined..... > Nova Scotia.....",left_only,,6,2,6,,,,,,,,,,,,
1898,cdn_33_5_1898,32,5,GP,"1 Cider, clarified or refined..... > N. Brunswick.....",left_only,,18,7,,,,,,,,,,,,,
1898,cdn_33_5_1898,32,6,GP,"1 Cider, clarified or refined..... > B. Columbia.....",left_only,,1343,1021,1303,,,,,,,,,,,,
1898,cdn_33_5_1898,32,7,GP,"1 Cider, clarified or refined..... > N. W. Ter.....",left_only,,78,24,78,,,,,,,,,,,,
1898,cdn_33_5_1898,32,8,GP,"1 Cider, clarified or refined.....",joined_weak,position,1605,1130,1489,,,76.5,6.65,,,,,,,1,-1
1898,cdn_33_5_1898,32,9,GP,"2 "" not clarified or refined..... > Great Britain.....",joined_weak,position,15,2,15,,,8.5,2.41,,,,,,11.65,,-1
1898,cdn_33_5_1898,32,10,GP,"2 "" not clarified or refined..... > United States.....",joined_weak,position,438,137,443,974.24,,18,7,1.58,,,,,,,0
1898,cdn_33_5_1898,32,11,GP,"2 "" not clarified or refined..... > Total..... > Ontario.....",joined_weak,position,31,4,31,1033,148.99,76.5,6.65,1565,,,,1083,155.64,,-1
1898,cdn_33_5_1898,32,12,GP,"2 "" not clarified or refined..... > Quebec.....",joined_weak,position,45,5,50,,,,,,,,,,,,0
1898,cdn_33_5_1898,32,13,GP,"2 "" not clarified or refined..... > B. Columbia.....",joined_weak,position,377,130,377,,,,,,,,,,,,0
1898,cdn_33_5_1898,32,15,GP,3 Clocks..... > Great Britain.....,left_only,,,6706,,,,,,,,,,,,,
1898,cdn_33_5_1898,32,16,GP,3 Clocks..... > Austria.....,left_only,,,15,,,,,,,,,,,,,
1898,cdn_33_5_1898,32,17,GP,3 Clocks..... > Belgium.....,left_only,,,20,,,,,,,,,,,,,
1898,cdn_33_5_1898,32,18,GP,3 Clocks..... > China.....,left_only,,,6,,,,,,,,,,,,,
1898,cdn_33_5_1898,32,19,GP,3 Clocks..... > France.....,left_only,,,5387,,,,,,,,,,,,,
1898,cdn_33_5_1898,32,20,GP,3 Clocks..... > Germany.....,left_only,,,21185,,,,,,,,,,,,,
1898,cdn_33_5_1898,32,21,GP,3 Clocks..... > Japan.....,left_only,,,2,,,,,,,,,,,,,
1898,cdn_33_5_1898,32,22,GP,3 Clocks..... > United States.....,left_only,,,128581,,,,,,,,,,,,,
1898,cdn_33_5_1898,32,23,GP,3 Clocks..... > Total..... > Ontario.....,left_only,,,96526,,,,,,,,,,,,,
1898,cdn_33_5_1898,32,24,GP,3 Clocks..... > Quebec.....,left_only,,,49461,,,,,,,,,,,,,
1898,cdn_33_5_1898,32,25,GP,3 Clocks..... > Nova Scotia.....,left_only,,,5403,,,,,,,,,,,,,
1898,cdn_33_5_1898,32,26,GP,3 Clocks..... > N. Brunswick.....,left_only,,,3700,,,,,,,,,,,,,
1898,cdn_33_5_1898,32,27,GP,3 Clocks..... > Manitoba.....,left_only,,,2205,,,,,,,,,,,,,
1898,cdn_33_5_1898,32,28,GP,3 Clocks..... > B. Columbia.....,left_only,,,4369,,,,,,,,,,,,,
1898,cdn_33_5_1898,32,29,GP,P. E. Island.....,left_only,,,126,,,,,,,,,,,,,
1898,cdn_33_5_1898,32,30,GP,N. W. Ter.....,left_only,,,112,,,,,,,,,,,,,
1898,cdn_33_5_1898,32,31,GP,,left_only,,,161902,,,,,,,,,,,,,
1898,cdn_33_5_1898,32,32,GP,"4 Clock, keys and clock movements..... > Great Britain.....",left_only,,,198,,,,,,,,,,,,,
1898,cdn_33_5_1898,32,33,GP,"4 Clock, keys and clock movements..... > Belgium.....",left_only,,,14,,,,,,,,,,,,,
1898,cdn_33_5_1898,32,34,GP,"4 Clock, keys and clock movements..... > France.....",left_only,,,33,,,,,,,,,,,,,
1898,cdn_33_5_1898,32,35,GP,"4 Clock, keys and clock movements..... > Germany.....",left_only,,,171,,,,,,,,,,,,,
1898,cdn_33_5_1898,32,36,GP,"4 Clock, keys and clock movements..... > Japan.....",left_only,,,1,,,,,,,,,,,,,
1898,cdn_33_5_1898,32,37,GP,"4 Clock, keys and clock movements..... > United States.....",left_only,,,1461,,,,,,,,,,,,,
1898,cdn_33_5_1898,33,0,GP,"DUTIABLE GOODS—Con. > 1 Clothes wringers, and parts thereof, for domestic use..... > Great Britain.....",left_only,,1,11,1,,,,,,,,,,,,
1898,cdn_33_5_1898,33,1,GP,United States.....,left_only,,8880,13944,8880,,,,,,,,,,,,
1898,cdn_33_5_1898,33,2,GP,Total..... > Ontario.....,left_only,,2363,4491,2363,,,,,,,,,,,,
1898,cdn_33_5_1898,33,3,GP,Quebec.....,left_only,,2518,3926,2518,,,,,,,,,,,,
1898,cdn_33_5_1898,33,4,GP,Nova Scotia.....,left_only,,562,737,562,,,,,,,,,,,,
1898,cdn_33_5_1898,33,5,GP,N. Brunswick.....,left_only,,1359,1684,1359,,,,,,,,,,,,
1898,cdn_33_5_1898,33,6,GP,Manitoba.....,left_only,,1501,2113,1501,,,,,,,,,,,,
1898,cdn_33_5_1898,33,7,GP,B. Columbia.....,left_only,,390,681,390,,,,,,,,,,,,
1898,cdn_33_5_1898,33,8,GP,P. E. Island.....,joined_weak,position,60,150,60,,,,,,,,,,,,0
1898,cdn_33_5_1898,33,9,GP,N. W. Ter.....,joined_weak,position,128,173,128,,,,,,,,,,,,0
1898,cdn_33_5_1898,33,12,GP,United States.....,left_only,,6780,1475,6780,,,,,,,,,,,,
1898,cdn_33_5_1898,33,13,GP,Total..... > Ontario.....,left_only,,12636,2480,6780,,,,,,,,,,,,
1898,cdn_33_5_1898,33,14,GP,Quebec.....,joined_weak,position,161700,30529,1567,,,,,,,,,,,,0
1898,cdn_33_5_1898,33,17,GP,Australia.....,left_only,,587,906,587,,,,,,,,,,,,
1898,cdn_33_5_1898,33,18,GP,United States.....,left_only,,1876020,3480617,1623900,,,,,,,,,,,,
1898,cdn_33_5_1898,33,19,GP,Total..... > Ontario.....,left_only,,1829780,3355587,1579137,,,,,,,,,,,,
1898,cdn_33_5_1898,33,20,GP,Quebec.....,left_only,,82486,155957,28126,,,,,,,,,,,,
1898,cdn_33_5_1898,33,21,GP,Nova Scotia.....,left_only,,1578,3228,1568,,,,,,,,,,,,
1898,cdn_33_5_1898,33,22,GP,N. Brunswick.....,left_only,,8553,22740,7672,,,,,,,,,,,,
1898,cdn_33_5_1898,33,23,GP,Manitoba.....,left_only,,14552,33969,14552,,,,,,,,,,,,
1898,cdn_33_5_1898,33,24,GP,B. Columbia.....,joined_weak,position,5051,27663,4933,,,,,,,,,,,,0
1898,cdn_33_5_1898,33,26,GP,"4 "" Dust, N.E.S..... > Great Britain.....",left_only,,30944,16841,1714,,,,,,,,,,,,
1898,cdn_33_5_1898,33,27,GP,United States.....,left_only,,201010,29251,198501,,,,,,,,,,,,
1898,cdn_33_5_1898,33,28,GP,Total..... > Ontario.....,left_only,,200918,28945,198409,,,,,,,,,,,,
1898,cdn_33_5_1898,33,29,GP,Quebec.....,left_only,,31005,17003,1775,,,,,,,,,,,,
1898,cdn_33_5_1898,33,30,GP,Nova Scotia.....,joined_weak,position,9,33,9,,,29230,16229,2816.02,,,,,,,0
1898,cdn_33_5_1898,33,31,GP,N. W. Ter.....,joined_weak,position,22,111,22,,,29230,16229,2816.02,,,,,,,0
1898,cdn_33_5_1898,33,33,GP,"5 Cocoa carpeting, mats, rugs and matt-ing..... > Great Britain.....",left_only,,,1820,,,,,,,,,,,,,
1898,cdn_33_5_1898,33,34,GP,Hong Kong.....,left_only,,,2,,,,,,,,,,,,,
1898,cdn_33_5_1898,33,35,GP,China.....,left_only,,,560,,,,,,,,,,,,,
1898,cdn_33_5_1898,33,36,GP,Japan.....,left_only,,,577,,,,,,,,,,,,,
1898,cdn_33_5_1898,34,11,GP,Venezuela.....,joined_weak,position,5040,80,5040,80,25.2,,,,,,,5040.8,25.2,,-1
1898,cdn_33_5_1898,34,29,GP,"4 Cocoa nut, desiccated, sweetened or not > Lbs. > Lbs. > Great Britain.....",joined_weak,position,3820,250,3374,224,168.7,230.16,10.06,3604,,,,240,178.76,4,-2
1898,cdn_33_5_1898,34,30,GP,Ceylon.....,joined_weak,position,1000,75,1000,75,50.0,,,,,,,1000.75,50.0,,-1
1898,cdn_33_5_1898,34,33,GP,Total ..... > Ontario.....,joined_weak,position,896,60,890,59,44.5,6,1,0.26,,,,896.6,44.76,,-1
1898,cdn_33_5_1898,34,34,GP,Quebec.....,joined_weak,position,4100,277,3860,294,193.0,224.15,9.8,4084,,,,309,202.8,,-1
1898,cdn_33_5_1898,34,38,GP,,joined_weak,position,9330,890,9084,906,454.28,230.16,10.06,9314,,,,922,464.34,,-1
1898,cdn_33_5_1898,35,2,GP,"1 Cocoa paste, chocolate paste, cocos and cocoa butter, N.O.P..... > France.....",joined_weak,position,2660,638,652,2971,584.92,38108,172,24.95,,,,1365,334,51.03,-2
1898,cdn_33_5_1898,35,4,GP,"1 Cocoa paste, chocolate paste, cocos and cocoa butter, N.O.P..... > Holland.....",joined_weak,position,15400,3151,6040,7,2.2,,1965,336.84,,,,15664,3289,578.44,-2
1898,cdn_33_5_1898,35,12,GP,B. Columbia...,joined_weak,position,17302,3431,14471,3016,578.84,399.8,13.98,14870,,,,3096,592.82,,-1
1898,cdn_33_5_1898,35,19,GP,Holland.....,joined_weak,position,14725,8124,6572,33956,6791.2,5993,3323,581.52,,,,12475,6954,1307.58,-2
1898,cdn_33_5_1898,35,28,GP,P. E. Island....,joined_weak,position,616,156,216,57,11.4,400.99,17.32,616,,,,156,28.72,,-1
1898,cdn_33_5_1898,35,32,GP,B. E. Indies.....,joined_weak,position,770,73,770,73,7.3,,,,,,,770.73,7.3,,-1
1898,cdn_33_5_1898,36,3,GP,Ontario .....,joined_weak,position,17588,1577,17318,1497,519.82,285.82,7.5,17603,,,,1579,527.32,,-1
1898,cdn_33_5_1898,36,6,GP,Manitoba .....,joined_weak,position,45279,1819,42660,1703,1279.8,119.23,3.13,42779,,,,1726,1282.93,,-1
1898,cdn_33_5_1898,36,7,GP,B. Columbia .....,joined_weak,position,425,66,295,44,8.85,70,14,1.8399999999999999,,,,365.58,10.69,,-1
1898,cdn_33_5_1898,36,12,GP,Ontario .....,joined_weak,position,87681,10180,87601,10154,2766.8,80.26,3.67,87681,,,,10180,2770.47,,-1
1898,cdn_33_5_1898,36,13,GP,Quebec .....,joined_weak,position,9816,2853,8319,2520,418.38,400.68,12.95,8719,,,,2588,431.33,,-1
1898,cdn_33_5_1898,36,25,GP,United States .....,joined_weak,position,78383,4994,70633,4419,1413.46,,,,,,,70683,4419,1413.46,2
1898,cdn_33_5_1898,36,34,GP,,joined_weak,position,92973,5549,75181,4962,1503.42,92.12,1.62,75273,,,,4974,1505.04,,-1
1898,cdn_33_5_1898,36,35,GP,4 Coffee condensed with milk ..... > Great Britain .....,joined_weak,position,1403,240,,,,1593,226,59.35,,,,1593,226,59.35,2
1898,cdn_33_5_1898,36,38,GP,Ontario .....,joined_weak,position,899,237,124,158,47.4,775.79,20.75,899,,,,237,68.15,,-1
1898,cdn_33_5_1898,37,4,GP,Total.....,left_only,,65143,57986,9984,,,,,,,,,,,,
1898,cdn_33_5_1898,37,13,GP,,right_only,,,,,9755,3413.25,52994,46133,14128.51,,,,62978,55888,17541.76,2
1898,cdn_33_5_1898,37,22,GP,Total.....,joined_weak,position,87062,35969,87062,10231,3579.62,,25786,7897.29,,,,,36017,11476.91,2
1898,cdn_33_5_1898,37,30,GP,,right_only,,,,,27430,9598.51,,60248,18450.22,,,,,87673,28048.73,0
1898,cdn_33_5_1898,37,40,GP,,right_only,,,,,3019,905.7,,112,29.94,,,,,3131,935.64,2
1898,cdn_33_5_1898,38,1,GP,Quebec .....,joined_weak,position,185976,24763,185286,24688,3703.2,690.75,9.86,185976,,,,24763,3713.06,,-1
1898,cdn_33_5_1898,38,4,GP,Manitoba .....,joined_weak,position,236,50,236,50,6.7,,,,,,,296.5,6.7,,-1
1898,cdn_33_5_1898,39,27,GP,,right_only,,,,,457,159.95,,11357,3478.08,,,,,11814,3634.03,0
1898,cdn_33_5_1898,39,39,GP,Austria.....,joined_weak,position,135,66,,,,135,66,20.2,,,,135.66,20.2,,-1
1898,cdn_33_5_1898,40,2,GP,Nova Scotia .....,joined_weak,position,193,164,168,150,52.5,25.14,4.29,193,,,,164,56.79,,-1
1898,cdn_33_5_1898,40,3,GP,N. Brunswick...,joined_weak,position,12,55,12,55,19.25,,,,,,,12.55,19.25,,-1
1898,cdn_33_5_1898,40,18,GP,Nova Scotia .....,joined_weak,position,74171,10110,73293,10007,2251.61,472.42,8.27,73765,,,,10049,2259.88,,-1
1898,cdn_33_5_1898,40,21,GP,B. Columbia .....,joined_weak,position,78360,11835,78149,11784,2651.45,211.51,10.03,78360,,,,11835,2661.48,,-1
1898,cdn_33_5_1898,41,3,GP,"1 Cotton, manufactures of— Gray, unbleached cotton fabrics.... > Germany.....",joined_weak,position,441,52,,,,441,52,11.38,,,,441.52,11.38,,-1
1898,cdn_33_5_1898,41,9,GP,"1 Cotton, manufactures of— Gray, unbleached cotton fabrics.... > N. Brunswick....",joined_weak,position,2127,258,945,191,47.75,1182.67,14.67,2127,,,,258,62.42,,-1
1898,cdn_33_5_1898,41,18,GP,2 „ White or bleached cotton fabrics... > St. Pierre.....,joined_weak,position,456,68,456,68,17.0,,,,,,,456.68,17.0,,-1
1898,cdn_33_5_1898,41,21,GP,2 „ White or bleached cotton fabrics... > Total..... > Ontario.....,joined_weak,position,2094347,151181,721337,48488,12122.99,1356534,102048,22323.0,,,,2077571,150536,34445.93,0
1898,cdn_33_5_1898,41,28,GP,N. W. Ter.....,joined_weak,position,1053,71,240,23,5.75,813,48,10.5,,,,1053.71,16.25,,-1
1898,cdn_33_5_1898,41,32,GP,"3 „ Fabrics, printed, dyed or coloured, N.O.P..... > Belgium.....",joined_weak,position,29724,4999,,,,29223,4913,1504.61,,,,29223,4913,1504.61,2
1898,cdn_33_5_1898,41,37,GP,"3 „ Fabrics, printed, dyed or coloured, N.O.P..... > Italy.....",joined_weak,position,366,87,366,87,30.45,,,,,,,366.87,30.45,,-1
1898,cdn_33_5_1898,41,49,GP,,joined_weak,position,31304955,2467100,10797424,709596,248368.62,20195475,1719515,526609.8,,,,30993899,2429111,774978.42,2
1898,cdn_33_5_1898,42,27,GP,Germany.....,joined_weak,position,962,87,962,87,21.75,,,,,,,962.87,21.75,,-1
1898,cdn_33_5_1898,42,29,GP,Total..... > Ontario.....,joined_weak,position,57258,5342,56208,5278,1319.5,1050.64,13.88,57258,,,,5342,1333.38,,-1
1898,cdn_33_5_1898,43,0,GP,"1 Cotton, manufactures of— Wadding, batting, bleached, dyed or coloured..... > Great Britain.....",joined_weak,position,478,94,30,7,1.75,448,87,19.05,,,,478.94,20.8,1,-2
1898,cdn_33_5_1898,43,4,GP,Quebec.....,joined_weak,position,22770,2376,22350,2296,574.0,420.8,17.51,22770,,,,2376,591.51,,-1
1898,cdn_33_5_1898,43,10,GP,,joined_weak,position,27216,2760,26768,2673,668.25,445.87,19.05,27216,,,,2760,687.3,,-1
1898,cdn_33_5_1898,43,20,GP,Total..... > Ontario.....,joined_weak,position,22661,3673,22410,3621,905.76,251.52,11.38,22661,,,,3673,917.14,,-1
1898,cdn_33_5_1898,43,30,GP,,joined_weak,position,66040,9716,65890,9709,1942.24,4,,,,,,65890,9709,1942.24,2
1898,cdn_33_5_1898,43,32,GP,Quebec.....,joined_weak,position,14783,3601,14612,3584,716.8,21.1,1.76,14633,,,,3594,718.56,,-1
1898,cdn_33_5_1898,44,11,GP,"2 "" Shirts of cotton..... > Doz. > Doz. > Great Britain.....",joined_weak,position,3575,16651,195,900,315.0,,15857,4858.22,,,,,16757,5173.22,2
1898,cdn_33_5_1898,45,0,GP,"DUTIABLE GOODS—Con. > 1 Cotton, manufactures of— Sewing cotton thread in hanks, 3 and 6 cord— > Total ..... > Ontario.....",left_only,,10,3,,,,,,,,,,,,,
1898,cdn_33_5_1898,45,21,GP,Total..... > Ontario.....,joined_weak,position,4181,1771,4102,1742,435.5,79.29,6.34,4181,,,,1771,441.84,,-1
1898,cdn_33_5_1898,45,26,GP,B. Columbia.....,joined_weak,position,219,67,172,48,12.0,47,19,4.16,,,,219.67,16.16,,-1
1898,cdn_33_5_1898,45,28,GP,"4 "" Bed quilts of cotton, N.O.P. .... > Great Britain.....",joined_weak,position,,,,485,145.6,42285,34736,9121.44,,,,42981,35221,9267.04,2
1898,cdn_33_5_1898,48,13,GP,"2 "" Tape, not dyed or coloured > Great Britain",left_only,,,7070,,,,,,,,,,,,,
1898,cdn_33_5_1898,48,18,GP,"2 "" Tape, not dyed or coloured > Total",joined_weak,position,1648,,,928,231.52,,720,159.07,,,,,1648,390.5,0
1898,cdn_33_5_1898,48,19,GP,"2 "" Tape, not dyed or coloured > Quebec",joined_weak,position,6572,,,900,225.0,,5638,1233.42,,,,,6538,1458.42,2
1898,cdn_33_5_1898,48,20,GP,"2 "" Tape, not dyed or coloured > Nova Scotia",joined_weak,position,210,,,25,6.25,,185,40.49,,,,,210,46.74,2
1898,cdn_33_5_1898,48,21,GP,"2 "" Tape, not dyed or coloured > N. Brunswick",joined_weak,position,105,,,,,,105,23.0,,,,,105,23.0,2
1898,cdn_33_5_1898,48,22,GP,"2 "" Tape, not dyed or coloured > Manitoba",joined_weak,position,167,,,26,6.5,,141,30.84,,,,,167,37.34,2
1898,cdn_33_5_1898,48,23,GP,"2 "" Tape, not dyed or coloured > B. Columbia",joined_weak,position,249,,,7,1.75,,248,54.25,,,,,255,56.0,2
1898,cdn_33_5_1898,48,24,GP,"2 "" Tape, not dyed or coloured > P. E. Island",joined_weak,position,38,,,,,,38,8.32,,,,,38,8.32,2
1898,cdn_33_5_1898,48,25,GP,,joined_weak,position,8989,,,1886,471.02,,7075,1549.39,,,,,8961,2020.41,2
1898,cdn_33_5_1898,48,30,GP,"3 "" "" Dyed or coloured > Total",joined_weak,position,892,,,373,128.9,,519,158.98,,,,,892,287.88,2
1898,cdn_33_5_1898,48,31,GP,"3 "" "" Dyed or coloured > Quebec",joined_weak,position,8539,,,292,102.2,,8078,2473.95,,,,,8370,2576.15,2
1898,cdn_33_5_1898,48,32,GP,"3 "" "" Dyed or coloured > Nova Scotia",joined_weak,position,12,,,,,,12,3.68,,,,,12,3.68,2
1898,cdn_33_5_1898,48,33,GP,"3 "" "" Dyed or coloured > N. Brunswick",joined_weak,position,38,,,,,,38,11.64,,,,,38,11.64,2
1898,cdn_33_5_1898,48,34,GP,"3 "" "" Dyed or coloured > Manitoba",joined_weak,position,28,,,7,2.45,,21,6.44,,,,,28,8.89,2
1898,cdn_33_5_1898,48,35,GP,"3 "" "" Dyed or coloured > B. Columbia",joined_weak,position,233,,,182,63.7,,51,15.61,,,,,233,79.31,2
1898,cdn_33_5_1898,48,36,GP,"3 "" "" Dyed or coloured > N. W. Ter",joined_weak,position,1,,,1,0.35,,,,,,,,1,0.35,2
1898,cdn_33_5_1898,48,37,GP,,joined_weak,position,9743,,,855,297.6,,8719,2670.3,,,,,9574,2967.9,2
1898,cdn_33_5_1898,48,40,GP,,right_only,,,,,97,29.1,,,,,,,,97,29.1,2
1898,cdn_33_5_1898,49,18,GP,Yds. > Yds. > Great Britain .....,joined_weak,position,1335179,100399,16800,1517,379.25,,98529,21557.15,,,,,100046,21936.4,2
1898,cdn_33_5_1898,49,39,GP,,joined_weak,position,,21565,4459.4,29,8.7,20510,4423,1161.05,,,,20550,4452,1169.75,2
1898,cdn_33_5_1898,49,42,GP,,joined_weak,position,,7529,1618.96,36,10.8,7433,1582,415.39,,,,7529,1618,426.19,2
1898,cdn_33_5_1898,50,28,GP,"3 Cuffs of cotton, linen, xylonite, xyolite or celluloid..... > Great Britain..... > Pairs. > Pairs. > United States.....",joined_weak,position,8234,1779,313,103,36.05,,1676,513.35,,,,,8234,549.4,0
1898,cdn_33_5_1898,50,29,GP,"3 Cuffs of cotton, linen, xylonite, xyolite or celluloid.....",joined_weak,position,1925,475,1925,475,166.25,,,,,,,,1925,166.25,0
1898,cdn_33_5_1898,51,29,GP,Belgium.....,joined_weak,position,124,123,62,70,9.3,,,,,,,62.7,9.3,,-1
1898,cdn_33_5_1898,51,32,GP,Quebec.....,joined_weak,position,150,136,62,70,9.3,26,13,3.4699999999999998,,,,88.83,12.77,,-1
1898,cdn_33_5_1898,51,34,GP,,joined_weak,position,156,139,68,73,10.27,26,13,3.4699999999999998,,,,94.86,13.74,,-1
1898,cdn_33_5_1898,52,0,GP,"DUTIABLE GOODS. > 1 > Drugs, dyes, chemicals and medicines— Acids, acetic, &c.— Testing 18 degrees over proof str'gth.",joined_weak,position,,42,10.42,10,21.42,,,,,,,42.1,21.42,1,-2
1898,cdn_33_5_1898,52,1,GP,"2 > "" 19 "" "" ..",joined_weak,position,,10.33,,,,10,33,4.47,,,,10.33,4.47,2,-2
1898,cdn_33_5_1898,52,3,GP,,right_only,,,,,11,22.8,,,,,,,40.11,22.8,,-1
1898,cdn_33_5_1898,52,4,GP,,joined_weak,position,,50,14.5,14,28.5,,,,,,,50.14,28.5,,-1
1898,cdn_33_5_1898,52,6,GP,Total..... > Ontario..... N. Brunswick...,joined_weak,position,12.24,,,7,14.17,,,,,,,24,7,14.17,2
1898,cdn_33_5_1898,52,7,GP,,right_only,,,,,,,12,30,6.2,,,,12.3,6.2,4,-2
1898,cdn_33_5_1898,52,8,GP,,joined_weak,position,,36,37.24,7,14.17,,,,,,,24,7,14.17,2
1898,cdn_33_5_1898,52,9,GP,"5 > "" 30 "" "" ..",joined_weak,position,,84,83.84,7,14.17,12,30,6.2,,,,36.37,20.37,,-1
1898,cdn_33_5_1898,52,10,GP,"6 > "" 35 "" "" ..",joined_weak,position,,13,17.13,83,63.97,,,,,,,84.83,63.97,,-1
1898,cdn_33_5_1898,52,11,GP,,right_only,,,,,17,11.13,,,,,,,13.17,11.13,5,-2
1898,cdn_33_5_1898,52,13,GP,,right_only,,,,,,,5,20,6.35,,,,5.2,6.35,7,-2
1898,cdn_33_5_1898,52,14,GP,"France— Quebec..... > 9 > "" 66 "" "" ..",joined_weak,position,,46,204.1,42,14.7,10,41,12.86,,,,20.83,27.56,8,-2
1898,cdn_33_5_1898,52,16,GP,,right_only,,,,,,,49,47,75.96,,,,49.47,75.96,10,-2
1898,cdn_33_5_1898,52,17,GP,"Germany N. Brunswick... > 12 > "" 82 "" "" .. > Germany..... United States....",joined_weak,position,,121.1,,35,72.08,302,262,473.07,,,,342,297,545.15,2
1898,cdn_33_5_1898,52,18,GP,,right_only,,,,,10,3.58,,,,,,,2.1,3.58,,-1
1898,cdn_33_5_1898,52,19,GP,Total.....,joined_weak,position,,110,131.42,,,302,262,473.07,,,,302,262,473.07,2
1898,cdn_33_5_1898,52,20,GP,,right_only,,,,,45,75.66,,,,,,,42.45,75.66,,-1
1898,cdn_33_5_1898,52,21,GP,,joined_weak,position,,110,131.42,45,75.66,302,262,473.07,,,,344,307,548.73,2
1898,cdn_33_5_1898,52,23,GP,,right_only,,,,,,,22,63,10.67,,,,22.63,10.67,,-1
1898,cdn_33_5_1898,52,24,GP,,right_only,,,,,42,14.7,15.61,19.21,25,,,,103,33.91,,-1
1898,cdn_33_5_1898,52,25,GP,,right_only,,,,,140,247.43,498,456,763.86,,,,648,596,1011.29,2
1898,cdn_33_5_1898,52,26,GP,Recapitulation of acids above proof strength by countries..... > Great Britain..... France..... Germany.... United States....,joined_weak,position,,,,173,171.02,,,,,,,280,173,171.02,2
1898,cdn_33_5_1898,53,0,GP,,right_only,,,,,104,100.12,12,30,6.2,,,,191,134,106.32,2
1898,cdn_33_5_1898,53,1,GP,,right_only,,,,,147,190.05,464,470,707.11,,,,579,617,897.16,2
1898,cdn_33_5_1898,53,2,GP,,right_only,,,,,11,22.8,,,,,,,40,11,22.8,2
1898,cdn_33_5_1898,53,3,GP,,right_only,,,,,52,89.83,49,47,75.96,,,,115,99,165.79,2
1898,cdn_33_5_1898,53,4,GP,"DUTIABLE GOODS—Con. > 1 > Drugs, dyes, chemicals and medicines— Acids, acetic, &c.— Total by provinces of acids above proof strength..... > Ontario..... Quebec..... Nova Scotia..... N. Brunswick... B. Columbia....",joined_weak,position,,,,41,30.35,10,33,4.47,,,,45,74,34.82,2
1898,cdn_33_5_1898,53,6,GP,,right_only,,,,,549,137.25,16,6,1.31,,,,16,6,1.31,-2
1898,cdn_33_5_1898,53,8,GP,,right_only,,,,,521,130.25,16,6,1.31,,,,5417,521,130.25,-2
1898,cdn_33_5_1898,53,9,GP,,right_only,,,,,5,1.25,,,,,,,16,6,1.31,-2
1898,cdn_33_5_1898,53,10,GP,,right_only,,,,,2,0.5,,,,,,,13,5,1.25,-2
1898,cdn_33_5_1898,53,11,GP,,right_only,,,,,1,0.25,,,,,,,108,2,0.5,-2
1898,cdn_33_5_1898,53,12,GP,,right_only,,,,,20,5.0,,,,,,,2,1,0.25,-2
1898,cdn_33_5_1898,53,13,GP,Total..... > Ontario..... Quebec..... Nova Scotia..... N. Brunswick... Manitoba..... B. Columbia....,joined_weak,position,,,,,,,,,,,,20,20,5.0,-2
1898,cdn_33_5_1898,53,15,GP,,right_only,,,,,2,0.5,,,,,,,6,2,0.5,2
1898,cdn_33_5_1898,53,16,GP,,right_only,,,,,9319,2329.75,,,,,,,150576,9319,2329.75,2
1898,cdn_33_5_1898,53,17,GP,,right_only,,,,,5526,1381.5,,,,,,,92684,5526,1381.5,2
1898,cdn_33_5_1898,53,18,GP,,right_only,,,,,3707,926.75,,,,,,,57764,3707,926.75,2
1898,cdn_33_5_1898,53,19,GP,"Lbs. > Lbs. > 3 > "" Acid phosphate, N.O.P..... > Great Britain..... United States.....",joined_weak,position,,,,43,10.75,,,,,,,48,43,10.75,2
1898,cdn_33_5_1898,53,20,GP,Total..... > Ontario..... Quebec..... Manitoba..... B. Columbia....,joined_weak,position,,,,45,11.25,,,,,,,86,45,11.25,2
1898,cdn_33_5_1898,53,22,GP,,right_only,,,,,251,50.2,4191,1072,187.59,,,,5363,1323,237.79,2
1898,cdn_33_5_1898,53,23,GP,,right_only,,,,,,,16,9,1.56,,,,16,9,1.56,2
1898,cdn_33_5_1898,53,24,GP,,right_only,,,,,18435,3688.1,,,,,,,544710,18435,3688.1,2
1898,cdn_33_5_1898,53,25,GP,,right_only,,,,,6263,1253.7,,,,,,,141122,6263,1253.7,2
1898,cdn_33_5_1898,53,26,GP,,right_only,,,,,252,50.4,,,,,,,1420,252,50.4,2
1898,cdn_33_5_1898,53,27,GP,,right_only,,,,,101,20.2,137,25,4.38,,,,7186,126,24.58,2
1898,cdn_33_5_1898,53,28,GP,,right_only,,,,,83,16.6,124,46,8.05,,,,5215,129,24.65,2
1898,cdn_33_5_1898,53,29,GP,"4 > "" Acids, mixed, N.E.S..... > Great Britain..... Germany..... United States.....",joined_weak,position,,,,11972,2394.4,3946,1010,176.72,,,,394643,12982,2571.12,2
1898,cdn_33_5_1898,53,30,GP,Total..... > Ontario..... Quebec..... Nova Scotia..... N. Brunswick... B. Columbia.... P. E. Island...,joined_weak,position,,,,15,3.0,,,,,,,503,15,3.0,2
1898,cdn_33_5_1898,53,32,GP,,right_only,,,,,18,3.6,1666,328,57.42,,,,1675,346,61.02,2
1898,cdn_33_5_1898,53,33,GP,,right_only,,,,,1,0.2,,,,,,,9,1,0.2,2
1898,cdn_33_5_1898,53,34,GP,"5 > "" Muriatic and nitric..... > Great Britain... Germany..... United States.....",joined_weak,position,,,,2293,458.7,,,,,,,95382,2293,458.7,2
1898,cdn_33_5_1898,54,0,GP,,right_only,,,,,613,122.6,2,1,0.18,,,,18407,614,122.78,2
1898,cdn_33_5_1898,54,1,GP,,right_only,,,,,833,166.6,,,,,,,54798,833,166.6,2
1898,cdn_33_5_1898,54,2,GP,,right_only,,,,,125,25.0,1660,321,56.19,,,,2914,446,81.19,2
1898,cdn_33_5_1898,54,3,GP,,right_only,,,,,181,36.2,,,,,,,14600,181,36.2,2
1898,cdn_33_5_1898,54,4,GP,,right_only,,,,,34,6.8,,,,,,,1327.34,6.8,,-1
1898,cdn_33_5_1898,54,5,GP,"1 Drugs, dyes, chemicals and medicines— Acids, muriatic and nitric— Total..... > Ontario..... Quebec..... Nova Scotia.... N. Brunswick... Manitoba..... B. Columbia.... P. E. Island....",joined_weak,position,,,,514,102.9,14,6,1.05,,,,4341,520,103.95,2
1898,cdn_33_5_1898,54,6,GP,,right_only,,,,,12,2.4,,,,,,,679.12,2.4,,-1
1898,cdn_33_5_1898,54,8,GP,,right_only,,,,,11,2.75,3445,193,42.23,,,,3740,204,44.98,2
1898,cdn_33_5_1898,54,9,GP,,right_only,,,,,2,0.5,,,,,,,15,2,0.5,2
1898,cdn_33_5_1898,54,10,GP,,right_only,,,,,5330,1332.89,,,,,,,661589,5330,1332.89,2
1898,cdn_33_5_1898,54,11,GP,,right_only,,,,,3949,987.64,985.21,4.6,577452,,,,3970,992.24,,-1
1898,cdn_33_5_1898,54,12,GP,,right_only,,,,,198,49.5,240.14,3.06,14714,,,,212,52.56,,-1
1898,cdn_33_5_1898,54,13,GP,,right_only,,,,,114,28.5,2220,158,34.57,,,,14070,272,63.07,2
1898,cdn_33_5_1898,54,14,GP,"2 "" Sulphuric..... > Great Britain..... Germany..... United States.....",joined_weak,position,,,,403,100.75,,,,,,,38298,403,100.75,2
1898,cdn_33_5_1898,54,15,GP,,right_only,,,,,85,21.25,,,,,,,4306.85,21.25,,-1
1898,cdn_33_5_1898,54,16,GP,Total..... > Ontario..... Quebec..... Nova Scotia.... N. Brunswick... Manitoba..... B. Columbia....,joined_weak,position,,,,594,148.5,,,,,,,16504,594,148.5,2
1898,cdn_33_5_1898,54,18,GP,,right_only,,,,,1168,233.6,36238,7405,1295.94,,,,69683,8573,1529.54,2
1898,cdn_33_5_1898,54,19,GP,,right_only,,,,,401,80.2,1552,402,70.35,,,,3642,803,150.55,2
1898,cdn_33_5_1898,54,20,GP,,right_only,,,,,178,35.6,15392,1878,328.66,,,,17392,2056,364.26,2
1898,cdn_33_5_1898,54,21,GP,,right_only,,,,,9716,1943.25,,,,,,,86378,9716,1943.25,2
1898,cdn_33_5_1898,54,22,GP,,right_only,,,,,6760,1352.0,33688,5854,1024.49,,,,101921,12614,2376.49,2
1898,cdn_33_5_1898,54,23,GP,,right_only,,,,,2566,513.2,18720,3590,628.27,,,,36116,6156,1141.47,2
1898,cdn_33_5_1898,54,24,GP,,right_only,,,,,445,89.0,,,,,,,30104,445,89.0,2
1898,cdn_33_5_1898,54,25,GP,,right_only,,,,,649,129.8,739,184,32.21,,,,3705,833,162.01,2
1898,cdn_33_5_1898,54,26,GP,"3 "" Other, N.E.S..... > Great Britain..... France..... Germany..... United States.....",joined_weak,position,,,,1023,204.65,,,,,,,5138,1023,204.65,2
1898,cdn_33_5_1898,54,27,GP,,right_only,,,,,12,2.4,35,57,9.98,,,,85.69,12.38,,-1
1898,cdn_33_5_1898,54,28,GP,Total..... > Ontario..... Quebec..... Nova Scotia.... N. Brunswick... Manitoba..... B. Columbia.... N. W. Ter.....,joined_weak,position,,,,8,1.6,,,,,,,26,8,1.6,2
1898,cdn_33_5_1898,54,30,GP,,right_only,,,,,10,2.1,,,,,,,7.1,2.1,4,-2
1898,cdn_33_5_1898,54,31,GP,,right_only,,,,,29,5.8,,,,,,,25.29,5.8,,-1
1898,cdn_33_5_1898,54,32,GP,"4 "" Aniline dyes, in packages of less than 1 lb. weight..... > United States— Quebec..... N. Brunswick... B. Columbia....",joined_weak,position,,,,1,0.2,,,,,,,1,1,0.2,2
1898,cdn_33_5_1898,54,34,GP,,right_only,,,,,585,146.25,33909,13906,3042.14,,,,36783,14491,3188.39,2
1898,cdn_33_5_1898,54,35,GP,,right_only,,,,,,,1492,234,51.19,,,,1492,234,51.19,2
1898,cdn_33_5_1898,54,36,GP,,right_only,,,,,2,0.5,,,,,,,21,2,0.5,2
1898,cdn_33_5_1898,54,37,GP,,right_only,,,,,257,64.25,11934,2887,631.52,,,,13876,3144,695.77,2
1898,cdn_33_5_1898,54,38,GP,,right_only,,,,,1523,380.75,20293,4762,1041.69,,,,25876,6285,1422.44,2
1898,cdn_33_5_1898,54,39,GP,"5 "" Gelatine and isinglass..... > Great Britain..... Belgium..... China..... France..... Germany..... United States.....",joined_weak,position,,,,14289,3572.15,,,,,,,51183,14289,3572.15,2
1898,cdn_33_5_1898,55,7,GP,N. W. Ter.....,joined_weak,position,110,55,110,55,13.75,,,,,,,110.55,13.75,,-1
1898,cdn_33_5_1898,55,13,GP,Japan.....,joined_weak,position,419,86,,,,419,86,19.8,,,,419.86,19.8,,-1
1898,cdn_33_5_1898,55,20,GP,B. Columbia....,joined_weak,position,8529,980,7337,885,221.25,1192.95,20.79,8529,,,,980,242.04,,-1
1898,cdn_33_5_1898,56,10,GP,2 > Japan .....,joined_weak,position,3040,898,2620,753,150.6,120.4,7.0,2740,,,,793,157.6,,-1
1898,cdn_33_5_1898,56,16,GP,2 > N. Brunswick...,joined_weak,position,35,15,35,15,3.0,,,,,,,55.15,3.0,,-1
1898,cdn_33_5_1898,56,17,GP,2 > Manitoba .....,joined_weak,position,1130,396,620,219,43.8,240.83,14.52,860,,,,302,58.32,,-1
1898,cdn_33_5_1898,56,21,GP,"3 "" Opium (crude) ..... > B. E. Indies .....",left_only,,10,25,,,,,,,,,,,,,
1898,cdn_33_5_1898,56,24,GP,"3 "" Opium (crude) ..... > Germany .....",joined_weak,position,25,56,,2288,944.5,25,56,21.88,,,,25.56,21.88,,-1
1898,cdn_33_5_1898,56,38,GP,4 > Nova Scotia....,joined_weak,position,200,80,200,80,16.0,,,,,,,200.8,16.0,,-1
1898,cdn_33_5_1898,56,41,GP,B. Columbia....,joined_weak,position,7656,1614,7636,1603,320.6,20.11,1.92,7656,,,,1614,322.52,,-1
1898,cdn_33_5_1898,57,23,GP,,joined_weak,position,208264,21301,203723,20569,4116.8,2394,333,58.28,,,,207117,20902,4175,0
1898,cdn_33_5_1898,58,9,GP,"2 "" Morphine..... > Great Britain.....",joined_weak,position,,3662,,310,62.0,3405,3433,600.8,,,,3405,3433,600.8,-2
1898,cdn_33_5_1898,58,11,GP,"2 "" Morphine..... > Quebec.....",joined_weak,position,3378,3392,,,,3178,3163,553.54,,,,3178,3163,553.54,2
1898,cdn_33_5_1898,58,13,GP,"2 "" Morphine..... > B. Columbia.....",joined_weak,position,179,348,147,310,62.0,32.38,6.65,179,,,,348,68.65,,-1
1898,cdn_33_5_1898,58,15,GP,"3 "" Opium, powdered..... > Great Britain.....",left_only,,,317,,,,,,,,,,,,,
1898,cdn_33_5_1898,58,16,GP,"3 "" Opium, powdered..... > B. E. Indies.....",joined_weak,position,3,8,,,,111,325,131.14,,,,111,325,131.14,2
1898,cdn_33_5_1898,58,19,GP,"3 "" Opium, powdered..... > Quebec.....",joined_weak,position,48,147,35,111,47.25,13.36,15.37,48,,,,147,62.62,,-1
1898,cdn_33_5_1898,58,23,GP,"3 "" Opium, powdered..... > B. Columbia.....",joined_weak,position,23,68,13,42,17.56,10,26,11.82,,,,23.68,29.38,,-1
1898,cdn_33_5_1898,59,5,GP,,right_only,,,,,251,62.75,,2083,455.54,,,,,2534,518.29,0
1898,cdn_33_5_1898,60,0,GP,,right_only,,,,,173,43.25,3649,1116,244.13,,,,3990,1289,287.38,2
1898,cdn_33_5_1898,60,1,GP,,right_only,,,,,3204,801.0,6937,2928,640.51,,,,12484,6132,1441.51,2
1898,cdn_33_5_1898,60,2,GP,,right_only,,,,,89,22.25,,,,,,,26.89,22.25,,-1
1898,cdn_33_5_1898,60,3,GP,,right_only,,,,,338,84.5,611,246,53.82,,,,2227,584,138.32,2
1898,cdn_33_5_1898,60,4,GP,,right_only,,,,,120,30.0,1000.72,15.75,1247,,,,192,45.75,,-1
1898,cdn_33_5_1898,60,5,GP,"DUTIABLE GOODS—Con. > 1 Drugs, dyes, chemicals and medicines— Sulphuric ether, chloroform and solutions of peroxides of hydrogen— Total..... > ...Ontario..... Quebec..... Nova Scotia..... N. Brunswick.... Manitoba..... B. Columbia....",joined_weak,position,,,,629,157.25,510,229,50.09,,,,1282,858,207.34,2
1898,cdn_33_5_1898,60,7,GP,,right_only,,,,,,,184,69,21.15,,,,184.69,21.15,2,-2
1898,cdn_33_5_1898,60,8,GP,,right_only,,,,,,,20,30,9.19,,,,20.3,9.19,,-1
1898,cdn_33_5_1898,60,9,GP,,right_only,,,,,,,155,12,3.68,,,,155.12,3.68,,-1
1898,cdn_33_5_1898,60,10,GP,,right_only,,,,,,,250,33,10.11,,,,250.33,10.11,,-1
1898,cdn_33_5_1898,60,11,GP,,right_only,,,,,7384,2584.4,,,,,,,164998,7384,2584.4,2
1898,cdn_33_5_1898,60,12,GP,,right_only,,,,,2986,1045.1,60,6,1.8599999999999999,,,,76805,2992,1046.96,2
1898,cdn_33_5_1898,60,13,GP,"2 "" Vaseline and all similar preparations of petroleum, for toilet, medicinal or other purposes..... > Great Britain..... Belgium..... France..... Germany..... United States.....",joined_weak,position,,,,3836,1342.6,549,138,42.27,,,,79185,3974,1384.87,2
1898,cdn_33_5_1898,60,14,GP,,right_only,,,,,85,29.75,,,,,,,1062.85,29.75,,-1
1898,cdn_33_5_1898,60,15,GP,,right_only,,,,,72,25.2,,,,,,,983.72,25.2,,-1
1898,cdn_33_5_1898,60,16,GP,Total..... > ...Ontario..... Quebec..... Nova Scotia..... N. Brunswick.... Manitoba..... B. Columbia.... N. W. Ter.....,joined_weak,position,,,,196,68.6,,,,,,,4254,196,68.6,2
1898,cdn_33_5_1898,60,17,GP,,right_only,,,,,157,51.95,,,,,,,2883,157,54.95,0
1898,cdn_33_5_1898,60,18,GP,,right_only,,,,,52,18.2,,,,,,,435.52,18.2,,-1
1898,cdn_33_5_1898,60,20,GP,,right_only,,,,,57,28.2,,,,,,,470.87,28.2,3,-2
1898,cdn_33_5_1898,60,21,GP,"3 "" Yeast cakes..... > United States— Ontario..... Nova Scotia....",joined_weak,position,,87.63,,63,14.34,,,,,,,239.63,14.34,,-1
1898,cdn_33_5_1898,60,23,GP,,right_only,,,,,24,9.06,,,,,,,151.24,9.06,4,-2
1898,cdn_33_5_1898,60,24,GP,"4 "" Yeast, compressed, in packages weighing less than 50 lbs..... > United States— Quebec..... B. Columbia....",joined_weak,position,,,,306,134.4,,,,,,,2240,306,134.4,2
1898,cdn_33_5_1898,60,26,GP,,right_only,,,,,50383,3781.58,,,,,,,126052,30383,3781.58,0
1898,cdn_33_5_1898,60,27,GP,,right_only,,,,,35340,4300.89,,,,,,,143363,35340,4300.89,2
1898,cdn_33_5_1898,60,28,GP,"5 "" Yeast, compressed, in bulk or mass of not less than 50 lbs..... > United States— Ontario..... Quebec..... N. Brunswick....",joined_weak,position,,,,9858,1182.03,,,,,,,39401,9858,1182.03,2
1898,cdn_33_5_1898,60,30,GP,,right_only,,,,,10633,2126.6,,113508,19867.43,,,,,124141,21904.03,0
1898,cdn_33_5_1898,60,31,GP,,right_only,,,,,622,124.4,,1736,303.8,,,,,2358,428.2,2
1898,cdn_33_5_1898,60,32,GP,,right_only,,,,,366,73.2,,10,1.75,,,,,376,74.95,2
1898,cdn_33_5_1898,60,33,GP,,right_only,,,,,75,15.0,,,,,,,,75,15.0,2
1898,cdn_33_5_1898,60,34,GP,,right_only,,,,,1,0.2,,,,,,,,1,0.2,2
1898,cdn_33_5_1898,60,35,GP,,right_only,,,,,2013,402.6,,4950,866.24,,,,,6963,1268.84,2
1898,cdn_33_5_1898,60,36,GP,,right_only,,,,,10132,2026.4,,46234,8090.98,,,,,56366,10117.38,2
1898,cdn_33_5_1898,60,37,GP,,right_only,,,,,76,15.2,,,,,,,,76,15.2,2
1898,cdn_33_5_1898,60,38,GP,,right_only,,,,,13,2.6,,,,,,,,13,2.6,2
1898,cdn_33_5_1898,60,39,GP,,right_only,,,,,5,1.0,,,,,,,,5,1.0,2
1898,cdn_33_5_1898,60,40,GP,,right_only,,,,,1371,274.2,,3512,614.6,,,,,4883,888.8,2
1898,cdn_33_5_1898,63,36,GP,4 Eggs ..... > Great Britain .....,joined_weak,position,593,79,25,30,0.75,568,49,15.01,,,,593.79,15.76,4,-2
1898,cdn_33_5_1898,64,0,GP,DUTIABLE GOODS—Con. > 1 Eggs— > Total..... > Ontario.....,joined_weak,position,2955,580,2387,531,71.63,568.49,15.01,2955,,,,580,86.64,1,-2
1898,cdn_33_5_1898,64,6,GP,,left_only,,253453,36365,251045,,,,,,,,,,,,
1898,cdn_33_5_1898,64,7,GP,,joined_weak,position,,,7,36025,7531.38,568.49,15.01,251613,,,,36074,7546.39,,-1
1898,cdn_33_5_1898,67,27,GP,China.....,left_only,,,44,,,,,,,,,,,,,
1898,cdn_33_5_1898,69,18,GP,,right_only,,,,,768,153.6,,,,,,,,768,153.6,2
1898,cdn_33_5_1898,69,32,GP,Denmark. ....,left_only,,,73,,,,,,,,,,,,,
1898,cdn_33_5_1898,69,36,GP,Switzerland. ....,left_only,,,18,,,,,,,,,,,,,
1898,cdn_33_5_1898,71,14,GP,,right_only,,,,,41,14.35,,,,,,,,41,14.35,2
1898,cdn_33_5_1898,71,36,GP,United States.....,left_only,,,3625,,,,,,,,,,,,,
1898,cdn_33_5_1898,72,25,GP,N. Brunswick.....,joined_weak,position,,212,,209,62.7,,3.79,,,,,212,63.49,,-1
1898,cdn_33_5_1898,73,8,GP,"2 Fibre, Kartavert, indurated fibre, vulcanized fibre and like material and manufactures of, N.E.S..... > Great Britain.....",left_only,,,327,,,,,,,,,,,,,
1898,cdn_33_5_1898,73,33,GP,"4 Fish :— > Lbs. > Lbs. > Cod, haddock, ling and pollock—fresh, imported otherwise than in barrels, &c..... > St. Pierre.....",left_only,,148000,4138,,,,,,,,,,,,,
1898,cdn_33_5_1898,74,0,GP,"1 Fish— Cod, haddock, ling and pollock—fresh, imported otherwise than in barrels, &c., dry salted..... > Great Britain.....",joined_weak,position,1362,105,402,15,2.01,960.9,4.2,1362,,,,105,6.21,1,-2
1898,cdn_33_5_1898,74,2,GP,Japan.....,left_only,,3907,165,3374,,,,,,,,,,,,
1898,cdn_33_5_1898,74,3,GP,St. Pierre.....,joined_weak,position,3079379,93193,,114,16.87,533.51,2.34,3907,,,,165,19.21,,-1
1898,cdn_33_5_1898,74,5,GP,Total..... > Ontario.....,joined_weak,position,4088,259,3128,168,15.64,960.9,4.2,4088,,,,258,19.84,,-1
1898,cdn_33_5_1898,74,8,GP,B. Columbia.....,joined_weak,position,53151,1604,52618,1553,263.59,533.51,2.34,53151,,,,1604,265.93,,-1
1898,cdn_33_5_1898,74,17,GP,Total..... > Ontario.....,joined_weak,position,3496,267,3356,246,33.56,140.21,1.23,3496,,,,267,34.79,,-1
1898,cdn_33_5_1898,74,19,GP,,joined_weak,position,3720,280,3580,259,35.8,140.21,1.23,3720,,,,280,37.03,,-1
1898,cdn_33_5_1898,74,25,GP,Manitoba.....,joined_weak,position,1148,56,1148,56,5.95,,,,,,,1148.56,5.95,,-1
1898,cdn_33_5_1898,74,28,GP,"5 "" "" pickled, in barrels..... > St. Pierre.....",left_only,,52600,760,,,,,,,,,,,,,
1898,cdn_33_5_1898,74,30,GP,Total..... > Nova Scotia.....,left_only,,52600,760,,,,,,,,,,,,,
1898,cdn_33_5_1898,75,2,GP,Ontario.....,joined_weak,position,31102,834,30327,798,152.92,775.36,3.4,31102,,,,834,156.32,,-1
1898,cdn_33_5_1898,75,10,GP,Ontario.....,joined_weak,position,15799,852,15469,839,77.38,330.13,1.45,15799,,,,852,78.83,,-1
1898,cdn_33_5_1898,75,29,GP,Ontario.....,joined_weak,position,729,55,729,55,7.29,,,,,,,729.55,7.29,,-1
1898,cdn_33_5_1898,76,15,GP,"3 "" "" preserved, N.E.S..... > Great Britain.....",joined_weak,position,10535,1379,,,,6639,808,176.59,,,,6639,808,176.59,2
1898,cdn_33_5_1898,77,0,GP,"DUTIABLE GOODS—Con. > Lbs. > Lbs. > 1 Fish— > Oysters canned, in cans not over one pint ..... > Great Britain.....",left_only,,12,1,,,,,,,,,,,,,
1898,cdn_33_5_1898,77,1,GP,United States.....,joined_weak,position,77460,7628,78909,7718,2366.07,12,1,0.32,,,,78909,7718,2366.07,-2
1898,cdn_33_5_1898,77,9,GP,Quebec.....,joined_weak,position,1080,80,1080,80,54.0,,,,,,,1080.8,54.0,,-1
1898,cdn_33_5_1898,77,13,GP,N. W. Ter ..,joined_weak,position,559,86,559,86,13.95,,,,,,,559.86,13.95,,-1
1898,cdn_33_5_1898,77,15,GP,"3 "" "" in cans over one quart..... > United States— > B. Columbia....",joined_weak,position,330,74,330,74,9.35,,,,,,,330.74,9.35,3,-2
1898,cdn_33_5_1898,78,0,GP,"DUTIABLE GOODS—Con. > Fish— > 1 Salmon, fresh, not in barrels. .... > United States— > Ontario. ....",joined_weak,position,1115,79,1115,79,5.6,,,,,,,1115.79,5.6,1,-2
1898,cdn_33_5_1898,78,5,GP,"2 "" "" smoked. .... > United States— > Quebec. ....",joined_weak,position,882,64,882,64,8.82,,,,,,,882.64,8.82,2,-2
1898,cdn_33_5_1898,78,6,GP,N. Brunswick. ....,joined_weak,position,561,64,561,64,5.61,,,,,,,561.64,5.61,,-1
1898,cdn_33_5_1898,78,11,GP,,joined_weak,position,476,59,476,59,14.75,,,,,,,476.59,14.75,,-1
1898,cdn_33_5_1898,78,14,GP,Nova Scotia. ....,left_only,,5900,513,,,,,,,,,,,,,
1898,cdn_33_5_1898,78,17,GP,,right_only,,,,,,,,,,,,,,,,0
1898,cdn_33_5_1898,78,27,GP,Manitoba. ....,joined_weak,position,414,58,270,39,2.7,144,19,1.26,,,,414.58,3.96,,-1
1898,cdn_33_5_1898,78,29,GP,,joined_weak,position,81592,4816,81183,4771,812.35,144.19,1.26,81327,,,,4790,813.61,,-1
1898,cdn_33_5_1898,79,5,GP,Nova Scotia.....,joined_weak,position,1032,165,936,155,23.4,96.1,2.1,1032,,,,165,25.5,,-1
1898,cdn_33_5_1898,79,13,GP,France.....,joined_weak,position,559558,38676,121987,7765,2427.74,298225,21180,5218.94,,,,419612,28945,7646.68,2
1898,cdn_33_5_1898,79,19,GP,N. Brunswick....,joined_weak,position,2098,160,1036,63,20.72,1062.97,18.59,2098,,,,160,39.31,,-1
1898,cdn_33_5_1898,80,23,GP,United States.....,joined_weak,position,866,58,866,58,8.66,,,,,,,866.58,8.66,,-1
1898,cdn_33_5_1898,80,26,GP,,joined_weak,position,976,63,976,63,9.76,,,,,,,976.63,9.76,,-1
1898,cdn_33_5_1898,80,31,GP,Quebec .....,left_only,,1080,67,1080,,,,,,,,,,,,
1898,cdn_33_5_1898,80,32,GP,Nova Scotia .....,joined_weak,position,1000,24,,67,10.8,,,,,,,1080.67,10.8,,-1
1898,cdn_33_5_1898,80,34,GP,P. E. Island...,joined_weak,position,4000,82,4000,82,40.0,,,,,,,4000.82,40.0,,-1
1898,cdn_33_5_1898,81,5,GP,,joined_weak,position,,1142.95,444,42,10.5,698,56,12.25,,,,1142.98,22.75,,-1
1898,cdn_33_5_1898,81,10,GP,,joined_weak,position,,626.74,126,17,4.25,500,57,12.48,,,,626.74,16.73,,-1
1898,cdn_33_5_1898,81,15,GP,,joined_weak,position,,257.84,257,84,16.8,,,,,,,257.84,16.8,,-1
1898,cdn_33_5_1898,81,16,GP,Total .....,joined_weak,position,,257.84,257,84,16.8,,,,,,,257.84,16.8,,-1
1898,cdn_33_5_1898,81,26,GP,,joined_weak,position,,40,18.4,18,3.6,,,,,,,40.18,3.6,,-1
1898,cdn_33_5_1898,81,30,GP,"Quebec ..... > 5 > "" "" Whale and spermaceti, N.E.S. ....",joined_weak,position,,263.62,,,,263,62,10.85,,,,263.62,10.85,5,-2
1898,cdn_33_5_1898,81,33,GP,Quebec .....,joined_weak,position,2489,1353,2226,1291,258.2,263.62,10.85,2489,,,,1353,269.05,,-1
1898,cdn_33_5_1898,81,35,GP,,joined_weak,position,11874,4732,11611,4670,934.0,263.62,10.85,11874,,,,4732,944.85,,-1
1898,cdn_33_5_1898,82,0,GP,"DUTIABLE GOODS—Con. > 1 > Fish Oil— Other, N.E.S. .... > China .....",left_only,,9,9,9,,,,,,,,,,,,
1898,cdn_33_5_1898,82,1,GP,United States. ....,left_only,,8131,2144,8131,,,,,,,,,,,,
1898,cdn_33_5_1898,82,2,GP,Total..... > Ontario .....,left_only,,7910,2049,7910,,,,,,,,,,,,
1898,cdn_33_5_1898,82,3,GP,Quebec .....,left_only,,56,39,56,,,,,,,,,,,,
1898,cdn_33_5_1898,82,4,GP,B. Columbia .....,joined_weak,position,9,9,9,,,,,,,,,,,,0
1898,cdn_33_5_1898,82,7,GP,"2 > "" Packages containing oysters or other fish not otherwise provided for... > Great Britain.....",left_only,,,181,,,,,,,,,,,,,
1898,cdn_33_5_1898,82,8,GP,Hong Kong .....,left_only,,,1,,,,,,,,,,,,,
1898,cdn_33_5_1898,82,9,GP,China .....,left_only,,,24,,,,,,,,,,,,,
1898,cdn_33_5_1898,82,10,GP,St. Pierre.....,left_only,,,2395,,,,,,,,,,,,,
1898,cdn_33_5_1898,82,11,GP,United States. ....,left_only,,,10660,,,,,,,,,,,,,
1898,cdn_33_5_1898,82,12,GP,Total ..... > Ontario .....,left_only,,,6515,,,,,,,,,,,,,
1898,cdn_33_5_1898,82,13,GP,Quebec .....,left_only,,,3374,,,,,,,,,,,,,
1898,cdn_33_5_1898,82,14,GP,Nova Scotia .....,left_only,,,2602,,,,,,,,,,,,,
1898,cdn_33_5_1898,82,15,GP,N. Brunswick...,left_only,,,65,,,,,,,,,,,,,
1898,cdn_33_5_1898,82,16,GP,Manitoba .....,left_only,,,387,,,,,,,,,,,,,
1898,cdn_33_5_1898,82,17,GP,B. Columbia .....,left_only,,,300,,,,,,,,,,,,,
1898,cdn_33_5_1898,82,18,GP,P. E. Island .....,left_only,,,16,,,,,,,,,,,,,
1898,cdn_33_5_1898,82,19,GP,N. W. Ter .....,left_only,,,2,,,,,,,,,,,,,
1898,cdn_33_5_1898,82,20,GP,,left_only,,,13261,,,,,,,,,,,,,
1898,cdn_33_5_1898,82,21,GP,"3 > "" Other articles, the produce of the fisheries, not specially provided for..... > Great Britain .....",left_only,,,200,,,,,,,,,,,,,
1898,cdn_33_5_1898,82,22,GP,United States.....,left_only,,,6115,,,,,,,,,,,,,
1898,cdn_33_5_1898,82,23,GP,Total..... > Ontario.....,left_only,,,1411,,,,,,,,,,,,,
1898,cdn_33_5_1898,82,24,GP,Quebec .....,left_only,,,3732,,,,,,,,,,,,,
1898,cdn_33_5_1898,82,25,GP,Nova Scotia .....,left_only,,,1149,,,,,,,,,,,,,
1898,cdn_33_5_1898,82,26,GP,Manitoba .....,left_only,,,23,,,,,,,,,,,,,
1898,cdn_33_5_1898,82,27,GP,P. E. Island...,left_only,,,6315,,,,,,,,,,,,,
1898,cdn_33_5_1898,82,28,GP,"4 > Flax, hemp and jute—manufactures of, viz.:— Bags or sacks of hemp, linen or jute.. > Great Britain.....",left_only,,,4178,,,,,,,,,,,,,
1898,cdn_33_5_1898,82,29,GP,Australia.....,left_only,,,2,,,,,,,,,,,,,
1898,cdn_33_5_1898,82,30,GP,B. E. Indies .....,left_only,,,16419,,,,,,,,,,,,,
1898,cdn_33_5_1898,82,31,GP,B. W. Indies.....,left_only,,,2,,,,,,,,,,,,,
1898,cdn_33_5_1898,82,32,GP,Brazil .....,left_only,,,50,,,,,,,,,,,,,
1898,cdn_33_5_1898,85,23,GP,,right_only,,,,,,,,,,,,,,,,0
1898,cdn_33_5_1898,85,25,GP,"3 "" Sheets and sheetings..... > United States.....",joined_weak,position,293,90,293,90,28.0,,,,,,,293.9,28.0,,-1
1898,cdn_33_5_1898,85,29,GP,N. Brunswick.....,joined_weak,position,165,67,165,67,21.1,,,,,,,165.67,21.1,,-1
1898,cdn_33_5_1898,85,33,GP,"4 "" Linens, brown or bleached..... > France .....",joined_weak,position,19542,1521,,,,20133,1678,367.07,,,,20133,1678,367.07,2
1898,cdn_33_5_1898,85,37,GP,Quebec .....,joined_weak,position,647259,57538,21408,3026,756.5,623286,54134,11842.04,,,,649694,57160,12598.54,2
1898,cdn_33_5_1898,86,28,GP,"3 "" "" blouses and shirt waists..... > United States.....",left_only,,,1749,,,,,,,,,,,,,
1898,cdn_33_5_1898,86,32,GP,,right_only,,,,,,,,9,2.76,,,,,,,0
1898,cdn_33_5_1898,86,34,GP,"4 "" Linen thread..... > France.....",joined_weak,position,125,81,,,,125.81,17.72,125.81,,,,17.72,,,0
1898,cdn_33_5_1898,86,43,GP,N. W. Ter.....,joined_weak,position,600,126,503,80,20.0,97.46,10.07,600,,,,126,30.07,,-1
1898,cdn_33_5_1898,87,6,GP,N. Brunswick.....,joined_weak,position,109,910,104,854,298.9,5.5600000000000005,17.15,109,,,,910,316.05,,-1
1898,cdn_33_5_1898,87,7,GP,Manitoba.....,joined_weak,position,10,87,,,,10,87,26.64,,,,10.87,26.64,,-1
1898,cdn_33_5_1898,87,10,GP,"2 "" Yarn, singles, flax, hemp and jute, N.E.S..... > Great Britain..... > Lbs. > Lbs. > United States.....",joined_weak,position,2304,78,,,,2304,78,17.06,,,,2304.78,17.06,2,-2
1898,cdn_33_5_1898,87,12,GP,Total..... > Ontario.....,joined_weak,position,2814,111,510,33,8.25,2304.78,17.06,2814,,,,111,25.31,,-1
1898,cdn_33_5_1898,87,14,GP,,joined_weak,position,8849,456,6545,378,94.5,2304.78,17.06,8849,,,,456,111.56,,-1
1898,cdn_33_5_1898,88,0,GP,,right_only,,,,,310,108.5,,358,109.65,,,,,668,218.15,2
1898,cdn_33_5_1898,88,1,GP,,right_only,,,,,186,65.1,,673,206.15,,,,,859,271.25,2
1898,cdn_33_5_1898,88,2,GP,,right_only,,,,,309,108.15,,,,,,,,309,108.15,2
1898,cdn_33_5_1898,88,3,GP,,right_only,,,,,14,4.9,,8,2.45,,,,,22,7.35,2
1898,cdn_33_5_1898,88,7,GP,,right_only,,,,,3823,961.55,,163758,35820.98,,,,,167581,36782.53,2
1898,cdn_33_5_1898,88,8,GP,,right_only,,,,,214,53.5,,181,39.6,,,,,395,93.1,2
1898,cdn_33_5_1898,88,9,GP,,right_only,,,,,7,1.75,,,,,,,,7,1.75,2
1898,cdn_33_5_1898,88,10,GP,,right_only,,,,,12,3.0,,1446,316.32,,,,,1458,319.32,2
1898,cdn_33_5_1898,88,11,GP,,right_only,,,,,341,85.25,,1286,281.32,,,,,1627,363.57,0
1898,cdn_33_5_1898,88,12,GP,,right_only,,,,,,,,352,77.0,,,,,352,77.0,2
1898,cdn_33_5_1898,88,13,GP,,right_only,,,,,,,,58,12.7,,,,,58,12.7,2
1898,cdn_33_5_1898,88,14,GP,,right_only,,,,,9376,2344.7,,,,,,,,9376,2344.7,2
1898,cdn_33_5_1898,88,15,GP,,right_only,,,,,5462,1366.2,,88679,19398.53,,,,,94141,20764.73,2
1898,cdn_33_5_1898,88,16,GP,,right_only,,,,,3806,951.5,,59692,13057.8,,,,,63498,14009.3,2
1898,cdn_33_5_1898,88,17,GP,,right_only,,,,,1828,462.8,,12181,2663.61,,,,,14009,3126.41,2
1898,cdn_33_5_1898,88,18,GP,,right_only,,,,,1118,279.5,,5306,1160.72,,,,,6424,1440.22,2
1898,cdn_33_5_1898,88,19,GP,,right_only,,,,,184,46.0,,253,55.35,,,,,437,101.35,2
1898,cdn_33_5_1898,88,20,GP,,right_only,,,,,1339,334.75,,574,125.28,,,,,1913,460.03,2
1898,cdn_33_5_1898,88,21,GP,,right_only,,,,,,,,307,67.16,,,,,307,67.16,2
1898,cdn_33_5_1898,88,22,GP,,right_only,,,,,36,9.0,,89,19.47,,,,,125,28.47,2
1898,cdn_33_5_1898,88,23,GP,,right_only,,,,,13773,3449.75,,167081,36547.92,,,,,180854,39997.67,2
1898,cdn_33_5_1898,88,30,GP,,right_only,,,,,2,0.5,28,3,0.66,,,,108,5,1.16,2
1898,cdn_33_5_1898,88,31,GP,,right_only,,,,,2,0.5,,,,,,,80,2,0.5,2
1898,cdn_33_5_1898,88,32,GP,,right_only,,,,,22036,5509.0,,,,,,,344339,22036,5509.0,2
1898,cdn_33_5_1898,88,33,GP,,right_only,,,,,40,10.0,28,3,0.66,,,,520,43,10.66,2
1898,cdn_33_5_1898,88,34,GP,,right_only,,,,,263,65.75,,,,,,,1012,263,65.75,2
1898,cdn_33_5_1898,88,35,GP,,right_only,,,,,4413,1103.25,,,,,,,65100,4413,1103.25,2
1898,cdn_33_5_1898,88,36,GP,"Lbs. > Lbs. > 4 > Fruits, including nuts, viz:— Dried apples..... > Great Britain..... China..... United States.....",joined_weak,position,,,,17264,4316.0,,,,,,,277037,17264,4316.0,2
1898,cdn_33_5_1898,88,37,GP,Total..... > Ontario..... Quebec..... Nova Scotia..... Manitoba..... B. Columbia..... N. W. Ter.....,joined_weak,position,,,,60,15.0,,,,,,,858,60,15.0,2
1898,cdn_33_5_1898,89,8,GP,N. Brunswick.....,joined_weak,position,260159,9847,265149,9819,2651.49,,,,,,,265119,9819,2651.49,2
1898,cdn_33_5_1898,89,25,GP,B. Columbia.....,joined_weak,position,17705,777,18598,814,203.5,,,,,,,18593,814,203.5,2
1898,cdn_33_5_1898,90,4,GP,France.....,joined_weak,position,195589,9264,193437,9211,1289.57,412.38,3.61,193849,,,,9249,1293.18,,-1
1898,cdn_33_5_1898,90,11,GP,N. Brunswick.....,joined_weak,position,134061,4957,132349,4864,1284.83,412.38,3.61,132761,,,,4902,1288.44,,-1
1898,cdn_33_5_1898,90,16,GP,,joined_weak,position,2964013,106868,2949605,105724,28321.67,412.38,3.61,2950017,,,,105762,28325.28,,-1
1898,cdn_33_5_1898,90,22,GP,Italy.....,joined_weak,position,2800,98,2800,98,28.0,,,,,,,2800.98,28.0,,-1
1898,cdn_33_5_1898,90,31,GP,B. Columbia.....,joined_weak,position,500198,23553,491803,22965,4918.28,269.12,2.35,492072,,,,22977,4920.63,,-1
1898,cdn_33_5_1898,90,37,GP,France.....,joined_weak,position,1320,127,1200,88,22.0,120.39,8.53,1320,,,,127,30.53,,-1
1898,cdn_33_5_1898,91,0,GP,,right_only,,,,,18819,4702.69,138.43,9.41,307062,,,,18862,4712.1,1,-2
1898,cdn_33_5_1898,91,1,GP,,right_only,,,,,4454,1113.5,60.34,7.44,67851,,,,4488,1120.94,,-1
1898,cdn_33_5_1898,91,2,GP,,right_only,,,,,1455,363.47,,,,,,,20662,1455,363.47,2
1898,cdn_33_5_1898,91,3,GP,,right_only,,,,,4112,1028.0,,,,,,,71220,4112,1028.0,2
1898,cdn_33_5_1898,91,4,GP,,right_only,,,,,40545,10136.25,,,,,,,728157,40545,10136.25,2
1898,cdn_33_5_1898,91,5,GP,,right_only,,,,,57188,14297.0,284,146,31.94,,,,987094,57334,14328.94,2
1898,cdn_33_5_1898,91,6,GP,,right_only,,,,,202,50.5,,,,,,,2880,202,50.5,2
1898,cdn_33_5_1898,91,7,GP,"DUTIABLE GOODS—Con. > 1 > Fruits, including nuts— All others, N.E.S.— Total..... > Ontario..... Quebec..... Nova Scotia..... N. Brunswick..... Manitoba..... B. Columbia..... P. E. Island..... N. W. Ter.....",joined_weak,position,,,,5953,1488.05,,,,,,,82583,5953,1488.05,2
1898,cdn_33_5_1898,91,9,GP,,right_only,,,,,133,30.22,610,128,26.68,,,,1317,261,56.9,2
1898,cdn_33_5_1898,91,10,GP,,right_only,,,,,49,42.25,,,,,,,845.49,42.25,,-1
1898,cdn_33_5_1898,91,11,GP,,right_only,,,,,2015,569.93,,,,,,,16214,2015,569.93,2
1898,cdn_33_5_1898,91,12,GP,,right_only,,,,,33474,7551.63,,,,,,,223395,33474,7551.63,2
1898,cdn_33_5_1898,91,13,GP,,right_only,,,,,4852,1350.95,,,,,,,28029,4852,1350.95,2
1898,cdn_33_5_1898,91,14,GP,,right_only,,,,,18347,4208.25,36,9,1.5699999999999998,,,,121280,18356,4209.82,2
1898,cdn_33_5_1898,91,15,GP,,right_only,,,,,16124,3741.53,224.45,9.8,110052,,,,16169,3751.33,,-1
1898,cdn_33_5_1898,91,16,GP,,right_only,,,,,679,176.61,,,,,,,3949,679,176.61,2
1898,cdn_33_5_1898,91,17,GP,"2 > "" Almonds, shelled..... > Great Britain..... China..... France..... Spain..... United States.....",joined_weak,position,,,,1799,408.41,,,,,,,11948,1799,408.41,2
1898,cdn_33_5_1898,91,18,GP,Total..... > Ontario..... Quebec..... Nova Scotia..... N. Brunswick..... Manitoba..... B. Columbia..... P. E. Island.....,joined_weak,position,,,,1763,486.86,14,3,0.61,,,,11310,1766,487.47,2
1898,cdn_33_5_1898,91,19,GP,,right_only,,,,,1793,518.52,336.71,14.7,11165,,,,1864,533.22,,-1
1898,cdn_33_5_1898,91,20,GP,,right_only,,,,,18,4.8,,,,,,,96.18,4.8,,-1
1898,cdn_33_5_1898,91,22,GP,,right_only,,,,,315,133.11,,,,,,,4835,315,133.11,2
1898,cdn_33_5_1898,91,23,GP,,right_only,,,,,20,14.01,,,,,,,467.2,14.01,,-1
1898,cdn_33_5_1898,91,24,GP,,right_only,,,,,5226,2098.12,,,,,,,101237,5226,2098.12,2
1898,cdn_33_5_1898,91,25,GP,,right_only,,,,,75,49.65,,,,,,,1655.75,49.65,,-1
1898,cdn_33_5_1898,91,26,GP,,right_only,,,,,14431,6318.28,,,,,,,313453,14431,6318.28,2
1898,cdn_33_5_1898,91,27,GP,,right_only,,,,,4519,1946.54,,,,,,,68579,4519,1946.54,2
1898,cdn_33_5_1898,91,28,GP,,right_only,,,,,10018,4264.53,,,,,,,208469,10018,4264.53,2
1898,cdn_33_5_1898,91,29,GP,,right_only,,,,,8282,3493.74,,,,,,,173354,8282,3493.74,2
1898,cdn_33_5_1898,91,30,GP,,right_only,,,,,891,466.75,,,,,,,15724,891,466.75,2
1898,cdn_33_5_1898,91,31,GP,,right_only,,,,,1386,568.84,,,,,,,27228,1386,568.84,2
1898,cdn_33_5_1898,91,32,GP,"3 > "" "" not shelled..... > Great Britain..... China..... France..... Italy..... Spain..... United States.....",joined_weak,position,,,,1534,751.09,,,,,,,31099,1534,751.09,2
1898,cdn_33_5_1898,91,33,GP,Total..... > Ontario..... Quebec..... Nova Scotia..... N. Brunswick..... Manitoba..... B. Columbia..... P. E. Island..... N. W. Ter.....,joined_weak,position,,,,2426,995.44,,,,,,,33708,2426,995.44,2
1898,cdn_33_5_1898,91,34,GP,,right_only,,,,,33,13.32,,,,,,,444.33,13.32,,-1
1898,cdn_33_5_1898,91,35,GP,,right_only,,,,,16,6.0,,,,,,,200.16,6.0,,-1
1898,cdn_33_5_1898,91,37,GP,,right_only,,,,,226,88.26,,,,,,,2942,226,88.26,2
1898,cdn_33_5_1898,91,38,GP,,right_only,,,,,4804,2379.21,,,,,,,79307,4804,2379.21,2
1898,cdn_33_5_1898,91,39,GP,,right_only,,,,,1508,699.3,,,,,,,23310,1508,699.3,2
1898,cdn_33_5_1898,91,40,GP,,right_only,,,,,498,384.69,,,,,,,12823,498,384.69,2
1898,cdn_33_5_1898,91,41,GP,,right_only,,,,,866,376.86,,,,,,,12562,866,376.86,2
1898,cdn_33_5_1898,91,42,GP,,right_only,,,,,990,526.47,,,,,,,17549,990,526.47,2
1898,cdn_33_5_1898,91,43,GP,,right_only,,,,,312,142.8,,,,,,,4760,312,142.8,2
1898,cdn_33_5_1898,91,44,GP,"4 > "" Brazil nuts, not shelled..... > Great Britain..... United States.....",joined_weak,position,,,,838,329.94,,,,,,,10998,838,329.94,2
1898,cdn_33_5_1898,91,45,GP,,right_only,,,,,15,6.66,,,,,,,222.15,6.66,,-1
1898,cdn_33_5_1898,91,46,GP,Total..... > Ontario..... Quebec..... Nova Scotia..... N. Brunswick..... Manitoba..... B. Columbia..... P. E. Island..... N. W. Ter.....,joined_weak,position,,,,3,0.75,,,,,,,25,3,0.75,2
1898,cdn_33_5_1898,92,0,GP,"DUTIABLE GOODS—Con. > Fruits, including nuts— > 1 Pecans, not shelled and shelled peanuts, N.E.S. .... > Great Britain.....",left_only,,5283,301,5283,,,,,,,,,,,,
1898,cdn_33_5_1898,92,1,GP,"1 Pecans, not shelled and shelled peanuts, N.E.S. .... > China.....",left_only,,340,6,340,,,,,,,,,,,,
1898,cdn_33_5_1898,92,2,GP,"1 Pecans, not shelled and shelled peanuts, N.E.S. .... > United States.....",left_only,,313083,11279,307614,,,,,,,,,,,,
1898,cdn_33_5_1898,92,3,GP,"1 Pecans, not shelled and shelled peanuts, N.E.S. .... > Total.....",left_only,,109488,3536,108868,,,,,,,,,,,,
1898,cdn_33_5_1898,92,4,GP,"1 Pecans, not shelled and shelled peanuts, N.E.S. .... > Quebec.....",left_only,,151957,5251,147289,,,,,,,,,,,,
1898,cdn_33_5_1898,92,5,GP,"1 Pecans, not shelled and shelled peanuts, N.E.S. .... > Nova Scotia.....",left_only,,24370,1087,24370,,,,,,,,,,,,
1898,cdn_33_5_1898,92,6,GP,"1 Pecans, not shelled and shelled peanuts, N.E.S. .... > N. Brunswick.....",left_only,,15963,712,15963,,,,,,,,,,,,
1898,cdn_33_5_1898,92,7,GP,"1 Pecans, not shelled and shelled peanuts, N.E.S. .... > Manitoba.....",left_only,,8056,347,8056,,,,,,,,,,,,
1898,cdn_33_5_1898,92,8,GP,"1 Pecans, not shelled and shelled peanuts, N.E.S. .... > B. Columbia.....",left_only,,7889,594,7708,,,,,,,,,,,,
1898,cdn_33_5_1898,92,9,GP,"1 Pecans, not shelled and shelled peanuts, N.E.S. .... > P. E. Island.....",joined_weak,position,818,42,818,,,,,,,,,,,,0
1898,cdn_33_5_1898,92,10,GP,"1 Pecans, not shelled and shelled peanuts, N.E.S. .... > N. W. Ter.....",joined_weak,position,165,17,165,,,,,,,,,,,,0
1898,cdn_33_5_1898,92,12,GP,"2 "" Walnuts, not shelled .... > Great Britain.....",left_only,,3160,208,6215,,,,,,,,,,,,
1898,cdn_33_5_1898,92,13,GP,France.....,left_only,,831917,52764,751016,,,,,,,,,,,,
1898,cdn_33_5_1898,92,14,GP,"Spain..... > 2 "" Walnuts, not shelled ....",left_only,,12731,754,11589,,,,,,,,,,,,
1898,cdn_33_5_1898,92,15,GP,"United States..... > 2 "" Walnuts, not shelled ....",left_only,,128948,8204,117780,,,,,,,,,,,,
1898,cdn_33_5_1898,92,16,GP,"Total..... > 2 "" Walnuts, not shelled ....",left_only,,302167,21672,314070,,,,,,,,,,,,
1898,cdn_33_5_1898,92,17,GP,"Quebec..... > 2 "" Walnuts, not shelled ....",left_only,,456638,26402,350402,,,,,,,,,,,,
1898,cdn_33_5_1898,92,18,GP,"Nova Scotia..... > 2 "" Walnuts, not shelled ....",left_only,,18121,1127,19461,,,,,,,,,,,,
1898,cdn_33_5_1898,92,19,GP,"N. Brunswick..... > 2 "" Walnuts, not shelled ....",left_only,,78062,4201,78002,,,,,,,,,,,,
1898,cdn_33_5_1898,92,20,GP,"Manitoba..... > 2 "" Walnuts, not shelled ....",left_only,,65756,4119,63998,,,,,,,,,,,,
1898,cdn_33_5_1898,92,21,GP,"B. Columbia..... > 2 "" Walnuts, not shelled ....",left_only,,53843,4232,58438,,,,,,,,,,,,
1898,cdn_33_5_1898,92,22,GP,"P. E. Island..... > 2 "" Walnuts, not shelled ....",left_only,,1556,112,1556,,,,,,,,,,,,
1898,cdn_33_5_1898,92,23,GP,"N. W. Ter..... > 2 "" Walnuts, not shelled ....",left_only,,673,65,673,,,,,,,,,,,,
1898,cdn_33_5_1898,92,24,GP,"2 "" Walnuts, not shelled ....",left_only,,976756,61930,886600,,,,,,,,,,,,
1898,cdn_33_5_1898,92,25,GP,"3 "" All other nuts, N.O.P., not shelled. > Great Britain.....",left_only,,12421,653,13336,,,,,,,,,,,,
1898,cdn_33_5_1898,92,26,GP,"3 "" All other nuts, N.O.P., not shelled. > Hong Kong.....",left_only,,429,9,429,,,,,,,,,,,,
1898,cdn_33_5_1898,92,27,GP,"3 "" All other nuts, N.O.P., not shelled. > China.....",left_only,,15857,291,15847,,,,,,,,,,,,
1898,cdn_33_5_1898,92,28,GP,"3 "" All other nuts, N.O.P., not shelled. > France.....",left_only,,11258,696,9058,,,,,,,,,,,,
1898,cdn_33_5_1898,92,29,GP,"3 "" All other nuts, N.O.P., not shelled. > Italy.....",left_only,,234311,9585,252887,,,,,,,,,,,,
1898,cdn_33_5_1898,92,30,GP,"3 "" All other nuts, N.O.P., not shelled. > Japan.....",left_only,,2952,39,929,,,,,,,,,,,,
1898,cdn_33_5_1898,92,31,GP,"3 "" All other nuts, N.O.P., not shelled. > Spain.....",left_only,,90895,3831,84583,,,,,,,,,,,,
1898,cdn_33_5_1898,92,32,GP,"3 "" All other nuts, N.O.P., not shelled. > United States.....",left_only,,1879082,65049,1784177,,,,,,,,,,,,
1898,cdn_33_5_1898,92,33,GP,"3 "" All other nuts, N.O.P., not shelled. > Total.....",left_only,,802276,29956,812229,,,,,,,,,,,,
1898,cdn_33_5_1898,92,34,GP,"3 "" All other nuts, N.O.P., not shelled. > Quebec.....",left_only,,928909,28319,837870,,,,,,,,,,,,
1898,cdn_33_5_1898,92,35,GP,"3 "" All other nuts, N.O.P., not shelled. > Nova Scotia.....",left_only,,104955,5037,102126,,,,,,,,,,,,
1898,cdn_33_5_1898,92,36,GP,"3 "" All other nuts, N.O.P., not shelled. > N. Brunswick.....",joined_weak,position,208505,7889,201192,,,199.43,5.22,,,,,,,2,-1
1898,cdn_33_5_1898,92,37,GP,"3 "" All other nuts, N.O.P., not shelled. > Manitoba.....",joined_weak,position,105351,4170,109247,,,59.15,1.55,,,,,,,,0
1898,cdn_33_5_1898,92,38,GP,"3 "" All other nuts, N.O.P., not shelled. > B. Columbia.....",joined_weak,position,83834,4176,85207,57316,18726.58,199.43,5.22,886799,,,,57359,18731.8,,-1
1898,cdn_33_5_1898,92,39,GP,P. E. Island.....,joined_weak,position,13047,576,13047,,,160.12,2.8,,,,,,,3,-1
1898,cdn_33_5_1898,92,40,GP,N. W. Ter.....,joined_weak,position,328,30,328,,,2200,151,38.5,,,,,,,0
1898,cdn_33_5_1898,92,42,GP,"4 "" "" shelled ..... > Great Britain.....",left_only,,822,227,761,,,,,,,,,,,,
1898,cdn_33_5_1898,92,43,GP,"4 "" "" shelled ..... > China.....",left_only,,57,1,57,,,,,,,,,,,,
1898,cdn_33_5_1898,92,44,GP,"4 "" "" shelled ..... > France.....",left_only,,171431,21763,163267,,,,,,,,,,,,
1898,cdn_33_5_1898,92,45,GP,"4 "" "" shelled ..... > Spain.....",left_only,,7712,842,5512,,,,,,,,,,,,
1898,cdn_33_5_1898,92,46,GP,"4 "" "" shelled ..... > United States.....",joined_weak,position,23905,3739,20408,,,61.15,2.67,,,,,,,4,-1
1898,cdn_33_5_1898,93,27,GP,"4 "" Cherries ..... > Great Britain.....",joined_weak,position,20,1,,,20,1,0.35,20,,,,1,0.35,,1
1898,cdn_33_5_1898,94,0,GP,,right_only,,,,,6126,1531.37,,,,,,,3037,6126,1531.37,2
1898,cdn_33_5_1898,94,1,GP,,right_only,,,,,3274,818.5,,,,,,,2224,3274,818.5,2
1898,cdn_33_5_1898,94,2,GP,,right_only,,,,,17,4.25,,,,,,,7.17,4.25,,-1
1898,cdn_33_5_1898,94,3,GP,,right_only,,,,,764,191.0,,,,,,,282,764,191.0,2
1898,cdn_33_5_1898,94,4,GP,,right_only,,,,,6120,1530.0,,,,,,,3477,6120,1530.0,2
1898,cdn_33_5_1898,94,5,GP,,right_only,,,,,2166,539.5,,,,,,,588,2166,539.5,2
1898,cdn_33_5_1898,94,6,GP,,right_only,,,,,228,57.0,,,,,,,89,228,57.0,2
1898,cdn_33_5_1898,94,7,GP,DUTIABLE GOODS—Con. > 1 > Fruits— Cranberries..... > United States— Ontario..... Quebec..... Nova Scotia..... N. Brunswick..... Manitoba..... B. Columbia..... P. E. Island..... N. W. Ter.....,joined_weak,position,,,,103,25.75,,,,,,,33,103,25.75,2
1898,cdn_33_5_1898,94,9,GP,,right_only,,,,,9,3.56,,,,,,,178,9,3.56,2
1898,cdn_33_5_1898,94,10,GP,,right_only,,,,,2,0.8,,,,,,,40,2,0.8,2
1898,cdn_33_5_1898,94,11,GP,,right_only,,,,,1,0.3,,,,,,,15,1,0.3,2
1898,cdn_33_5_1898,94,12,GP,,right_only,,,,,59,21.31,,,,,,,1065.59,21.31,,-1
1898,cdn_33_5_1898,94,13,GP,,right_only,,,,,71,25.97,,,,,,,1298.71,25.97,,-1
1898,cdn_33_5_1898,94,14,GP,,right_only,,,,,21130,5181.46,,,,,,,259393,21130,5181.46,2
1898,cdn_33_5_1898,94,15,GP,,right_only,,,,,793,162.8,,,,,,,8140,793,162.8,2
1898,cdn_33_5_1898,94,16,GP,,right_only,,,,,34097,14802.14,,,,,,,740107,34097,14802.14,2
1898,cdn_33_5_1898,94,17,GP,,right_only,,,,,11610,2990.14,,,,,,,149527,11610,2990.14,2
1898,cdn_33_5_1898,94,18,GP,,right_only,,,,,20793,5226.42,,,,,,,311321,20793,5226.42,2
1898,cdn_33_5_1898,94,19,GP,,right_only,,,,,5227,1419.9,,,,,,,71295,5227,1419.9,2
1898,cdn_33_5_1898,94,20,GP,,right_only,,,,,4881,1399.76,,,,,,,69988,4881,1399.76,2
1898,cdn_33_5_1898,94,21,GP,"2 > "" Currants..... > United States— Ontario..... Nova Scotia..... Manitoba..... B. Columbia.....",joined_weak,position,,,,3143,2023.68,,,,,,,101184,3143,2023.68,2
1898,cdn_33_5_1898,94,22,GP,,joined_weak,position,1298,71,1298,9159,5728.36,,,,,,,286418,9159,5728.36,2
1898,cdn_33_5_1898,94,23,GP,"3 > "" Grapes..... > Great Britain..... Spain..... United States.....",joined_weak,position,,,,769,188.4,,,,,,,9420,769,188.4,2
1898,cdn_33_5_1898,94,24,GP,Total .....,joined_weak,position,,,,438,169.74,,,,,,,8487,438,169.74,2
1898,cdn_33_5_1898,94,26,GP,,right_only,,,,,4606,668.0,144,270,31.5,,,,2816,,699.5,1
1898,cdn_33_5_1898,94,27,GP,,right_only,,,,,2265,320.0,,,,,,,1280,2265,320.0,2
1898,cdn_33_5_1898,94,28,GP,,right_only,,,,,94,33.0,,,,,,,132.94,33.0,,-1
1898,cdn_33_5_1898,94,29,GP,,right_only,,,,,130987,15256.0,,,,,,,61024,130987,15256.0,2
1898,cdn_33_5_1898,94,30,GP,,right_only,,,,,891,171.25,,,,,,,685,891,171.25,2
1898,cdn_33_5_1898,94,31,GP,,right_only,,,,,,,351,637,76.77,,,,351,637,76.77,2
1898,cdn_33_5_1898,94,32,GP,,right_only,,,,,44,6.5,,,,,,,26.44,6.5,,-1
1898,cdn_33_5_1898,94,33,GP,,right_only,,,,,412721,54186.18,,,,,,,216746,412721,54186.18,2
1898,cdn_33_5_1898,94,34,GP,,right_only,,,,,169452,22774.55,150,246,32.79,,,,91249,169698,22807.34,2
1898,cdn_33_5_1898,94,35,GP,,right_only,,,,,223718,29035.25,345,661,75.48,,,,116486,224379,29110.73,2
1898,cdn_33_5_1898,94,36,GP,,right_only,,,,,25361,2482.0,,,,,,,9929,25361,2482.0,2
1898,cdn_33_5_1898,94,37,GP,,right_only,,,,,21619,2334.0,,,,,,,9336,21619,2334.0,2
1898,cdn_33_5_1898,94,38,GP,,right_only,,,,,46235,6205.75,,,,,,,24823,46235,6205.75,2
1898,cdn_33_5_1898,94,39,GP,,right_only,,,,,61876,7573.75,,,,,,,30295,61876,7573.75,2
1898,cdn_33_5_1898,94,40,GP,"4 > "" Oranges, lemons and limes, in boxes of capacity not exceeding 2½ cubic feet ..... > Great Britain..... B. W. Indies..... China..... Italy..... Mexico..... Spain..... S. W. Indies..... United States.....",joined_weak,position,,,,1434,93.25,,,,,,,373,1434,93.25,2
1898,cdn_33_5_1898,94,41,GP,Total..... > Ontario..... Quebec..... Nova Scotia..... N. Brunswick..... Manitoba..... B. Columbia..... P. E. Island..... N. W. Ter.....,joined_weak,position,,,,1913,142.38,,,,,,,569,1913,142.38,2
1898,cdn_33_5_1898,95,0,GP,"DUTIABLE GOODS—Con. > ½ Boxes. > ½ Boxes. > 1 > Fruits— Oranges, lemons and limes, in ½ boxes of capacity not exceeding 14 cubic feet.",joined_weak,position,,20,30.2,30,2.6,,,,,,,20.3,2.6,1,-2
1898,cdn_33_5_1898,95,11,GP,,joined_weak,position,,50,101.5,101,6.5,,,,,,,50,101,6.5,2
1898,cdn_33_5_1898,95,15,GP,,joined_weak,position,,128.68,128,68,12.8,,,,,,,128.68,12.8,,-1
1898,cdn_33_5_1898,95,29,GP,,joined_weak,position,,21350.95,21350,95,32.03,,,,,,,21350.95,32.03,,-1
1898,cdn_33_5_1898,95,30,GP,,joined_weak,position,,4222.73,4222,73,6.32,,,,,,,4222.73,6.32,,-1
1898,cdn_33_5_1898,95,31,GP,Total .....,joined_weak,position,,4222.73,4222,73,6.32,,,,,,,4222.73,6.32,,-1
1898,cdn_33_5_1898,95,37,GP,United States.....,joined_weak,position,2555,11973,2550,11945,1402.5,,,,,,,2560,11945,1402.5,2
1898,cdn_33_5_1898,96,2,GP,Nova Scotia...,joined_weak,position,4516,10565,4081,9484,2244.83,,,,,,,4051,9484,2244.83,2
1898,cdn_33_5_1898,96,12,GP,B. Columbia....,joined_weak,position,339098,9016,337236,8959,3372.38,,,,,,,337238,8959,3372.38,2
1898,cdn_33_5_1898,97,8,GP,,left_only,,,56687,,,,,,,,,,,,,
1898,cdn_33_5_1898,97,10,GP,Australia.....,joined_weak,position,2115,146,,1630,573.99,30716,1379,665.49,,,,56271,3009,1239.48,2
1898,cdn_33_5_1898,97,11,GP,B. E. Indies.....,joined_weak,position,1296,51,1296,51,29.16,,,,,,,1296.51,29.16,,-1
1898,cdn_33_5_1898,97,20,GP,Nova Scotia.....,joined_weak,position,20374,1664,18173,1463,408.48,1174.55,23.13,19347,,,,1518,431.61,,-1
1898,cdn_33_5_1898,97,23,GP,B. Columbia.....,joined_weak,position,695895,24435,655038,22863,14738.6,203.3,4.46,655241,,,,22893,14743.06,,-1
1898,cdn_33_5_1898,97,27,GP,3 Fruits preserved in brandy or preserved in other spirits..... > Great Britain.....,joined_weak,position,,,,63,56.0,,,,,,,28.63,56.0,3,-2
1898,cdn_33_5_1898,97,30,GP,Total.....,joined_weak,position,,55,226.55,226,109.5,,,,,,,55,226,109.5,2
1898,cdn_33_5_1898,97,31,GP,,joined_weak,position,,100,390.68,284,136.67,,,,,,,68,284,136.67,2
1898,cdn_33_5_1898,97,33,GP,,joined_weak,position,,76,186.85,206,169.5,,,,,,,85,206,169.5,2
1898,cdn_33_5_1898,97,39,GP,Newfoundland.....,left_only,,,25,,,,,,,,,,,,,
1898,cdn_33_5_1898,98,34,GP,St. Pierre.....,left_only,,,10,,,,,,,,,,,,,
1898,cdn_33_5_1898,99,0,GP,DUTIABLE GOODS—Con. > 1 Glass and manufactures of :— > Bulbs for electric lights..... > Belgium.....,left_only,,10,7,,,,,,,,,,,,,
1898,cdn_33_5_1898,99,3,GP,Quebec.....,joined_weak,position,260,52,250,45,4.5,,,,,,,260.52,5.11,,-1
1898,cdn_33_5_1898,99,4,GP,N. Brunswick...,joined_weak,position,213,75,213,75,7.5,,,,,,,213.75,7.5,,-1
1898,cdn_33_5_1898,101,15,GP,Belgium.....,joined_weak,position,138572,21995,3009,397,99.25,137649,21429,4687.61,,,,140649,21926,4786.86,0
1898,cdn_33_5_1898,102,0,GP,,right_only,,,,,514,179.9,,,,,,,,514,179.9,2
1898,cdn_33_5_1898,102,1,GP,,right_only,,,,,7,2.45,,,,,,,,7,2.45,2
1898,cdn_33_5_1898,102,2,GP,,right_only,,,,,14,4.9,,3,0.92,,,,,17,5.82,2
1898,cdn_33_5_1898,102,3,GP,,right_only,,,,,29,10.15,,,,,,,,29,10.15,2
1898,cdn_33_5_1898,102,6,GP,,right_only,,,,,79,23.7,54645,3807,999.39,,,,55411,3886,1023.09,2
1898,cdn_33_5_1898,102,7,GP,,right_only,,,,,245,73.5,15284,402,105.54,,,,18501,647,179.04,2
1898,cdn_33_5_1898,102,8,GP,,right_only,,,,,1006,301.8,,,,,,,22210,1006,301.8,2
1898,cdn_33_5_1898,102,9,GP,,right_only,,,,,993,297.9,22340,1601,420.27,,,,44400,2594,718.17,2
1898,cdn_33_5_1898,102,10,GP,,right_only,,,,,156,46.8,29005,1273,334.17,,,,30973,1429,380.97,2
1898,cdn_33_5_1898,102,11,GP,,right_only,,,,,79,23.7,12400,695,182.47,,,,13166,774,206.17,2
1898,cdn_33_5_1898,102,12,GP,,right_only,,,,,,,1842,111,29.14,,,,1842,111,29.14,2
1898,cdn_33_5_1898,102,13,GP,"2 "" "" "" rough rolled..... > Great Britain..... Belgium..... United States.....",joined_weak,position,,,,102,30.6,2586,148,38.86,,,,3985,250,69.46,2
1898,cdn_33_5_1898,102,14,GP,Total..... > Ontario..... Quebec..... Nova Scotia..... N. Brunswick..... Manitoba..... B. Columbia.....,joined_weak,position,,,,,,1756,381,100.02,,,,1756,381,100.02,2
1898,cdn_33_5_1898,102,16,GP,,right_only,,,,,296,59.65,,2272,397.61,,,,,2568,457.26,2
1898,cdn_33_5_1898,102,17,GP,,right_only,,,,,7962,1592.4,,12845,2247.85,,,,,20807,3840.25,2
1898,cdn_33_5_1898,102,18,GP,,right_only,,,,,7754,1551.25,,8598,1504.65,,,,,16352,3055.9,2
1898,cdn_33_5_1898,102,19,GP,,right_only,,,,,504,100.8,,6519,1140.81,,,,,7023,1241.61,2
1898,cdn_33_5_1898,102,20,GP,,right_only,,,,,8258,1652.05,,15117,2645.46,,,,,23375,4297.51,2
1898,cdn_33_5_1898,102,21,GP,,right_only,,,,,1512,529.2,,1974,604.6,,,,,3486,1133.8,2
1898,cdn_33_5_1898,102,22,GP,,right_only,,,,,,,,21,6.43,,,,,21,6.43,2
1898,cdn_33_5_1898,102,23,GP,,right_only,,,,,160,56.0,,107,32.77,,,,,267,88.77,2
1898,cdn_33_5_1898,102,24,GP,,right_only,,,,,325,113.75,,948,290.34,,,,,1273,404.09,2
1898,cdn_33_5_1898,102,25,GP,,right_only,,,,,1281,448.35,,6350,1944.69,,,,,7631,2393.04,2
1898,cdn_33_5_1898,102,26,GP,,right_only,,,,,8,2.8,,,,,,,,8,2.8,2
1898,cdn_33_5_1898,102,27,GP,,right_only,,,,,4,1.4,,,,,,,,4,1.4,2
1898,cdn_33_5_1898,102,28,GP,,right_only,,,,,8307,2904.65,,,,,,,,8307,2904.65,2
1898,cdn_33_5_1898,102,29,GP,,right_only,,,,,6439,2253.65,,5123,1569.02,,,,,11562,3822.67,2
1898,cdn_33_5_1898,102,30,GP,,right_only,,,,,3770,1319.5,,3200,979.99,,,,,6970,2299.49,2
1898,cdn_33_5_1898,102,31,GP,,right_only,,,,,286,97.3,,510,156.21,,,,,796,253.51,2
1898,cdn_33_5_1898,102,32,GP,,right_only,,,,,381,133.35,,306,93.71,,,,,687,227.06,2
1898,cdn_33_5_1898,102,37,GP,,right_only,,,,,162,48.6,,3775,990.93,,,,,3937,1029.53,0
1898,cdn_33_5_1898,104,24,GP,"3 „ Electro-plated ware and gilt ware of all kinds, N.E.S. . . . . > China . . . . .",left_only,,,8,,,,,,,,,,,,,
1898,cdn_33_5_1898,105,21,GP,Total..... > Ontario.....,joined_weak,position,86758,4223,86758,4223,1055.75,140.17,3.74,86898,,,,4240,1059.49,,-1
1898,cdn_33_5_1898,105,22,GP,Quebec.....,joined_weak,position,248017,7811,249513,7898,1974.5,220.25,5.48,249733,,,,7923,1979.98,,-1
1898,cdn_33_5_1898,105,23,GP,Nova Scotia.....,joined_weak,position,27386,1075,26898,1051,262.75,488.24,5.25,27386,,,,1075,268.0,,-1
1898,cdn_33_5_1898,106,0,GP,DUTIABLE GOODS—Con. > 1 Gun powder and other explosives— Cannister powder— > Total ..... > Quebec .....,joined_weak,position,380,51,380,51,11.4,,,,,,,380.51,11.4,1,-2
1898,cdn_33_5_1898,106,6,GP,Quebec.....,joined_weak,position,1452,113,1252,94,25.04,200.19,3.5,1452,,,,113,28.54,,-1
1898,cdn_33_5_1898,106,11,GP,,joined_weak,position,45721,2337,45521,2318,910.04,200.19,3.5,45721,,,,2337,913.54,,-1
1898,cdn_33_5_1898,107,0,GP,"DUTIABLE GOODS—Con. > 1 Gun powder and other explosives— Gun or pistol covers or cases, game bags, loading tools and cartridge belts of any material..... > Great Britain.....",left_only,,,1072,,,,,,,,,,,,,
1898,cdn_33_5_1898,107,1,GP,United States. ....,left_only,,,4761,,,,,,,,,,,,,
1898,cdn_33_5_1898,107,2,GP,Total..... > Ontario.....,left_only,,,926,,,,,,,,,,,,,
1898,cdn_33_5_1898,107,3,GP,Quebec.....,left_only,,,1388,,,,,,,,,,,,,
1898,cdn_33_5_1898,107,4,GP,Nova Scotia.....,left_only,,,158,,,,,,,,,,,,,
1898,cdn_33_5_1898,107,5,GP,N. Brunswick.....,left_only,,,102,,,,,,,,,,,,,
1898,cdn_33_5_1898,107,6,GP,Manitoba.....,left_only,,,1347,,,,,,,,,,,,,
1898,cdn_33_5_1898,107,7,GP,B. Columbia.....,left_only,,,1794,,,,,,,,,,,,,
1898,cdn_33_5_1898,107,11,GP,"2 Gutta percha and India-rubber, manu- factures of:— Boots and shoes..... > China.....",left_only,,,21,,,,,,,,,,,,,
1898,cdn_33_5_1898,107,12,GP,United States.....,left_only,,,35131,,,,,,,,,,,,,
1898,cdn_33_5_1898,107,13,GP,Total..... > Ontario.....,left_only,,,1677,,,,,,,,,,,,,
1898,cdn_33_5_1898,107,14,GP,Quebec.....,left_only,,,2808,,,,,,,,,,,,,
1898,cdn_33_5_1898,107,15,GP,Nova Scotia.....,left_only,,,14616,,,,,,,,,,,,,
1898,cdn_33_5_1898,107,16,GP,N. Brunswick.....,left_only,,,2194,,,,,,,,,,,,,
1898,cdn_33_5_1898,107,17,GP,Manitoba.....,left_only,,,32,,,,,,,,,,,,,
1898,cdn_33_5_1898,107,18,GP,B. Columbia.....,left_only,,,13642,,,,,,,,,,,,,
1898,cdn_33_5_1898,107,19,GP,P. E. Island.....,left_only,,,75,,,,,,,,,,,,,
1898,cdn_33_5_1898,107,20,GP,N. W. Ter.....,left_only,,,108,,,,,,,,,,,,,
1898,cdn_33_5_1898,107,21,GP,,left_only,,,35152,,,,,,,,,,,,,
1898,cdn_33_5_1898,107,22,GP,3 „ Belting. .... > Great Britain.....,left_only,,,1295,,,,,,,,,,,,,
1898,cdn_33_5_1898,107,23,GP,United States. ....,left_only,,,20975,,,,,,,,,,,,,
1898,cdn_33_5_1898,107,24,GP,Total..... > Ontario.....,left_only,,,2310,,,,,,,,,,,,,
1898,cdn_33_5_1898,107,25,GP,Quebec.....,left_only,,,3338,,,,,,,,,,,,,
1898,cdn_33_5_1898,107,26,GP,Nova Scotia.....,left_only,,,5100,,,,,,,,,,,,,
1898,cdn_33_5_1898,107,27,GP,N. Brunswick.....,left_only,,,7580,,,,,,,,,,,,,
1898,cdn_33_5_1898,107,28,GP,Manitoba.....,left_only,,,26,,,,,,,,,,,,,
1898,cdn_33_5_1898,107,29,GP,B. Columbia.....,left_only,,,3812,,,,,,,,,,,,,
1898,cdn_33_5_1898,107,30,GP,P. E. Island.....,left_only,,,57,,,,,,,,,,,,,
1898,cdn_33_5_1898,109,0,GP,"DUTIABLE GOODS— Con. > 1 Gutta percha and India-rubber, manufactures of— All other, not otherwise provided for",left_only,,,,16506,,,,,,,,,,,,
1898,cdn_33_5_1898,109,27,GP,"3 "" Curled or dyed.....",joined_weak,position,,1501,245,26,5.2,541,225,39.42,,,,597,251,44.62,2
1898,cdn_33_5_1898,109,28,GP,"3 "" Curled or dyed.....",joined_weak,position,,81918,13964,15,3.0,1308,271,47.43,,,,1508,286,50.43,2
1898,cdn_33_5_1898,109,29,GP,"3 "" Curled or dyed..... > Total.....",joined_weak,position,,70097,11219,13962,2792.4,,,,,,,81918,13962,2792.4,2
1898,cdn_33_5_1898,109,30,GP,"3 "" Curled or dyed.....",joined_weak,position,,7342,1684,11149,2229.8,437,111,19.47,,,,70104,11260,2249.27,2
1898,cdn_33_5_1898,109,31,GP,"3 "" Curled or dyed.....",joined_weak,position,,4234,885,1427,285.4,1356,255,44.63,,,,7342,1682,330.03,2
1898,cdn_33_5_1898,109,32,GP,"3 "" Curled or dyed.....",joined_weak,position,,2235,510,885,177.0,,,,,,,4234,885,177.0,2
1898,cdn_33_5_1898,109,33,GP,"3 "" Curled or dyed.....",joined_weak,position,,57,133,510,102.0,,,,,,,2235,510,102.0,2
1898,cdn_33_5_1898,109,34,GP,"3 "" Curled or dyed.....",joined_weak,position,,51,29,6,1.2,55,127,22.22,,,,57,133,23.42,2
1898,cdn_33_5_1898,109,35,GP,"3 "" Curled or dyed.....",joined_weak,position,,84016,14460,26,5.2,1,3,0.53,,,,51.29,5.73,,-1
1898,cdn_33_5_1898,111,34,GP,Nova Scotia.....,joined_weak,position,960,65,936,60,28.08,24,5,0.64,,,,960.65,28.72,,-1
1898,cdn_33_5_1898,114,0,GP,,right_only,,,,,407205,81441.0,15,137,23.98,,,,15,137,23.98,-2
1898,cdn_33_5_1898,114,1,GP,,right_only,,,,,,,,,,,,,4275,407205,81441.0,-2
1898,cdn_33_5_1898,114,2,GP,,right_only,,,,,214415,42883.0,,,,,,,2322,214415,42883.0,2
1898,cdn_33_5_1898,114,3,GP,,right_only,,,,,9649,1929.8,15,137,23.98,,,,178,9786,1953.78,2
1898,cdn_33_5_1898,114,4,GP,,right_only,,,,,95,19.0,,,,,,,1.95,19.0,,-1
1898,cdn_33_5_1898,114,5,GP,,right_only,,,,,153870,30774.0,,,,,,,1480,153870,30774.0,2
1898,cdn_33_5_1898,114,6,GP,"DUTIABLE GOODS—Con. > 1 > Iron and steel and manufactures of— Agricultural implements, N.E.S.— Harvesters, self-binding and with- out binders..... > Great Britain..... United States.....",joined_weak,position,,,,342,68.4,,,,,,,5,342,68.4,2
1898,cdn_33_5_1898,114,7,GP,Total..... > Ontario..... Quebec..... Nova Scotia..... Manitoba..... B. Columbia..... N. W. Ter.....,joined_weak,position,,,,28834,5766.8,,,,,,,304,28834,5766.8,2
1898,cdn_33_5_1898,114,9,GP,,right_only,,,,,531,132.75,,,,,,,1784,531,132.75,2
1898,cdn_33_5_1898,114,10,GP,,right_only,,,,,50,12.5,,,,,,,2.5,12.5,,-1
1898,cdn_33_5_1898,114,11,GP,"2 > "" Hay tedders..... > United States— Ontario..... Quebec..... Nova Scotia..... B. Columbia.....",joined_weak,position,,,,152,38.0,,,,,,,5,152,38.0,2
1898,cdn_33_5_1898,114,12,GP,,right_only,,,,,68,17.0,,,,,,,2.68,17.0,,-1
1898,cdn_33_5_1898,114,14,GP,,right_only,,,,,2081,520.25,232,85,18.6,,,,232.85,18.6,3,-2
1898,cdn_33_5_1898,114,15,GP,,right_only,,,,,,,,,,,,,14122,2081,520.25,-2
1898,cdn_33_5_1898,114,16,GP,,right_only,,,,,239,59.75,24.4,8.75,615,,,,279,68.5,,-1
1898,cdn_33_5_1898,114,17,GP,,right_only,,,,,1080,270.0,,,,,,,11067,1080,270.0,2
1898,cdn_33_5_1898,114,18,GP,,right_only,,,,,208,52.0,,,,,,,1096,208,52.0,2
1898,cdn_33_5_1898,114,19,GP,,right_only,,,,,151,37.75,,,,,,,171,151,37.75,2
1898,cdn_33_5_1898,114,20,GP,,right_only,,,,,307,76.75,,,,,,,1156,307,76.75,2
1898,cdn_33_5_1898,114,21,GP,,right_only,,,,,96,24.0,,,,,,,41.96,24.0,,-1
1898,cdn_33_5_1898,114,22,GP,,right_only,,,,,,,208,45,9.85,,,,208.45,9.85,,-1
1898,cdn_33_5_1898,114,23,GP,,right_only,,,,,2081,520.25,232.85,18.6,14354,,,,2166,538.85,,-1
1898,cdn_33_5_1898,114,24,GP,,right_only,,,,,14323,2864.6,,,,,,,825,14323,2864.6,2
1898,cdn_33_5_1898,114,25,GP,,right_only,,,,,846,169.2,,,,,,,50,846,169.2,2
1898,cdn_33_5_1898,114,26,GP,"3 > "" Hoes..... > Great Britain..... United States.....",joined_weak,position,,,,700,140.0,,,,,,,50,700,140.0,2
1898,cdn_33_5_1898,114,27,GP,,right_only,,,,,56,11.2,,,,,,,10.56,11.2,,-1
1898,cdn_33_5_1898,114,28,GP,Total..... > Ontario..... Quebec..... Nova Scotia..... N. Brunswick..... Manitoba..... B. Columbia..... P. E. Island.....,joined_weak,position,,,,13292,2658.4,,,,,,,901,13292,2658.4,2
1898,cdn_33_5_1898,114,29,GP,,joined_weak,position,14354,2166,14122,561,112.2,,,,,,,29,561,112.2,2
1898,cdn_33_5_1898,114,30,GP,"4 > "" Horse rakes..... > United States— Ontario..... Quebec..... Nova Scotia..... N. Brunswick..... Manitoba..... B. Columbia..... N. W. Ter.....",joined_weak,position,,,,1800,360.0,,,,,,,108,1800,360.0,2
1898,cdn_33_5_1898,114,32,GP,,right_only,,,,,50,12.5,,,,,,,144.5,12.5,5,-2
1898,cdn_33_5_1898,114,33,GP,,right_only,,,,,64,16.0,,,,,,,177.64,16.0,,-1
1898,cdn_33_5_1898,114,34,GP,,right_only,,,,,7,1.75,,,,,,,15,7,1.75,2
1898,cdn_33_5_1898,114,35,GP,"5 > "" Knives, hay or straw..... > United States— Ontario..... Quebec..... Manitoba..... B. Columbia.....",joined_weak,position,,,,7,1.75,,,,,,,12,7,1.75,2
1898,cdn_33_5_1898,114,37,GP,,right_only,,,,,4647,1622.15,2,123,37.67,,,,2,123,37.67,-2
1898,cdn_33_5_1898,114,38,GP,"6 > "" Lawn mowers..... > Great Britain..... United States.....",joined_weak,position,,,,,,,,,,,,1554,4647,1622.15,-2
1898,cdn_33_5_1898,115,1,GP,Quebec.....,joined_weak,position,238,658,237,576,201.6,1.8199999999999998,25.11,238,,,,658,226.71,,-1
1898,cdn_33_5_1898,115,2,GP,,joined_weak,position,,54,226.54,226,79.1,,,,,,,54,226,79.1,2
1898,cdn_33_5_1898,115,3,GP,,joined_weak,position,,25,91.25,91,31.85,,,,,,,25.91,31.85,,-1
1898,cdn_33_5_1898,115,5,GP,,joined_weak,position,,71,309.7,268,93.8,1.41,12.56,71,,,,309,106.36,,-1
1898,cdn_33_5_1898,115,8,GP,,joined_weak,position,,1.75,1,75,15.0,,,,,,,1.75,15.0,,-1
1898,cdn_33_5_1898,115,10,GP,"3 > "" Mowing machines..... > Great Britain.....",joined_weak,position,6,307,5,263,52.6,1.44,7.7,6,,,,307,60.3,3,-2
1898,cdn_33_5_1898,115,12,GP,Total..... > Ontario.....,joined_weak,position,1950,67820,1949,67776,13555.2,1.44,7.7,1950,,,,67820,13562.9,,-1
1898,cdn_33_5_1898,115,19,GP,,joined_weak,position,5518,189924,5517,189380,37976.0,1.44,7.7,5518,,,,189924,37983.7,,-1
1898,cdn_33_5_1898,115,20,GP,"4 > "" Ploughs.....",joined_weak,position,,3.55,1,13,2.6,2,42,7.35,,,,3.55,9.95,4,-2
1898,cdn_33_5_1898,115,21,GP,,joined_weak,position,,6.77,1,10,2.0,5,67,11.73,,,,6.77,13.73,,-1
1898,cdn_33_5_1898,115,24,GP,,joined_weak,position,,34,396.28,302,60.4,6.9399999999999995,16.45,34,,,,396,76.85,,-1
1898,cdn_33_5_1898,115,26,GP,N. Brunswick...,joined_weak,position,166,1238,165,1223,244.6,1.15,2.63,166,,,,1238,247.23,,-1
1898,cdn_33_5_1898,116,0,GP,,right_only,,,,,28,7.0,,,,,,,3.2800000000000002,7.0,1,-2
1898,cdn_33_5_1898,116,1,GP,,right_only,,,,,13,3.25,,,,,,,1.13,3.25,,-1
1898,cdn_33_5_1898,116,2,GP,,right_only,,,,,20,5.0,,,,,,,2.2,5.0,,-1
1898,cdn_33_5_1898,116,3,GP,,right_only,,,,,8,2.0,,,,,,,4,8,2.0,2
1898,cdn_33_5_1898,116,4,GP,,right_only,,,,,69,17.25,,,,,,,10.69,17.25,,-1
1898,cdn_33_5_1898,116,5,GP,,right_only,,,,,,,24,7,1.53,,,,24,7,1.53,2
1898,cdn_33_5_1898,116,6,GP,,right_only,,,,,1119,279.75,,,,,,,5440,1119,279.75,2
1898,cdn_33_5_1898,116,7,GP,,right_only,,,,,172,43.0,,,,,,,882,172,43.0,2
1898,cdn_33_5_1898,116,8,GP,"DUTIABLE GOODS—Con. > 1 > Iron and steel and manufactures of— Agricultural implements, N.E.S.— Potato diggers..... > United States— Ontario..... Quebec..... Manitoba..... N. W. Ter.....",joined_weak,position,,,,265,66.25,24,7,1.53,,,,1848,272,67.78,2
1898,cdn_33_5_1898,116,9,GP,,joined_weak,position,,10,69.1,468,117.0,,,,,,,2329,468,117.0,2
1898,cdn_33_5_1898,116,10,GP,,right_only,,,,,96,24.0,,,,,,,225.96,24.0,,-1
1898,cdn_33_5_1898,116,11,GP,"2 > "" Rakes, N.E.S..... > Germany..... United States.....",joined_weak,position,,,,3,0.75,,,,,,,12,3,0.75,2
1898,cdn_33_5_1898,116,12,GP,Total..... > Ontario..... Quebec..... Nova Scotia..... N. Brunswick... Manitoba..... B. Columbia.....,joined_weak,position,,,,115,28.75,,,,,,,168,115,28.75,2
1898,cdn_33_5_1898,116,14,GP,,right_only,,,,,,,,,,,,,,,,0
1898,cdn_33_5_1898,116,15,GP,,right_only,,,,,11874,2374.8,,,,,,,461,11874,2374.8,2
1898,cdn_33_5_1898,116,16,GP,,right_only,,,,,9981,1996.2,,,,,,,109,9981,1996.2,2
1898,cdn_33_5_1898,116,17,GP,,right_only,,,,,629,125.8,,,,,,,12,629,125.8,2
1898,cdn_33_5_1898,116,18,GP,,right_only,,,,,92,18.4,,,,,,,1.92,18.4,,-1
1898,cdn_33_5_1898,116,19,GP,,right_only,,,,,50,10.0,,,,,,,1.5,10.0,,-1
1898,cdn_33_5_1898,116,20,GP,"3 > "" Reapers..... > Australia..... United States.....",joined_weak,position,,,,1022,204.4,,,,,,,336,1022,204.4,2
1898,cdn_33_5_1898,116,21,GP,Total..... > Ontario..... Quebec..... Nova Scotia..... N. Brunswick... B. Columbia..... P. E. Island.....,joined_weak,position,,,,100,20.0,,,,,,,2,100,20.0,2
1898,cdn_33_5_1898,116,23,GP,,right_only,,,,,,,,,,,,,,,,0
1898,cdn_33_5_1898,116,24,GP,,right_only,,,,,220,55.0,878,3260,713.18,,,,932,3480,768.18,2
1898,cdn_33_5_1898,116,25,GP,,right_only,,,,,19377,4844.31,,,,,,,5016,19377,4844.31,2
1898,cdn_33_5_1898,116,26,GP,,right_only,,,,,2394,598.5,41,132,28.89,,,,758,2526,627.39,2
1898,cdn_33_5_1898,116,27,GP,,right_only,,,,,8425,2106.25,705,2318,507.08,,,,2978,10743,2613.33,2
1898,cdn_33_5_1898,116,28,GP,"4 > "" Scythes and snaths, sickles or reaping hooks..... > Great Britain..... United States.....",joined_weak,position,,,,4129,1032.31,89,548,119.89,,,,978,4677,1152.2,2
1898,cdn_33_5_1898,116,29,GP,,right_only,,,,,4534,1133.5,8.47,10.28,1177,,,,4581,1143.78,,-1
1898,cdn_33_5_1898,116,30,GP,,right_only,,,,,33,8.25,,1,0.22,,,,6.34,8.47,,-1
1898,cdn_33_5_1898,116,31,GP,,right_only,,,,,25,6.25,,,,,,,5.25,6.25,,-1
1898,cdn_33_5_1898,116,32,GP,,right_only,,,,,52,13.0,35,214,46.82,,,,45,206,59.82,0
1898,cdn_33_5_1898,116,33,GP,Total..... > Ontario..... Quebec..... Nova Scotia..... N. Brunswick... Manitoba..... B. Columbia..... P. E. Island..... N. W. Ter.....,joined_weak,position,,,,5,1.25,,,,,,,1,5,1.25,2
1898,cdn_33_5_1898,116,35,GP,"5 > "" Spades and shovels and spade and shovel blanks, and iron or steel cut to shape for the same..... > Great Britain..... United States.....",joined_weak,position,,,,316,101.05,1207,3938,1206.19,,,,1513,4254,1307.24,2
1898,cdn_33_5_1898,116,36,GP,,right_only,,,,,12309,4338.54,,,,,,,3118,12369,4338.54,0
1898,cdn_33_5_1898,117,0,GP,,right_only,,,,,3621,1267.45,156,737,225.76,,,,1415,4358,1493.21,2
1898,cdn_33_5_1898,117,1,GP,,right_only,,,,,319,111.65,291,1261,386.24,,,,362,1580,497.89,2
1898,cdn_33_5_1898,117,2,GP,,right_only,,,,,611,213.85,406,1203,368.49,,,,769,1814,582.34,2
1898,cdn_33_5_1898,117,3,GP,,right_only,,,,,1013,354.55,277,526,161.08,,,,583,1539,515.63,2
1898,cdn_33_5_1898,117,4,GP,,right_only,,,,,351,122.85,,,,,,,54,351,122.85,2
1898,cdn_33_5_1898,117,5,GP,,right_only,,,,,5867,2053.44,3.18,5.51,1198,,,,5885,2058.95,,-1
1898,cdn_33_5_1898,117,6,GP,,right_only,,,,,228,79.8,74,193,59.11,,,,140,421,138.91,2
1898,cdn_33_5_1898,117,7,GP,"DUTIABLE GOODS—Con. > 1 Iron and steel and manufactures of— Spades and shovels, &c.— Total..... > Ontario..... Quebec..... Nova Scotia..... N. Brunswick..... Manitoba..... B. Columbia..... P. E. Island..... N. W. Ter.....",joined_weak,position,,,,675,236.0,,,,,,,110,675,236.0,2
1898,cdn_33_5_1898,117,9,GP,,right_only,,,,,36,7.2,,,,,,,7.36,7.2,2,-2
1898,cdn_33_5_1898,117,10,GP,,right_only,,,,,11,2.2,,,,,,,73.11,2.2,,-1
1898,cdn_33_5_1898,117,11,GP,,right_only,,,,,48,9.6,,,,,,,4.48,9.6,,-1
1898,cdn_33_5_1898,117,12,GP,,right_only,,,,,7,1.4,,,,,,,1,7,1.4,2
1898,cdn_33_5_1898,117,13,GP,,right_only,,,,,20,4.0,,,,,,,2.2,4.0,,-1
1898,cdn_33_5_1898,117,14,GP,"2 "" Weeders ..... > United States— Ontario..... Quebec..... Nova Scotia..... N. Brunswick..... Manitoba..... P. E. Island.....",joined_weak,position,,,,5,1.0,,,,,,,1,5,1.0,2
1898,cdn_33_5_1898,117,16,GP,,right_only,,,,,72,18.0,,444,96.44,,,,,516,114.44,2
1898,cdn_33_5_1898,117,17,GP,,right_only,,,,,13318,3333.85,,,,,,,,13318,3333.85,2
1898,cdn_33_5_1898,117,18,GP,,right_only,,,,,7374,1847.85,,256,55.3,,,,,7630,1903.15,2
1898,cdn_33_5_1898,117,19,GP,,right_only,,,,,1853,463.25,,188,41.14,,,,,2041,504.39,2
1898,cdn_33_5_1898,117,20,GP,,right_only,,,,,346,86.5,,,,,,,,346,86.5,2
1898,cdn_33_5_1898,117,21,GP,,right_only,,,,,1695,423.75,,,,,,,,1695,423.75,2
1898,cdn_33_5_1898,117,22,GP,,right_only,,,,,1348,337.0,,,,,,,,1348,337.0,2
1898,cdn_33_5_1898,117,23,GP,,right_only,,,,,644,161.0,,,,,,,,644,161.0,2
1898,cdn_33_5_1898,117,27,GP,,right_only,,,,,43,8.6,,,,,,,,43,8.6,2
1898,cdn_33_5_1898,117,30,GP,,right_only,,,,,256,76.8,,7875,2067.26,,,,,8131,2144.06,2
1898,cdn_33_5_1898,117,31,GP,,right_only,,,,,,,,673,176.66,,,,,673,176.66,2
1898,cdn_33_5_1898,117,32,GP,,right_only,,,,,4777,1434.1,,,,,,,,4777,1434.1,2
1898,cdn_33_5_1898,117,33,GP,,right_only,,,,,2018,606.4,,997,261.72,,,,,3015,868.12,2
1898,cdn_33_5_1898,117,34,GP,,right_only,,,,,1786,535.8,,5222,1370.8,,,,,7008,1906.6,2
1898,cdn_33_5_1898,117,35,GP,,right_only,,,,,,,,60,15.76,,,,,60,15.76,2
1898,cdn_33_5_1898,117,36,GP,,right_only,,,,,52,15.6,,855,224.46,,,,,907,240.06,2
1898,cdn_33_5_1898,118,0,GP,,right_only,,,,,94,28.2,,,,,,,600.94,28.2,1,-2
1898,cdn_33_5_1898,118,1,GP,DUCTILE GOODS—Con. > 1 > Iron and steel and manufactures of— Cart or wagon skeins or boxes..... > United States— Ontario..... N. W. Ter. ....,joined_weak,position,,,,135,40.5,,,,,,,850,135,40.5,2
1898,cdn_33_5_1898,118,3,GP,,right_only,,,,,353,123.55,1984,4280,1310.77,,,,2037,4633,1434.32,2
1898,cdn_33_5_1898,118,4,GP,,right_only,,,,,,,319,727,222.64,,,,319,727,222.64,2
1898,cdn_33_5_1898,118,5,GP,,right_only,,,,,23194,8116.08,,,,,,,8393,23194,8116.08,2
1898,cdn_33_5_1898,118,6,GP,,right_only,,,,,9064,3171.08,3.73,22.36,3123,,,,9137,3193.44,,-1
1898,cdn_33_5_1898,118,7,GP,,right_only,,,,,12484,4369.4,2293,4907,1502.78,,,,6366,17391,5872.18,2
1898,cdn_33_5_1898,118,8,GP,,right_only,,,,,583,204.05,,,,,,,100,583,204.05,2
1898,cdn_33_5_1898,118,9,GP,,right_only,,,,,186,65.1,7.27,8.27,44,,,,213,73.37,,-1
1898,cdn_33_5_1898,118,10,GP,,right_only,,,,,121,42.35,,,,,,,25,121,42.35,2
1898,cdn_33_5_1898,118,11,GP,"2 > „ Springs, axles, axle bars, N.E.S., and axle blanks and parts thereof, of iron or steel, for railway or tramway or other vehicles ..... > Great Britain..... Germany..... United States.. ..",joined_weak,position,,,,935,326.75,,,,,,,1064,935,326.75,2
1898,cdn_33_5_1898,118,12,GP,Total..... > Ontario..... Quebec..... Nova Scotia..... N. Brunswick.... Manitoba..... B. Columbia.... N. W. Ter.....,joined_weak,position,,,,174,60.9,,,,,,,27,174,60.9,2
1898,cdn_33_5_1898,118,14,GP,,right_only,,,,,5285,932.3,21150,43437,6478.21,,,,23811,48722,7410.51,2
1898,cdn_33_5_1898,118,15,GP,,right_only,,,,,27,6.65,,,,,,,19.27,6.65,,-1
1898,cdn_33_5_1898,118,16,GP,,right_only,,,,,,,129,183,39.51,,,,129,183,39.51,2
1898,cdn_33_5_1898,118,17,GP,,right_only,,,,,4976,894.25,2853,5370,873.73,,,,5408,10346,1767.98,2
1898,cdn_33_5_1898,118,18,GP,,right_only,,,,,313019,84204.15,,,,,,,240578,313019,84204.15,2
1898,cdn_33_5_1898,118,19,GP,,right_only,,,,,229898,64785.0,3720,5827,1140.13,,,,188820,235725,65925.13,2
1898,cdn_33_5_1898,118,20,GP,,right_only,,,,,39363,9584.05,14987,34634,4589.62,,,,42370,73997,14173.67,2
1898,cdn_33_5_1898,118,21,GP,,right_only,,,,,2770,495.5,1598,2888,489.52,,,,3011,5658,985.02,2
1898,cdn_33_5_1898,118,22,GP,,right_only,,,,,3538,971.46,1322,2243,404.9,,,,4092,5781,1376.36,2
1898,cdn_33_5_1898,118,23,GP,,right_only,,,,,11534,3031.61,35.61,10.6,8697,,,,11595,3042.21,,-1
1898,cdn_33_5_1898,118,24,GP,"3 > „ Bar iron or steel rolled whether in coils, bundles, rods or bars, com- prising rounds, ovals, squares and flats, and rolled shapes, N.O.P.... > Great Britain..... Belgium..... Germany..... Sweden..... United States.....",joined_weak,position,,,,35973,7141.4,2470,3337,756.68,,,,22874,39310,7898.08,2
1898,cdn_33_5_1898,118,25,GP,Total..... > Ontario..... Quebec..... Nova Scotia..... N. Brunswick.... Manitoba..... B. Columbia.... N. W. Ter.....,joined_weak,position,,,,231,28.33,,,,,,,81,231,28.33,2
1898,cdn_33_5_1898,118,27,GP,,right_only,,,,,,,,323,84.8,,,,,323,84.8,2
1898,cdn_33_5_1898,118,28,GP,,right_only,,,,,14045,4213.5,,,,,,,,14045,4213.5,2
1898,cdn_33_5_1898,118,29,GP,,right_only,,,,,3786,1135.8,,44,11.55,,,,,3830,1147.35,2
1898,cdn_33_5_1898,118,30,GP,,right_only,,,,,6940,2082.0,,49,12.86,,,,,6989,2094.86,2
1898,cdn_33_5_1898,118,31,GP,,right_only,,,,,809,242.7,,150,39.39,,,,,959,282.09,2
1898,cdn_33_5_1898,118,32,GP,,right_only,,,,,1107,332.1,,11,2.88,,,,,1118,334.98,2
1898,cdn_33_5_1898,118,33,GP,,right_only,,,,,848,254.4,,,,,,,,848,254.4,2
1898,cdn_33_5_1898,119,0,GP,,right_only,,,,,41,10.25,,736,161.87,,,,,777,172.12,2
1898,cdn_33_5_1898,119,1,GP,,right_only,,,,,78940,19735.0,,,,,,,,78940,19735.0,2
1898,cdn_33_5_1898,119,2,GP,,right_only,,,,,61173,15293.25,,,,,,,,61173,15293.25,2
1898,cdn_33_5_1898,119,3,GP,,right_only,,,,,13821,3455.25,,668,146.13,,,,,14489,3601.38,2
1898,cdn_33_5_1898,119,9,GP,,joined_weak,position,379622,706645,78667,100,25.0,,,,,,,,100,25.0,2
1898,cdn_33_5_1898,119,12,GP,,right_only,,,,,,,141,305,13.25,,,,141,305,13.25,2
1898,cdn_33_5_1898,119,13,GP,,right_only,,,,,,,227,827,36.18,,,,227,827,36.18,2
1898,cdn_33_5_1898,119,14,GP,,right_only,,,,,223,11.15,,,,,,,65,223,11.15,2
1898,cdn_33_5_1898,119,15,GP,,right_only,,,,,144466,7232.7,,,,,,,68161,144466,7232.7,2
1898,cdn_33_5_1898,119,16,GP,,right_only,,,,,83447,4172.35,63797,103523,4528.3,,,,108244,186970,8700.65,2
1898,cdn_33_5_1898,119,17,GP,,right_only,,,,,39785,1989.25,199938,399693,17486.79,,,,216295,439478,19476.04,2
1898,cdn_33_5_1898,119,18,GP,,right_only,,,,,5079,253.95,3240,5706,249.77,,,,5670,10785,503.72,2
1898,cdn_33_5_1898,119,19,GP,,right_only,,,,,5657,282.85,2398,4796,209.46,,,,4394,10443,492.31,0
1898,cdn_33_5_1898,119,20,GP,,right_only,,,,,20824,1041.2,8184,14656,641.23,,,,16633,35480,1682.43,2
1898,cdn_33_5_1898,119,21,GP,,right_only,,,,,11184,559.2,22082,8673,410.49,,,,27091,19857,969.69,2
1898,cdn_33_5_1898,119,22,GP,,right_only,,,,,122,6.1,375,751,32.86,,,,419,873,38.96,2
1898,cdn_33_5_1898,119,23,GP,,right_only,,,,,404,29.6,,,,,,,125,404,29.6,2
1898,cdn_33_5_1898,119,24,GP,,right_only,,,,,166502,8334.5,300014,537788,23558.9,,,,378641,704290,31893.4,2
1898,cdn_33_5_1898,119,25,GP,,right_only,,,,,129,44.0,4758,5552,1665.79,,,,4879,5681,1769.79,0
1898,cdn_33_5_1898,119,26,GP,,right_only,,,,,32045,11364.65,,,,,,,28410,32045,11364.65,2
1898,cdn_33_5_1898,119,27,GP,,right_only,,,,,11779,3894.57,,,,,,,9731,11779,3894.57,2
1898,cdn_33_5_1898,119,28,GP,,right_only,,,,,6566,2292.0,857,867,300.14,,,,6587,7433,2592.14,2
1898,cdn_33_5_1898,119,29,GP,,right_only,,,,,1933,665.11,3901,4685,1365.65,,,,5871,6618,2030.76,2
1898,cdn_33_5_1898,119,30,GP,,right_only,,,,,4089,1334.36,,,,,,,3335,4089,1334.36,2
1898,cdn_33_5_1898,119,31,GP,,right_only,,,,,5418,2525.4,,,,,,,6313,5418,2525.4,2
1898,cdn_33_5_1898,119,32,GP,,right_only,,,,,2240,677.2,,,,,,,1693,2240,677.2,2
1898,cdn_33_5_1898,119,33,GP,,right_only,,,,,40,6.5600000000000005,,,,,,,16.4,6.5600000000000005,,-1
1898,cdn_33_5_1898,119,34,GP,,right_only,,,,,109,13.45,,,,,,,34,109,13.45,2
1898,cdn_33_5_1898,119,37,GP,,right_only,,,,,372,262.03,,,,,,,105,372,262.03,2
1898,cdn_33_5_1898,119,38,GP,,right_only,,,,,20,5.63,,,,,,,2.2,5.63,,-1
1898,cdn_33_5_1898,119,39,GP,,right_only,,,,,30,7.5,,,,,,,3.3,7.5,,-1
1898,cdn_33_5_1898,119,40,GP,,right_only,,,,,12537,3445.24,,,,,,,1378,12537,3445.24,2
1898,cdn_33_5_1898,120,14,GP,P. E. Island.....,joined_weak,position,20,52,8,20,1.0,12,32,1.4,,,,20.52,2.4,,-1
1898,cdn_33_5_1898,121,7,GP,,joined_weak,position,,200.25,,,,200,25,7.66,,,,200,25,7.66,2
1898,cdn_33_5_1898,121,8,GP,,joined_weak,position,,100.7,,,,100,70,21.44,,,,100,70,21.44,2
1898,cdn_33_5_1898,121,10,GP,Total..... > Ontario.....,joined_weak,position,106210,5789,105907,5690,1991.39,303.99,30.32,106210,,,,5789,2021.71,3,-2
1898,cdn_33_5_1898,121,19,GP,,joined_weak,position,,17,75832.17,75832,26541.2,,,,,,,17,75832,26541.2,2
1898,cdn_33_5_1898,121,32,GP,,joined_weak,position,,26,199.26,199,69.65,,,,,,,26,199,69.65,2
1898,cdn_33_5_1898,121,34,GP,,joined_weak,position,,65,223.65,223,78.05,,,,,,,65,223,78.05,2
1898,cdn_33_5_1898,122,0,GP,,right_only,,,,,49659,12414.75,,,,,,,297,49659,12414.75,2
1898,cdn_33_5_1898,122,1,GP,,right_only,,,,,20173,5043.25,3,726,158.81,,,,60,20899,5202.06,2
1898,cdn_33_5_1898,122,2,GP,,right_only,,,,,2608,652.0,,,,,,,252,2608,652.0,2
1898,cdn_33_5_1898,122,3,GP,,right_only,,,,,575,143.75,,,,,,,2,575,143.75,2
1898,cdn_33_5_1898,122,4,GP,,right_only,,,,,5816,1454.0,,,,,,,41,5816,1454.0,2
1898,cdn_33_5_1898,122,5,GP,,right_only,,,,,15338,3834.5,,,,,,,54,15338,3834.5,2
1898,cdn_33_5_1898,122,6,GP,,right_only,,,,,227,56.75,,,,,,,2,227,56.75,2
1898,cdn_33_5_1898,122,7,GP,1 Iron and steel and manufactures of— Steam engines and boilers— Total..... > Ontario..... Quebec..... Nova Scotia.... N. Brunswick.... Manitoba..... B. Columbia..... P. E. Island..... N. W. Ter.....,joined_weak,position,,,,5205,1301.25,,,,,,,31,5205,1301.25,2
1898,cdn_33_5_1898,122,9,GP,,right_only,,,,,211,63.3,8141,598,157.0,,,,13321,809,220.3,2
1898,cdn_33_5_1898,122,10,GP,,right_only,,,,,,,3750,142,37.27,,,,3750,142,37.27,2
1898,cdn_33_5_1898,122,11,GP,,right_only,,,,,84572,25371.6,,,,,,,1876237,84572,25371.6,2
1898,cdn_33_5_1898,122,12,GP,,right_only,,,,,36666,10999.8,,,,,,,875188,36666,10999.8,2
1898,cdn_33_5_1898,122,13,GP,,right_only,,,,,24362,7308.6,10091,585,153.58,,,,568107,24947,7462.18,2
1898,cdn_33_5_1898,122,14,GP,,right_only,,,,,3443,1032.9,600.47,12.34,63422,,,,3490,1045.24,,-1
1898,cdn_33_5_1898,122,15,GP,,right_only,,,,,4076,1222.8,,,,,,,143576,4076,1222.8,2
1898,cdn_33_5_1898,122,16,GP,,right_only,,,,,3056,916.8,,,,,,,68186,3056,916.8,2
1898,cdn_33_5_1898,122,17,GP,,right_only,,,,,12266,3679.8,,,,,,,161257,12266,3679.8,2
1898,cdn_33_5_1898,122,18,GP,"2 "" Fittings, iron or steel, for iron or steel pipe..... > Great Britain..... Germany..... United States.....",joined_weak,position,,,,740,222.0,1200,108,28.35,,,,10199,848,250.35,2
1898,cdn_33_5_1898,122,19,GP,Total..... > Ontario..... Quebec..... Nova Scotia.... N. Brunswick.... Manitoba..... B. Columbia..... P. E. Island.... N. W. Ter....,joined_weak,position,,,,174,52.2,,,,,,,3373,174,52.2,2
1898,cdn_33_5_1898,122,21,GP,,right_only,,,,,2102,105.1,1029,15155,663.05,,,,1085,17257,768.15,2
1898,cdn_33_5_1898,122,22,GP,,right_only,,,,,5259,262.95,,,,,,,333,5259,262.95,2
1898,cdn_33_5_1898,122,23,GP,,right_only,,,,,140,7.0,50,1086,47.52,,,,56,1226,54.52,2
1898,cdn_33_5_1898,122,24,GP,,right_only,,,,,3151,157.55,813,8405,367.72,,,,1045,11556,525.27,2
1898,cdn_33_5_1898,122,25,GP,"3 "" Ferro-silicon, spiegeleisen and ferro- manganese..... > Great Britain..... United States.....",joined_weak,position,,,,3515,175.75,166,5664,247.81,,,,284,9179,423.56,2
1898,cdn_33_5_1898,122,26,GP,Total..... > Ontario..... Quebec..... Nova Scotia.... New Brunswick.,joined_weak,position,,,,555,27.75,,,,,,,33,555,27.75,2
1898,cdn_33_5_1898,122,28,GP,,right_only,,,,,34172,10254.85,34610,672,176.44,,,,34610,672,176.44,-2
1898,cdn_33_5_1898,122,29,GP,,right_only,,,,,,,,,,,,,1249781,34172,10254.85,-2
1898,cdn_33_5_1898,122,30,GP,,right_only,,,,,19709,5915.95,1225.74,19.43,881760,,,,19783,5935.38,,-1
1898,cdn_33_5_1898,122,31,GP,,right_only,,,,,6923,2076.9,446.25,6.57,182645,,,,6948,2083.47,,-1
1898,cdn_33_5_1898,122,32,GP,"4 "" Forgings of iron or steel, of what- ever shape or size, or in whatever stage of manufacture, N.E.S., and steel shafting, turned, compressed or polished; and hammered iron or steel bars or shapes, N.O.P.... > Great Britain..... United States.....",joined_weak,position,,,,2279,683.7,13600,447,117.36,,,,59077,2726,801.06,2
1898,cdn_33_5_1898,122,33,GP,,right_only,,,,,912,273.6,2098.76,19.95,43643,,,,988,293.55,,-1
1898,cdn_33_5_1898,122,34,GP,,right_only,,,,,4132,1239.6,17241.5,13.13,110001,,,,4182,1252.73,,-1
1898,cdn_33_5_1898,122,35,GP,Total ..... > Ontario..... Quebec..... Nova Scotia.... N. Brunswick.... B. Columbia..... N. W. Ter.....,joined_weak,position,,,,217,65.1,,,,,,,7265,217,65.1,2
1898,cdn_33_5_1898,123,21,GP,,right_only,,,,,183,12.5,,42280,4264.69,,,,,42463,4277.19,2
1898,cdn_33_5_1898,123,22,GP,Cwt. > Cwt. > Great Britain.....,joined_weak,position,7449,8642,112,,,3073,2928,268.9,,,,3073,2928,268.9,2
1898,cdn_33_5_1898,124,0,GP,,right_only,,,,,530,97.5,4371,50706,9563.46,,,,4410,51236,9660.96,2
1898,cdn_33_5_1898,124,1,GP,,right_only,,,,,195,161.88,,,,,,,65,195,161.88,2
1898,cdn_33_5_1898,124,2,GP,,right_only,,,,,330172,81601.07,,,,,,,32640,330172,81601.07,2
1898,cdn_33_5_1898,124,3,GP,,right_only,,,,,274516,68747.77,75,959,164.52,,,,27574,275475,68912.29,2
1898,cdn_33_5_1898,124,4,GP,,right_only,,,,,43285,10505.0,3695,42805,8082.92,,,,7897,86090,18587.92,2
1898,cdn_33_5_1898,124,5,GP,,right_only,,,,,6848,1546.79,100,1137,218.75,,,,719,7985,1765.54,2
1898,cdn_33_5_1898,124,6,GP,,right_only,,,,,2027,390.03,125,1447,274.4,,,,281,3474,664.43,2
1898,cdn_33_5_1898,124,7,GP,"1 Iron and steel and manufactures of— Iron in pigs, N.E.S. .... > Great Britain. .... B. W. Indies.. .... United States. ....",joined_weak,position,,,,375,87.5,,,,,,,35,375,87.5,2
1898,cdn_33_5_1898,124,8,GP,Total. .... > Ontario. .... Quebec. .... Nova Scotia .... N. Brunswick.. Manitoba .... B. Columbia. ....,joined_weak,position,,,,3846,583.36,376,4358,822.87,,,,609,8204,1406.23,2
1898,cdn_33_5_1898,124,12,GP,,right_only,,,,,66,19.8,,8310,2181.21,,,,,8376,2201.01,2
1898,cdn_33_5_1898,124,13,GP,,right_only,,,,,3,0.9,,,,,,,,3,0.9,2
1898,cdn_33_5_1898,124,14,GP,,right_only,,,,,8,2.4,,80,21.0,,,,,88,23.4,2
1898,cdn_33_5_1898,124,15,GP,,right_only,,,,,,,,478,125.47,,,,,478,125.47,2
1898,cdn_33_5_1898,124,16,GP,,right_only,,,,,88223,26466.9,,,,,,,,88223,26466.9,2
1898,cdn_33_5_1898,124,17,GP,,right_only,,,,,31520,9456.0,,1561,409.59,,,,,33081,9865.59,2
1898,cdn_33_5_1898,124,18,GP,,right_only,,,,,37792,11337.6,,5371,1409.96,,,,,43163,12747.56,2
1898,cdn_33_5_1898,124,19,GP,,right_only,,,,,4183,1254.9,,530,139.04,,,,,4713,1393.94,2
1898,cdn_33_5_1898,124,20,GP,,right_only,,,,,4236,1270.8,,585,153.56,,,,,4821,1424.36,2
1898,cdn_33_5_1898,124,21,GP,,right_only,,,,,4542,1362.6,,78,20.48,,,,,4620,1383.08,2
1898,cdn_33_5_1898,124,22,GP,,right_only,,,,,5654,1696.2,,496,130.21,,,,,6150,1826.41,2
1898,cdn_33_5_1898,124,27,GP,,right_only,,,,,742,185.5,,,,,,,96,742,185.5,2
1898,cdn_33_5_1898,124,28,GP,,right_only,,,,,269,67.25,,,,,,,11,269,67.25,2
1898,cdn_33_5_1898,124,31,GP,,right_only,,,,,10380,2595.0,,,,,,,248,10380,2595.0,2
1898,cdn_33_5_1898,124,32,GP,,right_only,,,,,872,218.0,,,,,,,24,872,218.0,2
1898,cdn_33_5_1898,124,33,GP,,right_only,,,,,185,46.25,,,,,,,3,185,46.25,2
1898,cdn_33_5_1898,124,34,GP,,right_only,,,,,22,5.5,,,,,,,1.22,5.5,,-1
1898,cdn_33_5_1898,124,35,GP,,right_only,,,,,4632,1158.0,,,,,,,91,4632,1158.0,2
1898,cdn_33_5_1898,124,36,GP,7 Wind mills.. .. > United States— Ontario. .... Quebec. .... Nova Scotia .... N. Brunswick.. Manitoba .... P. E. Island.... N. W. Ter. ....,joined_weak,position,,,,566,141.5,,,,,,,8,566,141.5,2
1898,cdn_33_5_1898,124,37,GP,,right_only,,,,,92,23.0,,,,,,,3.92,23.0,,-1
1898,cdn_33_5_1898,125,10,GP,,right_only,,,,,555,138.75,,,,,,,2,555,138.75,2
1898,cdn_33_5_1898,125,14,GP,""" Portable engines..... > St. Pierre.....",left_only,,1,100,1,,,,,,,,,,,,
1898,cdn_33_5_1898,126,0,GP,,right_only,,,,,3503,875.75,,,,,,,32,3503,875.75,2
1898,cdn_33_5_1898,126,1,GP,,right_only,,,,,34099,8524.75,,,,,,,101,34099,8524.75,2
1898,cdn_33_5_1898,126,2,GP,,right_only,,,,,400,100.0,,,,,,,1,400,100.0,2
1898,cdn_33_5_1898,126,3,GP,,right_only,,,,,38002,9500.5,,,,,,,134,38002,9500.5,2
1898,cdn_33_5_1898,126,4,GP,,right_only,,,,,144,36.0,,2702,591.11,,,,,2846,627.11,2
1898,cdn_33_5_1898,126,5,GP,,right_only,,,,,4,1.0,,,,,,,,4,1.0,2
1898,cdn_33_5_1898,126,6,GP,,right_only,,,,,51081,12770.85,,684,149.63,,,,,684,149.63,-2
1898,cdn_33_5_1898,126,7,GP,,right_only,,,,,,,,,,,,,,51081,12770.85,-2
1898,cdn_33_5_1898,126,8,GP,,right_only,,,,,24575,6143.75,,2949,645.13,,,,,27524,6788.88,2
1898,cdn_33_5_1898,126,9,GP,,right_only,,,,,7756,1939.0,,437,95.61,,,,,8193,2034.61,2
1898,cdn_33_5_1898,126,10,GP,,right_only,,,,,1556,389.4,,,,,,,,1556,389.4,2
1898,cdn_33_5_1898,126,11,GP,,right_only,,,,,25,6.25,,,,,,,,25,6.25,2
1898,cdn_33_5_1898,126,12,GP,,right_only,,,,,10783,2695.3,,,,,,,,10783,2695.3,2
1898,cdn_33_5_1898,126,13,GP,,right_only,,,,,5810,1452.7,,,,,,,,5810,1452.7,2
1898,cdn_33_5_1898,126,14,GP,,right_only,,,,,362,90.5,,,,,,,,362,90.5,2
1898,cdn_33_5_1898,126,15,GP,,right_only,,,,,362,90.95,,,,,,,,362,90.95,2
1898,cdn_33_5_1898,126,16,GP,,right_only,,,,,51229,12807.85,,3386,740.74,,,,,54615,13548.59,2
1898,cdn_33_5_1898,126,17,GP,,right_only,,,,,14431,3607.75,,1,0.22,,,,,1,0.22,-2
1898,cdn_33_5_1898,126,18,GP,,right_only,,,,,,,,,,,,,,14431,3607.75,-2
1898,cdn_33_5_1898,126,19,GP,,right_only,,,,,958,239.5,,,,,,,,958,239.5,2
1898,cdn_33_5_1898,126,27,GP,,right_only,,,,,29,8.7,186,3225,846.54,,,,188,3254,355.24,0
1898,cdn_33_5_1898,126,28,GP,,right_only,,,,,117266,35176.25,,,,,,,5375,117266,35176.25,2
1898,cdn_33_5_1898,126,29,GP,,right_only,,,,,29424,8823.12,83,1674,439.41,,,,1620,31098,9262.53,2
1898,cdn_33_5_1898,126,30,GP,,right_only,,,,,65341,19602.3,103,1551,407.13,,,,2744,66892,20009.43,2
1898,cdn_33_5_1898,126,31,GP,,right_only,,,,,6766,2028.68,,,,,,,379,6766,2028.68,2
1898,cdn_33_5_1898,126,32,GP,,right_only,,,,,4186,1257.6,,,,,,,222,4186,1257.6,2
1898,cdn_33_5_1898,126,33,GP,,right_only,,,,,4532,1359.45,,,,,,,234,4532,1359.45,2
1898,cdn_33_5_1898,126,34,GP,,right_only,,,,,5297,1589.1,,,,,,,269,5297,1589.1,2
1898,cdn_33_5_1898,126,35,GP,,right_only,,,,,468,140.4,,,,,,,30,468,140.4,2
1898,cdn_33_5_1898,126,36,GP,,right_only,,,,,1281,384.3,,,,,,,65,1281,384.3,2
1898,cdn_33_5_1898,127,0,GP,,right_only,,,,,297,74.25,,,,,,,4,297,74.25,2
1898,cdn_33_5_1898,127,1,GP,,right_only,,,,,23,6.9,,,,,,,1.23,6.9,,-1
1898,cdn_33_5_1898,127,2,GP,,right_only,,,,,16,4.0,,,,,,,1.16,4.0,,-1
1898,cdn_33_5_1898,127,3,GP,DUTIABLE GOODS—Con. > 1 Iron and steel and manufactures of— Slot machines..... > United States— Quebec..... Nova Scotia..... Manitoba..... B. Columbia.....,joined_weak,position,,,,1395,348.75,,,,,,,82,1395,348.75,2
1898,cdn_33_5_1898,127,5,GP,,right_only,,,,,103,25.75,,,,,,,1,103,25.75,2
1898,cdn_33_5_1898,127,6,GP,,right_only,,,,,63961,15990.82,,,,,,,1157,63961,15990.82,2
1898,cdn_33_5_1898,127,7,GP,,right_only,,,,,36789,9197.02,,,,,,,653,36789,9197.02,2
1898,cdn_33_5_1898,127,8,GP,,right_only,,,,,14013,3503.25,,,,,,,272,14013,3503.25,2
1898,cdn_33_5_1898,127,9,GP,,right_only,,,,,2307,577.55,,,,,,,45,2307,577.55,2
1898,cdn_33_5_1898,127,10,GP,,right_only,,,,,1656,414.0,,,,,,,26,1656,414.0,2
1898,cdn_33_5_1898,127,11,GP,,right_only,,,,,4430,1107.5,,,,,,,75,4430,1107.5,2
1898,cdn_33_5_1898,127,12,GP,"2 "" Machines, typewriting..... > Great Britain..... United States.....",joined_weak,position,,,,4721,1180.25,,,,,,,86,4721,1180.25,2
1898,cdn_33_5_1898,127,13,GP,Total..... > Ontario..... Quebec..... Nova Scotia..... N. Brunswick..... Manitoba..... B. Columbia..... P. E. Island.....,joined_weak,position,,,,148,37.0,,,,,,,1,148,37.0,2
1898,cdn_33_5_1898,127,15,GP,,right_only,,,,,30165,7541.25,,140402,30712.93,,,,,170567,38254.18,2
1898,cdn_33_5_1898,127,16,GP,,right_only,,,,,,,,2,0.44,,,,,2,0.44,2
1898,cdn_33_5_1898,127,17,GP,,right_only,,,,,2193,548.25,,279,61.03,,,,,2472,609.28,2
1898,cdn_33_5_1898,127,18,GP,,right_only,,,,,1029,257.25,,4410,964.7,,,,,5439,1221.95,2
1898,cdn_33_5_1898,127,19,GP,,right_only,,,,,150,37.5,,,,,,,,150,37.5,2
1898,cdn_33_5_1898,127,20,GP,,right_only,,,,,1530404,383061.89,,,,,,,,1530404,383061.89,2
1898,cdn_33_5_1898,127,21,GP,,right_only,,,,,522216,130554.0,,17153,3751.93,,,,,539369,134305.93,2
1898,cdn_33_5_1898,127,22,GP,,right_only,,,,,694141,173535.25,,106422,23280.05,,,,,800563,196815.3,2
1898,cdn_33_5_1898,127,23,GP,,right_only,,,,,55636,13909.24,,9950,2176.61,,,,,65586,16085.85,2
1898,cdn_33_5_1898,127,24,GP,,right_only,,,,,56281,14070.25,,5920,1295.0,,,,,62201,15365.25,2
1898,cdn_33_5_1898,127,25,GP,,right_only,,,,,51221,12805.22,,257,56.22,,,,,51478,12861.44,2
1898,cdn_33_5_1898,127,31,GP,,right_only,,,,,3,75,,,,,,,1,3.75,,-1
1898,cdn_33_5_1898,127,32,GP,,right_only,,,,,,,4,25,5.45,,,,4.25,5.45,,-1
1898,cdn_33_5_1898,127,33,GP,,right_only,,,,,30459,7615.06,,,,,,,20955,30459,7615.06,2
1898,cdn_33_5_1898,127,34,GP,,right_only,,,,,14253,3563.25,90,120,27.43,,,,15786,14373,3590.68,2
1898,cdn_33_5_1898,127,35,GP,,right_only,,,,,12594,3148.5,92,585,127.98,,,,4080,13179,3276.48,2
1898,cdn_33_5_1898,127,36,GP,,right_only,,,,,2636,659.31,4.19,4.16,894,,,,2655,663.47,,-1
1898,cdn_33_5_1898,127,37,GP,,right_only,,,,,1956,489.0,,,,,,,589,1956,489.0,2
1898,cdn_33_5_1898,127,38,GP,,right_only,,,,,8,2.0,,,,,,,3,8,2.0,2
1898,cdn_33_5_1898,127,39,GP,,right_only,,,,,43,10.75,,,,,,,11.43,10.75,,-1
1898,cdn_33_5_1898,128,3,GP,"1 Iron and steel and manufactures of— Nails and spikes, composition and sheathing nails. .... > Total..... > Ontario.....",joined_weak,position,2472,85,2472,85,16.85,,,,,,,2472.85,16.85,,-1
1898,cdn_33_5_1898,128,10,GP,"2 „ Nails and spikes, wrought and pressed, trunk, clout, coopers, cigar box, Hungarian, horse shoe and other nails, N.E.S..... > Germany.....",joined_weak,position,3653,231,,,,3260,139,36.5,,,,3260,139,36.5,2
1898,cdn_33_5_1898,128,12,GP,"2 „ Nails and spikes, wrought and pressed, trunk, clout, coopers, cigar box, Hungarian, horse shoe and other nails, N.E.S..... > Total..... > Ontario.....",joined_weak,position,38101,1484,35330,1302,391.8,2378.9,23.63,37708,,,,1392,415.43,,-1
1898,cdn_33_5_1898,128,14,GP,"2 „ Nails and spikes, wrought and pressed, trunk, clout, coopers, cigar box, Hungarian, horse shoe and other nails, N.E.S..... > Nova Scotia....",joined_weak,position,64662,2264,27437,1351,405.3,37225,891,200.83,,,,,2242,606.13,2
1898,cdn_33_5_1898,128,16,GP,"2 „ Nails and spikes, wrought and pressed, trunk, clout, coopers, cigar box, Hungarian, horse shoe and other nails, N.E.S..... > Manitoba.....",joined_weak,position,2138,86,700,21,6.3,1438,65,17.06,,,,2138.86,23.36,,-1
1898,cdn_33_5_1898,128,23,GP,"3 „ Nails and spikes, cut, and railway spikes..... > Total..... > Ontario.....",joined_weak,position,52749,1058,50943,1022,254.72,1806.36,7.92,52749,,,,1058,262.64,,-1
1898,cdn_33_5_1898,128,28,GP,"3 „ Nails and spikes, cut, and railway spikes..... > B. Columbia....",joined_weak,position,302322,6172,293474,5978,1467.37,2576.35,11.27,296050,,,,6013,1478.64,,-1
1898,cdn_33_5_1898,128,29,GP,"3 „ Nails and spikes, cut, and railway spikes..... > N. W. Ter.....",joined_weak,position,2500,72,2500,72,12.5,,,,,,,2500.72,12.5,,-1
1898,cdn_33_5_1898,129,0,GP,"DUTIABLE GOODS—Con. > 1 Iron and steel and manufactures of— Mould boards, or shares or plough plates, land sides and other plates for agricultural implements, cut to shape from rolled plates of steel but not moulded, punched, polished or otherwise manufactured..... > Great Britain.....",left_only,,12,42,,,,,,,,,,,,,
1898,cdn_33_5_1898,129,1,GP,"1 Iron and steel and manufactures of— Mould boards, or shares or plough plates, land sides and other plates for agricultural implements, cut to shape from rolled plates of steel but not moulded, punched, polished or otherwise manufactured..... > United States.....",joined_weak,position,29668,96680,29668,96680,4834.0,12.42,1.8399999999999999,29668,,,,96680,4834.0,1,-2
1898,cdn_33_5_1898,129,6,GP,"1 Iron and steel and manufactures of— Mould boards, or shares or plough plates, land sides and other plates for agricultural implements, cut to shape from rolled plates of steel but not moulded, punched, polished or otherwise manufactured.....",joined_weak,position,29680,96722,29668,96680,4834.0,12.42,1.8399999999999999,29680,,,,96722,4835.84,,-1
1898,cdn_33_5_1898,129,27,GP,N. Brunswick.....,joined_weak,position,17,87,17,87,26.1,,,,,,,17.87,26.1,,-1
1898,cdn_33_5_1898,129,28,GP,Manitoba.....,joined_weak,position,2,72,2,72,21.6,,,,,,,2.7199999999999998,21.6,,-1
1898,cdn_33_5_1898,130,6,GP,"2 > „ Rolled iron or steel angles, tees, beams, channels, joists, girders, zees, stars or rolled shapes, or trough, bridge, building or struc- tural rolled sections, or shapes, not punched, drilled or further manufactured than rolled, N.E.S., and flat eye bar blanks not punch- ed or drilled.....",joined_weak,position,,85,1970.19,432,154.8,66,1538,462.0,,,,85,1970,616.8,2
1898,cdn_33_5_1898,130,9,GP,,joined_weak,position,,11,267.11,267,93.6,,,,,,,11,267,93.6,2
1898,cdn_33_5_1898,130,10,GP,,joined_weak,position,7843,171962,7456,161921,57946.98,372,9684,2561.82,,,,7823,171605,60508.8,2
1898,cdn_33_5_1898,130,11,GP,Cwt. > Cwt.,joined_weak,position,,2905,4628.17,24,2.4,3260,5030,440.14,,,,3277,5054,442.54,2
1898,cdn_33_5_1898,130,39,GP,,joined_weak,position,,32,48.32,48,2.4,,,,,,,32,48,2.4,2
1898,cdn_33_5_1898,131,2,GP,Germany .....,joined_weak,position,85,94,,,,85,94,26.03,,,,85.94,26.03,,-1
1898,cdn_33_5_1898,131,7,GP,N. Brunswick..,joined_weak,position,75,87,63,74,22.24,12,13,3.82,,,,75.87,26.06,,-1
1898,cdn_33_5_1898,131,32,GP,N. W. Ter.....,joined_weak,position,51,83,51,83,8.3,,,,,,,51.83,8.3,,-1
1898,cdn_33_5_1898,132,0,GP,,right_only,,,,,99525,4976.25,52005,104959,4591.98,,,,132848,204484,9568.23,2
1898,cdn_33_5_1898,132,1,GP,,right_only,,,,,11266,563.3,21420,44368,1941.17,,,,26626,55634,2504.47,2
1898,cdn_33_5_1898,132,2,GP,,right_only,,,,,930,46.5,2145,3313,145.01,,,,2405,4243,191.51,2
1898,cdn_33_5_1898,132,3,GP,,right_only,,,,,2371,118.55,5190,8490,371.47,,,,6121,10861,490.02,2
1898,cdn_33_5_1898,132,4,GP,,right_only,,,,,2607,130.35,194,432,18.91,,,,7825,3039,149.26,2
1898,cdn_33_5_1898,132,5,GP,"DUTIABLE GOODS—Con. > 1 > Iron and steel and manufactures of— Roiled iron or steel sheets, No. 17 gauge and thinner, N.O.P.— Total... > Ontario..... Quebec..... Nova Scotia.... N. Brunswick... B. Columbia.... P. E. Island....",joined_weak,position,,,,220,11.0,555,961,42.05,,,,706,1181,53.05,2
1898,cdn_33_5_1898,132,7,GP,,right_only,,,,,,,203,685,179.82,,,,203,685,179.82,2
1898,cdn_33_5_1898,132,9,GP,,right_only,,,,,1582,474.6,,,,,,,430,1582,474.6,2
1898,cdn_33_5_1898,132,10,GP,,right_only,,,,,2203,660.9,,,,,,,661,2203,660.9,2
1898,cdn_33_5_1898,132,11,GP,,right_only,,,,,111,33.3,203,685,179.82,,,,240,796,213.12,2
1898,cdn_33_5_1898,132,12,GP,,right_only,,,,,19,5.7,,,,,,,7.19,5.7,,-1
1898,cdn_33_5_1898,132,13,GP,Total..... > Ontario..... Quebec..... Nova Scotia.... N. Brunswick... B. Columbia....,joined_weak,position,,,,143,42.9,,,,,,,39,143,42.9,2
1898,cdn_33_5_1898,132,15,GP,,right_only,,,,,768,230.4,,,,,,,,768,230.4,2
1898,cdn_33_5_1898,132,16,GP,,right_only,,,,,1908,572.4,,,,,,,,1908,572.4,2
1898,cdn_33_5_1898,132,17,GP,,right_only,,,,,483,144.9,,,,,,,,483,144.9,2
1898,cdn_33_5_1898,132,22,GP,,right_only,,,,,2,0.7,2310,457,139.94,,,,2330,459,140.64,2
1898,cdn_33_5_1898,132,23,GP,,right_only,,,,,10043,3515.2,,,,,,,103041,10043,3515.2,2
1898,cdn_33_5_1898,132,24,GP,,right_only,,,,,7737,2708.1,1116,308,94.34,,,,82426,8045,2802.44,2
1898,cdn_33_5_1898,132,25,GP,,right_only,,,,,402,140.7,50,3,0.92,,,,4073,405,141.62,2
1898,cdn_33_5_1898,132,26,GP,,right_only,,,,,301,105.35,25,7,2.16,,,,3170,308,107.51,2
1898,cdn_33_5_1898,132,27,GP,,right_only,,,,,655,229.25,313.85,25.97,3753,,,,740,255.22,,-1
1898,cdn_33_5_1898,132,28,GP,,right_only,,,,,24,8.4,,,,,,,79.24,8.4,,-1
1898,cdn_33_5_1898,132,29,GP,,right_only,,,,,876,306.6,806.54,16.55,11424,,,,930,323.15,,-1
1898,cdn_33_5_1898,132,30,GP,,right_only,,,,,7,2.45,,,,,,,17,7,2.45,2
1898,cdn_33_5_1898,132,31,GP,,right_only,,,,,43,15.05,,,,,,,429.43,15.05,,-1
1898,cdn_33_5_1898,132,33,GP,,right_only,,,,,97,29.1,,2822,740.36,,,,,2919,769.46,2
1898,cdn_33_5_1898,132,34,GP,,right_only,,,,,26,7.8,,,,,,,,26,7.8,2
1898,cdn_33_5_1898,132,35,GP,,right_only,,,,,17,5.1,,209,54.9,,,,,226,60.0,2
1898,cdn_33_5_1898,132,36,GP,,right_only,,,,,180,54.0,,546,143.4,,,,,726,197.4,2
1898,cdn_33_5_1898,132,37,GP,,right_only,,,,,1178,353.4,,400,105.0,,,,,1578,458.4,2
1898,cdn_33_5_1898,132,38,GP,,right_only,,,,,1,0.3,,,,,,,,1,0.3,2
1898,cdn_33_5_1898,133,0,GP,"DUTIABLE GOODS—Con. > 1 Iron and steel and manufactures of— Scales, balances, weighing beams and strength testing machines— Total.....",left_only,,,,8,,,,,,,,,,,,
1898,cdn_33_5_1898,133,1,GP,,left_only,,,,15644,,,,,,,,,,,,
1898,cdn_33_5_1898,133,2,GP,,left_only,,,,8510,,,,,,,,,,,,
1898,cdn_33_5_1898,133,12,GP,,joined_weak,position,,124289,48103,42,14.7,33.69,21.13,87,,,,111,35.83,2,-2
1898,cdn_33_5_1898,133,13,GP,,joined_weak,position,,14823,8502,,,48,25,7.66,,,,48.25,7.66,,-1
1898,cdn_33_5_1898,133,16,GP,Total.....,left_only,,,32360,12233,,,,,,,,,,,,
1898,cdn_33_5_1898,133,17,GP,,left_only,,,106033,43906,,,,,,,,,,,,
1898,cdn_33_5_1898,133,18,GP,,left_only,,,304,95,,,,,,,,,,,,
1898,cdn_33_5_1898,133,19,GP,,left_only,,,50,64,,,,,,,,,,,,
1898,cdn_33_5_1898,133,20,GP,,left_only,,,348,314,,,,,,,,,,,,
1898,cdn_33_5_1898,133,21,GP,,left_only,,,152,134,,,,,,,,,,,,
1898,cdn_33_5_1898,133,24,GP,,joined_weak,position,,,304,95,33.25,,,,,,,304.95,33.25,,-1
1898,cdn_33_5_1898,133,25,GP,,joined_weak,position,,,50,64,21.5,,,,,,,50.64,21.5,,-1
1898,cdn_33_5_1898,133,26,GP,,joined_weak,position,,,346,277,96.75,2.37,11.33,348,,,,314,108.08,,-1
1898,cdn_33_5_1898,133,28,GP,"3 .. Skelp iron or steel, sheared or rolled in grooves, imported by manufac- turers of wrought iron or steel pipe for use only in the manufac- ture of wrought iron or steel pipe in their own factories.....",left_only,,,139247,56746,,,,,,,,,,,,
1898,cdn_33_5_1898,133,29,GP,Cwt.,left_only,,,7,19,,,,,,,,,,,,
1898,cdn_33_5_1898,133,30,GP,,joined_weak,position,,148947,138033,9402,3290.5,68965,28397,8696.59,,,,85683,37799,11987.09,2
1898,cdn_33_5_1898,133,33,GP,Total.....,left_only,,,148947,138033,,,,,,,,,,,,
1898,cdn_33_5_1898,133,34,GP,,joined_weak,position,,7,19,138033,6901.65,,,,,,,148947,138033,6901.65,2
1898,cdn_33_5_1898,133,37,GP,,left_only,,,,138052,,,,,,,,,,,,
1898,cdn_33_5_1898,135,0,GP,"DUTIABLE GOODS—Con. > 1 Iron and steel and manufactures of— Tubes of rolled steel, seamless, not joined or welded, not more than 1½ inches in diameter..... > Great Britain.....",left_only,,33586,407,,,,,,,,,,,,,
1898,cdn_33_5_1898,135,1,GP,"1 Iron and steel and manufactures of— Tubes of rolled steel, seamless, not joined or welded, not more than 1½ inches in diameter..... > United States.....",joined_weak,position,237635,14729,239635,14779,1477.9,33586,407,35.62,,,,,,,0
1898,cdn_33_5_1898,135,16,GP,"3 „ Tubing, wrought iron or steel, plain or galvanized, threaded and coupled or not, over 2 inches in diameter, N.E.S..... > Nova Scotia.....",joined_weak,position,61870,2970,62143,2166,327.5,5127,108,14.18,,,,57270,2274,341.68,2
1898,cdn_33_5_1898,135,23,GP,"4 „ Tubing, wrought iron or steel, plain or galvanized, threaded and coupled or not, 2 inches or less in diameter, N.E.S..... > Germany.....",joined_weak,position,,,10020,183,64.05,66054,1243,380.67,,,,76374,1426,444.72,2
1898,cdn_33_5_1898,136,0,GP,"DUTIABLE GOODS—Con. > 1 Iron and steel and manufactures of— Other iron or steel tubes or pipes, N.O.P. .... > Great Britain.....",left_only,,500,42,,,,,,,,,,,,,
1898,cdn_33_5_1898,136,1,GP,United States.....,joined_weak,position,644889,20762,644789,20758,6231.75,500.42,11.03,644789,,,,20758,6231.75,1,-2
1898,cdn_33_5_1898,136,3,GP,Quebec.....,joined_weak,position,204616,4203,204516,4199,1259.7,,,,,,,294516,4199,1259.7,2
1898,cdn_33_5_1898,136,4,GP,Nova Scotia.....,joined_weak,position,3365,245,2855,203,65.4,500.42,11.03,3365,,,,245,76.43,,-1
1898,cdn_33_5_1898,136,9,GP,,joined_weak,position,645389,20804,644789,20758,6231.75,500.42,11.03,645289,,,,20800,6242.78,,-1
1898,cdn_33_5_1898,137,28,GP,"4 "" Barbed wire; and galvanized wire for fencing, Nos. 9, 12, and 13 gauge. > Great Britain—",joined_weak,position,,48,,28625,4294.3,1300,48,6.3,,,,1300.48,6.3,,-1
1898,cdn_33_5_1898,137,29,GP,United States.....,joined_weak,position,1964112,30952,,,,,,,,,,1813071,28625,4294.3,-2
1898,cdn_33_5_1898,137,32,GP,Nova Scotia.....,joined_weak,position,3408,286,2108,238,35.7,1300.48,6.3,3408,,,,286,42.0,,-1
1898,cdn_33_5_1898,137,38,GP,,joined_weak,position,1965412,31000,1813071,28625,4294.3,1300.48,6.3,1814371,,,,28673,4300.6,,-1
1898,cdn_33_5_1898,138,5,GP,"1 Iron and steel and manufactures of— Wire fencing, woven, buckthorn strip, and wire fencing of iron or steel, N.E.S.— > B. Columbia",joined_weak,position,4273,95,4273,95,14.25,,,,,,,4273.95,14.25,,-1
1898,cdn_33_5_1898,138,17,GP,"Manitoba > 2 "" Wire, single or several, covered with cotton, linen, silk, rubber or other material, &c., N.E.S.",joined_weak,position,7852,1148,7730,1093,328.0,122.55,14.43,7852,,,,1148,342.43,,-1
1898,cdn_33_5_1898,138,33,GP,"4 "" Wire rope, stranded or twisted wire, clothes lines, picture or other twisted wire and wire cables, N.E.S. > P. E. Island",joined_weak,position,4009,77,4009,77,15.4,,,,,,,4009.77,15.4,,-1
1898,cdn_33_5_1898,138,35,GP,"4 "" Wire rope, stranded or twisted wire, clothes lines, picture or other twisted wire and wire cables, N.E.S.",joined_weak,position,6058509,127735,4690712,101360,20272.0,1365947,25993,4547.98,,,,6056559,127353,24819.98,2
1898,cdn_33_5_1898,138,37,GP,"4 "" Wire rope, stranded or twisted wire, clothes lines, picture or other twisted wire and wire cables, N.E.S. > Germany",joined_weak,position,940,96,,,,940.96,21.0,940.96,,,,21.0,,,0
1898,cdn_33_5_1898,139,0,GP,,right_only,,,,,8902,2225.5,27700,1453,317.86,,,,189220,10355,2543.36,2
1898,cdn_33_5_1898,139,1,GP,,right_only,,,,,1997,499.25,95877,5961,1304.05,,,,117509,7958,1803.3,2
1898,cdn_33_5_1898,139,2,GP,,right_only,,,,,7707,1926.75,167780,12824,2805.34,,,,246374,20531,4732.09,2
1898,cdn_33_5_1898,139,3,GP,,right_only,,,,,1308,327.0,23965,1293,282.85,,,,66927,2601,609.85,2
1898,cdn_33_5_1898,139,4,GP,,right_only,,,,,153,39.5,4890,339,74.16,,,,7099,497,113.66,0
1898,cdn_33_5_1898,139,5,GP,,right_only,,,,,9730,2432.5,80817,5393,1180.63,,,,214125,15123,3613.13,2
1898,cdn_33_5_1898,139,6,GP,,right_only,,,,,1623,407.0,,,,,,,13820,1628,407.0,0
1898,cdn_33_5_1898,139,7,GP,,right_only,,,,,31430,7857.5,401029,27263,5964.89,,,,855074,58693,13822.39,2
1898,cdn_33_5_1898,139,8,GP,,right_only,,,,,145,68.58,57966,1933,805.61,,,,62264,2078,874.19,2
1898,cdn_33_5_1898,139,9,GP,,right_only,,,,,,,400.3,6.6,400.3,,,,6.6,,,0
1898,cdn_33_5_1898,139,10,GP,,right_only,,,,,66883,31536.34,,,,,,,1975216,66883,31536.34,2
1898,cdn_33_5_1898,139,11,GP,,right_only,,,,,43322,20329.7,2720,327,86.79,,,,1269170,43649,20416.49,2
1898,cdn_33_5_1898,139,12,GP,,right_only,,,,,7675,3838.27,613.34,11.47,256549,,,,7709,3849.74,,-1
1898,cdn_33_5_1898,139,13,GP,,right_only,,,,,1800,763.43,29186,817,371.66,,,,70888,2617,1135.09,2
1898,cdn_33_5_1898,139,14,GP,,right_only,,,,,2699,1189.73,24808,735,323.59,,,,93451,3434,1513.32,2
1898,cdn_33_5_1898,139,15,GP,,right_only,,,,,1955,1042.54,,,,,,,73859,1955,1042.54,2
1898,cdn_33_5_1898,139,16,GP,,right_only,,,,,9350,4339.79,1039.5,18.7,268009,,,,9400,4358.49,,-1
1898,cdn_33_5_1898,139,17,GP,,right_only,,,,,14,10.83,,,,,,,977.14,10.83,,-1
1898,cdn_33_5_1898,139,18,GP,,right_only,,,,,213,90.63,,,,,,,4977,213,90.63,2
1898,cdn_33_5_1898,139,19,GP,,right_only,,,,,67028,31604.92,58366,1963,812.21,,,,2037880,68991,32417.13,2
1898,cdn_33_5_1898,139,20,GP,,right_only,,,,,2125,144.8,120589,75272,5275.82,,,,123485,77397,5420.62,2
1898,cdn_33_5_1898,139,21,GP,,right_only,,,,,4443,793.5,,,,,,,16308,4443,793.5,2
1898,cdn_33_5_1898,139,22,GP,,right_only,,,,,278,29.11,,,,,,,183,278,29.11,2
1898,cdn_33_5_1898,139,23,GP,,right_only,,,,,371,40.85,,,,,,,817,371,40.85,2
1898,cdn_33_5_1898,139,24,GP,,right_only,,,,,451139,41729.25,,,,,,,834585,451139,41729.25,2
1898,cdn_33_5_1898,139,25,GP,,right_only,,,,,130732,11243.7,,,,,,,224874,130732,11243.7,2
1898,cdn_33_5_1898,139,26,GP,,right_only,,,,,292811,27872.15,114638,71024,5015.43,,,,672081,363835,32887.58,2
1898,cdn_33_5_1898,139,27,GP,,right_only,,,,,1540,293.06,41.14,1.79,5947,,,,1554,294.85,,-1
1898,cdn_33_5_1898,139,28,GP,,right_only,,,,,33257,3320.6,5910,4234,258.6,,,,72316,37491,3579.2,2
1898,cdn_33_5_1898,139,29,GP,,right_only,,,,,16,8.0,,,,,,,160.16,8.0,,-1
1898,cdn_33_5_1898,139,30,GP,,right_only,,,,,458356,42737.51,120589,75272,5275.82,,,,975378,533628,48013.33,2
1898,cdn_33_5_1898,140,0,GP,DUTIABLE GOODS—Con.,left_only,,,8,,,,,,,,,,,,,
1898,cdn_33_5_1898,142,0,GP,,right_only,,,,,71238,7123.8,617,698,61.07,,,,617,71238,7123.8,-2
1898,cdn_33_5_1898,142,1,GP,,right_only,,,,,22560,2256.0,,,,,,,26034,22560,2256.0,2
1898,cdn_33_5_1898,142,2,GP,,right_only,,,,,47525,4752.5,617,698,61.07,,,,48688,48223,4813.57,2
1898,cdn_33_5_1898,142,3,GP,,right_only,,,,,510,51.0,,,,,,,478,510,51.0,2
1898,cdn_33_5_1898,142,4,GP,,right_only,,,,,38,3.8,,,,,,,35.38,3.8,,-1
1898,cdn_33_5_1898,142,5,GP,,right_only,,,,,380,38.0,,,,,,,277,380,38.0,2
1898,cdn_33_5_1898,142,6,GP,,right_only,,,,,225,22.5,,,,,,,156,225,22.5,2
1898,cdn_33_5_1898,142,8,GP,,right_only,,,,,3701,185.3,28978,107228,4691.35,,,,29951,110929,4876.65,2
1898,cdn_33_5_1898,142,9,GP,,right_only,,,,,71,3.55,11,116,5.05,,,,14,187,8.6,2
1898,cdn_33_5_1898,142,10,GP,,right_only,,,,,138916,6960.7,,,,,,,43814,138916,6960.7,2
1898,cdn_33_5_1898,142,11,GP,,right_only,,,,,68841,3446.3,10517,40266,1761.7,,,,36174,109107,5208.0,2
1898,cdn_33_5_1898,142,12,GP,,right_only,,,,,34156,1707.8,5474,30881,1351.01,,,,13054,65037,3058.81,2
1898,cdn_33_5_1898,142,13,GP,,right_only,,,,,5358,278.55,407,2953,129.23,,,,3903,8311,407.78,2
1898,cdn_33_5_1898,142,14,GP,,right_only,,,,,7317,365.85,144,810,35.45,,,,1929,8127,401.3,2
1898,cdn_33_5_1898,142,15,GP,Total ..... > Ontario..... Quebec..... Nova Scotia..... N. Brunswick..... Manitoba..... B. Columbia.....,joined_weak,position,,,,7750,387.5,2655,21695,949.17,,,,4532,29445,1336.67,2
1898,cdn_33_5_1898,142,16,GP,"2 > "" Steel in bars, bands, hoops, scroll or trips, sheets or plates, of any size, thickness or width when of greater value than 2½c. per lb., N.O.P.... > Great Britain..... Germany..... United States.....",joined_weak,position,,,,18798,940.15,9792,10739,469.84,,,,14068,29537,1409.99,2
1898,cdn_33_5_1898,142,17,GP,,right_only,,,,,87,4.35,,,,,,,15.87,4.35,,-1
1898,cdn_33_5_1898,142,18,GP,Total ..... > Ontario..... Quebec..... Nova Scotia..... N. Brunswick..... Manitoba..... B. Columbia..... P. E. Island..... N. W. Ter.....,joined_weak,position,,,,381,19.05,,,,,,,104,381,19.05,2
1898,cdn_33_5_1898,142,20,GP,,right_only,,,,,416,41.6,,3011,263.59,,,,,3427,305.19,2
1898,cdn_33_5_1898,142,21,GP,,right_only,,,,,16,1.6,,,,,,,,16,1.6,2
1898,cdn_33_5_1898,142,22,GP,,right_only,,,,,124,12.4,,75,6.55,,,,,199,18.96,2
1898,cdn_33_5_1898,142,23,GP,,right_only,,,,,734,73.4,,964,84.35,,,,,1698,157.75,2
1898,cdn_33_5_1898,142,24,GP,,right_only,,,,,2.2,,,,,,,,2,0.2,,-1
1898,cdn_33_5_1898,142,25,GP,,right_only,,,,,16053,1605.35,,,,,,,,16053,1605.35,2
1898,cdn_33_5_1898,142,26,GP,,right_only,,,,,10208,1020.8,,1608,140.75,,,,,11816,1161.55,2
1898,cdn_33_5_1898,142,27,GP,,right_only,,,,,5784,578.4,,2152,188.33,,,,,7936,766.73,2
1898,cdn_33_5_1898,142,28,GP,,right_only,,,,,326,32.65,,102,8.96,,,,,428,41.61,2
1898,cdn_33_5_1898,142,29,GP,,right_only,,,,,449,44.9,,,,,,,,449,44.9,2
1898,cdn_33_5_1898,142,30,GP,,right_only,,,,,224,22.4,,38,3.33,,,,,262,25.73,2
1898,cdn_33_5_1898,142,31,GP,,right_only,,,,,157,15.7,,150,13.13,,,,,307,28.83,2
1898,cdn_33_5_1898,142,32,GP,,right_only,,,,,23,2.3,,,,,,,,23,2.3,2
1898,cdn_33_5_1898,142,33,GP,,right_only,,,,,174,17.4,,,,,,,,174,17.4,2
1898,cdn_33_5_1898,142,34,GP,,right_only,,,,,17345,1734.55,,4050,354.5,,,,,21395,2089.05,2
1898,cdn_33_5_1898,142,35,GP,,right_only,,,,,268,80.4,,452,118.65,,,,,720,199.05,2
1898,cdn_33_5_1898,142,36,GP,,right_only,,,,,18,5.4,,,,,,,,18,5.4,2
1898,cdn_33_5_1898,143,9,GP,France .....,joined_weak,position,1,5,1,5,1.25,,,,,,,,1,9,-2
1898,cdn_33_5_1898,143,11,GP,,right_only,,,,,,,,,,,,,,,1.25,-1
1898,cdn_33_5_1898,143,39,GP,,right_only,,,,,,,,,,,,,,,19116.0,-1
1898,cdn_33_5_1898,144,0,GP,DUTTABLE GOODS—Con. > 1 Iron and steel and manufactures of— Tools and implements— Files and rasps— > Total .....,left_only,,,,,,,,,,,,,,,,
1898,cdn_33_5_1898,144,1,GP,,left_only,,,,,,,,,,,,,,,,
1898,cdn_33_5_1898,145,18,GP,"3 Jellies, jams and preserves, N.E.S..... > B. W. Indies.....",joined_weak,position,573,58,573,58,18.62,,,,,,,573.58,18.62,,-1
1898,cdn_33_5_1898,145,21,GP,"3 Jellies, jams and preserves, N.E.S..... > China.....",joined_weak,position,1647,60,1647,60,53.53,,,,,,,1647.6,53.53,,-1
1898,cdn_33_5_1898,145,23,GP,"3 Jellies, jams and preserves, N.E.S..... > Germany.....",left_only,,3396,434,,,,,,,,,,,,,
1898,cdn_33_5_1898,145,31,GP,P. E. Island.....,joined_weak,position,1007,74,17,4,0.55,990,70,28.14,,,,1007.74,28.69,,-1
1898,cdn_33_5_1898,145,32,GP,N. W. Ter.....,joined_weak,position,253,62,253,62,7.62,,,,,,,253.62,7.62,,-1
1898,cdn_33_5_1898,146,20,GP,"3 Lead and manufactures of :— > Cwt. > Cwt. > Old, scrap, pig and block..... > Great Britain.....",joined_weak,position,39578,103052,2684,7339,1100.85,,94049,12344.05,,,,,101388,13444.9,2
1898,cdn_33_5_1898,147,5,GP,Nova Scotia.....,joined_weak,position,2107,66,1707,53,18.55,400,13,3.99,,,,2107.66,22.54,,-1
1898,cdn_33_5_1898,147,8,GP,P. E. Island.....,joined_weak,position,966,61,966,61,21.35,,,,,,,966.61,21.35,,-1
1898,cdn_33_5_1898,147,11,GP,"2 "" Shot and bullets..... > Great Britain.....",joined_weak,position,27354,833,,,,40854,1302,398.72,,,,40854,1302,398.72,2
1898,cdn_33_5_1898,147,15,GP,Manitoba.....,joined_weak,position,3424,130,512,47,16.45,2912.83,25.42,3424,,,,130,41.87,,-1
1898,cdn_33_5_1898,147,18,GP,,joined_weak,position,28881,933,1527,100,35.0,40854,1302,398.72,,,,42331,1402,433.72,2
1898,cdn_33_5_1898,148,0,GP,,right_only,,,,,70301,10545.15,1466,547,71.8,,,,359053,70848,10616.95,2
1898,cdn_33_5_1898,148,1,GP,,right_only,,,,,130518,19577.7,10898,3099,406.75,,,,480306,133617,19984.45,2
1898,cdn_33_5_1898,148,2,GP,,right_only,,,,,641,96.15,320,195,25.6,,,,4825,836,121.75,2
1898,cdn_33_5_1898,148,3,GP,,right_only,,,,,547,82.05,,,,,,,2894,547,82.05,2
1898,cdn_33_5_1898,148,4,GP,,right_only,,,,,162,24.3,,,,,,,600,162,24.3,2
1898,cdn_33_5_1898,148,5,GP,,right_only,,,,,21400,3210.0,200.45,5.91,108957,,,,21445,3215.91,,-1
1898,cdn_33_5_1898,148,6,GP,,right_only,,,,,,,107,39,5.12,,,,107.39,5.12,,-1
1898,cdn_33_5_1898,148,7,GP,"DUTIABLE GOODS—Con. > 1 Leather and manufactures of— Sole leather, all kinds— Total..... > Ontario..... Quebec..... Nova Scotia.... N. Brunswick... Manitoba..... B. Columbia.... P. E. Island.... N. W. Ter.....",joined_weak,position,,,,117,17.55,,,,,,,488,117,17.55,2
1898,cdn_33_5_1898,148,9,GP,,right_only,,,,,531,79.65,157219,46359,6084.66,,,,159064,46890,6164.31,2
1898,cdn_33_5_1898,148,10,GP,,right_only,,,,,9474,1422.95,,,,,,,30797,9474,1422.95,2
1898,cdn_33_5_1898,148,11,GP,,right_only,,,,,1507,226.05,,,,,,,6284,1507,226.05,2
1898,cdn_33_5_1898,148,12,GP,,right_only,,,,,7386,1107.9,157219,46359,6084.66,,,,180474,53745,7192.56,2
1898,cdn_33_5_1898,148,13,GP,"2 „ Leather, belting leather of all kinds > Great Britain..... United States. ....",joined_weak,position,,,,133,19.95,,,,,,,526,133,19.95,2
1898,cdn_33_5_1898,148,14,GP,Total..... > Ontario..... Quebec..... Nova Scotia.... N. Brunswick... B. Columbia....,joined_weak,position,,,,897,136.4,,,,,,,2234,897,136.4,2
1898,cdn_33_5_1898,148,15,GP,,right_only,,,,,82,12.3,,,,,,,343.82,12.3,,-1
1898,cdn_33_5_1898,148,17,GP,,right_only,,,,,224,33.6,639,258,33.87,,,,792,482,67.47,2
1898,cdn_33_5_1898,148,18,GP,,right_only,,,,,53,7.95,,,,,,,212.53,7.95,,-1
1898,cdn_33_5_1898,148,19,GP,,right_only,,,,,921,140.6,,,,,,,2936,921,140.6,2
1898,cdn_33_5_1898,148,20,GP,,right_only,,,,,58,8.7,639,258,33.87,,,,889,316,42.57,2
1898,cdn_33_5_1898,148,21,GP,,right_only,,,,,564,84.6,,,,,,,1614,564,84.6,2
1898,cdn_33_5_1898,148,22,GP,"3 „ Upper leather, not dressed, waxed or glazed..... > Great Britain..... Danish W. Indies... United States. ....",joined_weak,position,,,,208,33.0,,,,,,,370,208,33.0,2
1898,cdn_33_5_1898,148,23,GP,Total..... > Ontario..... Nova Scotia.... N. Brunswick... B. Columbia....,joined_weak,position,,,,368,55.85,,,,,,,1067,368,55.85,2
1898,cdn_33_5_1898,148,25,GP,,right_only,,,,,204,30.6,,,,,,,1318,204,30.6,2
1898,cdn_33_5_1898,148,26,GP,,right_only,,,,,1910,286.5,,,,,,,4908,1910,286.5,2
1898,cdn_33_5_1898,148,27,GP,,right_only,,,,,1215,182.25,,,,,,,3833,1215,182.25,2
1898,cdn_33_5_1898,148,28,GP,,right_only,,,,,575,86.25,,,,,,,1504,575,86.25,2
1898,cdn_33_5_1898,148,29,GP,"4 „ Calf, kid or goat, lamb and sheep skins, tanned..... > Great Britain..... United States.....",joined_weak,position,,,,118,17.7,,,,,,,74,118,17.7,2
1898,cdn_33_5_1898,148,30,GP,Total..... > Ontario..... Quebec..... Nova Scotia.... N. Brunswick... B. Columbia....,joined_weak,position,,,,169,25.35,,,,,,,788,169,25.35,2
1898,cdn_33_5_1898,148,31,GP,,right_only,,,,,37,5.55,,,,,,,27.37,5.55,,-1
1898,cdn_33_5_1898,148,33,GP,,right_only,,,,,745,130.37,23479,16990,2601.65,,,,24901,17735,2732.02,2
1898,cdn_33_5_1898,148,34,GP,,right_only,,,,,4220,738.5,34805,20275,3102.34,,,,40355,24495,3840.84,2
1898,cdn_33_5_1898,148,35,GP,,right_only,,,,,445,77.87,1869,1390,214.1,,,,1972,1835,291.97,2
1898,cdn_33_5_1898,148,36,GP,,right_only,,,,,339468,59408.18,,,,,,,424418,339468,59408.18,2
1898,cdn_33_5_1898,148,37,GP,,right_only,,,,,70507,12341.35,49017,29179,4467.0,,,,167069,99686,16808.35,2
1898,cdn_33_5_1898,148,38,GP,,right_only,,,,,265653,46489.28,8070,8346,1278.04,,,,277765,273999,47767.32,2
1898,cdn_33_5_1898,148,39,GP,,right_only,,,,,1129,197.6,70.34,5.22,2561,,,,1163,202.82,,-1
1898,cdn_33_5_1898,148,40,GP,"5 „ glazed „ dressed, waxed or glazed..... > Great Britain..... France..... Germany..... United States.....",joined_weak,position,,,,2553,445.49,,,,,,,22163,2553,445.49,2
1898,cdn_33_5_1898,148,41,GP,,right_only,,,,,29,5.08,,,,,,,20.29,5.08,,-1
1898,cdn_33_5_1898,148,42,GP,Total..... > Ontario..... Quebec..... Nova Scotia.... N. Brunswick... Manitoba..... B. Columbia.... N. W. Ter.....,joined_weak,position,,,,4960,867.9,2988,1090,166.91,,,,22018,6050,1034.81,2
1898,cdn_33_5_1898,148,43,GP,,right_only,,,,,47,8.22,8,6,0.92,,,,50.53,9.14,,-1
1898,cdn_33_5_1898,149,14,GP,P. E. Island....,joined_weak,position,112,74,,,,112,74,11.33,,,,112.74,11.33,,-1
1898,cdn_33_5_1898,149,27,GP,N. Brunswick...,joined_weak,position,747,503,659,415,72.62,88.88,13.51,747,,,,503,86.13,,-1
1898,cdn_33_5_1898,149,30,GP,P. E. Island....,joined_weak,position,226,146,132,103,18.03,94.43,6.6,226,,,,146,24.63,,-1
1898,cdn_33_5_1898,150,0,GP,,right_only,,,,,1581,395.25,1190,905,197.97,,,,6174,2486,593.22,2
1898,cdn_33_5_1898,150,1,GP,,right_only,,,,,5775,1443.75,12570,15946,3488.2,,,,17442,21721,4931.95,2
1898,cdn_33_5_1898,150,2,GP,,right_only,,,,,44,11.0,,,,,,,20.44,11.0,,-1
1898,cdn_33_5_1898,150,3,GP,,right_only,,,,,154,38.5,,,,,,,1022,154,38.5,2
1898,cdn_33_5_1898,150,4,GP,"DUTIABLE GOODS—Con. > 1 Leather and manufactures of— Japanned, patent or enamelled leather and morocco leather— Total..... > Ontario..... Quebec..... Nova Scotia..... N. Brunswick..... P. E. Island.....",joined_weak,position,,,,5,1.25,3,3,0.66,,,,7,8,1.9100000000000001,2
1898,cdn_33_5_1898,150,6,GP,"2 "" Skins for Morocco leather, tanned, but not further manufactured.... > Great Britain..... United States.....",joined_weak,position,1026.94,382.64,94,,,1026,382,50.15,,,,1026,382,50.15,2
1898,cdn_33_5_1898,150,7,GP,,right_only,,,,,64,9.6,,,,,,,94.64,9.6,,-1
1898,cdn_33_5_1898,150,8,GP,Total..... > Ontario..... Quebec.....,joined_weak,position,1026.94,382.64,94,,,1026,382,50.15,,,,1026,382,50.15,2
1898,cdn_33_5_1898,150,9,GP,,right_only,,,,,64,9.6,,,,,,,94.64,9.6,,-1
1898,cdn_33_5_1898,150,11,GP,,right_only,,,,,928,139.2,5276,2072,272.16,,,,8935,3000,411.36,2
1898,cdn_33_5_1898,150,12,GP,,right_only,,,,,,,450,583,76.52,,,,450,583,76.52,2
1898,cdn_33_5_1898,150,13,GP,,right_only,,,,,6013,903.19,,,,,,,20599,6013,903.19,2
1898,cdn_33_5_1898,150,14,GP,,right_only,,,,,3278,492.85,2617,953,125.29,,,,14945,4231,618.14,2
1898,cdn_33_5_1898,150,15,GP,,right_only,,,,,697,104.55,3092,1695,222.47,,,,5060,2392,327.02,2
1898,cdn_33_5_1898,150,16,GP,,right_only,,,,,205,30.75,14,6,0.79,,,,368,211,31.54,2
1898,cdn_33_5_1898,150,17,GP,,right_only,,,,,110,16.5,3,1,0.13,,,,431,111,16.63,2
1898,cdn_33_5_1898,150,18,GP,,right_only,,,,,148,22.2,,,,,,,540,148,22.2,2
1898,cdn_33_5_1898,150,19,GP,""" All other leather and skins, N.O.P. > Great Britain..... Germany..... United States.....",joined_weak,position,,,,357,53.64,,,,,,,1123,357,53.64,2
1898,cdn_33_5_1898,150,20,GP,Total..... > Ontario..... Quebec..... Nova Scotia..... N. Brunswick..... Manitoba..... B. Columbia..... N. W. Ter.....,joined_weak,position,,,,2146,321.9,,,,,,,7517,2146,321.9,2
1898,cdn_33_5_1898,150,22,GP,,right_only,,,,,365,63.88,5107,2657,410.55,,,,5357,3022,474.43,2
1898,cdn_33_5_1898,150,23,GP,,right_only,,,,,21445,3752.86,,,,,,,59866,21445,3752.86,2
1898,cdn_33_5_1898,150,24,GP,,right_only,,,,,5848,1023.4,10.13,5.67,30080,,,,5861,1029.07,,-1
1898,cdn_33_5_1898,150,25,GP,,right_only,,,,,13513,2364.78,4635,2502,383.13,,,,32225,16015,2747.91,2
1898,cdn_33_5_1898,150,26,GP,,right_only,,,,,2108,368.88,12,8,1.23,,,,1501,2116,370.11,2
1898,cdn_33_5_1898,150,27,GP,"4 "" "" dressed, waxed or glazed, &c., N.E.S..... > Great Britain..... United States.....",joined_weak,position,,,,85,14.88,450,134,20.52,,,,715,219,35.4,2
1898,cdn_33_5_1898,150,28,GP,Total..... > Ontario..... Quebec..... Nova Scotia..... N. Brunswick..... Manitoba.....,joined_weak,position,,,,256,44.8,,,,,,,702,256,44.8,2
1898,cdn_33_5_1898,150,30,GP,,right_only,,,,,2291,572.75,,13611,2980.39,,,,,15902,3553.14,2
1898,cdn_33_5_1898,150,31,GP,,right_only,,,,,2,0.5,,,,,,,,2,0.5,2
1898,cdn_33_5_1898,150,32,GP,,right_only,,,,,59,14.75,,,,,,,,59,14.75,2
1898,cdn_33_5_1898,150,33,GP,,right_only,,,,,174,43.5,,,,,,,,174,43.5,2
1898,cdn_33_5_1898,150,34,GP,,right_only,,,,,14,3.5,,,,,,,,14,3.5,2
1898,cdn_33_5_1898,150,35,GP,,right_only,,,,,2633,658.25,,,,,,,,2633,658.25,2
1898,cdn_33_5_1898,150,36,GP,,right_only,,,,,98,24.5,,,,,,,,98,24.5,2
1898,cdn_33_5_1898,150,37,GP,,right_only,,,,,133,33.25,,1005,219.93,,,,,1138,253.18,2
1898,cdn_33_5_1898,150,38,GP,,right_only,,,,,21,5.25,,,,,,,,21,5.25,2
1898,cdn_33_5_1898,150,39,GP,,right_only,,,,,80,20.0,,69,15.2,,,,,149,35.2,2
1898,cdn_33_5_1898,150,40,GP,,right_only,,,,,21,5.25,,,,,,,,21,5.25,2
1898,cdn_33_5_1898,150,41,GP,,right_only,,,,,400,100.0,,,,,,,,400,100.0,2
1898,cdn_33_5_1898,152,18,GP,"3 Lime juice, and fruit juices, fortified with or containing not more than twenty-five per cent of proof spirits .. > Great Britain.....",joined_weak,position,,203,,282,126.2,9,7,4.73,,,,219,289,130.93,2
1898,cdn_33_5_1898,152,23,GP,"3 Lime juice, and fruit juices, fortified with or containing not more than twenty-five per cent of proof spirits .. > Manitoba.....",joined_weak,position,50,55,50,55,30.0,,,,,,,50.55,30.0,,-1
1898,cdn_33_5_1898,152,26,GP,"4 Lime juice, and fruit juices, containing more than twenty-five per cent of proof spirits ..... > United States— > Quebec.....",joined_weak,position,10,50,10,50,21.0,,,,,,,10.5,21.0,4,-2
1898,cdn_33_5_1898,152,29,GP,,joined_weak,position,12,76,12,76,26.68,,,,,,,12.76,26.68,,-1
1898,cdn_33_5_1898,152,33,GP,"5 Lime juice and other fruit syrups and fruit juices, N.O.P. .... > Italy.....",left_only,,24,19,,,,,,,,,,,,,
1898,cdn_33_5_1898,157,0,GP,,right_only,,,,,1056,105.6,,,,,,,,1056,105.6,2
1898,cdn_33_5_1898,157,1,GP,,right_only,,,,,407,40.7,,,,,,,,407,40.7,2
1898,cdn_33_5_1898,157,28,GP,,right_only,,,,,925,277.5,,,,,,,,925,277.5,2
1898,cdn_33_5_1898,157,29,GP,,right_only,,,,,5,1.5,,,,,,,,5,1.5,2
1898,cdn_33_5_1898,157,30,GP,,right_only,,,,,10,3.0,,,,,,,,10,3.0,2
1898,cdn_33_5_1898,159,4,GP,"1 Metal, N.E.S., and manufactures of— Lamps, slide lights and head lights, lanterns and chandeliers.....",joined_weak,position,,,2049,1.3,,1128,296.1,,,,,1129,296.4,,-1
1898,cdn_33_5_1898,159,19,GP,Germany.....,joined_weak,position,,,202,2.6,,200,52.5,,,,,202,53.1,,-1
1898,cdn_33_5_1898,161,0,GP,,right_only,,,,,47,11.84,,,,,,,789.47,11.84,1,-2
1898,cdn_33_5_1898,161,1,GP,,right_only,,,,,40,9.12,,,,,,,608.4,9.12,,-1
1898,cdn_33_5_1898,161,2,GP,,right_only,,,,,87,20.96,,,,,,,1397.87,20.96,,-1
1898,cdn_33_5_1898,161,3,GP,,right_only,,,,,1987,397.4,,15075,2638.17,,,,,17062,3035.57,2
1898,cdn_33_5_1898,161,4,GP,,right_only,,,,,47274,9454.76,,,,,,,,47274,9454.76,2
1898,cdn_33_5_1898,161,5,GP,,right_only,,,,,28320,5664.0,,14861,2600.72,,,,,43181,8264.72,2
1898,cdn_33_5_1898,161,6,GP,,right_only,,,,,9910,1982.0,,88,15.4,,,,,9998,1997.4,2
1898,cdn_33_5_1898,161,7,GP,,right_only,,,,,725,144.96,,,,,,,,725,144.96,2
1898,cdn_33_5_1898,161,8,GP,,right_only,,,,,910,182.0,,,,,,,,910,182.0,2
1898,cdn_33_5_1898,161,14,GP,,right_only,,,,,,,,67,5.87,,,,,67,5.87,2
1898,cdn_33_5_1898,161,15,GP,,right_only,,,,,4472,447.2,,,,,,,,4472,447.2,2
1898,cdn_33_5_1898,161,16,GP,,right_only,,,,,1985,198.5,,,,,,,,1985,198.5,2
1898,cdn_33_5_1898,161,17,GP,,right_only,,,,,2117,211.7,,67,5.87,,,,,2184,217.57,2
1898,cdn_33_5_1898,161,18,GP,,right_only,,,,,9,0.9,,,,,,,,9,0.9,2
1898,cdn_33_5_1898,161,22,GP,,right_only,,,,,11,3.3,,,,,,,,11,3.3,2
1898,cdn_33_5_1898,161,23,GP,,right_only,,,,,,,,254,66.65,,,,,254,66.65,2
1898,cdn_33_5_1898,161,24,GP,,right_only,,,,,,,,299,78.5,,,,,299,78.5,2
1898,cdn_33_5_1898,161,25,GP,,right_only,,,,,14,4.2,,,,,,,,14,4.2,2
1898,cdn_33_5_1898,161,26,GP,,right_only,,,,,609,182.7,,,,,,,,609,182.7,2
1898,cdn_33_5_1898,161,27,GP,,right_only,,,,,556,166.8,,553,145.15,,,,,1109,311.95,2
1898,cdn_33_5_1898,161,29,GP,,right_only,,,,,18,5.1,,,,,,,,18,5.4,0
1898,cdn_33_5_1898,161,32,GP,,right_only,,,,,,,,,,,,,,,,0
1898,cdn_33_5_1898,161,33,GP,,right_only,,,,,1322,264.4,,,,,,,8353,1322,264.4,2
1898,cdn_33_5_1898,161,34,GP,,right_only,,,,,890,178.0,,,,,,,6217,890,178.0,2
1898,cdn_33_5_1898,161,36,GP,,right_only,,,,,41,8.2,,,,,,,407.41,8.2,,-1
1898,cdn_33_5_1898,161,37,GP,,right_only,,,,,98,19.6,,,,,,,55.98,19.6,,-1
1898,cdn_33_5_1898,161,38,GP,,right_only,,,,,780,156.0,,,,,,,26654,780,156.0,2
1898,cdn_33_5_1898,162,9,GP,Total..... > Nova Scotia.....,joined_weak,position,16648,1311,12167,948,395.41,624.62,17.75,12791,,,,1010,413.16,,-1
1898,cdn_33_5_1898,162,10,GP,Total..... > N. Brunswick.....,joined_weak,position,672,62,432,42,14.04,240,20,6.83,,,,672.62,20.87,,-1
1898,cdn_33_5_1898,162,12,GP,Total..... > B. Columbia.....,joined_weak,position,616439,53085,615636,53346,20008.47,267.2,7.6,615903,,,,53366,20016.07,,-1
1898,cdn_33_5_1898,165,1,GP,Newfoundland.....,left_only,,1,100,,,,,,,,,,,,,
1898,cdn_33_5_1898,165,19,GP,"3 "" Pipe organs..... > United States— > No. > No. > Quebec.....",joined_weak,position,17,1941,16,1680,504.0,,,,,,,,1680,504.0,2
1898,cdn_33_5_1898,166,22,GP,"3 "" Ground..... > France.....",joined_weak,position,26,7,,,,20,5,1.1,,,,20,5,1.1,2
1898,cdn_33_5_1898,166,23,GP,"3 "" Ground..... > Germany.....",joined_weak,position,1520,50,520,11,2.75,1000,39,8.53,,,,1520.5,11.28,,-1
1898,cdn_33_5_1898,166,34,GP,"4 "" French, liquid..... > Great Britain.....",joined_weak,position,,14,,4,1.4,5,10,3.1,,,,6.14,4.5,4,-2
1898,cdn_33_5_1898,167,3,GP,,right_only,,,,,,,3377,759,147.74,,,,,,,0
1898,cdn_33_5_1898,167,4,GP,,right_only,,,,,,,,,,,,,,,,0
1898,cdn_33_5_1898,167,5,GP,"2 "" Products of petroleum, N.E.S. .... > Great Britain..... United States.....",joined_weak,position,,,,15224,7190.55,3377,759,147.74,,,,147188,15983,7338.29,2
1898,cdn_33_5_1898,167,7,GP,,right_only,,,,,58,13.3,,,,,,,533.58,13.3,,-1
1898,cdn_33_5_1898,167,10,GP,Total..... > Ontario..... Quebec..... Nova Scotia..... B. Columbia.....,joined_weak,position,,,,4633,1158.85,1218,425,92.98,,,,16045,5058,1251.83,2
1898,cdn_33_5_1898,168,0,GP,"DUTIABLE GOODS—Con. > 1 > Oils, animal— Neatsfoot .....",joined_weak,position,,130.87,130,87,21.75,,,,,,,130.87,21.75,1,-2
1898,cdn_33_5_1898,168,11,GP,Total..... > Ontario.....,joined_weak,position,519,92,289,53,10.6,230,39,6.83,,,,519.92,17.43,,-1
1898,cdn_33_5_1898,168,30,GP,"4 > "" Cotton seed, crude..... > Great Britain.....",joined_weak,position,2890,949,,,,2980,1012,177.12,,,,2980,1012,177.12,2
1898,cdn_33_5_1898,168,36,GP,"5 > "" "" refined.....",joined_weak,position,,2626,798.4,16,3.2,2685,825,144.38,,,,2725,841,147.58,2
1898,cdn_33_5_1898,169,2,GP,Nova Scotia....,joined_weak,position,277,91,277,91,18.2,,,,,,,277.91,18.2,,-1
1898,cdn_33_5_1898,169,5,GP,B. Columbia....,joined_weak,position,121,65,121,65,13.0,99.43,7.53,220,,,,108,20.53,,-1
1898,cdn_33_5_1898,169,17,GP,N. W. Ter.....,joined_weak,position,190,88,190,88,22.0,,,,,,,190.88,22.0,,-1
1898,cdn_33_5_1898,169,23,GP,,right_only,,,,,,,24,30,5.25,,,,24.3,5.25,,-1
1898,cdn_33_5_1898,169,24,GP,Japan..... > Spain.....,joined_weak,position,75,61,75,61,12.2,,,,,,,75.61,12.2,,-1
1898,cdn_33_5_1898,169,29,GP,Nova Scotia....,joined_weak,position,666,774,656,759,151.8,10.15,2.71,666,,,,774,154.51,,-1
1898,cdn_33_5_1898,169,33,GP,P. E. Island....,joined_weak,position,337,132,213,56,11.2,124.76,13.3,337,,,,132,24.5,,-1
1898,cdn_33_5_1898,169,39,GP,Total..... > Quebec.....,joined_weak,position,1106,673,1012,626,156.5,94.47,10.28,1106,,,,673,166.78,,-1
1898,cdn_33_5_1898,169,44,GP,,joined_weak,position,1343,869,1249,822,205.45,94.47,10.28,1343,,,,869,215.73,,-1
1898,cdn_33_5_1898,170,23,GP,,joined_weak,position,900531,101492,895456,100381,44770.12,3849,774,168.38,,,,893305,101155,44938.5,2
1898,cdn_33_5_1898,171,2,GP,Nova Scotia.....,joined_weak,position,404,1932,398,1875,187.5,6.57,5.0,404,,,,1932,192.5,,-1
1898,cdn_33_5_1898,171,3,GP,N. Brunswick.....,joined_weak,position,1379,6775,1374,6699,669.9,5.76,6.66,1379,,,,6775,676.56,,-1
1898,cdn_33_5_1898,171,19,GP,N. Brunswick.....,joined_weak,position,730,279,718,258,51.6,12.21,3.68,730,,,,279,55.28,,-1
1898,cdn_33_5_1898,171,23,GP,N. W. Ter.....,joined_weak,position,253,98,253,98,19.6,,,,,,,253.98,19.6,,-1
1898,cdn_33_5_1898,171,28,GP,United States.....,joined_weak,position,78663,28626,78573,28546,8563.75,,,,,,,73573,28546,8563.75,2
1898,cdn_33_5_1898,171,32,GP,N. Brunswick.....,joined_weak,position,1690,601,1637,553,165.9,53.48,12.6,1690,,,,601,178.5,,-1
1898,cdn_33_5_1898,171,34,GP,B. Columbia.....,joined_weak,position,4932,1961,4916,1949,584.65,16.12,3.16,4932,,,,1961,587.81,,-1
1898,cdn_33_5_1898,171,37,GP,"4 Oilcloth, enamelled carriage, floor, shelf and table oilcloth, cork matting or carpets and linoleum..... > Great Britain.....",joined_weak,position,455102,146004,8987,3532,1059.6,443612,141254,37090.76,,,,452549,144786,38150.36,2
1898,cdn_33_5_1898,171,38,GP,Belgium.....,joined_weak,position,249,53,,,,249,53,13.91,,,,249.53,13.91,,-1
1898,cdn_33_5_1898,172,7,GP,N. W. Ter.....,joined_weak,position,488,78,488,78,23.4,,,,,,,488.78,23.4,,-1
1898,cdn_33_5_1898,172,42,GP,France.....,left_only,,,961,,,,,,,,,,,,,
1898,cdn_33_5_1898,173,42,GP,,right_only,,,,,29726,5945.2,,769,134.6,,,,,30495,1079.8,0
1898,cdn_33_5_1898,174,3,GP,1 Paints and colours:— Brocade and bronze powders and gold liquid paint..... > Japan.....,left_only,,,743,,,,,,,,,,,,,
1898,cdn_33_5_1898,175,6,GP,"1 Paints and colours— Dry white and red lead, orange mineral and zinc white..... > Total.....",left_only,,12704447,449685,5690534,,,,,,,,,,,,
1898,cdn_33_5_1898,175,14,GP,,right_only,,,,,220916,11045.8,6992274,227743,9964.54,,,,12682808,448659,21010.34,2
1898,cdn_33_5_1898,175,15,GP,,right_only,,,,,830,166.0,236444,2563,451.05,,,,346338,3393,617.05,2
1898,cdn_33_5_1898,175,16,GP,,right_only,,,,,169,33.8,18210,100,17.5,,,,40624,269,51.3,2
1898,cdn_33_5_1898,175,17,GP,,right_only,,,,,1050,210.0,203621,1510,264.25,,,,303655,2560,474.25,2
1898,cdn_33_5_1898,175,18,GP,,right_only,,,,,119,23.8,52625,209,36.7,,,,61133,328,60.5,2
1898,cdn_33_5_1898,175,19,GP,,right_only,,,,,2878,575.6,,,,,,,235900,2878,575.6,2
1898,cdn_33_5_1898,175,23,GP,N. Brunswick...,joined_weak,position,22463,348,9653,291,58.2,12810.57,9.98,22463,,,,348,68.18,,-1
1898,cdn_33_5_1898,175,34,GP,N. Brunswick...,joined_weak,position,31886,455,29486,425,106.25,2400.3,6.5600000000000005,31886,,,,455,112.81,,-1
1898,cdn_33_5_1898,175,41,GP,Quebec.....,joined_weak,position,4651,755,4441,725,181.25,210.3,6.57,4651,,,,755,187.82,,-1
1898,cdn_33_5_1898,176,7,GP,N. Brunswick.....,joined_weak,position,3271,240,1605,149,37.25,1666.91,19.91,3271,,,,240,57.16,,-1
1898,cdn_33_5_1898,176,10,GP,P. E. Island.....,joined_weak,position,930,98,930,98,24.5,,,,,,,930.98,24.5,,-1
1898,cdn_33_5_1898,176,12,GP,"2 "" Paris green, dry..... > Great Britain.....",joined_weak,position,,34908,,,,296121,33334,2916.77,,,,296121,33334,2916.77,2
1898,cdn_33_5_1898,176,14,GP,,right_only,,,,,,,19147,1861,162.85,,,,19147,1861,162.85,2
1898,cdn_33_5_1898,176,15,GP,Total ..... > Ontario ..... > Quebec.....,joined_weak,position,226924,25477,,,,198174,22042,1928.7,,,,198174,22042,1928.7,2
1898,cdn_33_5_1898,176,20,GP,,right_only,,,,,2,1.13,,,,,,,,,,0
1898,cdn_33_5_1898,176,32,GP,,right_only,,,,,4658,931.25,1316,23,4.04,,,,5316.72,13.84,4,-2
1898,cdn_33_5_1898,176,39,GP,B. Columbia.....,joined_weak,position,2281,52,1161,35,6.65,1120,17,2.98,,,,2281.52,9.63,,-1
1898,cdn_33_5_1898,176,41,GP,,joined_weak,position,370231,4730,368915,4707,941.05,1316.23,4.04,370231,,,,4730,945.09,,-1
1898,cdn_33_5_1898,177,28,GP,Germany.....,joined_weak,position,900,89,900,89,54.0,,,,,,,900.89,54.0,,-1
1898,cdn_33_5_1898,177,33,GP,Nova Scotia.....,joined_weak,position,3515,425,2972,345,178.32,543.8,28.51,3515,,,,425,206.83,,-1
1898,cdn_33_5_1898,178,0,GP,"DUTIABLE GOODS—Con. > 1 Paper and manufactures of— Calendered, including writing and note paper, ruled..... > Great Britain.....",joined_weak,position,,819,,98,34.3,621,190.2,,,,,719,224.5,1,-2
1898,cdn_33_5_1898,178,1,GP,"1 Paper and manufactures of— Calendered, including writing and note paper, ruled..... > Germany.....",joined_weak,position,,1268,,2452,858.19,1268,388.32,,,,,1268,388.32,,-1
1898,cdn_33_5_1898,178,2,GP,"1 Paper and manufactures of— Calendered, including writing and note paper, ruled..... > United States.....",joined_weak,position,,2452,,,,,,,,,,2452,858.19,,-1
1898,cdn_33_5_1898,178,3,GP,"1 Paper and manufactures of— Calendered, including writing and note paper, ruled..... > Total..... > Ontario.....",joined_weak,position,,60,,60,21.0,,,,,,,60,21.0,,-1
1898,cdn_33_5_1898,178,4,GP,"1 Paper and manufactures of— Calendered, including writing and note paper, ruled..... > Quebec.....",joined_weak,position,,2804,,1124,393.4,1580,483.87,,,,,2704,877.27,,-1
1898,cdn_33_5_1898,178,5,GP,"1 Paper and manufactures of— Calendered, including writing and note paper, ruled..... > Nova Scotia.....",joined_weak,position,,222,,189,66.14,33,10.11,,,,,222,76.25,,-1
1898,cdn_33_5_1898,178,6,GP,"1 Paper and manufactures of— Calendered, including writing and note paper, ruled..... > N. Brunswick.....",joined_weak,position,,1410,,1170,409.5,240,73.51,,,,,1410,483.01,,-1
1898,cdn_33_5_1898,178,7,GP,"1 Paper and manufactures of— Calendered, including writing and note paper, ruled..... > P. E. Island.....",joined_weak,position,,43,,7,2.45,36,11.03,,,,,43,13.48,,-1
1898,cdn_33_5_1898,178,8,GP,"1 Paper and manufactures of— Calendered, including writing and note paper, ruled..... > .....",joined_weak,position,,4539,,2550,892.49,1889,578.52,,,,,4439,1471.01,,-1
1898,cdn_33_5_1898,178,9,GP,"2 "" Card board, paste board, in sheets or cut to size, N.E.S..... > Great Britain.....",joined_weak,position,,415,,13,4.55,966,293.47,,,,,979,293.02,2,-2
1898,cdn_33_5_1898,178,10,GP,"2 "" Card board, paste board, in sheets or cut to size, N.E.S..... > France.....",joined_weak,position,,1,,2196,768.6,6712,2055.65,,,,,8908,2824.25,,-1
1898,cdn_33_5_1898,178,11,GP,"2 "" Card board, paste board, in sheets or cut to size, N.E.S..... > Germany.....",joined_weak,position,,10687,,14165,4957.75,,,,,,,14165,4957.75,,-1
1898,cdn_33_5_1898,178,12,GP,"2 "" Card board, paste board, in sheets or cut to size, N.E.S..... > United States.....",joined_weak,position,,14165,,10182,3563.7,50,12.95,,,,,10232,3576.65,,-1
1898,cdn_33_5_1898,178,13,GP,"2 "" Card board, paste board, in sheets or cut to size, N.E.S..... > Total..... > Ontario.....",joined_weak,position,,10232,,3558,1245.3,7592,2325.15,,,,,11150,3570.45,,-1
1898,cdn_33_5_1898,178,14,GP,"2 "" Card board, paste board, in sheets or cut to size, N.E.S..... > Quebec.....",joined_weak,position,,12366,,36,12.6,,,,,,,36,12.6,,-1
1898,cdn_33_5_1898,178,15,GP,"2 "" Card board, paste board, in sheets or cut to size, N.E.S..... > Nova Scotia.....",joined_weak,position,,36,,1254,438.9,14,4.28,,,,,1268,443.18,,-1
1898,cdn_33_5_1898,178,16,GP,"2 "" Card board, paste board, in sheets or cut to size, N.E.S..... > N. Brunswick.....",joined_weak,position,,1268,,1344,470.4,22,6.74,,,,,1366,477.14,,-1
1898,cdn_33_5_1898,178,17,GP,"2 "" Card board, paste board, in sheets or cut to size, N.E.S..... > B. Columbia.....",joined_weak,position,,1366,,16374,5730.9,7678,2349.12,,,,,24052,8080.02,,-1
1898,cdn_33_5_1898,178,18,GP,.....,joined_weak,position,,25268,,7867,1966.75,754,164.94,,,,,754,164.94,3,-2
1898,cdn_33_5_1898,178,19,GP,"3 "" Paper, felt or straw board, tarred.. > Great Britain.....",joined_weak,position,,754,,,,,,,,,,7867,1966.75,,-1
1898,cdn_33_5_1898,178,20,GP,"3 "" Paper, felt or straw board, tarred.. > United States.....",joined_weak,position,,7867,,2252,563.0,,,,,,,2252,563.0,,-1
1898,cdn_33_5_1898,178,21,GP,"3 "" Paper, felt or straw board, tarred.. > Total..... > Ontario.....",joined_weak,position,,2252,,1662,415.5,754,164.94,,,,,2416,580.44,,-1
1898,cdn_33_5_1898,178,22,GP,"3 "" Paper, felt or straw board, tarred.. > Quebec.....",joined_weak,position,,2416,,1736,434.0,,,,,,,1736,434.0,,-1
1898,cdn_33_5_1898,178,23,GP,"3 "" Paper, felt or straw board, tarred.. > Nova Scotia.....",joined_weak,position,,1736,,755,188.75,,,,,,,755,188.75,,-1
1898,cdn_33_5_1898,178,24,GP,"3 "" Paper, felt or straw board, tarred.. > N. Brunswick.....",joined_weak,position,,755,,736,184.0,,,,,,,736,184.0,,-1
1898,cdn_33_5_1898,178,25,GP,"3 "" Paper, felt or straw board, tarred.. > Manitoba.....",joined_weak,position,,736,,694,173.5,,,,,,,694,173.5,,-1
1898,cdn_33_5_1898,178,26,GP,"3 "" Paper, felt or straw board, tarred.. > P. E. Island.....",joined_weak,position,,694,,32,8.0,,,,,,,32,8.0,,-1
1898,cdn_33_5_1898,178,27,GP,"3 "" Paper, felt or straw board, tarred.. > N. W. Ter.....",joined_weak,position,,32,,7867,1966.75,754,164.94,,,,,8621,2131.69,,-1
1898,cdn_33_5_1898,178,29,GP,"4 "" "" not tarred..... > United States— > Lbs. > Lbs. > Ontario.....",left_only,,690,311,690,,,,,,,,,,,,
1898,cdn_33_5_1898,179,0,GP,,right_only,,,,,73526,25734.23,13432,2309,707.63,,,,1057136,73835,26441.86,0
1898,cdn_33_5_1898,179,1,GP,,right_only,,,,,14976,5241.6,16073,2160,661.54,,,,147597,17136,5903.14,2
1898,cdn_33_5_1898,179,2,GP,,right_only,,,,,5962,2086.76,12481,967,296.96,,,,83756,6929,2383.72,2
1898,cdn_33_5_1898,179,3,GP,,right_only,,,,,4528,1584.8,9532,353,108.12,,,,65822,4881,1692.92,2
1898,cdn_33_5_1898,179,4,GP,,right_only,,,,,2817,985.95,7454,451,138.12,,,,37167,3268,1124.07,2
1898,cdn_33_5_1898,179,5,GP,,right_only,,,,,2570,899.5,,,,,,,34066,2570,899.5,2
1898,cdn_33_5_1898,179,6,GP,1 Paper and manufactures of— Hangings or wall paper— Total..... > Ontario..... Quebec..... Nova Scotia..... N. Brunswick..... Manitoba..... B. Columbia..... P. E. Island.....,joined_weak,position,,,,275,96.25,5429,244,74.73,,,,8979,519,170.98,2
1898,cdn_33_5_1898,179,8,GP,,right_only,,,,,,,90,155,47.47,,,,90,155,47.47,2
1898,cdn_33_5_1898,179,9,GP,,right_only,,,,,6223,2176.85,,,,,,,45262,6223,2176.85,2
1898,cdn_33_5_1898,179,10,GP,,right_only,,,,,4315,1509.05,,,,,,,34870,4315,1509.05,2
1898,cdn_33_5_1898,179,11,GP,,right_only,,,,,302,105.7,90,155,47.47,,,,2291,457,153.17,2
1898,cdn_33_5_1898,179,12,GP,,right_only,,,,,305,106.75,,,,,,,1987,305,106.75,2
1898,cdn_33_5_1898,179,13,GP,,right_only,,,,,847,296.45,,,,,,,3862,847,296.45,2
1898,cdn_33_5_1898,179,14,GP,"2 "" "" Borders and bordering..... > Great Britain..... United States.....",joined_weak,position,,,,236,82.6,,,,,,,1280,236,82.6,2
1898,cdn_33_5_1898,179,15,GP,,right_only,,,,,47,16.45,,,,,,,414.47,16.45,,-1
1898,cdn_33_5_1898,179,16,GP,Total..... > Ontario..... Quebec..... Nova Scotia..... N. Brunswick..... Manitoba..... B. Columbia..... P. E. Island.....,joined_weak,position,,,,171,59.85,,,,,,,648,171,59.85,2
1898,cdn_33_5_1898,179,18,GP,,right_only,,,,,,,,16,3.5,,,,,16,3.5,2
1898,cdn_33_5_1898,179,19,GP,,right_only,,,,,13631,3407.75,,,,,,,,13631,3407.75,2
1898,cdn_33_5_1898,179,20,GP,,right_only,,,,,901,225.25,,,,,,,,901,225.25,2
1898,cdn_33_5_1898,179,21,GP,,right_only,,,,,12084,3021.0,,16,3.5,,,,,12100,3024.5,2
1898,cdn_33_5_1898,179,25,GP,,right_only,,,,,796,79.6,,441,38.59,,,,,1237,118.19,2
1898,cdn_33_5_1898,179,26,GP,,right_only,,,,,13912,1391.2,,,,,,,,13912,1391.2,2
1898,cdn_33_5_1898,179,27,GP,,right_only,,,,,9234,923.4,,146,12.77,,,,,9380,936.17,2
1898,cdn_33_5_1898,179,28,GP,,right_only,,,,,4583,458.3,,295,25.82,,,,,4878,484.12,2
1898,cdn_33_5_1898,179,29,GP,,right_only,,,,,205,20.5,,,,,,,,205,20.5,2
1898,cdn_33_5_1898,179,30,GP,,right_only,,,,,398,39.8,,,,,,,,398,39.8,2
1898,cdn_33_5_1898,179,31,GP,,right_only,,,,,140,14.0,,,,,,,,140,14.0,2
1898,cdn_33_5_1898,179,35,GP,,right_only,,,,,3744,561.6,,,,,,,,3744,561.6,2
1898,cdn_33_5_1898,179,36,GP,,right_only,,,,,165,33.0,,,,,,,,165,33.0,2
1898,cdn_33_5_1898,180,20,GP,"2 "" Printing paper .....",joined_weak,position,,,,1234,308.5,446328,23823,5201.45,,,,521854,25057,5509.95,2
1898,cdn_33_5_1898,180,21,GP,,joined_weak,position,,6200,,,,6200,474,102.42,,,,6200,474,102.42,2
1898,cdn_33_5_1898,180,22,GP,,joined_weak,position,,11221,,334,83.5,2980,247,56.03,,,,11221,581,139.53,2
1898,cdn_33_5_1898,180,23,GP,,joined_weak,position,,1477125,,75284,18821.0,,,,,,,1498275,75284,18821.0,2
1898,cdn_33_5_1898,180,24,GP,Total .....,joined_weak,position,,1195983,,47115,11778.75,241709,17767,3886.12,,,,1195233,64882,15664.87,2
1898,cdn_33_5_1898,180,25,GP,,joined_weak,position,,498362,,20868,5217.0,32673,1451,317.45,,,,499862,22319,5534.45,2
1898,cdn_33_5_1898,180,26,GP,,joined_weak,position,,12212,,430,107.5,3462,277,60.6,,,,12212,707,168.1,2
1898,cdn_33_5_1898,180,27,GP,,joined_weak,position,,42468,,2705,676.25,3180,219,47.91,,,,42468,2924,724.16,2
1898,cdn_33_5_1898,180,28,GP,,joined_weak,position,,13470,,1113,278.25,,,,,,,13470,1113,278.25,2
1898,cdn_33_5_1898,180,29,GP,,joined_weak,position,,253695,,4576,1144.0,174484,4830,1047.82,,,,273405,9406,2191.82,2
1898,cdn_33_5_1898,180,30,GP,,joined_weak,position,,900,,45,11.25,,,,,,,900,45,11.25,2
1898,cdn_33_5_1898,180,31,GP,,joined_weak,position,,2017000,,76852,19213.0,455508,24544,5359.9,,,,2037550,101396,24572.9,2
1898,cdn_33_5_1898,181,3,GP,Total.....,left_only,,823416,11516,784736,,,,,,,,,,,,
1898,cdn_33_5_1898,181,10,GP,,right_only,,,,,10832,2708.0,76000,1290,282.2,,,,860736,12122,2990.2,2
1898,cdn_33_5_1898,181,13,GP,Total.....,left_only,,,1245,,,,,,,,,,,,,
1898,cdn_33_5_1898,181,19,GP,,right_only,,,,,1145,398.75,,100,30.63,,,,,1245,429.38,2
1898,cdn_33_5_1898,181,26,GP,Total.....,left_only,,404675,14058,332656,,,,,,,,,,,,
1898,cdn_33_5_1898,181,33,GP,,right_only,,,,,9176,2294.0,70987,4870,1067.33,,,,403643,14046,3361.33,2
1898,cdn_33_5_1898,182,10,GP,France.....,left_only,,23,2,,,,,,,,,,,,,
1898,cdn_33_5_1898,183,24,GP,,left_only,,,40580,,,,,,,,,,,,,
1898,cdn_33_5_1898,183,28,GP,United States.....,joined_weak,position,225,84,120,34,10.2,105.5,13.12,225.84,,,,23.32,,,0
1898,cdn_33_5_1898,183,30,GP,Total..... > Ontario.....,left_only,,,70316,,,,,,,,,,,,,
1898,cdn_33_5_1898,183,32,GP,Nova Scotia.....,left_only,,,6139,2437,,,,,,,,,,,,
1898,cdn_33_5_1898,183,34,GP,Manitoba.....,left_only,,,963,343,,,,,,,,,,,,
1898,cdn_33_5_1898,183,35,GP,B. Columbia.....,joined_weak,position,,999,820,341,101.2,6,2,0.53,,,,963,343,101.73,2
1898,cdn_33_5_1898,183,36,GP,P. E. Island.....,joined_weak,position,,9840,1638,770,231.0,38.5,13.13,999,,,,820,244.13,,-1
1898,cdn_33_5_1898,183,38,GP,,joined_weak,position,,138,472,221,66.3,980,251,65.9,,,,3490,472,132.2,2
1898,cdn_33_5_1898,183,39,GP,,right_only,,,,,25,7.5,100.88,23.09,138,,,,113,30.59,,-1
1898,cdn_33_5_1898,183,40,GP,,joined_weak,position,,69,113,48,14.4,,,,,,,69.48,14.4,,-1
1898,cdn_33_5_1898,183,41,GP,,joined_weak,position,,91954,25502,23020,6904.9,7172,2427,637.74,,,,91704,25447,7542.64,2
1898,cdn_33_5_1898,184,10,GP,B. E. Indies .....,joined_weak,position,115,105,115,105,36.75,4.12,3.7,119,,,,117,40.45,,-1
1898,cdn_33_5_1898,184,14,GP,Spain.....,joined_weak,position,242,229,194,197,68.95,80.55,16.85,274,,,,252,85.8,,-1
1898,cdn_33_5_1898,184,23,GP,N. W. Ter.....,joined_weak,position,99,54,99,54,18.9,,,,,,,99.54,18.9,,-1
1898,cdn_33_5_1898,184,32,GP,Nova Scotia .....,joined_weak,position,965,475,920,436,152.6,45.39,12.25,965,,,,475,164.85,,-1
1898,cdn_33_5_1898,184,33,GP,N. Brunswick...,joined_weak,position,51,62,11,13,4.55,40,49,15.01,,,,51.62,19.56,,-1
1898,cdn_33_5_1898,185,0,GP,1 Plants and trees— Apple trees— > Total..... > Ontario.....,joined_weak,position,33037,1981,32237,1893,967.11,800.88,21.0,33037,,,,1981,988.11,1,-2
1898,cdn_33_5_1898,185,1,GP,Quebec.....,joined_weak,position,2450,130,2368,111,71.04,82.19,2.16,2450,,,,130,73.2,,-1
1898,cdn_33_5_1898,185,4,GP,Manitoba.....,joined_weak,position,1403,98,1403,98,42.09,,,,,,,1403.98,42.09,,-1
1898,cdn_33_5_1898,185,5,GP,B. Columbia.....,joined_weak,position,2145,94,2145,94,64.35,,,,,,,2145.94,64.35,,-1
1898,cdn_33_5_1898,185,12,GP,B. Columbia.....,joined_weak,position,922,59,922,59,27.66,,,,,,,922.59,27.66,,-1
1898,cdn_33_5_1898,185,15,GP,United States.....,joined_weak,position,4063,99,4063,99,19.8,,,,,,,4063.99,19.8,,-1
1898,cdn_33_5_1898,185,18,GP,Manitoba.....,joined_weak,position,1803,63,1803,99,19.8,,,,,,,1803.63,12.6,,-1
1898,cdn_33_5_1898,185,19,GP,,joined_weak,position,5063,118,4063,,,1000.19,3.33,5063,,,,118,23.13,,-1
1898,cdn_33_5_1898,185,39,GP,,right_only,,,,,29,5.8,,,,,,,1150.29,5.8,,-1
1898,cdn_33_5_1898,185,41,GP,P. E. Island.....,joined_weak,position,100,4,100,65,13.0,,,,,,,100.65,13.0,,-1
1898,cdn_33_5_1898,186,0,GP,,right_only,,,,,169,33.8,,,,,,,6115,169,33.8,2
1898,cdn_33_5_1898,186,1,GP,1 > Plants and trees— Grape vines..... > United States— Ontario..... Manitoba.....,joined_weak,position,6115.55,,6115.55,2,0.4,,,,,,,55,2,0.4,2
1898,cdn_33_5_1898,186,4,GP,,right_only,,,,,16,7.11,,,,,,,237.16,7.11,,-1
1898,cdn_33_5_1898,186,6,GP,,right_only,,,,,69,23.79,,,,,,,793.69,23.79,3,-2
1898,cdn_33_5_1898,186,7,GP,"3 > "" Pear trees..... > United States— Ontario..... N. Brunswick... B. Columbia.....",joined_weak,position,,,,8,2.34,,,,,,,78,8,2.34,2
1898,cdn_33_5_1898,186,8,GP,,right_only,,,,,27,14.16,,,,,,,472.27,14.16,,-1
1898,cdn_33_5_1898,186,10,GP,,right_only,,,,,,,330,68,8.66,,,,330.68,8.66,4,-2
1898,cdn_33_5_1898,186,11,GP,,right_only,,,,,994,408.54,,,,,,,13618,994,408.54,2
1898,cdn_33_5_1898,186,12,GP,,right_only,,,,,307,92.28,,,,,,,3076,307,92.28,2
1898,cdn_33_5_1898,186,13,GP,,right_only,,,,,231,62.7,330.68,8.66,2420,,,,299,71.36,,-1
1898,cdn_33_5_1898,186,14,GP,,right_only,,,,,19,6.0,,,,,,,200.19,6.0,,-1
1898,cdn_33_5_1898,186,15,GP,,right_only,,,,,144,63.54,,,,,,,2118,144,63.54,2
1898,cdn_33_5_1898,186,16,GP,,right_only,,,,,108,62.07,,,,,,,2069,108,62.07,2
1898,cdn_33_5_1898,186,17,GP,"3 > 4 > "" Plum trees..... > France..... United States.....",joined_weak,position,,,,173,118.95,,,,,,,3965,173,118.95,2
1898,cdn_33_5_1898,186,18,GP,,right_only,,,,,12,3.0,,,,,,,100.12,3.0,,-1
1898,cdn_33_5_1898,186,19,GP,,right_only,,,,,994,408.54,330.68,8.66,13948,,,,1062,417.2,,-1
1898,cdn_33_5_1898,186,20,GP,,right_only,,,,,33,6.6,,,,,,,3227.33,6.6,5,-2
1898,cdn_33_5_1898,186,21,GP,,right_only,,,,,23,4.6,,,,,,,230.23,4.6,,-1
1898,cdn_33_5_1898,186,22,GP,,right_only,,,,,15,3.0,,,,,,,1384.15,3.0,,-1
1898,cdn_33_5_1898,186,23,GP,,right_only,,,,,71,14.2,,,,,,,4841.71,14.2,,-1
1898,cdn_33_5_1898,186,24,GP,Total..... > Ontario..... Quebec..... Nova Scotia.... N. Brunswick... Manitoba..... B. Columbia..... P. E. Island....,joined_weak,position,,,,300,60.0,45,6,1.05,,,,4552,306,61.05,2
1898,cdn_33_5_1898,186,25,GP,,right_only,,,,,28,5.6,,,,,,,766.28,5.6,,-1
1898,cdn_33_5_1898,186,26,GP,,joined_weak,position,13948,1062,13618,6,1.2,,,,,,,48,6,1.2,2
1898,cdn_33_5_1898,186,27,GP,,right_only,,,,,30,6.0,,,,,,,750.3,6.0,,-1
1898,cdn_33_5_1898,186,28,GP,"5 > "" Raspberry bushes..... > United States— Ontario..... Quebec..... Manitoba.....",joined_weak,position,,,,162,32.4,,,,,,,1586,162,32.4,2
1898,cdn_33_5_1898,186,29,GP,,joined_weak,position,4841,71,4841,436,87.2,,,,,,,6297,436,87.2,2
1898,cdn_33_5_1898,186,30,GP,,right_only,,,,,78,15.6,45,6,1.05,,,,1292.84,16.65,,-1
1898,cdn_33_5_1898,186,31,GP,"5 > 6 > "" Rose bushes..... > Great Britain..... France..... Germany..... Holland..... United States.....",joined_weak,position,,,,3,0.6,,,,,,,12,3,0.6,2
1898,cdn_33_5_1898,186,32,GP,Total..... > Ontario..... Quebec..... Nova Scotia.... Manitoba.....,joined_weak,position,,,,9,1.8,,,,,,,101,9,1.8,2
1898,cdn_33_5_1898,187,0,GP,"DUTIABLE GOODS—Con. > 1 Plaster of Paris or gypsum, ground, not calcined ..... > Great Britain.....",left_only,,16,78,,,,,,,,,,,,,
1898,cdn_33_5_1898,187,1,GP,"1 Plaster of Paris or gypsum, ground, not calcined ..... > United States.....",left_only,,103,215,103,,,,,,,,,,,,
1898,cdn_33_5_1898,187,2,GP,"1 Plaster of Paris or gypsum, ground, not calcined ..... > Total..... > Ontario.....",joined_weak,position,23,52,23,215,32.3,16,78,10.24,,,,16.78,10.24,1,-2
1898,cdn_33_5_1898,187,3,GP,"1 Plaster of Paris or gypsum, ground, not calcined ..... > Quebec.....",joined_weak,position,16,78,,52,7.8,16,78,10.24,,,,16.78,10.24,,-1
1898,cdn_33_5_1898,187,8,GP,"1 Plaster of Paris or gypsum, ground, not calcined .....",joined_weak,position,119,293,103,215,32.3,16.78,10.24,119,,,,293,42.54,,-1
1898,cdn_33_5_1898,187,9,GP,"2 "" Calcined or manufactured ..... > Great Britain.....",joined_weak,position,,91,,91,15.0,,,,,,,120.91,15.0,2,-2
1898,cdn_33_5_1898,190,1,GP,Quebec.....,joined_weak,position,3048438,470045,97,20,3.88,112,56,3.92,,,,209.76,7.8,,-1
1898,cdn_33_5_1898,190,4,GP,B. Columbia.....,joined_weak,position,366887,73334,309401,61235,12376.07,50702,10520,1774.59,,,,360108,71755,14150.66,2
1898,cdn_33_5_1898,190,10,GP,Germany.....,joined_weak,position,494,96,494,96,14.82,,,,,,,494.96,14.82,,-1
1898,cdn_33_5_1898,190,19,GP,Manitoba.....,joined_weak,position,1340,230,1301,218,39.04,39.12,1.03,1340,,,,230,40.07,,-1
1898,cdn_33_5_1898,190,21,GP,N. W. Ter.....,joined_weak,position,530,61,530,61,15.9,,,,,,,530.61,15.9,,-1
1898,cdn_33_5_1898,191,25,GP,,right_only,,,,,,,27,20,4.4,,,,27,20,4.4,2
1898,cdn_33_5_1898,191,44,GP,,right_only,,,,,,,,19,4.2,,,,,19,4.2,2
1898,cdn_33_5_1898,195,17,GP,"3 "" fine, in bulk..... > Great Britain.....",joined_weak,position,11200,35,,,11200,35,4.9,11200,,,,35,4.9,,1
1898,cdn_33_5_1898,195,34,GP,"5 Sand paper, glass, flint and emery paper and emery cloth..... > Great Britain.....",joined_weak,position,,363,,,363,79.42,,,,,,363,79.42,,-1
1898,cdn_33_5_1898,196,8,GP,"1 Sand paper, glass, flint and emery paper and emery cloth— > 2 Sauces and catsups, in bottles..... > Great Britain..... > Gals. > Gals. > Australia.....",joined_weak,position,29830,44707,2458,2461,861.35,,33565,10283.75,,,,,36026,11145.1,2
1898,cdn_33_5_1898,196,14,GP,"2 Sauces and catsups, in bottles..... > United States.....",left_only,,6,23,,,,,,,,,,,,,
1898,cdn_33_5_1898,196,35,GP,4 Soy..... > Great Britain..... > Hong Kong.....,joined_weak,position,54,37,,105,36.75,246,143,20.18,,,,246,143,20.18,-2
1898,cdn_33_5_1898,201,22,GP,,joined_weak,position,,2.5,,,,2,50,15.3,,,,2,50,15.3,2
1898,cdn_33_5_1898,201,25,GP,Total.....,joined_weak,position,,77,899.1,189,66.15,67,710,217.43,,,,77,899,283.58,2
1898,cdn_33_5_1898,201,27,GP,,joined_weak,position,,1.11,,,,1,11,3.37,,,,1,11,3.37,2
1898,cdn_33_5_1898,201,29,GP,,joined_weak,position,,91,1123.23,402,140.7,68,721,220.8,,,,91,1123,361.5,2
1898,cdn_33_5_1898,203,7,GP,,right_only,,,,,3475,769.98,,,,,,,1510,3475,769.98,2
1898,cdn_33_5_1898,203,8,GP,,right_only,,,,,2860,677.45,,,,,,,1390,2860,677.45,2
1898,cdn_33_5_1898,203,9,GP,,right_only,,,,,479,61.03,,,,,,,78,479,61.03,2
1898,cdn_33_5_1898,203,10,GP,,right_only,,,,,136,31.5,,,,,,,42,136,31.5,2
1898,cdn_33_5_1898,203,12,GP,,right_only,,,,,3577,795.48,,,,,,,1540,3577,795.48,2
1898,cdn_33_5_1898,203,14,GP,,right_only,,,,,,,5200,57,12.51,,,,5200,57,12.51,2
1898,cdn_33_5_1898,203,15,GP,,right_only,,,,,,,75,11,2.41,,,,75,11,2.41,2
1898,cdn_33_5_1898,203,16,GP,,right_only,,,,,10372,2593.4,,,,,,,302480,10372,2593.4,2
1898,cdn_33_5_1898,203,17,GP,,right_only,,,,,5535,1383.75,75,11,2.41,,,,96762,5546,1386.16,2
1898,cdn_33_5_1898,203,18,GP,,right_only,,,,,2408,602.0,5362,63,13.81,,,,118225,2471,615.81,2
1898,cdn_33_5_1898,203,19,GP,,right_only,,,,,707,176.75,24,5,1.1,,,,31591,712,177.85,2
1898,cdn_33_5_1898,203,20,GP,,right_only,,,,,684,171.0,,,,,,,26013,684,171.0,2
1898,cdn_33_5_1898,203,21,GP,,right_only,,,,,571,142.75,,,,,,,19330,571,142.75,2
1898,cdn_33_5_1898,203,22,GP,,right_only,,,,,351,88.15,12,4,0.88,,,,12468,355,89.03,2
1898,cdn_33_5_1898,203,23,GP,,right_only,,,,,113,28.25,,,,,,,3456,113,28.25,2
1898,cdn_33_5_1898,203,24,GP,,right_only,,,,,3,0.75,,,,,,,108,3,0.75,2
1898,cdn_33_5_1898,203,25,GP,Total.. > Ontario..... Quebec..... Manitoba..... B. Columbia..,joined_weak,position,,,,10372,2593.4,5473,83,18.2,,,,307953,10455,2611.6,2
1898,cdn_33_5_1898,203,29,GP,,right_only,,,,,532,133.0,,1514,337.85,,,,,2070,470.85,0
1898,cdn_33_5_1898,204,9,GP,France.....,joined_weak,position,6802,288,5184,221,51.84,1618.67,14.16,6802,,,,288,66.0,,-1
1898,cdn_33_5_1898,204,23,GP,"3 "" Common soft and liquid..... > France.....",joined_weak,position,572,63,572,63,22.05,,,,,,,572.63,22.05,,-1
1898,cdn_33_5_1898,204,25,GP,"3 "" Common soft and liquid..... > Total.....",joined_weak,position,95841,1312,94872,1282,448.7,969.3,9.2,95841,,,,1312,457.9,,-1
1898,cdn_33_5_1898,204,34,GP,"4 "" Castile, mottled or white..... > Italy.....",joined_weak,position,,,1327,92,26.54,,,,,,,1327.92,26.54,,-1
1898,cdn_33_5_1898,204,41,GP,Manitoba.....,joined_weak,position,33087,1746,26446,1435,304.96,1780.71,31.15,28226,,,,1506,336.11,,-1
1898,cdn_33_5_1898,205,0,GP,DUTIABLE GOODS—Con. > 1 Soap— > Harness ..... > Great Britain.....,joined_weak,position,955,87,,,,955,87,19.03,,,,955.87,19.03,1,-2
1898,cdn_33_5_1898,205,3,GP,Quebec.....,joined_weak,position,6335,459,5380,372,93.0,955.87,19.03,6335,,,,459,112.03,,-1
1898,cdn_33_5_1898,205,5,GP,Manitoba.....,joined_weak,position,768,65,768,65,16.25,,,,,,,768.65,16.25,,-1
1898,cdn_33_5_1898,205,8,GP,,joined_weak,position,7829,727,6874,640,160.0,955.87,19.03,7829,,,,727,179.03,,-1
1898,cdn_33_5_1898,205,11,GP,Belgium.....,left_only,,140,105,,,,,,,,,,,,,
1898,cdn_33_5_1898,205,20,GP,Quebec.....,joined_weak,position,120995,29014,70597,15811,5533.85,38862,11411,3494.74,,,,108959,27222,9028.59,2
1898,cdn_33_5_1898,205,28,GP,"3 "" Pearline and other soap powders, pumice, silver and mineral soaps, sapolio and like articles ..... > Great Britain.....",joined_weak,position,17528,943,,,,5368,316,83.87,,,,5368,316,83.87,2
1898,cdn_33_5_1898,205,35,GP,B. Columbia.....,joined_weak,position,94927,6501,84687,6225,1867.5,208.21,6.44,84895,,,,6246,1873.94,,-1
1898,cdn_33_5_1898,205,43,GP,France.....,joined_weak,position,668,58,,,,668,58,6.35,,,,668.58,6.35,,-1
1898,cdn_33_5_1898,205,44,GP,Japan.....,joined_weak,position,38304,893,27930,639,79.87,1330.46,5.03,29260,,,,685,84.9,,-1
1898,cdn_33_5_1898,206,5,GP,B. Columbia.....,joined_weak,position,53505,4557,50985,4400,550.44,1390.66,7.22,52385,,,,4466,557.66,,-1
1898,cdn_33_5_1898,206,6,GP,P. E. Island.....,joined_weak,position,973,50,945,48,6.0,28,2,0.22,,,,973.5,6.22,,-1
1898,cdn_33_5_1898,206,9,GP,Australia.....,joined_weak,position,240,11,,,,48,2,0.43,,,,48,2,0.43,2
1898,cdn_33_5_1898,206,10,GP,B. E. Indies.....,joined_weak,position,131,71,,,,119,62,13.56,,,,119.62,13.56,,-1
1898,cdn_33_5_1898,206,21,GP,P. E. Island.....,joined_weak,position,4993,560,4961,546,136.5,32.14,3.06,4993,,,,560,139.56,,-1
1898,cdn_33_5_1898,206,29,GP,Total..... > Ontario.....,joined_weak,position,57529,2017,57419,1994,598.2,110.23,6.04,57529,,,,2017,604.24,,-1
1898,cdn_33_5_1898,206,30,GP,Quebec.....,joined_weak,position,6412,309,6294,274,82.2,109.34,8.94,6403,,,,308,91.14,,-1
1898,cdn_33_5_1898,206,31,GP,Nova Scotia.....,joined_weak,position,2063,362,1706,305,91.5,357.57,14.99,2063,,,,362,106.49,,-1
1898,cdn_33_5_1898,206,32,GP,N. Brunswick.....,joined_weak,position,2144,164,1912,130,39.0,232.34,8.49,2144,,,,164,47.49,,-1
1898,cdn_33_5_1898,206,34,GP,B. Columbia.....,joined_weak,position,16394,739,16293,665,199.85,101.74,32.65,16394,,,,739,232.5,,-1
1898,cdn_33_5_1898,206,41,GP,Germany.....,joined_weak,position,,,241,91,22.75,,,,,,,241.91,22.75,,-1
1898,cdn_33_5_1898,207,7,GP,"2 Spirits and wines, viz. :—",joined_weak,position,75006,20732,69493,18982,4745.5,6840,1908,418.39,,,,76353,20890,5163.89,2
1898,cdn_33_5_1898,207,16,GP,,joined_weak,position,,24,8.24,8,57.6,,,,,,,24,8,57.6,2
1898,cdn_33_5_1898,207,29,GP,,joined_weak,position,,30,52.3,52,72.45,,,,,,,30,52,72.45,2
1898,cdn_33_5_1898,207,33,GP,,joined_weak,position,,10,4.1,4,24.0,,,,,,,10,4,24.0,2
1898,cdn_33_5_1898,207,36,GP,,joined_weak,position,,22,61.25,64,60.0,,,,,,,25,64,60.0,2
1898,cdn_33_5_1898,208,2,GP,1 Spirits and wines— Arrack or palm spirit ..... > Total.....,left_only,,,,10,,,,,,,,,,,,
1898,cdn_33_5_1898,208,5,GP,,right_only,,,,,33,24.0,,,,,,,10.33,24.0,,-1
1898,cdn_33_5_1898,208,10,GP,"2 "" Brandy, including artificial brandy and imitations of brandy ..... > Holland.....",joined_weak,position,410,148,135,54,324.0,,,,,,,135.54,324.0,,-1
1898,cdn_33_5_1898,208,18,GP,Nova Scotia.....,joined_weak,position,12408,18971,11960,19766,28462.32,,,,,,,11860,19766,28462.32,2
1898,cdn_33_5_1898,208,37,GP,"3 "" Cordials and liqueurs of all kinds, N. E. S.; mescal, pulque, rum shrub, schiedam and other schnapps; tafia, angostura and similar alcoholic bitters or beverages..... > Spain.....",joined_weak,position,22,59,22,59,52.8,,,,,,,22.59,52.8,,-1
1898,cdn_33_5_1898,208,38,GP,"3 "" Cordials and liqueurs of all kinds, N. E. S.; mescal, pulque, rum shrub, schiedam and other schnapps; tafia, angostura and similar alcoholic bitters or beverages..... > Sweden.....",joined_weak,position,,,35,77,84.0,,,,,,,35.77,84.0,,-1
1898,cdn_33_5_1898,208,43,GP,N. Brunswick...,joined_weak,position,48,203,29,93,69.8,,,,,,,29.93,69.8,,-1
1898,cdn_33_5_1898,209,6,GP,St. Pierre.....,joined_weak,position,514,420,111,73,264.4,,,,,,,111.73,264.4,,-1
1898,cdn_33_5_1898,209,36,GP,N. W. Ter....,joined_weak,position,14,92,16,95,39.36,,,,,,,16.95,39.36,,-1
1898,cdn_33_5_1898,210,14,GP,,joined_weak,position,,24,9.33,10,78.0,,,,,,,33,10,78.0,2
1898,cdn_33_5_1898,210,18,GP,,joined_weak,position,,83740,9931.66,143,158.4,,,,,,,66,143,158.4,2
1898,cdn_33_5_1898,210,28,GP,,joined_weak,position,,17,8.17,8,43.2,,,,,,,17,8,43.2,2
1898,cdn_33_5_1898,210,29,GP,,joined_weak,position,,78,263.88,351,316.5,,,,,,,88,351,316.5,2
1898,cdn_33_5_1898,210,37,GP,,joined_weak,position,,36,134.53,174,178.41,,,,,,,53,174,178.41,2
1898,cdn_33_5_1898,210,41,GP,"4 > "" Medicinal or medicated wines containing not more than 40 per cent of proof spirit.....",joined_weak,position,,95,232.65,198,97.5,,,,,,,65,198,97.5,2
1898,cdn_33_5_1898,210,42,GP,,joined_weak,position,,216,549.67,226,100.5,,,,,,,67,226,100.5,2
1898,cdn_33_5_1898,210,43,GP,,joined_weak,position,,12,3.12,3,18.0,,,,,,,12,3,18.0,2
1898,cdn_33_5_1898,210,47,GP,,joined_weak,position,,68,257.67,255,100.0,,,,,,,67,255,100.0,2
1898,cdn_33_5_1898,211,6,GP,B. W. Indies.....,joined_weak,position,15,86,15,86,43.0,,,,,,,15.86,43.0,,-1
1898,cdn_33_5_1898,211,9,GP,Italy.....,joined_weak,position,6,54,6,54,27.0,,,,,,,6.54,27.0,,-1
1898,cdn_33_5_1898,211,24,GP,France.....,joined_weak,position,1275,16430,1286,16567,9714.8,,,,,,,1296,16567,9714.8,2
1898,cdn_33_5_1898,211,29,GP,Nova Scotia....,joined_weak,position,10,79,10,79,53.5,,,,,,,10.79,53.5,,-1
1898,cdn_33_5_1898,211,31,GP,Manitoba....,joined_weak,position,3,60,3,60,29.32,,,,,,,3.6,29.32,,-1
1898,cdn_33_5_1898,212,4,GP,Manitoba.....,joined_weak,position,,,74,78,66.6,,,,,,,74.78,66.6,,-1
1898,cdn_33_5_1898,212,17,GP,France.....,left_only,,20,32,,,,,,,,,,,,,
1898,cdn_33_5_1898,212,35,GP,Holland.....,left_only,,700,258,,,,,,,,,,,,,
1898,cdn_33_5_1898,212,38,GP,Portugal.....,left_only,,57,48,117,,,,,,,,,,,,
1898,cdn_33_5_1898,212,40,GP,,right_only,,,,,57,36.85,,,,,,,79.57,36.85,,-1
1898,cdn_33_5_1898,212,42,GP,Spanish Poss.: other.,joined_weak,position,112,68,208,96,52.0,,,,,,,208.96,52.0,,-1
1898,cdn_33_5_1898,212,44,GP,Switzerland.....,joined_weak,position,60,84,60,84,40.2,,,,,,,60.84,40.2,,-1
1898,cdn_33_5_1898,213,13,GP,France.....,joined_weak,position,,,1458,671,617.94,,,,,,,1488,671,617.94,2
1898,cdn_33_5_1898,213,16,GP,Portugal.....,joined_weak,position,437,321,54,73,37.02,,,,,,,51,73,37.02,2
1898,cdn_33_5_1898,213,18,GP,Spain.....,joined_weak,position,6696,3868,15321,6349,5634.58,,,,,,,13321,6349,5634.58,2
1898,cdn_33_5_1898,213,27,GP,,joined_weak,position,14454,7463,28836,13276,12055.24,,,,,,,26836,13276,12055.24,2
1898,cdn_33_5_1898,214,12,GP,,joined_weak,position,,163,252.27,15,13.68,,,,,,,27,15,13.68,2
1898,cdn_33_5_1898,214,15,GP,,joined_weak,position,,4,13.31,28,18.94,,,,,,,31,28,18.94,2
1898,cdn_33_5_1898,214,18,GP,,left_only,,,48.51,,,,,,,,,,,,,
1898,cdn_33_5_1898,214,31,GP,,joined_weak,position,,113,131.71,93,54.37,,,,,,,71,93,54.37,2
1898,cdn_33_5_1898,214,35,GP,,joined_weak,position,,15,3.15,3,6.9,,,,,,,15,3,6.9,2
1898,cdn_33_5_1898,215,8,GP,,joined_weak,position,,51,10.51,10,24.93,,,,,,,51,10,24.93,2
1898,cdn_33_5_1898,215,15,GP,,joined_weak,position,,31,79.31,79,36.92,,,,,,,31,79,36.92,2
1898,cdn_33_5_1898,215,23,GP,,joined_weak,position,,172,117.85,63,55.45,,,,,,,85,63,55.45,2
1898,cdn_33_5_1898,215,26,GP,,joined_weak,position,,27,22.27,22,19.02,,,,,,,27,22,19.02,2
1898,cdn_33_5_1898,215,39,GP,,joined_weak,position,,144,173.86,84,64.76,,,,,,,86,84,64.76,2
1898,cdn_33_5_1898,216,1,GP,1,left_only,,,92,291.92,,,,,,,,,,,,
1898,cdn_33_5_1898,216,2,GP,,joined_weak,position,,33.69,,291,132.38,,,,,,,92,291,132.38,2
1898,cdn_33_5_1898,216,3,GP,,joined_weak,position,,30,7.3,7,16.8,,,,,,,30,7,16.8,2
1898,cdn_33_5_1898,216,7,GP,,joined_weak,position,,68,50.68,50,48.32,,,,,,,68.5,48.32,,-1
1898,cdn_33_5_1898,216,14,GP,,joined_weak,position,,178,270.67,154,79.03,,,,,,,67,154,79.03,2
1898,cdn_33_5_1898,216,18,GP,,left_only,,,51,162.51,,,,,,,,,,,,
1898,cdn_33_5_1898,216,19,GP,,joined_weak,position,,11.23,,162,75.12,,,,,,,51,162,75.12,2
1898,cdn_33_5_1898,216,26,GP,,joined_weak,position,,91,78.91,78,70.72,,,,,,,91.78,70.72,,-1
1898,cdn_33_5_1898,216,30,GP,N. Brunswick.....,left_only,,373,464,,,,,,,,,,,,,
1898,cdn_33_5_1898,216,35,GP,"3 > "" "" 35 "" 36 ..",joined_weak,position,,113,412.62,327,132.2,,,,,,,62,327,132.2,2
1898,cdn_33_5_1898,216,37,GP,,left_only,,,58,13.58,,,,,,,,,,,,
1898,cdn_33_5_1898,216,38,GP,,joined_weak,position,,58.55,,13,35.8,,,,,,,58.13,35.8,,-1
1898,cdn_33_5_1898,216,41,GP,,joined_weak,position,,77,46.77,46,56.15,,,,,,,77.46,56.15,,-1
1898,cdn_33_5_1898,217,18,GP,"3 > "" > "" > 37 "" > 38 """,joined_weak,position,,26,100.43,121,62.53,,,,,,,43,121,62.53,2
1898,cdn_33_5_1898,217,23,GP,3 > Total....,joined_weak,position,,39,150.96,347,162.66,,,,,,,96,347,162.66,2
1898,cdn_33_5_1898,217,32,GP,3 > Total.....,joined_weak,position,,14,30.14,30,17.54,,,,,,,14,30,17.54,2
1898,cdn_33_5_1898,217,37,GP,"5 > "" > "" > 39 "" > 40 """,joined_weak,position,,96,29.96,29,73.02,,,,,,,96,29,73.02,2
1898,cdn_33_5_1898,218,5,GP,,joined_weak,position,,5232,70621,59474,15395.45,,,,,,,4626,59474,15395.45,2
1898,cdn_33_5_1898,218,6,GP,,joined_weak,position,,2,12,12,6.6,,,,,,,2.12,6.6,,-1
1898,cdn_33_5_1898,218,7,GP,,joined_weak,position,,255,1566,547,265.5,,,,,,,72,547,265.5,2
1898,cdn_33_5_1898,218,9,GP,,joined_weak,position,,6,49,49,34.5,,,,,,,6.49,34.5,,-1
1898,cdn_33_5_1898,218,10,GP,,joined_weak,position,,81,1753,1139,262.8,,,,,,,63,1139,262.8,2
1898,cdn_33_5_1898,218,11,GP,Total .....,joined_weak,position,,318,3731,8955,2467.8,,,,,,,687,8955,2467.8,2
1898,cdn_33_5_1898,218,12,GP,,joined_weak,position,,4611,61078,44708,11956.68,,,,,,,3496,44708,11956.68,2
1898,cdn_33_5_1898,218,13,GP,,joined_weak,position,,236,3250,3248,1141.65,,,,,,,228,3248,1141.65,2
1898,cdn_33_5_1898,218,14,GP,,joined_weak,position,,18,159,340,86.7,,,,,,,25,340,86.7,2
1898,cdn_33_5_1898,218,15,GP,,joined_weak,position,,18,252,1803,435.6,,,,,,,132,1803,435.6,2
1898,cdn_33_5_1898,218,16,GP,,joined_weak,position,,770,9588,8248,2072.55,,,,,,,629,8248,2072.55,2
1898,cdn_33_5_1898,218,18,GP,,left_only,,,15,308,,,,,,,,,,,,
1898,cdn_33_5_1898,218,19,GP,,joined_weak,position,,5986,78366,308,49.5,,,,,,,15,308,49.5,2
1898,cdn_33_5_1898,218,21,GP,,left_only,,,185,1172,,,,,,,,,,,,
1898,cdn_33_5_1898,218,22,GP,,joined_weak,position,,13658,93850,4425,1137.26,,,,,,,629,4425,1137.26,2
1898,cdn_33_5_1898,218,23,GP,,joined_weak,position,,1352,11450,83928,20682.12,,,,,,,12549,83928,20682.12,2
1898,cdn_33_5_1898,218,24,GP,,joined_weak,position,,1,4,5103,966.9,,,,,,,586,5103,966.9,2
1898,cdn_33_5_1898,218,25,GP,,joined_weak,position,,431,4978,4,2.85,,,,,,,1,4,2.85,2
1898,cdn_33_5_1898,218,26,GP,Total .....,joined_weak,position,,474,2572,3428,448.35,,,,,,,257,3428,448.35,2
1898,cdn_33_5_1898,218,27,GP,,joined_weak,position,,9738,67089,8310,1926.69,,,,,,,1143,8310,1926.69,2
1898,cdn_33_5_1898,218,28,GP,,joined_weak,position,,216,1440,40433,10800.49,,,,,,,6512,40433,10800.49,2
1898,cdn_33_5_1898,218,29,GP,,joined_weak,position,,82,265,1820,514.74,,,,,,,280,1820,514.74,2
1898,cdn_33_5_1898,218,30,GP,,joined_weak,position,,17,117,519,181.5,,,,,,,110,519,181.5,2
1898,cdn_33_5_1898,218,31,GP,,joined_weak,position,,5082,39777,2766,685.05,,,,,,,413,2766,685.05,2
1898,cdn_33_5_1898,218,32,GP,,joined_weak,position,,12,130,42846,9099.31,,,,,,,5546,42846,9099.31,2
1898,cdn_33_5_1898,218,33,GP,,joined_weak,position,,6,64,130,19.8,,,,,,,12,130,19.8,2
1898,cdn_33_5_1898,218,34,GP,,joined_weak,position,,15627,111454,64,9.9,,,,,,,6.64,9.9,,-1
1898,cdn_33_5_1898,218,36,GP,""" In bottles containing one half pint each or less ..",left_only,,,1,3,,,,,,,,,,,,
1898,cdn_33_5_1898,218,37,GP,,joined_weak,position,,320,967,3,1.72,,,,,,,1,3,1.72,2
1898,cdn_33_5_1898,218,38,GP,,joined_weak,position,,22,35,805,178.76,,,,,,,218,805,178.76,2
1898,cdn_33_5_1898,218,39,GP,Total .....,joined_weak,position,,45,183,35,28.95,,,,,,,22.35,28.95,,-1
1898,cdn_33_5_1898,218,40,GP,,joined_weak,position,,272,763,184,39.44,,,,,,,47,184,39.44,2
1898,cdn_33_5_1898,218,41,GP,,joined_weak,position,,22,35,521,118.08,,,,,,,144,521,118.08,2
1898,cdn_33_5_1898,218,42,GP,,joined_weak,position,,,24,35,28.95,,,,,,,22.35,28.95,,-1
1898,cdn_33_5_1898,218,43,GP,,joined_weak,position,,4,24,79,19.68,,,,,,,24.79,19.68,,-1
1898,cdn_33_5_1898,218,44,GP,,joined_weak,position,,343,1005,24,3.2800000000000002,,,,,,,4.24,3.2800000000000002,,-1
1898,cdn_33_5_1898,219,1,GP,,right_only,,,,,235,57.75,,,,,,,18,,,0
1898,cdn_33_5_1898,219,3,GP,,right_only,,,,,,,,,,,,,11,,,0
1898,cdn_33_5_1898,219,5,GP,,right_only,,,,,,,,,,,,,29,,,0
1898,cdn_33_5_1898,219,18,GP,"3 Starch, including farina, corn starch, &c. > Great Britain .....",joined_weak,position,,19294,,966,215.17,322258,18607,4229.73,,,,336603,19573,4444.9,2
1898,cdn_33_5_1898,219,19,GP,"3 Starch, including farina, corn starch, &c. > Belgium .....",joined_weak,position,459185,336,,,,2800,112,36.75,,,,2800,112,36.75,2
1898,cdn_33_5_1898,219,23,GP,Quebec .....,joined_weak,position,459185,25660,259693,13401,3895.4,193606,11931,2541.09,,,,453298,25332,6436.49,2
1898,cdn_33_5_1898,220,6,GP,N. Brunswick...,joined_weak,position,5,67,5,67,10.05,,,,,,,5.67,10.05,,-1
1898,cdn_33_5_1898,220,21,GP,..... Ontario.....,joined_weak,position,16,76,16,76,15.2,,,,,,,16.76,15.2,3,-2
1898,cdn_33_5_1898,221,0,GP,,right_only,,,,,984,344.4,,8188,2506.74,,,,,9172,2851.14,2
1898,cdn_33_5_1898,221,1,GP,,right_only,,,,,337,117.95,,8757,2681.86,,,,,9094,2799.81,2
1898,cdn_33_5_1898,221,2,GP,,right_only,,,,,,,,107,32.77,,,,,107,32.77,2
1898,cdn_33_5_1898,221,3,GP,,right_only,,,,,24,8.4,,77,23.58,,,,,101,31.98,2
1898,cdn_33_5_1898,221,4,GP,,right_only,,,,,4,1.4,,,,,,,,4,1.4,2
1898,cdn_33_5_1898,221,7,GP,,right_only,,,,,158,31.6,,,,,,,19,158,31.6,2
1898,cdn_33_5_1898,221,8,GP,,right_only,,,,,1382,276.4,,,,,,,568,1382,276.4,2
1898,cdn_33_5_1898,221,9,GP,"2 > „ Flagstones, dressed..... > Great Britain..... United States.....",joined_weak,position,,,,385,77.0,,,,,,,326,385,77.0,2
1898,cdn_33_5_1898,221,10,GP,Total ..... > Ontario..... Quebec.....,joined_weak,position,,,,1155,231.0,,,,,,,261,1155,231.0,2
1898,cdn_33_5_1898,221,12,GP,,right_only,,,,,383,57.45,,669,87.81,,,,,1052,145.26,2
1898,cdn_33_5_1898,221,13,GP,,right_only,,,,,16958,2544.65,,,,,,,,16958,2544.65,2
1898,cdn_33_5_1898,221,14,GP,,right_only,,,,,12464,1870.55,,,,,,,,12464,1870.55,2
1898,cdn_33_5_1898,221,15,GP,,right_only,,,,,3781,567.15,,669,87.81,,,,,4450,654.96,2
1898,cdn_33_5_1898,221,16,GP,,right_only,,,,,805,120.75,,,,,,,,805,120.75,2
1898,cdn_33_5_1898,221,17,GP,,right_only,,,,,221,33.15,,,,,,,,221,33.15,2
1898,cdn_33_5_1898,221,18,GP,,right_only,,,,,5,0.75,,,,,,,,5,0.75,2
1898,cdn_33_5_1898,221,19,GP,,right_only,,,,,65,9.75,,,,,,,,65,9.75,2
1898,cdn_33_5_1898,221,20,GP,,right_only,,,,,17341,2602.1,,669,87.81,,,,,18010,2689.91,2
1898,cdn_33_5_1898,221,21,GP,,right_only,,,,,11,2.75,,65,14.21,,,,,76,16.96,2
1898,cdn_33_5_1898,221,22,GP,,right_only,,,,,1,0.25,,,,,,,,1,0.25,2
1898,cdn_33_5_1898,221,23,GP,,right_only,,,,,25,6.25,,,,,,,,25,6.25,2
1898,cdn_33_5_1898,221,24,GP,,right_only,,,,,4105,1026.25,,,,,,,,4105,1026.25,2
1898,cdn_33_5_1898,221,31,GP,,right_only,,,,,629,188.7,,822,214.88,,,,,1451,403.58,2
1898,cdn_33_5_1898,221,32,GP,,right_only,,,,,5,1.5,,,,,,,,5,1.5,2
1898,cdn_33_5_1898,221,33,GP,,right_only,,,,,5,1.5,,,,,,,,5,1.5,2
1898,cdn_33_5_1898,221,34,GP,,right_only,,,,,,,,33,8.66,,,,,33,8.66,2
1898,cdn_33_5_1898,221,35,GP,,right_only,,,,,30,9.0,,301,79.02,,,,,331,88.02,2
1898,cdn_33_5_1898,222,35,GP,,right_only,,,,,467,156.78,,,,,,,15567,467,156.78,2
1898,cdn_33_5_1898,222,36,GP,"5 Sugars, syrups and molasses :— Sugar, above No. 16 D. S. in colour, all refined sugars of whatever kinds, grades or standards .....",joined_weak,position,,355,6,6,4.22,,,,,,,355,6,4.22,2
1898,cdn_33_5_1898,222,37,GP,"5 Sugars, syrups and molasses :— Sugar, above No. 16 D. S. in colour, all refined sugars of whatever kinds, grades or standards .....",joined_weak,position,,3069873,79838,71242,28192.75,,,,,,,2722370,71242,28192.75,2
1898,cdn_33_5_1898,222,38,GP,"5 Sugars, syrups and molasses :— Sugar, above No. 16 D. S. in colour, all refined sugars of whatever kinds, grades or standards .....",joined_weak,position,,44420,1009,561,226.2,,,,,,,22620,561,226.2,2
1898,cdn_33_5_1898,222,39,GP,"5 Sugars, syrups and molasses :— Sugar, above No. 16 D. S. in colour, all refined sugars of whatever kinds, grades or standards .....",joined_weak,position,,1790571,55420,56194,18719.1,,,,,,,1794220,56194,18719.1,2
1898,cdn_33_5_1898,222,40,GP,"5 Sugars, syrups and molasses :— Sugar, above No. 16 D. S. in colour, all refined sugars of whatever kinds, grades or standards ..... > France .....",joined_weak,position,,5241972,127025,1779,866.8,,,,,,,86680,1779,866.8,2
1898,cdn_33_5_1898,222,41,GP,"5 Sugars, syrups and molasses :— Sugar, above No. 16 D. S. in colour, all refined sugars of whatever kinds, grades or standards .....",joined_weak,position,,1042290,28281,125488,53600.55,,,,,,,5172123,125488,53600.55,2
1898,cdn_33_5_1898,222,42,GP,"5 Sugars, syrups and molasses :— Sugar, above No. 16 D. S. in colour, all refined sugars of whatever kinds, grades or standards .....",joined_weak,position,,335,5,21584,8986.27,,,,,,,783989,21584,8986.27,2
1898,cdn_33_5_1898,222,43,GP,"5 Sugars, syrups and molasses :— Sugar, above No. 16 D. S. in colour, all refined sugars of whatever kinds, grades or standards .....",joined_weak,position,,4650,112,5,4.47,,,,,,,335,5,4.47,2
1898,cdn_33_5_1898,222,44,GP,"5 Sugars, syrups and molasses :— Sugar, above No. 16 D. S. in colour, all refined sugars of whatever kinds, grades or standards .....",joined_weak,position,,7508567,192548,112,52.56,,,,,,,4650,112,52.56,2
1898,cdn_33_5_1898,223,0,GP,,right_only,,,,,275403,112294.68,,,,,,,11248678,275403,112294.68,2
1898,cdn_33_5_1898,223,1,GP,,right_only,,,,,200326,82499.16,,,,,,,7917081,200326,82499.16,2
1898,cdn_33_5_1898,223,2,GP,,right_only,,,,,15350,6059.26,,,,,,,564379,15350,6059.26,2
1898,cdn_33_5_1898,223,3,GP,,right_only,,,,,7318,3201.04,,,,,,,320104,7318,3201.04,2
1898,cdn_33_5_1898,223,4,GP,,right_only,,,,,9971,4337.1,,,,,,,419394,9971,4337.1,2
1898,cdn_33_5_1898,223,5,GP,,right_only,,,,,62009,19594.65,,,,,,,1877574,62009,19594.65,2
1898,cdn_33_5_1898,223,6,GP,,right_only,,,,,3059,1383.94,,,,,,,109836,3059,1383.94,2
1898,cdn_33_5_1898,223,7,GP,,right_only,,,,,12,2.2,,,,,,,220,12,2.2,2
1898,cdn_33_5_1898,223,8,GP,,right_only,,,,,573448,229372.03,,,,,,,22457266,573448,229372.03,2
1898,cdn_33_5_1898,223,9,GP,,right_only,,,,,54482,12186.56,,,,,,,2383770,54482,12186.56,2
1898,cdn_33_5_1898,223,10,GP,,right_only,,,,,37086,10342.23,,,,,,,2066751,37086,10342.23,2
1898,cdn_33_5_1898,223,11,GP,,right_only,,,,,180025,47483.52,,,,,,,8975931,180025,47483.52,2
1898,cdn_33_5_1898,223,12,GP,,right_only,,,,,68506,21489.63,,,,,,,4297926,68506,21489.63,2
1898,cdn_33_5_1898,223,13,GP,,right_only,,,,,563659,146204.02,,,,,,,28631597,563659,146204.02,2
1898,cdn_33_5_1898,223,14,GP,,right_only,,,,,146,42.18,,,,,,,8436,146,42.18,2
1898,cdn_33_5_1898,223,15,GP,,right_only,,,,,6350,1649.26,,,,,,,329852,6350,1649.26,2
1898,cdn_33_5_1898,223,16,GP,,right_only,,,,,90296,32192.69,,,,,,,6578784,90296,32192.69,2
1898,cdn_33_5_1898,223,17,GP,,right_only,,,,,524008,123988.5,,,,,,,24797700,524008,123988.5,2
1898,cdn_33_5_1898,223,18,GP,,right_only,,,,,1847963,470201.09,,,,,,,93093632,1847963,470201.09,2
1898,cdn_33_5_1898,223,19,GP,,right_only,,,,,423000,98916.67,,,,,,,19611903,423000,98916.67,2
1898,cdn_33_5_1898,223,20,GP,,right_only,,,,,68788,25752.68,,,,,,,5150536,68788,25752.68,2
1898,cdn_33_5_1898,223,21,GP,,right_only,,,,,74755,17026.05,,,,,,,3460159,74755,17026.05,2
1898,cdn_33_5_1898,223,22,GP,,right_only,,,,,356444,87482.72,,,,,,,17343061,356444,87482.72,2
1898,cdn_33_5_1898,223,23,GP,,right_only,,,,,34969,8183.94,,,,,,,1514863,34969,8183.94,2
1898,cdn_33_5_1898,223,24,GP,,right_only,,,,,2994486,775419.77,,,,,,,153625846,2994486,775419.77,2
1898,cdn_33_5_1898,223,25,GP,,right_only,,,,,791274,200585.13,,,,,,,39593905,791274,200585.13,2
1898,cdn_33_5_1898,223,26,GP,,right_only,,,,,3366,899.8,,,,,,,179954,3366,899.8,2
1898,cdn_33_5_1898,223,27,GP,,right_only,,,,,461219,107361.33,,,,,,,21300415,461219,107361.33,2
1898,cdn_33_5_1898,223,28,GP,,right_only,,,,,10194,2507.83,,,,,,,455055,10194,2507.83,2
1898,cdn_33_5_1898,223,29,GP,,right_only,,,,,4295508,1094957.8,,,,,,,216670038,4295508,1094957.8,2
1898,cdn_33_5_1898,223,30,GP,,right_only,,,,,70,19.71,,,,,,,2628,70,19.71,2
1898,cdn_33_5_1898,223,31,GP,,right_only,,,,,405,70.02,,,,,,,9336,405,70.02,2
1898,cdn_33_5_1898,223,32,GP,,right_only,,,,,65,56.53,,,,,,,7336,65,56.53,2
1898,cdn_33_5_1898,223,33,GP,,right_only,,,,,54,41.39,,,,,,,5519,54,41.39,2
1898,cdn_33_5_1898,223,34,GP,,right_only,,,,,19871,7348.41,,,,,,,978352,19871,7348.41,2
1898,cdn_33_5_1898,223,35,GP,"DUTIABLE GOODS—Con. > 1 Sugars, syrups and molasses— Sugar, above No. 16 D.S. in colour, all refined sugars of whatever kinds, grades or standards— Total..... > Ontario..... Quebec..... Nova Scotia..... N. Brunswick..... Manitoba..... B. Columbia..... P. E. Island..... N. W. Ter.....",joined_weak,position,,,,11092,4846.5,,,,,,,645427,11092,4846.5,2
1898,cdn_33_5_1898,223,36,GP,"2 "" Sugar not above No. 16 D. S. in colour, sugar drainings or pump- ings drained in transit, melado or concentrated melado, tank bottoms and sugar concrete..... > Great Britain..... Australia..... B. Guiana..... B. W. Indies..... Argentine Republic..... Belgium..... China..... Danish W. Indies..... Dutch E. Indies..... France..... Germany..... Peru..... Spanish E. Indies..... Spanish W. Indies..... United States.....",joined_weak,position,,,,911,372.49,,,,,,,49663,911,372.49,2
1898,cdn_33_5_1898,223,37,GP,Total..... > Ontario..... Quebec..... Nova Scotia..... N. Brunswick..... B. Columbia..... P. E. Island.....,joined_weak,position,,,,135,71.8,,,,,,,9573,135,71.8,2
1898,cdn_33_5_1898,223,38,GP,"3 "" Syrups and molasses of all kinds, N.O.P., the product of the sugar cane or beet, N.E.S., and all imi- tations thereof or substitutes therefor..... > Great Britain..... Australia..... B. W. Indies..... Hawaii..... United States.....",joined_weak,position,,,,47,27.24,,,,,,,3631,47,27.24,2
1898,cdn_33_5_1898,223,39,GP,Total..... > Ontario..... Quebec..... Nova Scotia..... Manitoba..... B. Columbia.....,joined_weak,position,,,,8280,2218.03,,,,,,,294877,8280,2218.03,2
1898,cdn_33_5_1898,225,1,GP,Australia.....,left_only,,60,9,,,,,,,,,,,,,
1898,cdn_33_5_1898,225,5,GP,Germany.....,joined_weak,position,300,50,,,,300,50,16.75,,,,200.5,16.75,,-1
1898,cdn_33_5_1898,225,17,GP,P. E. Island....,joined_weak,position,1279,131,622,59,23.76,657.72,24.93,1279,,,,131,48.69,,-1
1898,cdn_33_5_1898,225,18,GP,N. W. Ter.....,joined_weak,position,519,71,519,71,27.47,,,,,,,519.71,27.47,,-1
1898,cdn_33_5_1898,225,24,GP,Nova Scotia....,joined_weak,position,37922,739,50415,833,378.15,560.32,3.68,50975,,,,865,381.83,,-1
1898,cdn_33_5_1898,225,28,GP,P. E. Island....,joined_weak,position,3484,71,3484,71,26.14,,,,,,,3484.71,26.14,,-1
1898,cdn_33_5_1898,225,29,GP,N. W. Ter.....,joined_weak,position,2910,94,2910,94,21.83,,,,,,,2910.94,21.83,,-1
1898,cdn_33_5_1898,225,34,GP,United States.....,joined_weak,position,57,52,57,,,,,,,,,57.52,10.9,,-1
1898,cdn_33_5_1898,225,37,GP,B. Columbia....,joined_weak,position,7,57,,,,7,57,9.99,,,,7.57,9.99,,-1
1898,cdn_33_5_1898,228,4,GP,Quebec.....,joined_weak,position,196,69,196,69,6.9,,,,,,,196.69,6.9,,-1
1898,cdn_33_5_1898,228,5,GP,N. Brunswick..,joined_weak,position,227,75,227,75,7.5,,,,,,,227.75,7.5,,-1
1898,cdn_33_5_1898,228,22,GP,Quebec.....,joined_weak,position,2374,580,335,74,7.4,,,,,,,335.74,7.4,,-1
1898,cdn_33_5_1898,228,24,GP,N. Brunswick..,joined_weak,position,184,55,184,55,5.5,,,,,,,184.55,5.5,,-1
1898,cdn_33_5_1898,228,25,GP,Manitoba.....,joined_weak,position,322,93,322,93,9.3,,,,,,,322.93,9.3,,-1
1898,cdn_33_5_1898,228,31,GP,Quebec.....,joined_weak,position,900,72,900,72,7.2,,,,,,,900.72,7.2,,-1
1898,cdn_33_5_1898,229,33,GP,4 Tobacco and manufactures of :— > Cigarettes..... > Lbs. > Lbs. > Great Britain.....,joined_weak,position,3520,6274,2254,4664,7930.41,,,,,,,,4664,7930.41,2
1898,cdn_33_5_1898,229,41,GP,Japan.....,left_only,,21,2,,,,,,,,,,,,,
1898,cdn_33_5_1898,230,4,GP,,joined_weak,position,,19,31.19,31,64.93,,,,,,,19.31,64.93,,-1
1898,cdn_33_5_1898,230,6,GP,,joined_weak,position,,74,99.74,99,247.13,,,,,,,74.99,247.13,,-1
1898,cdn_33_5_1898,230,9,GP,,joined_weak,position,,38,20.38,20,119.0,,,,,,,38.2,119.0,,-1
1898,cdn_33_5_1898,230,15,GP,,joined_weak,position,,82,307.82,307,322.75,,,,,,,82,307,322.75,2
1898,cdn_33_5_1898,230,19,GP,Mexico.....,joined_weak,position,358,1043,598,774,1987.5,,,,,,,596,774,1987.5,2
1898,cdn_33_5_1898,230,20,GP,,joined_weak,position,,126,158.32,40,106.0,,,,,,,32.4,106.0,,-1
1898,cdn_33_5_1898,230,21,GP,Spain.....,joined_weak,position,,,59,50,189.5,,,,,,,59.5,189.5,,-1
1898,cdn_33_5_1898,230,25,GP,,joined_weak,position,,10,15.1,15,33.75,,,,,,,10.15,33.75,,-1
1898,cdn_33_5_1898,230,37,GP,,joined_weak,position,,51,44.51,44,28.05,,,,,,,51.44,28.05,,-1
1898,cdn_33_5_1898,230,39,GP,,joined_weak,position,,10,2.1,2,5.5,,,,,,,10,2,5.5,2
1898,cdn_33_5_1898,230,42,GP,,joined_weak,position,,53,5.53,5,29.15,,,,,,,53,5,29.15,2
1898,cdn_33_5_1898,231,8,GP,"2 "" Snuff..... > France.....",joined_weak,position,191,90,191,90,95.25,,,,,,,191.9,95.25,2,-2
1898,cdn_33_5_1898,231,30,GP,"4 "" Foreign raw leaf tobacco, un- stemmed, unmanufactured for ex- cise purposes..... > Great Britain.....",joined_weak,position,5024,897,2468,426,248.8,,,,,,,2488,426,248.8,2
1898,cdn_33_5_1898,232,2,GP,"1 Tobacco and manufactures of— Foreign raw leaf tobacco, stemmed, unmanufactured for excise purposes. > Manitoba.....",joined_weak,position,,,328,60,45.92,,,,,,,328.6,45.92,,-1
1898,cdn_33_5_1898,232,42,GP,N. W. Ter.....,joined_weak,position,171,77,171,77,3.95,,,,,,,171.77,3.95,,-1
1898,cdn_33_5_1898,234,0,GP,"DUTIABLE GOODS—Con. > 1 Twine, manufactures of— Hammocks and lawn tennis nets, sportsman's fish nets and other articles, N.O.P.— > Total..... > Ontario.....",joined_weak,position,,3711,,2762,828.6,949,249.14,3711,,,,1077.74,,,0
1898,cdn_33_5_1898,234,1,GP,Quebec.....,joined_weak,position,,2742,,1920,576.0,822,215.81,2742,,,,791.81,,,0
1898,cdn_33_5_1898,234,2,GP,Nova Scotia.....,joined_weak,position,,534,,534,160.2,,,534,,,,160.2,,,0
1898,cdn_33_5_1898,234,3,GP,N. Brunswick.....,joined_weak,position,,438,,412,123.6,26,6.48,438,,,,130.08,,,0
1898,cdn_33_5_1898,234,4,GP,Manitoba.....,joined_weak,position,,150,,150,45.0,,,150,,,,45.0,,,0
1898,cdn_33_5_1898,234,5,GP,B. Columbia.....,joined_weak,position,,402,,249,75.0,69,18.14,318,,,,93.14,,,0
1898,cdn_33_5_1898,234,6,GP,P. E. Island.....,joined_weak,position,,1,,1,0.3,,,1,,,,0.3,,,0
1898,cdn_33_5_1898,234,7,GP,N. W. Ter.....,joined_weak,position,,21,,21,6.3,,,21,,,,6.3,,,0
1898,cdn_33_5_1898,234,8,GP,,joined_weak,position,,7999,,6049,1815.0,1806,489.57,7915,,,,2304.57,,,0
1898,cdn_33_5_1898,234,9,GP,"2 Umbrellas, parasols and sunshades, of all kinds and materials..... > Great Britain.....",joined_weak,position,,107012,,2078,727.3,105066,32156.6,107084,,,,32883.9,,,0
1898,cdn_33_5_1898,234,10,GP,China.....,joined_weak,position,,54,,54,18.9,,,54,,,,18.9,,,0
1898,cdn_33_5_1898,234,11,GP,France.....,joined_weak,position,,856,,183,64.05,673,206.12,856,,,,270.17,,,0
1898,cdn_33_5_1898,234,12,GP,Germany.....,joined_weak,position,,4745,,128,44.8,4617,1413.96,4745,,,,1458.76,,,0
1898,cdn_33_5_1898,234,13,GP,Italy.....,joined_weak,position,,116,,116,40.6,,,116,,,,40.6,,,0
1898,cdn_33_5_1898,234,14,GP,Japan.....,joined_weak,position,,89,,62,21.7,27,8.27,89,,,,20.97,,,0
1898,cdn_33_5_1898,234,15,GP,Switzerland.....,joined_weak,position,,59,,,,59,18.1,59,,,,18.1,,,0
1898,cdn_33_5_1898,234,16,GP,United States.....,joined_weak,position,,3904,,3904,1366.4,,,3904,,,,1366.4,,,0
1898,cdn_33_5_1898,234,17,GP,Total..... > Ontario.....,joined_weak,position,,48450,,2584,904.4,45946,14071.13,48530,,,,14975.53,,,0
1898,cdn_33_5_1898,234,18,GP,Quebec.....,joined_weak,position,,46960,,2374,830.9,44636,13669.92,47010,,,,14500.82,,,0
1898,cdn_33_5_1898,234,19,GP,Nova Scotia.....,joined_weak,position,,7202,,128,44.8,7067,2164.32,7195,,,,2209.12,,,0
1898,cdn_33_5_1898,234,20,GP,N. Brunswick.....,joined_weak,position,,5435,,216,75.6,5168,1580.98,5384,,,,1656.58,,,0
1898,cdn_33_5_1898,234,21,GP,Manitoba.....,joined_weak,position,,2491,,254,88.9,2237,685.09,2491,,,,773.99,,,0
1898,cdn_33_5_1898,234,22,GP,B. Columbia.....,joined_weak,position,,4978,,953,333.55,4025,1232.56,4978,,,,1566.11,,,0
1898,cdn_33_5_1898,234,23,GP,P. E. Island.....,joined_weak,position,,1319,,16,5.6,1303,399.05,1319,,,,404.65,,,0
1898,cdn_33_5_1898,234,24,GP,,joined_weak,position,,116835,,6525,2253.75,110382,33803.05,116907,,,,36086.8,,,0
1898,cdn_33_5_1898,234,25,GP,3 Unenumerated articles..... > Great Britain.....,joined_weak,position,,22698,,2090,418.0,18235,3191.25,20325,,,,3609.25,,,0
1898,cdn_33_5_1898,234,26,GP,Australia.....,joined_weak,position,,3,,3,0.6,,,3,,,,0.6,,,0
1898,cdn_33_5_1898,234,27,GP,B. W. Indies.....,joined_weak,position,,486,,297,59.4,,,297,,,,59.4,,,0
1898,cdn_33_5_1898,234,28,GP,Newfoundland.....,joined_weak,position,,22,,22,4.4,,,22,,,,4.4,,,0
1898,cdn_33_5_1898,234,29,GP,Austria.....,joined_weak,position,,17,,,,17,2.9699999999999998,17,,,,2.9699999999999998,,,0
1898,cdn_33_5_1898,234,30,GP,China.....,joined_weak,position,,302,,302,60.4,,,302,,,,60.4,,,0
1898,cdn_33_5_1898,234,31,GP,France.....,joined_weak,position,,882,,713,142.6,349,61.07,1062,,,,203.67,,,0
1898,cdn_33_5_1898,234,32,GP,F. W. Indies.....,joined_weak,position,,350,,230,46.0,,,230,,,,46.0,,,0
1898,cdn_33_5_1898,234,33,GP,Germany.....,joined_weak,position,,767,,1,0.2,301,52.67,302,,,,52.87,,,0
1898,cdn_33_5_1898,234,34,GP,United States.....,joined_weak,position,,136666,,128117,25624.05,,,128117,,,,25624.05,,,0
1898,cdn_33_5_1898,234,35,GP,Total..... > Ontario.....,joined_weak,position,,52748,,49845,9969.0,2434,426.04,52279,,,,10395.04,,,0
1898,cdn_33_5_1898,234,36,GP,Quebec.....,joined_weak,position,,40072,,32609,6521.8,7118,1245.63,39727,,,,7767.43,,,0
1898,cdn_33_5_1898,234,37,GP,Nova Scotia.....,joined_weak,position,,13106,,11368,2273.65,1283,224.58,12651,,,,2498.18,,,0
1898,cdn_33_5_1898,234,38,GP,N. Brunswick.....,joined_weak,position,,2750,,2162,432.8,588,102.91,2750,,,,535.71,,,0
1898,cdn_33_5_1898,234,39,GP,Manitoba.....,joined_weak,position,,3288,,3069,613.8,208,36.39,3277,,,,650.19,,,0
1898,cdn_33_5_1898,234,40,GP,B. Columbia.....,joined_weak,position,,49282,,31782,6356.4,7264,1271.23,39046,,,,7627.63,,,0
1898,cdn_33_5_1898,234,41,GP,P. E. Island.....,joined_weak,position,,354,,347,69.4,7,1.23,354,,,,70.63,,,0
1898,cdn_33_5_1898,234,42,GP,N. W. Ter.....,joined_weak,position,,593,,593,118.8,,,593,,,,118.8,,,0
1898,cdn_33_5_1898,234,43,GP,,joined_weak,position,,162193,,131775,26355.65,18902,3307.96,150677,,,,29663.61,,,0
1898,cdn_33_5_1898,235,3,GP,"1 Varnish, lacquers, japans, japan dryers, liquid dryers, and oil finish, N.E.S. > Japan.....",left_only,,158,869,,,,,,,,,,,,,
1898,cdn_33_5_1898,235,11,GP,P. E. Island.....,joined_weak,position,24,79,24,79,20.6,,,,,,,24.79,20.6,,-1
1898,cdn_33_5_1898,235,29,GP,"3 "" Potatoes .. > Nova Scotia.....",joined_weak,position,125,89,125,89,15.68,,,,,,,125.89,15.68,,-1
1898,cdn_33_5_1898,236,20,GP,"3 "" Tomatoes and other vegetables, including corn and baked beans in cans or other packages, N. E. S.... > Lbs. > Lbs. > Great Britain.....",joined_weak,position,45713,4945,9652,909,144.77,23685,3063,312.73,,,,33287,4062,457.5,0
1898,cdn_33_5_1898,237,22,GP,"2 Vinegar, of any strength not exceeding strength of proof ..... > Great Britain ..... > Galls. > Galls. > China .....",joined_weak,position,34606,8564,3226,631,483.81,,5892,2995.56,,,,,6523,3479.37,2
1898,cdn_33_5_1898,238,0,GP,,right_only,,,,,,,117,75,23.56,,,,117.75,23.56,1,-2
1898,cdn_33_5_1898,238,4,GP,"5 "" "" containing 18 degrees above strength of proof..... > Great Britain— B. Columbia....",joined_weak,position,10,47,,,,6,26,2.68,,,,6.26,2.68,5,-2
1898,cdn_33_5_1898,238,10,GP,,right_only,,,,,,,63,62,63.91,,,,63.62,63.91,11,-2
1898,cdn_33_5_1898,238,11,GP,"11 "" "" containing 50 degrees above strength of proof..... > Germany— Ontario..... B. Columbia....",joined_weak,position,,,,,,137,119,136.68,,,,137,119,136.68,2
1898,cdn_33_5_1898,238,13,GP,,right_only,,,,,,,95,18,113.88,,,,95.18,113.88,,-1
1898,cdn_33_5_1898,238,14,GP,"13 "" "" containing 64 degrees above strength of proof..... > Germany— Ontario.....",joined_weak,position,125,24,,,,25,5,31.28,,,,25,5,31.28,2
1898,cdn_33_5_1898,238,16,GP,"15 "" "" containing 70 degrees above strength of proof..... > Germany— Ontario.....",joined_weak,position,275,315,,,,230,291,315.65,,,,230,291,315.65,2
1898,cdn_33_5_1898,238,19,GP,,right_only,,,,,74,56.63,669,614,749.0,,,,754,688,805.63,2
1898,cdn_33_5_1898,238,20,GP,,right_only,,,,,,,261,116,72.37,,,,261,116,72.37,2
1898,cdn_33_5_1898,238,21,GP,,right_only,,,,,31,11.09,,,,,,,7.31,11.09,,-1
1898,cdn_33_5_1898,238,22,GP,,right_only,,,,,45,66.15,,,,,,,45.45,66.15,,-1
1898,cdn_33_5_1898,238,23,GP,18 Recapitulation of vinegar above strength of proof by provinces..... > Ontario..... Quebec..... Nova Scotia..... Manitoba..... B. Columbia.....,joined_weak,position,,,,1192,216.78,143,147,139.36,,,,1271,1339,356.14,2
1898,cdn_33_5_1898,239,2,GP,Germany.....,joined_weak,position,1121,822,,,,948,773,934.14,,,,948,773,934.14,2
1898,cdn_33_5_1898,241,32,GP,Total..... > Ontario.....,joined_weak,position,7900,8226,7834,8181,1566.8,21.21,3.69,7855,,,,8202,1570.49,,-1
1898,cdn_33_5_1898,241,39,GP,N. W. Ter.....,joined_weak,position,94,54,94,54,18.8,,,,,,,94.54,18.8,,-1
1898,cdn_33_5_1898,242,3,GP,1 Wood and manufactures of— Fishing rods..... > Total.....,left_only,,,8362,,,,,,,,,,,,,
1898,cdn_33_5_1898,242,11,GP,,right_only,,,,,6132,1838.1,,2222,583.36,,,,,8354,2421.46,2
1898,cdn_33_5_1898,242,21,GP,"3 "" Mouldings, plain, gilded or otherwise further manufactured..... > United States.....",left_only,,,25091,,,,,,,,,,,,,
1898,cdn_33_5_1898,242,31,GP,,right_only,,,,,25285,6321.31,,,,,,,,25285,6321.31,2
1898,cdn_33_5_1898,244,0,GP,,right_only,,,,,1029,257.25,,,,,,,10,1029,257.25,2
1898,cdn_33_5_1898,244,1,GP,,right_only,,,,,2293,573.25,,,,,,,272,2293,573.25,2
1898,cdn_33_5_1898,244,2,GP,,right_only,,,,,32251,8062.75,,,,,,,8380,32251,8062.75,2
1898,cdn_33_5_1898,244,3,GP,,right_only,,,,,3486,871.5,,,,,,,398,3486,871.5,2
1898,cdn_33_5_1898,244,4,GP,"DUTIABLE GOODS—Con. > 1 Wood and manufactures of— Sawed boards, planks, deals, planed or dressed on one or both sides, when the edges thereof are jointed or tongued and grooved..... > United States— Ontario..... Quebec..... Manitoba..... B. Columbia..... N. W. Ter.....",joined_weak,position,,,,298,74.5,,,,,,,25,298,74.5,2
1898,cdn_33_5_1898,244,6,GP,,right_only,,,,,5346,1069.2,,,,,,,,5346,1069.2,2
1898,cdn_33_5_1898,244,7,GP,,right_only,,,,,1113,222.6,,,,,,,,1113,222.6,2
1898,cdn_33_5_1898,244,8,GP,,right_only,,,,,130,26.0,,,,,,,,130,26.0,2
1898,cdn_33_5_1898,244,9,GP,,right_only,,,,,91,18.2,,,,,,,,91,18.2,2
1898,cdn_33_5_1898,244,10,GP,,right_only,,,,,542,108.3,,,,,,,,542,108.3,2
1898,cdn_33_5_1898,244,11,GP,,right_only,,,,,302,60.4,,,,,,,,302,60.4,2
1898,cdn_33_5_1898,244,12,GP,,right_only,,,,,38,7.6,,,,,,,,38,7.6,2
1898,cdn_33_5_1898,244,15,GP,,right_only,,,,,59,11.8,,370,64.8,,,,,429,76.6,2
1898,cdn_33_5_1898,244,16,GP,,right_only,,,,,464,92.8,,,,,,,,464,92.8,2
1898,cdn_33_5_1898,244,17,GP,,right_only,,,,,64,12.8,,32,5.6,,,,,96,18.4,2
1898,cdn_33_5_1898,244,18,GP,,right_only,,,,,11,2.2,,1358,237.65,,,,,1369,239.85,2
1898,cdn_33_5_1898,244,19,GP,,right_only,,,,,7206,1441.2,,,,,,,,7206,1441.2,2
1898,cdn_33_5_1898,244,20,GP,,right_only,,,,,5677,1135.4,,180,31.51,,,,,5857,1166.91,2
1898,cdn_33_5_1898,244,21,GP,,right_only,,,,,2108,421.6,,1565,273.91,,,,,3673,695.51,2
1898,cdn_33_5_1898,244,22,GP,,right_only,,,,,19,3.8,,6,1.05,,,,,25,4.85,2
1898,cdn_33_5_1898,244,23,GP,,right_only,,,,,,,,9,1.58,,,,,9,1.58,2
1898,cdn_33_5_1898,244,24,GP,,right_only,,,,,7804,1560.8,,1760,308.05,,,,,9564,1868.85,2
1898,cdn_33_5_1898,244,25,GP,,right_only,,,,,265,19.85,,,,,,,,265,19.85,2
1898,cdn_33_5_1898,244,26,GP,,right_only,,,,,60904,4567.81,,,,,,,,60904,4567.81,2
1898,cdn_33_5_1898,244,27,GP,,right_only,,,,,54476,4085.67,,,,,,,,54476,4085.67,2
1898,cdn_33_5_1898,244,28,GP,,right_only,,,,,6542,490.65,,,,,,,,6542,490.65,2
1898,cdn_33_5_1898,244,29,GP,,right_only,,,,,95,7.13,,,,,,,,95,7.13,2
1898,cdn_33_5_1898,244,30,GP,,right_only,,,,,56,4.21,,,,,,,,56,4.21,2
1898,cdn_33_5_1898,245,32,GP,"5 "" Window shades in the piece or cut and hemmed or mounted on rollers, N.E.S..... > Sq. Yds. > Sq. Yds. > Great Britain.....",joined_weak,position,1260,88,,,,1260,88,26.97,,,,1260.88,26.97,5,-2
1898,cdn_33_5_1898,246,3,GP,,joined_weak,position,,60,36.6,36,12.6,,,,,,,60,36,12,0
1898,cdn_33_5_1898,246,10,GP,,joined_weak,position,,30,21.3,21,7.35,,,,,,,30,21,7,0
1898,cdn_33_5_1898,246,11,GP,,joined_weak,position,,40,19.4,19,6.65,,,,,,,40,19,6,0
1898,cdn_33_5_1898,246,12,GP,,joined_weak,position,,24,10.24,10,3.5,,,,,,,24,10,3,0
1898,cdn_33_5_1898,246,13,GP,,joined_weak,position,,24,16.24,16,5.6,,,,,,,24,16,5,0
1898,cdn_33_5_1898,246,17,GP,,joined_weak,position,,185,134.95,61,21.35,90,73,22.37,,,,185,134,43,0
1898,cdn_33_5_1898,246,18,GP,,joined_weak,position,,159,96.6,29,10.15,99,67,20.53,,,,159,96,30,0
1898,cdn_33_5_1898,246,21,GP,,joined_weak,position,,118,24.15,3,1.05,103,21,6.43,,,,118,24,7,0
1898,cdn_33_5_1898,246,24,GP,"3 > "" Cassimeres..... > Great Britain....",joined_weak,position,,49277,,4449,1557.15,,47371,14515.41,,,,189468,51820,16072,0
1898,cdn_33_5_1898,246,27,GP,,left_only,,,108.33,,,,,,,,,,,,,
1898,cdn_33_5_1898,246,28,GP,United States....,joined_weak,position,200,100,,,,108,33,10.11,,,,108,33,10,0
1898,cdn_33_5_1898,246,29,GP,Total .....,joined_weak,position,,3096,660.33,32,11.2,3063,628,194.94,,,,3096,660,206,0
1898,cdn_33_5_1898,246,32,GP,,joined_weak,position,,54,48.54,48,16.8,,,,,,,54,48,16,0
1898,cdn_33_5_1898,246,37,GP,,joined_weak,position,,14,7.14,7,2.45,,,,,,,14,7,2,0
1898,cdn_33_5_1898,246,41,GP,,joined_weak,position,,315,246.45,77,26.95,270,169,51.8,,,,315,246,78,0
1898,cdn_33_5_1898,247,15,GP,Quebec.....,joined_weak,position,520659,292627,12102,3967,1388.45,500303,284974,87273.59,,,,512410,288941,88662.04,2
1898,cdn_33_5_1898,247,22,GP,"4 "" Overcoatings..... > Quebec.....",joined_weak,position,12706,4585,,,,7559,3362,1029.65,,,,7559,3362,1029.65,2
1898,cdn_33_5_1898,247,27,GP,"5 "" Tweeds..... > Austria.....",joined_weak,position,4108,464,,,,3888,376,115.15,,,,3888,376,115.15,2
1898,cdn_33_5_1898,248,8,GP,"2 > "" Flannels..... > Great Britain.....",joined_weak,position,328716,52244,17674,3803,1330.79,306200,47998,14693.1,,,,323964,51801,16023.89,2
1898,cdn_33_5_1898,248,9,GP,,joined_weak,position,,3802,860.72,21,7.35,3730,839,256.73,,,,3802,860,264.08,2
1898,cdn_33_5_1898,248,19,GP,,joined_weak,position,,274,63.81,12,3.94,193,51,14.52,,,,274.63,18.46,,-1
1898,cdn_33_5_1898,248,38,GP,,joined_weak,position,,60.26,,,,60,26,7.96,,,,60.26,7.96,,-1
1898,cdn_33_5_1898,249,22,GP,"Doz. > Doz. > 3 > "" Shirts of wool.....",joined_weak,position,,3173,10832.32,247,86.45,2868,9333,2858.14,,,,2900,9580,2944.59,2
1898,cdn_33_5_1898,249,24,GP,Germany.....,joined_weak,position,302,1621,,2,0.7,552,2776,850.37,,,,552,2778,851.07,2
1898,cdn_33_5_1898,249,31,GP,,joined_weak,position,,194,2046.67,734,256.9,114,1195,366.38,,,,181,1929,623.28,2
1898,cdn_33_5_1898,249,32,GP,,joined_weak,position,,12.77,,,,12,77,23.59,,,,12,77,23.59,2
1898,cdn_33_5_1898,249,33,GP,,joined_weak,position,,8.58,,58,20.3,,,,,,,8,58,20.3,2
1898,cdn_33_5_1898,250,43,GP,N. W. Ter.....,joined_weak,position,230,165,114,69,20.66,116.96,23.58,230,,,,165,44.24,,-1
1898,cdn_33_5_1898,251,22,GP,"2 „ Women’s and children’s dress goods, coat linings, Italian cloths, alpaca, orleans, cashmeres, henrietas, serges, buntings, nun’s cloth, bengalines, whip cords, twills, plains or jasquards of similar fabrics, composed wholly or in part of wool, worsted, the hair of the camel, alpaca, goat or like animal, not exceeding in weight six ounces to the square yard, imported in the gray or unfinished state for the purpose of being dyed or finished in Canada..... > Switzerland.....",joined_weak,position,11261,2239,,,,17000,3203,700.19,,,,17000,3203,700.19,2
1898,cdn_33_5_1898,252,19,GP,,left_only,,,896855,,,,,,,,,,,,,
1898,cdn_33_5_1898,252,20,GP,"2 "" Hosiery, N.E.S. .... > Great Britain.....",left_only,,,16755,,,,,,,,,,,,,
1898,cdn_33_5_1898,252,38,GP,"3 "" Carpets, Brussels..... > Manitoba.....",joined_weak,position,,23889,13894.1,4,1.4,23879,13890,4253.84,,,,33889,13894,4255.24,2
1898,cdn_33_5_1898,253,23,GP,United States .....,joined_weak,position,134,84,134,84,29.4,,,,,,,134.84,29.4,,-1
1898,cdn_33_5_1898,253,24,GP,Total .....,joined_weak,position,112,56,112,56,19.6,,,,,,,112.56,19.6,,-1
1898,cdn_33_5_1898,253,25,GP,Nova Scotia .....,joined_weak,position,140,85,65,50,17.5,75,35,10.72,,,,140.85,28.22,,-1
1898,cdn_33_5_1898,253,34,GP,N. Brunswick...,joined_weak,position,302,180,149,111,38.85,103.69,21.13,302,,,,180,59.98,,-1
1898,cdn_33_5_1898,254,3,GP,Total .....,left_only,,27843,14142,1328,,,,,,,,,,,,
1898,cdn_33_5_1898,254,9,GP,B. Columbia.....,joined_weak,position,186,78,186,78,26.95,,,,,,,186.78,26.95,,-1
1898,cdn_33_5_1898,254,11,GP,,right_only,,,,,3287,1147.7,19829,11171,3431.93,,,,28287,14458,4579.63,2
1898,cdn_33_5_1898,254,13,GP,United States.....,left_only,,3657,1350,4273,,,,,,,,,,,,
1898,cdn_33_5_1898,254,16,GP,Quebec.....,joined_weak,position,131,72,131,72,25.2,,,,,,,131.72,25.2,,-1
1898,cdn_33_5_1898,254,20,GP,,right_only,,,,,1578,551.6,4679,1419,434.58,,,,8952,2997,986.18,2
1898,cdn_33_5_1898,254,22,GP,Austria.....,joined_weak,position,108,70,108,70,14.0,,,,,,,108.7,14.0,,-1
1898,cdn_33_5_1898,254,27,GP,Total .....,left_only,,463578,183323,140466,,,,,,,,,,,,
1898,cdn_33_5_1898,254,34,GP,,right_only,,,,,43663,8732.6,222274,92367,16164.23,,,,362740,136030,24896.83,2
1898,cdn_33_5_1898,254,35,GP,,right_only,,,,,,,,,,,,,,,,0
1898,cdn_33_5_1898,254,38,GP,Total .....,left_only,,31026,1419,30516,,,,,,,,,,,,
1898,cdn_33_5_1898,254,42,GP,,right_only,,,,,1289,257.8,510,130,22.59,,,,31026,1419,280.39,2
1898,cdn_33_5_1898,255,1,GP,Total..... > Quebec.....,left_only,,200,17,200,,,,,,,,,,,,
1898,cdn_33_5_1898,255,27,GP,,right_only,,,,,,27704.01,,,3188.78,,,,,,30892.79,1
1898,cdn_33_5_1898,255,28,GP,,right_only,,,,,,3548.32,,,837.04,,,,,,4385.36,1
1898,cdn_33_5_1898,255,29,GP,,right_only,,,,,,1158.79,,,200.99,,,,,,1359.78,1
1898,cdn_33_5_1898,255,30,GP,,right_only,,,,,,1753.38,,,25.78,,,,,,1779.16,1
1898,cdn_33_5_1898,255,31,GP,,right_only,,,,,,546.32,,,80.38,,,,,,626.7,1
1898,cdn_33_5_1898,255,32,GP,,right_only,,,,,,1428.4,,,53.48,,,,,,1481.88,1
1898,cdn_33_5_1898,255,33,GP,,right_only,,,,,,17.25,,,9.78,,,,,,27.03,1
1898,cdn_33_5_1898,255,34,GP,,right_only,,,,,,163.34,,,,,,,,,163.34,1
1898,cdn_33_5_1898,255,36,GP,,right_only,,,,,,,,,,,,,,,246819.65,-1
1898,cdn_33_5_1898,255,37,GP,,right_only,,,,,,,,,,,,,,,63179.39,-1
1898,cdn_33_5_1898,255,38,GP,,right_only,,,,,49670826,15357854.23,,24954262,6489935.22,,,,,74625088,22157788.49,0
