commodity,year,t1_value,origin_value,v_ratio,v_bucket,t1_qty,origin_qty,q_ratio,q_bucket,unit,n_origins,split
Cotton — Raw,1899,27672399,18671869,0.6747,under,14520062,14520033,1.0,exact01,Cwt,25,VALUE-ONLY-DEFECT
"Sugar — Unrefined, Total",1888,17857469,12108668,0.6781,under,17857469,17857469,1.0,exact01,Cwt,32,VALUE-ONLY-DEFECT
Maize Or Indian Corn,1899,12978025,13848016,1.067,over,62741350,62791050,1.0008,exact01,Cwt,14,VALUE-ONLY-DEFECT
Maize Or Indian Corn,1897,9188708,8564423,0.9321,under,53785380,53825580,1.0007,exact01,Cwt,14,VALUE-ONLY-DEFECT
"Sugar — Other Sorts, Including Candy",1898,8482915,7982668,0.941,under,13974041,13976483,1.0002,exact01,Cwt,10,VALUE-ONLY-DEFECT
Barley,1894,7690579,7083793,0.9211,under,31241384,31272465,1.001,exact01,Cwt,17,VALUE-ONLY-DEFECT
Jute,1883,4528429,4528429,1.0,exact01,7385028,116,0.0,under,Cwt,11,QTY-ONLY-DEFECT
Seeds — Flax Or Linseed,1880,4280469,4280469,1.0,exact01,1675271,1775271,1.0597,over,Quarter,9,QTY-ONLY-DEFECT
Hams,1898,3894839,3894795,1.0,exact01,1972299,1672294,0.8479,under,Cwt,8,QTY-ONLY-DEFECT
"Iron — Manufactures Of Iron Or Steel, Unenumerated",1899,3273520,2973457,0.9083,under,4504076,4503476,0.9999,exact01,Cwt,15,VALUE-ONLY-DEFECT
Jute,1886,3006295,3006295,1.0,exact01,267455,5349109,20.0,over,Cwt,8,QTY-ONLY-DEFECT
Eggs,1874,2433134,2433104,1.0,exact01,5671269,5332246,0.9402,under,Great Hundred,9,QTY-ONLY-DEFECT
Fruit — Oranges,1899,2182233,1292739,0.5924,under,8553713,8558124,1.0005,exact01,Bushel,14,VALUE-ONLY-DEFECT
Indigo,1874,2153732,1820732,0.8454,under,85707,85704,1.0,exact01,Cwt,10,VALUE-ONLY-DEFECT
Cotton,1898,2069111,2284185,1.1039,over,430432,430630,1.0005,exact01,Ton,37,VALUE-ONLY-DEFECT
Paper-Making Materials — Pulp Of Wood,1897,1939761,1604059,0.8269,under,388304,387974,0.9992,exact01,Ton,14,VALUE-ONLY-DEFECT
"Drugs — Bark, Peruvian",1882,1790220,2117151,1.1826,over,139285,139286,1.0,exact01,Cwt,16,VALUE-ONLY-DEFECT
Cotton,1875,1743326,6819711,3.9119,over,202205,202205,1.0,exact01,Ton,12,VALUE-ONLY-DEFECT
Sugar — In Lumps And Loaves,1898,1685967,1589764,0.9429,under,2546213,2546185,1.0,exact01,Cwt,4,VALUE-ONLY-DEFECT
"Animals, Living — Sheep And Lambs",1874,1610355,2310065,1.4345,over,758915,758315,0.9992,exact01,Number,7,VALUE-ONLY-DEFECT
Leather Manufactures — Gloves,1887,1513456,1628716,1.0762,over,1513456,1513456,1.0,exact01,Dozen Pairs,8,VALUE-ONLY-DEFECT
Caoutchouc,1877,1484794,1584794,1.0673,over,159723,159723,1.0,exact01,Cwt,18,VALUE-ONLY-DEFECT
Leather Manufactures — Gloves,1888,1470966,1598616,1.0868,over,1470966,1470876,0.9999,exact01,Dozen Pairs,6,VALUE-ONLY-DEFECT
Fruit — Currants,1878,1415179,1666946,1.1779,over,1087266,1087266,1.0,exact01,Cwt,9,VALUE-ONLY-DEFECT
Pyrites Of Iron Or Copper,1875,1406995,1406995,1.0,exact01,537555,507555,0.9442,under,Ton,4,QTY-ONLY-DEFECT
Spirits — Brandy,1890,1401919,1901035,1.356,over,3100450,3098458,0.9994,exact01,Proof Gallon,6,VALUE-ONLY-DEFECT
"Preserved, Otherwise Than By Salting",1878,1315701,1415701,1.076,over,439900,439905,1.0,exact01,Cwt,7,VALUE-ONLY-DEFECT
Oil — Palm,1882,1240866,1240966,1.0001,exact01,813870,873872,1.0737,over,Cwt,7,QTY-ONLY-DEFECT
"Woollen Yarn — For Fancy Purposes, Including Berlin Wool And Zephyr Yarn",1895,1221104,216440,0.1772,under,1221194,1220214,0.9992,exact01,Lb,5,VALUE-ONLY-DEFECT
"Woollen Yarn — For Fancy Purposes, Including Berlin Wool And Zephyr Yarn",1894,1219965,224357,0.1839,under,1219965,1219151,0.9993,exact01,Lb,4,VALUE-ONLY-DEFECT
Fruit — Oranges And Lemons,1881,1167562,1467562,1.2569,over,3835103,3835103,1.0,exact01,Bushel,6,VALUE-ONLY-DEFECT
"Woollen Yarn — For Fancy Purposes, Including Berlin Wool And Zephyr Yarn",1897,1129496,196567,0.174,under,1129496,1129496,1.0,exact01,Lb,5,VALUE-ONLY-DEFECT
"Drugs — Bark, Peruvian",1883,1123516,1423516,1.267,over,116921,116921,1.0,exact01,Cwt,20,VALUE-ONLY-DEFECT
Fruit — Raisins,1876,1058106,2370961,2.2408,over,583860,583860,1.0,exact01,Cwt,27,VALUE-ONLY-DEFECT
Oil — Palm,1886,1050459,1209556,1.1515,over,1004419,1004419,1.0,exact01,Cwt,17,VALUE-ONLY-DEFECT
Oil — Olive,1885,981348,981354,1.0,exact01,21227,24209,1.1405,over,Tun,11,QTY-ONLY-DEFECT
"Animals, Living — Sheep And Lambs",1899,942891,131811,0.1398,under,607755,608055,1.0005,exact01,Number,6,VALUE-ONLY-DEFECT
"Paper-Making Materials — Esparto, And Other Vegetable Fibres",1897,825195,825105,0.9999,exact01,204579,123159,0.602,under,Ton,5,QTY-ONLY-DEFECT
Oil — Coco-Nut,1872,822257,822257,1.0,exact01,433883,403883,0.9309,under,Cwt,5,QTY-ONLY-DEFECT
"Skins, Furs, And Pelts — Seal",1888,712743,578655,0.8119,under,712743,712743,1.0,exact01,Number,12,VALUE-ONLY-DEFECT
Gutta Percha,1890,708296,798296,1.1271,over,70176,70176,1.0,exact01,Cwt,9,VALUE-ONLY-DEFECT
Wool — Goats' Wool Or Hair,1890,696738,696738,1.0,exact01,15880314,12940254,0.8149,under,Lb,10,QTY-ONLY-DEFECT
Onions — Raw,1896,681949,1355443,1.9876,over,6086905,6086855,1.0,exact01,Bushel,16,VALUE-ONLY-DEFECT
Hops,1872,679276,734244,1.0809,over,135965,135959,1.0,exact01,Cwt,7,VALUE-ONLY-DEFECT
Iron — In Bars,1879,678357,878357,1.2948,over,95519,95549,1.0003,exact01,Ton,3,VALUE-ONLY-DEFECT
"Cured, Sardines",1898,661328,511803,0.7739,under,239273,239273,1.0,exact01,Cwt,10,VALUE-ONLY-DEFECT
"Staves, Of All Dimensions",1895,594615,504336,0.8482,under,144751,144751,1.0,exact01,Load,11,VALUE-ONLY-DEFECT
Mares,1897,522029,474562,0.9091,under,19927,19932,1.0003,exact01,Number,22,VALUE-ONLY-DEFECT
"Glass — Window And German Sheet, Including Shades And Cylinders",1893,503040,450040,0.8946,under,936825,936525,0.9997,exact01,Cwt,6,VALUE-ONLY-DEFECT
Rosin,1872,492216,492246,1.0001,exact01,919494,619194,0.6734,under,Cwt,3,QTY-ONLY-DEFECT
Sugar — Glucose,1888,480799,324292,0.6745,under,480799,480799,1.0,exact01,Cwt,5,VALUE-ONLY-DEFECT
Yarn,1886,450039,450039,1.0,exact01,3948886,8125556,2.0577,over,Lb,6,QTY-ONLY-DEFECT
Paraffine,1888,448234,448234,1.0,exact01,318019,348019,1.0943,over,Cwt,5,QTY-ONLY-DEFECT
"Skins, Furs, And Pelts — Seal",1883,443026,393026,0.8871,under,671284,671284,1.0,exact01,Number,17,VALUE-ONLY-DEFECT
Lemons,1898,439285,43450,0.0989,under,1631644,1631189,0.9997,exact01,Bushel,8,VALUE-ONLY-DEFECT
Yarn,1887,438597,438597,1.0,exact01,2556642,7841924,3.0673,over,Lb,6,QTY-ONLY-DEFECT
Yarn,1883,436835,412821,0.945,under,1569937,1569937,1.0,exact01,Lb,8,VALUE-ONLY-DEFECT
Oatmeal And Groats,1897,434672,404668,0.931,under,732495,732504,1.0,exact01,Cwt,3,VALUE-ONLY-DEFECT
Boots And Shoes,1887,433019,433019,1.0,exact01,1513456,140945,0.0931,under,Dozen Pairs,8,QTY-ONLY-DEFECT
Yarn,1884,429600,429617,1.0,exact01,2534462,7490272,2.9554,over,Lb,6,QTY-ONLY-DEFECT
"Skins, Furs, And Pelts — Seal",1873,427274,427274,1.0,exact01,876077,973047,1.1107,over,Number,8,QTY-ONLY-DEFECT
Clocks,1876,416955,443955,1.0648,over,601029,601029,1.0,exact01,Number,6,VALUE-ONLY-DEFECT
Spirits — Rum,1886,403349,230768,0.5721,under,5100010,5100010,1.0,exact01,Proof Gallon,13,VALUE-ONLY-DEFECT
Gutta Percha — Raw,1872,399955,399955,1.0,exact01,41597,44597,1.0721,over,Cwt,7,QTY-ONLY-DEFECT
"Yeast, Dried",1874,396074,396074,1.0,exact01,163811,153811,0.939,under,Cwt,4,QTY-ONLY-DEFECT
Quicksilver,1897,390881,390881,1.0,exact01,4105053,3815053,0.9294,under,Lb,6,QTY-ONLY-DEFECT
Gum — Unenumerated,1887,374247,406217,1.0854,over,101835,101805,0.9997,exact01,Cwt,20,VALUE-ONLY-DEFECT
Oil — Turpentine,1874,374229,374229,1.0,exact01,275904,245904,0.8913,under,Cwt,4,QTY-ONLY-DEFECT
Linen Yarn,1879,370865,370865,1.0,exact01,6381798,5754768,0.9017,under,Lb,4,QTY-ONLY-DEFECT
Boots And Shoes,1878,370147,370147,1.0,exact01,102690,202690,1.9738,over,Dozen Pairs,7,QTY-ONLY-DEFECT
Oil — Coco-Nut,1881,369779,369779,1.0,exact01,218412,248412,1.1374,over,Cwt,4,QTY-ONLY-DEFECT
Wood And Timber — Furniture Hardwoods And Veneers : Mahogany,1880,358865,358865,1.0,exact01,41349,38049,0.9202,under,Ton,6,QTY-ONLY-DEFECT
Boots And Shoes,1889,350856,350856,1.0,exact01,1575242,100195,0.0636,under,Dozen Pairs,8,QTY-ONLY-DEFECT
Sugar — Molasses,1888,345894,109375,0.3162,under,345894,345894,1.0,exact01,Cwt,5,VALUE-ONLY-DEFECT
"Cured, Sardines",1894,341828,341848,1.0001,exact01,925244,105155,0.1137,under,Cwt,9,QTY-ONLY-DEFECT
Boots And Shoes,1890,333011,333011,1.0,exact01,1628481,99613,0.0612,under,Dozen Pairs,8,QTY-ONLY-DEFECT
Seeds — Clover And Grass,1888,330039,680792,2.0628,over,330039,330039,1.0,exact01,Cwt,8,VALUE-ONLY-DEFECT
Quicksilver,1885,326959,474892,1.4525,over,4136519,4136369,1.0,exact01,Lb,10,VALUE-ONLY-DEFECT
"Manganese, Ore Of",1891,325445,325145,0.9991,exact01,256772,98236,0.3826,under,Ton,12,QTY-ONLY-DEFECT
Boots And Shoes,1891,322746,322746,1.0,exact01,1777697,102082,0.0574,under,Dozen Pairs,7,QTY-ONLY-DEFECT
Brimstone,1877,317596,317596,1.0,exact01,1085614,1025614,0.9447,under,Cwt,3,QTY-ONLY-DEFECT
Manures — Phosphate Of Lime And Rock,1892,314130,665689,2.1192,over,314130,314130,1.0,exact01,Ton,13,VALUE-ONLY-DEFECT
Yeast,1898,308708,368708,1.1944,over,152245,152245,1.0,exact01,Cwt,6,VALUE-ONLY-DEFECT
Manures — Phosphate Of Lime And Rock,1889,304953,703794,2.3079,over,304953,304963,1.0,exact01,Ton,11,VALUE-ONLY-DEFECT
"Glass — Plate, Whether Silvered Or Not",1897,303047,252997,0.8348,under,252033,251943,0.9996,exact01,Cwt,6,VALUE-ONLY-DEFECT
"Zinc — Crude, In Cakes",1872,299689,299689,1.0,exact01,15761,14761,0.9366,under,Ton,5,QTY-ONLY-DEFECT
Gutta Percha — Raw,1874,299522,299502,0.9999,exact01,29970,26970,0.8999,under,Cwt,4,QTY-ONLY-DEFECT
Rabbits,1894,297818,297818,1.0,exact01,108476,58476,0.5391,under,Cwt,5,QTY-ONLY-DEFECT
Tobacco — Other Sorts,1898,296988,207044,0.6971,under,790870,790870,1.0,exact01,Lb,21,VALUE-ONLY-DEFECT
Oil — Turpentine,1879,290437,290437,1.0,exact01,237232,254232,1.0717,over,Cwt,2,QTY-ONLY-DEFECT
Oleo-Margarine,1899,263435,233435,0.8861,under,166184,166184,1.0,exact01,Cwt,7,VALUE-ONLY-DEFECT
Gum — Unenumerated,1874,258198,258198,1.0,exact01,80880,75830,0.9376,under,Cwt,11,QTY-ONLY-DEFECT
Manures — Phosphate Of Lime And Rock,1888,257886,544919,2.113,over,257886,257886,1.0,exact01,Ton,12,VALUE-ONLY-DEFECT
Manures — Phosphate Of Lime And Rock,1891,256772,621732,2.4213,over,256772,256772,1.0,exact01,Ton,11,VALUE-ONLY-DEFECT
"Platina, Wrought Or Unwrought",1899,235574,205574,0.8727,under,173752,173722,0.9998,exact01,Oz Troy,4,VALUE-ONLY-DEFECT
Pears — Raw,1898,221779,191680,0.8643,under,491669,491669,1.0,exact01,Bushel,9,VALUE-ONLY-DEFECT
Linen Yarn,1882,221222,679561,3.0719,over,4935747,4935747,1.0,exact01,Lb,9,VALUE-ONLY-DEFECT
Cork — Unmanufactured,1883,217181,187181,0.8619,under,11779,11776,0.9997,exact01,Ton,7,VALUE-ONLY-DEFECT
Oil — Coco-Nut,1888,194025,245867,1.2672,over,194025,194025,1.0,exact01,Cwt,7,VALUE-ONLY-DEFECT
Gum — Arabic,1892,191617,191617,1.0,exact01,68602,78602,1.1458,over,Cwt,13,QTY-ONLY-DEFECT
Oil — Coco-Nut,1887,180792,248218,1.3729,over,180792,180792,1.0,exact01,Cwt,7,VALUE-ONLY-DEFECT
Cherries — Raw,1897,178131,168229,0.9444,under,312294,312294,1.0,exact01,Bushel,5,VALUE-ONLY-DEFECT
Horns And Hoofs Of Cattle,1875,172966,1309764,7.5724,over,5968,5968,1.0,exact01,Ton,13,VALUE-ONLY-DEFECT
Horse,1875,171053,198188,1.1586,over,20231,20231,1.0,exact01,Cwt,11,VALUE-ONLY-DEFECT
Brimstone,1887,157188,177570,1.1297,over,661158,661158,1.0,exact01,Cwt,6,VALUE-ONLY-DEFECT
Horse,1878,131356,355856,2.7091,over,22181,22181,1.0,exact01,Cwt,21,VALUE-ONLY-DEFECT
Tares And Lentils,1883,127411,97411,0.7645,under,667462,667462,1.0,exact01,Bushel,8,VALUE-ONLY-DEFECT
Cochineal (Including Granilla And Dust),1880,127111,427111,3.3601,over,28381,28381,1.0,exact01,Cwt,3,VALUE-ONLY-DEFECT
Gum — Arabic,1872,123080,123080,1.0,exact01,12837,42917,3.3432,over,Cwt,6,QTY-ONLY-DEFECT
Confectionery,1876,120812,420842,3.4834,over,124027,124027,1.0,exact01,Cwt,8,VALUE-ONLY-DEFECT
Spices — Ginger (Raw),1879,116607,146607,1.2573,over,61840,61840,1.0,exact01,Cwt,6,VALUE-ONLY-DEFECT
Horse,1879,114964,266773,2.3205,over,19582,19582,1.0,exact01,Cwt,19,VALUE-ONLY-DEFECT
"Plate — Of Silver, Gilt Or Ungilt",1899,111777,31922,0.2856,under,111777,111747,0.9997,exact01,Oz Troy,9,VALUE-ONLY-DEFECT
"Lac, Seed, Shell, Stick, And Dye",1887,110778,287618,2.5963,over,110778,110778,1.0,exact01,Cwt,3,VALUE-ONLY-DEFECT
"Varnished, Japanned Or Enamelled",1896,110778,221548,1.9999,over,4295,4295,1.0,exact01,Cwt,10,VALUE-ONLY-DEFECT
"Platina, Wrought Or Unwrought",1893,108878,75088,0.6897,under,83130,83083,0.9994,exact01,Oz Troy,3,VALUE-ONLY-DEFECT
Plumbago,1881,103996,114194,1.0981,over,7947,7947,1.0,exact01,Ton,6,VALUE-ONLY-DEFECT
"Lac, Seed, Shell, Stick, And Dye",1888,103138,271406,2.6315,over,103183,103183,1.0,exact01,Cwt,2,VALUE-ONLY-DEFECT
Cochineal (Including Granilla And Dust),1877,102989,402989,3.9129,over,32094,32064,0.9991,exact01,Cwt,7,VALUE-ONLY-DEFECT
"Hair — Cow, Ox, Bull, Or Elk",1891,98380,143188,1.4555,over,98380,98347,0.9997,exact01,Cwt,13,VALUE-ONLY-DEFECT
Isinglass,1879,98253,98253,1.0,exact01,5146,5446,1.0583,over,Cwt,6,QTY-ONLY-DEFECT
Waste Of (Raw And Yarn),1899,97819,88726,0.907,under,14028104,14018804,0.9993,exact01,Lb,10,VALUE-ONLY-DEFECT
"Hair — Cow, Ox, Bull, Or Elk",1888,94994,145027,1.5267,over,94994,94994,1.0,exact01,Cwt,12,VALUE-ONLY-DEFECT
Moss Litter,1898,94681,94591,0.999,exact01,89449,80449,0.8994,under,Ton,4,QTY-ONLY-DEFECT
"Lac, Seed, Shell, Stick, And Dye",1890,91834,389538,4.2418,over,91834,91834,1.0,exact01,Cwt,2,VALUE-ONLY-DEFECT
"Hair — Cow, Ox, Bull, Or Elk",1889,91707,134862,1.4706,over,91707,91707,1.0,exact01,Cwt,11,VALUE-ONLY-DEFECT
Galls,1898,90188,80889,0.8969,under,36140,36143,1.0001,exact01,Cwt,7,VALUE-ONLY-DEFECT
Brimstone,1898,90031,99031,1.1,over,386647,386647,1.0,exact01,Cwt,3,VALUE-ONLY-DEFECT
Spices — Cinnamon,1884,86003,6003,0.0698,under,1967744,1967744,1.0,exact01,Lb,3,VALUE-ONLY-DEFECT
Liquorice,1892,85476,85476,1.0,exact01,34119,31119,0.9121,under,Cwt,6,QTY-ONLY-DEFECT
Cows,1897,84754,84754,1.0,exact01,5038,5437,1.0792,over,Number,3,QTY-ONLY-DEFECT
Isinglass,1874,83880,3618264,43.1362,over,4098,4098,1.0,exact01,Cwt,7,VALUE-ONLY-DEFECT
"Hair — Cow, Ox, Bull, Or Elk",1887,83013,115730,1.3941,over,83043,82983,0.9993,exact01,Cwt,10,VALUE-ONLY-DEFECT
Whalefins,1877,82987,90843,1.0947,over,1969,1969,1.0,exact01,Cwt,5,VALUE-ONLY-DEFECT
"Lac, Seed, Shell, Stick, And Dye",1889,78581,276296,3.5161,over,78581,78581,1.0,exact01,Cwt,2,VALUE-ONLY-DEFECT
Alkali,1879,76631,76631,1.0,exact01,73014,42984,0.5887,under,Cwt,3,QTY-ONLY-DEFECT
"Plums, French, And Pruneloes",1893,68539,63536,0.927,under,27663,27663,1.0,exact01,Cwt,2,VALUE-ONLY-DEFECT
Straw,1888,66026,66026,1.0,exact01,303537,227922,0.7509,under,Lb,8,QTY-ONLY-DEFECT
Kowrie,1888,66000,177822,2.6943,over,66000,66000,1.0,exact01,Cwt,4,VALUE-ONLY-DEFECT
Kowrie,1889,59882,149396,2.4948,over,59882,59882,1.0,exact01,Cwt,3,VALUE-ONLY-DEFECT
Cavendish Or Negrohead,1899,56748,66748,1.1762,over,1246521,1246522,1.0,exact01,Lb,8,VALUE-ONLY-DEFECT
Kowrie,1890,55076,141088,2.5617,over,55076,55076,1.0,exact01,Cwt,3,VALUE-ONLY-DEFECT
Galls,1872,54963,59963,1.091,over,21931,21931,1.0,exact01,Cwt,5,VALUE-ONLY-DEFECT
Whalefins,1881,50394,50394,1.0,exact01,30956,2103,0.0679,under,Cwt,5,QTY-ONLY-DEFECT
Cavendish Or Negrohead,1894,49507,40507,0.8182,under,902015,902015,1.0,exact01,Lb,8,VALUE-ONLY-DEFECT
Oil — Animal,1874,41287,38687,0.937,under,20660,20660,1.0,exact01,Cwt,3,VALUE-ONLY-DEFECT
Part Wrought,1898,30369,27232,0.8967,under,568,568,1.0,exact01,Ton,8,VALUE-ONLY-DEFECT
Manufactures Of Iron And Steel — Tyres And Axles,1897,25174,22183,0.8812,under,29485,29485,1.0,exact01,Cwt,5,VALUE-ONLY-DEFECT
Dye Woods — Unenumerated,1886,22466,125127,5.5696,over,22466,22466,1.0,exact01,Ton,14,VALUE-ONLY-DEFECT
Pitch,1873,21346,21346,1.0,exact01,50493,47493,0.9406,under,Cwt,2,QTY-ONLY-DEFECT
Madder,1878,21039,24039,1.1426,over,21859,21859,1.0,exact01,Cwt,3,VALUE-ONLY-DEFECT
Dye Woods — Unenumerated,1889,18207,95954,5.2702,over,18207,18207,1.0,exact01,Ton,17,VALUE-ONLY-DEFECT
Madder,1880,16215,15215,0.9383,under,12329,12329,1.0,exact01,Cwt,3,VALUE-ONLY-DEFECT
"Madder, Madder Root, Garancine, And Munjeet",1899,3254,8110,2.4923,over,2465,2465,1.0,exact01,Cwt,4,VALUE-ONLY-DEFECT
Roasted Or Ground,1893,2053,2858,1.3921,over,171685,171685,1.0,exact01,Lb,7,VALUE-ONLY-DEFECT
Snuff,1898,1805,1805,1.0,exact01,6502,6902,1.0615,over,Lb,2,QTY-ONLY-DEFECT
Calves,1898,969,909,0.9381,under,176,176,1.0,exact01,Number,3,VALUE-ONLY-DEFECT
Butyric,1893,481,431,0.896,under,260,260,1.0,exact01,Gallon,1,VALUE-ONLY-DEFECT
Plate — Of Gold,1894,40,49,1.225,over,6,6,1.0,exact01,Oz Troy,1,VALUE-ONLY-DEFECT
Iodide Of,1897,5,6,1.2,over,1,1,1.0,exact01,Gallon,1,VALUE-ONLY-DEFECT
Iodide Of,1899,2,10,5.0,over,2,2,1.0,exact01,Gallon,1,VALUE-ONLY-DEFECT
"Ivory :Teeth, Elephants', Sea-Cow, Sea-Horse, Or Sea-Morse ,,Vegetable",1896,1091130129,0,0.0,nodata,1691130129,0,0.0,nodata,?,0,
"Ivory :Teeth, Elephants', Sea-Cow, Sea-Horse, Or Sea-Morse ,,Vegetable",1895,1091112988,0,0.0,nodata,1091112988,0,0.0,nodata,?,0,
"Ivory :Teeth, Elephants', Sea-Cow, Sea-Horse, Or Sea-Morse ,,Vegetable",1897,1028816412,0,0.0,nodata,1028816412,0,0.0,nodata,?,0,
"Ivory :Teeth, Elephants', Sea-Cow, Sea-Horse, Or Sea-Morse ,,Vegetable",1898,1000212716,0,0.0,nodata,1000212716,0,0.0,nodata,?,0,
Cotton — Raw,1869,56846690,0,0.0,nodata,10900088,0,0.0,nodata,Cwt,0,
Cotton — Raw,1871,55907070,0,0.0,nodata,15876248,0,0.0,nodata,Cwt,0,
Cotton — Raw,1868,55194157,0,0.0,nodata,11857893,0,0.0,nodata,Cwt,0,
Cotton — Raw,1873,54704847,54704847,1.0,exact01,13639252,13639252,1.0,exact01,Cwt,23,
Cotton — Raw,1870,53477735,0,0.0,nodata,11949157,0,0.0,nodata,Cwt,0,
Cotton — Raw,1872,53380670,53385640,1.0001,exact01,12578906,12678876,1.0079,within5,Cwt,22,
Cotton — Raw,1874,50696496,50492248,0.996,within5,13989861,14896420,1.0648,over,Cwt,22,
Tobacco — Unmanufactured,1888,46679898,1464557,0.0314,under,46679898,46739898,1.0013,within5,Lb,18,
Unmanufactured,1888,46679898,0,0.0,nodata,14293,0,0.0,nodata,Ton,0,
Cotton — Raw,1882,46654570,46654570,1.0,exact01,15929564,15929664,1.0,exact01,Cwt,17,
Cotton — Raw,1875,46259822,46155219,0.9977,within5,13324564,13303820,0.9984,within5,Cwt,21,
Cotton — Raw,1891,46080719,46080686,1.0,exact01,17811476,17811443,1.0,exact01,Cwt,27,
Cotton — Raw,1889,45612028,45641998,1.0007,exact01,17298770,17298830,1.0,exact01,Cwt,24,
Cotton — Raw,1883,45042296,45006793,0.9992,exact01,15485121,15172015,0.9798,within5,Cwt,21,
Cotton — Raw,1884,44485889,44485889,1.0,exact01,15617582,15617582,1.0,exact01,Cwt,26,
Cotton — Raw,1881,43834647,43834647,1.0,exact01,14991682,14991682,1.0,exact01,Cwt,16,
Cotton — Raw,1880,42772088,42792088,1.0005,exact01,14541648,14541648,1.0,exact01,Cwt,18,
Cotton — Raw,1890,42756575,42806580,1.0012,within5,16013350,15923350,0.9944,within5,Cwt,27,
Cotton — Raw,1900,40982594,0,0.0,nodata,15716131,0,0.0,nodata,Cwt,0,
Cotton — Raw,1876,40180880,40180880,1.0,exact01,13284454,13284454,1.0,exact01,Cwt,18,
Cotton — Raw,1887,40156456,40156461,1.0,exact01,15994976,15994976,1.0,exact01,Cwt,23,
Cotton — Raw,1888,40009086,40009086,1.0,exact01,15462099,15462099,1.0,exact01,Cwt,26,
Cotton — Raw,1886,38128110,38119556,0.9998,exact01,15312900,15310079,0.9998,exact01,Cwt,22,
Cotton — Raw,1892,37883356,37888556,1.0001,exact01,15850324,15850318,1.0,exact01,Cwt,22,
Cotton — Raw,1885,36472612,36472612,1.0,exact01,12730503,12730503,1.0,exact01,Cwt,24,
Cotton — Raw,1896,36272039,36294711,1.0006,exact01,15668663,15678995,1.0007,exact01,Cwt,26,
Cotton — Raw,1879,36180548,36180248,1.0,exact01,13119272,13119272,1.0,exact01,Cwt,18,
Cotton — Raw,1877,35420852,35420852,1.0,exact01,12100725,12080716,0.9983,within5,Cwt,15,
Corn And Grain — Wheat,1882,34259126,34259126,1.0,exact01,64240749,64240749,1.0,exact01,Cwt,13,
Cotton — Raw,1898,34125554,33825140,0.9912,within5,19004896,18995216,0.9995,exact01,Cwt,25,
Corn And Grain — Wheat,1877,33885137,33885437,1.0,exact01,54269800,54269202,1.0,exact01,Cwt,20,
Cotton — Raw,1878,33519549,33519549,1.0,exact01,11967679,11967679,1.0,exact01,Cwt,16,
Cotton — Raw,1894,32944341,33004450,1.0018,within5,15965326,15832152,0.9917,within5,Cwt,27,
Cotton — Raw,1897,32195172,56855455,1.766,over,15394289,27718288,1.8006,over,Cwt,26,
Corn And Grain — Wheat,1881,31531535,31531535,1.0,exact01,57147933,57147933,1.0,exact01,Cwt,11,
Corn And Grain — Wheat,1879,31468171,31468171,1.0,exact01,59591795,59151795,0.9926,within5,Cwt,13,
Corn And Grain — Wheat,1883,31454481,31457481,1.0001,exact01,64138631,64138601,1.0,exact01,Cwt,23,
Cotton — Raw,1893,30684942,30714318,1.001,exact01,12649822,12661566,1.0009,exact01,Cwt,28,
Corn And Grain — Wheat,1880,30621711,30618714,0.9999,exact01,55261924,55261924,1.0,exact01,Cwt,11,
Cotton — Raw,1895,30429428,30449435,1.0007,exact01,15687881,15694858,1.0004,exact01,Cwt,28,
Corn And Grain — Wheat,1891,29448204,30421430,1.033,within5,66312962,68367552,1.031,within5,Cwt,24,
Corn And Grain — Wheat,1873,28538746,28538746,1.0,exact01,43863098,43863098,1.0,exact01,Cwt,17,
Wool — Sheep Or Lambs',1889,28361870,46594840,1.6429,over,696011487,1118952399,1.6077,over,Lb,40,
Wool — Sheep Or Lambs',1891,27856546,52343606,1.879,over,715470708,1326764118,1.8544,over,Lb,41,
Corn And Grain — Wheat,1875,27510469,27510464,1.0,exact01,51876517,51876517,1.0,exact01,Cwt,17,
Corn And Grain — Wheat,1878,27433444,27428444,0.9998,exact01,49906484,49906424,1.0,exact01,Cwt,15,
Wool — Sheep Or Lambs',1890,26930764,50852245,1.8883,over,629236269,1171540985,1.8618,over,Lb,36,
Wool — Sheep Or Lambs',1892,26839319,53633963,1.9983,over,738251203,1456164473,1.9725,over,Lb,40,
Wool — Sheep Or Lambs',1880,26194310,26194310,1.0,exact01,460960907,460960907,1.0,exact01,Lb,19,
Corn And Grain — Wheat,1872,26169185,25569185,0.9771,within5,42127726,42094096,0.9992,exact01,Cwt,18,
Wheat,1898,26147256,0,0.0,nodata,65227930,0,0.0,nodata,Cwt,0,
Wool — Sheep Or Lambs',1884,26042283,45682464,1.7542,over,518637800,891429316,1.7188,over,Lb,35,
Wool — Sheep Or Lambs',1895,26025960,51872004,1.9931,over,770955203,1506468428,1.954,over,Lb,58,
Wool — Sheep Or Lambs',1881,25842311,25742046,0.9961,within5,447521441,444735393,0.9938,within5,Lb,17,
"Wool — Goats' Wool, Mohair",1895,25758928,0,0.0,nodata,25758928,0,0.0,nodata,Lb,0,
Corn And Grain — Wheat,1874,25236932,25209911,0.9989,within5,41527638,41227638,0.9928,within5,Cwt,18,
Wool — Sheep Or Lambs',1896,24958346,45458843,1.8214,over,713575173,1271467856,1.7818,over,Lb,57,
Wool — Sheep Or Lambs',1883,24865638,43077426,1.7324,over,494428802,842386914,1.7038,over,Lb,42,
Wheat,1892,24857902,0,0.0,nodata,64901799,0,0.0,nodata,Cwt,0,
Wool — Sheep Or Lambs',1894,24791160,50026859,2.0179,over,799559262,1390407293,1.739,over,Lb,48,
Wool — Sheep Or Lambs',1882,24745493,24745493,1.0,exact01,484930324,484930324,1.0,exact01,Lb,20,
Wool — Sheep Or Lambs',1893,24438898,49955879,2.0441,over,672763274,1352501161,2.0104,over,Lb,46,
Wool — Sheep Or Lambs',1897,24436871,29588406,1.2108,over,735627420,1423913892,1.9356,over,Lb,56,
Wool — Sheep Or Lambs',1887,24238759,45359134,1.8713,over,573180904,1059285959,1.8481,over,Lb,36,
Wool — Sheep Or Lambs',1877,24203137,24183147,0.9992,exact01,406369953,406376933,1.0,exact01,Lb,23,
Corn And Grain — Wheat,1885,24085913,26233179,1.0892,over,61498864,66718209,1.0849,over,Cwt,26,
Corn And Grain — Other Kinds Of Corn And Grain,1876,23750513,0,0.0,nodata,67336243,0,0.0,nodata,Cwt,0,
Wool — Sheep Or Lambs',1899,23714771,62305290,2.6273,over,663351817,1172973281,1.7683,over,Lb,70,
Wool — Sheep Or Lambs',1898,23586901,50810084,2.1542,over,694701454,1346271884,1.9379,over,Lb,74,
Corn And Grain — Wheat,1890,23583844,18331933,0.7773,under,60474180,46358428,0.7666,under,Cwt,22,
Wheat,1897,23363503,0,0.0,nodata,62740180,0,0.0,nodata,Cwt,0,
Wheat,1900,23345929,0,0.0,nodata,68669490,0,0.0,nodata,Cwt,0,
Corn And Grain — Other Kinds Of Corn And Grain,1883,23329559,0,0.0,nodata,69083781,0,0.0,nodata,Cwt,0,
Corn And Grain — Wheat,1871,23318883,0,0.0,nodata,39389803,0,0.0,nodata,Cwt,0,
Wool — Sheep Or Lambs',1879,23282753,23282423,1.0,exact01,412784316,412784316,1.0,exact01,Lb,20,
Wool — Sheep Or Lambs',1876,23214554,23244486,1.0013,within5,386568323,384568923,0.9948,within5,Lb,26,
Corn And Grain — Wheat,1876,23178011,23178011,1.0,exact01,44454657,44554637,1.0022,within5,Cwt,18,
Corn And Grain — Other Kinds Of Corn And Grain,1880,23096831,0,0.0,nodata,67638008,0,0.0,nodata,Cwt,0,
Wool — Sheep Or Lambs',1875,22885543,22885543,1.0,exact01,360903270,360903270,1.0,exact01,Lb,27,
"Wool — Goats' Wool, Mohair",1897,22880450,989649,0.0433,under,22880450,0,0.0,nodata,Lb,10,
Wool — Sheep Or Lambs',1878,22786563,22786563,1.0,exact01,395474457,395473957,1.0,exact01,Lb,22,
Corn And Grain — Other Kinds Of Corn And Grain,1877,22693787,0,0.0,nodata,62761057,0,0.0,nodata,Cwt,0,
Wheat,1895,22531176,0,0.0,nodata,81749955,0,0.0,nodata,Cwt,0,
Corn And Grain — Wheat,1889,22510502,23118931,1.027,within5,58551887,59493976,1.0161,within5,Cwt,22,
Wool — Sheep Or Lambs',1886,22388028,41490432,1.8532,over,592544221,1092553784,1.8438,over,Lb,33,
Wheat,1899,22281219,0,0.0,nodata,66636078,0,0.0,nodata,Cwt,0,
Corn And Grain — Other Kinds Of Corn And Grain,1891,22121212,0,0.0,nodata,67627687,0,0.0,nodata,Cwt,0,
Corn And Grain — Wheat,1868,22069353,0,0.0,nodata,32639768,0,0.0,nodata,Cwt,0,
Corn And Grain — Wheat,1888,21995974,22997778,1.0455,within5,57261363,59529051,1.0396,within5,Cwt,25,
Wool — Sheep Or Lambs',1900,21836291,0,0.0,nodata,553154732,0,0.0,nodata,Lb,0,
Wheat,1896,21678989,0,0.0,nodata,70025980,0,0.0,nodata,Cwt,0,
"Sugar — Unrefined, Total",1877,21381441,21393273,1.0006,exact01,16620944,16619954,0.9999,exact01,Cwt,33,
Corn And Grain — Wheat,1887,21337918,21337888,1.0,exact01,55802518,55799518,0.9999,exact01,Cwt,24,
Corn And Grain — Other Kinds Of Corn And Grain,1896,21320104,0,0.0,nodata,99077055,0,0.0,nodata,Cwt,0,
Corn And Grain — Other Kinds Of Corn And Grain,1878,21305074,0,0.0,nodata,72689753,0,0.0,nodata,Cwt,0,
Corn And Grain — Other Kinds Of Corn And Grain,1892,21214014,0,0.0,nodata,72957418,0,0.0,nodata,Cwt,0,
Corn And Grain — Other Kinds Of Corn And Grain,1894,21190169,0,0.0,nodata,90262278,0,0.0,nodata,Cwt,0,
Wheat,1893,21070028,0,0.0,nodata,65461988,0,0.0,nodata,Cwt,0,
Wool — Sheep Or Lambs',1885,20952520,39282156,1.8748,over,501130837,931525539,1.8588,over,Lb,31,
Corn And Grain — Other Kinds Of Corn And Grain,1872,20938366,0,0.0,nodata,55637572,0,0.0,nodata,Cwt,0,
"Sugar — Unrefined, Total",1882,20936039,20876039,0.9971,within5,19839225,19839225,1.0,exact01,Cwt,26,
Corn And Grain — Other Kinds Of Corn And Grain,1879,20868455,0,0.0,nodata,65725026,0,0.0,nodata,Cwt,0,
Corn And Grain — Other Kinds Of Corn And Grain,1875,20645058,0,0.0,nodata,49426024,0,0.0,nodata,Cwt,0,
"Wool — Goats' Wool, Mohair",1898,20611560,1866321,0.0905,under,20611569,0,0.0,nodata,Lb,10,
Corn And Grain — Other Kinds Of Corn And Grain,1890,20561202,0,0.0,nodata,78710478,0,0.0,nodata,Cwt,0,
Wool — Sheep Or Lambs',1874,20558584,25540531,1.2423,over,340288030,336995628,0.9903,within5,Lb,25,
"Sugar — Unrefined, Total",1883,20473237,20473204,1.0,exact01,20366627,20366627,1.0,exact01,Cwt,35,
"Sugar — Unrefined, Total",1881,20251865,20267234,1.0008,exact01,18651383,18651383,1.0,exact01,Cwt,26,
Corn And Grain — Other Kinds Of Corn And Grain,1874,20080122,0,0.0,nodata,45141024,0,0.0,nodata,Cwt,0,
Corn And Grain — Other Kinds Of Corn And Grain,1893,20062268,0,0.0,nodata,76784942,0,0.0,nodata,Cwt,0,
Corn And Grain — Other Kinds Of Corn And Grain,1881,19974302,0,0.0,nodata,57890874,0,0.0,nodata,Cwt,0,
Corn And Grain — Other Kinds Of Corn And Grain,1889,19904626,0,0.0,nodata,75583207,0,0.0,nodata,Cwt,0,
Corn And Grain — Wheat,1884,19901794,19907294,1.0003,exact01,47306156,47306856,1.0,exact01,Cwt,20,
For Weaving,1899,19608143,0,0.0,nodata,33692,0,0.0,nodata,Lb,0,
Corn And Grain — Other Kinds Of Corn And Grain,1888,19539961,0,0.0,nodata,72328364,0,0.0,nodata,Cwt,0,
Corn And Grain — Wheat,1869,19515758,0,0.0,nodata,37695828,0,0.0,nodata,Cwt,0,
Corn And Grain — Other Kinds Of Corn And Grain,1885,19166457,0,0.0,nodata,65913827,0,0.0,nodata,Cwt,0,
Corn And Grain — Other Kinds Of Corn And Grain,1895,19089138,0,0.0,nodata,80735906,0,0.0,nodata,Cwt,0,
Wool — Sheep Or Lambs',1873,18983876,18981874,0.9999,exact01,313496742,313493742,1.0,exact01,Lb,25,
Wheat,1894,18760505,0,0.0,nodata,70126232,0,0.0,nodata,Cwt,0,
Corn And Grain — Other Kinds Of Corn And Grain,1882,18458448,0,0.0,nodata,52054931,0,0.0,nodata,Cwt,0,
"Sugar — Unrefined, Total",1880,18457963,18470851,1.0007,exact01,17001613,17001613,1.0,exact01,Cwt,27,
"Sugar — Unrefined, Total",1872,18044898,35271,0.002,under,13776696,1385,0.0001,under,Cwt,2,
Wool — Sheep Or Lambs',1872,18001511,17370579,0.965,within5,302500925,291090994,0.9623,within5,Lb,22,
"Sugar — Unrefined, Total",1879,17929283,17939794,1.0006,exact01,17734223,17734223,1.0,exact01,Cwt,28,
Corn And Grain — Wheat,1886,17909630,17909330,1.0,exact01,47435806,47435806,1.0,exact01,Cwt,20,
"Wood And Timber — Sawn Or Split, Planed Or Dressed, Fir",1900,17856360,0,0.0,nodata,6401636,0,0.0,nodata,Load,0,
Corn And Grain — Other Kinds Of Corn And Grain,1884,17629044,0,0.0,nodata,56400323,0,0.0,nodata,Cwt,0,
Butter,1900,17450435,0,0.0,nodata,3378516,0,0.0,nodata,Cwt,0,
Wool — Sheep Or Lambs',1871,17442906,0,0.0,nodata,319385049,0,0.0,nodata,Lb,0,
Raw,1889,17298770,0,0.0,nodata,17298770,0,0.0,nodata,Lb,0,
Corn And Grain — Other Kinds Of Corn And Grain,1873,17286779,0,0.0,nodata,44244331,0,0.0,nodata,Cwt,0,
Butter,1899,17213516,20265515,1.1773,over,3389851,3765536,1.1108,over,Cwt,21,
"Sugar — Unrefined, Total",1875,17210137,17219933,1.0006,exact01,16264711,16261711,0.9998,exact01,Cwt,26,
Corn And Grain — Other Kinds Of Corn And Grain,1886,17183251,0,0.0,nodata,63467970,0,0.0,nodata,Cwt,0,
"Sugar — Unrefined, Total",1873,17066026,17044409,0.9987,within5,14243328,14210659,0.9977,within5,Cwt,24,
Corn And Grain — Other Kinds Of Corn And Grain,1887,16652966,0,0.0,nodata,66201191,0,0.0,nodata,Cwt,0,
"Sugar — Unrefined, Total",1876,16333811,16347850,1.0009,exact01,15612214,15582214,0.9981,within5,Cwt,25,
Corn And Grain — Wheat,1870,16264027,0,0.0,nodata,30901229,0,0.0,nodata,Cwt,0,
Sawn — Fir,1897,16115306,0,0.0,nodata,6843368,0,0.0,nodata,Load,0,
"Sugar — Unrefined, Total",1878,16015625,16015624,1.0,exact01,14916381,14918381,1.0001,exact01,Cwt,26,
Raw,1890,16013350,0,0.0,nodata,1961281,0,0.0,nodata,Lb,0,
Butter,1898,15961783,17076532,1.0698,over,3209153,3446377,1.0739,over,Cwt,22,
Butter,1897,15916917,16734012,1.0513,over,3217802,3381877,1.051,over,Cwt,21,
Corn And Grain — Other Kinds Of Corn And Grain,1871,15854266,0,0.0,nodata,40570857,0,0.0,nodata,Cwt,0,
"Sugar — Unrefined, Total",1874,15837617,31041,0.002,under,14130041,929,0.0001,under,Cwt,2,
"Wood And Timber — Sawn Or Split, Planed Or Dressed, Fir",1899,15602637,14587636,0.9349,under,6459972,6065440,0.9389,under,Load,19,
Wool — Sheep Or Lambs',1870,15357619,0,0.0,nodata,259361963,0,0.0,nodata,Lb,0,
Butter,1896,15344364,16442886,1.0716,over,3037718,3258219,1.0726,over,Cwt,22,
"Manufactures, Of All Sorts",1895,15237298,0,0.0,nodata,15237298,0,0.0,nodata,Value,0,
"Sugar — Unrefined, Total",1871,15220474,0,0.0,nodata,12126508,0,0.0,nodata,Cwt,0,
"Sugar — Unrefined, Total",1884,15219850,15216820,0.9998,exact01,19622679,19619679,0.9998,exact01,Cwt,31,
Silk Manufactures — Of Countries In Europe,1870,15098327,0,0.0,nodata,15098327,0,0.0,nodata,Value,0,
"Wool — Goats' Wool, Mohair",1896,14986979,1153645,0.077,under,14986979,0,0.0,nodata,Lb,12,
Wool — Sheep Or Lambs',1868,14873623,0,0.0,nodata,250928854,0,0.0,nodata,Lb,0,
"Wood And Timber — Sawn Or Split, Planed Or Dressed, Fir",1898,14572561,13575758,0.9316,under,6204787,5781207,0.9317,under,Load,20,
Woollen Yarn,1884,14522476,0,0.0,nodata,14522476,0,0.0,nodata,Lb,0,
Corn And Grain — Other Kinds Of Corn And Grain,1870,14502085,0,0.0,nodata,38364680,0,0.0,nodata,Cwt,0,
Corn And Grain — Other Kinds Of Corn And Grain,1868,14495216,0,0.0,nodata,31211670,0,0.0,nodata,Cwt,0,
"Sugar — Unrefined, Total",1870,14440502,0,0.0,nodata,12798631,0,0.0,nodata,Cwt,0,
Wool — Sheep Or Lambs',1869,14299237,0,0.0,nodata,255161344,0,0.0,nodata,Lb,0,
Butter,1895,14245230,15674865,1.1004,over,2825662,3139349,1.111,over,Cwt,23,
Corn And Grain — Other Kinds Of Corn And Grain,1869,14032123,0,0.0,nodata,36802762,0,0.0,nodata,Cwt,0,
Tea,1875,13766961,13766961,1.0,exact01,197505316,197505316,1.0,exact01,Lb,9,
"Sugar — Unrefined, Total",1889,13614519,13614519,1.0,exact01,17550147,17550147,1.0,exact01,Cwt,34,
"Sugar — Unrefined, Total",1869,13540917,0,0.0,nodata,11033653,0,0.0,nodata,Cwt,0,
"Sugar — Unrefined, Total",1885,13486640,13483640,0.9998,exact01,19416559,19366556,0.9974,within5,Cwt,31,
Butter,1894,13456699,14892702,1.1067,over,2574835,2866932,1.1134,over,Cwt,21,
"Sugar — Unrefined, Total",1868,13339758,0,0.0,nodata,11796161,0,0.0,nodata,Cwt,0,
Silk — Manufactures,1880,13324935,0,0.0,nodata,13324935,0,0.0,nodata,Value,0,
Wood And Timber — Sawn Or Split,1877,13178172,0,0.0,nodata,4583451,0,0.0,nodata,Load,0,
Wood And Timber — Sawn Or Split,1889,13143881,0,0.0,nodata,5319326,0,0.0,nodata,Load,0,
Tea,1878,13048787,13048787,1.0,exact01,204872899,204872899,1.0,exact01,Lb,7,
Tea,1872,12933143,12922361,0.9992,exact01,184927148,184778637,0.9992,exact01,Lb,12,
Sawn — Fir,1896,12926526,0,0.0,nodata,5877449,0,0.0,nodata,Load,0,
Silk — Manufactures,1879,12841918,0,0.0,nodata,12841018,0,0.0,nodata,Value,0,
Silk — Manufactures,1878,12755988,0,0.0,nodata,12755968,0,0.0,nodata,Value,0,
Butter,1893,12753593,13633745,1.069,over,2327474,2499036,1.0737,over,Cwt,23,
"Manufactures, Of All Sorts",1894,12749032,0,0.0,nodata,12749032,0,0.0,nodata,Value,0,
Tea,1876,12697204,12697204,1.0,exact01,185536371,185536371,1.0,exact01,Lb,9,
Silk Manufactures — Of Countries In Europe,1877,12631822,0,0.0,nodata,12631822,0,0.0,nodata,Value,0,
Butter,1884,12543455,12707678,1.0131,within5,2475436,2475436,1.0,exact01,Cwt,20,
Silk Manufactures — Of Countries In Europe,1878,12531201,0,0.0,nodata,12531201,0,0.0,nodata,Value,0,
Silk Manufactures — Of Countries In Europe,1879,12511174,0,0.0,nodata,12511174,0,0.0,nodata,Value,0,
Wood And Timber — Sawn Or Split,1874,12508653,0,0.0,nodata,3841011,0,0.0,nodata,Load,0,
Tea,1877,12480740,12480740,1.0,exact01,187515284,187515284,1.0,exact01,Lb,7,
Tea,1868,12431454,0,0.0,nodata,154815863,0,0.0,nodata,Lb,0,
Corn And Grain — Wheat Meal Or Flour,1883,12344778,16459147,1.3333,over,16329312,21369849,1.3087,over,Cwt,15,
Maize Or Indian Corn,1900,12327859,0,0.0,nodata,54151570,0,0.0,nodata,Cwt,0,
Wheatmeal And Flour,1892,12267453,0,0.0,nodata,22106009,0,0.0,nodata,Cwt,0,
Butter,1880,12141034,12111034,0.9975,within5,2326305,2326305,1.0,exact01,Cwt,13,
Silk Manufactures — Of Countries In Europe,1875,12018332,0,0.0,nodata,12018332,0,0.0,nodata,Value,0,
Butter,1892,11965190,12444719,1.0401,within5,2183009,2270529,1.0401,within5,Cwt,19,
Wood And Timber — Sawn Or Split,1894,11899533,0,0.0,nodata,5446487,0,0.0,nodata,Load,0,
Silk Manufactures — Of Countries In Europe,1869,11794760,0,0.0,nodata,11794760,0,0.0,nodata,Value,0,
Bacon,1900,11773969,0,0.0,nodata,5641238,0,0.0,nodata,Cwt,0,
Butter,1883,11773933,11967532,1.0164,within5,2334473,2361838,1.0117,within5,Cwt,20,
Silk Manufactures — Of Countries In Europe,1874,11742066,0,0.0,nodata,11742066,0,0.0,nodata,Value,0,
"Manufactures, Of All Sorts",1893,11728406,0,0.0,nodata,11728406,0,0.0,nodata,Value,0,
Silk — Manufactures,1881,11727397,0,0.0,nodata,11727397,0,0.0,nodata,Value,0,
Tea,1871,11635644,0,0.0,nodata,169898303,0,0.0,nodata,Lb,0,
Tea,1880,11613398,11613408,1.0,exact01,206971570,206941540,0.9999,exact01,Lb,10,
Butter,1891,11591183,11862063,1.0234,within5,2135607,2187025,1.0241,within5,Cwt,19,
Butter,1885,11563508,11581990,1.0016,within5,2401373,2404455,1.0013,within5,Cwt,18,
Silk Manufactures — Of Countries In Europe,1876,11555409,0,0.0,nodata,11555409,0,0.0,nodata,Value,0,
Wheatmeal And Flour,1898,11545443,11511451,0.9971,within5,21017109,20691419,0.9845,within5,Cwt,18,
Tea,1883,11542931,11542931,1.0,exact01,222262431,222262431,1.0,exact01,Lb,17,
Wood And Timber — Sawn Or Split,1876,11539805,0,0.0,nodata,4118192,0,0.0,nodata,Load,0,
Sawn — Fir,1894,11537617,0,0.0,nodata,5314788,0,0.0,nodata,Load,0,
Tea,1874,11532896,11532896,1.0,exact01,162782810,162905675,1.0008,exact01,Lb,11,
"Sugar — Unrefined, Total",1893,11459344,14983808,1.3076,over,16032113,20453019,1.2758,over,Cwt,47,
"Manufactures, Of All Sorts",1892,11412263,0,0.0,nodata,11412263,0,0.0,nodata,Value,0,
Tea,1873,11372595,11372595,1.0,exact01,163765269,163765269,1.0,exact01,Lb,11,
Bacon And Hams — Bacon,1893,11370067,8480807,0.7459,under,4187298,3195035,0.763,under,Cwt,10,
Butter,1882,11350909,11549877,1.0175,within5,2169717,2197490,1.0128,within5,Cwt,18,
Tea,1886,11317418,11317398,1.0,exact01,230669292,230669292,1.0,exact01,Lb,16,
Maize Or Indian Corn,1898,11282310,11281410,0.9999,exact01,57169292,57163292,0.9999,exact01,Cwt,12,
Tea,1879,11262593,11262593,1.0,exact01,184076472,184076472,1.0,exact01,Lb,9,
Tea,1881,11208601,11208601,1.0,exact01,209801522,209801522,1.0,exact01,Lb,7,
"Manufactures, Of All Sorts",1891,11179588,0,0.0,nodata,11179588,0,0.0,nodata,Value,0,
Silk — Manufactures,1882,11174573,0,0.0,nodata,11174573,0,0.0,nodata,Value,0,
Wood And Timber — Sawn Or Split,1892,11171920,0,0.0,nodata,5090798,0,0.0,nodata,Load,0,
Wood And Timber — Sawn Or Split,1890,11093179,0,0.0,nodata,4778676,0,0.0,nodata,Load,0,
Tea,1882,11043884,11043884,1.0,exact01,210663133,210663133,1.0,exact01,Lb,9,
Bacon And Hams — Bacon,1880,10985642,8781151,0.7993,under,5334648,4384082,0.8218,under,Cwt,5,
Silk — Manufactures,1884,10984073,0,0.0,nodata,10984073,0,0.0,nodata,Value,0,
"Sugar — Unrefined, Total",1887,10954512,11054512,1.0091,within5,18010366,18010366,1.0,exact01,Cwt,29,
Bacon And Hams — Bacon,1892,10893833,7934595,0.7284,under,5134510,3882824,0.7562,under,Cwt,13,
Butter,1881,10866151,10866151,1.0,exact01,2047341,2052341,1.0024,within5,Cwt,13,
Bacon And Hams — Bacon,1894,10855715,8088912,0.7451,under,4819388,3691152,0.7659,under,Cwt,10,
Wood And Timber — Sawn Or Split,1882,10839205,0,0.0,nodata,4198311,0,0.0,nodata,Load,0,
Sugar — Refined : Total Of,1894,10824353,10826599,1.0002,exact01,13944792,13947744,1.0002,exact01,Cwt,11,
Bacon And Hams — Bacon,1895,10823997,7932892,0.7329,under,5352936,4065797,0.7595,under,Cwt,12,
Silk Manufactures — Of Countries In Europe,1868,10795452,0,0.0,nodata,10795452,0,0.0,nodata,Value,0,
Tea,1891,10733140,10713240,0.9981,within5,240779331,240779381,1.0,exact01,Lb,22,
Bacon And Hams — Bacon,1881,10729945,8887561,0.8283,under,4627484,3876053,0.8376,under,Cwt,5,
"Sugar — Unrefined, Total",1892,10706909,10800227,1.0087,within5,16295647,16437320,1.0087,within5,Cwt,35,
Wheatmeal And Flour,1899,10700980,10650821,0.9953,within5,22945708,22045879,0.9608,within5,Cwt,20,
Wood And Timber — Sawn Or Split,1895,10695916,0,0.0,nodata,5061986,0,0.0,nodata,Load,0,
Tea,1900,10686910,0,0.0,nodata,298900200,0,0.0,nodata,Lb,0,
Corn And Grain — Wheat Meal Or Flour,1882,10662439,10662439,1.0,exact01,13057403,13057403,1.0,exact01,Cwt,11,
Tea,1885,10656990,10626990,0.9972,within5,212143820,212110190,0.9998,exact01,Lb,16,
Wood And Timber — Sawn Or Split,1880,10645948,0,0.0,nodata,4116749,0,0.0,nodata,Load,0,
Tea,1899,10620007,10583837,0.9966,within5,288922251,279021696,0.9657,within5,Lb,22,
Sugar — Refined : Total Of,1893,10603091,10601209,0.9998,exact01,11550540,11548499,0.9998,exact01,Cwt,10,
Butter,1890,10593818,10598848,1.0005,exact01,2027717,2027717,1.0,exact01,Cwt,15,
Wood And Timber — Sawn Or Split,1873,10565310,271722,0.0257,under,3434160,0,0.0,nodata,Load,5,
Tea,1896,10562773,19621144,1.8576,over,265394122,555918572,2.0947,over,Lb,38,
"Sugar — Unrefined, Total",1886,10541149,10595045,1.0051,within5,16133661,16198103,1.004,within5,Cwt,34,
Silk — Manufactures,1883,10523920,0,0.0,nodata,11554462,0,0.0,nodata,Value,0,
"Animals, Living — Bulls, Oxen, Cows, And Calves",1890,10505525,0,0.0,nodata,642596,0,0.0,nodata,Number,0,
"Sugar — Unrefined, Total",1891,10502580,10504851,1.0002,exact01,16202458,15906849,0.9818,within5,Cwt,28,
Tea,1884,10491953,10494953,1.0003,exact01,213877759,213874759,1.0,exact01,Lb,13,
Wood And Timber — Sawn Or Split,1883,10411130,0,0.0,nodata,4315622,0,0.0,nodata,Load,0,
Tea,1897,10405084,10443247,1.0037,within5,266800411,267308112,1.0019,within5,Lb,23,
Bacon,1899,10399602,10399299,1.0,exact01,5804583,5804553,1.0,exact01,Cwt,9,
Butter,1879,10379451,10379451,1.0,exact01,2045399,2045399,1.0,exact01,Cwt,13,
Oxen And Bulls,1897,10375192,10375195,1.0,exact01,613690,613004,0.9989,within5,Number,5,
"Sugar — Other Sorts, Including Candy",1900,10353564,0,0.0,nodata,16369310,0,0.0,nodata,Cwt,0,
Tea,1898,10335643,10379229,1.0042,within5,271593683,272739830,1.0042,within5,Lb,23,
Bacon,1898,10321674,10251674,0.9932,within5,5711322,5681322,0.9947,within5,Cwt,8,
Tea,1869,10311465,0,0.0,nodata,139223298,0,0.0,nodata,Lb,0,
Sawn — Fir,1895,10305483,0,0.0,nodata,4926426,0,0.0,nodata,Load,0,
Silk — Manufactures,1885,10268690,0,0.0,nodata,10268690,0,0.0,nodata,Value,0,
Wood And Timber — Sawn Or Split,1893,10265942,0,0.0,nodata,4761717,0,0.0,nodata,Load,0,
Butter,1889,10244636,10244636,1.0,exact01,1927842,1927892,1.0,exact01,Cwt,15,
Tea,1895,10242999,10292205,1.0048,within5,255360128,256360106,1.0039,within5,Lb,23,
Corn And Grain — Wheat Meal Or Flour,1891,10184887,10271175,1.0085,within5,16723003,16871140,1.0089,within5,Cwt,17,
Corn And Grain — Wheat Meal Or Flour,1884,10163783,10163783,1.0,exact01,15095301,15095301,1.0,exact01,Cwt,11,
Tea,1893,10124810,9886021,0.9764,within5,249546451,352953524,1.4144,over,Lb,21,
Wheatmeal And Flour,1900,10102548,0,0.0,nodata,21548131,0,0.0,nodata,Cwt,0,
Tea,1870,10097619,0,0.0,nodata,141020767,0,0.0,nodata,Lb,0,
Tea,1892,10047354,10047354,1.0,exact01,239445467,239415467,0.9999,exact01,Lb,20,
Bacon And Hams — Bacon,1883,10036326,8202207,0.8173,under,3695992,3060036,0.8279,under,Cwt,10,
Sugar — Refined : Total Of,1896,10035267,10035955,1.0001,exact01,14776929,14777753,1.0001,exact01,Cwt,11,
Corn And Grain — Wheat Meal Or Flour,1887,10027884,9425542,0.9399,under,18063234,16928676,0.9372,under,Cwt,14,
Tea,1889,9987967,16446373,1.6466,over,222147661,355737671,1.6014,over,Lb,20,
Butter,1878,9954053,9954123,1.0,exact01,1796517,1796517,1.0,exact01,Cwt,11,
"Sugar — Unrefined, Total",1890,9935097,9935097,1.0,exact01,15717476,15717546,1.0,exact01,Cwt,30,
Tea,1890,9919666,9919666,1.0,exact01,223494511,223494511,1.0,exact01,Lb,17,
Bacon And Hams — Bacon,1890,9847176,6979387,0.7088,under,5000016,3790787,0.7582,under,Cwt,10,
Bacon And Hams — Bacon,1889,9795292,7289581,0.7442,under,4484108,3504209,0.7815,under,Cwt,11,
Wool — Manufactures,1889,9784068,0,0.0,nodata,9784068,0,0.0,nodata,Value,0,
Tea,1887,9782998,9781477,0.9998,exact01,221841490,221808159,0.9998,exact01,Lb,18,
Silk Manufactures — Of Countries In Europe,1873,9780489,0,0.0,nodata,9780489,0,0.0,nodata,Value,0,
Tea,1894,9764652,8851920,0.9065,under,244310500,344380082,1.4096,over,Lb,24,
Wheatmeal And Flour,1893,9761510,0,0.0,nodata,20408168,0,0.0,nodata,Cwt,0,
Butter,1876,9718226,9718226,1.0,exact01,1659492,1659492,1.0,exact01,Cwt,10,
Wool — Manufactures,1891,9669179,0,0.0,nodata,9669179,0,0.0,nodata,Value,0,
Corn And Grain — Wheat Meal Or Flour,1885,9650445,12235219,1.2678,over,15832843,19518181,1.2328,over,Cwt,12,
Wheatmeal And Flour,1897,9599656,9562329,0.9961,within5,18680669,18038879,0.9656,within5,Cwt,14,
Wood And Timber — Sawn Or Split,1885,9598001,0,0.0,nodata,4235508,0,0.0,nodata,Load,0,
Sawn — Fir,1893,9558983,0,0.0,nodata,4610994,0,0.0,nodata,Load,0,
Butter,1877,9543332,9543332,1.0,exact01,1637403,1637403,1.0,exact01,Cwt,11,
Corn And Grain — Wheat Meal Or Flour,1888,9530746,9530746,1.0,exact01,16910442,16910442,1.0,exact01,Cwt,13,
Bacon And Hams — Bacon,1891,9441761,6652717,0.7046,under,4715012,3510755,0.7446,under,Cwt,12,
Maize Or Indian Corn,1896,9422539,9423882,1.0001,exact01,51772100,51778400,1.0001,exact01,Cwt,13,
"Sugar — Other Sorts, Including Candy",1899,9417738,9417808,1.0,exact01,15179974,15181144,1.0001,exact01,Cwt,13,
Sugar — Refined : Total Of,1895,9409538,9409587,1.0,exact01,14145143,13745173,0.9717,within5,Cwt,12,
Wood And Timber — Sawn Or Split,1891,9384916,0,0.0,nodata,4379060,0,0.0,nodata,Load,0,
Sugar — Refined : Total Of,1891,9352897,9352839,1.0,exact01,11332121,11332075,1.0,exact01,Cwt,7,
"Animals, Living — Bulls, Oxen, Cows, And Calves",1883,9332242,191744,0.0205,under,474750,0,0.0,nodata,Number,6,
Wool — Manufactures,1890,9321939,0,0.0,nodata,9321930,0,0.0,nodata,Value,0,
Oxen And Bulls,1898,9321873,9321570,1.0,exact01,564290,564300,1.0,exact01,Number,4,
Oxen And Bulls,1896,9241455,9242995,1.0002,exact01,558361,558425,1.0001,exact01,Number,8,
Wood And Timber — Sawn Or Split,1884,9235786,0,0.0,nodata,4049464,0,0.0,nodata,Load,0,
Wheatmeal And Flour,1896,9227873,9224954,0.9997,exact01,21320200,21308709,0.9995,exact01,Cwt,14,
"Animals, Living — Bulls, Oxen, Cows, And Calves",1892,9224011,0,0.0,nodata,502237,0,0.0,nodata,Number,0,
Wood And Timber — Sawn Or Split,1875,9213576,0,0.0,nodata,3305390,0,0.0,nodata,Load,0,
Corn And Grain — Wheat Meal Or Flour,1881,9205219,9175219,0.9967,within5,11357381,11357351,1.0,exact01,Cwt,9,
Wood And Timber — Sawn Or Split,1881,9201060,0,0.0,nodata,3673407,0,0.0,nodata,Load,0,
Silk Manufactures — Of Countries In Europe,1872,9141863,0,0.0,nodata,9141863,0,0.0,nodata,Value,0,
Corn And Grain — Wheat Meal Or Flour,1890,9074238,9079238,1.0006,exact01,15773336,15823336,1.0032,within5,Cwt,15,
"Animals, Living — Bulls, Oxen, Cows, And Calves",1889,9069327,0,0.0,nodata,555222,0,0.0,nodata,Number,0,
Sugar — Refined : Total Of,1892,9061948,9061064,0.9999,exact01,10620671,10619645,0.9999,exact01,Cwt,9,
Butter,1874,9050025,9014330,0.9961,within5,1619808,1612540,0.9955,within5,Cwt,8,
Wood And Timber — Sawn Or Split,1878,9039862,0,0.0,nodata,3635546,0,0.0,nodata,Load,0,
Silk — Raw,1871,8921589,0,0.0,nodata,8253335,0,0.0,nodata,Lb,0,
Oxen And Bulls,1900,8919399,0,0.0,nodata,490333,0,0.0,nodata,Number,0,
Butter,1888,8913015,8913045,1.0,exact01,1671433,1671433,1.0,exact01,Cwt,15,
Bacon And Hams — Bacon,1879,8880223,6885587,0.7754,under,4917631,4005637,0.8145,under,Cwt,6,
Sugar — Refined : Total Of,1889,8839322,8839332,1.0,exact01,8978260,8978260,1.0,exact01,Cwt,16,
Bacon,1897,8837846,11887710,1.3451,over,5004915,6163016,1.2314,over,Cwt,11,
Wool — Manufactures,1888,8803348,0,0.0,nodata,8803348,0,0.0,nodata,Value,0,
Silk — Raw,1868,8741045,0,0.0,nodata,7036177,0,0.0,nodata,Lb,0,
Bacon And Hams — Bacon,1884,8740881,6798803,0.7778,under,3418431,2761721,0.8079,under,Cwt,9,
Bacon And Hams — Bacon,1887,8733776,6338679,0.7258,under,3927602,3005160,0.7651,under,Cwt,9,
Corn And Grain — Wheat Meal Or Flour,1880,8706109,8672839,0.9962,within5,10558312,10558312,1.0,exact01,Cwt,10,
Bacon And Hams — Bacon,1885,8685668,6690845,0.7703,under,4058454,3270491,0.8058,under,Cwt,11,
Bacon And Hams — Bacon,1878,8669310,6731688,0.7765,under,4295151,3488357,0.8122,under,Cwt,6,
Bacon And Hams — Bacon,1876,8611329,7558753,0.8778,under,3181569,2829225,0.8893,under,Cwt,5,
"Animals, Living — Bulls, Oxen, Cows, And Calves",1891,8581574,0,0.0,nodata,507407,0,0.0,nodata,Number,0,
Corn And Grain — Wheat Meal Or Flour,1889,8543908,10784689,1.2623,over,14672082,18098060,1.2335,over,Cwt,13,
"Sugar — Other Sorts, Including Candy",1894,8524003,8526200,1.0003,exact01,11233752,11236654,1.0003,exact01,Cwt,11,
Butter,1875,8502084,8502081,1.0,exact01,1467870,1467870,1.0,exact01,Cwt,10,
Corn And Grain — Wheat Meal Or Flour,1879,8501949,8471949,0.9965,within5,10728252,10728252,1.0,exact01,Cwt,10,
Bacon,1893,8479815,10940874,1.2902,over,3198887,4953467,1.5485,over,Cwt,9,
Oxen And Bulls,1899,8470767,0,0.0,nodata,497432,0,0.0,nodata,Number,0,
Bacon And Hams — Bacon,1886,8402828,6160364,0.7331,under,4210829,3265012,0.7754,under,Cwt,9,
"Sugar — Other Sorts, Including Candy",1893,8372987,8372115,0.9999,exact01,9245286,9244328,0.9999,exact01,Cwt,10,
"Sugar — Unrefined, Total",1894,8347711,9885206,1.1842,over,14306004,16450322,1.1499,over,Cwt,52,
Bacon And Hams — Bacon,1888,8343387,6413935,0.7687,under,3594212,2863863,0.7968,under,Cwt,10,
"Sugar — Unrefined, Total",1896,8334361,11456888,1.3747,over,15743676,21472988,1.3639,over,Cwt,50,
"Animals, Living — Bulls, Oxen, Cows, And Calves",1894,8285044,0,0.0,nodata,475440,0,0.0,nodata,Number,0,
"Sugar — Unrefined, Total",1895,8274875,12391832,1.4975,over,17009997,23127290,1.3596,over,Cwt,51,
"Animals, Living — Bulls, Oxen, Cows, And Calves",1884,8271020,126674,0.0153,under,425507,0,0.0,nodata,Number,5,
Wine — Total Of All Kinds,1873,8267326,8247427,0.9976,within5,21682356,21645300,0.9983,within5,Gallon,15,
Corn And Grain — Wheat Meal Or Flour,1886,8228051,7437786,0.904,under,14689560,13201259,0.8987,under,Cwt,12,
Oxen And Bulls,1894,8225067,8226143,1.0001,exact01,471794,471854,1.0001,exact01,Number,7,
Wood And Timber — Sawn Or Split,1886,8205492,0,0.0,nodata,3785786,0,0.0,nodata,Load,0,
Silk — Raw,1870,8204993,0,0.0,nodata,6307575,0,0.0,nodata,Lb,0,
Silk Manufactures — Of Countries In Europe,1871,8195725,0,0.0,nodata,8195725,0,0.0,nodata,Value,0,
Beef — Fresh,1900,8162848,0,0.0,nodata,4128130,0,0.0,nodata,Cwt,0,
Butter,1886,8141438,8141438,1.0,exact01,1543566,1543566,1.0,exact01,Cwt,14,
Sugar — Refined : Total Of,1890,8140510,8140510,1.0,exact01,9976665,9976665,1.0,exact01,Cwt,10,
"Sugar — Other Sorts, Including Candy",1896,8084753,8079627,0.9994,exact01,12131275,12125577,0.9995,exact01,Cwt,11,
Bacon,1894,8083887,10575608,1.3082,over,3689604,4572455,1.2393,over,Cwt,10,
Leather,1895,8050471,0,0.0,nodata,141953430,0,0.0,nodata,Lb,0,
"Sugar — Other Sorts, Including Candy",1897,8043368,8043079,1.0,exact01,13317908,13317836,1.0,exact01,Cwt,12,
Butter,1887,8010374,8010374,1.0,exact01,1513134,1513134,1.0,exact01,Cwt,16,
Wheatmeal And Flour,1894,7994673,0,0.0,nodata,19134605,0,0.0,nodata,Cwt,0,
Maize Or Indian Corn,1894,7952238,8173663,1.0278,within5,35365043,36104316,1.0209,within5,Cwt,15,
Bacon,1892,7930121,0,0.0,nodata,3881378,0,0.0,nodata,Cwt,0,
Bacon,1895,7925979,10815658,1.3646,over,4063418,4075704,1.003,within5,Cwt,11,
Wood And Timber — Sawn Or Split,1887,7893770,0,0.0,nodata,3797747,0,0.0,nodata,Load,0,
Maize Or Indian Corn,1893,7892629,8122898,1.0292,within5,32902503,33867417,1.0293,within5,Cwt,18,
Wood And Timber — Hewn,1874,7884209,0,0.0,nodata,2446525,0,0.0,nodata,Load,0,
Bacon,1896,7854515,7891307,1.0047,within5,4549526,4569289,1.0043,within5,Cwt,11,
Silk — Raw,1872,7825180,7825150,1.0,exact01,7302083,7301783,1.0,exact01,Lb,14,
Maize Or Indian Corn,1895,7808860,7882814,1.0095,within5,33944350,34329350,1.0113,within5,Cwt,17,
"Animals, Living — Bulls, Oxen, Cows, And Calves",1880,7793960,0,0.0,nodata,389724,0,0.0,nodata,Number,0,
Bacon And Hams — Bacon,1882,7772063,6220765,0.8004,under,2904400,2352967,0.8101,under,Cwt,6,
Coffee — Raw,1877,7768928,7780572,1.0015,within5,1608282,1610339,1.0013,within5,Cwt,32,
Wine — Total Of All Kinds,1872,7718848,7632181,0.9888,within5,19660127,19097428,0.9714,within5,Gallon,14,
Wool — Manufactures,1887,7711227,0,0.0,nodata,7711227,0,0.0,nodata,Value,0,
Wheatmeal And Flour,1895,7679013,7691588,1.0016,within5,18368410,18375300,1.0004,exact01,Cwt,18,
Wool — Manufactures,1880,7649778,0,0.0,nodata,7049778,0,0.0,nodata,Value,0,
Woollen Manufactures,1880,7619778,0,0.0,nodata,7649778,0,0.0,nodata,Value,0,
Wood And Timber — Sawn Or Split,1872,7607480,0,0.0,nodata,3093933,0,0.0,nodata,Load,0,
Leather,1896,7594592,0,0.0,nodata,139580227,0,0.0,nodata,Lb,0,
Wood And Timber — Sawn Or Split,1870,7584839,0,0.0,nodata,2926131,0,0.0,nodata,Load,0,
"Sugar — Other Sorts, Including Candy",1895,7528413,7531778,1.0004,exact01,11542079,11544081,1.0002,exact01,Cwt,12,
Coffee — Raw,1875,7513053,7518181,1.0007,exact01,1589732,1589732,1.0,exact01,Cwt,28,
Wool — Manufactures,1885,7374808,0,0.0,nodata,7374808,0,0.0,nodata,Value,0,
Fresh,1899,7345264,0,0.0,nodata,3802893,0,0.0,nodata,Cwt,0,
Beef — Fresh,1899,7315264,2249824,0.3076,under,3802893,1387286,0.3648,under,Cwt,6,
Coffee — Raw,1873,7230351,12124109,1.6768,over,0,0,,noanchor,Cwt,32,
"Animals, Living — Bulls, Oxen, Cows, And Calves",1895,7183040,0,0.0,nodata,415565,0,0.0,nodata,Number,0,
Oxen And Bulls,1895,7150812,6272083,0.8771,under,413337,416445,1.0075,within5,Number,9,
Wine — Total Of All Kinds,1877,7138966,102086785,14.2999,over,19568807,279796857,14.2981,over,Gallon,62,
Leather,1894,7094046,0,0.0,nodata,127790314,0,0.0,nodata,Lb,0,
Coffee — Raw,1879,7089100,12249507,1.7279,over,1609386,1633530,1.015,within5,Cwt,32,
Wine — Total Of All Kinds,1871,7072099,0,0.0,nodata,18224900,0,0.0,nodata,Gallon,0,
Coffee — Raw,1874,7064788,7017518,0.9933,within5,1404923,1393152,0.9916,within5,Cwt,26,
Wood And Timber — Sawn Or Split,1879,7064125,0,0.0,nodata,3256232,0,0.0,nodata,Load,0,
"Animals, Living — Bulls, Oxen, Cows, And Calves",1885,7046477,0,0.0,nodata,373078,0,0.0,nodata,Number,0,
Wine — Total Of All Kinds,1876,6993399,80271982,11.4782,over,19950723,265848319,13.3252,over,Gallon,62,
Caoutchouc,1900,6986133,0,0.0,nodata,513286,0,0.0,nodata,Cwt,0,
Bacon And Hams — Bacon,1875,6982470,6314362,0.9043,under,2638875,2414205,0.9149,under,Cwt,5,
Butter,1873,6955264,6953264,0.9997,exact01,1279566,1249566,0.9766,within5,Cwt,10,
Butter,1871,6939040,0,0.0,nodata,1334783,0,0.0,nodata,Cwt,0,
Butter,1869,6923210,0,0.0,nodata,1259089,0,0.0,nodata,Cwt,0,
Bacon And Hams — Bacon,1877,6889354,5732678,0.8321,under,2820482,2394623,0.849,under,Cwt,6,
Wood And Timber — Sawn Or Split,1868,6874918,0,0.0,nodata,2709968,0,0.0,nodata,Load,0,
Wine — Total Of All Kinds,1874,6863465,7545476,1.0994,over,18234972,18205209,0.9984,within5,Gallon,15,
Coffee — Raw,1880,6861130,982209019,143.1556,over,1546451,377082263,243.8372,over,Cwt,33,
Cheese,1900,6837883,0,0.0,nodata,2705878,0,0.0,nodata,Cwt,0,
Wool — Manufactures,1884,6831737,0,0.0,nodata,6831737,0,0.0,nodata,Value,0,
Silk — Raw,1869,6812831,0,0.0,nodata,5573366,0,0.0,nodata,Lb,0,
Corn And Grain — Wheat Meal Or Flour,1877,6808982,6808982,1.0,exact01,7377303,7377303,1.0,exact01,Cwt,12,
Wine — Total Of All Kinds,1875,6801015,6801015,1.0,exact01,18429305,18429305,1.0,exact01,Gallon,16,
Butter,1870,6793877,0,0.0,nodata,1159210,0,0.0,nodata,Cwt,0,
Barley,1898,6791472,130691,0.0192,under,24457004,23606555,0.9652,within5,Cwt,25,
Corn And Grain — Wheat Meal Or Flour,1878,6784197,6784197,1.0,exact01,7828079,7828079,1.0,exact01,Cwt,10,
Silk — Raw,1873,6758138,93630664514,13854.5062,over,6445213,84784360435,13154.6251,over,Lb,13,
Wood And Timber — Hewn,1873,6712689,0,0.0,nodata,2077982,0,0.0,nodata,Load,0,
Wood And Timber — Sawn Or Split,1869,6681127,0,0.0,nodata,2609418,0,0.0,nodata,Load,0,
Leather,1889,6673844,0,0.0,nodata,104892898,0,0.0,nodata,Lb,0,
"Animals, Living — Bulls, Oxen, Cows, And Calves",1882,6655590,109421,0.0164,under,343699,0,0.0,nodata,Number,7,
Leather,1891,6632542,0,0.0,nodata,108543848,0,0.0,nodata,Lb,0,
Leather,1893,6581142,0,0.0,nodata,113422805,0,0.0,nodata,Lb,0,
Wood And Timber — Sawn Or Split,1871,6509844,0,0.0,nodata,2857777,0,0.0,nodata,Load,0,
Stuffs,1895,6473945,0,0.0,nodata,90135913,0,0.0,nodata,Yard,0,
Wine — Total Of All Kinds,1880,6465944,6401708,0.9901,within5,17385496,16961930,0.9756,within5,Gallon,15,
Leather,1892,6397921,0,0.0,nodata,108386604,0,0.0,nodata,Lb,0,
Coffee — Raw,1876,6377829,6385455,1.0012,within5,1361642,1355800,0.9957,within5,Cwt,30,
Leather,1890,6376430,0,0.0,nodata,101056394,0,0.0,nodata,Lb,0,
Butter,1868,6310718,0,0.0,nodata,1097539,0,0.0,nodata,Cwt,0,
Wood And Timber — Hewn,1876,6297615,0,0.0,nodata,2169376,0,0.0,nodata,Load,0,
Stuffs,1893,6291505,0,0.0,nodata,70424733,0,0.0,nodata,Yard,0,
"Animals, Living — Bulls, Oxen, Cows, And Calves",1893,6262761,0,0.0,nodata,340015,0,0.0,nodata,Number,0,
"Animals, Living — Bulls, Oxen, Cows, And Calves",1881,6251577,0,0.0,nodata,319374,0,0.0,nodata,Number,0,
Wool — Manufactures,1883,6251281,0,0.0,nodata,6251281,0,0.0,nodata,Value,0,
Bacon And Hams — Bacon,1873,6245230,5693800,0.9117,under,2987229,2785483,0.9325,under,Cwt,6,
Caoutchouc,1898,6214933,6939017,1.1165,over,489581,547767,1.1188,over,Cwt,57,
Sugar — Unrefined : Beetroot,1893,6157895,6157895,1.0,exact01,8563319,8563319,1.0,exact01,Cwt,7,
Butter,1872,6028474,6028474,1.0,exact01,1138081,1135052,0.9973,within5,Cwt,10,
Sugar — Refined : Total Of,1888,6027612,6027609,1.0,exact01,6871681,6871681,1.0,exact01,Cwt,9,
Wine — Total Of All Kinds,1892,6019559,6114877,1.0158,within5,17319477,17817192,1.0287,within5,Gallon,26,
Wine — Total Of All Kinds,1878,5988685,5940917,0.992,within5,16452538,16130454,0.9804,within5,Gallon,15,
Woollen Manufactures,1881,5985863,0,0.0,nodata,7649778,0,0.0,nodata,Value,0,
Manufactures Of,1881,5985863,0,0.0,nodata,1114763,0,0.0,nodata,Lb,0,
Wool — Manufactures,1881,5985863,0,0.0,nodata,5985803,0,0.0,nodata,Value,0,
Wine — Total Of All Kinds,1891,5984701,6053526,1.0115,within5,16782631,17168642,1.023,within5,Gallon,27,
Wool — Manufactures,1882,5982449,0,0.0,nodata,5982449,0,0.0,nodata,Value,0,
"Flax, Dressed Or Undressed",1870,5979127,0,0.0,nodata,2373528,0,0.0,nodata,Cwt,0,
Stuffs,1897,5964320,0,0.0,nodata,83725893,0,0.0,nodata,Yard,0,
Wine — Total Of All Kinds,1896,5946296,6073044,1.0213,within5,16695560,17405813,1.0425,within5,Gallon,22,
Woollen Manufactures,1878,5934748,0,0.0,nodata,5931748,0,0.0,nodata,Value,0,
Caoutchouc,1899,5923897,5869345,0.9908,within5,449651,424034,0.943,under,Cwt,46,
Coffee — Raw,1878,5918481,5889359,0.9951,within5,1269677,1269869,1.0002,exact01,Cwt,27,
Beef — Fresh,1898,5915705,1906676,0.3223,under,3100821,1238014,0.3993,under,Cwt,5,
Fresh,1898,5915705,0,0.0,nodata,3100821,0,0.0,nodata,Cwt,0,
"Animals, Living — Bulls, Oxen, Cows, And Calves",1888,5912361,0,0.0,nodata,377088,0,0.0,nodata,Number,0,
Leather,1888,5909683,0,0.0,nodata,91425602,0,0.0,nodata,Lb,0,
Wine — Total Of All Kinds,1889,5905473,5905473,1.0,exact01,15900749,15899759,0.9999,exact01,Gallon,24,
Bacon And Hams — Bacon,1874,5902429,5385037,0.9123,under,2542095,2351346,0.925,under,Cwt,5,
Wine — Total Of All Kinds,1890,5886867,5798367,0.985,within5,16194107,16194107,1.0,exact01,Gallon,24,
Cheese,1897,5885521,6017297,1.0224,within5,2603178,2671493,1.0262,within5,Cwt,15,
Wood And Timber — Hewn,1877,5862278,0,0.0,nodata,2088459,0,0.0,nodata,Load,0,
Corn And Grain — Wheat Meal Or Flour,1873,5849852,5849852,1.0,exact01,6214479,6314479,1.0161,within5,Cwt,11,
Stuffs,1896,5842172,0,0.0,nodata,81912246,0,0.0,nodata,Yard,0,
"Mutton, Fresh",1900,5841566,0,0.0,nodata,3392850,0,0.0,nodata,Cwt,0,
Sugar — Refined : Total Of,1877,5794232,5794232,1.0,exact01,3429853,3429853,1.0,exact01,Cwt,9,
Beef — Fresh,1897,5783667,6483508,1.121,over,3010387,3510573,1.1662,over,Cwt,6,
Fresh,1897,5783667,0,0.0,nodata,3010387,0,0.0,nodata,Cwt,0,
Barley,1893,5776033,5305598,0.9186,under,22844562,22794494,0.9978,within5,Cwt,27,
"Flax, Dressed Or Undressed",1871,5775417,0,0.0,nodata,2587066,0,0.0,nodata,Cwt,0,
Silk — Raw,1876,5770341,5770341,1.0,exact01,6016927,5984027,0.9945,within5,Lb,13,
Leather,1885,5768840,0,0.0,nodata,80846465,0,0.0,nodata,Lb,0,
Barley,1896,5709531,5705231,0.9992,exact01,22477322,22477022,1.0,exact01,Cwt,18,
Corn And Grain — Wheat Meal Or Flour,1874,5685076,5598076,0.9847,within5,6236044,6236001,1.0,exact01,Cwt,11,
Stuffs,1894,5665282,0,0.0,nodata,75458938,0,0.0,nodata,Yard,0,
Wine — Total Of All Kinds,1881,5651107,122416140,21.6623,over,16297033,327306921,20.0838,over,Gallon,62,
Iron — Ore Of (Including Chrome),1900,5639003,0,0.0,nodata,6297963,0,0.0,nodata,Ton,0,
Woollen Manufactures,1879,5637675,0,0.0,nodata,5637775,0,0.0,nodata,Value,0,
Wool — Manufactures,1879,5637675,0,0.0,nodata,5037775,0,0.0,nodata,Value,0,
Wood And Timber — Hewn,1889,5636764,0,0.0,nodata,2392223,0,0.0,nodata,Load,0,
Leather,1887,5618845,0,0.0,nodata,84876528,0,0.0,nodata,Lb,0,
Wood And Timber — Hewn,1883,5615189,0,0.0,nodata,2152868,0,0.0,nodata,Load,0,
"Flax, Dressed Or Undressed",1874,5545396,120119,0.0217,under,2374086,29927,0.0126,under,Cwt,2,
"Flax, Dressed And Undressed, And Tow",1874,5545396,0,0.0,nodata,2374086,0,0.0,nodata,Cwt,0,
Barley,1895,5538405,5533618,0.9991,exact01,23618867,23600907,0.9992,exact01,Cwt,20,
Leather,1886,5536225,0,0.0,nodata,77810381,0,0.0,nodata,Lb,0,
Cheese,1899,5503004,5636502,1.0243,within5,2384069,2326453,0.9758,within5,Cwt,15,
Cheese,1894,5474940,5612630,1.0251,within5,2266145,2290443,1.0107,within5,Cwt,16,
Sugar — Refined : Total Of,1887,5469161,5469161,1.0,exact01,6996312,6996312,1.0,exact01,Cwt,9,
Leather,1883,5466399,0,0.0,nodata,74718266,0,0.0,nodata,Lb,0,
Wine — Total Of All Kinds,1887,5466266,5466233,1.0,exact01,15383641,15388111,1.0003,exact01,Gallon,21,
Wine — Total Of All Kinds,1882,5458923,139874553,25.6231,over,15715813,356808231,22.7038,over,Gallon,65,
Wine — Total Of All Kinds,1883,5451953,5451953,1.0,exact01,15559795,15559795,1.0,exact01,Gallon,20,
Wine — Total Of All Kinds,1895,5448088,5559418,1.0204,within5,15864323,16495430,1.0398,within5,Gallon,23,
Wine — Total Of All Kinds,1868,5440991,0,0.0,nodata,16953429,0,0.0,nodata,Gallon,0,
"Mutton, Fresh",1899,5439317,8714400,1.6021,over,3446022,5417701,1.5722,over,Cwt,14,
Jute,1889,5428713,10838292,1.9965,over,0,0,,noanchor,Cwt,11,
Leather,1884,5417997,0,0.0,nodata,76875971,0,0.0,nodata,Lb,0,
Cheese,1892,5416784,4880673,0.901,under,2232817,2258402,1.0115,within5,Cwt,10,
Eggs,1900,5406020,0,0.0,nodata,16882678,0,0.0,nodata,Great Hundred,0,
Coffee — Raw,1871,5394509,0,0.0,nodata,0,0,,noanchor,Cwt,0,
Iron — Ore Of (Including Chrome),1899,5374918,5446221,1.0133,within5,7054578,7079976,1.0036,within5,Ton,36,
Wine — Total Of All Kinds,1879,5365250,5018261,0.9353,under,15162857,14849314,0.9793,within5,Gallon,15,
Wine — Total Of All Kinds,1884,5341117,5340164,0.9998,exact01,15106271,15106181,1.0,exact01,Gallon,21,
Sugar — Refined : Total Of,1886,5320635,5320218,0.9999,exact01,6372050,6371740,1.0,exact01,Cwt,7,
Wine — Total Of All Kinds,1893,5302202,5415009,1.0213,within5,14675201,15172686,1.0339,within5,Gallon,27,
"Sugar — Unrefined : Cane, And Other Sorts",1893,5301419,8447812,1.5935,over,7468794,12143026,1.6258,over,Cwt,37,
"Flax, Dressed Or Undressed",1873,5299180,0,0.0,nodata,2195423,0,0.0,nodata,Cwt,0,
Wood And Timber — Hewn,1882,5297873,0,0.0,nodata,2022656,0,0.0,nodata,Load,0,
"Skins And Furs — Goat, Undressed",1888,5280502,0,0.0,nodata,5280502,0,0.0,nodata,Number,0,
Leather,1882,5272665,0,0.0,nodata,75217794,0,0.0,nodata,Lb,0,
Wine — Total Of All Kinds,1869,5265600,0,0.0,nodata,17184330,0,0.0,nodata,Gallon,0,
"Unwrought, In Bars, Blocks, Slabs, Cakes, Or Ingots",1900,5261946,0,0.0,nodata,70885,0,0.0,nodata,Ton,0,
Coffee — Raw,1872,5257403,5191323,0.9874,within5,0,0,,noanchor,Cwt,18,
Wood And Timber — Hewn,1880,5252149,0,0.0,nodata,2130541,0,0.0,nodata,Load,0,
Seeds — Flax Or Linseed,1882,5245513,5185473,0.9886,within5,2433132,2433132,1.0,exact01,Quarter,11,
Cheese,1881,5245115,5147400,0.9814,within5,1840090,1808514,0.9828,within5,Cwt,3,
Oats,1900,5236409,0,0.0,nodata,20109560,0,0.0,nodata,Cwt,0,
Woollen Manufactures,1877,5235948,0,0.0,nodata,5235948,0,0.0,nodata,Value,0,
Wood And Timber — Hewn,1872,5209802,0,0.0,nodata,1789576,0,0.0,nodata,Load,0,
Coffee — Raw,1882,5201536,5159998,0.992,within5,1364084,1338626,0.9813,within5,Cwt,23,
Cheese,1893,5160918,5259931,1.0192,within5,2077462,2085652,1.0039,within5,Cwt,14,
Potatoes,1899,5159011,1573738,0.305,under,5159011,5128849,0.9942,within5,Cwt,13,
Barley,1900,5152977,0,0.0,nodata,17054090,0,0.0,nodata,Cwt,0,
Seeds — Flax Or Linseed,1875,5135182,5149589,1.0028,within5,1961987,1968098,1.0031,within5,Quarter,11,
Wine — Total Of All Kinds,1885,5126392,5093492,0.9936,within5,14629738,14629738,1.0,exact01,Gallon,22,
Sugar — Unrefined : Beetroot,1900,5120821,0,0.0,nodata,10230556,0,0.0,nodata,Cwt,0,
Wine — Total Of All Kinds,1886,5115381,5115381,1.0,exact01,14552864,14552859,1.0,exact01,Gallon,21,
"Flax, Dressed Or Undressed",1868,5098387,0,0.0,nodata,1816669,0,0.0,nodata,Cwt,0,
Cheese,1880,5091514,5091514,1.0,exact01,1775997,1785967,1.0056,within5,Cwt,5,
"Animals, Living — Bulls, Oxen, Cows, And Calves",1878,5080702,25752,0.0051,under,253462,0,0.0,nodata,Number,5,
"Flax, Dressed And Undressed, And Tow",1877,5075274,0,0.0,nodata,2226284,0,0.0,nodata,Cwt,0,
"Animals, Living — Bulls, Oxen, Cows, And Calves",1886,5068846,0,0.0,nodata,319622,0,0.0,nodata,Number,0,
Eggs,1899,5044402,5069396,1.005,within5,16174756,16169740,0.9997,exact01,Great Hundred,21,
"Flax, Dressed And Undressed, And Tow",1884,5030325,0,0.0,nodata,1607602,0,0.0,nodata,Cwt,0,
Beef — Fresh,1896,5028828,5647371,1.123,over,2659700,3122200,1.1739,over,Cwt,6,
Fresh,1896,5028828,0,0.0,nodata,2659700,0,0.0,nodata,Cwt,0,
Wine — Total Of All Kinds,1894,5018108,5100555,1.0164,within5,14368621,14724007,1.0247,within5,Gallon,22,
"Flax, Dressed Or Undressed",1872,5010529,146928,0.0293,under,2020970,26445,0.0131,under,Cwt,2,
Wood And Timber — Hewn,1890,5004474,0,0.0,nodata,2278171,0,0.0,nodata,Load,0,
Cheese,1884,5001635,5001635,1.0,exact01,1927139,1927139,1.0,exact01,Cwt,11,
Caoutchouc,1896,4991122,5669553,1.1359,over,431148,506647,1.1751,over,Cwt,59,
"Leather, Undressed",1900,4986126,0,0.0,nodata,979322,0,0.0,nodata,Cwt,0,
Seeds — Flax Or Linseed,1876,4977177,4944177,0.9934,within5,1996684,1996684,1.0,exact01,Quarter,10,
"Copper, Ore And Regulus",1888,4975790,0,0.0,nodata,3562071,0,0.0,nodata,Ton,0,
Cheese,1890,4975131,4975134,1.0,exact01,2144074,2194074,1.0233,within5,Cwt,10,
Cheese,1898,4970242,5961403,1.1994,over,2339452,2410935,1.0306,within5,Cwt,15,
Silk — Raw,1874,4966325,4965972,0.9999,exact01,5911831,5911831,1.0,exact01,Lb,13,
Barley,1899,4950132,4880156,0.9859,within5,17189358,17099358,0.9948,within5,Cwt,25,
Cheese,1878,4946686,4946656,1.0,exact01,1968859,1968859,1.0,exact01,Cwt,5,
Coffee — Raw,1870,4942769,0,0.0,nodata,0,0,,noanchor,Cwt,0,
Coffee — Raw,1883,4936465,4889513,0.9905,within5,1407134,1380263,0.9809,within5,Cwt,30,
Coffee — Raw,1869,4927805,0,0.0,nodata,0,0,,noanchor,Cwt,0,
Jute,1890,4921991,9840665,1.9993,over,0,0,,noanchor,Cwt,11,
Woollen Manufactures,1876,4920711,0,0.0,nodata,4920711,0,0.0,nodata,Value,0,
Hides — Raw,1872,4919262,94912,0.0193,under,1436350,40732,0.0284,under,Cwt,7,
Seeds — Flax Or Linseed,1878,4908456,4908456,1.0,exact01,1988829,1988829,1.0,exact01,Quarter,10,
"Mutton, Fresh",1898,4902179,7809939,1.5932,over,3314001,5248254,1.5837,over,Cwt,16,
Cheese,1896,4900342,5016432,1.0237,within5,2244525,2300031,1.0247,within5,Cwt,15,
Cheese,1883,4890400,4890400,1.0,exact01,1799704,1799704,1.0,exact01,Cwt,11,
Wood And Timber — Hewn,1892,4885850,0,0.0,nodata,2469139,0,0.0,nodata,Load,0,
"Animals, Living — Bulls, Oxen, Cows, And Calves",1875,4885462,29993,0.0061,under,263684,0,0.0,nodata,Number,5,
Corn And Grain — Wheat Meal Or Flour,1875,4870257,4867257,0.9994,exact01,6136083,6136083,1.0,exact01,Cwt,10,
"Animals, Living — Bulls, Oxen, Cows, And Calves",1876,4860440,51564,0.0106,under,271576,0,0.0,nodata,Number,4,
Wood And Timber — Hewn,1875,4859322,0,0.0,nodata,1695022,0,0.0,nodata,Load,0,
Coffee — Raw,1868,4858107,0,0.0,nodata,0,0,,noanchor,Cwt,0,
Sugar — Refined : Total Of,1885,4835742,4835742,1.0,exact01,5329046,5329046,1.0,exact01,Cwt,9,
"Mutton, Fresh",1897,4827868,7838177,1.6235,over,3193276,5292306,1.6573,over,Cwt,15,
Wine — Total Of All Kinds,1870,4817294,0,0.0,nodata,17774782,0,0.0,nodata,Gallon,0,
Cheese,1891,4813404,4887661,1.0154,within5,2041325,2070997,1.0145,within5,Cwt,13,
Wood And Timber — Hewn,1881,4809069,0,0.0,nodata,1871966,0,0.0,nodata,Load,0,
"Beef, Salted And Fresh",1892,4801736,0,0.0,nodata,2355031,0,0.0,nodata,Cwt,0,
Leather,1881,4801591,0,0.0,nodata,66356857,0,0.0,nodata,Lb,0,
Seeds — Flax Or Linseed,1883,4786903,4786903,1.0,exact01,2323397,2323397,1.0,exact01,Quarter,21,
Sugar — Refined : Total Of,1878,4779045,4779045,1.0,exact01,3266480,3266480,1.0,exact01,Cwt,7,
Cheese,1877,4771393,4771393,1.0,exact01,1653920,1653920,1.0,exact01,Cwt,5,
Coffee — Raw,1881,4761369,13229533,2.7785,over,1229003,1210053,0.9846,within5,Cwt,35,
Cheese,1882,4749870,4749870,1.0,exact01,1694623,1694623,1.0,exact01,Cwt,5,
Corn And Grain — Wheat Meal Or Flour,1876,4741515,4738515,0.9994,exact01,5959821,5959821,1.0,exact01,Cwt,11,
Hides — Raw,1873,4727126,0,0.0,nodata,1339373,0,0.0,nodata,Cwt,0,
Raw,1873,4727126,0,0.0,nodata,1339373,0,0.0,nodata,Lb,0,
"Mutton, Fresh",1896,4718546,7824662,1.6583,over,2895158,4748791,1.6403,over,Cwt,14,
Cheese,1875,4709508,4709478,1.0,exact01,1627748,1627748,1.0,exact01,Cwt,7,
"Leather, Undressed",1895,4708903,4075143,0.8654,under,918252,0,0.0,nodata,Cwt,13,
Barley,1897,4681074,4571574,0.9766,within5,18958720,18897120,0.9968,within5,Cwt,20,
Cheese,1895,4675130,4900655,1.0482,within5,2133819,2226578,1.0435,within5,Cwt,15,
Wood And Timber — Hewn,1884,4673485,0,0.0,nodata,1953930,0,0.0,nodata,Load,0,
Sugar — Unrefined : Beetroot,1899,4672311,4672311,1.0,exact01,9309372,9333416,1.0026,within5,Cwt,8,
Wood And Timber — Hewn,1871,4670828,0,0.0,nodata,1658894,0,0.0,nodata,Load,0,
Wood And Timber — Hewn,1870,4641119,0,0.0,nodata,1430174,0,0.0,nodata,Load,0,
"Animals, Living — Bulls, Oxen, Cows, And Calves",1879,4639431,0,0.0,nodata,247768,0,0.0,nodata,Number,0,
Woollen Manufactures,1871,4637625,0,0.0,nodata,4637625,0,0.0,nodata,Value,0,
Wood And Timber — Hewn,1885,4636997,0,0.0,nodata,1935854,0,0.0,nodata,Load,0,
Jute,1894,4622137,9224448,1.9957,over,0,0,,noanchor,Cwt,11,
"Mutton, Fresh",1895,4595678,7715283,1.6788,over,2611435,4294234,1.6444,over,Cwt,16,
Hides — Raw,1874,4592579,122700,0.0267,under,1264274,45128,0.0357,under,Cwt,8,
Raw,1874,4592579,0,0.0,nodata,1264274,0,0.0,nodata,Lb,0,
Seeds — Flax Or Linseed,1889,4570203,7502148,1.6415,over,2269495,3685482,1.6239,over,Quarter,14,
Seeds — Flax Or Linseed,1891,4564669,7777764,1.7039,over,2200112,3720065,1.6909,over,Quarter,16,
"Beef, Salted And Fresh",1895,4562059,0,0.0,nodata,2410993,0,0.0,nodata,Cwt,0,
"Beef, Salted And Fresh",1894,4556502,0,0.0,nodata,2316415,0,0.0,nodata,Cwt,0,
Caoutchouc,1897,4553416,5115008,1.1233,over,396929,423837,1.0678,over,Cwt,58,
Seeds — Flax Or Linseed,1877,4552798,4552798,1.0,exact01,1706796,1706796,1.0,exact01,Quarter,10,
Cheese,1888,4546408,4541908,0.999,exact01,1917616,1917816,1.0001,exact01,Cwt,11,
Cheese,1887,4514382,4514382,1.0,exact01,1836789,1836786,1.0,exact01,Cwt,11,
Seeds — Flax Or Linseed,1872,4513842,4513842,1.0,exact01,1514947,1514947,1.0,exact01,Quarter,10,
Leather,1880,4511699,0,0.0,nodata,60248678,0,0.0,nodata,Lb,0,
Wood And Timber — Hewn,1891,4500667,0,0.0,nodata,2250692,0,0.0,nodata,Load,0,
Cheese,1889,4490970,4490470,0.9999,exact01,1907999,1907999,1.0,exact01,Cwt,11,
Cheese,1874,4483927,4575378,1.0204,within5,1485265,1485265,1.0,exact01,Cwt,13,
Sugar — Refined : Total Of,1883,4468617,4468617,1.0,exact01,3283920,3283920,1.0,exact01,Cwt,10,
Eggs,1898,4457117,4457117,1.0,exact01,14424601,14424631,1.0,exact01,Great Hundred,17,
Ore Of (Including Chrome),1897,4456004,4523419,1.0151,within5,5968680,13823,0.0023,under,?,29,
Sugar — Refined : Total Of,1884,4452851,4452851,1.0,exact01,4263873,4263873,1.0,exact01,Cwt,10,
Silk — Raw,1877,4452045,4452045,1.0,exact01,4441891,4441891,1.0,exact01,Lb,10,
"Animals, Living — Bulls, Oxen, Cows, And Calves",1887,4438785,0,0.0,nodata,295961,0,0.0,nodata,Number,0,
Sugar — Refined : Total Of,1880,4436872,4436842,1.0,exact01,3036074,3036074,1.0,exact01,Cwt,6,
Iron — Ore Of (Including Chrome),1897,4436004,4522823,1.0196,within5,5968680,5996004,1.0046,within5,Ton,32,
"Unwrought, Part Wrought, And Old Copper",1872,4435970,0,0.0,nodata,48400,0,0.0,nodata,Ton,0,
"Leather, Undressed",1896,4433196,0,0.0,nodata,889404,0,0.0,nodata,Cwt,0,
Sugar — Unrefined : Beetroot,1898,4431196,4422196,0.998,within5,9565811,9265761,0.9686,within5,Cwt,7,
Fresh,1892,4413148,0,0.0,nodata,2079637,0,0.0,nodata,Cwt,0,
"Flax, Dressed And Undressed, And Tow",1875,4412306,0,0.0,nodata,1773940,0,0.0,nodata,Cwt,0,
"Beef, Salted And Fresh",1891,4394517,0,0.0,nodata,2168270,0,0.0,nodata,Cwt,0,
Oats,1898,4382857,5376507,1.2267,over,15577900,13696600,0.8792,under,Cwt,18,
Seeds — Flax Or Linseed,1881,4380620,4380620,1.0,exact01,1823808,1823808,1.0,exact01,Quarter,11,
Seeds — Flax Or Linseed,1868,4378254,0,0.0,nodata,1635528,0,0.0,nodata,Quarter,0,
"Petroleum, Illuminating",1900,4365770,0,0.0,nodata,215268480,0,0.0,nodata,Gallon,0,
"In Blocks, Ingots, Bars, Or Slabs",1900,4359133,0,0.0,nodata,602359,0,0.0,nodata,Cwt,0,
Jute,1895,4358036,8711923,1.999,over,0,0,,noanchor,Cwt,14,
Wood And Timber — Sawn Or Split,1888,4357064,0,0.0,nodata,4357064,0,0.0,nodata,Load,0,
Eggs,1897,4356807,4352957,0.9991,exact01,14031754,13976580,0.9961,within5,Great Hundred,21,
"Mutton, Fresh",1894,4341227,7125729,1.6414,over,2295066,3745991,1.6322,over,Cwt,14,
Sugar — Unrefined : Beetroot,1894,4339730,4339730,1.0,exact01,7744736,7744736,1.0,exact01,Cwt,7,
Sugar — Refined : Total Of,1875,4338166,4338166,1.0,exact01,2860776,2860776,1.0,exact01,Cwt,8,
"Leather, Undressed",1897,4331140,0,0.0,nodata,905440,0,0.0,nodata,Cwt,0,
Wood And Timber — Hewn,1869,4328723,0,0.0,nodata,1324648,0,0.0,nodata,Load,0,
Coffee — Raw,1889,4319372,4316339,0.9993,exact01,1035136,1035103,1.0,exact01,Cwt,25,
Jute,1882,4315917,4315917,1.0,exact01,5937842,5937842,1.0,exact01,Cwt,2,
Woollen Manufactures — Stuffs,1900,4312716,0,0.0,nodata,62717077,0,0.0,nodata,Yard,0,
"Leather, Undressed",1899,4310295,0,0.0,nodata,886477,0,0.0,nodata,Cwt,0,
Sugar — Unrefined : Beetroot,1895,4309903,4309903,1.0,exact01,9153956,9153956,1.0,exact01,Cwt,7,
Woollen Manufactures,1875,4308357,0,0.0,nodata,4308357,0,0.0,nodata,Value,0,
"Beef, Salted And Fresh",1890,4304749,0,0.0,nodata,2129319,0,0.0,nodata,Cwt,0,
"Wood And Timber — Hewn, Fir",1900,4299518,0,0.0,nodata,2787945,0,0.0,nodata,Load,0,
Oats,1893,4297986,4446398,1.0345,within5,13954986,13694351,0.9813,within5,Cwt,24,
"Unwrought, In Bars, Blocks, Slabs, Cakes, Or Ingots",1899,4277377,0,0.0,nodata,59048,0,0.0,nodata,Ton,0,
Fresh,1895,4275548,0,0.0,nodata,2191037,0,0.0,nodata,Cwt,0,
Coffee — Raw,1887,4248384,4175441,0.9828,within5,1045698,1019849,0.9753,within5,Cwt,29,
Seeds — Flax Or Linseed,1886,4246755,7610828,1.7922,over,2072011,3717834,1.7943,over,Quarter,13,
Cheese,1876,4237763,4234763,0.9993,exact01,1531204,1531204,1.0,exact01,Cwt,5,
"Copper, Ore And Regulus",1889,4234619,0,0.0,nodata,250567,0,0.0,nodata,Ton,0,
Oats,1896,4226317,4435462,1.0495,within5,17586730,18320479,1.0417,within5,Cwt,20,
Seeds — Flax Or Linseed,1887,4222493,6725641,1.5928,over,2299123,3628496,1.5782,over,Quarter,20,
Hams,1900,4221809,0,0.0,nodata,1802670,0,0.0,nodata,Cwt,0,
Fresh,1894,4213688,0,0.0,nodata,2104104,0,0.0,nodata,Cwt,0,
Jute,1891,4203658,8399217,1.9981,over,0,0,,noanchor,Cwt,10,
Hides — Raw,1875,4203371,82640,0.0197,under,1207432,37391,0.031,under,Cwt,5,
Raw,1875,4203371,0,0.0,nodata,1207432,0,0.0,nodata,Lb,0,
Oats,1899,4199724,4292854,1.0222,within5,15626730,15898680,1.0174,within5,Cwt,19,
"Flax, Dressed Or Undressed",1869,4196986,0,0.0,nodata,1542201,0,0.0,nodata,Cwt,0,
Bacon And Hams — Bacon,1872,4188981,3787444,0.9041,under,2001855,1846536,0.9224,under,Cwt,7,
Wood And Timber — Hewn,1894,4187763,0,0.0,nodata,2338062,0,0.0,nodata,Load,0,
Eggs,1896,4184656,4185548,1.0002,exact01,13245011,13249046,1.0003,exact01,Great Hundred,20,
Wood And Timber — Hewn,1895,4181436,0,0.0,nodata,2260761,0,0.0,nodata,Load,0,
"Leather, Undressed",1898,4174882,0,0.0,nodata,850726,0,0.0,nodata,Cwt,0,
Sugar — Refined : Total Of,1874,4172113,4158957,0.9968,within5,2717406,2708214,0.9966,within5,Cwt,8,
Sugar — Unrefined : Beetroot,1896,4168484,4168484,1.0,exact01,8063918,8063918,1.0,exact01,Cwt,7,
Jute,1896,4167992,8321080,1.9964,over,0,0,,noanchor,Cwt,11,
"Sugar — Unrefined : Cane, And Other Sorts",1896,4165877,6478712,1.5552,over,7679758,12225980,1.592,over,Cwt,34,
Seeds — Flax Or Linseed,1900,4162146,0,0.0,nodata,1666031,0,0.0,nodata,Quarter,0,
Spirits — Rum,1888,4146564,373799,0.0901,under,4146564,4303096,1.0377,within5,Proof Gallon,19,
Seeds — Flax Or Linseed,1873,4136664,4136805,1.0,exact01,1445938,1445938,1.0,exact01,Quarter,11,
Jute,1900,4134389,0,0.0,nodata,0,0,,noanchor,Cwt,0,
Sugar — Refined : Total Of,1879,4134014,4134014,1.0,exact01,3018824,3018824,1.0,exact01,Cwt,6,
Wood And Timber — Hewn,1878,4133330,0,0.0,nodata,1686662,0,0.0,nodata,Load,0,
Wood And Timber — Hewn,1868,4126602,0,0.0,nodata,1360763,0,0.0,nodata,Load,0,
Sugar — Refined : Total Of,1876,4118163,4118166,1.0,exact01,2796414,2796414,1.0,exact01,Cwt,9,
"Beef, Salted And Fresh",1893,4109593,0,0.0,nodata,2008565,0,0.0,nodata,Cwt,0,
Seeds — Flax Or Linseed,1879,4095122,4109613,1.0035,within5,1651083,1654695,1.0022,within5,Quarter,9,
Hams,1899,4094500,4093660,0.9998,exact01,1978626,1978456,0.9999,exact01,Cwt,8,
Corn And Grain — Wheat Meal Or Flour,1872,4087639,4087639,1.0,exact01,4388136,4385106,0.9993,exact01,Cwt,11,
"Flax, Dressed And Undressed, And Tow",1880,4074149,0,0.0,nodata,1896725,0,0.0,nodata,Cwt,0,
"Iron — Manufactures Of Iron Or Steel, Unenumerated",1896,4073030,4073085,1.0,exact01,3741567,3832522,1.0243,within5,Cwt,15,
Cheese,1885,4069344,4069345,1.0,exact01,1833832,1833832,1.0,exact01,Cwt,10,
Cheese,1873,4061456,4061456,1.0,exact01,1356728,1356728,1.0,exact01,Cwt,8,
Wood And Timber — Hewn,1893,4048743,0,0.0,nodata,2126888,0,0.0,nodata,Load,0,
Oats,1897,4038813,3808276,0.9429,under,16116810,14427993,0.8952,under,Cwt,19,
Woollen Manufactures,1872,4038666,0,0.0,nodata,4038666,0,0.0,nodata,Value,0,
Sugar — Refined : Total Of,1881,4036912,4036912,1.0,exact01,2790464,2790464,1.0,exact01,Cwt,5,
Iron — Ore Of (Including Chrome),1898,4034648,4059584,1.0062,within5,5468396,5305991,0.9703,within5,Ton,31,
"Copper, Ore And Regulus",1891,4034415,0,0.0,nodata,212327,0,0.0,nodata,Ton,0,
Seeds — Flax Or Linseed,1896,4022676,4084530,1.0154,within5,2578864,2616830,1.0147,within5,Quarter,21,
Jute,1880,4018800,4018500,0.9999,exact01,4638896,4638896,1.0,exact01,Cwt,2,
Seeds — Flax Or Linseed,1870,4016016,0,0.0,nodata,1490695,0,0.0,nodata,Quarter,0,
Lead — Dressed,1899,4009056,3985641,0.9942,within5,459481,448032,0.9751,within5,Cwt,17,
"Sugar — Unrefined : Cane, And Other Sorts",1894,4007981,4782706,1.1933,over,6561268,8076205,1.2309,over,Cwt,34,
Coffee — Raw,1890,4004490,5325501,1.3299,over,864454,1126000,1.3026,over,Cwt,25,
Eggs,1895,4003446,4005020,1.0004,exact01,12722586,12726377,1.0003,exact01,Great Hundred,20,
"Leather, Undressed",1894,3988672,3481404,0.8728,under,771213,0,0.0,nodata,Cwt,13,
Coffee — Raw,1893,3986635,4875047,1.2228,over,826696,971231,1.1748,over,Cwt,31,
Woollen Manufactures,1874,3973811,0,0.0,nodata,3973811,0,0.0,nodata,Value,0,
Jute,1881,3973584,3973584,1.0,exact01,4928805,4928805,1.0,exact01,Cwt,2,
Sugar — Refined : Total Of,1882,3965278,3953333,0.997,within5,2766123,2755668,0.9962,within5,Cwt,7,
"Sugar — Unrefined : Cane, And Other Sorts",1895,3964972,7764714,1.9583,over,7856041,15390833,1.9591,over,Cwt,36,
Jute,1872,3954698,3954698,1.0,exact01,4041018,4041018,1.0,exact01,Cwt,2,
Seeds — Flax Or Linseed,1890,3951557,3951557,1.0,exact01,1933165,1934665,1.0008,exact01,Quarter,15,
Jute,1897,3942610,7863486,1.9945,over,0,0,,noanchor,Cwt,10,
Seeds — Flax Or Linseed,1894,3941995,3987053,1.0114,within5,2087969,2111904,1.0115,within5,Quarter,20,
Coffee — Raw,1892,3935162,5172962,1.3145,over,846863,1078098,1.273,over,Cwt,30,
Leather,1878,3914666,0,0.0,nodata,39542758,0,0.0,nodata,Lb,0,
"Copper, Ore And Regulus",1890,3910968,0,0.0,nodata,215935,0,0.0,nodata,Ton,0,
Jute,1888,3904326,7798914,1.9975,over,0,0,,noanchor,Cwt,11,
Oats,1894,3900096,4227407,1.0839,over,14979214,15995393,1.0678,over,Cwt,22,
Jute,1892,3890688,7763833,1.9955,over,0,0,,noanchor,Cwt,9,
Hides — Raw,1884,3881349,86481,0.0223,under,1217747,42465,0.0349,under,Cwt,7,
Raw,1884,3881349,0,0.0,nodata,15617582,0,0.0,nodata,Lb,0,
Margarine,1887,3880327,3880327,1.0,exact01,1276140,1246140,0.9765,within5,Cwt,10,
Hides — Raw,1880,3879582,0,0.0,nodata,1241788,0,0.0,nodata,Cwt,0,
Raw,1880,3879582,0,0.0,nodata,1241788,0,0.0,nodata,Lb,0,
Sugar — Unrefined : Beetroot,1897,3877534,3786931,0.9766,within5,8694590,8604890,0.9897,within5,Cwt,7,
"Copper, Ore And Regulus",1892,3877479,0,0.0,nodata,226087,0,0.0,nodata,Ton,0,
Eggs,1893,3875647,3875859,1.0001,exact01,11045986,10746078,0.9728,within5,Great Hundred,20,
"Mutton, Fresh",1893,3873863,6191743,1.5983,over,1971500,3166358,1.6061,over,Cwt,13,
Cheese,1886,3871359,3871359,1.0,exact01,1734890,1734890,1.0,exact01,Cwt,9,
Hides — Raw,1885,3870328,99154,0.0256,under,1230035,56164,0.0457,under,Cwt,5,
Raw,1885,3870328,0,0.0,nodata,12730503,0,0.0,nodata,Lb,0,
Hides — Raw,1871,3859064,0,0.0,nodata,1286689,0,0.0,nodata,Cwt,0,
Sugar — Refined : Total Of,1873,3847271,3847271,1.0,exact01,2273490,2273490,1.0,exact01,Cwt,6,
Woollen Manufactures,1873,3846662,0,0.0,nodata,3846662,0,0.0,nodata,Value,0,
Hides — Raw,1870,3842315,0,0.0,nodata,1199050,0,0.0,nodata,Cwt,0,
"Oxen, Bulls, Cows, And Calves",1869,3833850,0,0.0,nodata,220190,0,0.0,nodata,Number,0,
Fresh,1893,3830596,0,0.0,nodata,1808051,0,0.0,nodata,Cwt,0,
Cheese,1879,3824017,3794017,0.9922,within5,1789721,1789721,1.0,exact01,Cwt,5,
"Animals, Living — Bulls, Oxen, Cows, And Calves",1877,3817499,6870,0.0018,under,201193,0,0.0,nodata,Number,3,
Seeds — Flax Or Linseed,1884,3809231,4349180,1.1417,over,1795883,2070571,1.153,over,Quarter,13,
Hides — Raw,1883,3802862,0,0.0,nodata,1196849,0,0.0,nodata,Cwt,0,
Raw,1883,3802862,0,0.0,nodata,15485121,0,0.0,nodata,Lb,0,
Jute,1898,3801585,7586885,1.9957,over,0,0,,noanchor,Cwt,13,
Eggs,1892,3794718,3794718,1.0,exact01,11139419,11109386,0.9973,within5,Great Hundred,16,
Wheatmeal And Flour,1869,3792939,0,0.0,nodata,5401555,0,0.0,nodata,Cwt,0,
Eggs,1894,3786329,3786183,1.0,exact01,11876968,11873652,0.9997,exact01,Great Hundred,18,
Ore Of (Including Chrome),1896,3778789,3914094,1.0358,within5,5438307,21896,0.004,under,?,29,
Iron — Ore Of,1896,3778789,0,0.0,nodata,5438307,0,0.0,nodata,Ton,0,
Iron — Ore Of (Including Chrome),1896,3778789,3830607,1.0137,within5,5438307,5462546,1.0045,within5,Ton,30,
Coffee — Raw,1895,3777423,4827101,1.2779,over,774253,1000589,1.2923,over,Cwt,32,
Silver Ore,1891,3766339,0,0.0,nodata,3766339,0,0.0,nodata,Value,0,
Caoutchouc,1895,3760178,5304831,1.4108,over,341553,481732,1.4104,over,Cwt,60,
Rice,1880,3755199,3752169,0.9992,exact01,7889710,7889710,1.0,exact01,Cwt,8,
Coffee — Raw,1884,3750413,3717810,0.9913,within5,1137655,1137653,1.0,exact01,Cwt,26,
Hides — Raw,1882,3744681,0,0.0,nodata,1190667,0,0.0,nodata,Cwt,0,
Raw,1882,3744681,0,0.0,nodata,15929564,0,0.0,nodata,Lb,0,
Petroleum,1898,3733632,0,0.0,nodata,219249539,0,0.0,nodata,Gallon,0,
Petroleum,1896,3732056,3732056,1.0,exact01,189953945,189953915,1.0,exact01,Gallon,9,
Seeds — Flax Or Linseed,1892,3730341,6248462,1.675,over,1902152,3307509,1.7388,over,Quarter,17,
Jute,1871,3729735,0,0.0,nodata,3454120,0,0.0,nodata,Cwt,0,
Oats,1895,3723465,4072999,1.0939,over,15528310,16845809,1.0848,over,Cwt,26,
Margarine,1892,3712384,3712884,1.0001,exact01,1305350,1305350,1.0,exact01,Cwt,7,
Seeds — Flax Or Linseed,1871,3687092,0,0.0,nodata,1310147,0,0.0,nodata,Quarter,0,
Jute,1887,3682140,7352815,1.9969,over,0,0,,noanchor,Cwt,10,
Hams,1897,3681966,3701761,1.0054,within5,1725875,1728917,1.0018,within5,Cwt,8,
Silk — Raw,1878,3680117,3663521,0.9955,within5,4170606,4151360,0.9954,within5,Lb,8,
Seeds — Flax Or Linseed,1869,3675573,0,0.0,nodata,1397066,0,0.0,nodata,Quarter,0,
Rice,1881,3673684,3673684,1.0,exact01,8500062,8500062,1.0,exact01,Cwt,8,
Jute,1893,3672249,7332474,1.9967,over,0,0,,noanchor,Cwt,13,
Rice,1874,3659308,0,0.0,nodata,7092503,0,0.0,nodata,Cwt,0,
Jute,1899,3657519,7453028,2.0377,over,0,0,,noanchor,Cwt,13,
Margarine,1893,3655344,3655774,1.0001,exact01,1299970,1300233,1.0002,exact01,Cwt,7,
Margarine,1889,3655061,3655061,1.0,exact01,1211690,1241690,1.0248,within5,Cwt,8,
Caoutchouc,1883,3652817,3841059,1.0515,over,229101,242852,1.06,over,Cwt,36,
Rice — Not Rough Nor In The Husk,1874,3636684,3641384,1.0013,within5,7043779,7043749,1.0,exact01,Cwt,8,
Jute,1873,3619989,3619989,1.0,exact01,4624918,4624918,1.0,exact01,Cwt,5,
"Unwrought, Part Wrought, And Old Copper",1888,3610870,0,0.0,nodata,47668,0,0.0,nodata,Ton,0,
Hides — Raw,1886,3610499,0,0.0,nodata,1220897,0,0.0,nodata,Cwt,0,
"Flax, Dressed And Undressed, And Tow",1882,3607967,0,0.0,nodata,1966696,0,0.0,nodata,Cwt,0,
Lead — Dressed,1900,3599664,0,0.0,nodata,422904,0,0.0,nodata,Cwt,0,
Iron — Ore Of,1890,3596056,3596056,1.0,exact01,4471790,4471790,1.0,exact01,Ton,9,
Coffee — Raw,1898,3589988,5133561,1.43,over,922088,1075646,1.1665,over,Cwt,36,
Coffee — Raw,1897,3585044,5116985,1.4273,over,756482,2142271,2.8319,over,Cwt,39,
Hewn: Fir,1897,3584949,0,0.0,nodata,2485716,0,0.0,nodata,Load,0,
"Flax, Dressed And Undressed, And Tow",1879,3584661,0,0.0,nodata,1695094,0,0.0,nodata,Cwt,0,
Jute,1884,3584033,3584033,1.0,exact01,5081358,5081358,1.0,exact01,Cwt,6,
"Manufactured, Cigars And Snuff",1888,3583493,0,0.0,nodata,3583493,0,0.0,nodata,Lb,0,
"Animals, Living — Bulls, Oxen, Cows, And Calves",1871,3582501,0,0.0,nodata,218611,0,0.0,nodata,Number,0,
Coffee — Raw,1888,3576571,3510386,0.9815,within5,949329,925905,0.9753,within5,Cwt,25,
"Iron — Manufactures Of Iron Or Steel, Unenumerated",1900,3572332,0,0.0,nodata,4514737,0,0.0,nodata,Cwt,0,
"Unwrought, In Bars, Blocks, Slabs, Cakes, Or Ingots",1898,3567296,0,0.0,nodata,68347,0,0.0,nodata,Ton,0,
"Petroleum, Illuminating",1899,3566592,3579717,1.0037,within5,203521374,201335176,0.9893,within5,Gallon,7,
"Unmanufactured, Stemmed Or Stripped",1899,3562398,0,0.0,nodata,95005938,0,0.0,nodata,Lb,0,
Coffee — Raw,1896,3558746,4486373,1.2607,over,713468,896166,1.2561,over,Cwt,32,
Margarine,1891,3554203,3558203,1.0011,within5,1235430,1232430,0.9976,within5,Cwt,8,
Jute,1874,3553179,3545124,0.9977,within5,4270164,4259861,0.9976,within5,Cwt,2,
"Leather, Undressed",1893,3550815,3141700,0.8848,under,664448,0,0.0,nodata,Cwt,12,
Hides — Raw,1877,3545891,38594,0.0109,under,1146364,21004,0.0183,under,Cwt,3,
Raw,1877,3545891,0,0.0,nodata,1146364,0,0.0,nodata,Lb,0,
"Flax, Dressed And Undressed, And Tow",1876,3539501,0,0.0,nodata,1405838,0,0.0,nodata,Cwt,0,
Coffee — Raw,1894,3521068,4475056,1.2709,over,730631,890682,1.2191,over,Cwt,32,
"Tin — In Blocks, Ingots, Bars, Or Slabs",1888,3520342,4293082,1.2195,over,560990,692090,1.2337,over,Cwt,16,
Rice — Not Rough Nor In The Husk,1872,3518421,3518391,1.0,exact01,7033361,7033361,1.0,exact01,Cwt,5,
Regulus And Precipitate,1900,3517508,0,0.0,nodata,87739,0,0.0,nodata,Ton,0,
Eggs,1891,3505522,3505519,1.0,exact01,10628314,10628311,1.0,exact01,Great Hundred,15,
Corn And Grain — Wheat Meal Or Flour,1871,3498008,0,0.0,nodata,3977939,0,0.0,nodata,Cwt,0,
Rice,1877,3491464,0,0.0,nodata,6619779,0,0.0,nodata,Cwt,0,
Rice — Not Rough Nor In The Husk,1877,3490619,3490619,1.0,exact01,6617603,6617783,1.0,exact01,Cwt,9,
"Flax, Dressed And Undressed, And Tow",1878,3481829,0,0.0,nodata,1553600,0,0.0,nodata,Cwt,0,
Rice,1879,3480351,3480351,1.0,exact01,6857330,6857330,1.0,exact01,Cwt,11,
Manures — Guano,1870,3476680,0,0.0,nodata,280311,0,0.0,nodata,Ton,0,
Seeds — Flax Or Linseed,1893,3475290,3475290,1.0,exact01,1700581,1700581,1.0,exact01,Quarter,18,
"Unwrought, Part Wrought, And Old Copper",1875,3460274,0,0.0,nodata,41225,0,0.0,nodata,Ton,0,
Leather,1879,3454093,0,0.0,nodata,45717763,0,0.0,nodata,Lb,0,
"Mutton, Fresh",1890,3447776,5282194,1.5321,over,1656419,2559025,1.5449,over,Cwt,11,
"Mutton, Fresh",1892,3447102,6449361,1.871,over,1699966,5043687,2.9669,over,Cwt,15,
Silk — Raw,1875,3443722,3443722,1.0,exact01,4487837,4487837,1.0,exact01,Lb,12,
Coffee — Raw,1891,3437394,4367011,1.2704,over,727227,897191,1.2337,over,Cwt,24,
Eggs,1890,3428806,3428806,1.0,exact01,10291246,10291246,1.0,exact01,Great Hundred,12,
Wood And Timber — Hewn,1886,3422236,0,0.0,nodata,1582762,0,0.0,nodata,Load,0,
Hides — Raw,1878,3409065,0,0.0,nodata,1161994,0,0.0,nodata,Cwt,0,
Raw,1878,3409065,0,0.0,nodata,1161994,0,0.0,nodata,Lb,0,
"Wood And Timber — Hewn, Fir",1899,3401023,3401568,1.0002,exact01,2344681,2344774,1.0,exact01,Load,15,
"Hemp, Dressed And Undressed, And Tow",1889,3398190,0,0.0,nodata,1966521,0,0.0,nodata,Cwt,0,
"Flax, Dressed And Undressed, And Tow",1881,3398043,0,0.0,nodata,1782282,0,0.0,nodata,Cwt,0,
"Beef, Salted And Fresh",1889,3395932,0,0.0,nodata,1648220,0,0.0,nodata,Cwt,0,
Lead — Dressed,1898,3395084,3402402,1.0022,within5,391065,392708,1.0042,within5,Cwt,16,
Silk — Raw,1879,3384995,3384965,1.0,exact01,3886422,3886422,1.0,exact01,Lb,8,
Seeds — Flax Or Linseed,1899,3383982,3388962,1.0015,within5,1798887,1798887,1.0,exact01,Quarter,16,
Wheatmeal And Flour,1870,3383751,0,0.0,nodata,4803909,0,0.0,nodata,Cwt,0,
Petroleum,1895,3368904,3368849,1.0,exact01,177146628,177116228,0.9998,exact01,Gallon,8,
Seeds — Flax Or Linseed,1895,3366113,4472910,1.3288,over,1969987,2577101,1.3082,over,Quarter,22,
Woollen Manufactures,1870,3362656,0,0.0,nodata,3362656,0,0.0,nodata,Value,0,
"Animals, Living — Bulls, Oxen, Cows, And Calves",1873,3354043,34770,0.0104,under,200802,0,0.0,nodata,Number,4,
Caoutchouc,1891,3351938,3350460,0.9996,exact01,278837,278378,0.9984,within5,Cwt,26,
Silk — Raw,1884,3343962,3343942,1.0,exact01,4322702,4522702,1.0463,within5,Lb,9,
"Wine, Imported In Casks",1898,3343663,0,0.0,nodata,15163722,0,0.0,nodata,Gallon,0,
Cheese,1871,3341496,0,0.0,nodata,1216400,0,0.0,nodata,Cwt,0,
Petroleum,1897,3335271,0,0.0,nodata,185665376,0,0.0,nodata,Gallon,0,
Caoutchouc,1893,3330418,3635245,1.0915,over,293373,320528,1.0926,over,Cwt,49,
Pig And Sheet,1900,3321574,0,0.0,nodata,195380,0,0.0,nodata,Ton,0,
"Copper, Ore And Regulus",1893,3318962,0,0.0,nodata,199608,0,0.0,nodata,Ton,0,
Tallow And Stearine,1870,3318566,0,0.0,nodata,1520893,0,0.0,nodata,Cwt,0,
Hides — Raw,1876,3302288,0,0.0,nodata,1055575,0,0.0,nodata,Cwt,0,
Raw,1876,3302288,0,0.0,nodata,1055575,0,0.0,nodata,Lb,0,
"In Blocks, Ingots, Bars, Or Slabs",1899,3298182,0,0.0,nodata,543478,0,0.0,nodata,Cwt,0,
Rice,1882,3297591,3297591,1.0,exact01,8260175,8260175,1.0,exact01,Cwt,8,
"Animals, Living — Bulls, Oxen, Cows, And Calves",1874,3296460,16717,0.0051,under,193862,0,0.0,nodata,Number,7,
Coffee — Raw,1885,3295995,5017180,1.5222,over,1034562,1518312,1.4676,over,Cwt,27,
Coffee — Raw,1886,3295028,3268925,0.9921,within5,1006543,991820,0.9854,within5,Cwt,28,
Coffee — Raw,1899,3294871,5229639,1.5872,over,974793,1201471,1.2325,over,Cwt,36,
"Mutton, Fresh",1891,3282001,5390611,1.6425,over,1662991,2726451,1.6395,over,Cwt,14,
Cheese,1870,3274331,0,0.0,nodata,1041281,0,0.0,nodata,Cwt,0,
Caoutchouc,1894,3272104,3953900,1.2084,over,302451,367482,1.215,over,Cwt,59,
"Flax, Dressed And Undressed, And Tow",1895,3270840,0,0.0,nodata,0,0,,noanchor,Cwt,0,
Margarine,1888,3268313,3268313,1.0,exact01,1139743,1139743,1.0,exact01,Cwt,11,
Lard,1900,3266582,0,0.0,nodata,1927274,0,0.0,nodata,Cwt,0,
Caoutchouc,1890,3265083,3235211,0.9909,within5,264008,261113,0.989,within5,Cwt,21,
Jute,1879,3257497,3257497,1.0,exact01,4759363,4759363,1.0,exact01,Cwt,2,
Hemp — Dressed Or Undressed,1900,3251255,0,0.0,nodata,0,0,,noanchor,Cwt,0,
Wood And Timber — Hewn,1887,3250084,0,0.0,nodata,1718466,0,0.0,nodata,Load,0,
Rice — Not Rough Nor In The Husk,1873,3245434,3245434,1.0,exact01,6540318,6540318,1.0,exact01,Cwt,5,
Jute,1885,3240796,3240796,1.0,exact01,5713475,5713468,1.0,exact01,Cwt,7,
"Unwrought, Part Wrought, And Old Copper",1876,3237351,0,0.0,nodata,41872,0,0.0,nodata,Ton,0,
Lead — Dressed,1895,3236894,3244289,1.0023,within5,344979,346546,1.0045,within5,Cwt,17,
Jute,1878,3236825,3236825,1.0,exact01,4242382,4242382,1.0,exact01,Cwt,2,
"Unwrought, Part Wrought, And Old Copper",1874,3213943,0,0.0,nodata,39063,0,0.0,nodata,Ton,0,
Hides — Raw,1881,3213119,0,0.0,nodata,1011326,0,0.0,nodata,Cwt,0,
Raw,1881,3213119,0,0.0,nodata,1011326,0,0.0,nodata,Lb,0,
"Fish, Of All Sorts",1896,3213083,0,0.0,nodata,2621532,0,0.0,nodata,Cwt,0,
Rice,1878,3200843,3200843,1.0,exact01,6109020,6109020,1.0,exact01,Cwt,7,
Indigo,1869,3194613,0,0.0,nodata,86721,0,0.0,nodata,Cwt,0,
"Flax, Dressed And Undressed, And Tow",1885,3194297,0,0.0,nodata,1668305,0,0.0,nodata,Cwt,0,
Rice,1883,3175426,3174230,0.9996,exact01,7747725,7745672,0.9997,exact01,Cwt,11,
"Metals :Copper, Ore And Regulus",1884,3175066,0,0.0,nodata,186679,0,0.0,nodata,Ton,0,
"Tanned, Tawed, Curried, Or Dressed",1881,3153520,0,0.0,nodata,52002163,0,0.0,nodata,Lb,0,
Tallow And Stearine,1873,3152413,3152413,1.0,exact01,1527321,1527321,1.0,exact01,Cwt,10,
"Oxen, Bulls, Cows, And Calves",1870,3147061,0,0.0,nodata,202172,0,0.0,nodata,Number,0,
Sugar — Refined : Total Of,1872,3142703,3142703,1.0,exact01,1729302,1729272,1.0,exact01,Cwt,5,
Hams,1896,3136089,3136089,1.0,exact01,1459412,1459412,1.0,exact01,Cwt,8,
"Hemp, Dressed And Undressed, And Tow",1891,3134753,0,0.0,nodata,102675,0,0.0,nodata,Cwt,0,
Tallow And Stearine,1871,3134531,0,0.0,nodata,1491934,0,0.0,nodata,Cwt,0,
Hides — Raw,1887,3132545,230489,0.0736,under,1150192,118400,0.1029,under,Cwt,7,
Silk — Raw,1880,3130656,3130656,1.0,exact01,3673949,3613949,0.9837,within5,Lb,8,
Eggs,1889,3127590,3127590,1.0,exact01,9432503,9433103,1.0001,exact01,Great Hundred,12,
"Flax, Dressed And Undressed, And Tow",1896,3117316,307865,0.0988,under,0,0,,noanchor,Cwt,7,
Paper — Unprinted,1900,3113101,0,0.0,nodata,3818734,0,0.0,nodata,Cwt,0,
"Wine, Imported In Casks",1899,3110098,0,0.0,nodata,14941353,0,0.0,nodata,Gallon,0,
"Wine, Imported In Casks",1897,3104742,0,0.0,nodata,14468175,0,0.0,nodata,Gallon,0,
Lead — Dressed,1897,3097293,3106374,1.0029,within5,365247,368437,1.0087,within5,Cwt,17,
"Unwrought, Part Wrought, And Old Copper",1873,3093144,0,0.0,nodata,35278,0,0.0,nodata,Ton,0,
Eggs,1887,3085681,3085181,0.9998,exact01,9081077,9084077,1.0003,exact01,Great Hundred,11,
Cheese,1869,3083850,0,0.0,nodata,979189,0,0.0,nodata,Cwt,0,
Eggs,1888,3083167,3083167,1.0,exact01,9389939,9389939,1.0,exact01,Great Hundred,12,
Hides — Raw,1889,3077434,0,0.0,nodata,1224105,0,0.0,nodata,Cwt,0,
"Wine, Imported In Casks",1895,3073819,0,0.0,nodata,14557661,0,0.0,nodata,Gallon,0,
Silver Ore,1893,3069131,0,0.0,nodata,3069131,0,0.0,nodata,Value,0,
Lard,1899,3068975,3067970,0.9997,exact01,2188049,2188049,1.0,exact01,Cwt,9,
"Flax, Dressed And Undressed, And Tow",1889,3066328,0,0.0,nodata,1783070,0,0.0,nodata,Cwt,0,
"Unwrought, Part Wrought, And Old Copper",1877,3063229,0,0.0,nodata,43482,0,0.0,nodata,Ton,0,
Iron — Ore Of,1882,3063091,3043091,0.9935,within5,3284946,3284946,1.0,exact01,Ton,6,
"Tanned, Tawed, Curried, Or Dressed",1880,3055023,0,0.0,nodata,47653442,0,0.0,nodata,Lb,0,
Lead — Dressed,1896,3050618,3066886,1.0053,within5,352554,355785,1.0092,within5,Cwt,18,
Margarine,1894,3044810,3044810,1.0,exact01,1109325,1109325,1.0,exact01,Cwt,8,
Rice,1875,3033562,0,0.0,nodata,6786298,0,0.0,nodata,Cwt,0,
Margarine,1890,3033241,3083241,1.0165,within5,1079856,1079856,1.0,exact01,Cwt,8,
Silver Ore,1892,3032169,0,0.0,nodata,3032169,0,0.0,nodata,Value,0,
Cheese,1872,3031977,2996974,0.9885,within5,1057583,1057883,1.0003,exact01,Cwt,7,
Hewn: Fir,1896,3026595,0,0.0,nodata,2135080,0,0.0,nodata,Load,0,
Iron — Ore Of,1889,3024605,3024605,1.0,exact01,4031265,4031265,1.0,exact01,Ton,10,
Lead — Dressed,1894,3023009,3031061,1.0027,within5,366532,367085,1.0015,within5,Cwt,18,
"Unwrought, In Bars, Blocks, Slabs, Cakes, Or Ingots",1897,3016447,0,0.0,nodata,60608,0,0.0,nodata,Ton,0,
Rice — Not Rough Nor In The Husk,1875,3006122,3006123,1.0,exact01,6719894,6719894,1.0,exact01,Cwt,7,
Hides — Raw,1888,3003933,34245,0.0114,under,1162161,22471,0.0193,under,Cwt,2,
"Unwrought, Part Wrought, And Old Copper",1896,3002781,0,0.0,nodata,65359,0,0.0,nodata,Ton,0,
"Flax, Dressed And Undressed, And Tow",1888,2999791,0,0.0,nodata,1836982,0,0.0,nodata,Cwt,0,
Tallow And Stearine,1868,2996258,0,0.0,nodata,1247064,0,0.0,nodata,Cwt,0,
"Wine, Imported In Casks",1896,2995303,0,0.0,nodata,13850659,0,0.0,nodata,Gallon,0,
Seeds — Flax Or Linseed,1897,2988503,2986215,0.9992,exact01,1908618,1904074,0.9976,within5,Quarter,18,
Caoutchouc,1892,2982412,2979184,0.9989,within5,272163,271865,0.9989,within5,Cwt,27,
Ore Of (Including Chrome),1894,2978597,3269997,1.0978,over,4413652,12793,0.0029,under,?,30,
Iron — Ore Of,1894,2978597,0,0.0,nodata,4413652,0,0.0,nodata,Ton,0,
"Fish, Of All Sorts",1895,2978471,0,0.0,nodata,2458643,0,0.0,nodata,Cwt,0,
"Wood And Timber — Hewn, Fir",1898,2978329,3044541,1.0222,within5,2024268,2026272,1.001,exact01,Load,14,
Ore Of (Including Chrome),1895,2977952,3114901,1.046,within5,4450311,17948,0.004,under,?,29,
Iron — Ore Of,1895,2977952,0,0.0,nodata,4450311,0,0.0,nodata,Ton,0,
Iron — Ore Of (Including Chrome),1895,2977952,3046691,1.0231,within5,4450311,4466266,1.0036,within5,Ton,30,
"Tanned, Tawed, Curried, Or Dressed",1876,2977923,0,0.0,nodata,44768891,0,0.0,nodata,Lb,0,
"Iron — Manufactures Of Iron Or Steel, Unenumerated",1898,2969067,2969067,1.0,exact01,4337377,4336571,0.9998,exact01,Cwt,15,
Sugar — Refined : Total Of,1871,2965823,0,0.0,nodata,1640949,0,0.0,nodata,Cwt,0,
Hams,1892,2963712,0,0.0,nodata,1253132,0,0.0,nodata,Cwt,0,
Hops,1882,2962631,2943631,0.9936,within5,319620,319620,1.0,exact01,Cwt,8,
Margarine,1886,2962264,2962264,1.0,exact01,887974,887944,1.0,exact01,Cwt,7,
"Unenumerated, Not Sweetened",1888,2956759,0,0.0,nodata,2956759,0,0.0,nodata,Proof Gallon,0,
"Tanned, Tawed, Curried, Or Dressed",1877,2953722,0,0.0,nodata,46917689,0,0.0,nodata,Lb,0,
"Hemp, Dressed And Undressed, And Tow",1890,2945645,0,0.0,nodata,94518,0,0.0,nodata,Cwt,0,
Lard,1895,2941941,2943143,1.0004,exact01,1742688,1743294,1.0003,exact01,Cwt,11,
Indigo,1871,2937224,0,0.0,nodata,106307,0,0.0,nodata,Cwt,0,
"Metals :Copper, Ore And Regulus",1883,2936208,0,0.0,nodata,163781,0,0.0,nodata,Ton,0,
"Unmanufactured, Stemmed Or Stripped",1900,2933679,0,0.0,nodata,77384767,0,0.0,nodata,Lb,0,
Eggs,1885,2931237,2931237,1.0,exact01,8356568,8356568,1.0,exact01,Great Hundred,11,
Jute,1877,2929965,2929965,1.0,exact01,3649877,3649877,1.0,exact01,Cwt,2,
Rice,1876,2929561,0,0.0,nodata,6470461,0,0.0,nodata,Cwt,0,
Leather — Dressed,1893,2929379,2929379,1.0,exact01,344263,0,0.0,nodata,?,12,
Rice — Not Rough Nor In The Husk,1876,2929138,2929138,1.0,exact01,6469181,6469181,1.0,exact01,Cwt,8,
"Unwrought, Part Wrought, And Old Copper",1879,2924719,0,0.0,nodata,49748,0,0.0,nodata,Ton,0,
Seeds — Flax Or Linseed,1898,2920634,2853713,0.9771,within5,1688515,1687047,0.9991,exact01,Quarter,17,
Hides — Raw,1879,2916577,126239,0.0433,under,1011991,69733,0.0689,under,Cwt,5,
Raw,1879,2916577,0,0.0,nodata,1011991,0,0.0,nodata,Lb,0,
Eggs,1884,2910493,2909994,0.9998,exact01,8280073,8280073,1.0,exact01,Great Hundred,11,
Wood And Timber — Hewn,1879,2909480,0,0.0,nodata,1384115,0,0.0,nodata,Load,0,
Hams,1895,2898018,2912389,1.005,within5,1289518,1293531,1.0031,within5,Cwt,9,
"Flax, Dressed And Undressed, And Tow",1883,2896492,0,0.0,nodata,1558533,0,0.0,nodata,Cwt,0,
Rice — Not Rough Nor In The Husk,1868,2894916,0,0.0,nodata,4710048,0,0.0,nodata,Cwt,0,
"Beef, Salted And Fresh",1883,2894397,0,0.0,nodata,1094008,0,0.0,nodata,Cwt,0,
"Tin — In Blocks, Ingots, Bars, Or Slabs",1893,2892107,3294110,1.139,over,671162,764403,1.1389,over,Cwt,18,
"In Blocks, Ingots, Bars, Or Slabs",1893,2892107,0,0.0,nodata,671162,0,0.0,nodata,Cwt,0,
Hams,1893,2890252,2921684,1.0109,within5,988411,998044,1.0097,within5,Cwt,8,
Hides — Raw,1868,2889107,0,0.0,nodata,941112,0,0.0,nodata,Cwt,0,
Lard,1898,2887801,2882731,0.9982,within5,2106871,2106871,1.0,exact01,Cwt,9,
Eggs,1886,2884063,2884063,1.0,exact01,8626428,8576428,0.9942,within5,Great Hundred,10,
Pig And Sheet,1899,2883837,0,0.0,nodata,198377,0,0.0,nodata,Ton,0,
"Copper, Ore And Regulus",1885,2883598,0,0.0,nodata,189573,0,0.0,nodata,Ton,0,
"Metals :Copper, Ore And Regulus",1885,2883598,0,0.0,nodata,189573,0,0.0,nodata,Ton,0,
Tallow And Stearine,1876,2875170,2875170,1.0,exact01,1344445,1344355,0.9999,exact01,Cwt,12,
"Tanned, Tawed, Curried, Or Dressed",1878,2871052,0,0.0,nodata,50571132,0,0.0,nodata,Lb,0,
"Iron — Manufactures Of Iron Or Steel, Unenumerated",1883,2870813,2870813,1.0,exact01,3880076,3880103,1.0,exact01,Cwt,21,
"Tin — In Blocks, Ingots, Bars, Or Slabs",1887,2868261,3649658,1.2724,over,518360,662100,1.2773,over,Cwt,16,
"Copper, Ore And Regulus",1896,2862300,0,0.0,nodata,178134,0,0.0,nodata,Ton,0,
"Unwrought, Part Wrought, And Old Copper",1890,2857842,0,0.0,nodata,52028,0,0.0,nodata,Ton,0,
"Flax, Dressed And Undressed, And Tow",1890,2856274,0,0.0,nodata,1800469,0,0.0,nodata,Cwt,0,
"Flax, Dressed Or Undressed",1897,2854311,2518421,0.8823,under,0,0,,noanchor,Cwt,8,
Indigo,1868,2854213,0,0.0,nodata,75874,0,0.0,nodata,Cwt,0,
Tallow And Stearine,1872,2848164,2848164,1.0,exact01,1328444,1328444,1.0,exact01,Cwt,9,
Potatoes,1880,2847027,2846374,0.9998,exact01,9754514,9774514,1.0021,within5,Cwt,10,
Hewn: Fir,1894,2845690,0,0.0,nodata,2122975,0,0.0,nodata,Load,0,
"Unwrought, In Bars, Blocks, Slabs, Cakes, Or Ingots",1896,2845639,0,0.0,nodata,60430,0,0.0,nodata,Ton,0,
"Wine, Imported In Casks",1900,2841985,0,0.0,nodata,14587859,0,0.0,nodata,Gallon,0,
"Iron — Manufactures Of Iron Or Steel, Unenumerated",1895,2839827,2839725,1.0,exact01,3267767,3147407,0.9632,within5,Cwt,15,
Rice — Not Rough Nor In The Husk,1869,2837157,0,0.0,nodata,5319504,0,0.0,nodata,Cwt,0,
Tallow And Stearine,1900,2835217,0,0.0,nodata,2177991,0,0.0,nodata,Cwt,0,
Wheatmeal And Flour,1868,2832077,0,0.0,nodata,3093022,0,0.0,nodata,Cwt,0,
"Tanned, Tawed, Curried, Or Dressed",1875,2814042,0,0.0,nodata,42164937,0,0.0,nodata,Lb,0,
Fish,1890,2811455,0,0.0,nodata,2295974,0,0.0,nodata,Cwt,0,
"Fish, Of All Sorts",1890,2811455,0,0.0,nodata,2295974,0,0.0,nodata,Cwt,0,
Fish,1891,2809949,0,0.0,nodata,2355370,0,0.0,nodata,Cwt,0,
"Fish, Of All Sorts",1891,2809949,0,0.0,nodata,2355370,0,0.0,nodata,Cwt,0,
Lard,1893,2808549,2812117,1.0013,within5,1118106,1119838,1.0015,within5,Cwt,11,
"Copper, Ore And Regulus",1895,2807363,0,0.0,nodata,191024,0,0.0,nodata,Ton,0,
Jute,1876,2804597,2804597,1.0,exact01,3825259,3825259,1.0,exact01,Cwt,2,
Hides — Raw,1895,2804126,0,0.0,nodata,1262680,0,0.0,nodata,Cwt,0,
Rice,1891,2798772,5035442,1.7992,over,6198979,11394630,1.8381,over,Cwt,20,
"Beef, Salted And Fresh",1884,2798475,0,0.0,nodata,1090739,0,0.0,nodata,Cwt,0,
"Beef, Salted And Fresh",1885,2798050,0,0.0,nodata,1141866,0,0.0,nodata,Cwt,0,
"Tin — In Blocks, Ingots, Bars, Or Slabs",1889,2797274,3412378,1.2199,over,601849,732685,1.2174,over,Cwt,16,
Tallow And Stearine,1869,2792570,0,0.0,nodata,1232144,0,0.0,nodata,Cwt,0,
Silk — Raw,1882,2792059,2786936,0.9982,within5,3377119,3370561,0.9981,within5,Lb,8,
Ore Of (Including Chrome),1893,2792028,2822546,1.0109,within5,4065864,9947,0.0024,under,?,24,
Iron — Ore Of,1893,2792028,2790189,0.9993,exact01,4065864,4065392,0.9999,exact01,Ton,8,
"Hemp, Dressed And Undressed, And Tow",1888,2790622,0,0.0,nodata,1818138,0,0.0,nodata,Cwt,0,
Iron — Ore Of,1880,2789929,0,0.0,nodata,2632601,0,0.0,nodata,Ton,0,
Rice,1892,2788675,4885654,1.752,over,6271699,11104685,1.7706,over,Cwt,20,
"Flax, Dressed Or Undressed",1896,2779451,2789539,1.0036,within5,0,0,,noanchor,Cwt,13,
Hams,1894,2771828,2785037,1.0048,within5,1129784,1133703,1.0035,within5,Cwt,8,
"Flax, Dressed And Undressed, And Tow",1891,2771568,0,0.0,nodata,83947,0,0.0,nodata,Cwt,0,
"Iron — Manufactures Of Iron Or Steel, Unenumerated",1891,2764721,2764721,1.0,exact01,3100882,3100879,1.0,exact01,Cwt,15,
Fish,1892,2760000,0,0.0,nodata,2550617,0,0.0,nodata,Cwt,0,
"Fish, Of All Sorts",1892,2760000,0,0.0,nodata,2550617,0,0.0,nodata,Cwt,0,
Lard,1894,2758416,2773923,1.0056,within5,1400516,1407431,1.0049,within5,Cwt,10,
Caoutchouc,1882,2754692,2832878,1.0284,within5,181726,163028,0.8971,under,Cwt,19,
Iron — Ore Of,1883,2750870,2750870,1.0,exact01,3191073,3190773,0.9999,exact01,Ton,11,
Sugar — Refined : Total Of,1870,2744368,0,0.0,nodata,1710176,0,0.0,nodata,Cwt,0,
"Tin — In Blocks, Ingots, Bars, Or Slabs",1892,2743814,3198610,1.1658,over,589365,687274,1.1661,over,Cwt,15,
"Flax, Dressed And Undressed, And Tow",1892,2743305,0,0.0,nodata,86655,0,0.0,nodata,Cwt,0,
"Unwrought, Part Wrought, And Old Copper",1878,2739785,0,0.0,nodata,42902,0,0.0,nodata,Ton,0,
Eggs,1883,2732055,2702652,0.9892,within5,7836968,7506938,0.9579,within5,Great Hundred,14,
Hewn: Fir,1895,2726302,0,0.0,nodata,2008206,0,0.0,nodata,Load,0,
Bacon And Hams — Bacon,1871,2725909,0,0.0,nodata,1093838,0,0.0,nodata,Cwt,0,
Indigo,1870,2721208,0,0.0,nodata,79255,0,0.0,nodata,Cwt,0,
"Tin — In Blocks, Ingots, Bars, Or Slabs",1894,2718499,3109061,1.1437,over,782931,893921,1.1418,over,Cwt,14,
"In Blocks, Ingots, Bars, Or Slabs",1894,2718499,0,0.0,nodata,782951,0,0.0,nodata,Cwt,0,
Iron — Ore Of,1892,2716820,2736423,1.0072,within5,3780503,3784887,1.0012,within5,Ton,12,
"Flax, Dressed And Undressed, And Tow",1887,2708504,0,0.0,nodata,1560923,0,0.0,nodata,Cwt,0,
"Wine, Imported In Casks",1894,2708335,0,0.0,nodata,12059327,0,0.0,nodata,Gallon,0,
Caoutchouc,1887,2704565,2937199,1.086,over,237511,205157,0.8638,under,Cwt,31,
Potatoes,1879,2696885,2666885,0.9889,within5,9357179,9327149,0.9968,within5,Cwt,10,
"Iron — Manufactures Of Iron Or Steel, Unenumerated",1884,2693422,2693422,1.0,exact01,3702440,3702440,1.0,exact01,Cwt,12,
Rice,1889,2689600,4532631,1.6852,over,6585779,11285663,1.7136,over,Cwt,19,
Petroleum,1891,2685368,2685368,1.0,exact01,130615360,130615357,1.0,exact01,Gallon,9,
Fish,1893,2682751,0,0.0,nodata,2319838,0,0.0,nodata,Cwt,0,
"Fish, Of All Sorts",1893,2682751,0,0.0,nodata,2319838,0,0.0,nodata,Cwt,0,
"Iron — Manufactures Of Iron Or Steel, Unenumerated",1890,2681597,2681597,1.0,exact01,3018849,3018849,1.0,exact01,Cwt,17,
Rice,1884,2679101,2678801,0.9999,exact01,6579458,6584455,1.0008,exact01,Cwt,13,
"Animals, Living — Bulls, Oxen, Cows, And Calves",1872,2676379,17739,0.0066,under,172993,0,0.0,nodata,Number,3,
Tobacco — Raw,1876,2675890,0,0.0,nodata,76814974,0,0.0,nodata,Lb,0,
"Beef, Salted And Fresh",1881,2663526,0,0.0,nodata,1068599,0,0.0,nodata,Cwt,0,
"Flax, Dressed Or Undressed",1898,2657564,2657744,1.0001,exact01,0,0,,noanchor,Cwt,12,
"Iron — Manufactures Of Iron Or Steel, Unenumerated",1897,2654821,2654821,1.0,exact01,3446567,3446567,1.0,exact01,Cwt,15,
"Esparto, And All Other Materials",1896,2650964,0,0.0,nodata,538464,0,0.0,nodata,Ton,0,
Hewn: Fir,1893,2649914,0,0.0,nodata,1889385,0,0.0,nodata,Load,0,
Tobacco — Raw,1874,2647618,0,0.0,nodata,76175215,0,0.0,nodata,Lb,0,
"Fish, Of All Sorts",1894,2647080,0,0.0,nodata,2555977,0,0.0,nodata,Cwt,0,
Manures — Guano,1869,2640983,0,0.0,nodata,210010,0,0.0,nodata,Ton,0,
Silver Ore,1890,2637232,0,0.0,nodata,2637232,0,0.0,nodata,Value,0,
"Tin — In Blocks, Ingots, Bars, Or Slabs",1895,2631038,2897507,1.1013,over,832028,916345,1.1013,over,Cwt,13,
"In Blocks, Ingots, Bars, Or Slabs",1895,2631038,0,0.0,nodata,832028,0,0.0,nodata,Cwt,0,
Cotton,1900,2624450,0,0.0,nodata,406478,0,0.0,nodata,Ton,0,
"Sugar — Unrefined : Cane, And Other Sorts",1898,2621923,3376890,1.2879,over,5127095,6223606,1.2139,over,Cwt,33,
Eggs,1876,2620396,2620396,1.0,exact01,6275217,6325217,1.008,within5,Great Hundred,8,
Of All Kinds (Except Hangings),1894,2619795,0,0.0,nodata,3372606,0,0.0,nodata,Cwt,0,
Tobacco — Raw,1873,2618799,0,0.0,nodata,81382733,0,0.0,nodata,Lb,0,
Hides — Raw,1869,2618514,0,0.0,nodata,865348,0,0.0,nodata,Cwt,0,
Spirits — Brandy,1876,2618325,2618325,1.0,exact01,7913092,7913089,1.0,exact01,Proof Gallon,4,
Paper — Unprinted,1899,2617946,2608851,0.9965,within5,3083946,3104242,1.0066,within5,Cwt,15,
Paper-Making Materials — Pulp Of Wood,1900,2617789,0,0.0,nodata,487742,0,0.0,nodata,Ton,0,
Caoutchouc,1889,2617369,2549235,0.974,within5,236310,227681,0.9635,within5,Cwt,21,
"Flax, Dressed Or Undressed",1899,2612461,2589423,0.9912,within5,0,0,,noanchor,Cwt,9,
"Metals :Copper, Ore And Regulus",1882,2609836,0,0.0,nodata,152068,0,0.0,nodata,Ton,0,
Tobacco — Unmanufactured,1885,2609535,2559535,0.9808,within5,79123339,79123339,1.0,exact01,Lb,16,
Unmanufactured,1885,2609535,0,0.0,nodata,12601,0,0.0,nodata,Ton,0,
Indigo,1882,2605841,2605841,1.0,exact01,95272,95272,1.0,exact01,Cwt,6,
"Iron — Manufactures Of Iron Or Steel, Unenumerated",1894,2594962,2594976,1.0,exact01,3033084,3033081,1.0,exact01,Cwt,16,
White: Champagne,1897,2591418,0,0.0,nodata,1804224,0,0.0,nodata,?,0,
"Sparkling, Champagne",1897,2591418,0,0.0,nodata,1804234,0,0.0,nodata,?,0,
Petroleum,1889,2588947,2588883,1.0,exact01,102881256,102878574,1.0,exact01,Gallon,7,
Fish,1889,2588623,0,0.0,nodata,1988029,0,0.0,nodata,Cwt,0,
"Copper, Ore And Regulus",1880,2582334,0,0.0,nodata,145475,0,0.0,nodata,Ton,0,
Jute,1875,2575512,2575512,1.0,exact01,3416617,3416617,1.0,exact01,Cwt,2,
"Mutton, Fresh",1889,2575396,3863369,1.5001,over,1225058,1835669,1.4984,over,Cwt,11,
Silk — Raw,1883,2575125,2575125,1.0,exact01,3178593,3175993,0.9992,exact01,Lb,12,
Tallow And Stearine,1895,2575071,4702263,1.8261,over,2175822,3980048,1.8292,over,Cwt,21,
"Unwrought, Part Wrought, And Old Copper",1880,2571072,0,0.0,nodata,39740,0,0.0,nodata,Ton,0,
Tallow And Stearine,1877,2568479,2568479,1.0,exact01,1224239,1224239,1.0,exact01,Cwt,10,
Petroleum,1888,2565598,2555587,0.9961,within5,94401285,94401285,1.0,exact01,Gallon,8,
Cheese,1868,2565213,0,0.0,nodata,873377,0,0.0,nodata,Cwt,0,
"Tin — In Blocks, Ingots, Bars, Or Slabs",1891,2565074,3077253,1.1997,over,564144,675882,1.1981,over,Cwt,13,
"Iron — Manufactures Of Iron Or Steel, Unenumerated",1881,2564823,2564823,1.0,exact01,3506926,3506926,1.0,exact01,Cwt,9,
Iron And Steel — Manufactures Of Iron And Steel,1881,2564823,0,0.0,nodata,3506926,0,0.0,nodata,Cwt,0,
Eggs,1875,2559860,2559860,1.0,exact01,6176863,6176863,1.0,exact01,Great Hundred,8,
"Animals, Living — Sheep And Lambs",1882,2558827,2558827,1.0,exact01,1124391,1124391,1.0,exact01,Number,8,
Margarine,1895,2557170,2557167,1.0,exact01,940168,940168,1.0,exact01,Cwt,7,
Caoutchouc,1888,2555341,2485971,0.9729,within5,220350,210956,0.9574,within5,Cwt,25,
"Unwrought, Part Wrought, And Old Copper",1868,2550712,0,0.0,nodata,35535,0,0.0,nodata,Ton,0,
Margarine,1899,2549476,2568968,1.0076,within5,953175,952830,0.9996,exact01,Cwt,7,
"Sparkling, Champagne",1898,2548749,0,0.0,nodata,1796617,0,0.0,nodata,?,0,
Rice,1890,2548445,4555891,1.7877,over,5957555,10816902,1.8157,over,Cwt,21,
Iron — Ore Of,1887,2547950,2547950,1.0,exact01,3765788,3765788,1.0,exact01,Ton,11,
"Tin — In Blocks, Ingots, Bars, Or Slabs",1890,2547416,3121028,1.2252,over,540769,661851,1.2239,over,Cwt,18,
"Esparto, And All Other Materials",1895,2547281,0,0.0,nodata,508561,0,0.0,nodata,Ton,0,
"Esparto, And Other Materials",1895,2547251,0,0.0,nodata,508561,0,0.0,nodata,Ton,0,
Petroleum,1893,2546760,2546704,1.0,exact01,155125667,155124492,1.0,exact01,Gallon,6,
"Iron — Manufactures Of Iron Or Steel, Unenumerated",1893,2545639,2545639,1.0,exact01,3007567,3007657,1.0,exact01,Cwt,16,
Hemp — Dressed Or Undressed,1899,2541878,0,0.0,nodata,0,0,,noanchor,Cwt,0,
Coffee — Raw,1900,2541357,0,0.0,nodata,759044,0,0.0,nodata,Cwt,0,
Tobacco — Unmanufactured,1893,2539542,2540934,1.0005,exact01,81653749,81659581,1.0001,exact01,Lb,20,
Unmanufactured,1893,2539542,0,0.0,nodata,0,0,,noanchor,Ton,0,
"Tin — In Blocks, Ingots, Bars, Or Slabs",1882,2538577,2538517,1.0,exact01,485737,485737,1.0,exact01,Cwt,8,
Paper — Unprinted,1897,2536000,2506060,0.9882,within5,2985660,2955654,0.9899,within5,Cwt,15,
Woollen Manufactures,1869,2534523,0,0.0,nodata,2534523,0,0.0,nodata,Value,0,
"Iron — Manufactures Of Iron Or Steel, Unenumerated",1892,2532118,0,0.0,nodata,2875567,0,0.0,nodata,Cwt,0,
Tobacco — Unmanufactured,1894,2527190,2587583,1.0239,within5,57781317,87967085,1.5224,over,Lb,39,
Unmanufactured,1894,2527190,0,0.0,nodata,0,0,,noanchor,Ton,0,
"Unmanufactured, Stemmed Or Stripped",1894,2527190,0,0.0,nodata,57213582,0,0.0,nodata,Lb,0,
"Flax, Dressed And Undressed, And Tow",1894,2525195,0,0.0,nodata,0,0,,noanchor,Cwt,0,
"Unwrought, Part Wrought, And Old Copper",1882,2522393,0,0.0,nodata,37783,0,0.0,nodata,Ton,0,
Pig And Sheet,1898,2521356,0,0.0,nodata,194479,0,0.0,nodata,Ton,0,
"Animals, Living — Sheep And Lambs",1883,2518382,2518382,1.0,exact01,1116115,1116115,1.0,exact01,Number,10,
"Flax, Dressed And Undressed, And Tow",1893,2517953,0,0.0,nodata,0,0,,noanchor,Cwt,0,
"Esparto, And Other Materials",1894,2516783,0,0.0,nodata,459387,0,0.0,nodata,Ton,0,
"Esparto, And All Other Materials",1894,2516783,0,0.0,nodata,499387,0,0.0,nodata,Ton,0,
Hides — Raw,1890,2514416,0,0.0,nodata,1040046,0,0.0,nodata,Cwt,0,
Regulus And Precipitate,1899,2512572,2729356,1.0863,over,82179,90688,1.1035,over,Ton,20,
Eggs,1878,2511096,2511096,1.0,exact01,6530956,6530966,1.0,exact01,Great Hundred,9,
Tobacco — Unmanufactured,1886,2508526,2508526,1.0,exact01,82217982,83217982,1.0122,within5,Lb,18,
Unmanufactured,1886,2508526,0,0.0,nodata,11676,0,0.0,nodata,Ton,0,
Rice,1899,2504604,2474214,0.9879,within5,5749316,5749295,1.0,exact01,Cwt,20,
"Farinaceous Substances — Rice, Rice Meal And Flour",1899,2504604,0,0.0,nodata,5749316,0,0.0,nodata,Cwt,0,
"Of Europe, &Amp;C.",1880,2502951,0,0.0,nodata,2502951,0,0.0,nodata,Value,0,
Tobacco — Unmanufactured,1878,2501526,2501526,1.0,exact01,89250025,89249993,1.0,exact01,Lb,13,
Tobacco — Raw,1878,2501526,0,0.0,nodata,89250023,0,0.0,nodata,Lb,0,
"Copper, Ore And Regulus",1887,2501198,0,0.0,nodata,169511,0,0.0,nodata,Ton,0,
"Metals :Copper, Ore And Regulus",1887,2501198,0,0.0,nodata,169511,0,0.0,nodata,Ton,0,
Paper — Unprinted,1898,2499295,2499295,1.0,exact01,2921671,2929771,1.0028,within5,Cwt,15,
Margarine,1896,2498425,2498707,1.0001,exact01,925934,926144,1.0002,exact01,Cwt,7,
Woollen Yarn,1886,2496945,0,0.0,nodata,20081969,0,0.0,nodata,Lb,0,
Tobacco — Raw,1877,2494385,0,0.0,nodata,74362318,0,0.0,nodata,Lb,0,
"Iron — Manufactures Of Iron Or Steel, Unenumerated",1889,2490499,2490499,1.0,exact01,2973210,2973210,1.0,exact01,Cwt,17,
Margarine,1897,2485370,2485370,1.0,exact01,936543,936603,1.0001,exact01,Cwt,7,
Petroleum,1894,2484976,2484597,0.9998,exact01,163002262,162980982,0.9999,exact01,Gallon,7,
Indigo,1884,2483931,0,0.0,nodata,104423,0,0.0,nodata,Cwt,0,
Indigo,1872,2482347,2481957,0.9998,exact01,87320,87317,1.0,exact01,Cwt,13,
"Unmanufactured, Stemmed Or Stripped",1893,2476173,0,0.0,nodata,52469509,0,0.0,nodata,Lb,0,
"Of Europe, &Amp;C.",1881,2475882,0,0.0,nodata,2475882,0,0.0,nodata,Value,0,
"Iron — Manufactures Of Iron Or Steel, Unenumerated",1882,2474898,2474898,1.0,exact01,3444316,3444316,1.0,exact01,Cwt,8,
Eggs,1877,2473377,2473377,1.0,exact01,6259880,6259880,1.0,exact01,Great Hundred,9,
Iron — Ore Of,1888,2469889,2469889,1.0,exact01,3562071,3562071,1.0,exact01,Ton,14,
Silk — Raw,1881,2466051,2466051,1.0,exact01,2904580,2904550,1.0,exact01,Lb,10,
"Unwrought, Part Wrought, And Old Copper",1894,2465000,0,0.0,nodata,60296,0,0.0,nodata,Ton,0,
Margarine,1900,2464825,0,0.0,nodata,920412,0,0.0,nodata,Cwt,0,
"Hemp, Dressed And Undressed, And Tow",1892,2463541,0,0.0,nodata,0,0,,noanchor,Cwt,0,
Tobacco — Raw,1871,2462670,0,0.0,nodata,73060305,0,0.0,nodata,Lb,0,
Indigo,1883,2455968,0,0.0,nodata,100243,0,0.0,nodata,Cwt,0,
Iron — Ore Of,1891,2453407,2453404,1.0,exact01,3180543,3180543,1.0,exact01,Ton,13,
Rice,1886,2451572,4526918,1.8465,over,6557213,12438931,1.897,over,Cwt,18,
"Sparkling, Champagne",1896,2449663,0,0.0,nodata,1611659,0,0.0,nodata,?,0,
Petroleum,1892,2446906,2446852,1.0,exact01,130186085,130185586,1.0,exact01,Gallon,7,
"Unwrought, Part Wrought, And Old Copper",1891,2445249,0,0.0,nodata,46483,0,0.0,nodata,Ton,0,
Woollen Yarn,1889,2443796,0,0.0,nodata,20487624,0,0.0,nodata,Lb,0,
"Glass, Of All Kinds",1893,2443259,0,0.0,nodata,2650620,0,0.0,nodata,Cwt,0,
"Tin — In Blocks, Ingots, Bars, Or Slabs",1883,2442959,3427299,1.4029,over,521048,730115,1.4012,over,Cwt,14,
Silver Ore,1894,2439955,0,0.0,nodata,2439955,0,0.0,nodata,Value,0,
Hides — Raw,1891,2437053,0,0.0,nodata,1007070,0,0.0,nodata,Cwt,0,
"Unmanufactured, Stemmed Or Stripped",1898,2437025,0,0.0,nodata,51119315,0,0.0,nodata,Lb,0,
"Glass, Of All Kinds",1892,2434450,0,0.0,nodata,2589631,0,0.0,nodata,Cwt,0,
Indigo,1873,2433712,2403712,0.9877,within5,87233,87233,1.0,exact01,Cwt,10,
Bacon And Hams — Bacon,1869,2432260,0,0.0,nodata,740193,0,0.0,nodata,Cwt,0,
Leather Manufactures — Gloves,1875,2430876,2430876,1.0,exact01,0,0,,noanchor,Dozen Pairs,5,
Gloves,1875,2430876,0,0.0,nodata,0,0,,noanchor,Dozen Pairs,0,
"Flax, Dressed And Undressed, And Tow",1886,2429097,0,0.0,nodata,1292701,0,0.0,nodata,Cwt,0,
"Copper, Ore And Regulus",1881,2427761,0,0.0,nodata,147190,0,0.0,nodata,Ton,0,
"Iron — Manufactures Of Iron Or Steel, Unenumerated",1880,2425522,2425522,1.0,exact01,3108870,3078570,0.9903,within5,Cwt,9,
Iron And Steel — Manufactures Of Iron And Steel,1880,2425522,0,0.0,nodata,3108870,0,0.0,nodata,Cwt,0,
"Beef, Salted And Fresh",1880,2424943,0,0.0,nodata,1017956,0,0.0,nodata,Cwt,0,
"Unwrought, Part Wrought, And Old Copper",1883,2413793,0,0.0,nodata,38097,0,0.0,nodata,Ton,0,
Tobacco — Unmanufactured,1896,2410949,2499043,1.0365,within5,83558757,83623871,1.0008,exact01,Lb,38,
"Unmanufactured, Stemmed Or Stripped",1896,2410949,0,0.0,nodata,58329401,0,0.0,nodata,Lb,0,
"Farinaceous Substances — Rice, Rice Meal And Flour",1900,2408069,0,0.0,nodata,6291331,0,0.0,nodata,Cwt,0,
Petroleum,1890,2397187,2397106,1.0,exact01,105080863,105079514,1.0,exact01,Gallon,7,
Caoutchouc,1880,2387947,2333666,0.9773,within5,169587,163457,0.9639,within5,Cwt,14,
Potatoes,1878,2386143,2386143,1.0,exact01,8745838,8742748,0.9996,exact01,Cwt,10,
Eggs,1882,2385263,2385263,1.0,exact01,6766020,6766020,1.0,exact01,Great Hundred,8,
Margarine,1898,2384384,2464641,1.0337,within5,900615,900291,0.9996,exact01,Cwt,6,
Regulus And Precipitate,1893,2382940,3004133,1.2607,over,118710,127532,1.0743,over,Ton,25,
Tallow And Stearine,1899,2380033,2596765,1.0911,over,2061137,2053561,0.9963,within5,Cwt,26,
Spirits — Brandy,1873,2375447,2418244,1.018,within5,6483486,6562306,1.0122,within5,Proof Gallon,14,
Woollen Manufactures,1868,2373366,0,0.0,nodata,2373366,0,0.0,nodata,Value,0,
Of All Kinds (Except Hangings),1892,2372558,0,0.0,nodata,2896672,0,0.0,nodata,Cwt,0,
"Hemp, Dressed And Undressed, And Tow",1883,2371097,0,0.0,nodata,1440482,0,0.0,nodata,Cwt,0,
"Copper, Ore And Regulus",1877,2369984,0,0.0,nodata,149326,0,0.0,nodata,Ton,0,
Paper — Unprinted,1896,2367999,2367999,1.0,exact01,2571377,2571377,1.0,exact01,Cwt,15,
Cotton,1892,2363375,2357824,0.9977,within5,409668,408655,0.9975,within5,Ton,9,
"Iron — Manufactures Of Iron Or Steel, Unenumerated",1885,2361384,2331384,0.9873,within5,3474935,3475635,1.0002,exact01,Cwt,16,
Eggs,1873,2359022,2359022,1.0,exact01,5503950,5503950,1.0,exact01,Great Hundred,9,
Iron — Ore Of,1881,2349411,0,0.0,nodata,2450698,0,0.0,nodata,Ton,0,
Potatoes,1877,2348749,2368749,1.0085,within5,7964840,7964840,1.0,exact01,Cwt,10,
"Unmanufactured, Stemmed Or Stripped",1897,2345942,0,0.0,nodata,49773153,0,0.0,nodata,Lb,0,
"Sugar — Unrefined : Cane, And Other Sorts",1897,2345437,3239831,1.3813,over,4858937,5954698,1.2255,over,Cwt,28,
Tallow And Stearine,1894,2344773,4152849,1.7711,over,1837587,3262384,1.7754,over,Cwt,20,
Hemp — Dressed Or Undressed,1871,2344033,0,0.0,nodata,1295812,0,0.0,nodata,Cwt,0,
Indigo,1881,2342214,2343214,1.0004,exact01,81088,81088,1.0,exact01,Cwt,5,
Gloves,1896,2341690,0,0.0,nodata,2213583,0,0.0,nodata,Dozen Pairs,0,
Rice — Not Rough Nor In The Husk,1871,2337368,0,0.0,nodata,4586422,0,0.0,nodata,Cwt,0,
Fish,1881,2332605,0,0.0,nodata,1530219,0,0.0,nodata,Cwt,0,
Tallow And Stearine,1874,2331479,2301479,0.9871,within5,1155243,1155243,1.0,exact01,Cwt,10,
"Unwrought, Part Wrought, And Old Copper",1884,2329175,0,0.0,nodata,42235,0,0.0,nodata,Ton,0,
Jute,1870,2326910,0,0.0,nodata,2376690,0,0.0,nodata,Cwt,0,
Fish,1888,2324365,0,0.0,nodata,1907644,0,0.0,nodata,Cwt,0,
Eggs,1881,2322390,2322390,1.0,exact01,6305993,6305993,1.0,exact01,Great Hundred,9,
Hemp — Dressed Or Undressed,1873,2321856,0,0.0,nodata,1247354,0,0.0,nodata,Cwt,0,
"Tin — In Blocks, Ingots, Bars, Or Slabs",1886,2318070,3072216,1.3253,over,481528,640084,1.3293,over,Cwt,14,
"Flax, Dressed Or Undressed",1893,2317519,2017796,0.8707,under,0,0,,noanchor,Cwt,10,
Of All Kinds (Except Hangings),1893,2313312,0,0.0,nodata,2913646,0,0.0,nodata,Cwt,0,
"Iron — Manufactures Of Iron Or Steel, Unenumerated",1888,2312592,2312597,1.0,exact01,3156348,3156348,1.0,exact01,Cwt,15,
Tallow And Stearine,1880,2311689,2308659,0.9987,within5,1316379,1313379,0.9977,within5,Cwt,9,
Rice,1888,2308233,3751825,1.6254,over,6189644,10184213,1.6454,over,Cwt,20,
Fish,1883,2301966,0,0.0,nodata,1295754,0,0.0,nodata,Cwt,0,
Sugar — In Lumps And Loaves,1894,2300350,2300399,1.0,exact01,2711040,2711090,1.0,exact01,Cwt,7,
"Glass, Of All Kinds",1891,2299576,0,0.0,nodata,2364211,0,0.0,nodata,Cwt,0,
"Flax, Dressed Or Undressed",1894,2296365,2300572,1.0018,within5,0,0,,noanchor,Cwt,10,
Manures — Guano,1876,2295744,2295744,1.0,exact01,199291,199261,0.9998,exact01,Ton,9,
Eggs,1879,2295720,2295720,1.0,exact01,6389232,6389232,1.0,exact01,Great Hundred,9,
"In Blocks, Ingots, Bars, Or Slabs",1896,2289688,0,0.0,nodata,767495,0,0.0,nodata,Cwt,0,
Petroleum,1885,2289525,2289292,0.9999,exact01,73873641,73869673,0.9999,exact01,Gallon,6,
"Esparto, And Other Materials",1893,2285815,0,0.0,nodata,431728,0,0.0,nodata,Ton,0,
"Esparto, And All Other Materials",1893,2285815,0,0.0,nodata,431726,0,0.0,nodata,Ton,0,
Hides — Raw,1894,2281080,0,0.0,nodata,1027789,0,0.0,nodata,Cwt,0,
"Unwrought, In Bars, Blocks, Slabs, Cakes, Or Ingots",1894,2280720,0,0.0,nodata,55298,0,0.0,nodata,Ton,0,
Regulus And Precipitate,1897,2275780,2411876,1.0598,over,88591,93466,1.055,over,Ton,19,
Caoutchouc,1884,2272499,2271599,0.9996,exact01,198844,198844,1.0,exact01,Cwt,22,
"Beef, Salted And Fresh",1888,2268940,0,0.0,nodata,1063602,0,0.0,nodata,Cwt,0,
Lard,1896,2268693,2272770,1.0018,within5,1739463,1742093,1.0015,within5,Cwt,10,
Fruit — Oranges,1897,2266920,2214363,0.9768,within5,8797203,8852003,1.0062,within5,Bushel,14,
"Animals, Living — Sheep And Lambs",1880,2266436,2266136,0.9999,exact01,941121,941121,1.0,exact01,Number,8,
"Flax, Dressed Or Undressed",1900,2263791,0,0.0,nodata,0,0,,noanchor,Cwt,0,
"Copper, Ore And Regulus",1894,2261580,0,0.0,nodata,161650,0,0.0,nodata,Ton,0,
"Copper, Ore And Regulus",1879,2260834,0,0.0,nodata,133976,0,0.0,nodata,Ton,0,
"Glass, Of All Kinds",1894,2259107,0,0.0,nodata,2095820,0,0.0,nodata,Cwt,0,
"Hemp, Dressed And Undressed, And Tow",1875,2258533,0,0.0,nodata,1350758,0,0.0,nodata,Cwt,0,
Caoutchouc,1881,2254618,2254618,1.0,exact01,172077,171957,0.9993,exact01,Cwt,15,
"Animals, Living — Sheep And Lambs",1879,2252824,2252824,1.0,exact01,944888,944888,1.0,exact01,Number,9,
Tallow And Stearine,1882,2252517,2252517,1.0,exact01,1116581,1116581,1.0,exact01,Cwt,10,
White: Champagne,1896,2249698,0,0.0,nodata,1612659,0,0.0,nodata,?,0,
Lard,1883,2247016,2247016,1.0,exact01,853541,853541,1.0,exact01,Cwt,9,
"Of Europe, &Amp;C.",1879,2239991,0,0.0,nodata,2239991,0,0.0,nodata,Value,0,
Fruit — Unenumerated : Raw,1880,2239473,0,0.0,nodata,5133432,0,0.0,nodata,Bushel,0,
"Tanned, Tawed, Curried, Or Dressed",1874,2238853,0,0.0,nodata,30666147,0,0.0,nodata,Lb,0,
Eggs,1880,2235451,2235451,1.0,exact01,6228405,6228405,1.0,exact01,Great Hundred,9,
Potatoes,1900,2234569,0,0.0,nodata,8910962,0,0.0,nodata,Cwt,0,
Lard,1892,2233011,2223011,0.9955,within5,1239051,1239045,1.0,exact01,Cwt,8,
Regulus And Precipitate,1895,2232860,2349812,1.0524,over,91267,97237,1.0654,over,Ton,22,
Sugar — In Lumps And Loaves,1893,2230107,2230006,1.0,exact01,2305254,2305171,1.0,exact01,Cwt,6,
"Unwrought, Part Wrought, And Old Copper",1869,2229513,0,0.0,nodata,31885,0,0.0,nodata,Ton,0,
Silver Ore,1889,2228791,0,0.0,nodata,2228791,0,0.0,nodata,Value,0,
"Esparto, And Other Materials",1892,2227240,0,0.0,nodata,450280,0,0.0,nodata,Ton,0,
"Esparto, And All Other Materials",1892,2227240,0,0.0,nodata,430280,0,0.0,nodata,Ton,0,
"Animals, Living — Sheep And Lambs",1876,2226952,2226952,1.0,exact01,1041329,1051329,1.0096,within5,Number,8,
Hides — Raw,1896,2224941,0,0.0,nodata,973797,0,0.0,nodata,Cwt,0,
Caoutchouc,1886,2222156,2463585,1.1086,over,194748,163560,0.8399,under,Cwt,28,
Hemp — Dressed Or Undressed,1898,2219040,0,0.0,nodata,0,0,,noanchor,Cwt,0,
Cotton,1877,2216169,2216169,1.0,exact01,264619,264619,1.0,exact01,Ton,4,
"Unwrought, Part Wrought, And Old Copper",1871,2212727,0,0.0,nodata,32875,0,0.0,nodata,Ton,0,
"Hemp, Dressed And Undressed, And Tow",1885,2212214,0,0.0,nodata,1447125,0,0.0,nodata,Cwt,0,
Hemp — Dressed Or Undressed,1874,2210760,0,0.0,nodata,1210168,0,0.0,nodata,Cwt,0,
"Hemp, Dressed And Undressed, And Tow",1874,2210760,0,0.0,nodata,1240168,0,0.0,nodata,Cwt,0,
"Tanned, Tawed, Curried, Or Dressed",1879,2209680,0,0.0,nodata,35185855,0,0.0,nodata,Lb,0,
Fruit — Oranges And Lemons,1894,2206217,0,0.0,nodata,7882994,0,0.0,nodata,Bushel,0,
Regulus And Precipitate,1896,2205509,2508566,1.1374,over,90799,100078,1.1022,over,Ton,22,
Fresh (Not Of British Taking) — Other Sorts,1900,2200577,0,0.0,nodata,1140594,0,0.0,nodata,Cwt,0,
"Iron — Manufactures Of Iron Or Steel, Unenumerated",1886,2200265,2200365,1.0,exact01,3537652,3537652,1.0,exact01,Cwt,17,
"Sugar — Unrefined : Cane, And Other Sorts",1899,2197452,3210162,1.4609,over,3722337,5341135,1.4349,over,Cwt,29,
Lard,1881,2197166,2197166,1.0,exact01,854322,854322,1.0,exact01,Cwt,4,
Silk — Raw,1889,2192548,2192548,1.0,exact01,3122911,3122881,1.0,exact01,Lb,12,
"Animals, Living — Sheep And Lambs",1881,2191762,2191762,1.0,exact01,935144,935144,1.0,exact01,Number,8,
Silver Ore,1872,2188010,0,0.0,nodata,0,0,,noanchor,Value,0,
"Animals, Living — Sheep And Lambs",1875,2185750,2185750,1.0,exact01,985652,985652,1.0,exact01,Number,7,
Rice,1885,2185664,2184431,0.9994,exact01,5588650,5594130,1.001,exact01,Cwt,10,
"Tin — In Blocks, Ingots, Bars, Or Slabs",1885,2181891,2928237,1.3421,over,509322,683109,1.3412,over,Cwt,16,
Hides — Raw,1893,2181253,0,0.0,nodata,946313,0,0.0,nodata,Cwt,0,
"Hemp, Dressed And Undressed, And Tow",1881,2178877,0,0.0,nodata,1480405,0,0.0,nodata,Cwt,0,
"Beef, Salted And Fresh",1886,2178677,0,0.0,nodata,997590,0,0.0,nodata,Cwt,0,
Tallow And Stearine,1896,2178652,3585546,1.6458,over,2049749,3358977,1.6387,over,Cwt,22,
Gloves,1895,2177926,0,0.0,nodata,2030619,0,0.0,nodata,Dozen Pairs,0,
Tobacco — Unmanufactured,1887,2177770,2177770,1.0,exact01,72178994,72178994,1.0,exact01,Lb,15,
Unmanufactured,1887,2177770,0,0.0,nodata,12839,0,0.0,nodata,Ton,0,
Lard,1889,2176332,2176322,1.0,exact01,1192654,1192654,1.0,exact01,Cwt,7,
"Animals, Living — Sheep And Lambs",1878,2171904,2171904,1.0,exact01,892125,892125,1.0,exact01,Number,9,
Petroleum,1883,2170298,2170298,1.0,exact01,70526996,70526996,1.0,exact01,Gallon,10,
Tobacco — Unmanufactured,1889,2168709,2168709,1.0,exact01,74978458,74978458,1.0,exact01,Lb,17,
Unmanufactured,1889,2168709,0,0.0,nodata,21938,0,0.0,nodata,Ton,0,
"Unwrought, Part Wrought, And Old Copper",1881,2166383,0,0.0,nodata,34532,0,0.0,nodata,Ton,0,
Tobacco — Unmanufactured,1892,2162651,2163551,1.0004,exact01,63418617,63418617,1.0,exact01,Lb,16,
Unmanufactured,1892,2162651,0,0.0,nodata,0,0,,noanchor,Ton,0,
Tallow And Stearine,1893,2161407,3619882,1.6748,over,1559397,2608416,1.6727,over,Cwt,20,
Fish,1886,2158323,0,0.0,nodata,1679197,0,0.0,nodata,Cwt,0,
Rice — Not Rough Nor In The Husk,1870,2156783,0,0.0,nodata,4077468,0,0.0,nodata,Cwt,0,
Spirits — Brandy,1879,2155543,2155543,1.0,exact01,5024668,5024668,1.0,exact01,Proof Gallon,4,
"Hemp, Dressed And Undressed, And Tow",1882,2155420,0,0.0,nodata,1349658,0,0.0,nodata,Cwt,0,
Spirits — Brandy,1870,2153699,0,0.0,nodata,7942965,0,0.0,nodata,Proof Gallon,0,
"Animals, Living — Sheep And Lambs",1884,2149704,2149704,1.0,exact01,945042,945042,1.0,exact01,Number,9,
Oil — Oil Seed Cakes,1892,2147099,0,0.0,nodata,311872,0,0.0,nodata,Ton,0,
Gloves,1897,2144619,0,0.0,nodata,2026516,0,0.0,nodata,Dozen Pairs,0,
"Esparto, And Other Materials",1891,2143995,0,0.0,nodata,406374,0,0.0,nodata,Ton,0,
Jute,1869,2143100,0,0.0,nodata,2467817,0,0.0,nodata,Cwt,0,
Rice,1893,2139688,3712096,1.7349,over,5449602,9765056,1.7919,over,Cwt,19,
Tobacco — Unmanufactured,1891,2139257,2139257,1.0,exact01,59996176,59996176,1.0,exact01,Lb,18,
Unmanufactured,1891,2139257,0,0.0,nodata,0,0,,noanchor,Ton,0,
Lead — Pig And Sheet,1891,2137674,2837433,1.3273,over,169724,225866,1.3308,over,Ton,19,
Paper — Unprinted,1894,2136909,515110,0.2411,under,2049741,1264185,0.6168,under,Cwt,11,
Indigo,1876,2130568,2130568,1.0,exact01,88722,88722,1.0,exact01,Cwt,12,
Of All Kinds (Except Hangings),1891,2123811,0,0.0,nodata,94305,0,0.0,nodata,Cwt,0,
Paper And Pasteboard — Of All Kinds (Except Hangings),1891,2123811,0,0.0,nodata,2591736,0,0.0,nodata,Cwt,0,
"Tin — In Blocks, Ingots, Bars, Or Slabs",1884,2123799,2155690,1.015,within5,521491,529186,1.0148,within5,Cwt,13,
Fruit — Oranges,1900,2120790,0,0.0,nodata,5090386,0,0.0,nodata,Bushel,0,
"Unwrought, Part Wrought, And Old Copper",1889,2120564,0,0.0,nodata,41342,0,0.0,nodata,Ton,0,
Potatoes,1873,2120154,2120154,1.0,exact01,7506615,7506615,1.0,exact01,Cwt,6,
Indigo,1885,2119840,0,0.0,nodata,94314,0,0.0,nodata,Cwt,0,
Leather Manufactures — Gloves,1893,2116439,2116324,0.9999,exact01,1969922,1969849,1.0,exact01,Dozen Pairs,6,
Gloves,1893,2116439,0,0.0,nodata,1969922,0,0.0,nodata,Dozen Pairs,0,
"Hemp, Dressed And Undressed, And Tow",1893,2115951,0,0.0,nodata,0,0,,noanchor,Cwt,0,
Rice,1897,2115559,2115496,1.0,exact01,5178859,5073859,0.9797,within5,Cwt,18,
"Farinaceous Substances — Rice, Rice Meal And Flour",1897,2115559,0,0.0,nodata,5178859,0,0.0,nodata,Cwt,0,
Gloves,1894,2114985,0,0.0,nodata,1966718,0,0.0,nodata,Dozen Pairs,0,
Iron — Ore Of,1884,2114600,2114600,1.0,exact01,2730829,2730829,1.0,exact01,Ton,10,
"Glass, Of All Kinds",1895,2113040,0,0.0,nodata,1996065,0,0.0,nodata,Cwt,0,
Fruit — Oranges,1895,2111190,2106922,0.998,within5,7708719,7697274,0.9985,within5,Bushel,10,
"Esparto, And Other Materials",1890,2107750,0,0.0,nodata,403263,0,0.0,nodata,Ton,0,
"Animals, Living — Sheep And Lambs",1877,2107466,2107466,1.0,exact01,874055,874055,1.0,exact01,Number,9,
Tallow And Stearine,1879,2106927,2106927,1.0,exact01,1174907,1174907,1.0,exact01,Cwt,10,
Tallow And Stearine,1884,2106020,2600559,1.2348,over,1114888,1391346,1.248,over,Cwt,21,
Petroleum,1887,2103599,2103547,1.0,exact01,77390435,77389621,1.0,exact01,Gallon,7,
Manures — Guano,1873,2103531,2103531,1.0,exact01,184420,184420,1.0,exact01,Ton,9,
Hemp — Dressed Or Undressed,1872,2102070,0,0.0,nodata,1105983,0,0.0,nodata,Cwt,0,
Tallow And Stearine,1883,2101617,2990497,1.423,over,1038277,1493086,1.438,over,Cwt,27,
Tallow And Stearine,1881,2100619,2100619,1.0,exact01,1192075,1192075,1.0,exact01,Cwt,8,
Lead — Pig And Sheet,1890,2099046,2099046,1.0,exact01,158649,158654,1.0,exact01,Ton,11,
"Flax, Dressed Or Undressed",1895,2098718,4972300,2.3692,over,0,0,,noanchor,Cwt,10,
Tobacco — Unmanufactured,1895,2097603,2187088,1.0427,within5,72879623,73187109,1.0042,within5,Lb,37,
Unmanufactured,1895,2097603,0,0.0,nodata,0,0,,noanchor,Ton,0,
Tobacco — Unmanufactured,1890,2092665,2092665,1.0,exact01,65729970,65729910,1.0,exact01,Lb,18,
Unmanufactured,1890,2092665,0,0.0,nodata,0,0,,noanchor,Ton,0,
Lard,1890,2091704,2061704,0.9857,within5,1273236,1273236,1.0,exact01,Cwt,6,
Petroleum,1886,2091276,2091236,1.0,exact01,71125736,71251266,1.0018,within5,Gallon,7,
Hemp — Dressed Or Undressed,1868,2087669,0,0.0,nodata,1076198,0,0.0,nodata,Cwt,0,
"Hemp, Dressed And Undressed, And Tow",1895,2087667,0,0.0,nodata,0,0,,noanchor,Cwt,0,
"Esparto, And Other Materials",1889,2087495,0,0.0,nodata,385717,0,0.0,nodata,Ton,0,
Hides — Raw,1892,2085257,0,0.0,nodata,909477,0,0.0,nodata,Cwt,0,
"Glass, Of All Kinds",1890,2084865,0,0.0,nodata,2110239,0,0.0,nodata,Cwt,0,
Fish,1882,2079181,0,0.0,nodata,1239217,0,0.0,nodata,Cwt,0,
"Hemp, Dressed And Undressed, And Tow",1877,2077689,0,0.0,nodata,1254667,0,0.0,nodata,Cwt,0,
"Copper, Ore And Regulus",1868,2069872,0,0.0,nodata,114036,0,0.0,nodata,Ton,0,
"Metals :Copper, Ore And Regulus",1868,2069872,0,0.0,nodata,114036,0,0.0,nodata,Ton,0,
"Hemp, Dressed And Undressed, And Tow",1884,2067956,0,0.0,nodata,1329595,0,0.0,nodata,Cwt,0,
"Oxen, Bulls, Cows, And Calves",1868,2067822,0,0.0,nodata,136688,0,0.0,nodata,Number,0,
Tallow And Stearine,1898,2066433,2082628,1.0078,within5,2021941,2037313,1.0076,within5,Cwt,26,
Hemp — Dressed Or Undressed,1870,2063377,0,0.0,nodata,1108839,0,0.0,nodata,Cwt,0,
Hemp — Dressed Or Undressed,1893,2057157,2233363,1.0857,over,0,0,,noanchor,Cwt,26,
Fruit — Oranges,1892,2052561,0,0.0,nodata,6763276,0,0.0,nodata,Bushel,0,
Fruit — Oranges And Lemons,1892,2052501,2052561,1.0,exact01,6763276,6764176,1.0001,exact01,Bushel,16,
"Glass, Of All Kinds",1878,2050133,0,0.0,nodata,1222086,0,0.0,nodata,Cwt,0,
Fish,1884,2048800,0,0.0,nodata,1336422,0,0.0,nodata,Cwt,0,
Cotton,1891,2047747,2047747,1.0,exact01,350437,350407,0.9999,exact01,Ton,15,
Woollen Yarn — For Weaving,1900,2046745,0,0.0,nodata,19858359,0,0.0,nodata,Lb,0,
Seeds — Flax Or Linseed,1885,2046352,7722364,3.7737,over,2046352,3609416,1.7638,over,Quarter,16,
Paper — Unprinted,1895,2046271,2047318,1.0005,exact01,2083924,2084423,1.0002,exact01,Cwt,15,
Tallow And Stearine,1875,2045863,2045863,1.0,exact01,967396,967396,1.0,exact01,Cwt,10,
"Yarn, Of All Kinds",1895,2045773,0,0.0,nodata,19633481,0,0.0,nodata,Lb,0,
"Yarn, Of All Kinds",1896,2045076,0,0.0,nodata,20005403,0,0.0,nodata,Lb,0,
"Copper, Ore And Regulus",1878,2044770,0,0.0,nodata,136657,0,0.0,nodata,Ton,0,
Oil — Oil Seed Cakes,1884,2040217,2040184,1.0,exact01,269840,269798,0.9998,exact01,Ton,15,
"Copper, Ore And Regulus",1875,2039767,0,0.0,nodata,86569,0,0.0,nodata,Ton,0,
Manures — Guano,1868,2039478,0,0.0,nodata,182343,0,0.0,nodata,Ton,0,
Cotton,1899,2036550,2039163,1.0013,within5,358012,358627,1.0017,within5,Ton,14,
Pig And Sheet,1897,2033300,0,0.0,nodata,167441,0,0.0,nodata,Ton,0,
"Unwrought, Part Wrought, And Old Copper",1885,2033158,0,0.0,nodata,43997,0,0.0,nodata,Ton,0,
Fish,1887,2032423,0,0.0,nodata,1601667,0,0.0,nodata,Cwt,0,
Oil — Oil Seed Cakes,1885,2030433,2027688,0.9986,within5,282960,282596,0.9987,within5,Ton,14,
"Iron — Manufactures Of Iron Or Steel, Unenumerated",1887,2023143,2020213,0.9986,within5,2791662,2791642,1.0,exact01,Cwt,17,
"Cured Or Salted, Unenumerated",1897,2020734,2578611,1.2761,over,1165664,1643364,1.4098,over,Cwt,20,
Fresh (Not Of British Taking) — Other Sorts,1897,2020734,0,0.0,nodata,1165664,0,0.0,nodata,Cwt,0,
"Unwrought, Part Wrought, And Old Copper",1870,2019544,0,0.0,nodata,29964,0,0.0,nodata,Ton,0,
Lead — Pig And Sheet,1877,2016803,2016803,1.0,exact01,94486,94486,1.0,exact01,Ton,9,
Woollen Yarn — For Weaving,1899,2016694,0,0.0,nodata,19608143,0,0.0,nodata,Lb,0,
"Woollen, Yarn, Of All Kinds",1895,2015773,0,0.0,nodata,19633481,0,0.0,nodata,Lb,0,
"Copper, Ore And Regulus",1870,2015128,0,0.0,nodata,106632,0,0.0,nodata,Ton,0,
"Metals :Copper, Ore And Regulus",1870,2015128,0,0.0,nodata,106632,0,0.0,nodata,Ton,0,
Gloves,1898,2014398,0,0.0,nodata,1907347,0,0.0,nodata,Dozen Pairs,0,
Hemp — Dressed Or Undressed,1895,2012499,2975813,1.4787,over,0,0,,noanchor,Cwt,30,
"Animals, Living — Sheep And Lambs",1886,2010194,2010194,1.0,exact01,1038965,1038965,1.0,exact01,Number,11,
"Preserved, Otherwise Than By Salting",1895,2010006,0,0.0,nodata,856153,0,0.0,nodata,Cwt,0,
"Of Europe, &Amp;C.",1878,2009138,0,0.0,nodata,2009438,0,0.0,nodata,Value,0,
"Unmanufactured, Stemmed Or Stripped",1895,2007603,0,0.0,nodata,47252055,0,0.0,nodata,Lb,0,
Rice,1898,2005620,2005614,1.0,exact01,4546423,4516414,0.9934,within5,Cwt,17,
"Farinaceous Substances — Rice, Rice Meal And Flour",1898,2005620,0,0.0,nodata,4546423,0,0.0,nodata,Cwt,0,
Woollen Yarn,1883,2004231,0,0.0,nodata,15533441,0,0.0,nodata,Lb,0,
Gloves,1899,2002090,0,0.0,nodata,1882818,0,0.0,nodata,Dozen Pairs,0,
"Copper, Ore And Regulus",1869,1999285,0,0.0,nodata,110963,0,0.0,nodata,Ton,0,
"Metals :Copper, Ore And Regulus",1869,1999285,0,0.0,nodata,110968,0,0.0,nodata,Ton,0,
Woollen Yarn,1885,1999118,0,0.0,nodata,15924556,0,0.0,nodata,Lb,0,
Fish,1885,1994614,687749,0.3448,under,1520570,0,0.0,nodata,Cwt,7,
Lard,1897,1993143,1976236,0.9915,within5,1740468,1755069,1.0084,within5,Cwt,9,
Paper-Making Materials — Pulp Of Wood,1899,1989703,0,0.0,nodata,415113,0,0.0,nodata,Ton,0,
"Nitre, Cubic (Nitrate Of Soda)",1875,1988426,1988426,1.0,exact01,3316027,3316027,1.0,exact01,Cwt,4,
Manures — Guano,1871,1986986,0,0.0,nodata,178808,0,0.0,nodata,Ton,0,
Fruit — Oranges,1898,1986960,1988189,1.0006,exact01,7274312,7270149,0.9994,exact01,Bushel,14,
Sugar — In Lumps And Loaves,1900,1985437,0,0.0,nodata,2878877,0,0.0,nodata,Cwt,0,
Rice,1895,1982406,2897133,1.4614,over,5431248,8409524,1.5484,over,Cwt,17,
Caoutchouc,1885,1981735,2576220,1.3,over,180141,160147,0.889,under,Cwt,27,
Rice,1894,1979119,3399060,1.7175,over,5194934,9160700,1.7634,over,Cwt,19,
"Copper, Ore And Regulus",1873,1978138,0,0.0,nodata,78677,0,0.0,nodata,Ton,0,
"Metals :Copper, Ore And Regulus",1873,1978138,0,0.0,nodata,78677,0,0.0,nodata,Ton,0,
Lead — Pig And Sheet,1892,1976436,2604429,1.3177,over,182782,233909,1.2797,over,Ton,23,
Pig And Sheet,1892,1976436,0,0.0,nodata,182782,0,0.0,nodata,Ton,0,
"Unwrought, Part Wrought, And Old Copper",1893,1975865,0,0.0,nodata,43945,0,0.0,nodata,Ton,0,
"Tanned, Tawed, Curried, Or Dressed",1873,1973535,0,0.0,nodata,31617996,0,0.0,nodata,Lb,0,
"Cured Or Salted, Unenumerated",1898,1973125,181097,0.0918,under,1200723,1292427,1.0764,over,Cwt,19,
Fresh (Not Of British Taking) — Other Sorts,1898,1973125,0,0.0,nodata,1200723,0,0.0,nodata,Cwt,0,
Leather Manufactures — Gloves,1892,1970093,1969649,0.9998,exact01,1843243,1842849,0.9998,exact01,Dozen Pairs,6,
Gloves,1892,1970093,0,0.0,nodata,1843243,0,0.0,nodata,Dozen Pairs,0,
"Hemp, Dressed And Undressed, And Tow",1896,1961506,0,0.0,nodata,0,0,,noanchor,Cwt,0,
"Hemp, Dressed And Undressed, And Tow",1876,1958208,0,0.0,nodata,1174859,0,0.0,nodata,Cwt,0,
Iron — Ore Of,1885,1957199,1957199,1.0,exact01,2822598,2822598,1.0,exact01,Ton,13,
Regulus And Precipitate,1898,1955958,740851,0.3788,under,75001,85028,1.1337,over,Ton,20,
"Copper, Ore And Regulus",1876,1954222,0,0.0,nodata,102857,0,0.0,nodata,Ton,0,
Woollen Yarn,1890,1952595,0,0.0,nodata,16546462,0,0.0,nodata,Lb,0,
Petroleum,1881,1952444,0,0.0,nodata,59237258,0,0.0,nodata,Gallon,0,
"Preserved, Otherwise Than By Salting",1892,1951765,0,0.0,nodata,799501,0,0.0,nodata,Cwt,0,
Sugar — In Lumps And Loaves,1896,1950514,1950784,1.0001,exact01,2645654,2645879,1.0001,exact01,Cwt,8,
"Hides, Raw, And Pieces Thereof — Dry",1900,1950389,0,0.0,nodata,747747,0,0.0,nodata,Cwt,0,
"Preserved, Otherwise Than By Salting",1890,1946195,0,0.0,nodata,734811,0,0.0,nodata,Cwt,0,
"Sparkling, Champagne",1899,1945005,0,0.0,nodata,1886265,0,0.0,nodata,?,0,
"Esparto, And Other Materials",1883,1943732,0,0.0,nodata,288549,0,0.0,nodata,Ton,0,
Oil — Oil Seed Cakes,1880,1942834,1896785,0.9763,within5,241157,235135,0.975,within5,Ton,4,
"Manufactured, Of All Kinds",1896,1941082,0,0.0,nodata,5037198,0,0.0,nodata,Lb,0,
Hemp — Dressed Or Undressed,1869,1940275,0,0.0,nodata,1055769,0,0.0,nodata,Cwt,0,
Oil — Oil Seed Cakes,1893,1939774,0,0.0,nodata,283512,0,0.0,nodata,Ton,0,
"Paper-Making Materials — Pulp Of Wood, Chemical",1897,1939761,0,0.0,nodata,388304,0,0.0,nodata,Ton,0,
Leather Manufactures — Gloves,1883,1939487,1939553,1.0,exact01,1668298,1667951,0.9998,exact01,Dozen Pairs,11,
Gloves,1883,1939487,0,0.0,nodata,1665298,0,0.0,nodata,Dozen Pairs,0,
"Mutton, Fresh",1888,1939475,3043648,1.5693,over,988010,1531127,1.5497,over,Cwt,10,
Oil — Oil Seed Cakes,1883,1937493,1940366,1.0015,within5,256682,257155,1.0018,within5,Ton,16,
"Beef, Salted And Fresh",1879,1937428,0,0.0,nodata,812237,0,0.0,nodata,Cwt,0,
Jute,1868,1936230,0,0.0,nodata,2182521,0,0.0,nodata,Cwt,0,
Currants,1899,1935905,0,0.0,nodata,1170934,0,0.0,nodata,Cwt,0,
"Copper, Ore And Regulus",1872,1935621,0,0.0,nodata,72435,0,0.0,nodata,Ton,0,
"Metals :Copper, Ore And Regulus",1872,1935621,0,0.0,nodata,72435,0,0.0,nodata,Ton,0,
Leather Manufactures — Gloves,1882,1927612,1927612,1.0,exact01,1615308,1615308,1.0,exact01,Dozen Pairs,6,
Gloves,1882,1927612,0,0.0,nodata,1615308,0,0.0,nodata,Dozen Pairs,0,
Woollen Yarn,1892,1927256,0,0.0,nodata,16702606,0,0.0,nodata,Lb,0,
"Woollen, Yarn, Of All Kinds",1892,1927256,0,0.0,nodata,16702606,0,0.0,nodata,Lb,0,
"Yarn, Of All Kinds",1892,1927256,0,0.0,nodata,16702606,0,0.0,nodata,Lb,0,
Fruit — Oranges,1896,1925415,1925412,1.0,exact01,7230471,7230471,1.0,exact01,Bushel,13,
"Sparkling, Champagne",1900,1925116,0,0.0,nodata,1389767,0,0.0,nodata,?,0,
Of All Kinds (Except Hangings),1890,1918037,0,0.0,nodata,82837,0,0.0,nodata,Cwt,0,
Paper And Pasteboard — Of All Kinds (Except Hangings),1890,1918037,0,0.0,nodata,2201319,0,0.0,nodata,Cwt,0,
"Unwrought, Part Wrought, And Old Copper",1895,1917697,0,0.0,nodata,45761,0,0.0,nodata,Ton,0,
Gloves,1891,1916109,0,0.0,nodata,1777697,0,0.0,nodata,Dozen Pairs,0,
"Hemp, Dressed And Undressed, And Tow",1878,1915616,0,0.0,nodata,1229569,0,0.0,nodata,Cwt,0,
Potatoes,1898,1913912,4043188,2.1125,over,6751728,6742638,0.9987,within5,Cwt,29,
Seeds — Rape,1871,1908474,0,0.0,nodata,665452,0,0.0,nodata,Quarter,0,
"Glass, Of All Kinds",1877,1908167,0,0.0,nodata,1141343,0,0.0,nodata,Cwt,0,
Indigo,1886,1907555,0,0.0,nodata,85308,0,0.0,nodata,Cwt,0,
"Glass, Of All Kinds",1888,1906770,0,0.0,nodata,1794484,0,0.0,nodata,Cwt,0,
Cotton,1889,1906220,1906220,1.0,exact01,277394,277394,1.0,exact01,Ton,10,
"Preserved, Otherwise Than By Salting",1880,1905717,1892528,0.9931,within5,655800,652283,0.9946,within5,Cwt,8,
Indigo,1879,1903401,1903401,1.0,exact01,80146,80146,1.0,exact01,Cwt,8,
Paper — Unprinted,1893,1898959,440431,0.2319,under,1716471,1166384,0.6795,under,Cwt,11,
"Hemp, Dressed And Undressed, And Tow",1894,1897943,0,0.0,nodata,0,0,,noanchor,Cwt,0,
Fruit — Currants,1877,1895845,1895845,1.0,exact01,1349965,1349965,1.0,exact01,Cwt,2,
Currants,1877,1895845,0,0.0,nodata,1349965,0,0.0,nodata,Cwt,0,
Spirits — Brandy,1871,1895378,0,0.0,nodata,5228568,0,0.0,nodata,Proof Gallon,0,
Iron — Ore Of,1886,1894626,1894626,1.0,exact01,2878469,2878469,1.0,exact01,Ton,13,
Paper-Making Materials — Pulp Of Wood,1898,1894395,0,0.0,nodata,404842,0,0.0,nodata,Ton,0,
"Nitre, Cubic (Nitrate Of Soda)",1876,1893767,1893767,1.0,exact01,3301546,3301546,1.0,exact01,Cwt,3,
Oil — Palm,1868,1891573,0,0.0,nodata,960059,0,0.0,nodata,Cwt,0,
"Cured Or Salted, Unenumerated",1896,1888504,2112376,1.1185,over,1060813,1084361,1.0222,within5,Cwt,19,
Fresh (Not Of British Taking) — Other Sorts,1896,1888504,0,0.0,nodata,1060813,0,0.0,nodata,Cwt,0,
"Preserved, Otherwise Than By Salting",1891,1888061,0,0.0,nodata,776261,0,0.0,nodata,Cwt,0,
Oil — Oil Seed Cakes,1886,1887663,1879450,0.9956,within5,296480,295108,0.9954,within5,Ton,12,
"Unwrought, Part Wrought, And Old Copper",1886,1884301,0,0.0,nodata,45185,0,0.0,nodata,Ton,0,
Silk — Raw,1888,1883272,1883272,1.0,exact01,3065771,3065771,1.0,exact01,Lb,10,
Woollen Yarn,1891,1881213,0,0.0,nodata,16138261,0,0.0,nodata,Lb,0,
"Woollen, Yarn, Of All Kinds",1891,1881213,0,0.0,nodata,16138264,0,0.0,nodata,Lb,0,
Sugar — In Lumps And Loaves,1895,1881125,1881125,1.0,exact01,2603064,2603064,1.0,exact01,Cwt,4,
Lead — Pig And Sheet,1889,1875287,1875287,1.0,exact01,145203,145203,1.0,exact01,Ton,12,
Rice,1887,1873551,3393873,1.8115,over,5019512,9308701,1.8545,over,Cwt,17,
"Tin — In Blocks, Ingots, Bars, Or Slabs",1881,1873472,1873472,1.0,exact01,406200,406200,1.0,exact01,Cwt,4,
Tallow And Stearine,1897,1869929,1627662,0.8704,under,1950925,1690943,0.8667,under,Cwt,27,
"Hemp, Dressed And Undressed, And Tow",1880,1867819,0,0.0,nodata,1322495,0,0.0,nodata,Cwt,0,
Lard,1882,1866360,1866360,1.0,exact01,667153,667253,1.0001,exact01,Cwt,4,
"Cured Or Salted, Unenumerated",1895,1862147,1871602,1.0051,within5,1082588,1087571,1.0046,within5,Cwt,21,
"Cured Or Salted, Unenumerated",1899,1861454,1954798,1.0501,over,1003397,1255565,1.2513,over,Cwt,18,
Fresh (Not Of British Taking) — Other Sorts,1899,1861454,0,0.0,nodata,1003397,0,0.0,nodata,Cwt,0,
"Glass, Of All Kinds",1876,1860339,0,0.0,nodata,1060361,0,0.0,nodata,Cwt,0,
Olive,1871,1858779,0,0.0,nodata,38281,0,0.0,nodata,Ton,0,
Of All Kinds (Except Hangings),1889,1857743,0,0.0,nodata,2109942,0,0.0,nodata,Cwt,0,
Paper And Pasteboard — Of All Kinds (Except Hangings),1889,1857743,0,0.0,nodata,2109912,0,0.0,nodata,Cwt,0,
Woollen Yarn,1880,1857404,0,0.0,nodata,15069831,0,0.0,nodata,Lb,0,
Pig And Sheet,1896,1855743,0,0.0,nodata,167799,0,0.0,nodata,Ton,0,
Hemp — Dressed Or Undressed,1896,1855409,2818294,1.519,over,0,0,,noanchor,Cwt,28,
Lead — Pig And Sheet,1893,1855215,4574582,2.4658,over,188249,246420,1.309,over,Ton,45,
Pig And Sheet,1893,1855215,0,0.0,nodata,188249,0,0.0,nodata,Ton,0,
Tobacco — Raw,1869,1854220,0,0.0,nodata,52598590,0,0.0,nodata,Lb,0,
Cotton,1885,1853590,1853590,1.0,exact01,270486,270486,1.0,exact01,Ton,12,
Lard,1880,1852160,1852160,1.0,exact01,927512,927512,1.0,exact01,Cwt,4,
Lead — Pig And Sheet,1888,1849423,1849420,1.0,exact01,132880,132880,1.0,exact01,Ton,13,
Oil — Oil Seed Cakes,1891,1843285,1843285,1.0,exact01,270671,270640,0.9999,exact01,Ton,16,
Leather Manufactures — Gloves,1876,1840956,1840956,1.0,exact01,0,0,,noanchor,Dozen Pairs,5,
Gloves,1876,1840956,0,0.0,nodata,0,0,,noanchor,Dozen Pairs,0,
Cotton,1883,1839510,1839510,1.0,exact01,248531,248531,1.0,exact01,Ton,9,
Hemp — Dressed Or Undressed,1894,1834927,2799676,1.5258,over,0,0,,noanchor,Cwt,27,
Oil — Oil Seed Cakes,1875,1834465,1834465,1.0,exact01,180379,180379,1.0,exact01,Ton,10,
Fruit — Oranges,1894,1828912,1828882,1.0,exact01,6594101,6594101,1.0,exact01,Bushel,13,
For Weaving,1895,1826452,0,0.0,nodata,18376407,0,0.0,nodata,Lb,0,
Cotton,1876,1825116,1825116,1.0,exact01,230116,230116,1.0,exact01,Ton,6,
"Animals, Living — Sheep And Lambs",1873,1822531,1822531,1.0,exact01,851116,851116,1.0,exact01,Number,8,
Oil — Palm,1871,1820698,0,0.0,nodata,1047882,0,0.0,nodata,Cwt,0,
Woollen Yarn — For Weaving,1896,1820657,0,0.0,nodata,18688650,0,0.0,nodata,Lb,0,
For Weaving,1896,1820657,0,0.0,nodata,18688650,0,0.0,nodata,Lb,0,
Lard,1888,1819133,1819133,1.0,exact01,885036,885036,1.0,exact01,Cwt,8,
Cotton,1880,1818046,1818046,1.0,exact01,229520,229520,1.0,exact01,Ton,4,
Lead — Pig And Sheet,1878,1817729,1817729,1.0,exact01,100141,100141,1.0,exact01,Ton,9,
"Drugs — Bark, Peruvian",1881,1814501,0,0.0,nodata,125358,0,0.0,nodata,Cwt,0,
Tallow And Stearine,1878,1814179,1814179,1.0,exact01,921203,921203,1.0,exact01,Cwt,7,
"Beef, Salted And Fresh",1887,1811237,0,0.0,nodata,874248,0,0.0,nodata,Cwt,0,
"Unwrought, In Bars, Blocks, Slabs, Cakes, Or Ingots",1895,1808695,0,0.0,nodata,42031,0,0.0,nodata,Ton,0,
Fruit — Unenumerated : Raw,1890,1806811,1806816,1.0,exact01,3584668,3584728,1.0,exact01,Bushel,16,
Manures — Guano,1878,1806573,1806573,1.0,exact01,177793,177793,1.0,exact01,Ton,8,
"Esparto, And Other Materials",1887,1806085,0,0.0,nodata,339769,0,0.0,nodata,Ton,0,
Oil — Palm,1872,1805153,1805123,1.0,exact01,1006497,1006477,1.0,exact01,Cwt,7,
Lead — Pig And Sheet,1875,1801962,1801962,1.0,exact01,79825,79825,1.0,exact01,Ton,8,
"Copper, Ore And Regulus",1874,1798973,0,0.0,nodata,76290,0,0.0,nodata,Ton,0,
Woollen Yarn — For Weaving,1898,1798893,0,0.0,nodata,18091016,0,0.0,nodata,Lb,0,
For Weaving,1898,1798893,0,0.0,nodata,18091916,0,0.0,nodata,Lb,0,
"Sugar — Unrefined : Cane, And Other Sorts",1900,1796617,0,0.0,nodata,2995376,0,0.0,nodata,Cwt,0,
Tobacco — Unmanufactured,1883,1794966,1794966,1.0,exact01,56475199,56475279,1.0,exact01,Lb,25,
Unmanufactured,1883,1794966,0,0.0,nodata,11779,0,0.0,nodata,Ton,0,
Oil — Palm,1874,1792041,1792041,1.0,exact01,1067767,1067767,1.0,exact01,Cwt,6,
"Esparto, And Other Materials",1885,1789904,0,0.0,nodata,299100,0,0.0,nodata,Ton,0,
"Animals, Living — Sheep And Lambs",1871,1789826,0,0.0,nodata,917076,0,0.0,nodata,Number,0,
Lard,1878,1787874,1787874,1.0,exact01,908605,908605,1.0,exact01,Cwt,3,
"Beef, Salted And Fresh",1882,1785162,0,0.0,nodata,692383,0,0.0,nodata,Cwt,0,
"Esparto, And Other Materials",1882,1784078,0,0.0,nodata,251594,0,0.0,nodata,Ton,0,
Cotton,1881,1783109,2025658,1.136,over,232199,238742,1.0282,within5,Ton,6,
"Animals, Living — Sheep And Lambs",1895,1782544,1788861,1.0035,within5,1065470,1068961,1.0033,within5,Number,13,
"Glass, Of All Kinds",1889,1782193,0,0.0,nodata,1798129,0,0.0,nodata,Cwt,0,
"Tanned, Tawed, Curried, Or Dressed",1872,1781924,0,0.0,nodata,27188881,0,0.0,nodata,Lb,0,
Bacon And Hams — Bacon,1868,1780076,0,0.0,nodata,638127,0,0.0,nodata,Cwt,0,
White: Champagne,1895,1779893,0,0.0,nodata,1298406,0,0.0,nodata,?,0,
"Sparkling, Champagne",1895,1779863,0,0.0,nodata,1268496,0,0.0,nodata,?,0,
Indigo,1889,1777617,0,0.0,nodata,90238,0,0.0,nodata,Cwt,0,
Petroleum,1877,1776506,0,0.0,nodata,33866311,0,0.0,nodata,Gallon,0,
"Glass, Of All Kinds",1880,1776472,0,0.0,nodata,1275986,0,0.0,nodata,Cwt,0,
Fruit — Oranges And Lemons,1884,1776057,1773798,0.9987,within5,4944535,4938321,0.9987,within5,Bushel,10,
Woollen Yarn,1869,1775689,0,0.0,nodata,10022528,0,0.0,nodata,Lb,0,
"Preserved, Otherwise Than By Salting",1896,1775507,0,0.0,nodata,701750,0,0.0,nodata,Cwt,0,
Sugar — Refined : Total Of,1869,1774853,0,0.0,nodata,1068940,0,0.0,nodata,Cwt,0,
Tallow And Stearine,1891,1772268,2592912,1.463,over,1371201,2018226,1.4719,over,Cwt,20,
Sugar — In Lumps And Loaves,1899,1772132,1772132,1.0,exact01,2629147,2565847,0.9759,within5,Cwt,7,
Of All Kinds (Except Hangings),1888,1770439,0,0.0,nodata,1925770,0,0.0,nodata,Cwt,0,
Paper And Pasteboard — Of All Kinds (Except Hangings),1888,1770439,0,0.0,nodata,1925770,0,0.0,nodata,Cwt,0,
Bacon And Hams — Bacon,1870,1769241,0,0.0,nodata,567164,0,0.0,nodata,Cwt,0,
Oil — Oil Seed Cakes,1876,1768231,1768231,1.0,exact01,190281,190281,1.0,exact01,Ton,9,
Regulus And Precipitate,1894,1767955,1905292,1.0777,over,78845,86785,1.1007,over,Ton,27,
"Nitre, Cubic (Nitrate Of Soda)",1873,1767131,1767131,1.0,exact01,2407407,2407407,1.0,exact01,Cwt,4,
"Beef, Salted And Fresh",1878,1766362,0,0.0,nodata,729123,0,0.0,nodata,Cwt,0,
"Wool — Goats' Wool, Mohair",1899,1765612,2611404,1.479,over,26650852,0,0.0,nodata,Lb,11,
Wool — Goats' Wool Or Hair: Mohair,1899,1765612,0,0.0,nodata,26650852,0,0.0,nodata,Lb,0,
Oil — Oil Seed Cakes,1881,1764499,1764493,1.0,exact01,221100,221070,0.9999,exact01,Ton,6,
Eggs,1872,1762600,1762600,1.0,exact01,4429931,4430201,1.0001,exact01,Great Hundred,9,
Fruit — Unenumerated : Raw,1891,1762406,1762406,1.0,exact01,3490226,3490226,1.0,exact01,Bushel,16,
Caoutchouc,1872,1762259,93576,0.0531,under,157114,10559,0.0672,under,Cwt,4,
Woollen Yarn,1882,1760918,0,0.0,nodata,13764056,0,0.0,nodata,Lb,0,
Tobacco — Raw,1875,1759967,0,0.0,nodata,48943559,0,0.0,nodata,Lb,0,
"Of Europe, &Amp;C.",1876,1757261,0,0.0,nodata,1757261,0,0.0,nodata,Value,0,
Fruit — Oranges And Lemons,1890,1756852,1756852,1.0,exact01,5746135,5746135,1.0,exact01,Bushel,13,
Tobacco — Unmanufactured,1884,1756251,1756189,1.0,exact01,53530407,53530347,1.0,exact01,Lb,19,
Unmanufactured,1884,1756251,0,0.0,nodata,11406,0,0.0,nodata,Ton,0,
"Preserved, Otherwise Than By Salting",1883,1753842,1924435,1.0973,over,610400,835326,1.3685,over,Cwt,22,
Woollen Yarn,1877,1753718,0,0.0,nodata,14109586,0,0.0,nodata,Lb,0,
Cotton,1895,1750437,2235630,1.2772,over,374111,390323,1.0433,within5,Ton,42,
Lead — Pig And Sheet,1876,1749978,1749978,1.0,exact01,80649,80649,1.0,exact01,Ton,8,
Gloves,1890,1749739,0,0.0,nodata,1628481,0,0.0,nodata,Dozen Pairs,0,
Cotton,1890,1749215,1749215,1.0,exact01,314050,314050,1.0,exact01,Ton,10,
Tallow And Stearine,1892,1747968,2680455,1.5335,over,1375679,2121150,1.5419,over,Cwt,20,
Fruit — Unenumerated : Raw,1879,1746936,0,0.0,nodata,4219951,0,0.0,nodata,Bushel,0,
Tobacco — Unmanufactured,1880,1746919,1709450,0.9786,within5,59571973,59224432,0.9942,within5,Lb,10,
Tobacco — Raw,1880,1746919,0,0.0,nodata,59571973,0,0.0,nodata,Lb,0,
Unmanufactured,1880,1746919,0,0.0,nodata,7765,0,0.0,nodata,Ton,0,
Silver Ore,1895,1746444,0,0.0,nodata,1746444,0,0.0,nodata,Value,0,
Caoutchouc,1873,1746095,1995991,1.1431,over,157436,159402,1.0125,within5,Cwt,18,
Gloves,1900,1744183,0,0.0,nodata,1590796,0,0.0,nodata,Dozen Pairs,0,
"Milk, Condensed",1900,1743675,0,0.0,nodata,987003,0,0.0,nodata,Cwt,0,
Tobacco — Raw,1868,1743287,0,0.0,nodata,49016586,0,0.0,nodata,Lb,0,
Oil — Oil Seed Cakes,1890,1743279,1743279,1.0,exact01,282616,282582,0.9999,exact01,Ton,19,
Leather Manufactures — Gloves,1880,1742591,1742591,1.0,exact01,1455765,1455765,1.0,exact01,Dozen Pairs,6,
Gloves,1880,1742591,0,0.0,nodata,1455765,0,0.0,nodata,Dozen Pairs,0,
"Sparkling, Champagne",1894,1742369,0,0.0,nodata,1297700,0,0.0,nodata,?,0,
White: Champagne,1894,1742269,0,0.0,nodata,1297709,0,0.0,nodata,?,0,
Woollen Yarn,1894,1741006,0,0.0,nodata,16281974,0,0.0,nodata,Lb,0,
"Woollen, Yarn, Of All Kinds",1894,1741006,0,0.0,nodata,16281974,0,0.0,nodata,Lb,0,
"Yarn, Of All Kinds",1894,1741006,0,0.0,nodata,16281974,0,0.0,nodata,Lb,0,
Potatoes,1876,1740749,1740749,1.0,exact01,6023936,6023936,1.0,exact01,Cwt,8,
"Animals, Living — Sheep And Lambs",1888,1740549,1740549,1.0,exact01,956210,956210,1.0,exact01,Number,9,
"Woollen, Yarn, Of All Kinds",1893,1737684,0,0.0,nodata,15521638,0,0.0,nodata,Lb,0,
"Yarn, Of All Kinds",1893,1737684,0,0.0,nodata,15521638,0,0.0,nodata,Lb,0,
Woollen Yarn,1893,1737681,0,0.0,nodata,15521638,0,0.0,nodata,Lb,0,
Woollen Yarn,1876,1737248,162387,0.0935,under,14042780,841878,0.06,under,Lb,4,
Seeds — Rape,1870,1737227,0,0.0,nodata,551107,0,0.0,nodata,Quarter,0,
"Tin — In Blocks, Ingots, Bars, Or Slabs, And Regulus",1880,1736096,1736096,1.0,exact01,389967,389967,1.0,exact01,Cwt,4,
"Tin — In Blocks, Ingots, Bars, Or Slabs",1880,1736096,0,0.0,nodata,389967,0,0.0,nodata,Cwt,0,
Fruit — Oranges And Lemons,1889,1731635,1731635,1.0,exact01,5847521,5847521,1.0,exact01,Bushel,14,
Cotton,1896,1729509,2065486,1.1943,over,368419,378584,1.0276,within5,Ton,39,
Tallow And Stearine,1890,1725255,1725255,1.0,exact01,1383593,1383593,1.0,exact01,Cwt,16,
"Esparto, And Other Materials",1886,1724213,0,0.0,nodata,312814,0,0.0,nodata,Ton,0,
"Manufactured, Cigars And Snuff",1889,1721775,0,0.0,nodata,4214123,0,0.0,nodata,Lb,0,
"Iron — Manufactures Of Iron Or Steel, Unenumerated",1879,1721701,348823,0.2026,under,2246387,496131,0.2209,under,Cwt,12,
Iron And Steel — Manufactures Of Iron And Steel,1879,1721701,0,0.0,nodata,2216387,0,0.0,nodata,Cwt,0,
"Iron And Steel, Wrought Or Manufactured",1879,1721701,0,0.0,nodata,2246387,0,0.0,nodata,Cwt,0,
Petroleum,1882,1721019,1721019,1.0,exact01,59695982,59695982,1.0,exact01,Gallon,3,
Lard,1891,1720051,1720051,1.0,exact01,1051284,1051284,1.0,exact01,Cwt,7,
"Glass, Of All Kinds",1875,1718606,0,0.0,nodata,983677,0,0.0,nodata,Cwt,0,
"Of Europe, &Amp;C.",1877,1718580,0,0.0,nodata,1718580,0,0.0,nodata,Value,0,
"Unwrought, Part Wrought, And Old Copper",1892,1714698,0,0.0,nodata,36834,0,0.0,nodata,Ton,0,
Fruit — Unenumerated : Raw,1881,1713907,0,0.0,nodata,4015691,0,0.0,nodata,Bushel,0,
Oil — Palm,1873,1713829,1713829,1.0,exact01,1017947,1017947,1.0,exact01,Cwt,8,
Indigo,1880,1712995,1712995,1.0,exact01,58283,58283,1.0,exact01,Cwt,7,
Petroleum,1884,1711313,1711313,1.0,exact01,52975789,52975789,1.0,exact01,Gallon,6,
"Iron — Manufactures Of Iron Or Steel, Unenumerated",1878,1709646,324293,0.1897,under,2109885,434196,0.2058,under,Cwt,13,
Iron And Steel — Manufactures Of Iron And Steel,1878,1709646,0,0.0,nodata,2109885,0,0.0,nodata,Cwt,0,
"Iron And Steel, Wrought Or Manufactured",1878,1709646,0,0.0,nodata,2109885,0,0.0,nodata,Cwt,0,
"Manufactured, Cigars",1899,1709466,0,0.0,nodata,3066927,0,0.0,nodata,Lb,0,
"Copper, Ore And Regulus",1871,1709379,0,0.0,nodata,76435,0,0.0,nodata,Ton,0,
"Metals :Copper, Ore And Regulus",1871,1709379,0,0.0,nodata,76435,0,0.0,nodata,Ton,0,
Oil — Oil Seed Cakes,1894,1707358,0,0.0,nodata,274351,0,0.0,nodata,Ton,0,
Gloves,1889,1705516,0,0.0,nodata,1575242,0,0.0,nodata,Dozen Pairs,0,
Fruit — Oranges And Lemons,1883,1704826,1704826,1.0,exact01,4477043,4477043,1.0,exact01,Bushel,8,
Fruit — Unenumerated : Raw,1878,1704091,0,0.0,nodata,3938271,0,0.0,nodata,Bushel,0,
Fruit — Oranges And Lemons,1893,1703761,0,0.0,nodata,5674747,0,0.0,nodata,Bushel,0,
"Unwrought, In Bars, Blocks, Slabs, Cakes, Or Ingots",1893,1703535,0,0.0,nodata,37789,0,0.0,nodata,Ton,0,
Indigo,1888,1702232,0,0.0,nodata,78128,0,0.0,nodata,Cwt,0,
Oil — Oil Seed Cakes,1889,1701106,1701606,1.0003,exact01,255918,255918,1.0,exact01,Ton,17,
Silk — Raw,1887,1700511,1700511,1.0,exact01,2491982,2491980,1.0,exact01,Lb,11,
"Manufactured, Cigars",1896,1698246,0,0.0,nodata,3380969,0,0.0,nodata,Lb,0,
"Preserved, Otherwise Than By Salting",1882,1693520,1693520,1.0,exact01,560581,554581,0.9893,within5,Cwt,9,
"Hemp, Dressed And Undressed, And Tow",1879,1691053,0,0.0,nodata,1208238,0,0.0,nodata,Cwt,0,
"Preserved, Otherwise Than By Salting",1879,1690099,1690099,1.0,exact01,567877,567877,1.0,exact01,Cwt,9,
Rice,1896,1688301,1926532,1.1411,over,4531518,5411098,1.1941,over,Cwt,20,
"Farinaceous Substances — Rice, Rice Meal And Flour",1896,1688301,0,0.0,nodata,4531518,0,0.0,nodata,Cwt,0,
"Beef, Salted And Fresh",1877,1686392,0,0.0,nodata,678505,0,0.0,nodata,Cwt,0,
Gutta Percha,1900,1685568,0,0.0,nodata,126059,0,0.0,nodata,Cwt,0,
Hemp — Dressed Or Undressed,1897,1685117,1660387,0.9853,within5,0,0,,noanchor,Cwt,24,
Paper-Making Materials — Pulp Of Wood,1896,1684647,1684711,1.0,exact01,327080,326780,0.9991,exact01,Ton,12,
"Paper-Making Materials — Pulp Of Wood, Chemical",1896,1684647,0,0.0,nodata,327080,0,0.0,nodata,Ton,0,
Sugar — In Lumps And Loaves,1897,1684605,1684850,1.0001,exact01,2512851,2512895,1.0,exact01,Cwt,9,
Caoutchouc,1871,1684281,0,0.0,nodata,161085,0,0.0,nodata,Cwt,0,
Tobacco — Raw,1870,1680140,0,0.0,nodata,45557887,0,0.0,nodata,Lb,0,
"Glass, Of All Kinds",1882,1679325,0,0.0,nodata,1339444,0,0.0,nodata,Cwt,0,
Seeds — Flax Or Linseed,1874,1675212,4675242,2.7908,over,1682048,1619748,0.963,within5,Quarter,9,
"Glass, Of All Kinds",1887,1674268,0,0.0,nodata,1657354,0,0.0,nodata,Cwt,0,
"Glass, Of All Kinds",1881,1674241,0,0.0,nodata,1283119,0,0.0,nodata,Cwt,0,
Indigo,1887,1673067,0,0.0,nodata,76700,0,0.0,nodata,Cwt,0,
Leather Manufactures — Gloves,1884,1672892,1672892,1.0,exact01,1495599,1495599,1.0,exact01,Dozen Pairs,6,
Gloves,1884,1672892,0,0.0,nodata,1495599,0,0.0,nodata,Dozen Pairs,0,
Cocoa,1900,1668965,0,0.0,nodata,52647318,0,0.0,nodata,Lb,0,
"Animals, Living — Sheep And Lambs",1872,1666874,1666874,1.0,exact01,809822,809822,1.0,exact01,Number,8,
Fish,1880,1666710,0,0.0,nodata,1343434,0,0.0,nodata,Cwt,0,
Manures — Guano,1877,1665127,1635516,0.9822,within5,152989,148366,0.9698,within5,Ton,6,
"Zinc — Crude, In Cakes",1899,1663381,1672922,1.0057,within5,69949,70521,1.0082,within5,Ton,16,
Fruit — Oranges And Lemons,1882,1659367,1659358,1.0,exact01,4220427,4220227,1.0,exact01,Bushel,6,
Lead — Pig And Sheet,1895,1654073,4802184,2.9032,over,162924,200636,1.2315,over,Ton,41,
Pig And Sheet,1895,1654073,0,0.0,nodata,162924,0,0.0,nodata,Ton,0,
Woollen Yarn,1868,1653504,0,0.0,nodata,9337947,0,0.0,nodata,Lb,0,
Fish,1879,1652957,0,0.0,nodata,1160140,0,0.0,nodata,Cwt,0,
Seeds — Rape,1883,1652714,1652684,1.0,exact01,767127,767117,1.0,exact01,Quarter,16,
Wet,1895,1650369,2003289,1.2138,over,771133,964304,1.2505,over,Cwt,42,
"Animals, Living — Sheep And Lambs",1887,1645839,66158,0.0402,under,971404,35515,0.0366,under,Number,3,
Tallow And Stearine,1889,1645801,1645801,1.0,exact01,1244031,1244031,1.0,exact01,Cwt,16,
Silk — Raw,1891,1643806,2026965,1.2331,over,2434609,3010169,1.2364,over,Lb,11,
Pyrites Of Iron Or Copper,1877,1643614,1643614,1.0,exact01,679312,679312,1.0,exact01,Ton,5,
"Esparto, And Other Materials",1880,1642903,0,0.0,nodata,228580,0,0.0,nodata,Ton,0,
Potatoes,1872,1640515,1637515,0.9982,within5,5987429,5987429,1.0,exact01,Cwt,7,
Fish,1877,1640259,0,0.0,nodata,1071802,0,0.0,nodata,Cwt,0,
Wet,1899,1639898,1771776,1.0804,over,763548,830342,1.0875,over,Cwt,39,
"Esparto, And Other Materials",1884,1638564,0,0.0,nodata,260544,0,0.0,nodata,Ton,0,
Indigo,1877,1637866,1637866,1.0,exact01,60640,60640,1.0,exact01,Cwt,13,
"Preserved, Otherwise Than By Salting",1881,1637545,1637545,1.0,exact01,575482,575482,1.0,exact01,Cwt,10,
Skins And Furs — Skins : Sheep And Lamb,1873,1636217,0,0.0,nodata,12124355,0,0.0,nodata,Number,0,
Woollen Yarn,1870,1635154,0,0.0,nodata,10294415,0,0.0,nodata,Lb,0,
Lard,1875,1634769,1665764,1.019,within5,540244,547559,1.0135,within5,Cwt,8,
"Preserved, Otherwise Than By Salting",1889,1634223,1634223,1.0,exact01,611705,641675,1.049,within5,Cwt,13,
Lace,1893,1632127,0,0.0,nodata,1032127,0,0.0,nodata,Value,0,
"Glass, Of All Kinds",1885,1632026,0,0.0,nodata,1522394,0,0.0,nodata,Cwt,0,
Fruit — Currants,1881,1631355,1631355,1.0,exact01,1189830,1189830,1.0,exact01,Cwt,2,
Currants,1881,1631355,0,0.0,nodata,1189830,0,0.0,nodata,Cwt,0,
Oil — Oil Seed Cakes,1879,1631277,1631277,1.0,exact01,217184,217184,1.0,exact01,Ton,5,
Gloves,1887,1628806,0,0.0,nodata,1513456,0,0.0,nodata,Dozen Pairs,0,
"Esparto, And Other Materials",1881,1626800,0,0.0,nodata,238043,0,0.0,nodata,Ton,0,
Woollen Yarn,1874,1626383,0,0.0,nodata,13856906,0,0.0,nodata,Lb,0,
Caoutchouc,1879,1626290,1620290,0.9963,within5,150601,150611,1.0001,exact01,Cwt,14,
Oil — Oil Seed Cakes,1878,1626070,1626070,1.0,exact01,201325,201325,1.0,exact01,Ton,7,
"Animals, Living — Sheep And Lambs",1885,1625029,1625029,1.0,exact01,750886,750586,0.9996,exact01,Number,10,
"In Blocks, Ingots, Bars, Or Slabs",1897,1623798,0,0.0,nodata,535716,0,0.0,nodata,Cwt,0,
Indigo,1875,1618853,1618853,1.0,exact01,59608,59608,1.0,exact01,Cwt,11,
"Glass, Of All Kinds",1884,1615716,0,0.0,nodata,1444523,0,0.0,nodata,Cwt,0,
"Skins : Goat, Undressed",1899,1615630,2618716,1.6209,over,18165381,29970993,1.6499,over,Number,31,
Hops,1884,1615309,1662384,1.0291,within5,256777,257401,1.0024,within5,Cwt,13,
Ornamental,1899,1609872,0,0.0,nodata,1420173,0,0.0,nodata,Lb,0,
Oil — Oil Seed Cakes,1888,1607263,1607263,1.0,exact01,257748,257748,1.0,exact01,Ton,18,
Lard,1885,1606485,1606485,1.0,exact01,871210,871210,1.0,exact01,Cwt,6,
"Glass, Of All Kinds",1883,1605892,0,0.0,nodata,1377932,0,0.0,nodata,Cwt,0,
Lard,1887,1604243,1604243,1.0,exact01,907634,907634,1.0,exact01,Cwt,7,
Fruit — Currants,1884,1603786,1603786,1.0,exact01,1202844,1202844,1.0,exact01,Cwt,3,
Currants,1884,1603786,0,0.0,nodata,1202844,0,0.0,nodata,Cwt,0,
Oil — Oil Seed Cakes,1895,1603650,0,0.0,nodata,313618,0,0.0,nodata,Ton,0,
Cotton,1873,1603321,5698118,3.5539,over,207038,220078,1.063,over,Ton,13,
"Skins, And Furs — Skins, Sheep, Undressed",1900,1599576,0,0.0,nodata,15057995,0,0.0,nodata,Number,0,
Gloves,1888,1598749,0,0.0,nodata,1470966,0,0.0,nodata,Dozen Pairs,0,
Oil — Palm,1877,1598166,1598166,1.0,exact01,897264,897264,1.0,exact01,Cwt,6,
Caoutchouc,1870,1597628,0,0.0,nodata,152118,0,0.0,nodata,Cwt,0,
Fruit — Oranges And Lemons,1891,1591052,1591052,1.0,exact01,5178676,5178673,1.0,exact01,Bushel,15,
Oil Seed Cake — Linseed Cake,1899,1589802,1580678,0.9943,within5,233694,224478,0.9606,within5,Ton,17,
Oil — Oil Seed Cakes,1896,1589214,0,0.0,nodata,316073,0,0.0,nodata,Ton,0,
Cotton,1884,1588310,1588310,1.0,exact01,212928,212928,1.0,exact01,Ton,9,
"Glass, Of All Kinds",1874,1587413,0,0.0,nodata,946903,0,0.0,nodata,Cwt,0,
Fruit — Currants,1891,1586042,1586042,1.0,exact01,1366449,1366449,1.0,exact01,Cwt,5,
Currants,1891,1586042,0,0.0,nodata,1366449,0,0.0,nodata,Cwt,0,
White: Champagne,1893,1585508,0,0.0,nodata,1452690,0,0.0,nodata,?,0,
Potatoes,1883,1585260,1585260,1.0,exact01,5149509,5149509,1.0,exact01,Cwt,14,
Fruit — Currants,1872,1584073,1584073,1.0,exact01,1138853,1138853,1.0,exact01,Cwt,3,
Oil — Palm,1870,1583830,0,0.0,nodata,868270,0,0.0,nodata,Cwt,0,
Oil — Palm,1869,1583701,0,0.0,nodata,814520,0,0.0,nodata,Cwt,0,
Indigo,1878,1583191,1583191,1.0,exact01,65503,65503,1.0,exact01,Cwt,8,
Woollen Yarn,1878,1582706,0,0.0,nodata,12474665,0,0.0,nodata,Lb,0,
Apples — Raw,1896,1582495,0,0.0,nodata,6176956,0,0.0,nodata,Bushel,0,
Tallow And Stearine,1885,1580015,2222126,1.4064,over,1008960,1461055,1.4481,over,Cwt,21,
Lard,1876,1579721,1579721,1.0,exact01,562174,562174,1.0,exact01,Cwt,4,
Oil — Oil Seed Cakes,1874,1579254,1564712,0.9908,within5,157718,153267,0.9718,within5,Ton,9,
Woollen Yarn,1873,1579114,0,0.0,nodata,13683577,0,0.0,nodata,Lb,0,
Fruit — Currants,1876,1578754,1578754,1.0,exact01,1125949,1125949,1.0,exact01,Cwt,2,
Currants,1876,1578754,0,0.0,nodata,1125949,0,0.0,nodata,Cwt,0,
Paper-Making Materials — Pulp Of Wood,1895,1574302,1574302,1.0,exact01,297095,297095,1.0,exact01,Ton,13,
"Paper-Making Materials — Pulp Of Wood, Chemical",1895,1574302,0,0.0,nodata,297095,0,0.0,nodata,Ton,0,
"Glass, Of All Kinds",1879,1574179,0,0.0,nodata,1147621,0,0.0,nodata,Cwt,0,
"Mutton, Fresh",1887,1572729,2491545,1.5842,over,783114,1218197,1.5556,over,Cwt,11,
Of All Kinds (Except Hangings),1887,1572578,0,0.0,nodata,76741,0,0.0,nodata,Cwt,0,
Paper And Pasteboard — Of All Kinds (Except Hangings),1887,1572578,0,0.0,nodata,1684752,0,0.0,nodata,Cwt,0,
Spirits — Brandy,1875,1572424,1572424,1.0,exact01,4069993,4069993,1.0,exact01,Proof Gallon,4,
Caoutchouc,1875,1570558,1533943,0.9767,within5,153564,148742,0.9686,within5,Cwt,15,
Woollen Yarn — For Weaving,1897,1569753,0,0.0,nodata,16219234,0,0.0,nodata,Lb,0,
For Weaving,1897,1569753,0,0.0,nodata,16219234,0,0.0,nodata,Lb,0,
Tobacco — Raw,1872,1563882,0,0.0,nodata,45549700,0,0.0,nodata,Lb,0,
Seeds — Rape,1878,1563865,1563865,1.0,exact01,639699,639699,1.0,exact01,Quarter,6,
Lead — Pig And Sheet,1880,1562959,1558959,0.9974,within5,95019,95049,1.0003,exact01,Ton,7,
Cotton,1882,1562852,1562852,1.0,exact01,209689,209689,1.0,exact01,Ton,5,
"Manufactured, Cigars",1900,1561243,0,0.0,nodata,2730357,0,0.0,nodata,Lb,0,
Oil — Olive,1873,1559183,1559183,1.0,exact01,35121,35121,1.0,exact01,Tun,11,
Olive,1873,1559183,0,0.0,nodata,35121,0,0.0,nodata,Ton,0,
Oil — Olive,1875,1559068,1559068,1.0,exact01,35453,35453,1.0,exact01,Tun,11,
Olive,1875,1559068,0,0.0,nodata,35453,0,0.0,nodata,Ton,0,
Oil — Oil Seed Cakes,1887,1555881,1555881,1.0,exact01,261849,264849,1.0115,within5,Ton,15,
Chemical Manufactures And Pro-Ducts,1883,1549929,0,0.0,nodata,1549929,0,0.0,nodata,Value,0,
"Preserved, Otherwise Than By Salting",1885,1549796,2022947,1.3053,over,527759,725917,1.3755,over,Cwt,20,
Fruit — Oranges And Lemons,1877,1549765,1549765,1.0,exact01,3533781,3533781,1.0,exact01,Bushel,5,
"Nitre, Cubic (Nitrate Of Soda)",1878,1547351,1547351,1.0,exact01,2080208,2080208,1.0,exact01,Cwt,4,
Oil — Oil Seed Cakes,1871,1546778,0,0.0,nodata,162804,0,0.0,nodata,Ton,0,
Leather Manufactures — Gloves,1874,1546716,1546716,1.0,exact01,0,0,,noanchor,Dozen Pairs,5,
Gloves,1874,1546716,0,0.0,nodata,0,0,,noanchor,Dozen Pairs,0,
"Preserved, Otherwise Than By Salting",1893,1545211,0,0.0,nodata,590800,0,0.0,nodata,Cwt,0,
Lard,1886,1544632,1542912,0.9989,within5,895463,894656,0.9991,exact01,Cwt,4,
"Glass, Of All Kinds",1886,1544612,0,0.0,nodata,1471275,0,0.0,nodata,Cwt,0,
Fruit — Oranges And Lemons,1887,1543667,1537515,0.996,within5,4807360,4795028,0.9974,within5,Bushel,15,
Fish,1878,1541830,0,0.0,nodata,995923,0,0.0,nodata,Cwt,0,
Cotton,1887,1537806,1679185,1.0919,over,275627,270045,0.9797,within5,Ton,17,
Iron And Steel — Manufactures Of Iron And Steel,1877,1537063,0,0.0,nodata,1683921,0,0.0,nodata,Cwt,0,
"Iron And Steel, Wrought Or Manufactured",1877,1537063,0,0.0,nodata,1683921,0,0.0,nodata,Cwt,0,
Caoutchouc,1876,1536660,1535560,0.9993,exact01,158692,157692,0.9937,within5,Cwt,15,
Lead — Pig And Sheet,1873,1535925,1535925,1.0,exact01,62563,62563,1.0,exact01,Ton,6,
Lard,1884,1535123,1505123,0.9805,within5,699827,699827,1.0,exact01,Cwt,5,
Indigo,1896,1533722,0,0.0,nodata,89941,0,0.0,nodata,Cwt,0,
Silk — Raw,1886,1531525,1531525,1.0,exact01,2230900,2230900,1.0,exact01,Lb,9,
Lead — Pig And Sheet,1879,1531038,1531038,1.0,exact01,102089,102089,1.0,exact01,Ton,8,
Oil — Palm,1876,1529360,1529360,1.0,exact01,879824,879824,1.0,exact01,Cwt,6,
Lead — Pig And Sheet,1872,1529042,1525742,0.9978,within5,69841,69838,1.0,exact01,Ton,7,
"Cured Or Salted, Unenumerated",1894,1527015,1533183,1.004,within5,61927,929032,15.0021,over,Cwt,19,
Leather Manufactures — Gloves,1886,1526762,1526762,1.0,exact01,1407311,1407316,1.0,exact01,Dozen Pairs,7,
Gloves,1886,1526762,0,0.0,nodata,1407311,0,0.0,nodata,Dozen Pairs,0,
Seeds — Rape,1877,1526489,1526489,1.0,exact01,537234,537234,1.0,exact01,Quarter,6,
Pyrites Of Iron Or Copper,1880,1522724,1522724,1.0,exact01,658047,658047,1.0,exact01,Ton,5,
"Skins, And Furs — Skins, Sheep, Undressed",1893,1522244,0,0.0,nodata,14362907,0,0.0,nodata,Number,0,
"Skins — Sheep And Lamb, Undressed",1893,1522244,0,0.0,nodata,14362907,0,0.0,nodata,Number,0,
Indigo,1890,1521369,0,0.0,nodata,81854,0,0.0,nodata,Cwt,0,
Oil — Palm,1880,1519701,1519701,1.0,exact01,1032823,1032796,1.0,exact01,Cwt,6,
Chemical Manufactures And Pro-Ducts,1882,1519201,0,0.0,nodata,1519201,0,0.0,nodata,Value,0,
Gloves,1877,1518557,0,0.0,nodata,0,0,,noanchor,Dozen Pairs,0,
"Skins, Furs, And Pelts — Sheep, Undressed",1898,1517651,0,0.0,nodata,16742764,0,0.0,nodata,Number,0,
Cotton,1874,1514900,1514900,1.0,exact01,190591,190591,1.0,exact01,Ton,5,
Lead — Pig And Sheet,1894,1514785,4347631,2.8701,over,161861,212524,1.313,over,Ton,44,
Pig And Sheet,1894,1514785,0,0.0,nodata,161861,0,0.0,nodata,Ton,0,
For Weaving,1894,1511924,0,0.0,nodata,14991494,0,0.0,nodata,Lb,0,
Oil — Palm,1875,1508299,3016595,2.0,over,904562,1809124,2.0,over,Cwt,7,
"Skins, Furs, And Pelts — Sheep, Undressed",1899,1506997,0,0.0,nodata,15478816,0,0.0,nodata,Number,0,
"Of Europe, &Amp;C.",1873,1505957,0,0.0,nodata,1505957,0,0.0,nodata,Value,0,
Chemical Manufactures And Pro-Ducts,1884,1504021,0,0.0,nodata,1504021,0,0.0,nodata,Value,0,
For Weaving,1893,1503931,0,0.0,nodata,14173995,0,0.0,nodata,Lb,0,
Leather Manufactures — Gloves,1881,1502900,1502900,1.0,exact01,1254842,1254842,1.0,exact01,Dozen Pairs,6,
Gloves,1881,1502900,0,0.0,nodata,1254842,0,0.0,nodata,Dozen Pairs,0,
Leather Manufactures — Gloves,1885,1502571,1502571,1.0,exact01,1369538,1369538,1.0,exact01,Dozen Pairs,6,
Gloves,1885,1502571,0,0.0,nodata,1369538,0,0.0,nodata,Dozen Pairs,0,
Chemical Manufactures And Pro-Ducts,1892,1502294,0,0.0,nodata,1502294,0,0.0,nodata,Value,0,
Silver Ore,1888,1495972,0,0.0,nodata,1495972,0,0.0,nodata,Value,0,
Cotton,1871,1495399,0,0.0,nodata,172163,0,0.0,nodata,Ton,0,
Olive,1869,1493285,0,0.0,nodata,28240,0,0.0,nodata,Ton,0,
Cotton,1886,1491670,1491670,1.0,exact01,254613,254613,1.0,exact01,Ton,9,
Woollen Yarn,1875,1491117,0,0.0,nodata,12573590,0,0.0,nodata,Lb,0,
"Preserved, Otherwise Than By Salting",1894,1490902,0,0.0,nodata,554366,0,0.0,nodata,Cwt,0,
Fruit — Oranges And Lemons,1886,1488341,1488341,1.0,exact01,4388291,4388291,1.0,exact01,Bushel,15,
Of All Kinds (Except Hangings),1886,1487421,0,0.0,nodata,1510741,0,0.0,nodata,Cwt,0,
"Mutton, Fresh",1885,1486317,2316875,1.5588,over,572868,910455,1.5893,over,Cwt,11,
Cotton,1878,1484615,1484615,1.0,exact01,172719,172719,1.0,exact01,Ton,4,
Olive,1877,1483786,0,0.0,nodata,31271,0,0.0,nodata,Ton,0,
Fruit — Unenumerated : Raw,1877,1481639,0,0.0,nodata,3053724,0,0.0,nodata,Bushel,0,
Fruit — Oranges And Lemons,1885,1481010,1480810,0.9999,exact01,4356739,4356739,1.0,exact01,Bushel,13,
Wool — Goats' Wool Or Hair: Mohair,1898,1480398,0,0.0,nodata,21198515,0,0.0,nodata,Lb,0,
Woollen Yarn,1872,1477977,0,0.0,nodata,12233054,0,0.0,nodata,Lb,0,
Seeds — Rape,1884,1477845,1477815,1.0,exact01,755395,755395,1.0,exact01,Quarter,10,
Fruit — Currants,1879,1475428,1475428,1.0,exact01,1148512,1148512,1.0,exact01,Cwt,2,
Currants,1879,1475428,0,0.0,nodata,1148512,0,0.0,nodata,Cwt,0,
Fruit — Currants,1871,1472391,0,0.0,nodata,1052025,0,0.0,nodata,Cwt,0,
Lard,1877,1471829,1466753,0.9966,within5,592264,590467,0.997,within5,Cwt,3,
"Manufactured, Cigars",1897,1471562,0,0.0,nodata,2936882,0,0.0,nodata,Lb,0,
"Esparto, And Other Materials",1877,1471554,0,0.0,nodata,193520,0,0.0,nodata,Ton,0,
Indigo,1897,1470574,0,0.0,nodata,82526,0,0.0,nodata,Cwt,0,
Oil Seed Cake — Linseed Cake,1893,1469578,1469578,1.0,exact01,201760,201760,1.0,exact01,Ton,13,
Wet,1900,1467755,0,0.0,nodata,636204,0,0.0,nodata,Cwt,0,
Oil Seed Cake — Linseed Cake,1898,1465730,1455956,0.9933,within5,220352,219447,0.9959,within5,Ton,20,
"Skins, Furs, And Pelts — Sheep, Undressed",1895,1465282,286719,0.1957,under,15682442,2544369,0.1622,under,Number,16,
Silk — Raw,1885,1464844,1462977,0.9987,within5,2081600,2079246,0.9989,within5,Lb,8,
Silk — Raw,1893,1463981,1790481,1.223,over,2272929,2786083,1.2258,over,Lb,10,
Raw,1893,1463981,0,0.0,nodata,12649822,0,0.0,nodata,Lb,0,
"Glass, Of All Kinds",1873,1461453,0,0.0,nodata,807410,0,0.0,nodata,Cwt,0,
Fruit — Oranges And Lemons,1888,1460921,1460921,1.0,exact01,4861061,4861061,1.0,exact01,Bushel,14,
Oil — Oil Seed Cakes,1882,1460378,1467358,1.0048,within5,190427,190427,1.0,exact01,Ton,8,
Fish,1876,1459974,0,0.0,nodata,966119,0,0.0,nodata,Cwt,0,
Fruit — Currants,1885,1458183,1527575,1.0476,within5,1128383,1160050,1.0281,within5,Cwt,12,
Currants,1885,1458183,0,0.0,nodata,1128383,0,0.0,nodata,Cwt,0,
Spirits — Brandy,1874,1457478,1457478,1.0,exact01,3378057,3378057,1.0,exact01,Proof Gallon,4,
Beef,1900,1457322,0,0.0,nodata,518029,0,0.0,nodata,Cwt,0,
Oil — Oil Seed Cakes,1877,1457003,1457003,1.0,exact01,163606,163606,1.0,exact01,Ton,8,
"Milk, Condensed",1899,1455033,1435097,0.9863,within5,824599,815150,0.9885,within5,Cwt,6,
"Tin — In Blocks, Ingots, Bars, Or Slabs, And Regulus",1875,1454988,1454988,1.0,exact01,335758,335758,1.0,exact01,Cwt,5,
"Hides, Raw, And Pieces Thereof — Dry",1898,1454935,0,0.0,nodata,543212,0,0.0,nodata,Cwt,0,
Skins And Furs — Unenumerated,1900,1451231,0,0.0,nodata,12739986,0,0.0,nodata,Number,0,
Wet,1898,1451029,1593443,1.0981,over,694154,767774,1.1061,over,Cwt,39,
Raw,1899,1449026,0,0.0,nodata,2268762,0,0.0,nodata,Lb,0,
Lead — Pig And Sheet,1887,1446413,1446413,1.0,exact01,114493,114493,1.0,exact01,Ton,13,
"Zinc — Crude, In Cakes",1898,1444202,1611976,1.1162,over,77470,78485,1.0131,within5,Ton,43,
"Zinc — Crude, In Cakes",1900,1442032,0,0.0,nodata,69536,0,0.0,nodata,Ton,0,
"Paper-Making Materials — Pulp Of Wood, Chemical",1899,1441806,1441206,0.9996,exact01,196926,0,0.0,nodata,Ton,11,
Wool — Goats' Wool Or Hair,1882,1441343,1441343,1.0,exact01,16945675,16945675,1.0,exact01,Lb,6,
Ornamental,1898,1440001,0,0.0,nodata,1468355,0,0.0,nodata,Lb,0,
"Of Europe, &Amp;C.",1874,1439544,0,0.0,nodata,1439544,0,0.0,nodata,Value,0,
Fruit — Currants,1887,1438320,1438261,1.0,exact01,1100737,1100689,1.0,exact01,Cwt,3,
Currants,1887,1438320,0,0.0,nodata,1100737,0,0.0,nodata,Cwt,0,
Spirits — Brandy,1894,1437312,1476768,1.0275,within5,3401538,3710062,1.0907,over,Proof Gallon,24,
Brandy,1894,1437312,0,0.0,nodata,3401538,0,0.0,nodata,Proof Gallon,0,
"Milk, Condensed",1898,1435951,1429696,0.9956,within5,817274,811477,0.9929,within5,Cwt,6,
"Preserved, Otherwise Than By Salting",1877,1434234,1434234,1.0,exact01,469003,469003,1.0,exact01,Cwt,7,
Tallow And Stearine,1888,1432596,1434767,1.0015,within5,1146928,1150201,1.0029,within5,Cwt,18,
Paper-Making Materials — Pulp Of Wood,1894,1432400,1432350,1.0,exact01,279765,279215,0.998,within5,Ton,12,
"Paper-Making Materials — Pulp Of Wood, Chemical",1894,1432400,0,0.0,nodata,279765,0,0.0,nodata,Ton,0,
Petroleum,1876,1431286,0,0.0,nodata,25201177,0,0.0,nodata,Gallon,0,
"Of Europe, &Amp;C.",1872,1431082,0,0.0,nodata,1431082,0,0.0,nodata,Value,0,
"Cured Or Salted, Unenumerated",1893,1425879,1433691,1.0055,within5,916366,921803,1.0059,within5,Cwt,21,
Ornamental,1900,1424707,0,0.0,nodata,1176477,0,0.0,nodata,Lb,0,
Iron And Steel — Manufactures Of Iron And Steel,1876,1424531,0,0.0,nodata,1390225,0,0.0,nodata,Cwt,0,
"Iron And Steel, Wrought Or Manufactured",1876,1424531,0,0.0,nodata,1390225,0,0.0,nodata,Cwt,0,
Fruit — Currants,1875,1424188,1424188,1.0,exact01,1057704,1057704,1.0,exact01,Cwt,2,
Fruit — Currants,1883,1423062,1423062,1.0,exact01,1026584,1026584,1.0,exact01,Cwt,3,
Currants,1883,1423062,0,0.0,nodata,1026584,0,0.0,nodata,Cwt,0,
"Iron And Steel, Wrought Or Manufactured",1875,1422799,0,0.0,nodata,1159762,0,0.0,nodata,Cwt,0,
Pyrites Of Iron Or Copper,1882,1422684,1422684,1.0,exact01,627700,627700,1.0,exact01,Ton,3,
Fruit — Unenumerated : Raw,1885,1421747,1421747,1.0,exact01,2822401,2822401,1.0,exact01,Bushel,14,
Lard,1879,1420881,1420881,1.0,exact01,840819,840819,1.0,exact01,Cwt,4,
Fruit — Currants,1889,1420708,1420704,1.0,exact01,1173306,1173302,1.0,exact01,Cwt,6,
Currants,1889,1420708,0,0.0,nodata,1173306,0,0.0,nodata,Cwt,0,
Spirits — Brandy,1886,1420576,1453602,1.0232,within5,3120820,3187475,1.0214,within5,Proof Gallon,15,
Fruit — Oranges And Lemons,1878,1419579,1419579,1.0,exact01,3430176,3430176,1.0,exact01,Bushel,7,
Cotton,1879,1419541,1449511,1.0211,within5,179166,179166,1.0,exact01,Ton,4,
"Of Europe, &Amp;C.",1871,1419518,0,0.0,nodata,1419518,0,0.0,nodata,Value,0,
Spirits — Brandy,1891,1419028,1419028,1.0,exact01,3162548,3162548,1.0,exact01,Proof Gallon,8,
Woollen Yarn,1879,1418052,0,0.0,nodata,11044820,0,0.0,nodata,Lb,0,
Oil — Oil Seed Cakes,1870,1417100,0,0.0,nodata,158453,0,0.0,nodata,Ton,0,
"Manufactured, Cigars And Snuff",1890,1415758,0,0.0,nodata,3678846,0,0.0,nodata,Lb,0,
"Manufactured, Of All Kinds",1890,1415758,0,0.0,nodata,3678846,0,0.0,nodata,Lb,0,
Fruit — Unenumerated : Raw,1882,1415252,0,0.0,nodata,2614056,0,0.0,nodata,Bushel,0,
Currants,1878,1415179,0,0.0,nodata,1087266,0,0.0,nodata,Cwt,0,
Chemical Manufactures And Pro-Ducts,1889,1414996,0,0.0,nodata,1414996,0,0.0,nodata,Value,0,
Skins And Furs — Skins : Sheep And Lamb,1880,1414837,0,0.0,nodata,12331413,0,0.0,nodata,Number,0,
Spirits — Brandy,1878,1414753,1414753,1.0,exact01,3528574,3528574,1.0,exact01,Proof Gallon,4,
"Skins — Sheep And Lamb, Undressed",1891,1413645,0,0.0,nodata,13041530,0,0.0,nodata,Number,0,
"Hides, Raw, And Pieces Thereof — Dry",1897,1413166,0,0.0,nodata,557087,0,0.0,nodata,Cwt,0,
"Skins And Furs — Goat, Undressed",1900,1412974,0,0.0,nodata,14875790,0,0.0,nodata,Number,0,
Lead — Pig And Sheet,1874,1411988,1411988,1.0,exact01,61987,61987,1.0,exact01,Ton,6,
Chemical Manufactures And Pro-Ducts,1890,1411909,0,0.0,nodata,1441909,0,0.0,nodata,Value,0,
Oil — Oil Seed Cakes,1868,1411825,0,0.0,nodata,162339,0,0.0,nodata,Ton,0,
"Mutton, Fresh",1884,1411051,2143094,1.5188,over,503194,772224,1.5346,over,Cwt,10,
Oil — Palm,1884,1408753,1408753,1.0,exact01,841012,841012,1.0,exact01,Cwt,10,
"Mutton, Fresh",1886,1405383,2287997,1.628,over,653447,1055770,1.6157,over,Cwt,11,
Cotton,1872,1403825,1403825,1.0,exact01,167904,167904,1.0,exact01,Ton,4,
Leather Manufactures — Gloves,1872,1403622,1403622,1.0,exact01,0,0,,noanchor,Dozen Pairs,5,
Gloves,1872,1403622,0,0.0,nodata,0,0,,noanchor,Dozen Pairs,0,
Of All Kinds (Except Hangings),1884,1403446,0,0.0,nodata,1447335,0,0.0,nodata,Cwt,0,
Paper And Pasteboard — Of All Kinds (Except Hangings),1884,1403446,0,0.0,nodata,1447335,0,0.0,nodata,Cwt,0,
"Manufactured, Cigars And Snuff",1882,1398691,0,0.0,nodata,4086520,0,0.0,nodata,Lb,0,
"Milk, Condensed",1897,1398363,1384637,0.9902,within5,756243,753161,0.9959,within5,Cwt,6,
"Skins — Sheep And Lamb, Undressed",1892,1396662,0,0.0,nodata,12382213,0,0.0,nodata,Number,0,
Iron — In Bars,1882,1396457,0,0.0,nodata,139229,0,0.0,nodata,Ton,0,
"Skins, Furs, And Pelts — Sheep, Undressed",1894,1394827,252404,0.181,under,13831508,2298931,0.1662,under,Number,14,
"Skins — Sheep And Lamb, Undressed",1894,1394827,0,0.0,nodata,13831508,0,0.0,nodata,Number,0,
"Preserved, Otherwise Than By Salting",1884,1394665,1640175,1.176,over,450990,552025,1.224,over,Cwt,18,
Lead — Pig And Sheet,1871,1393593,0,0.0,nodata,64908,0,0.0,nodata,Ton,0,
Indigo,1895,1392534,0,0.0,nodata,83071,0,0.0,nodata,Cwt,0,
Silk — Raw,1890,1392460,1392460,1.0,exact01,1961281,1961281,1.0,exact01,Lb,11,
"In Blocks, Ingots, Bars, Or Slabs",1898,1389601,0,0.0,nodata,406788,0,0.0,nodata,Cwt,0,
Indigo,1893,1389461,0,0.0,nodata,66981,0,0.0,nodata,Cwt,0,
Apples — Raw,1894,1389421,0,0.0,nodata,4968669,0,0.0,nodata,Bushel,0,
Lard,1873,1388881,1381104,0.9944,within5,626090,623214,0.9954,within5,Cwt,4,
Skins And Furs — Skins : Sheep And Lamb,1881,1388467,0,0.0,nodata,13261015,0,0.0,nodata,Number,0,
Lead — Pig And Sheet,1881,1388109,1388109,1.0,exact01,93559,93559,1.0,exact01,Ton,6,
Fruit — Unenumerated : Raw,1888,1387285,1387285,1.0,exact01,3039060,3039060,1.0,exact01,Bushel,15,
Chemical Manufactures And Pro-Ducts,1881,1386977,0,0.0,nodata,1386977,0,0.0,nodata,Value,0,
"Furs, Of All Sorts (Other Than Seal Skins)",1895,1384155,0,0.0,nodata,45397180,0,0.0,nodata,Number,0,
Wool — Goats' Wool Or Hair: Mohair,1897,1383154,0,0.0,nodata,22880450,0,0.0,nodata,Lb,0,
Hay,1893,1382812,1354011,0.9792,within5,263050,259436,0.9863,within5,Ton,16,
Petroleum,1879,1382534,0,0.0,nodata,43280291,0,0.0,nodata,Gallon,0,
Fruit — Unenumerated : Raw,1883,1380952,1380922,1.0,exact01,2660475,2660475,1.0,exact01,Bushel,13,
Wool — Goats' Wool Or Hair,1895,1378992,2710368,1.9655,over,25758928,50682774,1.9676,over,Lb,22,
Silver Ore,1887,1378156,0,0.0,nodata,1378156,0,0.0,nodata,Value,0,
"Preserved, Otherwise Than By Salting",1888,1376879,1376879,1.0,exact01,542318,541718,0.9989,within5,Cwt,13,
"Manufactured, Cigars And Snuff",1892,1375793,0,0.0,nodata,4142293,0,0.0,nodata,Lb,0,
"Manufactured, Of All Kinds",1892,1375793,0,0.0,nodata,4142293,0,0.0,nodata,Lb,0,
Chemical Manufactures And Pro-Ducts,1894,1375489,0,0.0,nodata,1375489,0,0.0,nodata,Value,0,
Brandy,1897,1375364,0,0.0,nodata,3089268,0,0.0,nodata,Proof Gallon,0,
Tobacco — Unmanufactured,1881,1375225,1375225,1.0,exact01,48195897,48195897,1.0,exact01,Lb,9,
Tobacco — Raw,1881,1375225,0,0.0,nodata,48195597,0,0.0,nodata,Lb,0,
Unmanufactured,1881,1375225,0,0.0,nodata,7941,0,0.0,nodata,Ton,0,
Lead — Pig And Sheet,1886,1373302,1373302,1.0,exact01,107862,107859,1.0,exact01,Ton,13,
Skins And Furs — Skins : Sheep And Lamb,1872,1370802,0,0.0,nodata,11043086,0,0.0,nodata,Number,0,
Chemical Manufactures And Pro-Ducts,1891,1369073,0,0.0,nodata,1369073,0,0.0,nodata,Value,0,
Fruit — Oranges,1893,1368857,1362477,0.9953,within5,4593127,4574990,0.9961,within5,Bushel,9,
Of All Kinds (Except Hangings),1885,1364269,0,0.0,nodata,1385634,0,0.0,nodata,Cwt,0,
Paper And Pasteboard — Of All Kinds (Except Hangings),1885,1364269,0,0.0,nodata,1385634,0,0.0,nodata,Cwt,0,
Woollen Yarn,1881,1362715,0,0.0,nodata,10803435,0,0.0,nodata,Lb,0,
Oil — Oil Seed Cakes,1869,1361580,0,0.0,nodata,159295,0,0.0,nodata,Ton,0,
Indigo,1892,1356595,0,0.0,nodata,71344,0,0.0,nodata,Cwt,0,
Chemical Manufactures And Pro-Ducts,1885,1356291,0,0.0,nodata,1356291,0,0.0,nodata,Value,0,
Pyrites Of Iron Or Copper,1883,1356083,1356083,1.0,exact01,601288,601288,1.0,exact01,Ton,10,
Chemical Manufactures And Pro-Ducts,1893,1355646,0,0.0,nodata,1355616,0,0.0,nodata,Value,0,
Apples — Raw,1892,1353812,1353812,1.0,exact01,4514700,4514700,1.0,exact01,Bushel,14,
Fruit — Currants,1882,1351939,1351939,1.0,exact01,1012102,1012102,1.0,exact01,Cwt,2,
Currants,1882,1351939,0,0.0,nodata,1012102,0,0.0,nodata,Cwt,0,
"Preserved, Otherwise Than By Salting",1887,1351769,1408769,1.0422,within5,520239,520239,1.0,exact01,Cwt,14,
"Pyrites Of Iron, Copper, Or Sulphur",1872,1351146,0,0.0,nodata,517626,0,0.0,nodata,Ton,0,
Pyrites Of Iron Or Copper,1872,1351146,0,0.0,nodata,517626,0,0.0,nodata,Ton,0,
Cocoa,1898,1347882,1487963,1.1039,over,42833993,46935109,1.0957,over,Lb,24,
Fruit — Currants,1890,1346810,1346782,1.0,exact01,1139939,1139914,1.0,exact01,Cwt,5,
Currants,1890,1346810,0,0.0,nodata,1139939,0,0.0,nodata,Cwt,0,
Spirits — Brandy,1892,1346763,1346763,1.0,exact01,2986366,2986366,1.0,exact01,Proof Gallon,12,
Brandy,1892,1346763,0,0.0,nodata,2986366,0,0.0,nodata,Proof Gallon,0,
Skins And Furs — Skins : Sheep And Lamb,1875,1346111,0,0.0,nodata,12079038,0,0.0,nodata,Number,0,
Beans (Not Kidney Or French),1894,1346096,252819,0.1878,under,5259895,947842,0.1802,under,Cwt,9,
Fruit — Unenumerated : Raw,1884,1345537,1341489,0.997,within5,2381960,2375701,0.9974,within5,Bushel,11,
Oil — Palm,1879,1344788,1344788,1.0,exact01,881329,881299,1.0,exact01,Cwt,6,
Skins And Furs — Skins : Sheep And Lamb,1876,1343042,0,0.0,nodata,13165348,0,0.0,nodata,Number,0,
Fruit — Oranges And Lemons,1875,1341704,1341704,1.0,exact01,2869631,2869631,1.0,exact01,Bushel,5,
Fruit — Currants,1888,1341606,1341606,1.0,exact01,1009873,1009873,1.0,exact01,Cwt,9,
Currants,1888,1341606,0,0.0,nodata,1009873,0,0.0,nodata,Cwt,0,
Raw,1898,1338614,0,0.0,nodata,2138912,0,0.0,nodata,Lb,0,
Spirits — Brandy,1880,1337997,1337997,1.0,exact01,3006335,3006335,1.0,exact01,Proof Gallon,4,
Paraffine And Paraffine Wax,1900,1337271,0,0.0,nodata,984571,0,0.0,nodata,Cwt,0,
Wet,1897,1336991,1501454,1.123,over,638668,727893,1.1397,over,Cwt,41,
Pyrites Of Iron Or Copper,1878,1336047,1336047,1.0,exact01,579261,579261,1.0,exact01,Ton,6,
Fruit — Currants,1892,1334401,1334404,1.0,exact01,1153427,1153427,1.0,exact01,Cwt,3,
"Esparto, And Other Materials",1871,1332257,0,0.0,nodata,154357,0,0.0,nodata,Ton,0,
Currants,1892,1331401,0,0.0,nodata,1153427,0,0.0,nodata,Cwt,0,
"Zinc — Crude, In Cakes",1891,1329505,1330093,1.0004,exact01,58513,58513,1.0,exact01,Ton,9,
Spirits — Brandy,1872,1328656,1380977,1.0394,within5,3505295,3590525,1.0243,within5,Proof Gallon,14,
Oil — Oil Seed Cakes,1873,1328525,1327525,0.9992,exact01,138193,138193,1.0,exact01,Ton,10,
Caoutchouc,1874,1326605,2207661,1.6641,over,129163,131215,1.0159,within5,Cwt,20,
"Manufactured, Cigars And Snuff",1874,1326001,0,0.0,nodata,4632581,0,0.0,nodata,Lb,0,
"Iron And Steel, Wrought Or Manufactured",1874,1325776,0,0.0,nodata,1054019,0,0.0,nodata,Cwt,0,
"Unwrought, Part Wrought, And Old Copper",1887,1325559,0,0.0,nodata,31013,0,0.0,nodata,Ton,0,
Goat,1881,1323117,0,0.0,nodata,11246779,0,0.0,nodata,Number,0,
Oil — Palm,1895,1320690,1320780,1.0001,exact01,1262933,1263417,1.0004,exact01,Cwt,16,
Iron — In Bars,1875,1320059,1320059,1.0,exact01,89822,89822,1.0,exact01,Ton,4,
Currants,1900,1320001,0,0.0,nodata,824527,0,0.0,nodata,Cwt,0,
Wet,1896,1319516,1742512,1.3206,over,604734,856185,1.4158,over,Cwt,41,
Manures — Guano,1874,1318849,1348849,1.0227,within5,112429,112429,1.0,exact01,Ton,6,
Cocoa,1899,1318415,1449692,1.0996,over,43473241,47387974,1.09,over,Lb,21,
Gloves,1871,1317966,0,0.0,nodata,0,0,,noanchor,Dozen Pairs,0,
Fruit — Oranges And Lemons,1879,1317961,1317931,1.0,exact01,3433059,3433059,1.0,exact01,Bushel,6,
Raisins,1900,1317892,0,0.0,nodata,653371,0,0.0,nodata,Cwt,0,
Spirits — Brandy,1887,1317224,1312881,0.9967,within5,2826108,2815784,0.9963,within5,Proof Gallon,3,
Spirits — Brandy,1889,1316137,1316137,1.0,exact01,2858774,2858774,1.0,exact01,Proof Gallon,10,
Oil — Palm,1883,1315559,1315559,1.0,exact01,749422,749422,1.0,exact01,Cwt,12,
"Manufactured, Cigars And Snuff",1876,1314912,0,0.0,nodata,3818682,0,0.0,nodata,Lb,0,
Parcel Post (Goods Free Of Duty),1898,1313606,0,0.0,nodata,986290,0,0.0,nodata,Number Of Parcels,0,
Chemical Manufactures And Pro-Ducts,1887,1313293,0,0.0,nodata,1313293,0,0.0,nodata,Value,0,
Caoutchouc,1878,1313209,1615126,1.2299,over,149724,165796,1.1073,over,Cwt,17,
Chemical Manufactures And Pro-Ducts,1888,1311297,0,0.0,nodata,1311297,0,0.0,nodata,Value,0,
Lace,1886,1310639,0,0.0,nodata,1310639,0,0.0,nodata,Value,0,
Lard,1871,1310012,0,0.0,nodata,477568,0,0.0,nodata,Cwt,0,
Spirits — Brandy,1868,1309413,0,0.0,nodata,4062885,0,0.0,nodata,Proof Gallon,0,
Petroleum,1880,1309279,0,0.0,nodata,38793371,0,0.0,nodata,Gallon,0,
Lard,1872,1308844,1303459,0.9959,within5,579056,576665,0.9959,within5,Cwt,4,
"Skins, Furs, And Pelts — Sheep, Undressed",1897,1308563,0,0.0,nodata,14539056,0,0.0,nodata,Number,0,
Lead — Pig And Sheet,1883,1305388,1305088,0.9998,exact01,101715,101685,0.9997,exact01,Ton,13,
"Pyrites Of Iron, Copper, Or Sulphur",1873,1301972,1295272,0.9949,within5,520347,520347,1.0,exact01,Ton,4,
Pyrites Of Iron Or Copper,1873,1301272,0,0.0,nodata,520347,0,0.0,nodata,Ton,0,
Leather Manufactures — Gloves,1878,1300633,1300633,1.0,exact01,1060438,1060438,1.0,exact01,Dozen Pairs,6,
Gloves,1878,1300633,0,0.0,nodata,1060438,0,0.0,nodata,Dozen Pairs,0,
Wool — Goats' Wool Or Hair,1884,1299930,1299930,1.0,exact01,16906026,16875926,0.9982,within5,Lb,10,
Tallow And Stearine,1886,1299214,1773128,1.3648,over,1011911,1400533,1.384,over,Cwt,21,
Other Farinaceous Substances,1893,1297113,0,0.0,nodata,1297113,0,0.0,nodata,Value,0,
Leather Manufactures — Gloves,1873,1296782,1296782,1.0,exact01,0,0,,noanchor,Dozen Pairs,5,
Gloves,1873,1296782,0,0.0,nodata,0,0,,noanchor,Dozen Pairs,0,
Cocoa,1895,1296190,1380947,1.0654,over,42769307,45341427,1.0601,over,Lb,20,
Manures — Guano,1875,1293436,1293436,1.0,exact01,114454,114454,1.0,exact01,Ton,8,
Fruit — Currants,1874,1290574,1290574,1.0,exact01,972455,972455,1.0,exact01,Cwt,3,
Fruit — Unenumerated : Raw,1886,1290214,1290214,1.0,exact01,2601334,2601334,1.0,exact01,Bushel,16,
"Zinc — Crude, In Cakes",1890,1288358,1288358,1.0,exact01,56205,56205,1.0,exact01,Ton,11,
Leather Manufactures — Gloves,1879,1286030,1286030,1.0,exact01,1062747,1062747,1.0,exact01,Dozen Pairs,6,
Gloves,1879,1286030,0,0.0,nodata,1062747,0,0.0,nodata,Dozen Pairs,0,
"Esparto, And Other Materials",1879,1285684,0,0.0,nodata,189778,0,0.0,nodata,Ton,0,
"Manufactured, Cigars And Snuff",1891,1284714,0,0.0,nodata,3497408,0,0.0,nodata,Lb,0,
Chemical Manufactures And Pro-Ducts,1886,1284537,0,0.0,nodata,1284537,0,0.0,nodata,Value,0,
"Manufactured, Cigars And Snuff",1873,1283538,0,0.0,nodata,3834199,0,0.0,nodata,Lb,0,
"Manufactured, Of All Kinds",1891,1281714,0,0.0,nodata,3497408,0,0.0,nodata,Lb,0,
Oil Seed Cake — Linseed Cake,1897,1280384,1278581,0.9986,within5,217998,216999,0.9954,within5,Ton,17,
Lace,1894,1279352,0,0.0,nodata,1279352,0,0.0,nodata,Value,0,
"Lace, Of All Kinds",1894,1279352,0,0.0,nodata,1279352,0,0.0,nodata,Value,0,
Goat,1880,1277742,0,0.0,nodata,11467235,0,0.0,nodata,Number,0,
"Vegetables, Raw, Unenumerated",1895,1277266,0,0.0,nodata,1277266,0,0.0,nodata,Value,0,
Chemical Manufactures And Pro-Ducts,1895,1276670,0,0.0,nodata,1276670,0,0.0,nodata,Value,0,
Fruit — Currants,1873,1275445,1275445,1.0,exact01,991353,991353,1.0,exact01,Cwt,4,
"Nitre, Cubic (Nitrate Of Soda)",1874,1271443,1271443,1.0,exact01,2118552,2118552,1.0,exact01,Cwt,4,
"Nitre, Cubic (Nitrate Of Soda)",1882,1270352,1270352,1.0,exact01,1915138,1915138,1.0,exact01,Cwt,4,
"Woollen Yarn — For Fancy Purposes, Including Berlin Wool And Zephyr Yarn",1896,1267323,130957,0.1033,under,1267323,1265393,0.9985,within5,Lb,5,
Lead — Pig And Sheet,1882,1266999,1266999,1.0,exact01,87853,86953,0.9898,within5,Ton,6,
Fish,1875,1266577,0,0.0,nodata,840090,0,0.0,nodata,Cwt,0,
Eggs,1871,1263612,0,0.0,nodata,3337275,0,0.0,nodata,Great Hundred,0,
Spirits — Brandy,1896,1261800,1293764,1.0253,within5,2749624,2905975,1.0569,over,Proof Gallon,24,
Brandy,1896,1261800,0,0.0,nodata,2749624,0,0.0,nodata,Proof Gallon,0,
Skins And Furs — Skins : Sheep And Lamb,1877,1260135,0,0.0,nodata,12977531,0,0.0,nodata,Number,0,
Spirits — Brandy,1877,1257164,1257164,1.0,exact01,2962697,2962698,1.0,exact01,Proof Gallon,4,
"Manufactured, Of All Kinds",1895,1256313,0,0.0,nodata,4240770,0,0.0,nodata,Lb,0,
Iron — Ore Of,1877,1256069,0,0.0,nodata,1142308,0,0.0,nodata,Ton,0,
Cocoa,1894,1255201,1338996,1.0668,over,39115963,41058583,1.0497,within5,Lb,18,
"Pyrites Of Iron, Copper, Or Sulphur",1874,1253232,0,0.0,nodata,498637,0,0.0,nodata,Ton,0,
Pyrites Of Iron Or Copper,1874,1253232,1253232,1.0,exact01,498637,498637,1.0,exact01,Ton,4,
Oil — Oil Seed Cakes,1872,1252974,1249914,0.9976,within5,134300,134300,1.0,exact01,Ton,11,
Pyrites Of Iron Or Copper,1885,1252623,1252623,1.0,exact01,654521,654521,1.0,exact01,Ton,7,
"Of Europe, &Amp;C.",1875,1251842,0,0.0,nodata,1251842,0,0.0,nodata,Value,0,
Spirits — Brandy,1869,1249579,0,0.0,nodata,3937266,0,0.0,nodata,Proof Gallon,0,
Wet,1893,1249217,1517781,1.215,over,589198,769706,1.3064,over,Cwt,40,
Fruit — Oranges And Lemons,1876,1247954,1247954,1.0,exact01,2968650,2965650,0.999,within5,Bushel,5,
Of All Kinds (Except Hangings),1883,1245861,0,0.0,nodata,1160104,0,0.0,nodata,Cwt,0,
Paper And Pasteboard — Of All Kinds (Except Hangings),1883,1245861,0,0.0,nodata,1160104,0,0.0,nodata,Cwt,0,
"Zinc — Crude, In Cakes",1896,1245013,1383593,1.1113,over,76635,77145,1.0067,within5,Ton,44,
Pyrites Of Iron Or Copper,1884,1244871,1241871,0.9976,within5,563073,563073,1.0,exact01,Ton,7,
"Skins — Sheep And Lamb, Undressed",1889,1243792,0,0.0,nodata,11302380,0,0.0,nodata,Number,0,
Spirits — Brandy,1885,1242424,1255884,1.0108,within5,2783056,2817232,1.0123,within5,Proof Gallon,13,
Wet,1894,1242168,1514600,1.2193,over,608584,785604,1.2909,over,Cwt,42,
"Of Europe, &Amp;C.",1868,1238994,0,0.0,nodata,1238994,0,0.0,nodata,Value,0,
"Manufactured, Cigars And Snuff",1885,1237745,0,0.0,nodata,4247257,0,0.0,nodata,Lb,0,
Pyrites Of Iron Or Copper,1900,1237223,0,0.0,nodata,741431,0,0.0,nodata,Ton,0,
Oil — Palm,1894,1237072,1236948,0.9999,exact01,1137767,1137466,0.9997,exact01,Cwt,15,
Iron — In Bars,1883,1236735,0,0.0,nodata,122895,0,0.0,nodata,Ton,0,
Oil Seed Cake — Linseed Cake,1894,1236100,1236621,1.0004,exact01,185883,186105,1.0012,within5,Ton,19,
Wool — Goats' Wool Or Hair,1880,1233855,1233855,1.0,exact01,13566019,13566019,1.0,exact01,Lb,6,
"Esparto, And Other Materials",1875,1230823,0,0.0,nodata,153180,0,0.0,nodata,Ton,0,
Other Farinaceous Substances,1894,1228373,0,0.0,nodata,1228373,0,0.0,nodata,Value,0,
Wool — Goats' Wool Or Hair: Mohair,1900,1227473,0,0.0,nodata,18044898,0,0.0,nodata,Lb,0,
"Paper-Making Materials — Pulp Of Wood, Chemical",1898,1226093,1220397,0.9954,within5,179525,0,0.0,nodata,Ton,11,
"Skins, Furs, And Pelts — Sheep, Undressed",1896,1225615,0,0.0,nodata,13364634,0,0.0,nodata,Number,0,
"Skins — Sheep And Lamb, Undressed",1896,1225615,0,0.0,nodata,13364634,0,0.0,nodata,Number,0,
Apples — Raw,1900,1224657,0,0.0,nodata,2128541,0,0.0,nodata,Bushel,0,
Other Farinaceous Substances,1891,1224534,0,0.0,nodata,1224534,0,0.0,nodata,Value,0,
Lead — Pig And Sheet,1884,1222325,1222325,1.0,exact01,109016,109016,1.0,exact01,Ton,11,
"Manufactured, Cigars And Snuff",1887,1221751,0,0.0,nodata,3595071,0,0.0,nodata,Lb,0,
Oil — Olive,1881,1220650,1220650,1.0,exact01,29864,29864,1.0,exact01,Tun,10,
Olive,1881,1220650,0,0.0,nodata,29864,0,0.0,nodata,Ton,0,
Of All Kinds (Except Hangings),1877,1220500,0,0.0,nodata,886202,0,0.0,nodata,Cwt,0,
Spirits — Brandy,1888,1220459,1220459,1.0,exact01,2655004,2655004,1.0,exact01,Proof Gallon,10,
"Nitre, Cubic (Nitrate Of Soda)",1872,1220411,1190411,0.9754,within5,1594197,1593997,0.9999,exact01,Cwt,4,
Iron — In Bars,1885,1220191,0,0.0,nodata,122697,0,0.0,nodata,Ton,0,
Gloves,1868,1219989,0,0.0,nodata,0,0,,noanchor,Dozen Pairs,0,
Pyrites Of Iron Or Copper,1890,1219488,1217424,0.9983,within5,656891,655841,0.9984,within5,Ton,3,
"Animals, Living — Sheep And Lambs",1869,1219011,0,0.0,nodata,709843,0,0.0,nodata,Number,0,
Fruit — Unenumerated : Raw,1876,1218625,0,0.0,nodata,2372779,0,0.0,nodata,Bushel,0,
Steel — Unwrought,1900,1218175,0,0.0,nodata,179341,0,0.0,nodata,Ton,0,
"Skins — Sheep And Lamb, Undressed",1890,1218102,0,0.0,nodata,11793116,0,0.0,nodata,Number,0,
Hops,1879,1217938,1215938,0.9984,within5,262765,262765,1.0,exact01,Cwt,7,
Oil — Palm,1885,1217816,731431,0.6006,under,905439,547626,0.6048,under,Cwt,10,
"Manufactured, Cigars And Snuff",1881,1216407,0,0.0,nodata,3084590,0,0.0,nodata,Lb,0,
Of All Kinds (Except Hangings),1876,1214862,0,0.0,nodata,848660,0,0.0,nodata,Cwt,0,
Iron — In Bars,1880,1214626,1214626,1.0,exact01,120021,120021,1.0,exact01,Ton,3,
"Esparto, And Other Materials",1876,1213896,0,0.0,nodata,147518,0,0.0,nodata,Ton,0,
Petroleum,1878,1212326,0,0.0,nodata,30255526,0,0.0,nodata,Gallon,0,
Pyrites Of Iron Or Copper,1889,1211791,1211791,1.0,exact01,644343,644343,1.0,exact01,Ton,5,
Spirits — Brandy,1893,1211096,1250879,1.0328,within5,2739455,2894864,1.0567,over,Proof Gallon,24,
Brandy,1893,1211096,0,0.0,nodata,2739455,0,0.0,nodata,Proof Gallon,0,
Lead — Pig And Sheet,1885,1210768,1210768,1.0,exact01,108012,108012,1.0,exact01,Ton,11,
Ornamental,1897,1207512,0,0.0,nodata,1218964,0,0.0,nodata,Lb,0,
"Manufactured, Cigars And Snuff",1886,1206851,0,0.0,nodata,3566889,0,0.0,nodata,Lb,0,
Pyrites Of Iron Or Copper,1876,1206799,1206799,1.0,exact01,504752,504752,1.0,exact01,Ton,5,
"Glass, Of All Kinds",1872,1206668,0,0.0,nodata,688156,0,0.0,nodata,Cwt,0,
Oil — Palm,1896,1204679,1217091,1.0103,within5,1146241,1159267,1.0114,within5,Cwt,16,
Of All Kinds (Except Hangings),1882,1202905,0,0.0,nodata,1098118,0,0.0,nodata,Cwt,0,
Paper And Pasteboard — Of All Kinds (Except Hangings),1882,1202905,0,0.0,nodata,1098118,0,0.0,nodata,Cwt,0,
Oil — Palm,1881,1202571,1202571,1.0,exact01,826891,826891,1.0,exact01,Cwt,4,
Pyrites Of Iron Or Copper,1881,1202281,1202281,1.0,exact01,542378,542378,1.0,exact01,Ton,6,
"Skins : Goat, Undressed",1895,1201066,2143124,1.7844,over,13906969,21779527,1.5661,over,Number,37,
Manures — Guano,1872,1201042,1201009,1.0,exact01,118704,118404,0.9975,within5,Ton,12,
Potatoes,1897,1200328,3649388,3.0403,over,3921205,7366638,1.8787,over,Cwt,41,
Oil — Olive,1883,1198935,1198875,0.9999,exact01,31053,31053,1.0,exact01,Tun,13,
Olive,1883,1198935,0,0.0,nodata,31053,0,0.0,nodata,Ton,0,
"Animals, Living — Horses",1876,1198779,0,0.0,nodata,41148,0,0.0,nodata,Number,0,
Potatoes,1891,1196824,1196824,1.0,exact01,3192836,3192536,0.9999,exact01,Cwt,13,
"Skins : Goat, Undressed",1898,1195959,1988790,1.6629,over,14569660,24188508,1.6602,over,Number,31,
Caoutchouc,1868,1195226,0,0.0,nodata,145584,0,0.0,nodata,Cwt,0,
"Animals, Living — Sheep And Lambs",1889,1195132,1195137,1.0,exact01,677958,677958,1.0,exact01,Number,9,
Spirits — Brandy,1895,1195066,1228875,1.0283,within5,2603646,2925390,1.1236,over,Proof Gallon,23,
Brandy,1895,1195066,0,0.0,nodata,2603646,0,0.0,nodata,Proof Gallon,0,
Lubricating,1900,1193489,0,0.0,nodata,39709563,0,0.0,nodata,?,0,
Oil — Olive,1872,1193064,1193064,1.0,exact01,24025,23965,0.9975,within5,Tun,11,
Olive,1872,1193064,0,0.0,nodata,24025,0,0.0,nodata,Ton,0,
Gloves,1869,1192141,0,0.0,nodata,0,0,,noanchor,Dozen Pairs,0,
Of All Kinds (Except Hangings),1878,1191799,0,0.0,nodata,905803,0,0.0,nodata,Cwt,0,
"Manufactured, Cigars And Snuff",1875,1191607,0,0.0,nodata,3344607,0,0.0,nodata,Lb,0,
"Zinc — Crude, In Cakes",1897,1190370,1295806,1.0886,over,69884,70628,1.0106,within5,Ton,42,
Hops,1875,1188054,1188054,1.0,exact01,256444,256444,1.0,exact01,Cwt,6,
Apples — Raw,1897,1187303,0,0.0,nodata,4199971,0,0.0,nodata,Bushel,0,
Olive,1868,1186828,0,0.0,nodata,17585,0,0.0,nodata,Ton,0,
Apples — Raw,1899,1186143,0,0.0,nodata,3861172,0,0.0,nodata,Bushel,0,
Olive,1870,1185950,0,0.0,nodata,23202,0,0.0,nodata,Ton,0,
"Manufactured, Cigars And Snuff",1878,1184603,0,0.0,nodata,3809163,0,0.0,nodata,Lb,0,
Paper-Making Materials — Pulp Of Wood,1893,1184265,1184265,1.0,exact01,215920,215920,1.0,exact01,Ton,11,
"Drugs — Bark, Peruvian",1880,1183301,0,0.0,nodata,79623,0,0.0,nodata,Cwt,0,
"Manufactured, Cigars",1898,1182945,0,0.0,nodata,2475082,0,0.0,nodata,Lb,0,
Gloves,1870,1180448,0,0.0,nodata,0,0,,noanchor,Dozen Pairs,0,
Woollen Yarn,1871,1179172,0,0.0,nodata,12129523,0,0.0,nodata,Lb,0,
Oil — Olive,1879,1179021,1179021,1.0,exact01,26198,26198,1.0,exact01,Tun,7,
Olive,1879,1179021,0,0.0,nodata,26198,0,0.0,nodata,Ton,0,
"Tanned, Tawed, Curried, Or Dressed",1871,1176549,0,0.0,nodata,18055471,0,0.0,nodata,Lb,0,
Hay,1894,1174619,1179313,1.004,within5,254214,248626,0.978,within5,Ton,17,
"Copper, Ore Of",1900,1172622,0,0.0,nodata,100753,0,0.0,nodata,Ton,0,
Hops,1877,1170621,1170621,1.0,exact01,250039,250039,1.0,exact01,Cwt,7,
"Nitre, Cubic (Nitrate Of Soda)",1883,1170606,1170606,1.0,exact01,2051825,2051825,1.0,exact01,Cwt,8,
"Milk, Condensed",1896,1170352,1169126,0.999,within5,611335,610603,0.9988,within5,Cwt,8,
Potatoes,1895,1169922,3903465,3.3365,over,3758156,6949469,1.8492,over,Cwt,38,
"Preserved, Otherwise Than By Salting",1886,1169777,1169777,1.0,exact01,431992,431992,1.0,exact01,Cwt,14,
Furs Of All Sorts,1884,1167251,0,0.0,nodata,1167251,0,0.0,nodata,Value,0,
Oil — Palm,1878,1167161,1167161,1.0,exact01,670797,670797,1.0,exact01,Cwt,6,
Fruit — Currants,1869,1166905,0,0.0,nodata,944489,0,0.0,nodata,Cwt,0,
Currants,1869,1166905,0,0.0,nodata,944489,0,0.0,nodata,Cwt,0,
"Nitre, Cubic (Nitrate Of Soda)",1894,1166800,0,0.0,nodata,0,0,,noanchor,Cwt,0,
Oil Seed Cake — Linseed Cake,1895,1166786,1175109,1.0071,within5,212448,214073,1.0076,within5,Ton,19,
Fruit — Unenumerated : Raw,1887,1166318,1163112,0.9973,within5,2478101,2471077,0.9972,within5,Bushel,12,
Iron — In Bars,1884,1165948,0,0.0,nodata,115486,0,0.0,nodata,Ton,0,
Tobacco — Unmanufactured,1879,1165488,1165488,1.0,exact01,38801220,38829220,1.0007,exact01,Lb,14,
Tobacco — Raw,1879,1165488,0,0.0,nodata,38861220,0,0.0,nodata,Lb,0,
Unmanufactured,1879,1165488,0,0.0,nodata,6461,0,0.0,nodata,Ton,0,
Seeds — Rape,1876,1165001,1165001,1.0,exact01,459973,459973,1.0,exact01,Quarter,6,
Pyrites Of Iron Or Copper,1899,1164667,0,0.0,nodata,701174,0,0.0,nodata,Ton,0,
Beef,1895,1164491,0,0.0,nodata,470739,0,0.0,nodata,Cwt,0,
"Pyrites Of Iron, Copper, Or Sulphur",1871,1164247,0,0.0,nodata,454542,0,0.0,nodata,Ton,0,
Pyrites Of Iron Or Copper,1871,1164247,0,0.0,nodata,454512,0,0.0,nodata,Ton,0,
Fruit — Oranges And Lemons,1874,1163296,1159993,0.9972,within5,2405054,2044991,0.8503,under,Bushel,5,
Fruit — Oranges And Lemons,1880,1163019,1462969,1.2579,over,3658799,3598799,0.9836,within5,Bushel,7,
Iron — Ore Of,1878,1162851,0,0.0,nodata,1173411,0,0.0,nodata,Ton,0,
Oil Seed Cake — Linseed Cake,1896,1162840,1163607,1.0007,exact01,220602,221311,1.0032,within5,Ton,21,
Other Farinaceous Substances,1892,1161788,0,0.0,nodata,1161788,0,0.0,nodata,Value,0,
Of All Kinds (Except Hangings),1880,1159646,0,0.0,nodata,1021952,0,0.0,nodata,Cwt,0,
Seeds — Rape,1875,1159184,1159184,1.0,exact01,496541,496541,1.0,exact01,Quarter,7,
"Iron And Steel, Wrought Or Manufactured",1872,1158017,0,0.0,nodata,781966,0,0.0,nodata,Cwt,0,
Sugar — Refined : Total Of,1868,1156158,0,0.0,nodata,729865,0,0.0,nodata,Cwt,0,
"Nitre, Cubic (Nitrate Of Soda)",1900,1155462,0,0.0,nodata,0,0,,noanchor,Cwt,0,
"Tin — In Blocks, Ingots, Bars, Or Slabs, And Regulus",1872,1154578,1154578,1.0,exact01,166840,166840,1.0,exact01,Cwt,8,
Other Farinaceous Substances,1890,1154287,0,0.0,nodata,1154287,0,0.0,nodata,Value,0,
Fruit — Oranges And Lemons,1872,1154270,1159270,1.0043,within5,2385160,2385160,1.0,exact01,Bushel,6,
Skins And Furs — Skins : Sheep And Lamb,1874,1154269,0,0.0,nodata,10188309,0,0.0,nodata,Number,0,
"Hides, Raw, And Pieces Thereof — Dry",1895,1153757,248351,0.2153,under,491547,100232,0.2039,under,Cwt,14,
Tobacco — Unmanufactured,1882,1152549,1152549,1.0,exact01,36075370,36069370,0.9998,exact01,Lb,9,
Unmanufactured,1882,1152549,0,0.0,nodata,9683,0,0.0,nodata,Ton,0,
"Animals, Living — Sheep And Lambs",1870,1151373,0,0.0,nodata,669905,0,0.0,nodata,Number,0,
Fruit — Raisins,1872,1149337,1204878,1.0483,within5,617418,620773,1.0054,within5,Cwt,10,
Brandy,1898,1149234,0,0.0,nodata,2514789,0,0.0,nodata,Proof Gallon,0,
Skins And Furs — Unenumerated,1893,1149207,0,0.0,nodata,43295494,0,0.0,nodata,Number,0,
Furs Of All Sorts,1893,1149207,0,0.0,nodata,1149207,0,0.0,nodata,Value,0,
"Furs, Of All Sorts (Other Than Seal Skins)",1893,1149207,0,0.0,nodata,43295494,0,0.0,nodata,Number,0,
Indigo,1894,1149057,0,0.0,nodata,59922,0,0.0,nodata,Cwt,0,
"Tin — In Blocks, Ingots, Bars, Or Slabs, And Regulus",1876,1148542,1148542,1.0,exact01,304551,304551,1.0,exact01,Cwt,5,
"Hides, Raw, And Pieces Thereof — Dry",1899,1148189,0,0.0,nodata,446725,0,0.0,nodata,Cwt,0,
Fruit — Unenumerated : Raw,1889,1147439,1147439,1.0,exact01,2178886,2178886,1.0,exact01,Bushel,15,
Wool — Goats' Wool Or Hair,1886,1145545,1145145,0.9997,exact01,19527200,19527200,1.0,exact01,Lb,11,
Goat,1879,1145422,0,0.0,nodata,10124169,0,0.0,nodata,Number,0,
"Esparto, And Other Materials",1878,1145331,0,0.0,nodata,165168,0,0.0,nodata,Ton,0,
"Manufactured, Cigars And Snuff",1872,1145150,0,0.0,nodata,3667585,0,0.0,nodata,Lb,0,
"Of Europe, &Amp;C.",1870,1144922,0,0.0,nodata,1144922,0,0.0,nodata,Value,0,
"Tin — In Blocks, Ingots, Bars, Or Slabs, And Regulus",1879,1143965,1143965,1.0,exact01,335266,335266,1.0,exact01,Cwt,4,
"Tin — In Blocks, Ingots, Bars, Or Slabs",1879,1143965,0,0.0,nodata,335266,0,0.0,nodata,Cwt,0,
"Lace, Of All Kinds",1895,1141791,0,0.0,nodata,1141791,0,0.0,nodata,Value,0,
Hops,1893,1141294,1276103,1.1181,over,204392,208651,1.0208,within5,Cwt,30,
Iron — In Bars,1881,1140509,1140509,1.0,exact01,111511,111511,1.0,exact01,Ton,4,
Brandy,1899,1140277,0,0.0,nodata,2465122,0,0.0,nodata,Proof Gallon,0,
Parcel Post (Goods Free Of Duty),1899,1139500,0,0.0,nodata,970165,0,0.0,nodata,Number Of Parcels,0,
Chemical Manufactures And Pro-Ducts,1880,1139335,0,0.0,nodata,1139335,0,0.0,nodata,Value,0,
Ornamental,1896,1139250,0,0.0,nodata,1166512,0,0.0,nodata,Lb,0,
Of All Kinds (Except Hangings),1881,1138943,0,0.0,nodata,1065912,0,0.0,nodata,Cwt,0,
"Animals, Living — Sheep And Lambs",1896,1133634,1135740,1.0019,within5,769592,771007,1.0018,within5,Number,10,
"Stones, Marble, And Slate : Rough, Hewn Or Manufactured : (Other Than Works Of Art)",1900,1132851,0,0.0,nodata,946010,0,0.0,nodata,Ton,0,
"Nitre, Cubic (Nitrate Of Soda)",1871,1131700,0,0.0,nodata,1451520,0,0.0,nodata,Cwt,0,
Caoutchouc,1869,1131585,0,0.0,nodata,136421,0,0.0,nodata,Cwt,0,
"Copper, Ore Of",1899,1130528,1422325,1.2581,over,125202,151455,1.2097,over,Ton,25,
"Manufactured, Cigars And Snuff",1880,1130288,0,0.0,nodata,3502928,0,0.0,nodata,Lb,0,
Beans (Not Kidney Or French),1893,1127539,201177,0.1784,under,3946985,706161,0.1789,under,Cwt,9,
Eggs,1869,1126853,0,0.0,nodata,3684772,0,0.0,nodata,Great Hundred,0,
Pyrites Of Iron Or Copper,1891,1126247,1126247,1.0,exact01,616227,616177,0.9999,exact01,Ton,6,
Fruit — Oranges And Lemons,1873,1124248,1115110,0.9919,within5,2308208,2290871,0.9925,within5,Bushel,5,
Unenumerated,1883,1123874,0,0.0,nodata,247778,0,0.0,nodata,Value,0,
Parcel Post (Goods Free Of Duty),1900,1119626,0,0.0,nodata,987611,0,0.0,nodata,Number Of Parcels,0,
Skins And Furs — Unenumerated,1895,1118215,0,0.0,nodata,10310461,0,0.0,nodata,Number,0,
Chemical Manufactures And Pro-Ducts,1876,1116626,0,0.0,nodata,1116626,0,0.0,nodata,Value,0,
"Nitre, Cubic (Nitrate Of Soda)",1885,1115032,1115032,1.0,exact01,2247785,2247785,1.0,exact01,Cwt,4,
Silk — Raw,1897,1113238,1180645,1.0606,over,1805608,2113628,1.1706,over,Lb,14,
Raw,1897,1113238,0,0.0,nodata,0,0,,noanchor,Lb,0,
Fruit — Unenumerated : Raw,1874,1109984,0,0.0,nodata,2622914,0,0.0,nodata,Bushel,0,
Apples — Raw,1898,1108056,0,0.0,nodata,3458716,0,0.0,nodata,Bushel,0,
"Stones, Marble, And Slate : Rough, Hewn Or Manufactured : (Other Than Works Of Art)",1899,1105253,0,0.0,nodata,891173,0,0.0,nodata,Ton,0,
Skins And Furs — Skins : Sheep And Lamb,1878,1103928,0,0.0,nodata,11321843,0,0.0,nodata,Number,0,
Eggs,1870,1102680,0,0.0,nodata,3590352,0,0.0,nodata,Great Hundred,0,
"Zinc — Crude, In Cakes",1892,1102591,1095020,0.9931,within5,52793,52294,0.9905,within5,Ton,9,
"Nitre, Cubic (Nitrate Of Soda)",1889,1102583,1102583,1.0,exact01,2351310,2351310,1.0,exact01,Cwt,6,
Hops,1869,1098475,0,0.0,nodata,322515,0,0.0,nodata,Cwt,0,
"Of Europe, &Amp;C.",1869,1097962,0,0.0,nodata,1097962,0,0.0,nodata,Value,0,
Potatoes,1881,1097512,1097512,1.0,exact01,4034673,4034673,1.0,exact01,Cwt,7,
Iron — In Bars,1876,1096462,1096462,1.0,exact01,85384,85384,1.0,exact01,Ton,4,
Wool — Goats' Wool Or Hair,1868,1095562,0,0.0,nodata,7066773,0,0.0,nodata,Lb,0,
"Pyrites Of Iron, Copper, Or Sulphur",1870,1095151,0,0.0,nodata,411512,0,0.0,nodata,Ton,0,
"Skins : Goat, Undressed",1897,1091306,1921545,1.7608,over,13523056,23883359,1.7661,over,Number,31,
Cotton,1870,1091132,0,0.0,nodata,120304,0,0.0,nodata,Ton,0,
"Vegetables, Raw, Unenumerated",1894,1090370,0,0.0,nodata,1090370,0,0.0,nodata,Value,0,
Silver Ore,1884,1089768,0,0.0,nodata,1089768,0,0.0,nodata,Value,0,
Cocoa,1879,1089417,380618,0.3494,under,26155788,9575472,0.3661,under,Lb,8,
Hops,1883,1089246,1089246,1.0,exact01,129905,129900,1.0,exact01,Cwt,9,
Oil — Olive,1876,1089176,1089176,1.0,exact01,24022,24022,1.0,exact01,Tun,9,
Olive,1876,1089176,0,0.0,nodata,24022,0,0.0,nodata,Ton,0,
"Tin — In Blocks, Ingots, Bars, Or Slabs, And Regulus",1871,1088755,0,0.0,nodata,171659,0,0.0,nodata,Cwt,0,
Skins And Furs — Skins : Sheep And Lamb,1871,1087901,0,0.0,nodata,10617307,0,0.0,nodata,Number,0,
"Train Or Blubber, And Spermaceti",1871,1087734,0,0.0,nodata,24679,0,0.0,nodata,Ton,0,
"Oil :Train Or Blubber, And Spermaceti",1871,1087734,0,0.0,nodata,21679,0,0.0,nodata,Tun,0,
Silver Ore,1885,1085227,0,0.0,nodata,1085227,0,0.0,nodata,Value,0,
"Esparto, And Other Materials",1874,1083965,0,0.0,nodata,128782,0,0.0,nodata,Ton,0,
Cocoa,1893,1083696,1197978,1.1055,over,32982005,35272875,1.0695,over,Lb,18,
"Milk, Condensed",1895,1083559,1082605,0.9991,exact01,545394,544734,0.9988,within5,Cwt,7,
Currants,1898,1083180,0,0.0,nodata,1241421,0,0.0,nodata,Cwt,0,
"Skins — Sheep And Lamb, Undressed",1882,1080671,0,0.0,nodata,8165718,0,0.0,nodata,Number,0,
Pyrites Of Iron Or Copper,1898,1080543,0,0.0,nodata,654063,0,0.0,nodata,Ton,0,
Beans (Not Kidney Or French),1895,1079780,1337309,1.2385,over,4130538,5199116,1.2587,over,Cwt,21,
"Milk, Condensed",1894,1079235,1076981,0.9979,within5,529465,528338,0.9979,within5,Cwt,8,
Fruit — Currants,1886,1078622,1135637,1.0529,over,841066,864846,1.0283,within5,Cwt,11,
Currants,1886,1078622,0,0.0,nodata,841066,0,0.0,nodata,Cwt,0,
Of All Kinds (Except Hangings),1874,1077917,0,0.0,nodata,770133,0,0.0,nodata,Cwt,0,
"Vegetables, Raw, Unenumerated",1893,1076749,0,0.0,nodata,1076749,0,0.0,nodata,Value,0,
"Zinc — Crude, In Cakes",1889,1074943,1074943,1.0,exact01,56420,56420,1.0,exact01,Ton,11,
Spirits — Rum,1876,1073707,1073707,1.0,exact01,10395335,10395335,1.0,exact01,Proof Gallon,8,
Tallow And Stearine,1887,1073611,1073581,1.0,exact01,895121,895118,1.0,exact01,Cwt,16,
Fruit — Currants,1880,1072926,1072926,1.0,exact01,820146,820146,1.0,exact01,Cwt,2,
Currants,1880,1072926,0,0.0,nodata,820146,0,0.0,nodata,Cwt,0,
Potatoes,1875,1070976,1070976,1.0,exact01,4696132,4696132,1.0,exact01,Cwt,7,
Manures — Nitrate Of Soda (Cubic Nitre),1899,1069771,1069771,1.0,exact01,140851,0,0.0,nodata,?,5,
Spirits — Brandy,1884,1067918,1063717,0.9961,within5,2378976,2366845,0.9949,within5,Proof Gallon,3,
Currants,1897,1067224,0,0.0,nodata,1158142,0,0.0,nodata,Cwt,0,
"Manufactured, Cigars And Snuff",1883,1065861,0,0.0,nodata,3121174,0,0.0,nodata,Lb,0,
Pyrites Of Iron Or Copper,1887,1065468,1065468,1.0,exact01,596774,596774,1.0,exact01,Ton,8,
Pyrites Of Iron Or Copper,1893,1065407,1065407,1.0,exact01,612818,612818,1.0,exact01,Ton,7,
Of All Kinds (Except Hangings),1873,1065018,0,0.0,nodata,681952,0,0.0,nodata,Cwt,0,
Silk — Raw,1896,1064577,1240121,1.1649,over,1697668,2049777,1.2074,over,Lb,14,
Raw,1896,1064577,0,0.0,nodata,0,0,,noanchor,Lb,0,
Beef,1899,1063636,0,0.0,nodata,366349,0,0.0,nodata,Cwt,0,
Pyrites Of Iron Or Copper,1892,1063506,1063506,1.0,exact01,604411,604411,1.0,exact01,Ton,5,
Skins And Furs — Unenumerated,1896,1059138,0,0.0,nodata,9633586,0,0.0,nodata,Number,0,
Iron — In Bars,1874,1058390,1058390,1.0,exact01,73469,73466,1.0,exact01,Ton,5,
Fruit — Raisins,1883,1057934,1058802,1.0008,exact01,588309,588309,1.0,exact01,Cwt,15,
Raisins,1883,1057934,0,0.0,nodata,588309,0,0.0,nodata,Cwt,0,
Chemical Manufactures And Pro-Ducts,1877,1056466,0,0.0,nodata,1056466,0,0.0,nodata,Value,0,
Wool — Goats' Wool Or Hair,1871,1055248,0,0.0,nodata,8815364,0,0.0,nodata,Lb,0,
"Skins : Goat, Undressed",1892,1054400,0,0.0,nodata,10817303,0,0.0,nodata,Number,0,
"Skins, Furs, And Pelts — Goat, Undressed",1892,1054400,1233023,1.1694,over,10817303,12532710,1.1586,over,Number,26,
Raisins,1899,1054136,0,0.0,nodata,702774,0,0.0,nodata,Cwt,0,
Cocoa,1896,1053962,1151985,1.093,over,38281803,41561539,1.0857,over,Lb,18,
Beef,1896,1053954,0,0.0,nodata,401961,0,0.0,nodata,Cwt,0,
Chemical Manufactures And Pro-Ducts,1875,1053426,0,0.0,nodata,1053426,0,0.0,nodata,Value,0,
Spirits — Brandy,1881,1053219,1053219,1.0,exact01,2351039,2348039,0.9987,within5,Proof Gallon,4,
Wool — Goats' Wool Or Hair,1883,1051952,1051682,0.9997,exact01,13364822,13364822,1.0,exact01,Lb,9,
Pyrites Of Iron Or Copper,1879,1050545,1050545,1.0,exact01,481392,478392,0.9938,within5,Ton,6,
Iron — Ore Of,1879,1050167,0,0.0,nodata,1085045,0,0.0,nodata,Ton,0,
"Nitre, Cubic (Nitrate Of Soda)",1891,1049818,1049818,1.0,exact01,2440652,2440652,1.0,exact01,Cwt,3,
"Jute Yarn — Manufactures, Piece Goods",1896,1049748,0,0.0,nodata,59088399,0,0.0,nodata,Yard,0,
Pyrites Of Iron Or Copper,1894,1049311,1045309,0.9962,within5,616050,616041,1.0,exact01,Ton,6,
"Manufactured, Cigars",1895,1047259,0,0.0,nodata,2621322,0,0.0,nodata,Lb,0,
"Zinc — Crude, In Cakes",1888,1047174,1047174,1.0,exact01,60078,60078,1.0,exact01,Ton,10,
Wool — Goats' Wool Or Hair,1874,1045348,1045348,1.0,exact01,7954658,7954658,1.0,exact01,Lb,3,
"Tin — In Blocks, Ingots, Bars, Or Slabs, And Regulus",1873,1044299,1044299,1.0,exact01,155812,155812,1.0,exact01,Cwt,8,
Indigo,1891,1043442,0,0.0,nodata,50879,0,0.0,nodata,Cwt,0,
"Tin — In Blocks, Ingots, Bars, Or Slabs, And Regulus",1878,1041026,1041026,1.0,exact01,332885,332885,1.0,exact01,Cwt,5,
"Tin — In Blocks, Ingots, Bars, Or Slabs",1878,1041026,0,0.0,nodata,332885,0,0.0,nodata,Cwt,0,
Furs Of All Sorts,1894,1040464,0,0.0,nodata,1040464,0,0.0,nodata,Value,0,
Fruit — Raisins,1881,1040314,1198564,1.1521,over,568608,573656,1.0089,within5,Cwt,10,
Raisins,1881,1040314,0,0.0,nodata,568608,0,0.0,nodata,Cwt,0,
"Furs, Of All Sorts (Other Than Seal Skins)",1894,1040164,0,0.0,nodata,39133592,0,0.0,nodata,Number,0,
Skins And Furs — Unenumerated,1899,1038577,0,0.0,nodata,9462915,0,0.0,nodata,Number,0,
Seed,1900,1038564,0,0.0,nodata,41131,0,0.0,nodata,Ton,0,
"Woollen Yarn — For Fancy Purposes, Including Berlin Wool And Zephyr Yarn",1898,1037849,187319,0.1805,under,1937849,1037840,0.5356,under,Lb,3,
Oil — Palm,1899,1037265,1037265,1.0,exact01,945472,945541,1.0001,exact01,Cwt,16,
Oil — Palm,1900,1036555,0,0.0,nodata,938350,0,0.0,nodata,Cwt,0,
"Glass — Window And German Sheet, Including Shades And Cylinders",1895,1036352,593347,0.5725,under,1036352,1033442,0.9972,within5,Cwt,5,
Of All Kinds (Except Hangings),1875,1036056,0,0.0,nodata,762670,0,0.0,nodata,Cwt,0,
"Stones, Marble, And Slate : Rough, Hewn Or Manufactured : (Other Than Works Of Art)",1898,1035990,0,0.0,nodata,869782,0,0.0,nodata,Ton,0,
Furs Of All Sorts,1892,1035418,0,0.0,nodata,1035418,0,0.0,nodata,Value,0,
"Furs, Of All Sorts (Other Than Seal Skins)",1892,1035418,0,0.0,nodata,46035769,0,0.0,nodata,Number,0,
Painters' Colours And Pigments,1890,1034911,0,0.0,nodata,1034911,0,0.0,nodata,Value,0,
Potatoes,1874,1034835,1034835,1.0,exact01,3986662,3986662,1.0,exact01,Cwt,7,
"Skins : Goat, Undressed",1893,1034434,1631929,1.5776,over,11405530,19316729,1.6936,over,Number,33,
"Skins, Furs, And Pelts — Goat, Undressed",1893,1034434,1813224,1.7529,over,11405530,19967819,1.7507,over,Number,22,
"Skins — Sheep And Lamb, Undressed",1885,1034343,0,0.0,nodata,8525662,0,0.0,nodata,Number,0,
"Fruit — Apples, Raw",1891,1033997,0,0.0,nodata,3147373,0,0.0,nodata,Bushel,0,
Iron — In Bars,1889,1033974,0,0.0,nodata,111779,0,0.0,nodata,Ton,0,
Lead — Pig And Sheet,1870,1033724,0,0.0,nodata,58634,0,0.0,nodata,Ton,0,
Fruit — Raisins,1891,1033510,1033115,0.9996,exact01,611280,611071,0.9997,exact01,Cwt,8,
Raisins,1891,1033510,0,0.0,nodata,611280,0,0.0,nodata,Cwt,0,
Fruit — Raisins,1875,1033399,1033399,1.0,exact01,548112,548112,1.0,exact01,Cwt,4,
Seeds — Rape,1882,1032829,1032829,1.0,exact01,548806,548806,1.0,exact01,Quarter,7,
Lace,1889,1032619,0,0.0,nodata,1032619,0,0.0,nodata,Value,0,
Musical Instruments,1891,1032391,0,0.0,nodata,1032391,0,0.0,nodata,Value,0,
Lace,1885,1032311,0,0.0,nodata,1032311,0,0.0,nodata,Value,0,
"Lace, Of All Kinds",1893,1032127,0,0.0,nodata,1032127,0,0.0,nodata,Value,0,
Ornamental,1895,1031987,0,0.0,nodata,993163,0,0.0,nodata,Lb,0,
Painters' Colours And Pigments,1889,1031721,0,0.0,nodata,1031721,0,0.0,nodata,Value,0,
Other Than Muslins,1896,1031138,1031140,1.0,exact01,58561796,59131796,1.0097,within5,Yard,9,
Silver Ore,1883,1030542,0,0.0,nodata,1030542,0,0.0,nodata,Value,0,
Silver Ore,1886,1030438,0,0.0,nodata,1030488,0,0.0,nodata,Value,0,
"Fruit — Apples, Raw",1888,1030160,0,0.0,nodata,3796592,0,0.0,nodata,Bushel,0,
Hops,1898,1030140,1117759,1.0851,over,244136,297332,1.2179,over,Cwt,9,
Potatoes,1894,1030091,2879382,2.7953,over,2703803,4515591,1.6701,over,Cwt,39,
Pyrites Of Iron Or Copper,1886,1029839,1029839,1.0,exact01,556988,556988,1.0,exact01,Ton,5,
Oil — Olive,1878,1028757,1028757,1.0,exact01,20615,20615,1.0,exact01,Tun,8,
Olive,1878,1028757,0,0.0,nodata,20615,0,0.0,nodata,Ton,0,
"Skins — Sheep And Lamb, Undressed",1884,1027915,0,0.0,nodata,8001312,0,0.0,nodata,Number,0,
Fruit — Raisins,1882,1027820,1211942,1.1791,over,548911,550525,1.0029,within5,Cwt,11,
Raisins,1882,1027820,0,0.0,nodata,548911,0,0.0,nodata,Cwt,0,
Horses,1896,1027736,0,0.0,nodata,40677,0,0.0,nodata,Cwt,0,
Nuts And Kernels — Commonly Used For Expressing Oil Therefrom,1884,1026645,1026645,1.0,exact01,69331,69331,1.0,exact01,Ton,12,
Iron — In Bars,1888,1025568,0,0.0,nodata,113175,0,0.0,nodata,Ton,0,
Fruit — Unenumerated : Raw,1872,1024685,0,0.0,nodata,1691703,0,0.0,nodata,Bushel,0,
Furs Of All Sorts,1889,1023175,0,0.0,nodata,1023175,0,0.0,nodata,Value,0,
Fruit — Raisins,1887,1022402,1022462,1.0001,exact01,653138,653138,1.0,exact01,Cwt,8,
Raisins,1887,1022402,0,0.0,nodata,653138,0,0.0,nodata,Cwt,0,
Spirits — Rum,1875,1022110,1022110,1.0,exact01,8816654,8816654,1.0,exact01,Proof Gallon,8,
Spices — Pepper,1887,1021583,1021583,1.0,exact01,29795236,29795236,1.0,exact01,Lb,11,
Pyrites Of Iron Or Copper,1897,1021096,0,0.0,nodata,623091,0,0.0,nodata,Ton,0,
Wood And Timber — Oak,1897,1020771,0,0.0,nodata,177501,0,0.0,nodata,Load,0,
Silver Ore,1873,1020593,0,0.0,nodata,0,0,,noanchor,Value,0,
Chemical Manufactures And Pro-Ducts,1874,1020535,0,0.0,nodata,1020535,0,0.0,nodata,Value,0,
"Nitre, Cubic (Nitrate Of Soda)",1892,1020192,0,0.0,nodata,2391217,0,0.0,nodata,Cwt,0,
Wood And Timber — Oak,1900,1018829,0,0.0,nodata,173800,0,0.0,nodata,Load,0,
Iron — In Bars,1878,1018132,1018132,1.0,exact01,102811,102811,1.0,exact01,Ton,4,
Of All Kinds (Except Hangings),1879,1017631,0,0.0,nodata,865266,0,0.0,nodata,Cwt,0,
Beef,1898,1017480,0,0.0,nodata,281344,0,0.0,nodata,Cwt,0,
Oil — Olive,1874,1017461,1017461,1.0,exact01,22720,22720,1.0,exact01,Tun,10,
Olive,1874,1017461,0,0.0,nodata,22720,0,0.0,nodata,Ton,0,
"Vegetables, Raw, Unenumerated",1892,1016280,0,0.0,nodata,1016280,0,0.0,nodata,Value,0,
"Substances And Extracts, Unenumerated",1880,1014054,0,0.0,nodata,1014054,0,0.0,nodata,Value,0,
Painters' Colours And Pigments,1892,1013480,0,0.0,nodata,1013480,0,0.0,nodata,Value,0,
Lace,1887,1012536,0,0.0,nodata,1012536,0,0.0,nodata,Value,0,
Unenumerated,1895,1012466,0,0.0,nodata,278642,0,0.0,nodata,Value,0,
Parcel Post (Goods Free Of Duty),1896,1012357,1077096,1.0639,over,727033,755897,1.0397,within5,Number Of Parcels,42,
Linen Yarn,1899,1011961,1006921,0.995,within5,25558113,25551429,0.9997,exact01,Lb,4,
Paraffine,1899,1011067,1011064,1.0,exact01,1077003,1077003,1.0,exact01,Cwt,5,
Paraffine And Paraffine Wax,1899,1011067,0,0.0,nodata,1077003,0,0.0,nodata,Cwt,0,
Spirits — Brandy,1883,1010821,1008963,0.9982,within5,2202344,2198497,0.9983,within5,Proof Gallon,7,
"Milk, Condensed",1893,1009755,1008018,0.9983,within5,501005,500020,0.998,within5,Cwt,9,
"Manufactured, Of All Kinds",1893,1009640,0,0.0,nodata,3895104,0,0.0,nodata,Lb,0,
Eggs,1868,1009285,0,0.0,nodata,3199742,0,0.0,nodata,Great Hundred,0,
Fruit — Oranges And Lemons,1871,1008954,0,0.0,nodata,2376831,0,0.0,nodata,Bushel,0,
"Iron And Steel, Wrought Or Manufactured",1873,1008636,0,0.0,nodata,614358,0,0.0,nodata,Cwt,0,
Raisins,1897,1008472,0,0.0,nodata,671602,0,0.0,nodata,Cwt,0,
"Zinc — Crude, In Cakes",1893,1007397,1010532,1.0031,within5,56926,57135,1.0037,within5,Ton,13,
Fruit — Raisins,1890,1006898,1006677,0.9998,exact01,561848,560150,0.997,within5,Cwt,6,
Raisins,1890,1006898,0,0.0,nodata,561848,0,0.0,nodata,Cwt,0,
Gutta Percha,1899,1005966,1925048,1.9136,over,82497,149497,1.8122,over,Cwt,14,
Fruit — Raisins,1879,1005628,12931213,12.8588,over,585538,586158,1.0011,within5,Cwt,39,
Parcel Post (Goods Free Of Duty),1897,1004950,1047456,1.0423,within5,784252,815720,1.0401,within5,Number Of Parcels,41,
Seeds — Clover And Grass,1876,1004021,1004021,1.0,exact01,387813,387783,0.9999,exact01,Cwt,7,
"Skins — Sheep And Lamb, Undressed",1883,1003487,0,0.0,nodata,8145431,0,0.0,nodata,Number,0,
Fish,1873,1003236,0,0.0,nodata,718174,0,0.0,nodata,Cwt,0,
Silk — Raw,1895,1002206,1119685,1.1172,over,1555835,1829335,1.1758,over,Lb,13,
Raw,1895,1002206,0,0.0,nodata,1585835,0,0.0,nodata,Lb,0,
Hops,1885,1001728,1001728,1.0,exact01,266952,266952,1.0,exact01,Cwt,8,
Oil — Palm,1897,1001368,1001362,1.0,exact01,973060,973060,1.0,exact01,Cwt,16,
Other Farinaceous Substances,1889,1000353,0,0.0,nodata,1000353,0,0.0,nodata,Value,0,
Beef,1897,1000180,0,0.0,nodata,372687,0,0.0,nodata,Cwt,0,
Pyrites Of Iron Or Copper,1896,999793,999793,1.0,exact01,589056,589056,1.0,exact01,Ton,7,
Furs Of All Sorts,1891,998963,0,0.0,nodata,998963,0,0.0,nodata,Value,0,
"Furs, Of All Sorts (Other Than Seal Skins)",1891,998963,0,0.0,nodata,39158304,0,0.0,nodata,Number,0,
"Nitre, Cubic (Nitrate Of Soda)",1895,998897,998897,1.0,exact01,0,0,,noanchor,Cwt,3,
Linen Yarn,1895,998416,998386,1.0,exact01,25658917,25657461,0.9999,exact01,Lb,4,
Toys,1895,997647,16738,0.0168,under,997647,0,0.0,nodata,Value,5,
Potatoes,1882,997120,994120,0.997,within5,2990709,3080709,1.0301,within5,Cwt,7,
Musical Instruments,1892,997016,0,0.0,nodata,997016,0,0.0,nodata,Value,0,
"Substances And Extracts, Unenumerated",1881,996384,0,0.0,nodata,996384,0,0.0,nodata,Value,0,
Musical Instruments,1895,996193,0,0.0,nodata,996193,0,0.0,nodata,Value,0,
"Glass, Of All Kinds",1871,994889,0,0.0,nodata,629472,0,0.0,nodata,Cwt,0,
Wool — Goats' Wool Or Hair,1889,994396,994396,1.0,exact01,20991573,20991568,1.0,exact01,Lb,11,
Fruit — Raisins,1892,994125,994043,0.9999,exact01,657716,657713,1.0,exact01,Cwt,5,
Petroleum,1874,993418,0,0.0,nodata,21463361,0,0.0,nodata,Gallon,0,
Cocoa,1891,993000,1069478,1.077,over,31282598,32955084,1.0535,over,Lb,22,
Chemical Manufactures And Pro-Ducts,1878,992751,0,0.0,nodata,992751,0,0.0,nodata,Value,0,
Cocoa,1892,992288,1064996,1.0733,over,30839525,32409478,1.0509,over,Lb,18,
Petroleum,1873,991841,0,0.0,nodata,16661340,0,0.0,nodata,Gallon,0,
Painters' Colours And Pigments,1893,991329,0,0.0,nodata,991329,0,0.0,nodata,Value,0,
Raisins,1892,991125,0,0.0,nodata,657716,0,0.0,nodata,Cwt,0,
Musical Instruments,1890,990203,0,0.0,nodata,990203,0,0.0,nodata,Value,0,
Iron — In Bars,1887,989858,0,0.0,nodata,112968,0,0.0,nodata,Ton,0,
"Hides, Raw, And Pieces Thereof — Dry",1894,988912,683926,0.6916,under,419205,258363,0.6163,under,Cwt,24,
Iron — In Bars,1873,988885,0,0.0,nodata,74666,0,0.0,nodata,Ton,0,
"Silk — Knubs Or Husks Of Silk, And Waste",1888,987710,987710,1.0,exact01,83466,83436,0.9996,exact01,Cwt,12,
Cotton Cake,1899,987445,986960,0.9995,exact01,194105,194096,1.0,exact01,Ton,12,
Pyrites Of Iron Or Copper,1895,987165,987165,1.0,exact01,582463,582463,1.0,exact01,Ton,6,
Parcel Post (Goods Free Of Duty) - Number Of Parcels,1898,986290,0,0.0,nodata,986290,0,0.0,nodata,Cwt,0,
Fruit — Unenumerated : Raw,1875,986248,0,0.0,nodata,2220412,0,0.0,nodata,Bushel,0,
Indigo,1899,986090,0,0.0,nodata,58977,0,0.0,nodata,Cwt,0,
"Nitre, Cubic (Nitrate Of Soda)",1888,984894,984894,1.0,exact01,2053282,2053282,1.0,exact01,Cwt,7,
"Animals, Living — Sheep And Lambs",1898,984863,990352,1.0056,within5,663747,668051,1.0065,within5,Number,7,
Silk — Raw,1892,984054,984132,1.0001,exact01,1503283,1503395,1.0001,exact01,Lb,12,
Wool — Goats' Wool Or Hair,1877,983366,983366,1.0,exact01,8214990,8214990,1.0,exact01,Lb,3,
Fish,1874,981950,0,0.0,nodata,661406,0,0.0,nodata,Cwt,0,
Ornamental,1894,981459,0,0.0,nodata,916123,0,0.0,nodata,Lb,0,
Olive,1885,981348,0,0.0,nodata,24227,0,0.0,nodata,Ton,0,
"Animals, Living — Horses",1875,980770,0,0.0,nodata,25757,0,0.0,nodata,Number,0,
Hops,1891,980050,980050,1.0,exact01,195266,195266,1.0,exact01,Cwt,10,
"Nitre, Cubic (Nitrate Of Soda)",1884,979261,979261,1.0,exact01,2030948,2030948,1.0,exact01,Cwt,6,
Oil — Turpentine,1900,978943,0,0.0,nodata,595489,0,0.0,nodata,Cwt,0,
Painters' Colours And Pigments,1891,978624,0,0.0,nodata,978624,0,0.0,nodata,Value,0,
Parcel Post (Goods Free Of Duty),1895,978191,967878,0.9895,within5,654322,682259,1.0427,within5,Number Of Parcels,41,
Iron — In Bars,1877,977971,977971,1.0,exact01,91817,91817,1.0,exact01,Ton,4,
Oil — Palm,1898,975427,975427,1.0,exact01,910900,910900,1.0,exact01,Cwt,15,
Potatoes,1887,974904,974904,1.0,exact01,2763357,2763297,1.0,exact01,Cwt,10,
"Fruit — Apples, Raw",1889,974405,0,0.0,nodata,3612316,0,0.0,nodata,Bushel,0,
Of Wool (Other Than Goats'): Cloths,1898,974052,0,0.0,nodata,6022493,0,0.0,nodata,Yard,0,
Spirits — Brandy,1882,973072,973072,1.0,exact01,2157898,2157808,1.0,exact01,Proof Gallon,4,
Manures — Nitrate Of Soda (Cubic Nitre),1898,972801,972801,1.0,exact01,130327,0,0.0,nodata,?,4,
Of All Kinds (Except Hangings),1872,972210,0,0.0,nodata,653988,0,0.0,nodata,Cwt,0,
Paper And Pasteboard — Of All Kinds (Except Hangings),1872,972210,0,0.0,nodata,653988,0,0.0,nodata,Cwt,0,
Furs Of All Sorts,1875,971697,0,0.0,nodata,971697,0,0.0,nodata,Value,0,
"Drugs — Bark, Peruvian",1879,970333,0,0.0,nodata,60681,0,0.0,nodata,Cwt,0,
Furs Of All Sorts,1881,969650,0,0.0,nodata,969650,0,0.0,nodata,Value,0,
"Esparto, And Other Materials",1873,969445,0,0.0,nodata,114423,0,0.0,nodata,Ton,0,
Ornamental,1892,968993,0,0.0,nodata,853256,0,0.0,nodata,Lb,0,
"Manufactured, Cigars And Snuff",1877,968182,0,0.0,nodata,3762831,0,0.0,nodata,Lb,0,
Spices — Pepper,1885,967781,967781,1.0,exact01,31588870,31588870,1.0,exact01,Lb,9,
Lace,1892,966634,0,0.0,nodata,966634,0,0.0,nodata,Value,0,
"Lace, Of All Kinds",1892,966634,0,0.0,nodata,966634,0,0.0,nodata,Value,0,
Fruit — Raisins,1885,966220,966220,1.0,exact01,591234,591204,0.9999,exact01,Cwt,8,
Raisins,1885,966220,0,0.0,nodata,591234,0,0.0,nodata,Cwt,0,
Wool — Goats' Wool Or Hair,1893,965552,1869812,1.9365,over,19647742,36695975,1.8677,over,Lb,18,
"Wool — Goats' Wool, Mohair",1893,965552,0,0.0,nodata,19647742,0,0.0,nodata,Lb,0,
Toys,1894,964465,14709,0.0153,under,964465,0,0.0,nodata,Value,5,
Lead — Pig And Sheet,1869,963862,0,0.0,nodata,52683,0,0.0,nodata,Ton,0,
Lace,1891,963132,0,0.0,nodata,963132,0,0.0,nodata,Value,0,
"Lace, Of All Kinds",1891,963132,0,0.0,nodata,963132,0,0.0,nodata,Value,0,
Furs Of All Sorts,1887,962796,0,0.0,nodata,962796,0,0.0,nodata,Value,0,
Beef,1893,961731,0,0.0,nodata,385727,0,0.0,nodata,Cwt,0,
"Tin — In Blocks, Ingots, Bars, Or Slabs, And Regulus",1877,961398,961398,1.0,exact01,275252,275252,1.0,exact01,Cwt,5,
"Tin — In Blocks, Ingots, Bars, Or Slabs",1877,961398,0,0.0,nodata,275252,0,0.0,nodata,Cwt,0,
Hops,1892,960280,964942,1.0049,within5,187507,188312,1.0043,within5,Cwt,12,
Apples — Raw,1895,960273,0,0.0,nodata,3292262,0,0.0,nodata,Bushel,0,
Cotton,1897,959950,2447802,2.5499,over,412876,423060,1.0247,within5,Ton,39,
Wood And Timber — Oak,1899,959949,0,0.0,nodata,170569,0,0.0,nodata,Load,0,
"Skins — Sheep And Lamb, Undressed",1887,959772,0,0.0,nodata,8968897,0,0.0,nodata,Number,0,
"Manufactured, Cigars And Snuff",1884,959555,0,0.0,nodata,3165336,0,0.0,nodata,Lb,0,
"Nitre, Cubic (Nitrate Of Soda)",1877,957828,957828,1.0,exact01,1417308,1417308,1.0,exact01,Cwt,4,
Wool — Goats' Wool Or Hair,1896,957279,0,0.0,nodata,17143212,0,0.0,nodata,Lb,0,
Iron — In Bars,1886,957057,0,0.0,nodata,105466,0,0.0,nodata,Ton,0,
"Train Or Blubber, And Spermaceti",1870,954710,0,0.0,nodata,19706,0,0.0,nodata,Ton,0,
"Oil :Train Or Blubber, And Spermaceti",1870,954710,0,0.0,nodata,19706,0,0.0,nodata,Tun,0,
Silver Ore,1871,953956,0,0.0,nodata,0,0,,noanchor,Value,0,
Of Wool (Other Than Goats'): Cloths,1896,953618,0,0.0,nodata,5832998,0,0.0,nodata,Yard,0,
Skins And Furs — Unenumerated,1898,953253,0,0.0,nodata,10396628,0,0.0,nodata,Number,0,
Potatoes,1892,950332,947329,0.9968,within5,3008336,3008336,1.0,exact01,Cwt,15,
Wood And Timber — Oak,1898,947589,0,0.0,nodata,167314,0,0.0,nodata,Load,0,
Oil — Olive,1882,947154,947154,1.0,exact01,23450,23450,1.0,exact01,Tun,10,
Olive,1882,947154,0,0.0,nodata,23450,0,0.0,nodata,Ton,0,
Oil — Palm,1888,945896,945896,1.0,exact01,953799,953799,1.0,exact01,Cwt,11,
"Preserved, Otherwise Than By Salting",1872,945819,950789,1.0053,within5,350729,350729,1.0,exact01,Cwt,6,
Furs Of All Sorts,1880,945574,0,0.0,nodata,945574,0,0.0,nodata,Value,0,
"Manufactured, Of All Kinds",1894,945066,0,0.0,nodata,3811402,0,0.0,nodata,Lb,0,
Seeds — Clover And Grass,1868,944913,0,0.0,nodata,347960,0,0.0,nodata,Cwt,0,
"Skins — Sheep And Lamb, Undressed",1880,943923,0,0.0,nodata,6786865,0,0.0,nodata,Number,0,
Chemical Manufactures And Pro-Ducts,1872,943722,0,0.0,nodata,943722,0,0.0,nodata,Value,0,
"Beef, Salted And Fresh",1876,943580,0,0.0,nodata,413351,0,0.0,nodata,Cwt,0,
Oil — Palm,1887,943126,599253,0.6354,under,908227,625154,0.6883,under,Cwt,11,
Musical Instruments,1894,942989,0,0.0,nodata,912989,0,0.0,nodata,Value,0,
Furs Of All Sorts,1883,938486,0,0.0,nodata,938486,0,0.0,nodata,Value,0,
Silk — Raw,1894,938295,1045759,1.1145,over,1436631,1631868,1.1359,over,Lb,11,
Raw,1894,938295,0,0.0,nodata,1436631,0,0.0,nodata,Lb,0,
Furs Of All Sorts,1882,936101,0,0.0,nodata,936101,0,0.0,nodata,Value,0,
Unenumerated,1896,935978,0,0.0,nodata,167385,0,0.0,nodata,Value,0,
Wool — Goats' Wool Or Hair,1888,935924,935624,0.9997,exact01,21981538,21681538,0.9864,within5,Lb,12,
"Preserved Without Sugar, Other Than Dried",1900,935818,0,0.0,nodata,995212,0,0.0,nodata,Lb,0,
Wood And Timber — Staves,1874,935375,935355,1.0,exact01,125954,126954,1.0079,within5,Load,8,
"Animals, Living — Horses",1877,935324,0,0.0,nodata,30524,0,0.0,nodata,Number,0,
"Pork, Salted And Fresh",1895,934775,0,0.0,nodata,508452,0,0.0,nodata,Cwt,0,
Chemical Manufactures And Pro-Ducts,1873,934646,0,0.0,nodata,934646,0,0.0,nodata,Value,0,
Skins And Furs — Skins : Sheep And Lamb,1879,934103,0,0.0,nodata,9402911,0,0.0,nodata,Number,0,
"Zinc — Crude, In Cakes",1895,933894,1127518,1.2073,over,62525,62865,1.0054,within5,Ton,42,
"Vegetables, Raw, Unenumerated",1891,932917,0,0.0,nodata,932917,0,0.0,nodata,Value,0,
Cotton,1869,932071,0,0.0,nodata,105646,0,0.0,nodata,Ton,0,
"Hides, Raw, And Pieces Thereof — Dry",1893,932036,1118662,1.2002,over,357115,429553,1.2028,over,Cwt,42,
"Glass, Of All Kinds",1870,931467,0,0.0,nodata,602376,0,0.0,nodata,Cwt,0,
Lace,1884,930890,0,0.0,nodata,930890,0,0.0,nodata,Value,0,
Lard,1869,930516,0,0.0,nodata,255964,0,0.0,nodata,Cwt,0,
"Milk, Condensed",1892,930288,911698,0.98,within5,481374,470386,0.9772,within5,Cwt,4,
Cocoa,1888,929761,988199,1.0629,over,29648813,29954812,1.0103,within5,Lb,22,
"Chinaware Or Porcelain, And Earthenware",1900,929478,0,0.0,nodata,360684,0,0.0,nodata,?,0,
Hops,1874,929041,944270,1.0164,within5,145994,142985,0.9794,within5,Cwt,8,
Fruit — Oranges And Lemons,1869,927804,0,0.0,nodata,1939363,0,0.0,nodata,Bushel,0,
Cocoa,1897,927620,1033603,1.1143,over,34533531,38010807,1.1007,over,Lb,23,
Seeds — Clover And Grass,1871,927061,0,0.0,nodata,340506,0,0.0,nodata,Cwt,0,
Wool — Goats' Wool Or Hair: Mohair,1896,926267,0,0.0,nodata,14986979,0,0.0,nodata,Lb,0,
Iron — In Bars,1890,925318,0,0.0,nodata,92399,0,0.0,nodata,Ton,0,
"Unenumerated, Viz. : Raw",1899,924823,0,0.0,nodata,2247785,0,0.0,nodata,Bushel,0,
Musical Instruments,1893,923920,0,0.0,nodata,923920,0,0.0,nodata,Value,0,
Cotton,1868,923465,0,0.0,nodata,94759,0,0.0,nodata,Ton,0,
Seeds — Clover And Grass,1877,923449,923449,1.0,exact01,356136,356136,1.0,exact01,Cwt,6,
Other Than Muslins,1900,922948,0,0.0,nodata,45924127,0,0.0,nodata,Yard,0,
Iron — In Bars,1872,921567,0,0.0,nodata,82371,0,0.0,nodata,Ton,0,
"Glass, Of All Kinds",1869,921524,0,0.0,nodata,601070,0,0.0,nodata,Cwt,0,
Horses,1895,921490,0,0.0,nodata,34092,0,0.0,nodata,Cwt,0,
Fruit — Currants,1870,920923,0,0.0,nodata,813763,0,0.0,nodata,Cwt,0,
Currants,1870,920923,0,0.0,nodata,813763,0,0.0,nodata,Cwt,0,
"China, Or Porcelain, And Earthenware",1899,920820,920940,1.0001,exact01,361048,360388,0.9982,within5,Cwt,11,
"Chinaware Or Porcelain, And Earthenware",1899,920820,0,0.0,nodata,361048,0,0.0,nodata,?,0,
"Pork, Salted And Fresh",1888,920125,0,0.0,nodata,489353,0,0.0,nodata,Cwt,0,
"Glass, Of All Kinds",1868,920020,0,0.0,nodata,609806,0,0.0,nodata,Cwt,0,
Spirits — Rum,1874,919452,919452,1.0,exact01,8150372,8150372,1.0,exact01,Proof Gallon,7,
"Esparto, And Other Materials",1872,919410,0,0.0,nodata,115157,0,0.0,nodata,Ton,0,
"Animals, Living — Sheep And Lambs",1897,919096,919096,1.0,exact01,611504,611504,1.0,exact01,Number,6,
"Stones, Marble, And Slate : Rough, Hewn Or Manufactured : (Other Than Works Of Art)",1897,918469,0,0.0,nodata,740497,0,0.0,nodata,Ton,0,
Fruit — Raisins,1888,918013,917867,0.9998,exact01,605197,605307,1.0002,exact01,Cwt,8,
Raisins,1888,918013,0,0.0,nodata,603197,0,0.0,nodata,Cwt,0,
Skins And Furs — Unenumerated,1897,917815,0,0.0,nodata,9409901,0,0.0,nodata,Number,0,
"Train Or Blubber, And Spermaceti",1875,917701,0,0.0,nodata,19359,0,0.0,nodata,Ton,0,
Fruit — Raisins,1877,916639,917115,1.0005,exact01,535788,535788,1.0,exact01,Cwt,7,
Raw,1900,916421,0,0.0,nodata,1413320,0,0.0,nodata,Lb,0,
Fruit — Raisins,1874,915973,1049806,1.1461,over,505361,542641,1.0738,over,Cwt,10,
Linen Yarn,1900,915441,0,0.0,nodata,25479150,0,0.0,nodata,Lb,0,
Furs Of All Sorts,1885,911910,0,0.0,nodata,911910,0,0.0,nodata,Value,0,
"Straw Platting, For Making Hats Or Bonnets",1896,911629,914867,1.0036,within5,11669802,11719422,1.0043,within5,Lb,14,
Straw Platting For Hats Or Bonnets,1896,911629,0,0.0,nodata,11669802,0,0.0,nodata,Lb,0,
"Plaiting Of Straw, And Other Materials For Making Hats Or Bonnets",1896,911629,0,0.0,nodata,11569802,0,0.0,nodata,Lb,0,
Painters' Colours And Pigments,1894,910801,0,0.0,nodata,910601,0,0.0,nodata,Value,0,
Fruit — Raisins,1889,910676,910611,0.9999,exact01,573516,573529,1.0,exact01,Cwt,6,
Raisins,1889,910676,0,0.0,nodata,573516,0,0.0,nodata,Cwt,0,
"Straw Platting, For Making Hats Or Bonnets",1894,910337,910059,0.9997,exact01,11629352,11625242,0.9996,exact01,Lb,7,
Cocoa,1887,909789,867126,0.9531,within5,27352568,25930154,0.948,under,Lb,16,
Potatoes,1896,907975,3473973,3.8261,over,2244627,6004150,2.6749,over,Cwt,38,
Lace,1890,907647,0,0.0,nodata,907647,0,0.0,nodata,Value,0,
Oil — Olive,1880,907308,907308,1.0,exact01,20260,20260,1.0,exact01,Tun,7,
Olive,1880,907308,0,0.0,nodata,20260,0,0.0,nodata,Ton,0,
Potatoes,1893,906952,2563459,2.8265,over,2828125,7051690,2.4934,over,Cwt,28,
Currants,1893,906349,0,0.0,nodata,1233535,0,0.0,nodata,Cwt,0,
Fruit — Currants,1893,906319,906349,1.0,exact01,1233535,1233535,1.0,exact01,Cwt,4,
Rape,1868,905547,0,0.0,nodata,356884,0,0.0,nodata,Quarter,0,
"Drugs — Bark, Peruvian",1884,905499,905469,1.0,exact01,105791,105791,1.0,exact01,Cwt,14,
"Hides, Raw, And Pieces Thereof — Dry",1896,905425,170234,0.188,under,369063,59028,0.1599,under,Cwt,12,
"China, Or Porcelain, And Earthenware",1897,904788,957101,1.0578,over,351310,352758,1.0041,within5,Cwt,16,
"Tin — In Blocks, Ingots, Bars, Or Slabs, And Regulus",1874,904769,904169,0.9993,exact01,184354,184324,0.9998,exact01,Cwt,6,
Ornamental,1893,904673,0,0.0,nodata,873194,0,0.0,nodata,Lb,0,
"Nitre, Cubic (Nitrate Of Soda)",1890,903632,903632,1.0,exact01,2177842,2177842,1.0,exact01,Cwt,5,
Other Than Muslins,1897,903458,0,0.0,nodata,50381636,0,0.0,nodata,Yard,0,
"Chinaware Or Porcelain, And Earthenware",1897,901788,0,0.0,nodata,351310,0,0.0,nodata,?,0,
Painters' Colours And Pigments,1888,901387,0,0.0,nodata,901387,0,0.0,nodata,Value,0,
Hops,1880,900891,870891,0.9667,within5,195987,195987,1.0,exact01,Cwt,6,
"Skins : Goat, Undressed",1894,900884,1428092,1.5852,over,10774963,16810391,1.5601,over,Number,32,
"Skins, Furs, And Pelts — Goat, Undressed",1894,900384,1578122,1.7527,over,10774963,18917661,1.7557,over,Number,27,
Furniture Woods And Hardwoods — Unenumerated,1896,900316,0,0.0,nodata,136950,0,0.0,nodata,Ton,0,
"Milk, Condensed",1891,900170,900140,1.0,exact01,444666,444663,1.0,exact01,Cwt,9,
Musical Instruments,1882,899792,0,0.0,nodata,899792,0,0.0,nodata,Value,0,
"Silk — Knubs Or Husks Of Silk, And Waste",1883,899783,899783,1.0,exact01,62064,62064,1.0,exact01,Cwt,13,
"Silk — Knubs Or Husks Of Silk, And Waste",1889,899474,899474,1.0,exact01,79435,79435,1.0,exact01,Cwt,13,
Furs Of All Sorts,1890,899284,0,0.0,nodata,899284,0,0.0,nodata,Value,0,
Peas,1899,898951,0,0.0,nodata,2752950,0,0.0,nodata,Cwt,0,
Hops,1871,895895,0,0.0,nodata,218664,0,0.0,nodata,Cwt,0,
Fruit — Raisins,1894,895469,895896,1.0005,exact01,721306,721784,1.0007,exact01,Cwt,7,
Raisins,1894,895460,0,0.0,nodata,721306,0,0.0,nodata,Cwt,0,
Musical Instruments,1889,894687,0,0.0,nodata,894687,0,0.0,nodata,Value,0,
Lead — Pig And Sheet,1868,894300,0,0.0,nodata,49461,0,0.0,nodata,Ton,0,
"Silk — Knubs Or Husks Of Silk, And Waste",1884,894282,894232,0.9999,exact01,67239,67239,1.0,exact01,Cwt,9,
Olive,1894,894151,0,0.0,nodata,26711,0,0.0,nodata,Ton,0,
"Skins And Furs — Goat, Undressed",1890,892866,0,0.0,nodata,8888298,0,0.0,nodata,Number,0,
"Substances And Extracts, Unenumerated",1883,892797,0,0.0,nodata,892797,0,0.0,nodata,Value,0,
Goat,1877,892272,0,0.0,nodata,8151599,0,0.0,nodata,Number,0,
Indigo,1898,890803,0,0.0,nodata,53838,0,0.0,nodata,Cwt,0,
Goat,1878,890003,0,0.0,nodata,7906964,0,0.0,nodata,Number,0,
Chemical Manufactures And Pro-Ducts,1879,889838,0,0.0,nodata,889838,0,0.0,nodata,Value,0,
Wool — Goats' Wool Or Hair,1892,889286,1326238,1.4914,over,19783263,29496783,1.491,over,Lb,16,
Raisins,1895,888769,0,0.0,nodata,711241,0,0.0,nodata,Cwt,0,
Unenumerated,1888,888241,0,0.0,nodata,286672,0,0.0,nodata,Value,0,
Cocoa,1890,887762,887762,1.0,exact01,28112210,28112210,1.0,exact01,Lb,15,
"Preserved, Otherwise Than By Salting",1876,887035,887035,1.0,exact01,283066,283066,1.0,exact01,Cwt,8,
"Skins — Sheep And Lamb, Undressed",1886,886027,0,0.0,nodata,8418349,0,0.0,nodata,Number,0,
Lard,1874,884596,884596,1.0,exact01,374328,374328,1.0,exact01,Cwt,4,
Toys,1893,884235,0,0.0,nodata,884235,0,0.0,nodata,Value,0,
"Meat — Salted Or Fresh, Not Otherwise Described",1899,883349,912367,1.0328,within5,464759,476487,1.0252,within5,Cwt,16,
Raisins,1898,882352,0,0.0,nodata,594161,0,0.0,nodata,Cwt,0,
Silk — Thrown,1868,881522,0,0.0,nodata,326574,0,0.0,nodata,Lb,0,
Wool — Goats' Wool Or Hair,1891,881158,1340604,1.5214,over,19520547,29704299,1.5217,over,Lb,15,
"Nitre, Cubic (Nitrate Of Soda)",1870,881080,0,0.0,nodata,1132647,0,0.0,nodata,Cwt,0,
"Substances And Extracts, Unenumerated",1879,880622,0,0.0,nodata,880622,0,0.0,nodata,Value,0,
"Substances And Extracts, Unenumerated",1878,880612,0,0.0,nodata,880612,0,0.0,nodata,Value,0,
Musical Instruments,1883,879814,0,0.0,nodata,879814,0,0.0,nodata,Value,0,
Seed,1899,879171,0,0.0,nodata,46416,0,0.0,nodata,Ton,0,
Hops,1890,877704,877704,1.0,exact01,188028,188028,1.0,exact01,Cwt,9,
Seeds — Rape,1885,877179,1558243,1.7764,over,539825,900035,1.6673,over,Quarter,11,
Wool — Goats' Wool Or Hair,1875,876619,876619,1.0,exact01,6798217,6798217,1.0,exact01,Lb,3,
Fruit — Oranges And Lemons,1868,876197,0,0.0,nodata,1806372,0,0.0,nodata,Bushel,0,
"Straw Platting, For Making Hats Or Bonnets",1897,874857,769715,0.8798,under,12015582,12100802,1.0071,within5,Lb,15,
"Plaiting Of Straw, And Other Materials For Making Hats Or Bonnets",1897,874857,0,0.0,nodata,12015582,0,0.0,nodata,Lb,0,
Fruit — Raisins,1884,874367,874467,1.0001,exact01,511870,511870,1.0,exact01,Cwt,7,
Raisins,1884,874367,0,0.0,nodata,511870,0,0.0,nodata,Cwt,0,
"Drugs — Bark, Peruvian",1885,874332,874302,1.0,exact01,128104,128104,1.0,exact01,Cwt,15,
Painters' Colours And Pigments,1895,873911,0,0.0,nodata,873911,0,0.0,nodata,Value,0,
Nuts And Kernels — Commonly Used For Expressing Oil Therefrom,1883,872179,872079,0.9999,exact01,61262,61262,1.0,exact01,Ton,18,
"Unenumerated, Viz. : Raw",1898,870711,0,0.0,nodata,2177132,0,0.0,nodata,Bushel,0,
"Paper-Making Materials — Esparto, And Other Vegetable Fibres",1893,870431,870431,1.0,exact01,185450,185450,1.0,exact01,Ton,5,
Painters' Colours And Pigments,1882,870234,0,0.0,nodata,870234,0,0.0,nodata,Value,0,
Of Wool (Other Than Goats'): Cloths,1897,869497,0,0.0,nodata,5386911,0,0.0,nodata,Yard,0,
Spices — Pepper,1886,869194,869164,1.0,exact01,28204132,28204102,1.0,exact01,Lb,10,
Cocoa,1880,868183,867883,0.9997,exact01,23511101,23511078,1.0,exact01,Lb,17,
Raisins,1896,867715,0,0.0,nodata,619493,0,0.0,nodata,Cwt,0,
"Drugs — Bark, Peruvian",1878,867376,0,0.0,nodata,53886,0,0.0,nodata,Cwt,0,
Other Farinaceous Substances,1887,867291,0,0.0,nodata,867291,0,0.0,nodata,Value,0,
Wood And Timber — Teak,1897,867083,1612731,1.8599,over,74474,138472,1.8593,over,Load,14,
Goat,1876,864879,0,0.0,nodata,8051112,0,0.0,nodata,Number,0,
"Watches, And Parts Thereof",1894,863580,0,0.0,nodata,863580,0,0.0,nodata,Value,0,
Unenumerated,1890,863534,0,0.0,nodata,385105,0,0.0,nodata,Value,0,
"Manufactured, Cigars And Snuff",1871,862236,0,0.0,nodata,3852237,0,0.0,nodata,Lb,0,
Wood And Timber — Oak,1896,862011,0,0.0,nodata,145358,0,0.0,nodata,Load,0,
"Train Or Blubber, And Spermaceti",1869,861788,0,0.0,nodata,15264,0,0.0,nodata,Ton,0,
"Oil :Train Or Blubber, And Spermaceti",1869,861788,0,0.0,nodata,15264,0,0.0,nodata,Tun,0,
Fruit — Currants,1894,860510,860510,1.0,exact01,1307403,1307403,1.0,exact01,Cwt,4,
Currants,1894,860510,0,0.0,nodata,1307403,0,0.0,nodata,Cwt,0,
"China, Or Porcelain, And Earthenware",1898,860348,830336,0.9651,within5,322928,323028,1.0003,exact01,Cwt,11,
"Chinaware Or Porcelain, And Earthenware",1898,860348,0,0.0,nodata,322928,0,0.0,nodata,?,0,
"Zinc — Crude, In Cakes",1887,859639,859636,1.0,exact01,57058,57058,1.0,exact01,Ton,7,
Fish,1872,859042,0,0.0,nodata,671192,0,0.0,nodata,Cwt,0,
"Fruit — Apples, Raw",1886,857095,141772,0.1654,under,3261460,511552,0.1568,under,Bushel,3,
"Pyrites Of Iron, Copper, Or Sulphur",1869,856962,0,0.0,nodata,319947,0,0.0,nodata,Ton,0,
Nuts And Kernels — Commonly Used For Expressing Oil Therefrom,1894,856871,940791,1.0979,over,75102,81208,1.0813,over,Ton,33,
For Expressing Oil Therefrom,1894,856871,0,0.0,nodata,75102,0,0.0,nodata,Ton,0,
Wood And Timber — Staves,1876,856753,856723,1.0,exact01,129216,128916,0.9977,within5,Load,8,
Spices — Pepper,1889,856492,13842,0.0162,under,29787328,625266,0.021,under,Lb,4,
Wood And Timber — Staves,1873,856083,856083,1.0,exact01,85995,85995,1.0,exact01,Load,7,
Painters' Colours And Pigments,1887,856017,0,0.0,nodata,856017,0,0.0,nodata,Value,0,
"Train Or Blubber, And Spermaceti",1872,855590,0,0.0,nodata,18719,0,0.0,nodata,Ton,0,
"Oil :Train Or Blubber, And Spermaceti",1872,855590,0,0.0,nodata,18719,0,0.0,nodata,Tun,0,
Seeds — Clover And Grass,1895,855524,926275,1.0827,over,396280,424550,1.0713,over,Cwt,14,
Clover And Grass,1895,855524,0,0.0,nodata,396280,0,0.0,nodata,?,0,
Confectionery,1885,855089,855089,1.0,exact01,316166,316166,1.0,exact01,Cwt,12,
Peas,1896,852634,0,0.0,nodata,3018657,0,0.0,nodata,Cwt,0,
Onions — Raw,1900,852496,0,0.0,nodata,7087105,0,0.0,nodata,Bushel,0,
"Drugs, Unenumerated",1881,851989,0,0.0,nodata,851999,0,0.0,nodata,Value,0,
Unenumerated,1881,851989,0,0.0,nodata,305162,0,0.0,nodata,Value,0,
Chemical Manufactures And Pro-Ducts,1871,851757,0,0.0,nodata,851757,0,0.0,nodata,Value,0,
Lace,1873,850635,0,0.0,nodata,850635,0,0.0,nodata,Value,0,
Other Than Muslins,1898,850490,0,0.0,nodata,48225180,0,0.0,nodata,Yard,0,
Phosphate Of Lime And Rock,1890,849452,0,0.0,nodata,343501,0,0.0,nodata,Ton,0,
For Expressing Oil Therefrom,1893,849356,0,0.0,nodata,69689,0,0.0,nodata,Ton,0,
"Zinc — Crude, In Cakes",1885,848187,848187,1.0,exact01,60129,60129,1.0,exact01,Ton,7,
"Milk, Condensed",1890,847625,847551,0.9999,exact01,407426,407388,0.9999,exact01,Cwt,7,
Goat,1874,847623,0,0.0,nodata,6942906,0,0.0,nodata,Number,0,
Onions — Raw,1899,845752,845752,1.0,exact01,7018299,7017969,1.0,exact01,Bushel,14,
"China, Or Porcelain, And Earthenware",1896,844749,867980,1.0275,within5,323708,316097,0.9765,within5,Cwt,17,
"Chinaware Or Porcelain, And Earthenware",1896,844749,0,0.0,nodata,323708,0,0.0,nodata,?,0,
Apples — Raw,1893,843532,0,0.0,nodata,3459984,0,0.0,nodata,Bushel,0,
Fruit — Raisins,1868,841467,0,0.0,nodata,512462,0,0.0,nodata,Cwt,0,
Raisins,1868,841467,0,0.0,nodata,512462,0,0.0,nodata,Cwt,0,
Quicksilver,1874,841208,0,0.0,nodata,2998447,0,0.0,nodata,Lb,0,
"Skins : Goat, Undressed",1896,839802,1408723,1.6774,over,9982054,16755044,1.6785,over,Number,36,
Spices — Pepper,1883,839003,839003,1.0,exact01,31375589,31375589,1.0,exact01,Lb,12,
Beans (Not Kidney Or French),1896,837417,1077936,1.2872,over,3102990,4065022,1.31,over,Cwt,18,
"Beans (Other Than Kidney, Haricot, Locust Or French)",1896,837417,0,0.0,nodata,3102990,0,0.0,nodata,Cwt,0,
"Nitre, Cubic (Nitrate Of Soda)",1896,836552,0,0.0,nodata,0,0,,noanchor,Cwt,0,
Cotton,1894,836230,2572364,3.0761,over,366886,381327,1.0394,within5,Ton,48,
Unenumerated,1882,836152,0,0.0,nodata,328522,0,0.0,nodata,Value,0,
Furs Of All Sorts,1876,835305,0,0.0,nodata,835305,0,0.0,nodata,Value,0,
Painters' Colours And Pigments,1881,834279,0,0.0,nodata,834279,0,0.0,nodata,Value,0,
"Nitre, Cubic (Nitrate Of Soda)",1887,833721,833721,1.0,exact01,1738768,1738768,1.0,exact01,Cwt,6,
Wool — Goats' Wool Or Hair,1894,833614,1625490,1.9499,over,19169452,35780442,1.8665,over,Lb,18,
"Wool — Goats' Wool, Mohair",1894,833614,0,0.0,nodata,19169452,0,0.0,nodata,Lb,0,
"Jute Yarn — Manufactures, Piece Goods",1895,833025,0,0.0,nodata,47311467,0,0.0,nodata,Yard,0,
Unenumerated,1892,832815,0,0.0,nodata,366669,0,0.0,nodata,Value,0,
Wool — Goats' Wool Or Hair,1887,831042,831042,1.0,exact01,18146738,18146729,1.0,exact01,Lb,12,
Cocoa,1886,829940,813242,0.9799,within5,25363443,24873248,0.9807,within5,Lb,16,
"Stones, Marble, And Slate : Rough, Hewn Or Manufactured : (Other Than Works Of Art)",1896,828227,4128,0.005,under,673206,533,0.0008,under,Ton,1,
"Watches, And Parts Thereof",1895,828143,161240,0.1947,under,828143,0,0.0,nodata,Value,22,
Wood And Timber — Furniture Woods: Mahogany,1900,827520,0,0.0,nodata,89593,0,0.0,nodata,Ton,0,
For Expressing Oil Therefrom,1891,827270,0,0.0,nodata,62930,0,0.0,nodata,Ton,0,
Painters' Colours And Pigments,1883,826978,0,0.0,nodata,826978,0,0.0,nodata,Value,0,
"Manufactured, Cigars And Snuff",1893,825572,0,0.0,nodata,2428753,0,0.0,nodata,Lb,0,
"Esparto, And Other Vegetable Fibres For Making Paper",1897,825195,0,0.0,nodata,204579,0,0.0,nodata,?,0,
Seeds — Clover And Grass,1894,825155,867008,1.0507,over,345118,361258,1.0468,within5,Cwt,12,
Clover And Grass,1894,825155,0,0.0,nodata,345118,0,0.0,nodata,?,0,
"Manufactured, Cigars",1893,824911,0,0.0,nodata,2422119,0,0.0,nodata,Lb,0,
Potatoes,1884,824205,824305,1.0001,exact01,2444160,2444160,1.0,exact01,Cwt,7,
Other Than Muslins,1895,824024,824024,1.0,exact01,46756997,46756997,1.0,exact01,Yard,8,
"Silk — Knubs Or Husks Of Silk, And Waste",1891,823364,520034,0.6316,under,77556,74553,0.9613,within5,Cwt,11,
Of Wool (Other Than Goats'): Cloths,1899,823077,0,0.0,nodata,5197132,0,0.0,nodata,Yard,0,
Cocoa,1885,822626,264027,0.321,under,23414892,7702934,0.329,under,Lb,13,
Coco Nut,1872,822257,0,0.0,nodata,433883,0,0.0,nodata,Cwt,0,
Painters' Colours And Pigments,1880,822157,0,0.0,nodata,822157,0,0.0,nodata,Value,0,
Spices — Pepper,1884,821374,824374,1.0037,within5,27876761,27874458,0.9999,exact01,Lb,10,
Cutch And Gambier,1884,821018,821018,1.0,exact01,32219,32219,1.0,exact01,Ton,7,
Wood And Timber — Oak,1893,820849,829849,1.011,within5,140727,140727,1.0,exact01,Load,7,
"Rags, Woollen, Applicable To Other Uses Than Manure, Torn Up Or Not",1882,820616,820616,1.0,exact01,37511,37511,1.0,exact01,Ton,9,
"Rags, Woollen, Applicable To Other Uses Than Manure, Torn Up Or Not",1880,820366,820336,1.0,exact01,41266,41266,1.0,exact01,Ton,6,
"Zinc — Crude, In Cakes",1894,819841,936026,1.1417,over,52897,52962,1.0012,within5,Ton,35,
Manufactures Of,1900,819555,0,0.0,nodata,13550183,0,0.0,nodata,Lb,0,
"Paper-Making Materials — Esparto, And Other Vegetable Fibres",1894,819265,819265,1.0,exact01,184960,184960,1.0,exact01,Ton,5,
"Skins : Goat, Undressed",1891,818932,0,0.0,nodata,8329105,0,0.0,nodata,Number,0,
"Skins And Furs — Goat, Undressed",1891,818932,0,0.0,nodata,8329105,0,0.0,nodata,Number,0,
Spices — Pepper,1873,818437,993169,1.2135,over,26324828,32256814,1.2253,over,Lb,14,
"Seed, Of All Kinds",1868,818294,0,0.0,nodata,23292,0,0.0,nodata,Ton,0,
Furs Of All Sorts,1886,817565,0,0.0,nodata,817565,0,0.0,nodata,Value,0,
Yeast,1886,817534,0,0.0,nodata,296682,0,0.0,nodata,Cwt,0,
"Yeast, Dried",1886,817534,817534,1.0,exact01,296682,296682,1.0,exact01,Cwt,5,
Yeast,1885,817504,0,0.0,nodata,293238,0,0.0,nodata,Cwt,0,
"Yeast, Dried",1885,817504,817504,1.0,exact01,293238,293238,1.0,exact01,Cwt,5,
Olive,1889,817495,0,0.0,nodata,22882,0,0.0,nodata,Ton,0,
"Silk — Knubs Or Husks Of Silk, And Waste",1887,815888,815888,1.0,exact01,65892,65892,1.0,exact01,Cwt,12,
"Silk — Knubs Or Husks Of Silk, And Waste",1886,815742,815742,1.0,exact01,68026,68026,1.0,exact01,Cwt,13,
Musical Instruments,1884,815188,0,0.0,nodata,815188,0,0.0,nodata,Value,0,
Unenumerated,1889,814593,0,0.0,nodata,814593,0,0.0,nodata,Value,0,
Lace,1888,814576,0,0.0,nodata,814576,0,0.0,nodata,Value,0,
Skins And Furs — Unenumerated,1894,814245,0,0.0,nodata,8148166,0,0.0,nodata,Number,0,
Paraffine,1893,813937,785121,0.9646,within5,768605,745878,0.9704,within5,Cwt,3,
"Esparto, And Other Materials",1870,813219,0,0.0,nodata,110389,0,0.0,nodata,Ton,0,
Fruit — Raisins,1886,812988,812988,1.0,exact01,493673,493673,1.0,exact01,Cwt,7,
Raisins,1886,812988,0,0.0,nodata,493673,0,0.0,nodata,Cwt,0,
"Meat — Salted Or Fresh, Not Otherwise Described",1898,812738,841478,1.0354,within5,414977,428222,1.0319,within5,Cwt,16,
Beef,1894,812698,0,0.0,nodata,291056,0,0.0,nodata,Cwt,0,
Unenumerated,1891,812351,0,0.0,nodata,382281,0,0.0,nodata,Value,0,
"Seed, Of All Kinds",1876,811421,0,0.0,nodata,22759,0,0.0,nodata,Ton,0,
"Train Or Blubber, And Spermaceti",1878,810891,0,0.0,nodata,20656,0,0.0,nodata,Ton,0,
"Oil — Train Or Blubber, And Sperm",1878,810891,0,0.0,nodata,20656,0,0.0,nodata,Ton,0,
"Pork, Salted And Fresh",1876,810739,0,0.0,nodata,378607,0,0.0,nodata,Cwt,0,
Manures — Guano,1880,810177,700098,0.8641,under,80497,74387,0.9241,under,Ton,6,
Oil — Turpentine,1899,809906,809911,1.0,exact01,495808,495202,0.9988,within5,Cwt,5,
Other Farinaceous Substances,1886,809855,0,0.0,nodata,809855,0,0.0,nodata,Value,0,
Hops,1899,809842,1023779,1.2642,over,180233,234090,1.2988,over,Cwt,8,
Paraffine,1898,809032,808982,0.9999,exact01,946933,946933,1.0,exact01,Cwt,5,
Paraffine And Paraffine Wax,1898,809032,0,0.0,nodata,946933,0,0.0,nodata,Cwt,0,
Parcel Post (Goods Free Of Duty),1894,808892,855528,1.0577,over,559928,590716,1.055,over,Number Of Parcels,40,
Spirits — Rum,1870,808809,0,0.0,nodata,6915117,0,0.0,nodata,Proof Gallon,0,
"Animals, Living — Horses",1878,808255,0,0.0,nodata,26521,0,0.0,nodata,Number,0,
Toys,1892,807103,0,0.0,nodata,807103,0,0.0,nodata,Value,0,
"Paper-Making Materials — Esparto, And Other Vegetable Fibres",1899,806354,806354,1.0,exact01,207604,207514,0.9996,exact01,Ton,5,
"Esparto, And Other Vegetable Fibres For Making Paper",1899,806354,0,0.0,nodata,207604,0,0.0,nodata,?,0,
Unenumerated,1893,806282,0,0.0,nodata,289075,0,0.0,nodata,Value,0,
"Nitre, Cubic (Nitrate Of Soda)",1893,806197,806197,1.0,exact01,0,0,,noanchor,Cwt,4,
"Lac, Seed, Shell, Stick, And Dye",1875,806117,806117,1.0,exact01,86211,86211,1.0,exact01,Cwt,3,
Seeds — Rape,1889,805366,1319528,1.6384,over,449250,683050,1.5204,over,Quarter,11,
"Substances And Extracts, Unenumerated",1889,805179,0,0.0,nodata,805179,0,0.0,nodata,Value,0,
Seeds — Rape,1880,805095,785065,0.9751,within5,398804,398304,0.9987,within5,Quarter,6,
Paraffine,1891,805034,805034,1.0,exact01,559352,559352,1.0,exact01,Cwt,6,
"Nitre, Cubic (Nitrate Of Soda)",1881,804904,804904,1.0,exact01,1099789,1099789,1.0,exact01,Cwt,4,
"Animals, Living — Sheep And Lambs",1894,804823,804710,0.9999,exact01,484597,486584,1.0041,within5,Number,10,
Musical Instruments,1888,804174,0,0.0,nodata,804174,0,0.0,nodata,Value,0,
"Manufactured, Cigars And Snuff",1879,803164,0,0.0,nodata,3591558,0,0.0,nodata,Lb,0,
Confectionery,1886,803065,802660,0.9995,exact01,347562,347402,0.9995,exact01,Cwt,8,
Other Farinaceous Substances,1885,802970,0,0.0,nodata,802970,0,0.0,nodata,Value,0,
"Skins — Sheep And Lamb, Undressed",1881,802788,0,0.0,nodata,6475264,0,0.0,nodata,Number,0,
Potatoes,1888,802034,802034,1.0,exact01,2383807,2383807,1.0,exact01,Cwt,10,
"Drugs — Bark, Peruvian",1886,801353,1435018,1.7907,over,145367,270967,1.864,over,Cwt,17,
Cocoa,1889,801199,801199,1.0,exact01,26509791,26509791,1.0,exact01,Lb,15,
"Esparto, And Other Vegetable Fibres For Making Paper",1900,800498,0,0.0,nodata,200280,0,0.0,nodata,?,0,
"Substances And Extracts, Unenumerated",1888,799822,0,0.0,nodata,799822,0,0.0,nodata,Value,0,
"Pork, Salted And Fresh",1870,799508,0,0.0,nodata,257014,0,0.0,nodata,Cwt,0,
Hops,1888,799391,799391,1.0,exact01,216606,216606,1.0,exact01,Cwt,8,
Potatoes,1886,799265,799265,1.0,exact01,2707889,2707889,1.0,exact01,Cwt,9,
Seeds — Clover And Grass,1869,798768,0,0.0,nodata,292356,0,0.0,nodata,Cwt,0,
Manures — Nitrate Of Soda (Cubic Nitre),1897,797445,797445,1.0,exact01,103805,0,0.0,nodata,?,5,
Unenumerated,1894,797312,0,0.0,nodata,221809,0,0.0,nodata,Value,0,
Goat,1873,797180,0,0.0,nodata,6815604,0,0.0,nodata,Number,0,
"Paper-Making Materials — Esparto, And Other Vegetable Fibres",1896,796683,796683,1.0,exact01,187278,187278,1.0,exact01,Ton,6,
"Esparto, And Other Vegetable Fibres For Making Paper",1896,796683,0,0.0,nodata,187278,0,0.0,nodata,?,0,
Painters' Colours And Pigments,1884,796137,0,0.0,nodata,796137,0,0.0,nodata,Value,0,
Iron — Ore Of,1876,795510,0,0.0,nodata,672235,0,0.0,nodata,Ton,0,
Fruit — Currants,1868,795492,0,0.0,nodata,911711,0,0.0,nodata,Cwt,0,
Currants,1868,795492,0,0.0,nodata,911711,0,0.0,nodata,Cwt,0,
Hops,1900,795479,0,0.0,nodata,198494,0,0.0,nodata,Cwt,0,
Painters' Colours And Pigments,1885,794818,0,0.0,nodata,794848,0,0.0,nodata,Value,0,
"Seed, Of All Kinds",1872,793941,0,0.0,nodata,20084,0,0.0,nodata,Ton,0,
Cocoa,1884,793173,41524,0.0524,under,22713774,1392313,0.0613,under,Lb,4,
Onions — Raw,1898,792909,792879,1.0,exact01,6002515,6002524,1.0,exact01,Bushel,14,
"Skins — Sheep And Lamb, Undressed",1878,792571,792571,1.0,exact01,6305187,6305187,1.0,exact01,Number,8,
"Silk — Knubs Or Husks Of Silk, And Waste",1890,792323,792323,1.0,exact01,70634,70634,1.0,exact01,Cwt,12,
Seeds — Clover And Grass,1893,792061,849359,1.0723,over,333412,362846,1.0883,over,Cwt,13,
Clover And Grass,1893,792061,0,0.0,nodata,333412,0,0.0,nodata,?,0,
Toys,1891,791980,0,0.0,nodata,791980,0,0.0,nodata,Value,0,
"Substances And Extracts, Unenumerated",1884,791864,0,0.0,nodata,791864,0,0.0,nodata,Value,0,
Oil — Olive,1886,791245,791245,1.0,exact01,20664,20664,1.0,exact01,Tun,14,
Olive,1886,791245,0,0.0,nodata,20661,0,0.0,nodata,Ton,0,
"Paper-Making Materials — Esparto, And Other Vegetable Fibres",1895,791236,791236,1.0,exact01,186408,186408,1.0,exact01,Ton,6,
Linen Yarn,1892,789901,789889,1.0,exact01,20447801,20446905,1.0,exact01,Lb,4,
Unenumerated,1885,789822,0,0.0,nodata,218562,0,0.0,nodata,Value,0,
Wool — Goats' Wool Or Hair,1873,789006,789006,1.0,exact01,6488182,6488182,1.0,exact01,Lb,3,
Seeds — Clover And Grass,1896,788538,867894,1.1006,over,405617,441329,1.088,over,Cwt,15,
Apples — Raw,1884,786415,0,0.0,nodata,2679800,0,0.0,nodata,Bushel,0,
Unenumerated,1884,786306,0,0.0,nodata,209510,0,0.0,nodata,Value,0,
"Fruit — Apples, Raw",1890,786072,0,0.0,nodata,2574957,0,0.0,nodata,Bushel,0,
Wood And Timber — Teak,1900,786066,0,0.0,nodata,63080,0,0.0,nodata,Load,0,
Other Farinaceous Substances,1883,785998,0,0.0,nodata,785998,0,0.0,nodata,Value,0,
Olive,1890,785779,0,0.0,nodata,20187,0,0.0,nodata,Ton,0,
Parcel Post (Goods Free Of Duty) - Number Of Parcels,1897,784252,0,0.0,nodata,784252,0,0.0,nodata,Cwt,0,
Confectionery,1884,784195,784169,1.0,exact01,290640,290610,0.9999,exact01,Cwt,8,
Apples — Raw,1882,783906,0,0.0,nodata,2386805,0,0.0,nodata,Bushel,0,
Other Farinaceous Substances,1884,783407,0,0.0,nodata,783407,0,0.0,nodata,Value,0,
Onions — Raw,1893,783405,780854,0.9967,within5,4671809,4658000,0.997,within5,Bushel,9,
"Nitre, Cubic (Nitrate Of Soda)",1879,780416,780416,1.0,exact01,1113191,1113191,1.0,exact01,Cwt,4,
Peas,1900,780138,0,0.0,nodata,2249182,0,0.0,nodata,Cwt,0,
Linen Yarn,1896,779641,780232,1.0008,exact01,20069122,20069122,1.0,exact01,Lb,6,
"Yeast, Dried",1884,779342,779282,0.9999,exact01,282516,282486,0.9999,exact01,Cwt,6,
Wool — Goats' Wool Or Hair,1869,779103,0,0.0,nodata,4485566,0,0.0,nodata,Lb,0,
Painters' Colours And Pigments,1886,778027,0,0.0,nodata,778027,0,0.0,nodata,Value,0,
Rum,1868,776576,0,0.0,nodata,7035033,0,0.0,nodata,Proof Gallon,0,
"Lac, Seed, Shell, Stick, And Dye",1896,776217,1744487,2.2474,over,157352,355812,2.2612,over,Cwt,20,
"Lac-Dye, Seedlac, Shellac, And Sticklac",1896,776217,0,0.0,nodata,157352,0,0.0,nodata,Cwt,0,
"Preserved, Otherwise Than By Salting — Other Sorts (Other Than Bacon And Hams)",1900,775643,0,0.0,nodata,223452,0,0.0,nodata,?,0,
Petroleum,1875,775241,0,0.0,nodata,19440939,0,0.0,nodata,Gallon,0,
"Zinc — Crude, In Cakes",1886,774938,774938,1.0,exact01,54121,54121,1.0,exact01,Ton,8,
Hops,1894,774378,1041498,1.3449,over,189155,267436,1.4138,over,Cwt,8,
Yeast,1887,774028,774028,1.0,exact01,284962,284962,1.0,exact01,Cwt,5,
"Yeast, Dried",1887,774028,0,0.0,nodata,284962,0,0.0,nodata,Cwt,0,
"Vegetables, Raw, Unenumerated",1890,773590,0,0.0,nodata,773590,0,0.0,nodata,Value,0,
Cocoa,1881,773527,773497,1.0,exact01,22451834,22451834,1.0,exact01,Lb,15,
Currants,1895,773069,0,0.0,nodata,1093080,0,0.0,nodata,Cwt,0,
Goat,1875,772510,0,0.0,nodata,6790729,0,0.0,nodata,Number,0,
"Teeth, Elephants', Sea Cow, And Sea Horse",1875,772371,884800,1.1456,over,16258,14502,0.892,under,Cwt,15,
"Pork, Salted And Fresh",1894,772102,0,0.0,nodata,405402,0,0.0,nodata,Cwt,0,
"Jute Yarn — Manufactures, Piece Goods",1894,771288,0,0.0,nodata,43955190,0,0.0,nodata,Yard,0,
Peas,1897,771055,1378631,1.788,over,2820135,5009909,1.7765,over,Cwt,22,
"Rags, Woollen, Applicable To Other Uses Than Manure, Torn Up Or Not",1891,769734,0,0.0,nodata,37037,0,0.0,nodata,Ton,0,
Spirits — Rum,1877,769726,769726,1.0,exact01,7920150,7920152,1.0,exact01,Proof Gallon,8,
Spirits — Rum,1871,769650,0,0.0,nodata,7526890,0,0.0,nodata,Proof Gallon,0,
Silver Ore,1874,769355,0,0.0,nodata,0,0,,noanchor,Value,0,
Nuts And Kernels — Commonly Used For Expressing Oil Therefrom,1895,768783,906736,1.1794,over,68245,79039,1.1582,over,Ton,39,
For Expressing Oil Therefrom,1895,768783,0,0.0,nodata,68245,0,0.0,nodata,Ton,0,
"Paper-Making Materials — Esparto, And Other Vegetable Fibres",1898,768779,768614,0.9998,exact01,197341,197321,0.9999,exact01,Ton,5,
"Esparto, And Other Vegetable Fibres For Making Paper",1898,768779,0,0.0,nodata,197341,0,0.0,nodata,?,0,
Musical Instruments,1887,768591,0,0.0,nodata,768591,0,0.0,nodata,Value,0,
Fish,1870,768387,0,0.0,nodata,768576,0,0.0,nodata,Cwt,0,
"Straw Platting, For Making Hats Or Bonnets",1898,767307,718144,0.9359,under,10746395,10702690,0.9959,within5,Lb,11,
"Plaiting Of Straw, And Other Materials For Making Hats Or Bonnets",1898,767307,0,0.0,nodata,10746395,0,0.0,nodata,Lb,0,
"Train Or Blubber, And Spermaceti",1873,766927,0,0.0,nodata,17886,0,0.0,nodata,Ton,0,
"Oil :Train Or Blubber, And Spermaceti",1873,766927,0,0.0,nodata,17686,0,0.0,nodata,Tun,0,
"Pork, Salted And Fresh",1887,766397,0,0.0,nodata,424983,0,0.0,nodata,Cwt,0,
"Seed, Of All Kinds",1869,766241,0,0.0,nodata,19920,0,0.0,nodata,Ton,0,
Cotton Cake,1898,765799,0,0.0,nodata,158672,0,0.0,nodata,Ton,0,
Onions — Raw,1894,765040,764037,0.9987,within5,5288512,5288512,1.0,exact01,Bushel,12,
Other Than Muslins,1894,763638,760638,0.9961,within5,43490930,52490950,1.2069,over,Yard,10,
Lard,1868,763554,0,0.0,nodata,237260,0,0.0,nodata,Cwt,0,
Hops,1876,763440,759201,0.9944,within5,167366,166628,0.9956,within5,Cwt,5,
"House Frames, &Amp;C.",1895,762833,0,0.0,nodata,762838,0,0.0,nodata,Value,0,
Fruit — Unenumerated : Raw,1873,762710,0,0.0,nodata,1324608,0,0.0,nodata,Bushel,0,
Olive,1892,762516,0,0.0,nodata,20476,0,0.0,nodata,Ton,0,
Wool — Goats' Wool Or Hair,1872,762364,762364,1.0,exact01,6404490,6404190,1.0,exact01,Lb,5,
Beans (Not Kidney Or French),1897,762275,736140,0.9657,within5,2840050,2851360,1.004,within5,Cwt,17,
"Beans (Other Than Kidney, Haricot, Locust Or French)",1897,762275,0,0.0,nodata,2840050,0,0.0,nodata,Cwt,0,
"Pork, Salted And Fresh",1883,761871,0,0.0,nodata,376899,0,0.0,nodata,Cwt,0,
Seeds — Rape,1879,761679,753390,0.9891,within5,361474,358203,0.991,within5,Quarter,6,
"Rags, Woollen, Applicable To Other Uses Than Manure, Torn Up Or Not",1881,761591,758591,0.9961,within5,35265,35265,1.0,exact01,Ton,10,
Onions — Raw,1897,760560,760530,1.0,exact01,6108924,6108921,1.0,exact01,Bushel,14,
"Rags, Woollen, Applicable To Other Uses Than Manure, Torn Up Or Not",1877,760256,760256,1.0,exact01,33408,33402,0.9998,exact01,Ton,7,
"Jute Yarn — Manufactures, Piece Goods",1892,759822,0,0.0,nodata,40395197,0,0.0,nodata,Yard,0,
Painters' Colours And Pigments,1877,759552,0,0.0,nodata,759552,0,0.0,nodata,Value,0,
Furs Of All Sorts,1879,759470,0,0.0,nodata,759470,0,0.0,nodata,Value,0,
"Tanned, Tawed, Curried, Or Dressed",1870,759342,0,0.0,nodata,11556345,0,0.0,nodata,Lb,0,
Linen Yarn,1891,758749,758709,0.9999,exact01,19130076,19127076,0.9998,exact01,Lb,5,
Oil — Olive,1887,758348,758348,1.0,exact01,20789,20789,1.0,exact01,Tun,11,
Olive,1887,758348,0,0.0,nodata,20789,0,0.0,nodata,Ton,0,
"Silk — Knubs Or Husks Of Silk, And Waste",1881,757796,757706,0.9999,exact01,54119,54119,1.0,exact01,Cwt,9,
"Rags, Woollen, Applicable To Other Uses Than Manure, Torn Up Or Not",1883,757277,756717,0.9993,exact01,35767,35737,0.9992,exact01,Ton,18,
"Preserved, Otherwise Than By Salting",1874,757001,727001,0.9604,within5,265223,265223,1.0,exact01,Cwt,6,
Paraffine,1895,755790,855220,1.1316,over,720704,1625093,2.2549,over,Cwt,15,
"Zinc — Crude, In Cakes",1881,755666,755666,1.0,exact01,46079,46079,1.0,exact01,Ton,5,
Seeds — Clover And Grass,1879,755333,755333,1.0,exact01,344795,344495,0.9991,exact01,Cwt,6,
Seeds — Clover And Grass,1882,755231,755231,1.0,exact01,354083,354083,1.0,exact01,Cwt,6,
"Ivory — Teeth, Elephants', Sea Cow, And Sea Horse",1890,755164,0,0.0,nodata,14349,0,0.0,nodata,Cwt,0,
Lace,1871,755011,0,0.0,nodata,755011,0,0.0,nodata,Value,0,
"Train Or Blubber, And Spermaceti",1877,754812,0,0.0,nodata,19365,0,0.0,nodata,Ton,0,
Spices — Pepper,1872,753970,753970,1.0,exact01,27576710,27576710,1.0,exact01,Lb,10,
Cocoa,1883,753762,66471,0.0882,under,22698161,2098720,0.0925,under,Lb,6,
Seeds — Rape,1881,753316,753316,1.0,exact01,367444,367444,1.0,exact01,Quarter,6,
Bones Of All Kinds (Except Whalefins),1872,753185,0,0.0,nodata,111692,0,0.0,nodata,Ton,0,
Other Farinaceous Substances,1882,752945,0,0.0,nodata,752945,0,0.0,nodata,Value,0,
Wool — Goats' Wool Or Hair,1878,752909,752909,1.0,exact01,7060909,7060906,1.0,exact01,Lb,4,
Seeds — Clover And Grass,1883,752888,752888,1.0,exact01,316375,316375,1.0,exact01,Cwt,15,
"Substances And Extracts, Unenumerated",1885,752259,0,0.0,nodata,752259,0,0.0,nodata,Value,0,
"Bar, Angle, Bolt And Rod",1891,751587,751587,1.0,exact01,77427,77427,1.0,exact01,Ton,7,
Iron — In Bars,1891,751587,0,0.0,nodata,77427,0,0.0,nodata,Ton,0,
"Train Or Blubber, And Spermaceti",1874,751359,0,0.0,nodata,17051,0,0.0,nodata,Ton,0,
"Manufactured, Cigars",1894,751348,0,0.0,nodata,2422748,0,0.0,nodata,Lb,0,
Furs Of All Sorts,1888,751279,0,0.0,nodata,751279,0,0.0,nodata,Value,0,
"Substances And Extracts, Unenumerated",1890,751200,0,0.0,nodata,751200,0,0.0,nodata,Value,0,
"Lac, Seed, Shell, Stick, And Dye",1897,751099,1685469,2.244,over,177597,401447,2.2604,over,Cwt,19,
"Lac-Dye, Seedlac, Shellac, And Sticklac",1897,751099,0,0.0,nodata,177597,0,0.0,nodata,Cwt,0,
Watches,1887,750750,0,0.0,nodata,750750,0,0.0,nodata,Value,0,
"Watches, And Parts Thereof",1887,750750,0,0.0,nodata,750750,0,0.0,nodata,Value,0,
"Silk — Knubs Or Husks Of Silk, And Waste",1880,750456,752456,1.0027,within5,55002,55002,1.0,exact01,Cwt,7,
Silver Ore,1882,750079,0,0.0,nodata,750079,0,0.0,nodata,Value,0,
"Substances And Extracts, Unenumerated",1882,749927,0,0.0,nodata,749927,0,0.0,nodata,Value,0,
Paraffine,1892,749704,749704,1.0,exact01,552572,552542,0.9999,exact01,Cwt,5,
Spirits — Rum,1882,749637,729637,0.9733,within5,7305679,7305679,1.0,exact01,Proof Gallon,11,
"Straw Platting, For Making Hats Or Bonnets",1895,749421,754608,1.0069,within5,10598797,10699707,1.0095,within5,Lb,13,
Straw Platting For Hats Or Bonnets,1895,749421,0,0.0,nodata,10598797,0,0.0,nodata,Lb,0,
For Expressing Oil Therefrom,1880,748814,0,0.0,nodata,49635,0,0.0,nodata,Ton,0,
Painters' Colours And Pigments,1879,748635,0,0.0,nodata,748635,0,0.0,nodata,Value,0,
Toys,1890,748113,0,0.0,nodata,748113,0,0.0,nodata,Value,0,
Currants,1896,747769,0,0.0,nodata,986657,0,0.0,nodata,Cwt,0,
Musical Instruments,1874,747710,0,0.0,nodata,747710,0,0.0,nodata,Value,0,
"Tanned, Tawed, Curried, Or Dressed",1868,747485,0,0.0,nodata,10375758,0,0.0,nodata,Lb,0,
Seeds — Clover And Grass,1872,746813,746813,1.0,exact01,290849,290849,1.0,exact01,Cwt,6,
"Preserved Without Sugar, Other Than Dried",1899,746195,980837,1.3145,over,93549823,139699318,1.4933,over,Lb,16,
"Nitre, Cubic (Nitrate Of Soda)",1886,745940,745940,1.0,exact01,1500897,1500897,1.0,exact01,Cwt,7,
Glucose (Solid Or Liquid),1900,745578,0,0.0,nodata,1842502,0,0.0,nodata,Cwt,0,
Wool — Goats' Wool Or Hair,1881,745457,745457,1.0,exact01,10059570,10059570,1.0,exact01,Lb,5,
"Pork, Salted And Fresh",1893,745121,0,0.0,nodata,368992,0,0.0,nodata,Cwt,0,
Wool — Goats' Wool Or Hair,1879,743615,743615,1.0,exact01,10072700,10072700,1.0,exact01,Lb,5,
Linen Yarn,1893,743548,743548,1.0,exact01,19001986,19001986,1.0,exact01,Lb,4,
"Watches, And Parts Thereof",1893,742701,0,0.0,nodata,742701,0,0.0,nodata,Value,0,
Spirits — Rum,1873,742696,742696,1.0,exact01,6931311,6931311,1.0,exact01,Proof Gallon,8,
"Watches, And Parts Thereof",1892,742382,0,0.0,nodata,742382,0,0.0,nodata,Value,0,
Bones Of All Kinds (Except Whalefins),1877,741899,0,0.0,nodata,112195,0,0.0,nodata,Ton,0,
Cutch And Gambier,1875,741255,0,0.0,nodata,28845,0,0.0,nodata,Ton,0,
"Rags, Woollen, Applicable To Other Uses Than Manure, Torn Up Or Not",1878,739137,739137,1.0,exact01,32376,32376,1.0,exact01,Ton,6,
Wood And Timber — Staves,1877,738928,738928,1.0,exact01,116869,116869,1.0,exact01,Load,8,
"Substances And Extracts, Unenumerated",1891,738796,0,0.0,nodata,738796,0,0.0,nodata,Value,0,
Seeds — Clover And Grass,1890,738294,758294,1.0271,within5,379593,379593,1.0,exact01,Cwt,8,
"Substances And Extracts, Unenumerated",1887,737701,0,0.0,nodata,737701,0,0.0,nodata,Value,0,
Wood And Timber — Furniture Hardwoods And Veneers : Mahogany,1875,737550,0,0.0,nodata,80705,0,0.0,nodata,Ton,0,
Seeds — Clover And Grass,1885,736738,733708,0.9959,within5,315698,315698,1.0,exact01,Cwt,10,
Potatoes,1889,736039,736039,1.0,exact01,1864426,1864426,1.0,exact01,Cwt,9,
"Train Or Blubber, And Spermaceti",1876,735621,0,0.0,nodata,16684,0,0.0,nodata,Ton,0,
"Milk, Condensed",1888,734676,734442,0.9997,exact01,352332,352201,0.9996,exact01,Cwt,8,
Yeast,1888,734623,734628,1.0,exact01,269234,269234,1.0,exact01,Cwt,5,
Onions — Raw,1891,733745,733735,1.0,exact01,4281016,4281046,1.0,exact01,Bushel,11,
"Stones, Marble, And Slate : Rough, Hewn Or Manufactured : (Other Than Works Of Art)",1893,733614,0,0.0,nodata,546219,0,0.0,nodata,Ton,0,
"Stones, Rough, Hewn, Or Manufactured (Other Thanworks Of Art)",1893,733614,0,0.0,nodata,546219,0,0.0,nodata,Ton,0,
Cotton,1893,733536,2409942,3.2854,over,389859,388585,0.9967,within5,Ton,14,
Painters' Colours And Pigments,1876,733522,0,0.0,nodata,733522,0,0.0,nodata,Value,0,
Olive,1891,733435,0,0.0,nodata,18108,0,0.0,nodata,Ton,0,
"Preserved, Otherwise Than By Salting",1873,733331,733331,1.0,exact01,260749,260749,1.0,exact01,Cwt,6,
Straw Platting For Hats Or Bonnets,1887,732732,0,0.0,nodata,11022879,0,0.0,nodata,Lb,0,
Other Farinaceous Substances,1881,732225,0,0.0,nodata,732225,0,0.0,nodata,Value,0,
Gutta Percha,1891,731879,1384155,1.8912,over,60911,112106,1.8405,over,Cwt,12,
Glucose (Solid Or Liquid),1898,731727,3146352,4.2999,over,1887046,4235800,2.2447,over,Cwt,22,
"Yeast, Dried",1883,730823,730823,1.0,exact01,260904,260904,1.0,exact01,Cwt,6,
Nuts And Kernels — Commonly Used For Expressing Oil Therefrom,1885,730796,730796,1.0,exact01,55820,55820,1.0,exact01,Ton,14,
For Expressing Oil Therefrom,1885,730796,0,0.0,nodata,55820,0,0.0,nodata,Ton,0,
"Rags, Woollen, Applicable To Other Uses Than Manure, Torn Up Or Not",1895,730743,0,0.0,nodata,37616,0,0.0,nodata,Ton,0,
Other Than Muslins,1899,730728,0,0.0,nodata,42194937,0,0.0,nodata,Yard,0,
Rabbits (Dead),1900,730432,0,0.0,nodata,473162,0,0.0,nodata,Cwt,0,
Musical Instruments,1881,730323,0,0.0,nodata,730325,0,0.0,nodata,Value,0,
Musical Instruments,1886,729805,0,0.0,nodata,729805,0,0.0,nodata,Value,0,
Musical Instruments,1885,729576,0,0.0,nodata,729576,0,0.0,nodata,Value,0,
Wool — Goats' Wool Or Hair,1876,729535,729535,1.0,exact01,5988473,5988443,1.0,exact01,Lb,3,
Seeds — Rape,1869,729232,0,0.0,nodata,260212,0,0.0,nodata,Quarter,0,
Peas,1893,729204,0,0.0,nodata,2302443,0,0.0,nodata,Cwt,0,
Fruit — Raisins,1880,728954,851984,1.1688,over,395290,412401,1.0433,within5,Cwt,13,
Potatoes,1885,727806,727806,1.0,exact01,2299934,2304934,1.0022,within5,Cwt,9,
"Meat — Salted Or Fresh, Not Otherwise Described",1897,727273,753678,1.0363,within5,364822,376725,1.0326,within5,Cwt,15,
Lard,1870,727192,0,0.0,nodata,217696,0,0.0,nodata,Cwt,0,
Parcel Post (Goods Free Of Duty) - Number Of Parcels,1896,727033,0,0.0,nodata,727033,0,0.0,nodata,Cwt,0,
Nuts And Kernels — Commonly Used For Expressing Oil Therefrom,1882,726428,726428,1.0,exact01,57962,57962,1.0,exact01,Ton,8,
Seeds — Clover And Grass,1878,726355,726355,1.0,exact01,305440,305440,1.0,exact01,Cwt,6,
Seeds — Rape,1873,725279,725279,1.0,exact01,276328,276328,1.0,exact01,Quarter,8,
Spices — Pepper,1890,724968,13986,0.0193,under,29691858,806495,0.0272,under,Lb,4,
Manures — Guano,1883,724608,724608,1.0,exact01,74221,73891,0.9956,within5,Ton,21,
Silver Ore,1879,724515,0,0.0,nodata,724515,0,0.0,nodata,Value,0,
"Stones, Marble, And Slate : Rough, Hewn Or Manufactured : (Other Than Works Of Art)",1894,724446,724416,1.0,exact01,585476,585476,1.0,exact01,Ton,15,
"Stones, Rough, Hewn, Or Manufactured (Other Thanworks Of Art)",1894,724446,0,0.0,nodata,585476,0,0.0,nodata,Ton,0,
"Straw Platting, For Making Hats Or Bonnets",1899,724239,728802,1.0063,within5,10490918,10601978,1.0106,within5,Lb,13,
"Plaiting Of Straw, And Other Materials For Making Hats Or Bonnets",1899,724239,0,0.0,nodata,10490918,0,0.0,nodata,Lb,0,
Onions — Raw,1892,724040,729040,1.0069,within5,4420276,4420276,1.0,exact01,Bushel,10,
Onions — Raw,1890,724020,724020,1.0,exact01,3871195,3870795,0.9999,exact01,Bushel,13,
Yeast,1889,723320,723320,1.0,exact01,261464,261464,1.0,exact01,Cwt,5,
Phosphate Of Lime And Rock,1894,723205,733246,1.0139,within5,380269,382065,1.0047,within5,Ton,24,
"Zinc — Crude, In Cakes",1877,723180,723180,1.0,exact01,35293,35293,1.0,exact01,Ton,7,
Seeds — Clover And Grass,1875,722723,722723,1.0,exact01,307521,307521,1.0,exact01,Cwt,6,
"Staves, Of All Dimensions",1900,721850,0,0.0,nodata,145279,0,0.0,nodata,Load,0,
Seed,1895,721807,0,0.0,nodata,36031,0,0.0,nodata,Ton,0,
"Cocoa Or Chocolate, Ground, Prepared Or In Any Way Manufactured",1900,719871,0,0.0,nodata,7754879,0,0.0,nodata,Lb,0,
Painters' Colours And Pigments,1878,719740,0,0.0,nodata,719740,0,0.0,nodata,Value,0,
Cochineal (Including Granilla And Dust),1871,719624,0,0.0,nodata,55429,0,0.0,nodata,Cwt,0,
"Substances And Extracts, Unenumerated",1876,719352,0,0.0,nodata,719352,0,0.0,nodata,Value,0,
Seed,1893,718837,0,0.0,nodata,30164,0,0.0,nodata,Ton,0,
Confectionery,1887,718202,717424,0.9989,within5,316383,313061,0.9895,within5,Cwt,8,
"Jute Yarn — Manufactures, Piece Goods",1893,717896,0,0.0,nodata,38035439,0,0.0,nodata,Yard,0,
Cutch And Gambier,1890,717820,1427169,1.9882,over,27445,54577,1.9886,over,Ton,9,
Apples — Raw,1885,717031,0,0.0,nodata,2387685,0,0.0,nodata,Bushel,0,
"Rags, Woollen, Applicable To Other Uses Than Manure, Torn Up Or Not",1890,716379,715979,0.9994,exact01,34659,34659,1.0,exact01,Ton,15,
Oil — Olive,1884,715964,715964,1.0,exact01,17213,17213,1.0,exact01,Tun,12,
Olive,1884,715964,0,0.0,nodata,17213,0,0.0,nodata,Ton,0,
"Skins And Furs — Goat, Undressed",1889,715912,0,0.0,nodata,6981290,0,0.0,nodata,Number,0,
Furs Of All Sorts,1872,714967,0,0.0,nodata,714967,0,0.0,nodata,Value,0,
Toys,1889,714828,0,0.0,nodata,714828,0,0.0,nodata,Value,0,
Nuts And Kernels — Commonly Used For Expressing Oil Therefrom,1900,714701,0,0.0,nodata,56668,0,0.0,nodata,Ton,0,
Linen Yarn,1888,714668,714668,1.0,exact01,18192514,18192514,1.0,exact01,Lb,4,
Glucose (Solid Or Liquid),1899,714638,3585985,5.0179,over,1825609,4307185,2.3593,over,Cwt,21,
Potatoes,1890,714257,714257,1.0,exact01,1910100,1939700,1.0155,within5,Cwt,10,
Hops,1889,713094,713094,1.0,exact01,199384,199384,1.0,exact01,Cwt,7,
For Expressing Oil Therefrom,1888,713061,0,0.0,nodata,62932,0,0.0,nodata,Ton,0,
Fruit — Raisins,1878,712968,712968,1.0,exact01,450329,450329,1.0,exact01,Cwt,4,
Watches,1886,711712,0,0.0,nodata,711712,0,0.0,nodata,Value,0,
"Watches, And Parts Thereof",1886,711712,0,0.0,nodata,711712,0,0.0,nodata,Value,0,
Fish,1871,711295,0,0.0,nodata,605330,0,0.0,nodata,Cwt,0,
Paraffine,1896,711050,711127,1.0001,exact01,725398,705552,0.9726,within5,Cwt,7,
Paraffine And Paraffine Wax,1896,711050,0,0.0,nodata,725398,0,0.0,nodata,Cwt,0,
Other Than Muslins,1893,710958,744471,1.0471,within5,37655670,39118256,1.0388,within5,Yard,11,
Cutch And Gambier,1883,710721,710391,0.9995,exact01,26837,26777,0.9978,within5,Ton,6,
"Glass — Window And German Sheet, Including Shades And Cylinders",1898,710632,706019,0.9935,within5,1399757,1389667,0.9928,within5,Cwt,5,
Straw Platting For Hats Or Bonnets,1894,710337,0,0.0,nodata,11629352,0,0.0,nodata,Lb,0,
Dyes Obtained From Coal Tar,1895,709993,0,0.0,nodata,709993,0,0.0,nodata,Value,0,
Fruit — Raisins,1869,709850,0,0.0,nodata,397816,0,0.0,nodata,Cwt,0,
Raisins,1869,709850,0,0.0,nodata,397846,0,0.0,nodata,Cwt,0,
"Zinc — Crude, In Cakes",1882,708877,708877,1.0,exact01,41876,41876,1.0,exact01,Ton,5,
Painters' Colours And Pigments,1875,708433,0,0.0,nodata,708433,0,0.0,nodata,Value,0,
Raisins,1893,708433,0,0.0,nodata,524746,0,0.0,nodata,Cwt,0,
Iron — In Bars,1871,707613,0,0.0,nodata,74329,0,0.0,nodata,Ton,0,
Cutch And Gambier,1881,707425,0,0.0,nodata,33011,0,0.0,nodata,Ton,0,
Fruit — Raisins,1871,707344,0,0.0,nodata,427056,0,0.0,nodata,Cwt,0,
"Substances And Extracts, Unenumerated",1892,707086,0,0.0,nodata,707086,0,0.0,nodata,Value,0,
Musical Instruments,1880,706878,0,0.0,nodata,706878,0,0.0,nodata,Value,0,
"Manufactures Of Iron And Steel — Girders, Beams, Joists And Pillars",1900,705995,0,0.0,nodata,93176,0,0.0,nodata,Ton,0,
Cutch And Gambier,1888,705779,1387354,1.9657,over,28543,55781,1.9543,over,Ton,14,
Geldings,1900,705429,0,0.0,nodata,29736,0,0.0,nodata,Number,0,
Goat,1872,705255,0,0.0,nodata,5737320,0,0.0,nodata,Number,0,
Wood And Timber — Teak,1896,705224,1293386,1.834,over,66367,118045,1.7787,over,Load,15,
"Milk, Condensed",1889,704849,704119,0.999,within5,339892,339428,0.9986,within5,Cwt,7,
Bones Of All Kinds (Except Whalefins),1875,704715,0,0.0,nodata,104971,0,0.0,nodata,Ton,0,
Manures — Guano,1879,704448,704448,1.0,exact01,77015,74015,0.961,within5,Ton,10,
"Pork, Salted And Fresh",1874,704435,0,0.0,nodata,322574,0,0.0,nodata,Cwt,0,
Fruit — Raisins,1893,704433,708392,1.0056,within5,524746,524707,0.9999,exact01,Cwt,4,
Cutch And Gambier,1877,703905,0,0.0,nodata,32018,0,0.0,nodata,Ton,0,
Phosphate Of Lime And Rock,1889,703704,0,0.0,nodata,368652,0,0.0,nodata,Ton,0,
"Stones, Marble, And Slate : Rough, Hewn Or Manufactured : (Other Than Works Of Art)",1892,703345,708419,1.0072,within5,556826,558199,1.0025,within5,Ton,16,
Furniture Woods And Hardwoods — Unenumerated,1893,703146,0,0.0,nodata,91772,0,0.0,nodata,Ton,0,
"Nitre, Cubic (Nitrate Of Soda)",1869,702055,0,0.0,nodata,906694,0,0.0,nodata,Cwt,0,
Of Wool (Other Than Goats'): Cloths,1895,701651,0,0.0,nodata,4149656,0,0.0,nodata,Yard,0,
"Nitre, Cubic (Nitrate Of Soda)",1880,701493,701493,1.0,exact01,915493,885493,0.9672,within5,Cwt,4,
"Zinc — Crude, In Cakes",1884,700154,700154,1.0,exact01,47658,47658,1.0,exact01,Ton,6,
Furs Of All Sorts,1877,699317,0,0.0,nodata,699317,0,0.0,nodata,Value,0,
"Substances And Extracts, Unenumerated",1886,698705,0,0.0,nodata,698705,0,0.0,nodata,Value,0,
Seed,1897,698694,0,0.0,nodata,33173,0,0.0,nodata,Ton,0,
"Mutton, Fresh",1883,696616,903046,1.2963,over,236496,308136,1.3029,over,Cwt,14,
Onions — Raw,1895,696428,697620,1.0017,within5,5734768,5743183,1.0015,within5,Bushel,15,
"Animals, Living — Sheep And Lambs",1890,696312,696312,1.0,exact01,358458,358428,0.9999,exact01,Number,8,
Manufactures Of,1898,696027,0,0.0,nodata,12497946,0,0.0,nodata,Lb,0,
Hops,1881,695297,695297,1.0,exact01,147559,147559,1.0,exact01,Cwt,6,
"Unenumerated, Viz. : Raw",1897,695159,0,0.0,nodata,1725116,0,0.0,nodata,Bushel,0,
Seed,1896,694995,0,0.0,nodata,33616,0,0.0,nodata,Ton,0,
Fresh (Not Of British Taking) — Cured Or Salted; Sardines,1900,694753,0,0.0,nodata,226390,0,0.0,nodata,Cwt,0,
Boots And Shoes,1900,694698,0,0.0,nodata,233668,0,0.0,nodata,Dozen Pairs,0,
Glucose (Solid Or Liquid),1893,694502,747987,1.077,over,1235800,1317556,1.0662,over,Cwt,5,
Sugar — Glucose,1893,694502,695002,1.0007,exact01,1235800,1235800,1.0,exact01,Cwt,5,
Wood And Timber — Staves,1889,694098,694098,1.0,exact01,170086,170086,1.0,exact01,Load,9,
Peas,1895,693828,0,0.0,nodata,2422851,0,0.0,nodata,Cwt,0,
"Skins, Furs, And Pelts — Seal",1891,693803,693803,1.0,exact01,683588,680588,0.9956,within5,Number,12,
Wood And Timber — Teak,1898,693629,1313617,1.8938,over,58917,111818,1.8979,over,Load,12,
"Pork, Salted And Fresh",1871,693096,0,0.0,nodata,296144,0,0.0,nodata,Cwt,0,
Cutch And Gambier,1882,693003,693003,1.0,exact01,30048,30648,1.02,within5,Ton,6,
"Tanned, Tawed, Curried, Or Dressed",1869,692486,0,0.0,nodata,9942493,0,0.0,nodata,Lb,0,
"Bar, Angle, Bolt And Rod",1892,692259,692259,1.0,exact01,75915,75915,1.0,exact01,Ton,4,
Iron — In Bars,1892,692259,0,0.0,nodata,75915,0,0.0,nodata,Ton,0,
Manufactures Of,1899,691611,0,0.0,nodata,5065320,0,0.0,nodata,Lb,0,
"Pork, Salted And Fresh",1879,691362,0,0.0,nodata,441209,0,0.0,nodata,Cwt,0,
"Rags, Woollen, Applicable To Other Uses Than Manure, Torn Up Or Not",1896,691269,691269,1.0,exact01,36687,36687,1.0,exact01,Ton,15,
"Drugs, Unenumerated",1879,691140,0,0.0,nodata,691140,0,0.0,nodata,Value,0,
"Watches, And Parts Thereof",1889,691006,0,0.0,nodata,691006,0,0.0,nodata,Value,0,
Lace,1883,690925,0,0.0,nodata,690925,0,0.0,nodata,Value,0,
"Cured, Sardines",1899,690781,660748,0.9565,within5,217230,213917,0.9847,within5,Cwt,9,
Embroidery And Needlework,1895,690641,0,0.0,nodata,690641,0,0.0,nodata,Value,0,
Of All Kinds (Except Hangings),1869,690267,0,0.0,nodata,412326,0,0.0,nodata,Cwt,0,
Paper And Pasteboard — Of All Kinds (Except Hangings),1869,690267,0,0.0,nodata,412326,0,0.0,nodata,Cwt,0,
Seed,1898,689934,0,0.0,nodata,35923,0,0.0,nodata,Ton,0,
Seeds — Clover And Grass,1887,689789,689786,1.0,exact01,334966,334966,1.0,exact01,Cwt,9,
Peas,1898,689769,332569,0.4821,under,2179192,4075803,1.8703,over,Cwt,20,
"Pork, Salted And Fresh",1885,689731,0,0.0,nodata,383636,0,0.0,nodata,Cwt,0,
Hops,1868,689383,0,0.0,nodata,231720,0,0.0,nodata,Cwt,0,
Silver Ore,1881,688176,0,0.0,nodata,688176,0,0.0,nodata,Value,0,
Cocoa,1878,687285,687285,1.0,exact01,18021626,18021626,1.0,exact01,Lb,13,
"China, Or Porcelain, And Earthenware",1895,686575,777914,1.133,over,237811,239239,1.006,within5,Cwt,16,
Geldings,1897,686075,686706,1.0009,exact01,29100,29055,0.9985,within5,Number,14,
Seeds — Rape,1874,685383,685053,0.9995,exact01,289046,289046,1.0,exact01,Quarter,8,
For Expressing Oil Therefrom,1889,684635,0,0.0,nodata,61857,0,0.0,nodata,Ton,0,
"Manganese, Ore Of",1900,684404,0,0.0,nodata,265767,0,0.0,nodata,Ton,0,
"Pork, Salted And Fresh",1880,684192,0,0.0,nodata,409267,0,0.0,nodata,Cwt,0,
Cutch And Gambier,1873,684188,0,0.0,nodata,29512,0,0.0,nodata,Ton,0,
Manures — Phosphate Of Lime And Rock,1899,682940,688776,1.0085,within5,420108,415271,0.9885,within5,Ton,15,
Phosphate Of Lime And Rock,1899,682940,0,0.0,nodata,420103,0,0.0,nodata,Ton,0,
Of All Kinds (Except Hangings),1871,682933,0,0.0,nodata,415333,0,0.0,nodata,Cwt,0,
Paper And Pasteboard — Of All Kinds (Except Hangings),1871,682933,0,0.0,nodata,415933,0,0.0,nodata,Cwt,0,
Spices — Pepper,1891,682442,0,0.0,nodata,34794260,0,0.0,nodata,Lb,0,
"Rags, Woollen, Applicable To Other Uses Than Manure, Torn Up Or Not",1885,681995,681995,1.0,exact01,32642,32642,1.0,exact01,Ton,12,
"Manufactures, Unenumerated",1899,681760,0,0.0,nodata,0,0,,noanchor,Value,0,
"Pork, Salted And Fresh",1881,681551,0,0.0,nodata,381526,0,0.0,nodata,Cwt,0,
Nuts And Kernels — Commonly Used For Expressing Oil Therefrom,1899,681075,701835,1.0305,within5,57168,63560,1.1118,over,Ton,32,
"Stones, Marble, And Slate : Rough, Hewn Or Manufactured : (Other Than Works Of Art)",1895,680977,680977,1.0,exact01,574884,571884,0.9948,within5,Ton,15,
Yeast,1891,680571,680571,1.0,exact01,254930,254930,1.0,exact01,Cwt,7,
Seal Skins,1893,679154,0,0.0,nodata,1422117,0,0.0,nodata,Number,0,
Skins And Furs — Manufactures Of,1892,678927,0,0.0,nodata,678927,0,0.0,nodata,Value,0,
"Pork, Salted And Fresh",1889,678922,0,0.0,nodata,386700,0,0.0,nodata,Cwt,0,
"Rags, Woollen, Applicable To Other Uses Than Manure, Torn Up Or Not",1884,678525,678525,1.0,exact01,31022,31022,1.0,exact01,Ton,10,
"Iron And Steel, Wrought Or Manufactured",1871,678312,0,0.0,nodata,440611,0,0.0,nodata,Cwt,0,
Of All Kinds (Except Hangings),1870,678061,0,0.0,nodata,411257,0,0.0,nodata,Cwt,0,
Paper And Pasteboard — Of All Kinds (Except Hangings),1870,678061,0,0.0,nodata,411257,0,0.0,nodata,Cwt,0,
For Expressing Oil Therefrom,1892,676653,0,0.0,nodata,55492,0,0.0,nodata,Ton,0,
Lace,1874,676401,0,0.0,nodata,676401,0,0.0,nodata,Value,0,
Gutta Percha,1898,676400,1265814,1.8714,over,63238,113768,1.799,over,Cwt,17,
"Preserved, Otherwise Than By Salting — Other Sorts (Other Than Bacon And Hams)",1899,676076,0,0.0,nodata,198777,0,0.0,nodata,?,0,
Preserved Otherwise Than By Salting — Other Sorts,1899,676076,0,0.0,nodata,198777,0,0.0,nodata,?,0,
Cutch And Gambier,1889,675820,675820,1.0,exact01,25011,24961,0.998,within5,Ton,11,
Paraffine,1897,675798,675798,1.0,exact01,774161,774161,1.0,exact01,Cwt,6,
Paraffine And Paraffine Wax,1897,675798,0,0.0,nodata,774161,0,0.0,nodata,Cwt,0,
"Silk — Knubs Or Husks Of Silk, And Waste",1885,675191,670444,0.993,within5,53047,52622,0.992,within5,Cwt,11,
"House Frames, &Amp;C.",1892,675138,0,0.0,nodata,675138,0,0.0,nodata,Value,0,
"Watches, And Parts Thereof",1890,674654,0,0.0,nodata,674654,0,0.0,nodata,Value,0,
Manufactures Of,1897,674619,0,0.0,nodata,12604828,0,0.0,nodata,Lb,0,
Bottles,1900,674585,0,0.0,nodata,1591189,0,0.0,nodata,Gross,0,
"Skins, Furs, And Pelts — Seal",1889,674467,674967,1.0007,exact01,738028,738028,1.0,exact01,Number,12,
Spirits — Rum,1872,674357,674294,0.9999,exact01,6537273,6537273,1.0,exact01,Proof Gallon,7,
"China, Or Porcelain, And Earthenware",1891,673312,0,0.0,nodata,208633,0,0.0,nodata,Cwt,0,
"Seed, Of All Kinds",1873,673215,0,0.0,nodata,17593,0,0.0,nodata,Ton,0,
Oil — Olive,1888,672614,672614,1.0,exact01,18635,18535,0.9946,within5,Tun,12,
Olive,1888,672614,0,0.0,nodata,18535,0,0.0,nodata,Ton,0,
"Glass — Window And German Sheet, Including Shades And Cylinders",1899,672553,672528,1.0,exact01,1301881,1301835,1.0,exact01,Cwt,5,
Onions — Raw,1889,672079,672079,1.0,exact01,3854453,3854453,1.0,exact01,Bushel,13,
"Substances And Extracts, Unenumerated",1895,671917,0,0.0,nodata,671917,0,0.0,nodata,Value,0,
Furniture Woods And Hardwoods — Unenumerated,1891,671532,0,0.0,nodata,91077,0,0.0,nodata,Ton,0,
Yeast,1890,671049,671049,1.0,exact01,250932,250932,1.0,exact01,Cwt,5,
Poultry And Game (Including Rabbits),1884,670609,0,0.0,nodata,670609,0,0.0,nodata,Value,0,
Poultry And Game,1884,670609,0,0.0,nodata,670609,0,0.0,nodata,Value,0,
Spices — Pepper,1875,670175,670174,1.0,exact01,29399020,29399020,1.0,exact01,Lb,6,
Beans (Not Kidney Or French),1898,670159,670358,1.0003,exact01,2293346,2290686,0.9988,within5,Cwt,17,
"Beans (Other Than Kidney, Haricot, Locust Or French)",1898,670159,0,0.0,nodata,2293346,0,0.0,nodata,Cwt,0,
"Tin — In Blocks, Ingots, Bars, Or Slabs, And Regulus",1869,670157,0,0.0,nodata,108819,0,0.0,nodata,Cwt,0,
"Skins, Furs, And Pelts — Seal",1893,670154,693327,1.0346,within5,1422117,1445100,1.0162,within5,Number,25,
"Furs, Seal",1893,670154,0,0.0,nodata,1422117,0,0.0,nodata,Number,0,
"Nitre, Cubic (Nitrate Of Soda)",1868,670106,0,0.0,nodata,1029055,0,0.0,nodata,Cwt,0,
Unenumerated,1886,669979,0,0.0,nodata,167480,0,0.0,nodata,Value,0,
Toys,1887,669696,0,0.0,nodata,669696,0,0.0,nodata,Value,0,
"Rags, Woollen, Applicable To Other Uses Than Manure, Torn Up Or Not",1889,669438,0,0.0,nodata,31335,0,0.0,nodata,Ton,0,
Quicksilver,1875,669354,0,0.0,nodata,3195786,0,0.0,nodata,Lb,0,
"Of Other Sorts (Including ""Nuts, For Fruit"")",1891,669298,0,0.0,nodata,669298,0,0.0,nodata,Value,0,
Wood And Timber — Staves,1890,669243,669243,1.0,exact01,156003,156003,1.0,exact01,Load,10,
Of All Kinds (Except Hangings),1868,668948,0,0.0,nodata,370607,0,0.0,nodata,Cwt,0,
Paper And Pasteboard — Of All Kinds (Except Hangings),1868,668948,0,0.0,nodata,368841,0,0.0,nodata,Cwt,0,
Fruit — Raisins,1873,668790,782716,1.1703,over,379374,409318,1.0789,over,Cwt,9,
"Straw Platting, For Making Hats Or Bonnets",1893,668674,678641,1.0149,within5,9127550,9329520,1.0221,within5,Lb,13,
Valonia,1877,668497,0,0.0,nodata,29989,0,0.0,nodata,Ton,0,
"House Frames, &Amp;C.",1894,668325,0,0.0,nodata,668325,0,0.0,nodata,Value,0,
Mechanical,1898,668302,0,0.0,nodata,0,0,,noanchor,?,0,
"Teeth, Elephants', Sea Cow, And Sea Horse",1878,667921,633104,0.9479,under,14635,13779,0.9415,under,Cwt,11,
"Ivory — Teeth, Elephants', Sea Cow, And Sea Horse",1878,667921,0,0.0,nodata,14635,0,0.0,nodata,Cwt,0,
Wood And Timber — Oak,1894,667383,0,0.0,nodata,110716,0,0.0,nodata,Load,0,
Iron — In Bars,1870,667345,0,0.0,nodata,74149,0,0.0,nodata,Ton,0,
Phosphate Of Lime And Rock,1892,665689,0,0.0,nodata,314130,0,0.0,nodata,Ton,0,
"Buttons And Studs, Not Of Metal",1880,665415,0,0.0,nodata,0,0,,noanchor,Gross,0,
"Drugs, Unenumerated",1880,665387,0,0.0,nodata,665387,0,0.0,nodata,Value,0,
Nuts And Kernels — Commonly Used For Expressing Oil Therefrom,1896,664740,853992,1.2847,over,62527,77836,1.2448,over,Ton,41,
For Expressing Oil Therefrom,1896,664740,0,0.0,nodata,62527,0,0.0,nodata,Ton,0,
Fresh (Not Of British Taking) — Cured Or Salted; Sardines,1898,664328,0,0.0,nodata,239273,0,0.0,nodata,Cwt,0,
"Rags, Woollen, Applicable To Other Uses Than Manure, Torn Up Or Not",1887,664122,0,0.0,nodata,31670,0,0.0,nodata,Ton,0,
"Stones, Marble, And Slate : Rough, Hewn Or Manufactured : (Other Than Works Of Art)",1890,664118,663858,0.9996,exact01,443901,444061,1.0004,exact01,Ton,14,
Strawboard Or Millboard,1900,664058,0,0.0,nodata,1922586,0,0.0,nodata,Cwt,0,
Straw Platting For Hats Or Bonnets,1893,663674,0,0.0,nodata,9127550,0,0.0,nodata,Lb,0,
"Animals, Living — Sheep And Lambs",1891,663015,663015,1.0,exact01,344504,344504,1.0,exact01,Number,7,
"Preserved, Otherwise Than By Salting",1871,662280,0,0.0,nodata,254833,0,0.0,nodata,Cwt,0,
"Zinc — Crude, In Cakes",1876,662190,662190,1.0,exact01,29327,29327,1.0,exact01,Ton,6,
"Drugs — Bark, Peruvian",1887,661682,1178371,1.7809,over,143177,265405,1.8537,over,Cwt,20,
"Lac, Seed, Shell, Stick, And Dye",1874,661634,661634,1.0,exact01,71319,71319,1.0,exact01,Cwt,3,
Cutch And Gambier,1887,661597,661647,1.0001,exact01,27361,27361,1.0,exact01,Ton,11,
"Rags, Woollen, Applicable To Other Uses Than Manure, Torn Up Or Not",1893,661416,658427,0.9955,within5,32986,32983,0.9999,exact01,Ton,15,
Seeds — Clover And Grass,1873,661332,661332,1.0,exact01,276782,276782,1.0,exact01,Cwt,6,
"Substances And Extracts, Unenumerated",1877,661202,0,0.0,nodata,664202,0,0.0,nodata,Value,0,
Fresh (Not Of British Taking) — Cured Or Salted; Sardines,1899,660781,0,0.0,nodata,217220,0,0.0,nodata,Cwt,0,
"House Frames, &Amp;C.",1893,660315,0,0.0,nodata,660315,0,0.0,nodata,Value,0,
"Rags, Woollen, Applicable To Other Uses Than Manure, Torn Up Or Not",1876,660260,660200,0.9999,exact01,28547,27947,0.979,within5,Ton,7,
"Rags, Woollen, Applicable To Other Uses Than Manure, Torn Up Or Not",1879,660046,660046,1.0,exact01,33309,33306,0.9999,exact01,Ton,6,
Straw Platting For Hats Or Bonnets,1890,659892,0,0.0,nodata,8558542,0,0.0,nodata,Lb,0,
Furs Of All Sorts,1870,659872,0,0.0,nodata,659872,0,0.0,nodata,Value,0,
Straw Platting For Hats Or Bonnets,1889,659855,0,0.0,nodata,9066670,0,0.0,nodata,Lb,0,
"Pork, Salted And Fresh",1878,659462,0,0.0,nodata,389439,0,0.0,nodata,Cwt,0,
Bones Of All Kinds (Except Whalefins),1871,659416,0,0.0,nodata,100857,0,0.0,nodata,Ton,0,
Furs Of All Sorts,1868,659399,0,0.0,nodata,659399,0,0.0,nodata,Value,0,
"Staves, Of All Dimensions",1899,659312,659732,1.0006,exact01,126216,126216,1.0,exact01,Load,11,
Wood And Timber — Staves,1870,658782,0,0.0,nodata,71673,0,0.0,nodata,Load,0,
"Train Or Blubber, And Spermaceti",1868,658238,0,0.0,nodata,13991,0,0.0,nodata,Ton,0,
"Oil :Train Or Blubber, And Spermaceti",1868,658238,0,0.0,nodata,13991,0,0.0,nodata,Tun,0,
"Copper, Ore Of",1898,658230,920777,1.3989,over,89706,108842,1.2133,over,Ton,26,
"Rags, Woollen, Applicable To Other Uses Than Manure, Torn Up Or Not",1888,658229,0,0.0,nodata,31643,0,0.0,nodata,Ton,0,
Furniture Wood: Mahogany,1897,658188,0,0.0,nodata,73476,0,0.0,nodata,Ton,0,
Seeds — Clover And Grass,1884,657027,657027,1.0,exact01,290259,290259,1.0,exact01,Cwt,7,
Other Farinaceous Substances,1880,657020,0,0.0,nodata,657020,0,0.0,nodata,Value,0,
Cutch And Gambier,1880,656861,0,0.0,nodata,32107,0,0.0,nodata,Ton,0,
"China, Or Porcelain, And Earthenware",1892,656581,656884,1.0005,exact01,199801,199801,1.0,exact01,Cwt,11,
Cordage And Twine,1872,656436,0,0.0,nodata,656436,0,0.0,nodata,Value,0,
Spirits — Rum,1891,656391,656361,1.0,exact01,6981328,6981298,1.0,exact01,Proof Gallon,16,
"Staves, Of All Dimensions",1896,656246,655316,0.9986,within5,138393,137793,0.9957,within5,Load,10,
"Bar, Angle, Bolt And Rod",1900,656014,0,0.0,nodata,80129,0,0.0,nodata,Ton,0,
Poultry And Game (Including Rabbits),1885,655397,0,0.0,nodata,655397,0,0.0,nodata,Value,0,
Poultry And Game,1885,655397,0,0.0,nodata,655397,0,0.0,nodata,Value,0,
Seeds — Clover And Grass,1898,655211,704345,1.075,over,342773,365799,1.0672,over,Cwt,12,
Parcel Post (Goods Free Of Duty) - Number Of Parcels,1895,654322,0,0.0,nodata,654322,0,0.0,nodata,Cwt,0,
Spices — Unenumerated,1880,654305,654245,0.9999,exact01,18657626,18657626,1.0,exact01,Lb,9,
Wood And Timber — Teak,1899,654304,1280397,1.9569,over,53930,105591,1.9579,over,Load,11,
Cutch And Gambier,1886,654218,1293406,1.977,over,28352,56116,1.9793,over,Ton,10,
Seed,1894,654065,0,0.0,nodata,29967,0,0.0,nodata,Ton,0,
"House Frames, &Amp;C.",1891,653845,0,0.0,nodata,653845,0,0.0,nodata,Value,0,
Wood And Timber — Staves,1882,653558,653558,1.0,exact01,126051,126051,1.0,exact01,Load,8,
"Of Other Sorts (Including ""Nuts, For Fruit"")",1892,653093,0,0.0,nodata,653093,0,0.0,nodata,Value,0,
Oil — Turpentine,1898,652740,651732,0.9985,within5,573087,567065,0.9895,within5,Cwt,5,
Skins And Furs — Manufactures Of,1891,652665,0,0.0,nodata,652665,0,0.0,nodata,Value,0,
Olive,1893,652041,0,0.0,nodata,17200,0,0.0,nodata,Ton,0,
Boots And Shoes,1899,650561,649182,0.9979,within5,224751,221929,0.9874,within5,Dozen Pairs,6,
"Glass — Window And German Sheet, Including Shades And Cylinders",1900,650251,0,0.0,nodata,1165979,0,0.0,nodata,Cwt,0,
"China, Or Porcelain, And Earthenware",1889,650222,650222,1.0,exact01,184443,184443,1.0,exact01,Cwt,10,
Fruit — Oranges And Lemons,1870,648056,0,0.0,nodata,1933421,0,0.0,nodata,Bushel,0,
Peas,1894,647194,0,0.0,nodata,2272623,0,0.0,nodata,Cwt,0,
Cordage And Twine,1895,647109,0,0.0,nodata,647109,0,0.0,nodata,Value,0,
Unenumerated,1887,646165,0,0.0,nodata,183484,0,0.0,nodata,Value,0,
"Staves, Of All Dimensions",1898,646075,636797,0.9856,within5,139120,135935,0.9771,within5,Load,11,
"Manufactures Of Iron Or Steel — Girders, Beams And Pillars",1898,645893,645893,1.0,exact01,103439,103439,1.0,exact01,Ton,3,
"Manufactures Of Iron And Steel — Girders, Beams, Joists And Pillars",1898,645893,0,0.0,nodata,103439,0,0.0,nodata,Ton,0,
"Skins — Sheep And Lamb, Undressed",1879,645801,645801,1.0,exact01,5174567,5174567,1.0,exact01,Number,8,
Hops,1895,644505,645404,1.0014,within5,217161,217465,1.0014,within5,Cwt,10,
"Pork, Salted And Fresh",1873,644014,0,0.0,nodata,289695,0,0.0,nodata,Cwt,0,
"Watches, And Parts Thereof",1891,643887,0,0.0,nodata,643887,0,0.0,nodata,Value,0,
Manures — Phosphate Of Lime And Rock,1884,643851,643851,1.0,exact01,219225,219225,1.0,exact01,Ton,9,
"Plaiting Of Straw, And Other Materials For Making Hats Or Bonnets",1900,643337,0,0.0,nodata,9602684,0,0.0,nodata,Lb,0,
Furniture Woods And Hardwoods — Unenumerated,1892,643309,0,0.0,nodata,90067,0,0.0,nodata,Ton,0,
"Substances And Extracts, Unenumerated",1893,642477,0,0.0,nodata,642477,0,0.0,nodata,Value,0,
Onions — Raw,1888,642082,642082,1.0,exact01,3481990,3484990,1.0009,exact01,Bushel,14,
Yarn,1878,641386,644386,1.0047,within5,7376659,7376659,1.0,exact01,Lb,4,
Linen Yarn,1894,641223,956019,1.4909,over,16321160,16424136,1.0063,within5,Lb,20,
Wood And Timber — Staves,1883,641116,641116,1.0,exact01,141452,141452,1.0,exact01,Load,11,
Geldings,1896,640990,642882,1.003,within5,25870,25877,1.0003,exact01,Number,14,
Manufactures Of,1896,640457,0,0.0,nodata,11358407,0,0.0,nodata,Lb,0,
Cordage And Twine,1889,640138,0,0.0,nodata,640138,0,0.0,nodata,Value,0,
Oil — Turpentine,1882,640099,640099,1.0,exact01,358094,358094,1.0,exact01,Cwt,3,
Wood And Timber — Furniture Hardwoods And Veneers : Mahogany,1874,639901,0,0.0,nodata,64674,0,0.0,nodata,Ton,0,
"Iron And Steel, Wrought Or Manufactured",1870,639503,0,0.0,nodata,557412,0,0.0,nodata,Cwt,0,
"Rags, Woollen, Applicable To Other Uses Than Manure, Torn Up Or Not",1897,638688,0,0.0,nodata,33258,0,0.0,nodata,Ton,0,
Rabbits (Dead),1899,638655,980776,1.5357,over,377311,643854,1.7064,over,Cwt,9,
"Ivory — Teeth, Elephants', Sea Cow, And Sea Horse",1883,638435,167491,0.2623,under,13597,3072,0.2259,under,Cwt,6,
"Rags, Woollen, Applicable To Other Uses Than Manure, Torn Up Or Not",1886,638274,0,0.0,nodata,30526,0,0.0,nodata,Ton,0,
Geldings,1898,637955,638650,1.0011,within5,25174,25117,0.9977,within5,Number,13,
"Mutton, Fresh",1882,637346,635346,0.9969,within5,189847,189855,1.0,exact01,Cwt,4,
"Seed, Of All Kinds",1875,637131,0,0.0,nodata,19061,0,0.0,nodata,Ton,0,
Paraffine,1890,636600,636600,1.0,exact01,499489,499489,1.0,exact01,Cwt,4,
Skins And Furs — Skins : Sheep And Lamb,1870,636280,0,0.0,nodata,8968552,0,0.0,nodata,Number,0,
"Beef, Salted And Fresh",1871,635533,0,0.0,nodata,302079,0,0.0,nodata,Cwt,0,
"Rags, Woollen, Applicable To Other Uses Than Manure, Torn Up Or Not",1894,635367,640367,1.0079,within5,31117,31117,1.0,exact01,Ton,14,
Seeds — Clover And Grass,1892,635135,686513,1.0809,over,297321,322011,1.083,over,Cwt,9,
Clover And Grass,1892,635135,0,0.0,nodata,297321,0,0.0,nodata,?,0,
Geldings,1899,634965,634956,1.0,exact01,25952,25862,0.9965,within5,Number,13,
Furniture Woods And Hardwoods — Unenumerated,1890,633891,0,0.0,nodata,82519,0,0.0,nodata,Ton,0,
Musical Instruments,1875,633857,0,0.0,nodata,633857,0,0.0,nodata,Value,0,
Bones Of All Kinds (Except Whalefins),1874,633535,0,0.0,nodata,92158,0,0.0,nodata,Ton,0,
Silver Ore,1880,633360,0,0.0,nodata,633360,0,0.0,nodata,Value,0,
Phosphate Of Lime And Rock,1895,633314,655613,1.0352,within5,359659,364459,1.0133,within5,Ton,25,
"Buttons And Studs, Not Of Metal",1878,633306,0,0.0,nodata,0,0,,noanchor,Gross,0,
"China, Or Porcelain, And Earthenware",1890,633279,633279,1.0,exact01,184787,184787,1.0,exact01,Cwt,10,
Paraffine,1894,633209,633209,1.0,exact01,618051,618051,1.0,exact01,Cwt,5,
"Manufactures Of Iron Or Steel — Girders, Beams And Pillars",1899,631832,631832,1.0,exact01,95476,95407,0.9993,exact01,Ton,4,
"Manufactures Of Iron And Steel — Girders, Beams, Joists And Pillars",1899,631832,0,0.0,nodata,95476,0,0.0,nodata,Ton,0,
Hops,1878,631567,631567,1.0,exact01,168834,168834,1.0,exact01,Cwt,6,
"Pork, Salted And Fresh",1886,631538,0,0.0,nodata,371696,0,0.0,nodata,Cwt,0,
Fish,1869,631109,0,0.0,nodata,629449,0,0.0,nodata,Cwt,0,
"Zinc — Crude, In Cakes",1880,630839,630839,1.0,exact01,33301,33301,1.0,exact01,Ton,6,
Wood And Timber — Oak,1895,630799,0,0.0,nodata,108508,0,0.0,nodata,Load,0,
"Seed, Of All Kinds",1874,629654,0,0.0,nodata,17803,0,0.0,nodata,Ton,0,
Bones Of All Kinds (Except Whalefins),1870,629619,0,0.0,nodata,96088,0,0.0,nodata,Ton,0,
Furniture Woods And Hardwoods — Unenumerated,1895,629502,0,0.0,nodata,98638,0,0.0,nodata,Ton,0,
"Lac, Seed, Shell, Stick, And Dye",1895,629459,1428744,2.2698,over,114122,265447,2.326,over,Cwt,20,
Valonia,1876,628852,0,0.0,nodata,34923,0,0.0,nodata,Ton,0,
Phosphate Of Lime And Rock,1891,628395,0,0.0,nodata,256772,0,0.0,nodata,Ton,0,
Spirits — Rum,1884,628182,636405,1.0131,within5,7376472,7404140,1.0038,within5,Proof Gallon,18,
Manures — Phosphate Of Lime And Rock,1885,628027,628027,1.0,exact01,238572,238572,1.0,exact01,Ton,10,
"Preserved Without Sugar, Other Than Dried",1898,627716,993549,1.5828,over,75850332,120489788,1.5885,over,Lb,29,
Watches,1885,626482,626482,1.0,exact01,626482,0,0.0,nodata,Value,5,
"Watches, And Parts Thereof",1885,626482,0,0.0,nodata,626482,0,0.0,nodata,Value,0,
Toys,1884,626370,0,0.0,nodata,626370,0,0.0,nodata,Value,0,
"China, Or Porcelain, And Earthenware",1893,625532,700213,1.1194,over,201963,203124,1.0057,within5,Cwt,16,
"Stones, Marble, And Slate : Rough, Hewn Or Manufactured : (Other Than Works Of Art)",1889,625458,0,0.0,nodata,399122,0,0.0,nodata,Ton,0,
"Silk — Knubs Or Husks Of Silk, And Waste",1871,624945,0,0.0,nodata,38984,0,0.0,nodata,Cwt,0,
Nuts And Kernels — Commonly Used For Expressing Oil Therefrom,1887,624348,623848,0.9992,exact01,56774,56774,1.0,exact01,Ton,12,
For Expressing Oil Therefrom,1887,624348,0,0.0,nodata,56774,0,0.0,nodata,Ton,0,
Wood And Timber — Staves,1872,623627,623627,1.0,exact01,66277,66277,1.0,exact01,Load,6,
Bones Of All Kinds (Except Whalefins),1876,623371,0,0.0,nodata,95648,0,0.0,nodata,Ton,0,
"Skins, Furs, And Pelts — Seal",1880,623278,623278,1.0,exact01,653276,653276,1.0,exact01,Number,6,
"Of Other Sorts (Including ""Nuts, For Fruit"")",1890,622936,0,0.0,nodata,622936,0,0.0,nodata,Value,0,
Glucose (Solid Or Liquid),1896,622762,3657670,5.8733,over,1539127,4391240,2.8531,over,Cwt,24,
Sugar — Glucose,1896,622762,622762,1.0,exact01,1539127,1539127,1.0,exact01,Cwt,6,
Iron — In Bars,1869,622511,0,0.0,nodata,68463,0,0.0,nodata,Ton,0,
"Esparto, And Other Materials",1868,622382,0,0.0,nodata,96339,0,0.0,nodata,Ton,0,
Opium,1881,622305,0,0.0,nodata,793146,0,0.0,nodata,Lb,0,
Straw Platting For Hats Or Bonnets,1891,622097,0,0.0,nodata,7934378,0,0.0,nodata,Lb,0,
Valonia,1875,622019,622019,1.0,exact01,24434,24434,1.0,exact01,Ton,4,
Furs Of All Sorts,1869,621938,0,0.0,nodata,621938,0,0.0,nodata,Value,0,
Of Wool (Other Than Goats'): Cloths,1900,621863,0,0.0,nodata,4086737,0,0.0,nodata,Yard,0,
"Vegetables, Raw, Unenumerated",1888,621775,0,0.0,nodata,621775,0,0.0,nodata,Value,0,
"Vegetables, Raw, Unenumerated",1889,621760,0,0.0,nodata,621760,0,0.0,nodata,Value,0,
Seeds — Rape,1872,621013,621013,1.0,exact01,246549,246549,1.0,exact01,Quarter,11,
Pig And Puddled,1899,620851,611577,0.9851,within5,171373,168821,0.9851,within5,Ton,9,
Skins And Furs — Manufactures Of,1889,620542,0,0.0,nodata,620542,0,0.0,nodata,Value,0,
"Pork, Salted And Fresh",1884,620071,0,0.0,nodata,337525,0,0.0,nodata,Cwt,0,
"China, Or Porcelain, And Earthenware",1894,619572,696108,1.1235,over,201689,203712,1.01,within5,Cwt,16,
"Substances And Extracts, Unenumerated",1894,619456,0,0.0,nodata,619456,0,0.0,nodata,Value,0,
Parcel Post (Goods Free Of Duty),1893,619118,670790,1.0835,over,502364,532184,1.0594,over,Number Of Parcels,41,
Seed,1890,618490,0,0.0,nodata,22984,0,0.0,nodata,Ton,0,
Toys,1886,618376,0,0.0,nodata,618376,0,0.0,nodata,Value,0,
Linen Yarn,1897,618375,618375,1.0,exact01,15907161,15907156,1.0,exact01,Lb,5,
"Manufactures, Unenumerated",1900,618179,0,0.0,nodata,0,0,,noanchor,Value,0,
Wood And Timber — Furniture Hardwoods And Veneers : Mahogany,1873,617910,0,0.0,nodata,53330,0,0.0,nodata,Ton,0,
Bones Of All Kinds (Except Whalefins),1883,617748,0,0.0,nodata,86346,0,0.0,nodata,Ton,0,
Confectionery,1883,617561,614261,0.9947,within5,232957,232957,1.0,exact01,Cwt,8,
Furs Of All Sorts,1874,617276,0,0.0,nodata,617276,0,0.0,nodata,Value,0,
Onions — Raw,1887,616750,616750,1.0,exact01,3645922,3645979,1.0,exact01,Bushel,12,
Seeds — Clover And Grass,1881,616624,616624,1.0,exact01,278518,278518,1.0,exact01,Cwt,6,
"House Frames, &Amp;C.",1890,616479,0,0.0,nodata,616479,0,0.0,nodata,Value,0,
"Pork, Salted And Fresh",1892,616427,0,0.0,nodata,360461,0,0.0,nodata,Cwt,0,
Oatmeal And Groats,1898,615925,616962,1.0017,within5,989480,689459,0.6968,under,Cwt,4,
Musical Instruments,1877,615702,0,0.0,nodata,615702,0,0.0,nodata,Value,0,
Spirits — Rum,1869,615191,0,0.0,nodata,5232322,0,0.0,nodata,Proof Gallon,0,
"Stones, Marble, And Slate : Rough, Hewn Or Manufactured : (Other Than Works Of Art)",1891,614909,614909,1.0,exact01,428072,428072,1.0,exact01,Ton,12,
Pepper,1899,614838,0,0.0,nodata,23903914,0,0.0,nodata,Lb,0,
Confectionery,1882,614119,614119,1.0,exact01,230346,230346,1.0,exact01,Cwt,7,
Manures — Phosphate Of Lime And Rock,1887,614088,611088,0.9951,within5,283415,283415,1.0,exact01,Ton,14,
Phosphate Of Lime And Rock,1887,614088,0,0.0,nodata,412676,0,0.0,nodata,Ton,0,
Wood And Timber — Staves,1875,614050,614050,1.0,exact01,92572,92572,1.0,exact01,Load,8,
Petroleum,1871,614017,0,0.0,nodata,8980526,0,0.0,nodata,Gallon,0,
Leather Manufactures — Unenumerated,1878,613492,0,0.0,nodata,613492,0,0.0,nodata,Value,0,
Unenumerated,1878,613492,0,0.0,nodata,613492,0,0.0,nodata,Value,0,
Olive,1896,612876,0,0.0,nodata,18853,0,0.0,nodata,Ton,0,
Pepper,1900,611906,0,0.0,nodata,22276242,0,0.0,nodata,Lb,0,
"Rags, Woollen, Applicable To Other Uses Than Manure, Torn Up Or Not",1899,611616,0,0.0,nodata,32390,0,0.0,nodata,Ton,0,
"Cocoa Or Chocolate, Ground, Prepared Or In Any Way Manufactured",1898,611493,617303,1.0095,within5,8027995,8027905,1.0,exact01,Lb,7,
Yeast,1892,611141,611066,0.9999,exact01,235029,234996,0.9999,exact01,Cwt,6,
"Lac, Seed, Shell, Stick, And Dye",1894,610870,1363409,2.2319,over,116350,270056,2.3211,over,Cwt,17,
Cutch And Gambier,1876,610615,0,0.0,nodata,26564,0,0.0,nodata,Ton,0,
"Zinc — Crude, In Cakes",1883,610302,640302,1.0492,within5,40702,40757,1.0014,within5,Ton,6,
"Animals, Living — Sheep And Lambs",1900,610125,0,0.0,nodata,382833,0,0.0,nodata,Number,0,
Musical Instruments,1878,610045,0,0.0,nodata,610045,0,0.0,nodata,Value,0,
"Zinc — Crude, In Cakes",1878,610021,610021,1.0,exact01,32722,32722,1.0,exact01,Ton,5,
Seed,1891,609890,0,0.0,nodata,23011,0,0.0,nodata,Ton,0,
Dyes Obtained From Coal Tar,1889,609236,0,0.0,nodata,609236,0,0.0,nodata,Value,0,
Manufactures Of,1892,608989,0,0.0,nodata,9055694,0,0.0,nodata,Lb,0,
"Silk — Knubs Or Husks Of Silk, And Waste",1872,608912,608912,1.0,exact01,33866,33866,1.0,exact01,Cwt,11,
"Pork, Salted And Fresh",1877,608249,0,0.0,nodata,303734,0,0.0,nodata,Cwt,0,
Olive,1898,608122,0,0.0,nodata,18044,0,0.0,nodata,Ton,0,
Furniture Woods And Hardwoods — Unenumerated,1889,608112,0,0.0,nodata,77656,0,0.0,nodata,Ton,0,
Bristles,1899,608020,645370,1.0614,over,4578248,4934014,1.0777,over,Lb,14,
Seeds — Clover And Grass,1889,607853,607853,1.0,exact01,296360,296360,1.0,exact01,Cwt,9,
"Skins, Furs, And Pelts — Seal",1881,607162,607162,1.0,exact01,700898,700898,1.0,exact01,Number,8,
Manufactures Of,1893,606521,0,0.0,nodata,9293789,0,0.0,nodata,Lb,0,
Watches,1884,606194,610580,1.0072,within5,606194,0,0.0,nodata,Value,2,
Glucose (Solid Or Liquid),1895,605780,5098420,8.4163,over,1315866,5124087,3.8941,over,Cwt,24,
Sugar — Glucose,1895,605780,0,0.0,nodata,1315866,0,0.0,nodata,Cwt,0,
"Glass — Window And German Sheet, Including Shades And Cylinders",1897,605766,605523,0.9996,exact01,1226347,1226277,0.9999,exact01,Cwt,5,
Pepper,1898,605766,0,0.0,nodata,29715185,0,0.0,nodata,Lb,0,
"Teeth, Elephants', Sea Cow, And Sea Horse",1876,605752,605752,1.0,exact01,12538,12538,1.0,exact01,Cwt,14,
Poultry And Game,1895,605160,0,0.0,nodata,605160,0,0.0,nodata,Value,0,
"Oil — Train Or Blubber, And Sperm",1883,604746,0,0.0,nodata,17156,0,0.0,nodata,Ton,0,
"Train Or Blubber, And Sperm",1883,604746,0,0.0,nodata,17156,0,0.0,nodata,Ton,0,
Wood And Timber — Staves,1871,604645,0,0.0,nodata,83962,0,0.0,nodata,Load,0,
Nuts And Kernels — Commonly Used For Expressing Oil Therefrom,1898,604363,685757,1.1347,over,51612,59028,1.1437,over,Ton,33,
Furniture Woods And Hardwoods — Unenumerated,1894,604262,0,0.0,nodata,87108,0,0.0,nodata,Ton,0,
"Tin — In Blocks, Ingots, Bars, Or Slabs, And Regulus",1870,603979,0,0.0,nodata,94787,0,0.0,nodata,Cwt,0,
"Silk — Knubs Or Husks Of Silk, And Waste",1899,603741,866442,1.4351,over,77256,97337,1.2599,over,Cwt,20,
Lace,1882,603656,0,0.0,nodata,603656,0,0.0,nodata,Value,0,
Strawboard Or Millboard,1898,603592,0,0.0,nodata,1737814,0,0.0,nodata,Cwt,0,
For Expressing Oil Therefrom,1890,603569,0,0.0,nodata,47526,0,0.0,nodata,Ton,0,
"China, Or Porcelain, And Earthenware",1883,603410,39756,0.0659,under,146471,7827,0.0534,under,Cwt,2,
Seeds — Clover And Grass,1870,603298,0,0.0,nodata,213779,0,0.0,nodata,Cwt,0,
Hops,1873,602941,602941,1.0,exact01,122729,122729,1.0,exact01,Cwt,6,
Sugar — Molasses,1869,602610,0,0.0,nodata,951730,0,0.0,nodata,Cwt,0,
"Lac, Seed, Shell, Stick, And Dye",1881,602121,602121,1.0,exact01,104273,104273,1.0,exact01,Cwt,2,
Musical Instruments,1873,602106,0,0.0,nodata,602102,0,0.0,nodata,Value,0,
"Of Other Sorts (Including ""Nuts, For Fruit"")",1893,601756,0,0.0,nodata,601756,0,0.0,nodata,Value,0,
Iron — In Bars,1868,600673,0,0.0,nodata,64689,0,0.0,nodata,Ton,0,
Furs Of All Sorts,1878,600544,0,0.0,nodata,600544,0,0.0,nodata,Value,0,
"Vegetables, Raw, Unenumerated",1887,600293,0,0.0,nodata,600293,0,0.0,nodata,Value,0,
Bones Of All Kinds (Except Whalefins),1869,600019,0,0.0,nodata,95980,0,0.0,nodata,Ton,0,
"Of Other Sorts (Including ""Nuts, For Fruit"")",1889,599802,0,0.0,nodata,599802,0,0.0,nodata,Value,0,
"China, Or Porcelain, And Earthenware",1888,599570,599570,1.0,exact01,168377,168377,1.0,exact01,Cwt,10,
Cocoa,1873,599432,728557,1.2154,over,19370625,22254745,1.1489,over,Lb,16,
Linen Yarn,1898,599346,599346,1.0,exact01,15738320,15738320,1.0,exact01,Lb,5,
Dyes Obtained From Coal Tar,1894,598963,0,0.0,nodata,598963,0,0.0,nodata,Value,0,
"Pork, Salted And Fresh",1891,598657,0,0.0,nodata,354316,0,0.0,nodata,Cwt,0,
"Of Other Sorts (Including ""Nuts, For Fruit"")",1894,598053,0,0.0,nodata,598053,0,0.0,nodata,Value,0,
"Skins, Furs, And Pelts — Seal",1884,597830,163241564,273.0568,over,713632,502963402,704.7938,over,Number,14,
Cocoa,1882,597419,243710,0.4079,under,19101646,8046069,0.4212,under,Lb,8,
"Cocoa Or Chocolate, Ground, Prepared Or In Any Way Manufactured",1897,597042,597169,1.0002,exact01,8992943,8992943,1.0,exact01,Lb,7,
Strawboard Or Millboard,1899,596970,0,0.0,nodata,1774880,0,0.0,nodata,Cwt,0,
"China, Or Porcelain, And Earthenware",1882,596202,587142,0.9848,within5,148316,148310,1.0,exact01,Cwt,7,
Opium,1871,596158,0,0.0,nodata,591466,0,0.0,nodata,Lb,0,
Fruit — Unenumerated : Raw,1871,596107,0,0.0,nodata,1128568,0,0.0,nodata,Bushel,0,
Grapes — Raw,1900,595000,0,0.0,nodata,592857,0,0.0,nodata,Bushel,0,
"Seed, Of All Kinds",1870,594933,0,0.0,nodata,13429,0,0.0,nodata,Ton,0,
Phosphate Of Lime And Rock,1893,594467,1046820,1.7609,over,323527,322927,0.9981,within5,Ton,22,
Dyes Obtained From Coal Tar,1890,594378,0,0.0,nodata,594378,0,0.0,nodata,Value,0,
"Glass — Window And German Sheet, Including Shades And Cylinders",1896,594268,596468,1.0037,within5,1184311,1181170,0.9973,within5,Cwt,6,
Slates,1892,593539,0,0.0,nodata,136063,0,0.0,nodata,Load,0,
Fruit — Raisins,1870,593527,0,0.0,nodata,365418,0,0.0,nodata,Cwt,0,
Raisins,1870,593527,0,0.0,nodata,365418,0,0.0,nodata,Cwt,0,
Spirits — Rum,1878,593092,593092,1.0,exact01,6599751,6599751,1.0,exact01,Proof Gallon,7,
"Bar, Angle, Bolt And Rod",1893,593033,593029,1.0,exact01,65820,65819,1.0,exact01,Ton,4,
Iron — In Bars,1893,593033,0,0.0,nodata,65820,0,0.0,nodata,Ton,0,
"Preserved, Otherwise Than By Salting",1875,592196,592196,1.0,exact01,171373,171373,1.0,exact01,Cwt,6,
Skins And Furs — Manufactures Of,1888,591985,0,0.0,nodata,591985,0,0.0,nodata,Value,0,
Poultry And Game (Including Rabbits),1883,591895,0,0.0,nodata,594895,0,0.0,nodata,Value,0,
Poultry And Game,1883,591895,0,0.0,nodata,594895,0,0.0,nodata,Value,0,
"House Frames, &Amp;C.",1889,591753,0,0.0,nodata,591753,0,0.0,nodata,Value,0,
Hops,1896,591582,812336,1.3732,over,207041,277415,1.3399,over,Cwt,7,
Nuts And Kernels — Commonly Used For Expressing Oil Therefrom,1897,590773,697766,1.1811,over,54212,63516,1.1716,over,Ton,37,
Unenumerated — Raw,1896,590766,0,0.0,nodata,1427105,0,0.0,nodata,Bushel,0,
"Unenumerated, Viz. : Raw",1896,590766,0,0.0,nodata,1427105,0,0.0,nodata,Bushel,0,
"Pork, Salted And Fresh",1875,590356,0,0.0,nodata,266663,0,0.0,nodata,Cwt,0,
Seeds — Clover And Grass,1886,589786,589786,1.0,exact01,289004,289004,1.0,exact01,Cwt,8,
Painters' Colours And Pigments,1874,589716,0,0.0,nodata,589716,0,0.0,nodata,Value,0,
"Preserved, Otherwise Than By Salting — Other Sorts (Other Than Bacon And Hams)",1898,589711,0,0.0,nodata,175279,0,0.0,nodata,?,0,
Preserved Otherwise Than By Salting — Other Sorts,1898,589711,0,0.0,nodata,175279,0,0.0,nodata,?,0,
Manufactures Of,1895,589455,0,0.0,nodata,10118249,0,0.0,nodata,Lb,0,
Bones Of All Kinds (Except Whalefins),1878,589397,0,0.0,nodata,90797,0,0.0,nodata,Ton,0,
Wood And Timber — Staves,1891,589362,579382,0.9831,within5,129987,130887,1.0069,within5,Load,11,
"Train Or Blubber, And Spermaceti",1879,589304,0,0.0,nodata,20196,0,0.0,nodata,Ton,0,
"Oil — Train Or Blubber, And Sperm",1879,589304,0,0.0,nodata,20190,0,0.0,nodata,Ton,0,
Seeds — Clover And Grass,1874,589268,586268,0.9949,within5,256159,246799,0.9635,within5,Cwt,6,
"Flowers, Artificial",1877,588828,0,0.0,nodata,588828,0,0.0,nodata,Value,0,
Quicksilver,1890,588761,588465,0.9995,exact01,4455733,4453483,0.9995,exact01,Lb,4,
Phosphate Of Lime And Rock,1900,588698,0,0.0,nodata,355502,0,0.0,nodata,Ton,0,
Grapes — Raw,1899,588467,589876,1.0024,within5,1157647,1159893,1.0019,within5,Bushel,12,
Grapes,1899,588467,0,0.0,nodata,1157647,0,0.0,nodata,Bushel,0,
"Silk — Knubs Or Husks Of Silk, And Waste",1882,588399,588399,1.0,exact01,44277,44277,1.0,exact01,Cwt,6,
Seeds — Clover And Grass,1880,587423,587423,1.0,exact01,271569,271569,1.0,exact01,Cwt,6,
Rum,1892,587080,0,0.0,nodata,6780993,0,0.0,nodata,Proof Gallon,0,
Straw Platting For Hats Or Bonnets,1892,586825,0,0.0,nodata,8162714,0,0.0,nodata,Lb,0,
Wood And Timber — Staves,1881,586788,586788,1.0,exact01,118688,118688,1.0,exact01,Load,8,
Dyes Obtained From Coal Tar,1891,586362,0,0.0,nodata,586362,0,0.0,nodata,Value,0,
Slates,1868,586357,0,0.0,nodata,61262,0,0.0,nodata,Load,0,
"Animals, Living — Horses",1873,585868,0,0.0,nodata,17822,0,0.0,nodata,Number,0,
"Watches, And Parts Thereof",1888,585587,0,0.0,nodata,585587,0,0.0,nodata,Value,0,
"Manganese, Ore Of",1899,585421,546083,0.9328,under,257608,256238,0.9947,within5,Ton,19,
Spirits — Rum,1879,585252,585222,0.9999,exact01,6946657,6946657,1.0,exact01,Proof Gallon,7,
Skins And Furs — Manufactures Of,1887,584745,0,0.0,nodata,584745,0,0.0,nodata,Value,0,
"Skins, Furs, And Pelts — Seal",1886,584543,584543,1.0,exact01,717121,717121,1.0,exact01,Number,13,
Nuts And Kernels — Of Other Sorts,1875,584525,0,0.0,nodata,584525,0,0.0,nodata,Value,0,
Opium,1877,584483,0,0.0,nodata,607362,0,0.0,nodata,Lb,0,
"Pork, Salted And Fresh",1882,583797,0,0.0,nodata,290587,0,0.0,nodata,Cwt,0,
Poultry And Game,1892,583430,0,0.0,nodata,583430,0,0.0,nodata,Value,0,
"Thrown, Dyed Or Not Dyed",1900,583297,0,0.0,nodata,596377,0,0.0,nodata,Lb,0,
Spices — Pepper,1882,582674,562115,0.9647,within5,24777174,24032524,0.9699,within5,Lb,3,
"Skins, Furs, And Pelts — Seal",1882,582501,582501,1.0,exact01,566150,566150,1.0,exact01,Number,9,
Glucose (Solid Or Liquid),1897,581200,3398015,5.8466,over,1610115,4572159,2.8396,over,Cwt,23,
"Yeast, Dried",1882,581123,581123,1.0,exact01,217799,220799,1.0138,within5,Cwt,4,
"Wood And Timber — Furniture, Hardwoods, And Veneers : Unenumerated",1883,581115,581115,1.0,exact01,62786,62786,1.0,exact01,Ton,26,
"Pyrites Of Iron, Copper, Or Sulphur",1868,580568,0,0.0,nodata,229720,0,0.0,nodata,Ton,0,
"Rags, Woollen, Applicable To Other Uses Than Manure, Torn Up Or Not",1898,580278,0,0.0,nodata,30152,0,0.0,nodata,Ton,0,
Seeds — Clover And Grass,1897,579258,621019,1.0721,over,299946,318428,1.0616,over,Cwt,14,
Poultry And Game,1893,578959,0,0.0,nodata,578959,0,0.0,nodata,Value,0,
"Train Or Blubber, And Spermaceti",1881,578663,0,0.0,nodata,18030,0,0.0,nodata,Ton,0,
"Oil — Train Or Blubber, And Sperm",1881,578663,0,0.0,nodata,18030,0,0.0,nodata,Ton,0,
"Train Or Blubber, And Sperm",1881,578663,0,0.0,nodata,18030,0,0.0,nodata,Ton,0,
Confectionery,1881,578258,572326,0.9897,within5,217949,217017,0.9957,within5,Cwt,6,
Cutch And Gambier,1894,577810,1142300,1.9769,over,27470,54430,1.9814,over,Ton,12,
"Rags, Woollen, Applicable To Other Uses Than Manure, Torn Up Or Not",1900,577803,0,0.0,nodata,30695,0,0.0,nodata,Ton,0,
Geldings,1895,577553,578989,1.0025,within5,22964,23036,1.0031,within5,Number,15,
Toys,1880,577397,0,0.0,nodata,577397,0,0.0,nodata,Value,0,
"Bar, Angle, Bolt And Rod",1899,577358,577246,0.9998,exact01,73156,73126,0.9996,exact01,Ton,8,
"Teeth, Elephants', Sea Cow, And Sea Horse",1874,576915,495891,0.8596,under,13365,8626,0.6454,under,Cwt,9,
Goat,1871,576398,0,0.0,nodata,5093690,0,0.0,nodata,Number,0,
Cutch And Gambier,1872,576195,0,0.0,nodata,26777,0,0.0,nodata,Ton,0,
Yeast,1893,575905,575905,1.0,exact01,221466,221462,1.0,exact01,Cwt,6,
Manufactures Of,1894,575875,0,0.0,nodata,9407079,0,0.0,nodata,Lb,0,
"Pork, Salted And Fresh",1869,575825,0,0.0,nodata,190874,0,0.0,nodata,Cwt,0,
"Teeth, Elephants', Sea Cow, And Sea Horse",1877,575693,581493,1.0101,within5,12462,11862,0.9519,within5,Cwt,13,
Gutta Percha,1889,575029,574729,0.9995,exact01,47832,47832,1.0,exact01,Cwt,7,
Wood And Timber — Teak,1895,574882,1025172,1.7833,over,59466,104269,1.7534,over,Load,11,
"Copper, Ore Of",1895,574503,809255,1.4086,over,99757,121933,1.2223,over,Ton,22,
Musical Instruments,1876,574220,0,0.0,nodata,574220,0,0.0,nodata,Value,0,
Beans (Not Kidney Or French),1899,573891,580586,1.0117,within5,1877250,1883330,1.0032,within5,Cwt,16,
"Beans (Other Than Kidney, Haricot, Locust Or French)",1899,573891,0,0.0,nodata,1877220,0,0.0,nodata,Cwt,0,
"Ivory — Teeth, Elephants', Sea Cow, And Sea Horse",1889,573820,0,0.0,nodata,12114,0,0.0,nodata,Cwt,0,
Other Kinds Of Meal And Flour,1896,573117,0,0.0,nodata,1459497,0,0.0,nodata,Cwt,0,
Skins And Furs — Manufactures Of,1890,572825,0,0.0,nodata,572825,0,0.0,nodata,Value,0,
Coco Nut,1869,572804,0,0.0,nodata,264365,0,0.0,nodata,Cwt,0,
Toys,1885,572792,0,0.0,nodata,572792,0,0.0,nodata,Value,0,
"Silk — Knubs Or Husks Of Silk, And Waste",1893,572753,576909,1.0073,within5,56839,57146,1.0054,within5,Cwt,14,
Rabbits (Dead),1898,572603,842838,1.4719,over,314398,519331,1.6518,over,Cwt,9,
Pears — Raw,1899,571832,265651,0.4646,under,571832,570842,0.9983,within5,Bushel,9,
Seeds — Of Other Sorts,1876,571430,0,0.0,nodata,571430,0,0.0,nodata,Value,0,
"Bar, Angle, Bolt And Rod",1896,570412,570149,0.9995,exact01,71058,70993,0.9991,exact01,Ton,8,
"Seed, Of All Kinds",1877,569967,0,0.0,nodata,14827,0,0.0,nodata,Ton,0,
Nuts: Almonds,1900,569887,0,0.0,nodata,140359,0,0.0,nodata,Cwt,0,
"Buttons And Studs, Not Of Metal",1877,569698,0,0.0,nodata,0,0,,noanchor,Gross,0,
"Staves, Of All Dimensions",1897,569572,569564,1.0,exact01,126745,126650,0.9993,exact01,Load,11,
"Cured, Sardines",1897,569431,569380,0.9999,exact01,197747,197747,1.0,exact01,Cwt,10,
Fresh (Not Of British Taking) — Cured Or Salted; Sardines,1897,569431,0,0.0,nodata,197747,0,0.0,nodata,Cwt,0,
Dyes Obtained From Coal Tar,1888,568962,0,0.0,nodata,568962,0,0.0,nodata,Value,0,
Spices — Pepper,1874,568102,568102,1.0,exact01,19648118,19648118,1.0,exact01,Lb,7,
Opium,1874,567754,572852,1.009,within5,514372,511072,0.9936,within5,Lb,7,
Onions — Raw,1881,567662,567662,1.0,exact01,2701019,2701019,1.0,exact01,Bushel,9,
Cordage And Twine,1891,567313,0,0.0,nodata,567313,0,0.0,nodata,Value,0,
Wood And Timber — Furniture Hardwoods And Veneers : Mahogany,1884,567188,0,0.0,nodata,62836,0,0.0,nodata,Ton,0,
"Buttons And Studs, Not Of Metal",1879,567055,0,0.0,nodata,0,0,,noanchor,Gross,0,
Straw Platting For Hats Or Bonnets,1888,566795,0,0.0,nodata,8121465,0,0.0,nodata,Lb,0,
"Copper, Ore Of",1896,566791,823089,1.4522,over,87335,109396,1.2526,over,Ton,27,
Sugar — Glucose,1892,566433,566203,0.9996,exact01,918570,918340,0.9997,exact01,Cwt,5,
"Silk — Knubs Or Husks Of Silk, And Waste",1894,566193,574397,1.0145,within5,58469,59189,1.0123,within5,Cwt,14,
Cutch And Gambier,1891,565453,1119387,1.9796,over,23926,47345,1.9788,over,Ton,10,
Wood And Timber — Staves,1887,564965,564965,1.0,exact01,137578,137578,1.0,exact01,Load,8,
Musical Instruments,1879,564509,0,0.0,nodata,564509,0,0.0,nodata,Value,0,
"Fruit — Apples, Raw",1887,563919,563919,1.0,exact01,1914460,1944460,1.0157,within5,Bushel,12,
Unenumerated — Raw,1894,563859,0,0.0,nodata,1300518,0,0.0,nodata,Bushel,0,
"Unenumerated, Viz. : Raw",1894,563859,0,0.0,nodata,1300518,0,0.0,nodata,Bushel,0,
"Zinc — Crude, In Cakes",1879,563612,563612,1.0,exact01,33903,33903,1.0,exact01,Ton,5,
Cutch And Gambier,1885,563565,1121934,1.9908,over,26312,52384,1.9909,over,Ton,9,
Opium,1883,563410,0,0.0,nodata,774069,0,0.0,nodata,Lb,0,
Silver Ore,1877,562537,0,0.0,nodata,562537,0,0.0,nodata,Value,0,
Clocks,1878,561592,561592,1.0,exact01,734022,734022,1.0,exact01,Number,6,
Opium,1875,561273,561273,1.0,exact01,536291,536291,1.0,exact01,Lb,7,
Cutch And Gambier,1878,561080,0,0.0,nodata,28613,0,0.0,nodata,Ton,0,
Oil — Turpentine,1884,560533,560533,1.0,exact01,462639,462639,1.0,exact01,Cwt,3,
"Of Other Sorts (Including ""Nuts, For Fruit"")",1884,560144,0,0.0,nodata,560144,0,0.0,nodata,Value,0,
Cordage And Twine,1894,559969,0,0.0,nodata,559969,0,0.0,nodata,Value,0,
Parcel Post (Goods Free Of Duty) - Number Of Parcels,1894,559928,0,0.0,nodata,559928,0,0.0,nodata,Cwt,0,
Cocoa,1876,559788,559788,1.0,exact01,20443591,20423591,0.999,exact01,Lb,14,
Mahogany,1893,559670,0,0.0,nodata,64817,0,0.0,nodata,Ton,0,
Furniture Wood: Mahogany,1893,559670,0,0.0,nodata,64817,0,0.0,nodata,Ton,0,
"Ivory — Teeth, Elephants', Sea Cow, And Sea Horse",1892,559083,0,0.0,nodata,11505,0,0.0,nodata,Cwt,0,
"Manufactured, Cigars And Snuff",1868,558735,0,0.0,nodata,3051399,0,0.0,nodata,Lb,0,
Cocoa,1877,558717,558717,1.0,exact01,17056364,17056364,1.0,exact01,Lb,15,
Cordage And Twine,1876,558374,0,0.0,nodata,558374,0,0.0,nodata,Value,0,
Other Farinaceous Substances,1878,558306,0,0.0,nodata,558306,0,0.0,nodata,Value,0,
Plums,1899,558273,0,0.0,nodata,558273,0,0.0,nodata,Bushel,0,
Valonia,1872,558207,0,0.0,nodata,32481,0,0.0,nodata,Ton,0,
"Wool — Alpaca, Vicuña, And Llama",1873,557802,0,0.0,nodata,4540037,0,0.0,nodata,Lb,0,
"Wool — Alpaca, Vicuña, And Llama",1874,557600,0,0.0,nodata,4182867,0,0.0,nodata,Lb,0,
Spirits — Rum,1883,556829,556799,0.9999,exact01,5979498,5979498,1.0,exact01,Proof Gallon,16,
"Bar, Angle, Bolt And Rod",1898,556549,548873,0.9862,within5,69224,69213,0.9998,exact01,Ton,8,
Bristles,1895,556204,623112,1.1203,over,3964750,4483738,1.1309,over,Lb,13,
Cutch And Gambier,1895,556120,1100500,1.9789,over,25545,50612,1.9813,over,Ton,13,
Bristles,1896,556068,589543,1.0602,over,4056279,4300994,1.0603,over,Lb,13,
Oil — Turpentine,1883,555902,555602,0.9995,exact01,350138,350108,0.9999,exact01,Cwt,8,
Seed,1892,555832,0,0.0,nodata,22033,0,0.0,nodata,Ton,0,
Linen Yarn,1887,555701,555701,1.0,exact01,14161645,14161642,1.0,exact01,Lb,5,
"Bar, Angle, Bolt And Rod",1894,555558,555524,0.9999,exact01,63247,63241,0.9999,exact01,Ton,6,
Iron — In Bars,1894,555558,0,0.0,nodata,63247,0,0.0,nodata,Ton,0,
"Skins, Furs, And Pelts — Seal",1879,555270,555270,1.0,exact01,964208,964208,1.0,exact01,Number,7,
Clocks,1880,555018,555018,1.0,exact01,870029,870029,1.0,exact01,Number,6,
Toys,1883,555012,0,0.0,nodata,555012,0,0.0,nodata,Value,0,
Still,1897,554928,0,0.0,nodata,1032867,0,0.0,nodata,?,0,
Toys,1878,554926,0,0.0,nodata,554926,0,0.0,nodata,Value,0,
Dyes Obtained From Coal Tar,1884,554880,0,0.0,nodata,554880,0,0.0,nodata,Value,0,
Wood And Timber — Staves,1884,554870,554870,1.0,exact01,134948,135083,1.001,within5,Load,8,
"China, Or Porcelain, And Earthenware",1881,554813,0,0.0,nodata,134487,0,0.0,nodata,Cwt,0,
"Ivory — Teeth, Elephants', Sea Cow, And Sea Horse",1880,554494,0,0.0,nodata,13435,0,0.0,nodata,Cwt,0,
"Meat — Salted Or Fresh, Not Otherwise Described",1896,554064,567745,1.0247,within5,279390,285622,1.0223,within5,Cwt,16,
Apples — Raw,1883,553488,0,0.0,nodata,2251925,0,0.0,nodata,Bushel,0,
Almonds,1898,553431,493081,0.891,under,170274,169754,0.9969,within5,Cwt,12,
Nuts: Almonds,1898,553431,0,0.0,nodata,170274,0,0.0,nodata,Cwt,0,
Olive,1899,553286,0,0.0,nodata,15939,0,0.0,nodata,Ton,0,
Spirits — Rum,1890,552997,553027,1.0001,exact01,6237773,6236873,0.9999,exact01,Proof Gallon,14,
Seeds — Clover And Grass,1891,552979,552949,0.9999,exact01,256920,256920,1.0,exact01,Cwt,8,
Coco Nut,1900,552743,0,0.0,nodata,552743,0,0.0,nodata,Cwt,0,
Cordage And Twine,1874,552665,0,0.0,nodata,552665,0,0.0,nodata,Value,0,
"Wool — Alpaca, Vicuña, And Llama",1875,551870,551870,1.0,exact01,4162308,4162308,1.0,exact01,Lb,4,
"Of Other Sorts (Including ""Nuts, For Fruit"")",1887,551623,0,0.0,nodata,551623,0,0.0,nodata,Value,0,
"Drugs — Bark, Peruvian",1888,551568,988281,1.7918,over,144820,270310,1.8665,over,Cwt,18,
"Teeth, Elephants', Sea Cow, And Sea Horse",1880,551494,667455,1.2103,over,13435,8972,0.6678,under,Cwt,14,
Madder — Root,1868,551289,0,0.0,nodata,178481,0,0.0,nodata,Cwt,0,
"Beef, Salted And Fresh",1868,550663,0,0.0,nodata,245120,0,0.0,nodata,Cwt,0,
"China, Or Porcelain, And Earthenware",1884,550600,41852,0.076,under,143556,6896,0.048,under,Cwt,2,
"Skins, Furs, And Pelts — Seal",1894,550594,552110,1.0028,within5,701773,709168,1.0105,within5,Number,24,
"Furs, Seal",1894,550594,0,0.0,nodata,701773,0,0.0,nodata,Number,0,
Seal Skins,1894,550594,0,0.0,nodata,701773,0,0.0,nodata,Number,0,
Nuts And Kernels — Of Other Sorts,1874,550463,0,0.0,nodata,550463,0,0.0,nodata,Value,0,
Valonia,1874,550232,0,0.0,nodata,26336,0,0.0,nodata,Ton,0,
Mares,1900,549774,0,0.0,nodata,21150,0,0.0,nodata,Number,0,
Seeds — Clover And Grass,1899,549743,600222,1.0918,over,299268,325423,1.0874,over,Cwt,15,
"Bar, Angle, Bolt And Rod",1895,549534,549482,0.9999,exact01,67749,67731,0.9997,exact01,Ton,7,
Grapes — Raw,1898,549513,50558,0.092,under,1135759,1138231,1.0022,within5,Bushel,11,
Grapes,1898,549513,0,0.0,nodata,1135759,0,0.0,nodata,Bushel,0,
"Ivory — Teeth, Elephants', Sea Cow, And Sea Horse",1891,549359,39902,0.0726,under,10952,879,0.0803,under,Cwt,1,
"Tin — In Blocks, Ingots, Bars, Or Slabs, And Regulus",1868,549130,0,0.0,nodata,113440,0,0.0,nodata,Cwt,0,
Cutch And Gambier,1896,548756,1083059,1.9737,over,26844,53032,1.9756,over,Ton,13,
Cordage And Twine,1883,548674,0,0.0,nodata,548674,0,0.0,nodata,Value,0,
Cutch And Gambier,1892,548395,1081257,1.9717,over,25200,49769,1.975,over,Ton,10,
Painters' Colours And Pigments,1873,548327,0,0.0,nodata,548327,0,0.0,nodata,Value,0,
Horses,1894,548058,0,0.0,nodata,22866,0,0.0,nodata,Cwt,0,
Mechanical,1899,547897,0,0.0,nodata,0,0,,noanchor,?,0,
Quicksilver,1889,547752,547752,1.0,exact01,4958563,4958563,1.0,exact01,Lb,5,
"Skins And Furs — Goat, Undressed",1887,547072,0,0.0,nodata,4889119,0,0.0,nodata,Number,0,
Embroidery And Needlework,1894,546906,0,0.0,nodata,546906,0,0.0,nodata,Value,0,
Yeast,1894,546904,546909,1.0,exact01,213153,213153,1.0,exact01,Cwt,8,
"Silk — Knubs Or Husks Of Silk, And Waste",1900,546476,0,0.0,nodata,60720,0,0.0,nodata,Cwt,0,
Spirits — Rum,1885,546420,546420,1.0,exact01,6877581,6874576,0.9996,exact01,Proof Gallon,15,
Toys,1881,546206,0,0.0,nodata,546206,0,0.0,nodata,Value,0,
"Skins And Furs — Goat, Undressed",1886,545688,0,0.0,nodata,5158176,0,0.0,nodata,Number,0,
Coco Nut,1899,545642,0,0.0,nodata,458297,0,0.0,nodata,Cwt,0,
"Silk — Knubs Or Husks Of Silk, And Waste",1898,545486,686671,1.2588,over,70821,88913,1.2555,over,Cwt,19,
"House Frames, &Amp;C.",1886,545305,0,0.0,nodata,545305,0,0.0,nodata,Value,0,
Silver Ore,1875,545164,0,0.0,nodata,545164,0,0.0,nodata,Value,0,
Phosphate Of Lime And Rock,1888,544919,0,0.0,nodata,419293,0,0.0,nodata,Ton,0,
"Yeast, Dried",1880,544783,544783,1.0,exact01,208123,208123,1.0,exact01,Cwt,5,
"Silk — Knubs Or Husks Of Silk, And Waste",1896,544672,737852,1.3547,over,62923,84678,1.3457,over,Cwt,22,
Rabbits (Dead),1897,543494,794214,1.4613,over,276458,444390,1.6074,over,Cwt,10,
Clocks,1879,543411,543441,1.0001,exact01,829916,829916,1.0,exact01,Number,6,
Valonia,1879,542949,0,0.0,nodata,34217,0,0.0,nodata,Ton,0,
Dyes Obtained From Coal Tar,1887,542806,0,0.0,nodata,512806,0,0.0,nodata,Value,0,
Dyes Obtained From Coal Tar,1892,542212,0,0.0,nodata,542242,0,0.0,nodata,Value,0,
Glucose (Solid Or Liquid),1894,542195,4374595,8.0683,over,1062074,4147701,3.9053,over,Cwt,24,
Sugar — Glucose,1894,542195,542195,1.0,exact01,1062074,1062074,1.0,exact01,Cwt,5,
Other Kinds Of Meal And Flour,1878,542160,0,0.0,nodata,867364,0,0.0,nodata,Cwt,0,
"Yeast, Dried",1881,542149,542149,1.0,exact01,206687,206687,1.0,exact01,Cwt,4,
Cordage And Twine,1877,542048,0,0.0,nodata,542048,0,0.0,nodata,Value,0,
Indigo,1900,542039,0,0.0,nodata,33877,0,0.0,nodata,Cwt,0,
Slates,1894,541797,1401988,2.5877,over,132145,0,0.0,nodata,Load,48,
"Staves, Of All Dimensions",1894,541797,539988,0.9967,within5,132145,131842,0.9977,within5,Load,11,
Cordage And Twine,1890,541275,0,0.0,nodata,541275,0,0.0,nodata,Value,0,
Furs Of All Sorts,1871,541209,0,0.0,nodata,541209,0,0.0,nodata,Value,0,
Preserved Otherwise Than By Salting — Other Sorts,1895,540908,0,0.0,nodata,184943,0,0.0,nodata,?,0,
"Vegetables, Raw, Unenumerated",1886,540670,0,0.0,nodata,540670,0,0.0,nodata,Value,0,
"Preserved, Otherwise Than By Salting — Other Sorts (Other Than Bacon And Hams)",1897,540657,0,0.0,nodata,197975,0,0.0,nodata,?,0,
Preserved Otherwise Than By Salting — Other Sorts,1897,540657,0,0.0,nodata,197975,0,0.0,nodata,?,0,
Manures — Guano,1886,540517,540517,1.0,exact01,69209,69209,1.0,exact01,Ton,13,
Oil — Coco-Nut,1880,540233,540233,1.0,exact01,318454,315154,0.9896,within5,Cwt,5,
Coco Nut,1880,540233,0,0.0,nodata,318454,0,0.0,nodata,Cwt,0,
Gutta Percha,1882,539814,539814,1.0,exact01,72936,72936,1.0,exact01,Cwt,3,
"Bar, Angle, Bolt And Rod",1897,539669,998079,1.8494,over,68152,55866,0.8197,under,Ton,7,
Wood And Timber — Staves,1885,539235,539235,1.0,exact01,124849,124849,1.0,exact01,Load,9,
Pig And Puddled,1898,537690,795658,1.4798,over,159523,219843,1.3781,over,Ton,9,
"China, Or Porcelain, And Earthenware",1887,537626,537626,1.0,exact01,157270,157270,1.0,exact01,Cwt,10,
"Esparto, And Other Materials",1869,537585,0,0.0,nodata,89156,0,0.0,nodata,Ton,0,
Bones Of All Kinds (Except Whalefins),1873,537531,0,0.0,nodata,79559,0,0.0,nodata,Ton,0,
"Ivory — Teeth, Elephants', Sea Cow, And Sea Horse",1888,537527,0,0.0,nodata,11763,0,0.0,nodata,Cwt,0,
"Beans (Other Than Kidney, Haricot, Locust Or French)",1900,536898,0,0.0,nodata,1717760,0,0.0,nodata,Cwt,0,
Still,1896,536801,0,0.0,nodata,987117,0,0.0,nodata,?,0,
Shells Of All Kinds,1892,536612,0,0.0,nodata,536612,0,0.0,nodata,Value,0,
Wool — Goats' Wool Or Hair,1870,536162,0,0.0,nodata,3078506,0,0.0,nodata,Lb,0,
Cordage And Twine,1873,536121,0,0.0,nodata,536121,0,0.0,nodata,Value,0,
Wood And Timber — Staves,1869,536068,0,0.0,nodata,60450,0,0.0,nodata,Load,0,
Yarn,1880,536031,536031,1.0,exact01,9001127,8970827,0.9966,within5,Lb,3,
Oil — Seed,1881,535878,535878,1.0,exact01,17102,17102,1.0,exact01,Ton,5,
"Seed, Of All Kinds",1881,535878,0,0.0,nodata,17102,0,0.0,nodata,Ton,0,
Seed,1881,535878,0,0.0,nodata,17102,0,0.0,nodata,Ton,0,
"Animals, Living — Horses",1874,535771,0,0.0,nodata,12033,0,0.0,nodata,Number,0,
Cochineal (Including Granilla And Dust),1873,535691,535691,1.0,exact01,42263,42263,1.0,exact01,Cwt,9,
Petroleum,1870,535272,0,0.0,nodata,6859385,0,0.0,nodata,Gallon,0,
Parcel Post (Goods Free Of Duty),1892,535243,0,0.0,nodata,464792,0,0.0,nodata,Number Of Parcels,0,
Shells Of All Kinds,1893,535165,2267685,4.2374,over,535165,0,0.0,nodata,Value,24,
Cordage And Twine,1892,535013,0,0.0,nodata,585043,0,0.0,nodata,Value,0,
Onions — Raw,1880,534357,534357,1.0,exact01,2256897,2253897,0.9987,within5,Bushel,7,
Chemical Manufactures And Pro-Ducts,1870,533406,0,0.0,nodata,533406,0,0.0,nodata,Value,0,
Valonia,1878,532855,532855,1.0,exact01,28677,28677,1.0,exact01,Ton,3,
Bristles,1894,532733,601335,1.1288,over,3677311,4198938,1.1419,over,Lb,14,
"Manufactures, Unenumerated",1898,532480,0,0.0,nodata,0,0,,noanchor,Value,0,
Wood And Timber — Staves,1886,532117,529117,0.9944,within5,130717,130717,1.0,exact01,Load,9,
Onions — Raw,1884,532007,532007,1.0,exact01,3037406,3034406,0.999,exact01,Bushel,11,
Bones Of All Kinds (Except Whalefins),1884,531928,0,0.0,nodata,82291,0,0.0,nodata,Ton,0,
Cocoa,1874,531892,531562,0.9994,exact01,17909478,17906448,0.9998,exact01,Lb,15,
"Oil — Train Or Blubber, And Sperm",1882,531663,0,0.0,nodata,15945,0,0.0,nodata,Ton,0,
"Train Or Blubber, And Sperm",1882,531663,0,0.0,nodata,15945,0,0.0,nodata,Ton,0,
Chemical Manufactures And Pro-Ducts,1868,531497,0,0.0,nodata,531497,0,0.0,nodata,Value,0,
"Oil — Train Or Blubber, And Sperm",1884,530805,0,0.0,nodata,17489,0,0.0,nodata,Ton,0,
"Train Or Blubber, And Sperm",1884,530805,0,0.0,nodata,17489,0,0.0,nodata,Ton,0,
Cutch And Gambier,1893,530726,1049981,1.9784,over,24913,49399,1.9829,over,Ton,13,
"Preserved Without Sugar, Other Than Dried",1897,530574,884246,1.6666,over,65816306,105230520,1.5989,over,Lb,30,
Preserved Without Sugar,1897,530574,0,0.0,nodata,65816306,0,0.0,nodata,Lb,0,
"Preserved Without Sugar, Other Than Dried",1896,530457,530407,0.9999,exact01,62986516,62986516,1.0,exact01,Lb,13,
Preserved Without Sugar,1896,530457,0,0.0,nodata,62986516,0,0.0,nodata,Lb,0,
Grapes — Raw,1893,530448,537411,1.0131,within5,978505,987009,1.0087,within5,Bushel,12,
Other Farinaceous Substances,1879,530355,0,0.0,nodata,530355,0,0.0,nodata,Value,0,
"Lac, Seed, Shell, Stick, And Dye",1876,530017,529987,0.9999,exact01,98855,98855,1.0,exact01,Cwt,3,
Silver Ore,1878,529785,0,0.0,nodata,529785,0,0.0,nodata,Value,0,
Lace,1872,529497,0,0.0,nodata,529497,0,0.0,nodata,Value,0,
Spirits — Rum,1880,528825,528825,1.0,exact01,6107661,6107661,1.0,exact01,Proof Gallon,7,
"Silk — Knubs Or Husks Of Silk, And Waste",1892,528822,528822,1.0,exact01,46392,46392,1.0,exact01,Cwt,11,
"Skins And Furs — Goat, Undressed",1885,528597,0,0.0,nodata,5691659,0,0.0,nodata,Number,0,
Gutta Percha,1880,527872,34245,0.0649,under,65856,4005,0.0608,under,Cwt,3,
"Flowers, Artificial",1878,527832,0,0.0,nodata,527832,0,0.0,nodata,Value,0,
Onions — Raw,1882,527781,527781,1.0,exact01,3114454,3114454,1.0,exact01,Bushel,9,
Bottles,1899,527534,527534,1.0,exact01,1206959,1266959,1.0497,within5,Gross,8,
Lace,1881,527403,0,0.0,nodata,527403,0,0.0,nodata,Value,0,
Spices — Pepper,1871,527344,0,0.0,nodata,23667727,0,0.0,nodata,Lb,0,
"Animals, Living — Sheep And Lambs",1868,527161,0,0.0,nodata,341155,0,0.0,nodata,Number,0,
"Flowers, Artificial",1876,527001,0,0.0,nodata,527001,0,0.0,nodata,Value,0,
Phosphate Of Lime And Rock,1886,526885,0,0.0,nodata,223111,0,0.0,nodata,Ton,0,
Clocks,1882,526691,526631,0.9999,exact01,950634,940694,0.9895,within5,Number,6,
Painters' Colours And Pigments,1872,526666,0,0.0,nodata,526666,0,0.0,nodata,Value,0,
Valonia,1882,526361,0,0.0,nodata,35604,0,0.0,nodata,Ton,0,
Bones Of All Kinds (Except Whalefins),1880,525997,0,0.0,nodata,89449,0,0.0,nodata,Ton,0,
Cordage And Twine,1882,525814,0,0.0,nodata,525814,0,0.0,nodata,Value,0,
Toys,1882,525597,0,0.0,nodata,525597,0,0.0,nodata,Value,0,
Unenumerated — Raw,1870,525064,0,0.0,nodata,1221099,0,0.0,nodata,Bushel,0,
Nuts And Kernels — Of Other Sorts,1876,524964,0,0.0,nodata,524964,0,0.0,nodata,Value,0,
Bristles,1900,524875,0,0.0,nodata,3735156,0,0.0,nodata,Lb,0,
Valonia,1873,524490,0,0.0,nodata,28977,0,0.0,nodata,Ton,0,
Hops,1897,524297,764765,1.4586,over,164154,242662,1.4783,over,Cwt,7,
"Of Other Sorts (Including ""Nuts, For Fruit"")",1888,523993,0,0.0,nodata,523993,0,0.0,nodata,Value,0,
Oatmeal And Groats,1900,523765,0,0.0,nodata,837440,0,0.0,nodata,Cwt,0,
Cutch And Gambier,1874,523760,0,0.0,nodata,21032,0,0.0,nodata,Ton,0,
"Beef, Salted And Fresh",1874,523326,0,0.0,nodata,261721,0,0.0,nodata,Cwt,0,
"Drugs, Unenumerated",1876,523193,0,0.0,nodata,523193,0,0.0,nodata,Value,0,
Olive,1895,522811,0,0.0,nodata,14834,0,0.0,nodata,Ton,0,
Mahogany,1894,521859,0,0.0,nodata,65494,0,0.0,nodata,Ton,0,
Furniture Wood: Mahogany,1894,521859,0,0.0,nodata,65494,0,0.0,nodata,Ton,0,
Wood And Timber — Furniture Woods: Mahogany,1894,521859,0,0.0,nodata,65494,0,0.0,nodata,Ton,0,
"Wool — Alpaca, Vicuña, And Llama",1872,521839,515406,0.9877,within5,3878739,3830677,0.9876,within5,Lb,3,
For Expressing Oil Therefrom,1879,521770,0,0.0,nodata,34366,0,0.0,nodata,Ton,0,
Valonia,1884,521621,0,0.0,nodata,34447,0,0.0,nodata,Ton,0,
"China, Or Porcelain, And Earthenware",1886,521418,521418,1.0,exact01,157013,157043,1.0002,exact01,Cwt,10,
Lace,1877,521384,0,0.0,nodata,521384,0,0.0,nodata,Value,0,
"Oil — Train Or Blubber, And Sperm",1885,520412,0,0.0,nodata,18380,0,0.0,nodata,Ton,0,
"Train Or Blubber, And Sperm",1885,520412,0,0.0,nodata,18380,0,0.0,nodata,Ton,0,
Oil — Turpentine,1895,520065,520944,1.0017,within5,503683,504313,1.0013,within5,Cwt,5,
Valonia,1880,520054,0,0.0,nodata,33773,0,0.0,nodata,Ton,0,
Sugar — Molasses,1868,519968,0,0.0,nodata,846464,0,0.0,nodata,Cwt,0,
"Beef, Salted And Fresh",1873,519815,0,0.0,nodata,260554,0,0.0,nodata,Cwt,0,
"Preserved, Otherwise Than By Salting — Other Sorts (Other Than Bacon And Hams)",1896,519711,0,0.0,nodata,177238,0,0.0,nodata,?,0,
Preserved Otherwise Than By Salting — Other Sorts,1896,519711,0,0.0,nodata,177238,0,0.0,nodata,?,0,
Gutta Percha,1892,519511,1015607,1.9549,over,45497,88396,1.9429,over,Cwt,10,
Leather Manufactures — Boots And Shoes,1896,519037,0,0.0,nodata,172840,0,0.0,nodata,Dozen Pairs,0,
Boots And Shoes,1896,519037,518234,0.9985,within5,172840,172591,0.9986,within5,Dozen Pairs,6,
"Silk — Knubs Or Husks Of Silk, And Waste",1869,519033,0,0.0,nodata,29198,0,0.0,nodata,Cwt,0,
"Cured, Sardines",1896,518855,518855,1.0,exact01,175723,175693,0.9998,exact01,Cwt,10,
Fresh (Not Of British Taking) — Cured Or Salted; Sardines,1896,518855,0,0.0,nodata,175723,0,0.0,nodata,Cwt,0,
Bristles,1893,518757,576238,1.1108,over,3466244,3922244,1.1316,over,Lb,16,
Cordage And Twine,1884,518678,0,0.0,nodata,518678,0,0.0,nodata,Value,0,
"China, Or Porcelain, And Earthenware",1885,518496,0,0.0,nodata,146830,0,0.0,nodata,Cwt,0,
Oil — Turpentine,1888,517901,517951,1.0001,exact01,359070,359070,1.0,exact01,Cwt,5,
Oil — Seed,1880,517812,517812,1.0,exact01,16754,16724,0.9982,within5,Ton,6,
"Seed, Of All Kinds",1880,517812,0,0.0,nodata,16754,0,0.0,nodata,Ton,0,
Bristles,1872,517809,518406,1.0012,within5,3068095,3068095,1.0,exact01,Lb,6,
Pig And Puddled,1897,517656,516372,0.9975,within5,158003,157431,0.9964,within5,Ton,8,
Madder — Garancine,1868,517180,0,0.0,nodata,79612,0,0.0,nodata,Cwt,0,
Oil — Turpentine,1897,516887,53017,0.1026,under,502790,517861,1.03,within5,Cwt,5,
Dye Woods — Logwood,1896,516792,2552126,4.9384,over,76075,7086791,93.1553,over,Ton,40,
Logwood,1896,516792,0,0.0,nodata,76075,0,0.0,nodata,Ton,0,
"Meat — Salted Or Fresh, Not Otherwise Described",1881,516551,516551,1.0,exact01,178256,178256,1.0,exact01,Cwt,7,
"Meat, Salted Or Fresh",1881,516551,0,0.0,nodata,178256,0,0.0,nodata,Cwt,0,
"Lac, Seed, Shell, Stick, And Dye",1893,516016,1029699,1.9955,over,109463,218011,1.9916,over,Cwt,12,
Olive,1897,515531,0,0.0,nodata,15440,0,0.0,nodata,Ton,0,
"Teeth, Elephants', Sea Cow, And Sea Horse",1881,514264,16688677381,32451.5762,over,12377,26960337,2178.261,over,Cwt,9,
"Ivory — Teeth, Elephants', Sea Cow, And Sea Horse",1881,514264,0,0.0,nodata,12377,0,0.0,nodata,Cwt,0,
Bristles,1897,514123,587718,1.1431,over,4007693,4601221,1.1481,over,Lb,14,
Almonds,1899,514023,0,0.0,nodata,146153,0,0.0,nodata,Cwt,0,
Nuts: Almonds,1899,514023,0,0.0,nodata,146153,0,0.0,nodata,Cwt,0,
Chemical Manufactures And Pro-Ducts,1869,513777,0,0.0,nodata,513777,0,0.0,nodata,Value,0,
For Expressing Oil Therefrom,1878,513507,0,0.0,nodata,32557,0,0.0,nodata,Ton,0,
Clocks,1877,513387,513387,1.0,exact01,687271,687271,1.0,exact01,Number,6,
Unenumerated — Raw,1895,513261,0,0.0,nodata,1249563,0,0.0,nodata,Bushel,0,
"Unenumerated, Viz. : Raw",1895,513261,0,0.0,nodata,1249563,0,0.0,nodata,Bushel,0,
"Staves, Of All Dimensions",1893,512866,0,0.0,nodata,131708,0,0.0,nodata,Load,0,
Slates,1893,512811,1427529,2.7837,over,131708,0,0.0,nodata,Load,54,
Watches,1878,512468,0,0.0,nodata,512468,0,0.0,nodata,Value,0,
"Clocks, And Parts Thereof",1890,512419,0,0.0,nodata,512419,0,0.0,nodata,Value,0,
"House Frames, &Amp;C.",1888,511952,0,0.0,nodata,511952,0,0.0,nodata,Value,0,
Lace,1870,511921,0,0.0,nodata,511921,0,0.0,nodata,Value,0,
Unenumerated — Raw,1868,511915,0,0.0,nodata,337631,0,0.0,nodata,Bushel,0,
Nuts And Kernels — Of Other Sorts,1873,511910,0,0.0,nodata,511910,0,0.0,nodata,Value,0,
For Expressing Oil Therefrom,1875,511261,0,0.0,nodata,36745,0,0.0,nodata,Ton,0,
Watches,1883,511188,511188,1.0,exact01,511188,0,0.0,nodata,Value,10,
Cutch And Gambier,1871,511095,0,0.0,nodata,30546,0,0.0,nodata,Ton,0,
Boots And Shoes,1898,510873,449856,0.8806,under,182261,181967,0.9984,within5,Dozen Pairs,6,
"Zinc — Crude, In Cakes",1875,510827,510827,1.0,exact01,22638,22638,1.0,exact01,Ton,6,
"Flowers, Artificial",1875,510800,0,0.0,nodata,510800,0,0.0,nodata,Value,0,
"Of Other Sorts (Including ""Nuts, For Fruit"")",1880,510277,0,0.0,nodata,510277,0,0.0,nodata,Value,0,
Dyes Obtained From Coal Tar,1886,509750,0,0.0,nodata,509750,0,0.0,nodata,Value,0,
Cochineal (Including Granilla And Dust),1872,509605,509605,1.0,exact01,39132,39102,0.9992,exact01,Cwt,8,
Lace,1876,509323,0,0.0,nodata,509323,0,0.0,nodata,Value,0,
Oil — Seed,1879,508975,505945,0.994,within5,15805,15865,1.0038,within5,Ton,6,
"Seed, Of All Kinds",1879,508975,0,0.0,nodata,15865,0,0.0,nodata,Ton,0,
Seeds — Clover And Grass,1900,508913,0,0.0,nodata,261957,0,0.0,nodata,Cwt,0,
For Expressing Oil Therefrom,1881,508906,0,0.0,nodata,38173,0,0.0,nodata,Ton,0,
"Lac, Seed, Shell, Stick, And Dye",1882,508357,508357,1.0,exact01,112025,112025,1.0,exact01,Cwt,3,
"Yeast, Dried",1879,508158,508158,1.0,exact01,194726,194726,1.0,exact01,Cwt,5,
Skins And Furs — Manufactures Of,1886,507750,0,0.0,nodata,507750,0,0.0,nodata,Value,0,
Quicksilver,1891,507503,507503,1.0,exact01,4707804,4707804,1.0,exact01,Lb,4,
"Teeth, Elephants', Sea Cow, And Sea Horse",1869,507319,0,0.0,nodata,14599,0,0.0,nodata,Cwt,0,
"Silk — Knubs Or Husks Of Silk, And Waste",1895,506940,685394,1.352,over,56435,75966,1.3461,over,Cwt,19,
Cordage And Twine,1886,506781,0,0.0,nodata,506781,0,0.0,nodata,Value,0,
Onions — Raw,1886,506710,506612,0.9998,exact01,3633587,3633087,0.9999,exact01,Bushel,9,
Seeds — Rape,1886,506684,506684,1.0,exact01,372318,372310,1.0,exact01,Quarter,10,
"Teeth, Elephants', Sea Cow, And Sea Horse",1873,506629,339369,0.6699,under,13385,9008,0.673,under,Cwt,6,
"Skins, Furs, And Pelts — Seal",1887,506323,506323,1.0,exact01,604183,601186,0.995,within5,Number,14,
"Clocks, And Parts Thereof",1891,506092,0,0.0,nodata,506092,0,0.0,nodata,Value,0,
Spirits — Rum,1887,505982,538380,1.064,over,6362070,6589972,1.0358,within5,Proof Gallon,24,
Oatmeal And Groats,1899,505464,505414,0.9999,exact01,789810,789810,1.0,exact01,Cwt,4,
"Skins, Furs, And Pelts — Seal",1892,504819,510792,1.0118,within5,724329,728480,1.0057,within5,Number,16,
"Furs, Seal",1892,504819,0,0.0,nodata,724329,0,0.0,nodata,Number,0,
Dyes Obtained From Coal Tar,1893,504318,0,0.0,nodata,504318,0,0.0,nodata,Value,0,
Watches,1877,504164,0,0.0,nodata,504164,0,0.0,nodata,Value,0,
"Iron And Steel, Wrought Or Manufactured",1868,503714,0,0.0,nodata,242091,0,0.0,nodata,Cwt,0,
"Cocoa Or Chocolate, Ground, Prepared Or In Any Way Manufactured",1899,503103,503205,1.0002,exact01,5152640,5152610,1.0,exact01,Lb,7,
Gutta Percha,1881,502906,0,0.0,nodata,68445,0,0.0,nodata,Cwt,0,
Manures — Phosphate Of Lime And Rock,1898,502422,506529,1.0082,within5,330610,392039,1.1858,over,Ton,19,
Phosphate Of Lime And Rock,1898,502422,502386,0.9999,exact01,330610,332142,1.0046,within5,Ton,19,
Madder — Garancine,1869,502372,0,0.0,nodata,30510,0,0.0,nodata,Cwt,0,
Cordage And Twine,1893,502145,0,0.0,nodata,502145,0,0.0,nodata,Value,0,
Yarn,1891,501899,505319,1.0068,within5,3021391,9485860,3.1396,over,Lb,7,
"Rags, Woollen, Applicable To Other Uses Than Manure, Torn Up Or Not",1892,501807,501807,1.0,exact01,25232,25232,1.0,exact01,Ton,15,
Valonia,1890,501669,0,0.0,nodata,25272,0,0.0,nodata,Ton,0,
Mahogany,1892,501213,0,0.0,nodata,56315,0,0.0,nodata,Ton,0,
Spices — Unenumerated,1883,501133,501133,1.0,exact01,18378581,18378551,1.0,exact01,Lb,15,
Poultry And Game (Including Rabbits),1882,501008,0,0.0,nodata,501008,0,0.0,nodata,Value,0,
Poultry And Game,1882,501008,0,0.0,nodata,501008,0,0.0,nodata,Value,0,
"Flowers, Artificial",1882,500934,0,0.0,nodata,500934,0,0.0,nodata,Value,0,
Other Farinaceous Substances,1877,500077,0,0.0,nodata,500077,0,0.0,nodata,Value,0,
Silver Ore,1876,499775,0,0.0,nodata,499775,0,0.0,nodata,Value,0,
Spices — Pepper,1877,499254,499254,1.0,exact01,28643635,28643635,1.0,exact01,Lb,4,
Strawboard Or Millboard,1897,498914,0,0.0,nodata,1482062,0,0.0,nodata,Cwt,0,
Linen Yarn,1886,498824,498824,1.0,exact01,12424610,12424610,1.0,exact01,Lb,5,
Bristles,1891,498398,554196,1.112,over,3413475,3806844,1.1152,over,Lb,14,
Oil — Turpentine,1881,498195,498195,1.0,exact01,285492,285492,1.0,exact01,Cwt,2,
Poultry And Game,1890,497857,0,0.0,nodata,497857,0,0.0,nodata,Value,0,
Plums — Raw,1897,497783,495993,0.9964,within5,1043819,1042891,0.9991,exact01,Bushel,6,
Plums,1897,497783,0,0.0,nodata,1043819,0,0.0,nodata,Bushel,0,
"Flowers, Artificial",1881,497644,0,0.0,nodata,497644,0,0.0,nodata,Value,0,
Gutta Percha — Raw,1870,496951,0,0.0,nodata,34514,0,0.0,nodata,Cwt,0,
"Ivory — Teeth, Elephants', Sea Cow, And Sea Horse",1885,496558,0,0.0,nodata,9896,0,0.0,nodata,Cwt,0,
"Iron And Steel, Wrought Or Manufactured",1869,495404,0,0.0,nodata,390684,0,0.0,nodata,Cwt,0,
Grapes — Raw,1897,495017,503691,1.0175,within5,993713,1004884,1.0112,within5,Bushel,12,
Grapes,1897,495017,0,0.0,nodata,993713,0,0.0,nodata,Bushel,0,
Embroidery And Needlework,1893,494768,0,0.0,nodata,494768,0,0.0,nodata,Value,0,
Bones Of All Kinds (Except Whalefins),1891,494271,0,0.0,nodata,92773,0,0.0,nodata,Ton,0,
Wood And Timber — Furniture Hardwoods And Veneers : Mahogany,1883,494110,0,0.0,nodata,50158,0,0.0,nodata,Ton,0,
"Copper, Ore Of",1894,493625,660427,1.3379,over,82805,99425,1.2007,over,Ton,24,
Other Kinds Of Meal And Flour,1883,493549,0,0.0,nodata,1211416,0,0.0,nodata,Cwt,0,
Still,1898,493096,0,0.0,nodata,911179,0,0.0,nodata,?,0,
Boots And Shoes,1897,493009,487448,0.9887,within5,174662,174497,0.9991,exact01,Dozen Pairs,6,
Cochineal (Including Granilla And Dust),1875,492976,492976,1.0,exact01,40941,40941,1.0,exact01,Cwt,6,
"Zinc — Crude, In Cakes",1874,492914,492914,1.0,exact01,22193,22193,1.0,exact01,Ton,6,
Yarn,1885,492492,492492,1.0,exact01,8085237,8362281,1.0343,within5,Lb,8,
Onions — Raw,1885,492328,491428,0.9982,within5,3537616,3537616,1.0,exact01,Bushel,11,
Manures — Phosphate Of Lime And Rock,1897,491813,494759,1.006,within5,324788,326226,1.0044,within5,Ton,22,
Phosphate Of Lime And Rock,1897,491813,498722,1.014,within5,324788,326468,1.0052,within5,Ton,24,
"Silk — Knubs Or Husks Of Silk, And Waste",1870,491605,0,0.0,nodata,31360,0,0.0,nodata,Cwt,0,
Yeast,1895,491351,491351,1.0,exact01,192579,192519,0.9997,exact01,Cwt,6,
Manures — Guano,1881,491327,491327,1.0,exact01,50505,50475,0.9994,exact01,Ton,6,
"Skins, Furs, And Pelts — Seal",1895,490720,498511,1.0159,within5,663719,677016,1.02,within5,Number,25,
"Furs, Seal",1895,490720,0,0.0,nodata,663719,0,0.0,nodata,Number,0,
Seal Skins,1895,490720,0,0.0,nodata,663719,0,0.0,nodata,Number,0,
"Meat — Salted Or Fresh, Not Otherwise Described",1895,490650,509686,1.0388,within5,237468,244491,1.0296,within5,Cwt,14,
"Lac, Seed, Shell, Stick, And Dye",1883,490428,497428,1.0143,within5,115427,115427,1.0,exact01,Cwt,7,
Oil — Turpentine,1896,490381,492422,1.0042,within5,498791,500601,1.0036,within5,Cwt,5,
Wood And Timber — Furniture Hardwoods And Veneers : Mahogany,1877,489455,501963,1.0256,within5,53600,55235,1.0305,within5,Ton,9,
"Manufactured, Cigars And Snuff",1870,488913,0,0.0,nodata,3235215,0,0.0,nodata,Lb,0,
Coco Nut,1868,488463,0,0.0,nodata,194752,0,0.0,nodata,Cwt,0,
"House Frames, &Amp;C.",1887,488434,0,0.0,nodata,488434,0,0.0,nodata,Value,0,
Rags And Other Materials For Making Paper — Linen And Cotton,1884,487866,487866,1.0,exact01,36233,36233,1.0,exact01,Ton,15,
Wood And Timber — Furniture Hardwoods And Veneers : Mahogany,1885,487751,0,0.0,nodata,56053,0,0.0,nodata,Ton,0,
Mahogany,1885,487751,0,0.0,nodata,56058,0,0.0,nodata,Ton,0,
"Drugs, Unenumerated",1878,487590,0,0.0,nodata,487590,0,0.0,nodata,Value,0,
Dyes Obtained From Coal Tar,1885,487459,0,0.0,nodata,487459,0,0.0,nodata,Value,0,
Grapes — Raw,1895,486981,494639,1.0157,within5,865287,875698,1.012,within5,Bushel,12,
Grapes,1895,486981,0,0.0,nodata,865287,0,0.0,nodata,Bushel,0,
Logwood,1894,486368,0,0.0,nodata,68457,0,0.0,nodata,Ton,0,
"Copper, Ore Of",1893,486022,652010,1.3415,over,89898,96004,1.0679,over,Ton,26,
Spirits — Rum,1881,485685,485685,1.0,exact01,4816887,4816887,1.0,exact01,Proof Gallon,4,
"Buttons And Studs, Not Of Metal",1881,485661,0,0.0,nodata,0,0,,noanchor,Gross,0,
Confectionery,1880,485456,485456,1.0,exact01,174950,174650,0.9983,within5,Cwt,7,
"Ivory — Teeth, Elephants', Sea Cow, And Sea Horse",1884,485367,0,0.0,nodata,10100,0,0.0,nodata,Cwt,0,
"Manufactures Of Iron And Steel — Girders, Beams, Joists And Pillars",1897,484504,0,0.0,nodata,75910,0,0.0,nodata,Ton,0,
Other Farinaceous Substances,1875,484230,0,0.0,nodata,484230,0,0.0,nodata,Value,0,
Valonia,1883,484228,0,0.0,nodata,30468,0,0.0,nodata,Ton,0,
Watches,1882,484192,484192,1.0,exact01,385506,0,0.0,nodata,Value,4,
Opium,1870,484138,0,0.0,nodata,371665,0,0.0,nodata,Lb,0,
Valonia,1886,483911,0,0.0,nodata,34227,0,0.0,nodata,Ton,0,
"Wool — Alpaca, Vicuña, And Llama",1871,483733,0,0.0,nodata,3651250,0,0.0,nodata,Lb,0,
Furniture Woods And Hardwoods — Unenumerated,1888,483622,0,0.0,nodata,63512,0,0.0,nodata,Ton,0,
Potatoes,1868,483616,0,0.0,nodata,2041436,0,0.0,nodata,Cwt,0,
Yarn,1882,483465,523346,1.0825,over,1408069,10198546,7.2429,over,Lb,5,
Sugar — Glucose,1889,483321,483321,1.0,exact01,728868,728868,1.0,exact01,Cwt,5,
Embroidery And Needlework,1892,483014,0,0.0,nodata,483014,0,0.0,nodata,Value,0,
Rum,1900,482132,0,0.0,nodata,6195616,0,0.0,nodata,Proof Gallon,0,
Preserved Otherwise Than By Salting — Other Sorts,1894,482038,0,0.0,nodata,159382,0,0.0,nodata,?,0,
"Drugs, Unenumerated",1877,481501,0,0.0,nodata,481501,0,0.0,nodata,Value,0,
Clocks,1881,481450,481326,0.9997,exact01,863965,863825,0.9998,exact01,Number,5,
Spices — Unenumerated,1882,481090,470743,0.9785,within5,17332043,16838115,0.9715,within5,Lb,7,
Poultry And Game,1894,480884,0,0.0,nodata,480884,0,0.0,nodata,Value,0,
Leather Manufactures — Boots And Shoes,1879,479498,0,0.0,nodata,127504,0,0.0,nodata,Dozen Pairs,0,
Boots And Shoes,1879,479498,479498,1.0,exact01,127504,127504,1.0,exact01,Dozen Pairs,6,
"Silk — Knubs Or Husks Of Silk, And Waste",1879,479399,479369,0.9999,exact01,38268,38268,1.0,exact01,Cwt,6,
Gutta Percha — Raw,1873,479316,479316,1.0,exact01,54898,54898,1.0,exact01,Cwt,6,
Cochineal (Including Granilla And Dust),1874,478761,478761,1.0,exact01,39393,39393,1.0,exact01,Cwt,7,
"Ivory — Teeth, Elephants', Sea Cow, And Sea Horse",1887,477980,0,0.0,nodata,10665,0,0.0,nodata,Cwt,0,
"Train Or Blubber, And Spermaceti",1880,477357,0,0.0,nodata,15231,0,0.0,nodata,Ton,0,
"Oil — Train Or Blubber, And Sperm",1880,477357,0,0.0,nodata,15231,0,0.0,nodata,Ton,0,
Mahogany,1896,477265,0,0.0,nodata,53772,0,0.0,nodata,Ton,0,
Furniture Wood: Mahogany,1896,477265,0,0.0,nodata,53772,0,0.0,nodata,Ton,0,
"Teeth, Elephants', Sea-Cow, Sea-Horse, Or Sea-Morse",1893,477001,277531,0.5818,under,10018,5954,0.5943,under,Cwt,11,
"Ivory — Teeth, Elephants', Sea Cow, And Sea Horse",1893,477001,0,0.0,nodata,10018,0,0.0,nodata,Cwt,0,
Gutta Percha,1883,476881,476881,1.0,exact01,63800,63800,1.0,exact01,Cwt,6,
Oil — Seed,1882,476807,477507,1.0015,within5,14507,14507,1.0,exact01,Ton,7,
Seed,1882,476807,0,0.0,nodata,14507,0,0.0,nodata,Ton,0,
"Copper, Ore Of",1897,476626,675311,1.4169,over,82595,98407,1.1914,over,Ton,24,
Cutch And Gambier,1879,476383,0,0.0,nodata,25634,0,0.0,nodata,Ton,0,
"Wool — Alpaca, Vicuña, And Llama",1884,475637,475637,1.0,exact01,7888861,7888561,1.0,exact01,Lb,3,
Seeds — Of Other Sorts,1875,474934,0,0.0,nodata,474934,0,0.0,nodata,Value,0,
Other Farinaceous Substances,1876,474652,0,0.0,nodata,474652,0,0.0,nodata,Value,0,
Yarn,1889,474561,479897,1.0112,within5,3422121,9356005,2.734,over,Lb,7,
"Clocks, And Parts Thereof",1895,474556,0,0.0,nodata,474556,0,0.0,nodata,Value,0,
Yarn,1892,474322,528236,1.1137,over,9022158,9125118,1.0114,within5,Lb,10,
Lace,1880,474140,0,0.0,nodata,474140,0,0.0,nodata,Value,0,
Watches,1874,474119,0,0.0,nodata,474119,0,0.0,nodata,Value,0,
Poultry And Game,1889,473193,0,0.0,nodata,473193,0,0.0,nodata,Value,0,
Pepper,1892,472142,0,0.0,nodata,31190075,0,0.0,nodata,Lb,0,
Spices — Unenumerated,1881,472122,472122,1.0,exact01,13616780,13616780,1.0,exact01,Lb,9,
Oil — Turpentine,1887,472016,472016,1.0,exact01,359202,359202,1.0,exact01,Cwt,5,
Valonia,1868,471887,0,0.0,nodata,29623,0,0.0,nodata,Ton,0,
Yarn,1888,471776,471776,1.0,exact01,8578200,8578200,1.0,exact01,Lb,7,
Rosin,1873,471608,471608,1.0,exact01,955789,955789,1.0,exact01,Cwt,3,
"Flowers, Artificial",1879,471145,0,0.0,nodata,471145,0,0.0,nodata,Value,0,
Bristles,1889,470929,470929,1.0,exact01,3334698,3334698,1.0,exact01,Lb,10,
Mares,1898,470901,472221,1.0028,within5,17058,17013,0.9974,within5,Number,19,
Bristles,1884,470496,470496,1.0,exact01,2926492,2923462,0.999,within5,Lb,9,
Grapes — Raw,1894,470428,475503,1.0108,within5,832893,838582,1.0068,within5,Bushel,10,
Grapes,1894,470423,0,0.0,nodata,832893,0,0.0,nodata,Bushel,0,
"Wood And Timber — Furniture, Hardwoods, And Veneers : Unenumerated",1881,470320,0,0.0,nodata,51566,0,0.0,nodata,Ton,0,
Oil — Turpentine,1872,470085,470085,1.0,exact01,220292,220292,1.0,exact01,Cwt,3,
"Drugs, Unenumerated",1872,469898,0,0.0,nodata,469898,0,0.0,nodata,Value,0,
Wood And Timber — Staves,1880,469847,469817,0.9999,exact01,103536,103536,1.0,exact01,Load,8,
Clocks,1888,469450,0,0.0,nodata,469450,0,0.0,nodata,Number,0,
"Clocks, And Parts Thereof",1888,469450,0,0.0,nodata,469450,0,0.0,nodata,Value,0,
Watches,1871,469414,0,0.0,nodata,469414,0,0.0,nodata,Value,0,
For Expressing Oil Therefrom,1876,469275,0,0.0,nodata,31471,0,0.0,nodata,Ton,0,
"Yeast, Dried",1878,468993,468993,1.0,exact01,180171,180171,1.0,exact01,Cwt,4,
Of Wool (Other Than Goats'): Cloths,1893,468889,0,0.0,nodata,2881186,0,0.0,nodata,Yard,0,
Clocks,1883,468664,468664,1.0,exact01,720321,720321,1.0,exact01,Number,6,
"China, Or Porcelain, And Earthenware",1880,468563,0,0.0,nodata,108257,0,0.0,nodata,Cwt,0,
Cutch And Gambier,1870,468388,0,0.0,nodata,24996,0,0.0,nodata,Ton,0,
"Zinc — Crude, In Cakes",1873,468359,468359,1.0,exact01,20031,20031,1.0,exact01,Ton,6,
Cordage And Twine,1878,468019,0,0.0,nodata,468019,0,0.0,nodata,Value,0,
"Teeth, Elephants', Sea-Cow, Sea-Horse, Or Sea-Morse",1895,467976,456302,0.9751,within5,10911,10214,0.9361,under,Cwt,25,
"Ivory — Teeth, Elephants', Sea Cow, And Sea Horse",1895,467976,0,0.0,nodata,10911,0,0.0,nodata,Cwt,0,
Watches,1881,467830,0,0.0,nodata,393072,0,0.0,nodata,Value,0,
Spices — Unenumerated,1888,467816,467816,1.0,exact01,19474594,19474594,1.0,exact01,Lb,13,
"Manufactures Of Iron And Steel — Girders, Beams, Joists And Pillars",1896,467385,0,0.0,nodata,75197,0,0.0,nodata,Ton,0,
Oil — Seed,1878,467375,467375,1.0,exact01,12863,12863,1.0,exact01,Ton,6,
"Seed, Of All Kinds",1878,467375,0,0.0,nodata,12863,0,0.0,nodata,Ton,0,
"Vegetables, Raw, Unenumerated",1885,467287,0,0.0,nodata,467287,0,0.0,nodata,Value,0,
Cocoa,1872,467144,467144,1.0,exact01,15044134,15044134,1.0,exact01,Lb,11,
Rags And Other Materials For Making Paper — Linen And Cotton,1885,466928,463928,0.9936,within5,35470,35467,0.9999,exact01,Ton,13,
Of Wool (Other Than Goats'): Cloths,1894,466834,0,0.0,nodata,2744851,0,0.0,nodata,Yard,0,
"Silk — Knubs Or Husks Of Silk, And Waste",1874,466283,466283,1.0,exact01,35141,35141,1.0,exact01,Cwt,8,
Rags And Other Materials For Making Paper — Linen And Cotton,1887,466167,466137,0.9999,exact01,38273,38273,1.0,exact01,Ton,14,
Phosphate Of Lime And Rock,1896,465931,486334,1.0438,within5,291314,295803,1.0154,within5,Ton,21,
"Skins, Furs, And Pelts — Seal",1890,465844,465844,1.0,exact01,470230,470230,1.0,exact01,Number,14,
Valonia,1885,465112,0,0.0,nodata,29487,0,0.0,nodata,Ton,0,
Mares,1899,464229,438619,0.9448,under,17014,16722,0.9828,within5,Number,16,
Spices — Pepper,1881,464009,464009,1.0,exact01,20795087,20795087,1.0,exact01,Lb,4,
Straw,1869,463859,0,0.0,nodata,352484,0,0.0,nodata,Lb,0,
Cutch And Gambier,1868,463463,0,0.0,nodata,23780,0,0.0,nodata,Ton,0,
"Flowers, Artificial",1880,463109,0,0.0,nodata,463109,0,0.0,nodata,Value,0,
"Wood And Timber — Furniture, Hardwoods, And Veneers : Unenumerated",1882,462751,62341,0.1347,under,52770,4929,0.0934,under,Ton,5,
Gutta Percha,1884,462746,462746,1.0,exact01,62713,62713,1.0,exact01,Cwt,7,
"Ore, Unenumerated",1892,462295,235260,0.5089,under,46205,0,0.0,nodata,Cwt,16,
Spices — Pepper,1876,462084,459084,0.9935,within5,25957070,25957070,1.0,exact01,Lb,6,
"Clocks, And Parts Thereof",1892,461806,0,0.0,nodata,461806,0,0.0,nodata,Value,0,
Seed,1889,461691,0,0.0,nodata,17039,0,0.0,nodata,Ton,0,
"Beef, Salted And Fresh",1870,461521,0,0.0,nodata,215748,0,0.0,nodata,Cwt,0,
"Skins And Furs — Goat, Undressed",1884,461502,0,0.0,nodata,4570325,0,0.0,nodata,Number,0,
"Of Other Sorts (Including ""Nuts, For Fruit"")",1886,461492,0,0.0,nodata,461492,0,0.0,nodata,Value,0,
Olive,1900,461084,0,0.0,nodata,12044,0,0.0,nodata,Ton,0,
Rosin,1900,461064,0,0.0,nodata,1801571,0,0.0,nodata,Cwt,0,
Oil — Coco-Nut,1873,460681,460681,1.0,exact01,266798,266798,1.0,exact01,Cwt,6,
Cocoa Nut,1873,460681,0,0.0,nodata,266798,0,0.0,nodata,Cwt,0,
Coco Nut,1873,460681,0,0.0,nodata,266798,0,0.0,nodata,Cwt,0,
Embroidery And Needlework,1888,460550,0,0.0,nodata,460550,0,0.0,nodata,Value,0,
Skins And Furs — Skins : Sheep And Lamb,1868,460216,0,0.0,nodata,6810868,0,0.0,nodata,Number,0,
"Silk — Knubs Or Husks Of Silk, And Waste",1873,460128,460128,1.0,exact01,31815,31815,1.0,exact01,Cwt,9,
"Silk — Knubs Or Husks Of Silk, And Waste",1897,460095,636860,1.3842,over,54774,75866,1.3851,over,Cwt,18,
Bristles,1898,459968,507537,1.1034,over,3778749,4218961,1.1165,over,Lb,14,
"Skins, Furs, And Pelts — Seal",1885,459801,459701,0.9998,exact01,580718,580714,1.0,exact01,Number,11,
Valonia,1892,459429,0,0.0,nodata,33173,0,0.0,nodata,Ton,0,
"Ivory — Teeth, Elephants', Sea Cow, And Sea Horse",1882,459250,0,0.0,nodata,9381,0,0.0,nodata,Cwt,0,
"Teeth, Elephants', Sea-Cow, Sea-Horse, Or Sea-Morse",1896,459181,250570,0.5457,under,10911,6464,0.5924,under,Cwt,13,
"Ivory — Teeth, Elephants', Sea Cow, And Sea Horse",1896,459181,0,0.0,nodata,10911,0,0.0,nodata,Cwt,0,
"Teeth, Elephants', Sea-Cows', Or Walrus",1896,459181,0,0.0,nodata,10911,0,0.0,nodata,?,0,
Cordage And Twine,1888,459138,0,0.0,nodata,459138,0,0.0,nodata,Value,0,
Embroidery And Needlework,1891,458778,0,0.0,nodata,458778,0,0.0,nodata,Value,0,
Watches,1879,458588,0,0.0,nodata,458588,0,0.0,nodata,Value,0,
"Of Other Sorts (Including ""Nuts, For Fruit"")",1883,458288,0,0.0,nodata,458288,0,0.0,nodata,Value,0,
Sugar — Glucose,1891,457591,457594,1.0,exact01,708079,708079,1.0,exact01,Cwt,6,
Poultry And Game (Including Rabbits),1881,457553,0,0.0,nodata,457553,0,0.0,nodata,Value,0,
Maize Or Indian Corn Meal,1899,457534,0,0.0,nodata,1814766,0,0.0,nodata,Cwt,0,
"Wood And Timber — Furniture, Hardwoods, And Veneers : Unenumerated",1884,457400,0,0.0,nodata,54126,0,0.0,nodata,Ton,0,
Poultry And Game,1891,456979,0,0.0,nodata,456979,0,0.0,nodata,Value,0,
Maize Or Indian Corn Meal,1900,456449,0,0.0,nodata,1633505,0,0.0,nodata,Cwt,0,
Skins And Furs — Manufactures Of,1885,456365,0,0.0,nodata,456365,0,0.0,nodata,Value,0,
Opium,1885,456134,0,0.0,nodata,710099,0,0.0,nodata,Lb,0,
Rags And Other Materials For Making Paper — Linen And Cotton,1886,455741,455241,0.9989,within5,36604,36604,1.0,exact01,Ton,12,
"Cured, Sardines",1893,455447,455447,1.0,exact01,125292,125292,1.0,exact01,Cwt,9,
Other Sorts Of Shell Fish,1893,455447,0,0.0,nodata,125292,0,0.0,nodata,Cwt,0,
Valonia,1888,455044,0,0.0,nodata,31871,0,0.0,nodata,Ton,0,
"Wool — Alpaca, Vicuña, And Llama",1870,454979,0,0.0,nodata,3888536,0,0.0,nodata,Lb,0,
"Train Or Blubber, And Sperm",1891,454704,0,0.0,nodata,0,0,,noanchor,Ton,0,
Valonia,1889,454630,0,0.0,nodata,31376,0,0.0,nodata,Ton,0,
"Clocks, And Parts Thereof",1889,454556,0,0.0,nodata,454556,0,0.0,nodata,Value,0,
"Beef, Salted And Fresh",1875,454337,0,0.0,nodata,215581,0,0.0,nodata,Cwt,0,
Shells Of All Kinds,1894,454311,2846749,6.2661,over,454311,0,0.0,nodata,Value,24,
Bristles,1883,453726,453566,0.9996,exact01,2728108,2698078,0.989,within5,Lb,10,
Yarn,1881,453542,453542,1.0,exact01,7837198,7807198,0.9962,within5,Lb,3,
Painters' Colours And Pigments,1871,453491,0,0.0,nodata,453491,0,0.0,nodata,Value,0,
"Lemons, Limes, And Citrons",1899,453238,0,0.0,nodata,1688503,0,0.0,nodata,?,0,
Lemons,1899,453233,453125,0.9998,exact01,1688503,1689005,1.0003,exact01,Bushel,8,
"Skins And Furs — Goat, Undressed",1883,452952,0,0.0,nodata,4749795,0,0.0,nodata,Number,0,
"Flowers, Artificial",1883,452824,0,0.0,nodata,452824,0,0.0,nodata,Value,0,
Spices — Unenumerated,1890,452033,27885,0.0617,under,18435171,1089150,0.0591,under,Lb,6,
Rags And Other Materials For Making Paper — Linen And Cotton,1880,451782,451482,0.9993,exact01,29642,29644,1.0001,exact01,Ton,8,
Paraffine,1887,451728,451725,1.0,exact01,327110,327110,1.0,exact01,Cwt,4,
Watches,1875,451197,0,0.0,nodata,451197,0,0.0,nodata,Value,0,
"Pork, Salted And Fresh",1890,451188,0,0.0,nodata,300106,0,0.0,nodata,Cwt,0,
"Of Other Sorts (Including ""Nuts, For Fruit"")",1885,450920,0,0.0,nodata,450920,0,0.0,nodata,Value,0,
"Of Other Sorts (Including ""Nuts, For Fruit"")",1881,450549,0,0.0,nodata,450549,0,0.0,nodata,Value,0,
Cordage And Twine,1885,450392,0,0.0,nodata,450392,0,0.0,nodata,Value,0,
Watches,1876,450067,0,0.0,nodata,450067,0,0.0,nodata,Value,0,
"Wood And Timber — Furniture, Hardwoods, And Veneers : Unenumerated",1885,450066,0,0.0,nodata,55983,0,0.0,nodata,Ton,0,
Furniture Woods And Hardwoods — Unenumerated,1885,450066,0,0.0,nodata,55983,0,0.0,nodata,Ton,0,
Onions — Raw,1879,450019,0,0.0,nodata,1895370,0,0.0,nodata,Bushel,0,
Toys,1879,449919,0,0.0,nodata,449919,0,0.0,nodata,Value,0,
Seeds — Rape,1887,449606,659116,1.466,over,382487,507519,1.3269,over,Quarter,9,
Mahogany,1891,449433,0,0.0,nodata,48021,0,0.0,nodata,Ton,0,
"Flowers, Artificial",1873,449320,0,0.0,nodata,449320,0,0.0,nodata,Value,0,
Valonia,1893,449196,0,0.0,nodata,34815,0,0.0,nodata,Ton,0,
"Ivory — Teeth, Elephants', Sea Cow, And Sea Horse",1886,448575,157371,0.3508,under,9466,3031,0.3202,under,Cwt,5,
Valonia,1871,448458,0,0.0,nodata,27999,0,0.0,nodata,Ton,0,
Unenumerated — Raw,1893,447979,0,0.0,nodata,1079794,0,0.0,nodata,Bushel,0,
"Unenumerated, Viz. : Raw",1893,447979,0,0.0,nodata,1079794,0,0.0,nodata,Bushel,0,
"Pork, Salted And Fresh",1872,447377,0,0.0,nodata,218260,0,0.0,nodata,Cwt,0,
Hops,1886,447253,447253,1.0,exact01,153759,153759,1.0,exact01,Cwt,6,
"Flowers, Artificial",1874,447051,0,0.0,nodata,447051,0,0.0,nodata,Value,0,
Yarn,1890,446359,463289,1.0379,within5,8302439,10049149,1.2104,over,Lb,7,
Wood And Timber — Furniture Hardwoods And Veneers : Mahogany,1876,446353,446068,0.9994,exact01,52461,51425,0.9803,within5,Ton,7,
Gutta Percha,1894,446279,866513,1.9416,over,46746,90133,1.9281,over,Cwt,11,
Sugar — Glucose,1890,446147,446147,1.0,exact01,736905,736905,1.0,exact01,Cwt,5,
"Of Other Sorts (Including ""Nuts, For Fruit"")",1882,446114,0,0.0,nodata,446114,0,0.0,nodata,Value,0,
Rosin,1874,445857,455917,1.0226,within5,1070655,1070655,1.0,exact01,Cwt,6,
Bottles,1898,445834,445512,0.9993,exact01,1010092,979507,0.9697,within5,Gross,8,
"Lac, Seed, Shell, Stick, And Dye",1892,445584,884913,1.986,over,114833,228167,1.9869,over,Cwt,5,
Toys,1877,444829,0,0.0,nodata,444829,0,0.0,nodata,Value,0,
"Wood And Timber — Furniture, Hardwoods, And Veneers : Unenumerated",1887,444578,0,0.0,nodata,57994,0,0.0,nodata,Ton,0,
Furniture Woods And Hardwoods — Unenumerated,1887,444578,0,0.0,nodata,57994,0,0.0,nodata,Ton,0,
"Fish — Fresh, Other Sorts",1898,444517,0,0.0,nodata,265110,0,0.0,nodata,Cwt,0,
Lemons,1896,444230,442528,0.9962,within5,1660416,1655709,0.9972,within5,Bushel,8,
"Lemons, Limes, And Citrons",1896,444230,0,0.0,nodata,1660416,0,0.0,nodata,?,0,
Embroidery And Needlework,1890,444182,0,0.0,nodata,444182,0,0.0,nodata,Value,0,
Matches,1891,444090,0,0.0,nodata,444090,0,0.0,nodata,Value,0,
Skins And Furs — Skins : Sheep And Lamb,1869,444061,0,0.0,nodata,7221745,0,0.0,nodata,Number,0,
Rags And Other Materials For Making Paper — Linen And Cotton,1871,444036,0,0.0,nodata,26868,0,0.0,nodata,Ton,0,
Bones Of All Kinds (Except Whalefins),1881,443916,0,0.0,nodata,71477,0,0.0,nodata,Ton,0,
"Skins, Furs, And Pelts — Seal",1878,443784,444284,1.0011,within5,762772,762772,1.0,exact01,Number,7,
Pepper,1897,443755,0,0.0,nodata,31053164,0,0.0,nodata,Lb,0,
Logwood,1889,443656,0,0.0,nodata,73772,0,0.0,nodata,Ton,0,
Cordage And Twine,1875,443347,0,0.0,nodata,443347,0,0.0,nodata,Value,0,
Bristles,1890,443200,443200,1.0,exact01,2988100,2988100,1.0,exact01,Lb,11,
Petroleum,1869,442858,0,0.0,nodata,5402705,0,0.0,nodata,Gallon,0,
Grapes — Raw,1896,442829,454701,1.0268,within5,883244,898950,1.0178,within5,Bushel,12,
Grapes,1896,442828,0,0.0,nodata,883244,0,0.0,nodata,Bushel,0,
Lace,1878,442536,0,0.0,nodata,442536,0,0.0,nodata,Value,0,
Musical Instruments,1872,442311,0,0.0,nodata,442311,0,0.0,nodata,Value,0,
"Clocks, And Parts Thereof",1894,442161,0,0.0,nodata,442161,0,0.0,nodata,Value,0,
Silk — Thrown,1892,441314,0,0.0,nodata,502777,0,0.0,nodata,Lb,0,
Opium,1873,441309,441309,1.0,exact01,400469,400469,1.0,exact01,Lb,5,
Pig And Puddled,1896,441244,482271,1.093,over,106449,113220,1.0636,over,Ton,10,
"China, Or Porcelain, And Earthenware",1878,440969,0,0.0,nodata,81689,0,0.0,nodata,Cwt,0,
Goat,1870,440821,0,0.0,nodata,3936972,0,0.0,nodata,Number,0,
"Meat — Salted Or Fresh, Not Otherwise Described",1879,440726,440726,1.0,exact01,153284,153284,1.0,exact01,Cwt,5,
"Meat, Salted Or Fresh",1879,440726,0,0.0,nodata,153284,0,0.0,nodata,Cwt,0,
Fish,1868,440553,0,0.0,nodata,431263,0,0.0,nodata,Cwt,0,
"Train Or Blubber, And Sperm",1889,440360,0,0.0,nodata,0,0,,noanchor,Ton,0,
Manures — Guano,1884,440025,430626,0.9786,within5,48347,47590,0.9843,within5,Ton,15,
"Teeth, Elephants', Sea Cow, And Sea Horse",1870,439839,0,0.0,nodata,12590,0,0.0,nodata,Cwt,0,
Bristles,1892,439356,491209,1.118,over,3001385,3404649,1.1344,over,Lb,14,
"Lemons, Limes, And Citrons",1898,439285,0,0.0,nodata,1631644,0,0.0,nodata,?,0,
Quicksilver,1887,439208,439208,1.0,exact01,4590907,4590907,1.0,exact01,Lb,7,
Seeds — Of Other Sorts,1869,438978,0,0.0,nodata,438978,0,0.0,nodata,Value,0,
"Yeast, Dried",1877,438299,438299,1.0,exact01,178967,178967,1.0,exact01,Cwt,4,
Clocks,1872,438031,438031,1.0,exact01,374241,374241,1.0,exact01,Number,6,
"Lac, Seed, Shell, Stick, And Dye",1873,438004,438004,1.0,exact01,59071,59071,1.0,exact01,Cwt,3,
Bones Of All Kinds (Except Whalefins),1885,437347,0,0.0,nodata,73823,0,0.0,nodata,Ton,0,
Leather Manufactures — Boots And Shoes,1882,437300,0,0.0,nodata,109959,0,0.0,nodata,Dozen Pairs,0,
Boots And Shoes,1882,437300,437300,1.0,exact01,109959,109959,1.0,exact01,Dozen Pairs,5,
Clocks,1884,437069,437069,1.0,exact01,697230,697230,1.0,exact01,Number,6,
Bones Of All Kinds (Except Whalefins),1882,436558,0,0.0,nodata,63451,0,0.0,nodata,Ton,0,
Almonds,1897,436428,436146,0.9994,exact01,162766,161848,0.9944,within5,Cwt,11,
Nuts: Almonds,1897,436428,0,0.0,nodata,162766,0,0.0,nodata,Cwt,0,
"Skins, Furs, And Pelts — Seal",1874,436005,436005,1.0,exact01,755005,755005,1.0,exact01,Number,8,
Onions — Raw,1877,435786,0,0.0,nodata,1964234,0,0.0,nodata,Bushel,0,
Opium,1878,435188,435188,1.0,exact01,558840,558840,1.0,exact01,Lb,3,
"Manganese, Ore Of",1890,434738,434738,1.0,exact01,140174,140174,1.0,exact01,Ton,11,
Nuts And Kernels — Of Other Sorts,1872,434697,0,0.0,nodata,434697,0,0.0,nodata,Value,0,
Plums,1898,434636,0,0.0,nodata,922248,0,0.0,nodata,Bushel,0,
Saltpetre,1873,434615,0,0.0,nodata,330559,0,0.0,nodata,Cwt,0,
Still,1895,434599,0,0.0,nodata,768678,0,0.0,nodata,?,0,
Steel — Unwrought,1899,434020,0,0.0,nodata,77290,0,0.0,nodata,Ton,0,
"Drugs, Unenumerated",1875,433675,0,0.0,nodata,433675,0,0.0,nodata,Value,0,
Petroleum,1872,433472,0,0.0,nodata,6399710,0,0.0,nodata,Gallon,0,
Unenumerated — Raw,1869,433433,0,0.0,nodata,1177189,0,0.0,nodata,Bushel,0,
Leather Manufactures — Boots And Shoes,1887,433019,0,0.0,nodata,140915,0,0.0,nodata,Dozen Pairs,0,
Opium,1879,432710,0,0.0,nodata,572111,0,0.0,nodata,Lb,0,
"China, Or Porcelain, And Earthenware",1879,432624,0,0.0,nodata,88617,0,0.0,nodata,Cwt,0,
Other Kinds Of Meal And Flour,1880,432618,0,0.0,nodata,714286,0,0.0,nodata,Cwt,0,
Manufactures Of,1890,432556,0,0.0,nodata,3563469,0,0.0,nodata,Lb,0,
Poultry And Game (Including Rabbits),1879,432289,0,0.0,nodata,432289,0,0.0,nodata,Value,0,
"Animals, Living — Horses",1891,432268,0,0.0,nodata,21672,0,0.0,nodata,Number,0,
"Zinc — Crude, In Cakes",1868,431899,0,0.0,nodata,21312,0,0.0,nodata,Ton,0,
Shells Of All Kinds,1891,431826,0,0.0,nodata,431826,0,0.0,nodata,Value,0,
Cordage And Twine,1887,431810,0,0.0,nodata,431810,0,0.0,nodata,Value,0,
Oil — Turpentine,1894,431382,431316,0.9998,exact01,406877,406813,0.9998,exact01,Cwt,4,
Pig And Puddled,1895,431272,477381,1.1069,over,93119,100506,1.0793,over,Ton,10,
"Thrown, Dyed Or Not Dyed",1896,430709,430309,0.9991,exact01,572599,572599,1.0,exact01,Lb,4,
Silk — Thrown,1896,430709,0,0.0,nodata,572599,0,0.0,nodata,Lb,0,
Pepper,1893,430636,0,0.0,nodata,31562418,0,0.0,nodata,Lb,0,
Candles — Stearine,1877,430511,430511,1.0,exact01,125369,125369,1.0,exact01,Cwt,5,
Wood And Timber — Staves,1878,430492,430492,1.0,exact01,88066,88066,1.0,exact01,Load,8,
Bones Of All Kinds (Except Whalefins),1868,430442,0,0.0,nodata,75851,0,0.0,nodata,Ton,0,
Candles — Stearine,1874,430287,430287,1.0,exact01,117941,117941,1.0,exact01,Cwt,3,
"Zinc — Crude, In Cakes",1871,430150,0,0.0,nodata,20929,0,0.0,nodata,Ton,0,
Cocoa,1875,429912,429912,1.0,exact01,15873624,15873594,1.0,exact01,Lb,13,
Hay,1899,429799,429478,0.9993,exact01,131546,131255,0.9978,within5,Ton,13,
Fruit — Almonds,1896,429468,433894,1.0103,within5,147918,147168,0.9949,within5,Cwt,14,
Almonds,1896,429468,429463,1.0,exact01,147918,147958,1.0003,exact01,Cwt,13,
Nuts: Almonds,1896,429468,0,0.0,nodata,147918,0,0.0,nodata,Cwt,0,
"Meat — Salted Or Fresh, Not Otherwise Described",1880,429073,171085,0.3987,under,149010,58490,0.3925,under,Cwt,3,
"Meat, Salted Or Fresh",1880,429073,0,0.0,nodata,149010,0,0.0,nodata,Cwt,0,
"Drugs — Bark, Peruvian",1889,429010,757254,1.7651,over,129357,236972,1.8319,over,Cwt,16,
Toys,1876,428794,0,0.0,nodata,428794,0,0.0,nodata,Value,0,
Brimstone,1868,428700,0,0.0,nodata,1261504,0,0.0,nodata,Cwt,0,
Dried,1900,428675,0,0.0,nodata,633575,0,0.0,nodata,Cwt,0,
Preserved Otherwise Than By Salting — Other Sorts,1893,428662,0,0.0,nodata,121191,0,0.0,nodata,?,0,
Hops,1870,428525,0,0.0,nodata,127553,0,0.0,nodata,Cwt,0,
Candles Of All Sorts,1881,428292,0,0.0,nodata,156244,0,0.0,nodata,Cwt,0,
"Esparto, And Other Materials",1888,428152,0,0.0,nodata,428152,0,0.0,nodata,Ton,0,
"Meat — Salted Or Fresh, Not Otherwise Described",1878,428064,428064,1.0,exact01,145981,145981,1.0,exact01,Cwt,5,
"Meat, Salted Or Fresh",1878,428064,0,0.0,nodata,145981,0,0.0,nodata,Cwt,0,
Clocks,1873,428028,428028,1.0,exact01,405622,405622,1.0,exact01,Number,6,
"Drugs, Unenumerated",1874,427938,0,0.0,nodata,427938,0,0.0,nodata,Value,0,
Hops,1887,427753,427753,1.0,exact01,145122,145122,1.0,exact01,Cwt,7,
Goat,1869,427712,0,0.0,nodata,3849598,0,0.0,nodata,Number,0,
Watches,1880,427663,0,0.0,nodata,427663,0,0.0,nodata,Value,0,
Manufactures Of,1889,427364,0,0.0,nodata,3132976,0,0.0,nodata,Lb,0,
Yeast,1896,427172,427172,1.0,exact01,172487,172487,1.0,exact01,Cwt,6,
"Cured, Sardines",1895,427113,418010,0.9787,within5,1082588,140187,0.1295,under,Cwt,10,
Other Sorts Of Shell Fish,1895,427113,0,0.0,nodata,140178,0,0.0,nodata,Cwt,0,
For Expressing Oil Therefrom,1877,427107,0,0.0,nodata,28800,0,0.0,nodata,Ton,0,
"Vegetables, Raw, Unenumerated",1884,426970,0,0.0,nodata,426970,0,0.0,nodata,Value,0,
Straw,1868,426848,0,0.0,nodata,327003,0,0.0,nodata,Lb,0,
Opium,1900,426785,0,0.0,nodata,833330,0,0.0,nodata,Lb,0,
"Lac, Seed, Shell, Stick, And Dye",1891,426519,851879,1.9973,over,109354,218415,1.9973,over,Cwt,5,
Rags And Other Materials For Making Paper — Linen And Cotton,1889,426322,425822,0.9988,within5,42443,42443,1.0,exact01,Ton,15,
Bottles,1894,425955,428161,1.0052,within5,821795,827487,1.0069,within5,Gross,8,
Horses,1892,425401,0,0.0,nodata,20994,0,0.0,nodata,Cwt,0,
"Fish — Fresh, Other Sorts",1893,424786,0,0.0,nodata,236750,0,0.0,nodata,Cwt,0,
Valonia,1887,424574,0,0.0,nodata,29678,0,0.0,nodata,Ton,0,
Other Kinds Of Meal And Flour,1895,423966,0,0.0,nodata,969751,0,0.0,nodata,Cwt,0,
Rum,1893,423390,0,0.0,nodata,5885069,0,0.0,nodata,Proof Gallon,0,
Yarn,1879,423325,423315,1.0,exact01,6840297,6840297,1.0,exact01,Lb,4,
Gum — Unenumerated,1881,423189,423189,1.0,exact01,117970,117970,1.0,exact01,Cwt,10,
Of Other Sorts,1881,423189,0,0.0,nodata,117970,0,0.0,nodata,Cwt,0,
Painters' Colours And Pigments,1870,423126,0,0.0,nodata,423126,0,0.0,nodata,Value,0,
Opium,1887,422920,0,0.0,nodata,654122,0,0.0,nodata,Lb,0,
Other Kinds Of Meal And Flour,1879,422862,0,0.0,nodata,698670,0,0.0,nodata,Cwt,0,
"Teeth, Elephants', Sea-Cow, Sea-Horse, Or Sea-Morse",1894,422735,180092,0.426,under,10394,4696,0.4518,under,Cwt,11,
"Ivory — Teeth, Elephants', Sea Cow, And Sea Horse",1894,422735,0,0.0,nodata,10391,0,0.0,nodata,Cwt,0,
Rum,1894,422607,0,0.0,nodata,6092063,0,0.0,nodata,Proof Gallon,0,
Bristles,1876,422492,420232,0.9947,within5,2514231,2494851,0.9923,within5,Lb,8,
"Teeth, Elephants', Sea-Cow, Sea-Horse, Or Sea-Morse",1897,422398,230224,0.545,under,10288,5424,0.5272,under,Cwt,12,
"Teeth, Elephants', Sea-Cows', Or Walrus",1897,422398,0,0.0,nodata,10288,0,0.0,nodata,?,0,
"Wood And Timber — Furniture, Hardwoods, And Veneers : Unenumerated",1876,422306,325957,0.7719,under,43292,33985,0.785,under,Ton,12,
Poultry And Game (Including Rabbits),1880,421645,0,0.0,nodata,421645,0,0.0,nodata,Value,0,
Paraffine,1886,421522,421522,1.0,exact01,273847,273847,1.0,exact01,Cwt,3,
Leather Manufactures — Boots And Shoes,1883,421214,0,0.0,nodata,123058,0,0.0,nodata,Dozen Pairs,0,
Boots And Shoes,1883,421214,419241,0.9953,within5,123058,15780,0.1282,under,Dozen Pairs,8,
"Lemons, Limes, And Citrons",1900,420857,0,0.0,nodata,947891,0,0.0,nodata,?,0,
Bristles,1874,420481,162321,0.386,under,2664374,943648,0.3542,under,Lb,6,
Sugar — Molasses,1875,420449,420449,1.0,exact01,768410,768410,1.0,exact01,Cwt,8,
"Beef, Salted And Fresh",1869,420338,0,0.0,nodata,229223,0,0.0,nodata,Cwt,0,
"Beef, Salted And Fresh",1872,420258,0,0.0,nodata,228912,0,0.0,nodata,Cwt,0,
"Ore, Unenumerated",1893,420166,222930,0.5306,under,43931,0,0.0,nodata,Cwt,14,
Oil — Turpentine,1873,420029,420029,1.0,exact01,234177,234177,1.0,exact01,Cwt,4,
"Of Other Sorts (Including ""Nuts, For Fruit"")",1879,419576,0,0.0,nodata,419576,0,0.0,nodata,Value,0,
Rosin,1896,419563,419563,1.0,exact01,1655374,1655374,1.0,exact01,Cwt,4,
Bones Of All Kinds (Except Whalefins),1890,419526,0,0.0,nodata,79563,0,0.0,nodata,Ton,0,
Gutta Percha — Raw,1879,419417,419417,1.0,exact01,51416,51416,1.0,exact01,Cwt,3,
Gutta Percha,1879,419417,39091,0.0932,under,51416,5481,0.1066,under,Cwt,2,
"Train Or Blubber, And Sperm",1890,419401,0,0.0,nodata,0,0,,noanchor,Ton,0,
Matches,1888,419293,0,0.0,nodata,419293,0,0.0,nodata,Value,0,
Bristles,1875,419203,418456,0.9982,within5,2558996,2537889,0.9918,within5,Lb,8,
Furs Of All Sorts,1873,419104,0,0.0,nodata,419104,0,0.0,nodata,Value,0,
Saltpetre,1871,419099,0,0.0,nodata,329561,0,0.0,nodata,Cwt,0,
Spices — Unenumerated,1889,419096,11098,0.0265,under,12839900,315145,0.0245,under,Lb,3,
"Meat, Salted Or Fresh",1875,419019,0,0.0,nodata,144954,0,0.0,nodata,Cwt,0,
"Clocks, And Parts Thereof",1893,418996,0,0.0,nodata,418996,0,0.0,nodata,Value,0,
Fruit — Almonds,1891,418801,0,0.0,nodata,116385,0,0.0,nodata,Cwt,0,
Spices — Pepper,1870,418783,0,0.0,nodata,19339491,0,0.0,nodata,Lb,0,
Cutch And Gambier,1897,418128,817277,1.9546,over,25048,49581,1.9794,over,Ton,12,
Bristles,1885,417644,417644,1.0,exact01,2954740,2948740,0.998,within5,Lb,11,
Matches,1886,417644,0,0.0,nodata,417614,0,0.0,nodata,Value,0,
Manures — Bones For Manure,1891,417601,623902,1.494,over,83095,121979,1.4679,over,Ton,20,
Still,1894,417311,0,0.0,nodata,744908,0,0.0,nodata,?,0,
Cordage And Twine,1869,417100,0,0.0,nodata,417100,0,0.0,nodata,Value,0,
Nuts And Kernels — Commonly Used For Expressing Oil Therefrom,1871,417067,0,0.0,nodata,31126,0,0.0,nodata,Ton,0,
For Expressing Oil Therefrom,1871,417067,0,0.0,nodata,31126,0,0.0,nodata,Ton,0,
"Vegetables, Raw, Unenumerated",1882,416409,0,0.0,nodata,416409,0,0.0,nodata,Value,0,
Seeds — Rape,1890,416377,694200,1.6672,over,230547,358076,1.5532,over,Quarter,11,
Dyes Obtained From Coal Tar,1882,415716,0,0.0,nodata,415706,0,0.0,nodata,Value,0,
Quicksilver,1899,415430,415430,1.0,exact01,3877184,3877154,1.0,exact01,Lb,4,
Quicksilver,1873,415293,0,0.0,nodata,2391704,0,0.0,nodata,Lb,0,
"Oil — Train Or Blubber, And Sperm",1892,415181,0,0.0,nodata,21121,0,0.0,nodata,Ton,0,
"Train Or Blubber, And Sperm",1892,415181,0,0.0,nodata,21121,0,0.0,nodata,Ton,0,
"Silk — Knubs Or Husks Of Silk, And Waste",1875,415085,415085,1.0,exact01,33787,33787,1.0,exact01,Cwt,6,
Quicksilver,1871,414965,0,0.0,nodata,3002897,0,0.0,nodata,Lb,0,
Metals — Manufactures,1881,414813,0,0.0,nodata,386067,0,0.0,nodata,Cwt,0,
"Fish — Fresh, Other Sorts",1897,414429,0,0.0,nodata,232099,0,0.0,nodata,Cwt,0,
Onions — Raw,1878,414084,414084,1.0,exact01,2169480,2169177,0.9999,exact01,Bushel,7,
"Oil — Train Or Blubber, And Sperm",1894,413974,0,0.0,nodata,24213,0,0.0,nodata,Ton,0,
"Train Or Blubber, And Sperm",1894,413974,0,0.0,nodata,24213,0,0.0,nodata,Ton,0,
Seal Skins,1897,412972,0,0.0,nodata,1901255,0,0.0,nodata,Number,0,
Matches,1887,412676,0,0.0,nodata,412676,0,0.0,nodata,Value,0,
"Flowers, Artificial",1895,412559,0,0.0,nodata,412559,0,0.0,nodata,Value,0,
Manures — Bones For Manure (Whether Burnt Or Not),1894,412529,0,0.0,nodata,88664,0,0.0,nodata,?,0,
Manures — Bones For Manure,1894,412529,412499,0.9999,exact01,88664,88756,1.001,within5,Ton,23,
Oil — Seed,1888,412438,412438,1.0,exact01,16257,16257,1.0,exact01,Ton,10,
Seed,1888,412438,0,0.0,nodata,16257,0,0.0,nodata,Ton,0,
Fruit — Almonds,1889,412241,0,0.0,nodata,129736,0,0.0,nodata,Cwt,0,
Seeds — Of Other Sorts,1881,412056,0,0.0,nodata,412056,0,0.0,nodata,Value,0,
Bristles,1882,411825,411825,1.0,exact01,2558297,2558297,1.0,exact01,Lb,7,
Fruits And Vegetables Preserved In Sugar,1899,411674,563891,1.3698,over,293994,354779,1.2068,over,Cwt,20,
Oil — Coco-Nut,1875,411565,0,0.0,nodata,219158,0,0.0,nodata,Cwt,0,
Cocoa Nut,1875,411565,411565,1.0,exact01,219158,219158,1.0,exact01,Cwt,5,
Coco Nut,1875,411565,0,0.0,nodata,219158,0,0.0,nodata,Cwt,0,
"Flowers, Artificial",1872,411540,0,0.0,nodata,411540,0,0.0,nodata,Value,0,
"Hair — Cow, Ox, Bull, Or Elk",1870,411493,0,0.0,nodata,68746,0,0.0,nodata,Cwt,0,
"Cow, Ox, Bull, Or Elk",1870,411493,0,0.0,nodata,68746,0,0.0,nodata,?,0,
Pears — Raw,1894,411316,411316,1.0,exact01,1310074,1310124,1.0,exact01,Bushel,8,
"Manufactured, Cigars And Snuff",1869,411130,0,0.0,nodata,2472011,0,0.0,nodata,Lb,0,
Wood And Timber — Staves,1879,411049,408049,0.9927,within5,84942,84942,1.0,exact01,Load,8,
"Meat — Salted Or Fresh, Not Otherwise Described",1894,410724,443255,1.0792,over,189757,196626,1.0362,within5,Cwt,14,
Strawboard Or Millboard,1896,410670,0,0.0,nodata,1208397,0,0.0,nodata,Cwt,0,
"Teeth, Elephants', Sea-Cow, Sea-Horse, Or Sea-Morse",1898,410511,204881,0.4991,under,10002,5151,0.515,under,Cwt,12,
"Teeth, Elephants', Sea-Cows', Or Walrus",1898,410511,0,0.0,nodata,10002,0,0.0,nodata,?,0,
Paper — Printed Or Coated,1900,410323,0,0.0,nodata,123186,0,0.0,nodata,Cwt,0,
Hay,1897,410215,408508,0.9958,within5,121541,118121,0.9719,within5,Ton,15,
"Flowers, Artificial",1890,410168,0,0.0,nodata,410168,0,0.0,nodata,Value,0,
Onions — Raw,1883,410152,440452,1.0739,over,2687589,2684289,0.9988,within5,Bushel,11,
Lemons,1897,410150,409219,0.9977,within5,1548918,1546961,0.9987,within5,Bushel,7,
"Lemons, Limes, And Citrons",1897,410150,0,0.0,nodata,1548918,0,0.0,nodata,?,0,
Cordage And Twine,1870,410120,0,0.0,nodata,410120,0,0.0,nodata,Value,0,
Poultry And Game,1887,410094,0,0.0,nodata,410094,0,0.0,nodata,Value,0,
"Zinc — Crude, In Cakes",1869,409297,0,0.0,nodata,20134,0,0.0,nodata,Ton,0,
Clocks,1885,408809,408758,0.9999,exact01,785446,785421,1.0,exact01,Number,6,
"Clocks, And Parts Thereof",1885,408809,0,0.0,nodata,408809,0,0.0,nodata,Value,0,
Spices — Unenumerated,1887,408789,99509,0.2434,under,14293955,2639853,0.1847,under,Lb,8,
Leather Manufactures — Unenumerated,1895,408408,0,0.0,nodata,408408,0,0.0,nodata,Value,0,
Metals — Manufactures,1883,408206,0,0.0,nodata,407391,0,0.0,nodata,Cwt,0,
Rosin,1897,407771,407771,1.0,exact01,1640745,1640745,1.0,exact01,Cwt,3,
"Wood And Timber — Furniture, Hardwoods, And Veneers : Unenumerated",1886,407562,0,0.0,nodata,50717,0,0.0,nodata,Ton,0,
Furniture Woods And Hardwoods — Unenumerated,1886,407562,0,0.0,nodata,50717,0,0.0,nodata,Ton,0,
"Furs, Seal",1896,407521,0,0.0,nodata,567007,0,0.0,nodata,Number,0,
Seal Skins,1896,407521,0,0.0,nodata,567007,0,0.0,nodata,Number,0,
Logwood,1890,407462,0,0.0,nodata,63519,0,0.0,nodata,Ton,0,
Watches,1873,407283,0,0.0,nodata,407283,0,0.0,nodata,Value,0,
Quicksilver,1872,407229,300347,0.7375,under,2734094,2210805,0.8086,under,Lb,9,
"Yeast, Dried",1876,407047,407047,1.0,exact01,165492,165492,1.0,exact01,Cwt,3,
"Pictures And Drawings, By Hand",1884,407019,407009,1.0,exact01,32491,32431,0.9982,within5,Number,9,
"Teeth, Elephants', Sea Cow, And Sea Horse",1879,406927,406927,1.0,exact01,9414,9414,1.0,exact01,Cwt,12,
"Ivory — Teeth, Elephants', Sea Cow, And Sea Horse",1879,406927,0,0.0,nodata,9414,0,0.0,nodata,Cwt,0,
Logwood,1895,406734,0,0.0,nodata,58964,0,0.0,nodata,Ton,0,
"Oil — Train Or Blubber, And Sperm",1895,406448,0,0.0,nodata,24597,0,0.0,nodata,Ton,0,
"Train Or Blubber, And Sperm",1895,406448,0,0.0,nodata,24597,0,0.0,nodata,Ton,0,
"Silk — Knubs Or Husks Of Silk, And Waste",1876,406051,396051,0.9754,within5,29663,29663,1.0,exact01,Cwt,5,
"Pictures And Drawings, By Hand",1887,405712,405712,1.0,exact01,44855,44852,0.9999,exact01,Number,13,
Bristles,1887,405175,405175,1.0,exact01,2892073,2892073,1.0,exact01,Lb,10,
"Drugs, Unenumerated",1871,405096,0,0.0,nodata,405096,0,0.0,nodata,Value,0,
Clocks,1875,404796,404796,1.0,exact01,518813,518813,1.0,exact01,Number,6,
Seeds — Of Other Sorts,1882,404401,0,0.0,nodata,404401,0,0.0,nodata,Value,0,
"Seed, Of All Kinds",1871,404386,0,0.0,nodata,10354,0,0.0,nodata,Ton,0,
Lace,1875,404143,0,0.0,nodata,404143,0,0.0,nodata,Value,0,
"Teeth, Elephants', Sea-Cow, Sea-Horse, Or Sea-Morse",1899,404063,258834,0.6406,under,9939,6142,0.618,under,Cwt,13,
"Teeth, Elephants', Sea-Cows', Or Walrus",1899,404063,0,0.0,nodata,9939,0,0.0,nodata,?,0,
Hay,1895,403633,405438,1.0045,within5,118816,119331,1.0043,within5,Ton,15,
Opium,1868,403170,0,0.0,nodata,322309,0,0.0,nodata,Lb,0,
Poultry And Game (Including Rabbits),1878,403024,0,0.0,nodata,403024,0,0.0,nodata,Value,0,
Wood And Timber — Furniture Hardwoods And Veneers : Mahogany,1886,402935,402935,1.0,exact01,48732,48732,1.0,exact01,Ton,9,
Mahogany,1886,402935,0,0.0,nodata,48732,0,0.0,nodata,Ton,0,
Bristles,1873,402829,402829,1.0,exact01,2469697,2469697,1.0,exact01,Lb,6,
Dried,1897,402650,0,0.0,nodata,526344,0,0.0,nodata,Cwt,0,
Bottles,1897,402494,445812,1.1076,over,901188,1010062,1.1208,over,Gross,8,
Fruit — Almonds,1894,402474,401528,0.9976,within5,136437,136006,0.9968,within5,Cwt,9,
Almonds,1894,402474,401973,0.9988,within5,136437,136106,0.9976,within5,Cwt,12,
"Yeast, Dried",1875,401985,401985,1.0,exact01,162525,162525,1.0,exact01,Cwt,3,
Rags And Other Materials For Making Paper — Linen And Cotton,1883,401922,402922,1.0025,within5,28543,28543,1.0,exact01,Ton,26,
Rabbits (Dead),1896,401614,401584,0.9999,exact01,170873,170843,0.9998,exact01,Cwt,5,
Gutta Percha,1896,401490,778004,1.9378,over,43805,84841,1.9368,over,Cwt,15,
Rosin,1882,401296,401296,1.0,exact01,1229796,1229796,1.0,exact01,Cwt,2,
Gutta Percha,1897,400975,697086,1.7385,over,41442,75604,1.8243,over,Cwt,17,
Rosin,1883,400938,400947,1.0,exact01,1377368,1377368,1.0,exact01,Cwt,8,
"Vegetables, Raw, Unenumerated",1883,400786,0,0.0,nodata,400786,0,0.0,nodata,Value,0,
Clocks,1874,400712,400712,1.0,exact01,420856,420856,1.0,exact01,Number,6,
Saltpetre,1872,400684,400684,1.0,exact01,307034,307034,1.0,exact01,Cwt,7,
"Pictures And Drawings, By Hand",1891,399960,399960,1.0,exact01,46303,46273,0.9994,exact01,Number,12,
Rosin,1891,399939,399939,1.0,exact01,1638840,1638840,1.0,exact01,Cwt,3,
"Meat — Salted Or Fresh, Not Otherwise Described",1893,399912,417591,1.0442,within5,177509,183103,1.0315,within5,Cwt,15,
Rosin,1899,399656,396656,0.9925,within5,1708630,1678630,0.9824,within5,Cwt,5,
Cordage And Twine,1881,399464,0,0.0,nodata,399464,0,0.0,nodata,Value,0,
"Hair — Cow, Ox, Bull, Or Elk",1869,399179,0,0.0,nodata,65799,0,0.0,nodata,Cwt,0,
"Cow, Ox, Bull, Or Elk",1869,399179,0,0.0,nodata,65799,0,0.0,nodata,?,0,
Bristles,1871,399155,0,0.0,nodata,2915837,0,0.0,nodata,Lb,0,
Leather Manufactures — Boots And Shoes,1895,399065,0,0.0,nodata,132058,0,0.0,nodata,Dozen Pairs,0,
Boots And Shoes,1895,399065,397736,0.9967,within5,132058,131438,0.9953,within5,Dozen Pairs,6,
"Teeth, Elephants', Sea-Cows', Or Walrus",1900,398654,0,0.0,nodata,9889,0,0.0,nodata,?,0,
Valonia,1881,398481,0,0.0,nodata,26795,0,0.0,nodata,Ton,0,
Clocks,1887,398259,0,0.0,nodata,398259,0,0.0,nodata,Number,0,
"Clocks, And Parts Thereof",1887,398259,0,0.0,nodata,398259,0,0.0,nodata,Value,0,
Rabbits,1890,398110,397392,0.9982,within5,143645,143336,0.9978,within5,Cwt,4,
Spices — Pepper,1880,398087,398087,1.0,exact01,21729968,21729968,1.0,exact01,Lb,2,
Oil — Coco-Nut,1879,398065,398065,1.0,exact01,199991,199991,1.0,exact01,Cwt,5,
Coco Nut,1879,398065,0,0.0,nodata,199991,0,0.0,nodata,Cwt,0,
Linen Yarn,1878,397787,397787,1.0,exact01,5969434,5969434,1.0,exact01,Lb,3,
Spices — Unenumerated,1879,397776,397776,1.0,exact01,10985218,10985218,1.0,exact01,Lb,9,
Manufactures Of,1885,397730,0,0.0,nodata,3139632,0,0.0,nodata,Lb,0,
Hay,1900,397585,0,0.0,nodata,109698,0,0.0,nodata,Ton,0,
"Wool — Alpaca, Vicuña, And Llama",1869,397509,0,0.0,nodata,3300345,0,0.0,nodata,Lb,0,
Candles — Stearine,1881,397324,397324,1.0,exact01,144380,144380,1.0,exact01,Cwt,5,
Confectionery,1879,397254,397254,1.0,exact01,142106,142076,0.9998,exact01,Cwt,8,
Metals — Manufactures,1882,396936,0,0.0,nodata,303478,0,0.0,nodata,Cwt,0,
"Pictures And Drawings, By Hand",1890,396933,396933,1.0,exact01,49656,49636,0.9996,exact01,Number,13,
Bristles,1877,396744,396744,1.0,exact01,2653460,2644480,0.9966,within5,Lb,8,
Oil — Coco-Nut,1884,396298,396285,1.0,exact01,214399,214399,1.0,exact01,Cwt,7,
Coco Nut,1884,396298,0,0.0,nodata,211399,0,0.0,nodata,Cwt,0,
Rags And Other Materials For Making Paper — Linen And Cotton,1881,396274,396274,1.0,exact01,26773,26773,1.0,exact01,Ton,8,
Confectionery,1878,396218,396218,1.0,exact01,144778,144778,1.0,exact01,Cwt,8,
Quicksilver,1892,396184,396184,1.0,exact01,4274274,4274274,1.0,exact01,Lb,5,
Oil — Seed,1886,396126,392217,0.9901,within5,16315,16190,0.9923,within5,Ton,6,
Seed,1886,396126,0,0.0,nodata,16315,0,0.0,nodata,Ton,0,
Hay,1898,396032,351731,0.8881,under,116107,109807,0.9457,under,Ton,12,
Valonia,1895,395943,0,0.0,nodata,35605,0,0.0,nodata,Ton,0,
"Lac, Seed, Shell, Stick, And Dye",1877,395831,395831,1.0,exact01,100442,100442,1.0,exact01,Cwt,3,
Valonia,1870,395546,0,0.0,nodata,25781,0,0.0,nodata,Ton,0,
Cocoa,1871,394632,0,0.0,nodata,17368302,0,0.0,nodata,Lb,0,
Bristles,1878,394576,394576,1.0,exact01,2502343,2502343,1.0,exact01,Lb,9,
Bottles,1896,394537,395338,1.002,within5,853693,855043,1.0016,within5,Gross,9,
Opium,1876,394034,394034,1.0,exact01,400303,400303,1.0,exact01,Lb,5,
Other Kinds Of Meal And Flour,1892,393693,0,0.0,nodata,951901,0,0.0,nodata,Cwt,0,
Grapes — Raw,1892,393644,395047,1.0036,within5,761968,763336,1.0018,within5,Bushel,12,
"Wool — Alpaca, Vicuña, And Llama",1876,393255,393255,1.0,exact01,3487436,3487436,1.0,exact01,Lb,3,
Vegetables Unenumerated,1881,393072,0,0.0,nodata,546206,0,0.0,nodata,Value,0,
"Vegetables, Raw, Unenumerated",1881,393072,0,0.0,nodata,393072,0,0.0,nodata,Value,0,
Plums,1900,392696,0,0.0,nodata,423019,0,0.0,nodata,Bushel,0,
Coco Nut,1870,392657,0,0.0,nodata,198602,0,0.0,nodata,Cwt,0,
Potatoes,1869,392643,0,0.0,nodata,1660155,0,0.0,nodata,Cwt,0,
"Silk — Knubs Or Husks Of Silk, And Waste",1878,392569,392569,1.0,exact01,32887,32887,1.0,exact01,Cwt,6,
Manures — Guano,1895,392309,445123,1.1346,over,49842,55272,1.1089,over,Ton,15,
Toys,1875,392149,0,0.0,nodata,392149,0,0.0,nodata,Value,0,
"Pictures And Drawings, By Hand",1889,392065,392065,1.0,exact01,43935,43985,1.0011,within5,Number,11,
Lace,1879,391979,0,0.0,nodata,391979,0,0.0,nodata,Value,0,
Oil — Turpentine,1886,391870,391870,1.0,exact01,291451,294451,1.0103,within5,Cwt,4,
"Ore, Unenumerated",1897,391819,188046,0.4799,under,0,0,,noanchor,Cwt,16,
Geldings,1894,391522,393623,1.0054,within5,16950,17077,1.0075,within5,Number,15,
"Animals, Living — Horses",1879,391514,0,0.0,nodata,15246,0,0.0,nodata,Number,0,
Shells Of All Kinds,1895,391272,3338719,8.533,over,391272,0,0.0,nodata,Value,24,
Rosin,1893,391252,394277,1.0077,within5,1570173,1570322,1.0001,exact01,Cwt,5,
"Wood And Timber — Furniture, Hardwoods, And Veneers : Unenumerated",1872,391130,51810,0.1325,under,37088,4024,0.1085,under,Ton,5,
Onions — Raw,1870,390830,0,0.0,nodata,1084162,0,0.0,nodata,Bushel,0,
Leather Manufactures — Boots And Shoes,1881,390756,0,0.0,nodata,86451,0,0.0,nodata,Dozen Pairs,0,
Boots And Shoes,1881,390756,390756,1.0,exact01,86451,86451,1.0,exact01,Dozen Pairs,5,
Bones Of All Kinds (Except Whalefins),1889,390740,0,0.0,nodata,72187,0,0.0,nodata,Ton,0,
Madder — Root,1871,390595,0,0.0,nodata,155733,0,0.0,nodata,Cwt,0,
Seeds — Of Other Sorts,1877,390460,0,0.0,nodata,390460,0,0.0,nodata,Value,0,
Wood And Timber — Furniture Hardwoods And Veneers : Mahogany,1881,390418,390418,1.0,exact01,42412,42412,1.0,exact01,Ton,7,
Metals — Manufactures,1884,390157,0,0.0,nodata,401603,0,0.0,nodata,Cwt,0,
"Oil — Train Or Blubber, And Sperm",1893,389864,0,0.0,nodata,19939,0,0.0,nodata,Ton,0,
"Train Or Blubber, And Sperm",1893,389864,0,0.0,nodata,19939,0,0.0,nodata,Ton,0,
Leather Manufactures — Boots And Shoes,1888,389826,0,0.0,nodata,129980,0,0.0,nodata,Dozen Pairs,0,
Boots And Shoes,1888,389826,388931,0.9977,within5,1470966,129980,0.0884,under,Dozen Pairs,8,
Oil — Fish : Train Or Blubber,1900,389712,0,0.0,nodata,21323,0,0.0,nodata,Tun,0,
Madder — Garancine,1874,389380,389380,1.0,exact01,53006,53006,1.0,exact01,Cwt,4,
Gutta Percha,1895,389258,749946,1.9266,over,48077,91823,1.9099,over,Cwt,13,
Sugar — Molasses,1899,389231,389201,0.9999,exact01,1609559,1609589,1.0,exact01,Cwt,8,
Bones Of All Kinds (Except Whalefins),1888,388994,0,0.0,nodata,75559,0,0.0,nodata,Ton,0,
"Meat, Salted Or Fresh",1877,388933,0,0.0,nodata,130178,0,0.0,nodata,Cwt,0,
Rags And Other Materials For Making Paper — Linen And Cotton,1870,388918,0,0.0,nodata,22394,0,0.0,nodata,Ton,0,
Brimstone,1869,388723,0,0.0,nodata,1015329,0,0.0,nodata,Cwt,0,
Beef — Salted,1892,388588,0,0.0,nodata,275394,0,0.0,nodata,Cwt,0,
Spices — Unenumerated,1878,388546,388546,1.0,exact01,10991211,10991211,1.0,exact01,Lb,10,
Manures — Guano,1882,388467,388467,1.0,exact01,44952,44352,0.9867,within5,Ton,7,
Seeds — Rape,1891,388446,571507,1.4713,over,261169,346184,1.3255,over,Quarter,13,
Quicksilver,1898,388176,388176,1.0,exact01,4092247,4091647,0.9999,exact01,Lb,5,
Oil — Seed,1884,388148,385126,0.9922,within5,12528,11509,0.9187,under,Ton,7,
Seed,1884,388148,0,0.0,nodata,12528,0,0.0,nodata,Ton,0,
Unenumerated — Raw,1892,388141,0,0.0,nodata,841022,0,0.0,nodata,Bushel,0,
Oil — Turpentine,1885,387927,387927,1.0,exact01,308323,308323,1.0,exact01,Cwt,4,
Metals — Manufactures,1880,387921,0,0.0,nodata,333544,0,0.0,nodata,Cwt,0,
Sugar — Glucose,1880,387737,807,0.0021,under,405760,770,0.0019,under,Cwt,1,
Brimstone,1875,387462,385413,0.9947,within5,1117734,1111937,0.9948,within5,Cwt,2,
"Oils — Fish, Train Or Blubber",1894,387395,262960,0.6788,under,23466,16293,0.6943,under,Tun,9,
Oil — Fish : Train Or Blubber,1894,387395,387395,1.0,exact01,23466,23466,1.0,exact01,Tun,12,
Shells Of All Kinds,1889,387387,0,0.0,nodata,387387,0,0.0,nodata,Value,0,
Fruit — Almonds,1893,386830,0,0.0,nodata,131393,0,0.0,nodata,Cwt,0,
Almonds,1893,386830,387121,1.0008,exact01,131393,131605,1.0016,within5,Cwt,12,
Brimstone,1870,386660,0,0.0,nodata,1065360,0,0.0,nodata,Cwt,0,
Dyes Obtained From Coal Tar,1883,386623,0,0.0,nodata,386623,0,0.0,nodata,Value,0,
Cutch And Gambier,1900,386099,0,0.0,nodata,19496,0,0.0,nodata,Ton,0,
Yeast,1897,386078,386078,1.0,exact01,159596,159596,1.0,exact01,Cwt,6,
Metals — Manufactures,1878,385863,0,0.0,nodata,324155,0,0.0,nodata,Cwt,0,
"Fish — Fresh (Not Of British Taking), Other Sorts",1900,385744,0,0.0,nodata,227098,0,0.0,nodata,Cwt,0,
"Wood And Timber — Furniture, Hardwoods, And Veneers : Unenumerated",1875,385356,0,0.0,nodata,36860,0,0.0,nodata,Ton,0,
"Fish — Fresh, Other Sorts",1896,385067,0,0.0,nodata,238715,0,0.0,nodata,Cwt,0,
Saltpetre,1870,384392,0,0.0,nodata,295538,0,0.0,nodata,Cwt,0,
Candles — Stearine,1872,384375,384375,1.0,exact01,106270,103270,0.9718,within5,Cwt,3,
All Other Sorts,1895,384070,0,0.0,nodata,290513,0,0.0,nodata,Value,0,
Rosin,1892,384050,384050,1.0,exact01,1681393,1681393,1.0,exact01,Cwt,3,
Oil-Seed Cake — Cotton Cake,1893,383847,383577,0.9993,exact01,64663,64619,0.9993,exact01,Ton,6,
Bristles,1888,383733,383733,1.0,exact01,2840674,2840674,1.0,exact01,Lb,12,
"Buttons And Studs, Not Of Metal",1882,383029,399518,1.043,within5,3464200,3440995,0.9933,within5,Gross,5,
"Fish — Fresh, Other Sorts",1894,382899,381888,0.9974,within5,241472,241084,0.9984,within5,Cwt,9,
"Buttons And Studs, Not Of Metal",1891,382426,382396,0.9999,exact01,4202700,4202400,0.9999,exact01,Gross,5,
Leather Manufactures — Unenumerated,1891,382231,0,0.0,nodata,382231,0,0.0,nodata,Value,0,
"Pork, Salted And Fresh",1868,382221,0,0.0,nodata,151362,0,0.0,nodata,Cwt,0,
Sugar — Glucose,1882,381847,0,0.0,nodata,423583,0,0.0,nodata,Cwt,0,
Leather Manufactures — Boots And Shoes,1880,381579,0,0.0,nodata,95487,0,0.0,nodata,Dozen Pairs,0,
Boots And Shoes,1880,381579,381579,1.0,exact01,95487,95487,1.0,exact01,Dozen Pairs,5,
"Skins, Furs, And Pelts — Seal",1872,381276,381276,1.0,exact01,657697,657697,1.0,exact01,Number,9,
Clocks,1886,381265,381122,0.9996,exact01,839934,839865,0.9999,exact01,Number,6,
"Clocks, And Parts Thereof",1886,381265,0,0.0,nodata,381265,0,0.0,nodata,Value,0,
Matches,1894,381126,0,0.0,nodata,189757,0,0.0,nodata,Value,0,
Still,1899,380770,0,0.0,nodata,780646,0,0.0,nodata,?,0,
Rosin,1875,380335,380335,1.0,exact01,1026076,1026076,1.0,exact01,Cwt,3,
"Ore, Unenumerated",1899,379872,293959,0.7738,under,0,0,,noanchor,Cwt,16,
Painters' Colours And Pigments,1868,379833,0,0.0,nodata,379833,0,0.0,nodata,Value,0,
Yarn,1877,379801,379801,1.0,exact01,4026672,4026672,1.0,exact01,Lb,5,
Maize Or Indian Corn Meal,1898,379485,0,0.0,nodata,1453800,0,0.0,nodata,Cwt,0,
Yarn,1894,379386,549473,1.4483,over,2128093,11953347,5.6169,over,Lb,23,
Yarn,1895,379349,229582,0.6052,under,7424649,10962313,1.4765,over,Lb,23,
Sugar — Molasses,1870,379347,0,0.0,nodata,795111,0,0.0,nodata,Cwt,0,
Leather Manufactures — Boots And Shoes,1893,379056,0,0.0,nodata,122219,0,0.0,nodata,Dozen Pairs,0,
Boots And Shoes,1893,379056,378829,0.9994,exact01,122219,122116,0.9992,exact01,Dozen Pairs,6,
Unenumerated,1877,379005,0,0.0,nodata,379005,0,0.0,nodata,Value,0,
Rosin,1870,378918,0,0.0,nodata,778032,0,0.0,nodata,Cwt,0,
Oil — Turpentine,1880,378638,378838,1.0005,exact01,271699,271699,1.0,exact01,Cwt,2,
Rosin,1884,378540,378540,1.0,exact01,1475955,1475955,1.0,exact01,Cwt,3,
"Oils — Fish, Train Or Blubber",1895,378513,231748,0.6123,under,23644,15274,0.646,under,Tun,9,
Oil — Fish : Train Or Blubber,1895,378513,378513,1.0,exact01,23644,23644,1.0,exact01,Tun,10,
Pears — Raw,1897,377900,376091,0.9952,within5,1051877,1017819,0.9676,within5,Bushel,9,
Cordage And Twine,1868,377757,0,0.0,nodata,377757,0,0.0,nodata,Value,0,
Oil — Coco-Nut,1876,377480,377450,0.9999,exact01,199431,199431,1.0,exact01,Cwt,5,
Cocoa Nut,1876,377480,0,0.0,nodata,199431,0,0.0,nodata,Cwt,0,
Coco Nut,1876,377480,0,0.0,nodata,199431,0,0.0,nodata,Cwt,0,
Lemons,1894,377305,378503,1.0032,within5,1288893,1292257,1.0026,within5,Bushel,8,
Candles Of All Sorts,1878,377220,0,0.0,nodata,118147,0,0.0,nodata,Cwt,0,
Mahogany,1888,376987,0,0.0,nodata,42859,0,0.0,nodata,Ton,0,
Coco Nut,1877,376952,0,0.0,nodata,195115,0,0.0,nodata,Cwt,0,
Cocoa Nut,1877,376932,376952,1.0001,exact01,195115,195115,1.0,exact01,Cwt,4,
Horses,1893,376819,0,0.0,nodata,13707,0,0.0,nodata,Cwt,0,
Rosin,1890,376625,376620,1.0,exact01,1627446,1627481,1.0,exact01,Cwt,3,
"Manufactures, Unenumerated",1897,376485,0,0.0,nodata,0,0,,noanchor,Value,0,
"Skins, Furs, And Pelts — Seal",1875,376358,376358,1.0,exact01,629723,629723,1.0,exact01,Number,8,
Cordage And Twine,1880,376133,0,0.0,nodata,376133,0,0.0,nodata,Value,0,
Tin — Ore Of,1900,375910,0,0.0,nodata,7329,0,0.0,nodata,Ton,0,
Wood And Timber — Furniture Hardwoods And Veneers : Mahogany,1872,375790,0,0.0,nodata,33920,0,0.0,nodata,Ton,0,
Spices — Pepper,1878,375536,375536,1.0,exact01,24373969,24373969,1.0,exact01,Lb,3,
"Flowers, Artificial",1894,375366,0,0.0,nodata,375366,0,0.0,nodata,Value,0,
Paraffine,1889,374887,374887,1.0,exact01,315606,315606,1.0,exact01,Cwt,5,
Seeds — Of Other Sorts,1884,374877,0,0.0,nodata,374877,0,0.0,nodata,Value,0,
"Thrown, Dyed Or Not Dyed",1895,374811,374811,1.0,exact01,460444,460444,1.0,exact01,Lb,3,
Silk — Thrown,1895,374811,0,0.0,nodata,460444,0,0.0,nodata,Lb,0,
Candles — Stearine,1875,374688,680815,1.817,over,104962,119716,1.1406,over,Cwt,6,
For Expressing Oil Therefrom,1874,374505,0,0.0,nodata,26322,0,0.0,nodata,Ton,0,
Seeds — Of Other Sorts,1872,374420,0,0.0,nodata,374420,0,0.0,nodata,Value,0,
"Yeast, Dried",1873,374347,374347,1.0,exact01,147226,147226,1.0,exact01,Cwt,4,
Oil — Seed,1887,374120,374120,1.0,exact01,15508,15508,1.0,exact01,Ton,8,
Seed,1887,374120,0,0.0,nodata,15508,0,0.0,nodata,Ton,0,
Confectionery,1877,373970,373970,1.0,exact01,139148,139148,1.0,exact01,Cwt,8,
Clocks,1871,373434,0,0.0,nodata,325507,0,0.0,nodata,Number,0,
"Oil — Train Or Blubber, And Sperm",1887,373275,0,0.0,nodata,17698,0,0.0,nodata,Ton,0,
"Train Or Blubber, And Sperm",1887,373275,0,0.0,nodata,17698,0,0.0,nodata,Ton,0,
Rags And Other Materials For Making Paper — Linen And Cotton,1872,373035,370975,0.9945,within5,22254,22921,1.03,within5,Ton,10,
Candles — Stearine,1873,372848,372848,1.0,exact01,102729,102729,1.0,exact01,Cwt,3,
Leather Manufactures — Boots And Shoes,1892,372818,0,0.0,nodata,118386,0,0.0,nodata,Dozen Pairs,0,
Boots And Shoes,1892,372818,343718,0.9219,under,118386,118583,1.0017,within5,Dozen Pairs,8,
"Lac-Dye, Seedlac, Shellac, And Sticklac",1899,372587,0,0.0,nodata,108758,0,0.0,nodata,Cwt,0,
Madder,1872,372563,372563,1.0,exact01,134207,134207,1.0,exact01,Cwt,5,
Watches,1870,372420,0,0.0,nodata,372420,0,0.0,nodata,Value,0,
Manures — Bones For Manure,1890,372048,569107,1.5297,over,69949,107759,1.5405,over,Ton,27,
Cocoa,1870,371997,0,0.0,nodata,14793950,0,0.0,nodata,Lb,0,
Painters' Colours And Pigments,1869,371788,0,0.0,nodata,371788,0,0.0,nodata,Value,0,
Wood And Timber — Furniture Hardwoods And Veneers : Mahogany,1878,370740,370740,1.0,exact01,44227,44227,1.0,exact01,Ton,6,
Leather Manufactures — Boots And Shoes,1878,370147,0,0.0,nodata,102690,0,0.0,nodata,Dozen Pairs,0,
Quicksilver,1876,369782,0,0.0,nodata,2843918,0,0.0,nodata,Lb,0,
Quicksilver,1886,369779,369779,1.0,exact01,4422478,4422478,1.0,exact01,Lb,6,
Coco Nut,1881,369779,0,0.0,nodata,248412,0,0.0,nodata,Cwt,0,
Vegetables Unenumerated,1880,369717,0,0.0,nodata,369717,0,0.0,nodata,Value,0,
"Vegetables, Raw, Unenumerated",1880,369717,0,0.0,nodata,369717,0,0.0,nodata,Value,0,
"Buttons And Studs, Not Of Metal",1889,369566,369566,1.0,exact01,4481808,4481808,1.0,exact01,Gross,6,
Rum,1895,369438,0,0.0,nodata,5656268,0,0.0,nodata,Proof Gallon,0,
"Lac, Seed, Shell, Stick, And Dye",1880,369317,369317,1.0,exact01,58081,58081,1.0,exact01,Cwt,2,
Metals — Manufactures,1888,369138,0,0.0,nodata,364485,0,0.0,nodata,Cwt,0,
Bones Of All Kinds (Except Whalefins),1886,369002,0,0.0,nodata,66778,0,0.0,nodata,Ton,0,
"Manganese, Ore Of",1896,368948,429924,1.1653,over,159982,186476,1.1656,over,Ton,19,
Matches,1890,368916,0,0.0,nodata,368916,0,0.0,nodata,Value,0,
Seal Skins,1900,368715,0,0.0,nodata,556604,0,0.0,nodata,Number,0,
"Buttons And Studs, Not Of Metal",1883,368692,368692,1.0,exact01,3984311,3994311,1.0025,within5,Gross,6,
Matches,1889,368652,0,0.0,nodata,368652,0,0.0,nodata,Value,0,
"Buttons And Studs, Not Of Metal",1888,368530,368530,1.0,exact01,4320199,4320199,1.0,exact01,Gross,5,
Rum,1899,368430,0,0.0,nodata,5577678,0,0.0,nodata,Proof Gallon,0,
Cordage And Twine,1879,368177,0,0.0,nodata,368177,0,0.0,nodata,Value,0,
Oil — Seed,1885,368130,368130,1.0,exact01,12910,12940,1.0023,within5,Ton,8,
Seed,1885,368130,0,0.0,nodata,12940,0,0.0,nodata,Ton,0,
Sugar — Glucose,1878,368054,2734,0.0074,under,375627,2838,0.0076,under,Cwt,1,
Cochineal (Including Granilla And Dust),1879,367911,367911,1.0,exact01,27952,27952,1.0,exact01,Cwt,3,
"Prepared, And Chocolate",1896,367838,0,0.0,nodata,3846025,0,0.0,nodata,Lb,0,
"Buttons And Studs, Not Of Metal",1890,367792,367792,1.0,exact01,4321044,4321044,1.0,exact01,Gross,5,
Rape,1898,367736,0,0.0,nodata,258951,0,0.0,nodata,Quarter,0,
Matches,1892,367654,0,0.0,nodata,367654,0,0.0,nodata,Value,0,
Cordage And Twine,1871,367484,0,0.0,nodata,367484,0,0.0,nodata,Value,0,
Bristles,1886,367239,367239,1.0,exact01,2660509,2660509,1.0,exact01,Lb,12,
"Flowers, Artificial",1871,367186,0,0.0,nodata,367186,0,0.0,nodata,Value,0,
Other Kinds Of Meal And Flour,1884,367004,0,0.0,nodata,798276,0,0.0,nodata,Cwt,0,
Sugar — Glucose,1881,366908,889,0.0024,under,399648,1030,0.0026,under,Cwt,1,
Pears — Raw,1900,366860,0,0.0,nodata,476901,0,0.0,nodata,Bushel,0,
Bristles,1870,366767,0,0.0,nodata,2497122,0,0.0,nodata,Lb,0,
Leather Manufactures — Unenumerated,1892,366669,0,0.0,nodata,366669,0,0.0,nodata,Value,0,
Oil — Seed,1883,366489,335849,0.9164,under,10524,9882,0.939,under,Ton,11,
Seed,1883,366489,0,0.0,nodata,10524,0,0.0,nodata,Ton,0,
"Zinc — Crude, In Cakes",1870,366461,0,0.0,nodata,19921,0,0.0,nodata,Ton,0,
Logwood,1888,366131,0,0.0,nodata,62306,0,0.0,nodata,Ton,0,
Wood And Timber — Furniture Hardwoods And Veneers : Mahogany,1879,365848,365848,1.0,exact01,45154,45154,1.0,exact01,Ton,6,
Oil — Coco-Nut,1883,365716,365716,1.0,exact01,210874,210874,1.0,exact01,Cwt,8,
Coco Nut,1883,365716,0,0.0,nodata,210874,0,0.0,nodata,Cwt,0,
Opium,1888,365518,0,0.0,nodata,587365,0,0.0,nodata,Lb,0,
"Flowers, Artificial",1869,365407,0,0.0,nodata,365407,0,0.0,nodata,Value,0,
Lemons,1895,365320,367220,1.0052,within5,1165490,1170349,1.0042,within5,Bushel,8,
"Oil — Train Or Blubber, And Sperm",1896,365191,0,0.0,nodata,21632,0,0.0,nodata,Ton,0,
"Wood And Timber — Furniture, Hardwoods, And Veneers : Unenumerated",1880,364714,364714,1.0,exact01,37846,37846,1.0,exact01,Ton,13,
"Thrown, Dyed Or Not Dyed",1899,364685,0,0.0,nodata,317786,0,0.0,nodata,Lb,0,
"Ore, Unenumerated",1894,364583,225062,0.6173,under,44676,0,0.0,nodata,Cwt,16,
Quicksilver,1881,364278,364278,1.0,exact01,4196301,4196271,1.0,exact01,Lb,5,
Seeds — Of Other Sorts,1871,363805,0,0.0,nodata,363805,0,0.0,nodata,Value,0,
"Lac-Dye, Seedlac, Shellac, And Sticklac",1900,363609,0,0.0,nodata,113074,0,0.0,nodata,Cwt,0,
Logwood,1893,363083,0,0.0,nodata,52300,0,0.0,nodata,Ton,0,
Quicksilver,1877,363042,0,0.0,nodata,3593961,0,0.0,nodata,Lb,0,
Matches,1895,362900,0,0.0,nodata,362900,0,0.0,nodata,Value,0,
"Cocoa Or Chocolate, Ground, Prepared Or In Any Way Manufactured",1896,362848,362938,1.0002,exact01,3794422,3794122,0.9999,exact01,Lb,8,
Bones Of All Kinds (Except Whalefins),1892,362807,0,0.0,nodata,73484,0,0.0,nodata,Ton,0,
"Fish — Fresh (Not Of British Taking), Other Sorts",1899,362779,0,0.0,nodata,250025,0,0.0,nodata,Cwt,0,
"Oils — Fish, Train Or Blubber",1893,362686,0,0.0,nodata,19337,0,0.0,nodata,Tun,0,
Matches,1893,362560,0,0.0,nodata,362560,0,0.0,nodata,Value,0,
Manufactures Of,1891,362384,0,0.0,nodata,3180198,0,0.0,nodata,Lb,0,
Bottles,1895,362136,362620,1.0013,within5,750856,751844,1.0013,within5,Gross,10,
"Train Or Blubber, And Sperm",1886,361947,0,0.0,nodata,15834,0,0.0,nodata,Ton,0,
Preserved Without Sugar,1892,361700,0,0.0,nodata,41549884,0,0.0,nodata,Lb,0,
Goat,1868,361691,0,0.0,nodata,3453480,0,0.0,nodata,Number,0,
Opium,1872,361503,361503,1.0,exact01,356211,356211,1.0,exact01,Lb,5,
Rosin,1898,361169,361169,1.0,exact01,1662359,1662359,1.0,exact01,Cwt,3,
Gum — Unenumerated,1885,360969,360974,1.0,exact01,104889,104889,1.0,exact01,Cwt,18,
Mahogany,1890,360965,0,0.0,nodata,39842,0,0.0,nodata,Ton,0,
Metals — Manufactures,1885,360883,0,0.0,nodata,393282,0,0.0,nodata,Cwt,0,
Coco Nut,1894,360737,0,0.0,nodata,299131,0,0.0,nodata,Cwt,0,
Wrought Or Manufactured,1898,360432,0,0.0,nodata,4020,0,0.0,nodata,Ton,0,
Cutch And Gambier,1869,360399,0,0.0,nodata,18840,0,0.0,nodata,Ton,0,
Cochineal (Including Granilla And Dust),1878,359836,359836,1.0,exact01,30827,30827,1.0,exact01,Cwt,4,
Rye,1900,359800,0,0.0,nodata,1224420,0,0.0,nodata,Cwt,0,
Wood And Timber — Furniture Hardwoods And Veneers : Mahogany,1869,359748,0,0.0,nodata,47252,0,0.0,nodata,Ton,0,
Mahogany,1869,359748,0,0.0,nodata,47252,0,0.0,nodata,Ton,0,
"Wood And Timber — Furniture, Hardwoods, And Veneers : Unenumerated",1877,359591,356282,0.9908,within5,37120,40565,1.0928,over,Ton,16,
Fruit — Almonds,1892,359093,0,0.0,nodata,106856,0,0.0,nodata,Cwt,0,
"Wood And Timber — Furniture, Hardwoods, And Veneers : Unenumerated",1873,359005,0,0.0,nodata,33433,0,0.0,nodata,Ton,0,
"Skins And Furs — Goat, Undressed",1882,358775,0,0.0,nodata,3620868,0,0.0,nodata,Number,0,
Candles Of All Sorts,1880,358688,0,0.0,nodata,132433,0,0.0,nodata,Cwt,0,
Opium,1880,358613,0,0.0,nodata,400374,0,0.0,nodata,Lb,0,
Wood And Timber — Unenumerated,1900,358312,0,0.0,nodata,96323,0,0.0,nodata,Load,0,
Other Kinds Of Meal And Flour,1885,358040,0,0.0,nodata,766929,0,0.0,nodata,Cwt,0,
Oil — Turpentine,1878,358000,358000,1.0,exact01,324145,324145,1.0,exact01,Cwt,2,
Sugar — Glucose,1883,357805,0,0.0,nodata,403404,0,0.0,nodata,Cwt,0,
Valonia,1869,357455,0,0.0,nodata,23652,0,0.0,nodata,Ton,0,
Coco Nut,1871,357260,0,0.0,nodata,190492,0,0.0,nodata,Cwt,0,
All Other Sorts,1893,356704,0,0.0,nodata,225079,0,0.0,nodata,Value,0,
Fruits And Vegetables Preserved In Sugar,1898,356672,437449,1.2265,over,275682,333740,1.2106,over,Cwt,20,
Sugar — Glucose,1884,356565,0,0.0,nodata,437419,0,0.0,nodata,Cwt,0,
"Manganese, Ore Of",1893,355984,355984,1.0,exact01,121773,121773,1.0,exact01,Ton,12,
Cochineal (Including Granilla And Dust),1881,355924,330502,0.9286,under,30017,28530,0.9505,within5,Cwt,1,
Other Farinaceous Substances,1872,355887,0,0.0,nodata,355887,0,0.0,nodata,Value,0,
Wood And Timber — Furniture Hardwoods And Veneers : Mahogany,1882,355573,0,0.0,nodata,36478,0,0.0,nodata,Ton,0,
Hay,1896,355344,356946,1.0045,within5,107987,108701,1.0066,within5,Ton,15,
Metals — Manufactures,1887,355288,0,0.0,nodata,395279,0,0.0,nodata,Cwt,0,
Seeds — Of Other Sorts,1891,355276,0,0.0,nodata,355276,0,0.0,nodata,Value,0,
Quicksilver,1880,354793,354802,1.0,exact01,3715526,3682526,0.9911,within5,Lb,8,
"Plate, Fluted, Rolled Or Rough",1900,354789,0,0.0,nodata,316094,0,0.0,nodata,Cwt,0,
"Oils — Fish, Train Or Blubber",1896,354515,245727,0.6931,under,21256,15327,0.7211,under,Tun,10,
Oil — Fish : Train Or Blubber,1896,354515,354515,1.0,exact01,21256,21256,1.0,exact01,Tun,13,
Mahogany,1889,354501,0,0.0,nodata,39859,0,0.0,nodata,Ton,0,
Seeds — Of Other Sorts,1883,354329,0,0.0,nodata,354329,0,0.0,nodata,Value,0,
Rags And Other Materials For Making Paper — Linen And Cotton,1890,354306,353306,0.9972,within5,34889,34889,1.0,exact01,Ton,15,
Linen And Cotton Rags,1890,354306,0,0.0,nodata,34589,0,0.0,nodata,Ton,0,
Opium,1869,353732,0,0.0,nodata,219495,0,0.0,nodata,Lb,0,
"Buttons And Studs, Not Of Metal",1876,353616,0,0.0,nodata,0,0,,noanchor,Gross,0,
Mares,1896,353393,356708,1.0094,within5,14309,14323,1.001,exact01,Number,21,
Wood And Timber — Teak,1893,353143,697429,1.9749,over,34268,67677,1.9749,over,Load,11,
Leather Manufactures — Boots And Shoes,1884,352567,0,0.0,nodata,111204,0,0.0,nodata,Dozen Pairs,0,
Boots And Shoes,1884,352567,352567,1.0,exact01,111204,111204,1.0,exact01,Dozen Pairs,5,
"Thrown, Dyed Or Not Dyed",1894,352240,353210,1.0028,within5,398266,400606,1.0059,within5,Lb,7,
Silk — Thrown,1894,352240,0,0.0,nodata,398266,0,0.0,nodata,Lb,0,
Fruit — Almonds,1890,352151,0,0.0,nodata,98546,0,0.0,nodata,Cwt,0,
Poultry And Game,1886,351888,0,0.0,nodata,351888,0,0.0,nodata,Value,0,
Brimstone,1874,351655,351655,1.0,exact01,1044116,1044116,1.0,exact01,Cwt,3,
Bristles,1881,351483,351453,0.9999,exact01,2319509,2319509,1.0,exact01,Lb,7,
Onions — Raw,1876,351208,351208,1.0,exact01,1544807,1544807,1.0,exact01,Bushel,6,
Watches,1872,351199,0,0.0,nodata,351199,0,0.0,nodata,Value,0,
Seeds — Of Other Sorts,1874,351125,0,0.0,nodata,351125,0,0.0,nodata,Value,0,
Kowrie,1900,351016,0,0.0,nodata,114845,0,0.0,nodata,Cwt,0,
Leather Manufactures — Boots And Shoes,1889,350856,0,0.0,nodata,100195,0,0.0,nodata,Dozen Pairs,0,
Sugar — Molasses,1872,350741,350741,1.0,exact01,696615,696615,1.0,exact01,Cwt,7,
Saltpetre,1882,350711,0,0.0,nodata,322024,0,0.0,nodata,Cwt,0,
Candles — Stearine,1878,350231,350231,1.0,exact01,110036,110036,1.0,exact01,Cwt,5,
Candles Of All Sorts,1879,350010,0,0.0,nodata,120995,0,0.0,nodata,Cwt,0,
Shells Of All Kinds,1890,349691,0,0.0,nodata,349691,0,0.0,nodata,Value,0,
Rosin,1881,349442,349442,1.0,exact01,1131443,1131443,1.0,exact01,Cwt,2,
Tow,1897,348873,437593,1.2543,over,18614,14158,0.7606,under,Ton,21,
Leather Manufactures — Boots And Shoes,1877,348786,0,0.0,nodata,99396,0,0.0,nodata,Dozen Pairs,0,
Boots And Shoes,1877,348786,348786,1.0,exact01,0,0,,noanchor,Dozen Pairs,7,
"Animals, Living — Horses",1872,348620,0,0.0,nodata,12618,0,0.0,nodata,Number,0,
Leather Manufactures — Boots And Shoes,1894,348220,0,0.0,nodata,115429,0,0.0,nodata,Dozen Pairs,0,
Boots And Shoes,1894,348220,347403,0.9977,within5,115429,115089,0.9971,within5,Dozen Pairs,6,
Sugar — Molasses,1900,348130,0,0.0,nodata,1347931,0,0.0,nodata,Cwt,0,
Oil — Turpentine,1875,347976,347976,1.0,exact01,293402,293402,1.0,exact01,Cwt,3,
Rye,1899,347894,344889,0.9914,within5,1193330,1133330,0.9497,under,Cwt,6,
"Yeast, Dried",1872,347689,347689,1.0,exact01,140191,140191,1.0,exact01,Cwt,3,
Pears — Raw,1893,347189,347189,1.0,exact01,915212,915212,1.0,exact01,Bushel,8,
"Manganese, Ore Of",1897,347155,356930,1.0282,within5,156324,165263,1.0572,over,Ton,18,
Gutta Percha,1885,347133,679928,1.9587,over,53839,105825,1.9656,over,Cwt,8,
Cutch And Gambier,1899,347025,685010,1.974,over,21526,42549,1.9766,over,Ton,12,
Sugar — Molasses,1898,346917,346918,1.0,exact01,1353188,1353188,1.0,exact01,Cwt,10,
Leather Manufactures — Boots And Shoes,1885,346884,0,0.0,nodata,102782,0,0.0,nodata,Dozen Pairs,0,
Boots And Shoes,1885,346884,346884,1.0,exact01,102782,102782,1.0,exact01,Dozen Pairs,8,
Rosin,1895,346798,346858,1.0002,exact01,1427569,1427569,1.0,exact01,Cwt,4,
Plumbago,1900,346761,0,0.0,nodata,14722,0,0.0,nodata,Ton,0,
Metals — Manufactures,1879,346443,0,0.0,nodata,309425,0,0.0,nodata,Cwt,0,
Gum — Unenumerated,1882,346420,346620,1.0006,exact01,108289,108231,0.9995,exact01,Cwt,15,
Gum — Unenumerated,1883,346231,345937,0.9992,exact01,117945,117945,1.0,exact01,Cwt,27,
Paper — Printed Or Coated,1899,346103,344635,0.9958,within5,109832,109458,0.9966,within5,Cwt,8,
Kowrie,1898,346016,683092,1.9742,over,105770,208974,1.9757,over,Cwt,5,
Rum,1898,345916,0,0.0,nodata,5469092,0,0.0,nodata,Proof Gallon,0,
"Flowers, Artificial",1889,345283,0,0.0,nodata,345283,0,0.0,nodata,Value,0,
Gum — Unenumerated,1880,345087,345087,1.0,exact01,92283,92243,0.9996,exact01,Cwt,10,
Of Other Sorts,1880,345087,0,0.0,nodata,92283,0,0.0,nodata,Cwt,0,
"Meat — Salted Or Fresh, Not Otherwise Described",1892,344945,344937,1.0,exact01,150573,150633,1.0004,exact01,Cwt,11,
China And Porcelain Ware,1881,344890,320486,0.9292,under,61971,57958,0.9352,under,Cwt,6,
Of Other Sorts,1893,344847,0,0.0,nodata,128722,0,0.0,nodata,Cwt,0,
Quicksilver,1879,344731,0,0.0,nodata,3972630,0,0.0,nodata,Lb,0,
"Fish — Fresh, Other Sorts",1895,344729,344729,1.0,exact01,192545,192515,0.9998,exact01,Cwt,10,
Rum,1896,344446,0,0.0,nodata,5347580,0,0.0,nodata,Proof Gallon,0,
Gum — Unenumerated,1879,344410,344410,1.0,exact01,82327,82327,1.0,exact01,Cwt,11,
Of Other Sorts,1879,344410,0,0.0,nodata,82327,0,0.0,nodata,Cwt,0,
Coco Nut,1898,344108,0,0.0,nodata,307101,0,0.0,nodata,Cwt,0,
Cochineal (Including Granilla And Dust),1876,343885,343885,1.0,exact01,30440,30401,0.9987,within5,Cwt,6,
Yeast,1899,343608,344598,1.0029,within5,143257,143257,1.0,exact01,Cwt,6,
Manures — Phosphate Of Lime And Rock,1890,343501,849452,2.4729,over,318501,343501,1.0785,over,Ton,11,
Rape,1893,343424,0,0.0,nodata,252560,0,0.0,nodata,Quarter,0,
Beef — Salted,1894,342814,8264,0.0241,under,242311,6750,0.0279,under,Cwt,5,
Nuts And Kernels — Commonly Used For Expressing Oil Therefrom,1869,342723,0,0.0,nodata,25802,0,0.0,nodata,Ton,0,
For Expressing Oil Therefrom,1869,342723,0,0.0,nodata,25802,0,0.0,nodata,Ton,0,
"Preserved Without Sugar, Other Than Dried",1895,342587,581712,1.698,over,45856313,74981005,1.6351,over,Lb,30,
Preserved Without Sugar,1895,342587,0,0.0,nodata,45856313,0,0.0,nodata,Lb,0,
Spices — Unenumerated,1877,342457,368544,1.0762,over,9989575,10590096,1.0601,over,Lb,10,
Nuts And Kernels — Commonly Used For Expressing Oil Therefrom,1872,341971,590917,1.728,over,27848,48767,1.7512,over,Ton,7,
For Expressing Oil Therefrom,1872,341971,0,0.0,nodata,27848,0,0.0,nodata,Ton,0,
Other Sorts Of Shell Fish,1894,341828,0,0.0,nodata,105116,0,0.0,nodata,Cwt,0,
Rabbits,1889,341733,341733,1.0,exact01,123874,123874,1.0,exact01,Cwt,4,
"Wool — Alpaca, Vicuña, And Llama",1878,341671,341671,1.0,exact01,3974978,3974978,1.0,exact01,Lb,3,
"Manganese, Ore Of",1892,341515,341515,1.0,exact01,109823,109823,1.0,exact01,Ton,13,
Spices — Unenumerated,1884,341428,342138,1.0021,within5,15436430,15436430,1.0,exact01,Lb,9,
Opium,1884,341371,0,0.0,nodata,490675,0,0.0,nodata,Lb,0,
"Teeth, Elephants', Sea Cow, And Sea Horse",1871,341205,0,0.0,nodata,12797,0,0.0,nodata,Cwt,0,
Quicksilver,1893,341186,341186,1.0,exact01,3939338,3939338,1.0,exact01,Lb,3,
"Flowers, Artificial",1868,341176,0,0.0,nodata,341176,0,0.0,nodata,Value,0,
China And Porcelain Ware,1873,340939,340909,0.9999,exact01,42140,42140,1.0,exact01,Cwt,9,
Yeast,1900,340676,0,0.0,nodata,138739,0,0.0,nodata,Cwt,0,
Fruit — Almonds,1895,340409,342554,1.0063,within5,121120,120859,0.9978,within5,Cwt,13,
Almonds,1895,340409,335481,0.9855,within5,121120,121119,1.0,exact01,Cwt,13,
"Manganese, Ore Of",1898,340111,341382,1.0037,within5,153927,153907,0.9999,exact01,Ton,19,
Spirits — Rum,1889,340026,339996,0.9999,exact01,4087109,4082109,0.9988,within5,Proof Gallon,9,
Metal Not Otherwise Enumerated — Wrought,1886,339970,0,0.0,nodata,2001,0,0.0,nodata,Ton,0,
Madder — Root,1870,339333,0,0.0,nodata,135498,0,0.0,nodata,Cwt,0,
"Seeds — Unenumerated, For Expressing Oil Therefrom",1881,339051,339051,1.0,exact01,153648,153648,1.0,exact01,Quarter,7,
All Other Sorts,1892,338957,0,0.0,nodata,268613,0,0.0,nodata,Value,0,
Saltpetre,1874,338769,0,0.0,nodata,296431,0,0.0,nodata,Cwt,0,
Vegetables Unenumerated,1879,338457,0,0.0,nodata,338157,0,0.0,nodata,Value,0,
"Vegetables, Raw, Unenumerated",1879,338457,0,0.0,nodata,938457,0,0.0,nodata,Value,0,
"Pictures And Drawings, By Hand",1886,338421,338421,1.0,exact01,39578,39878,1.0076,within5,Number,10,
"Manganese, Ore Of",1894,338400,338403,1.0,exact01,127981,128551,1.0045,within5,Ton,12,
Candles — Stearine,1868,338399,0,0.0,nodata,92479,0,0.0,nodata,Cwt,0,
Slates,1899,338144,1576351,4.6618,over,0,0,,noanchor,Load,27,
"Slates, For Roofing Purposes",1899,338144,0,0.0,nodata,62734622,0,0.0,nodata,Number,0,
Tow,1896,337865,500665,1.4818,over,19100,18774,0.9829,within5,Ton,24,
Yarn,1893,337426,435581,1.2909,over,1552139,7383130,4.7567,over,Lb,11,
"Teeth, Elephants', Sea Cow, And Sea Horse",1868,337103,0,0.0,nodata,9909,0,0.0,nodata,Cwt,0,
China And Porcelain Ware,1876,336980,336980,1.0,exact01,47629,47629,1.0,exact01,Cwt,7,
Rosin,1880,336787,336787,1.0,exact01,1083402,1083402,1.0,exact01,Cwt,2,
China And Porcelain Ware,1875,336666,329500,0.9787,within5,46132,45192,0.9796,within5,Cwt,6,
Sugar — Glucose,1887,336523,0,0.0,nodata,536707,0,0.0,nodata,Cwt,0,
"Buttons And Studs, Not Of Metal",1892,336490,336490,1.0,exact01,3817432,3817432,1.0,exact01,Gross,7,
"Flowers, Artificial",1893,336330,0,0.0,nodata,336330,0,0.0,nodata,Value,0,
Sugar — Glucose,1886,335947,0,0.0,nodata,502567,0,0.0,nodata,Cwt,0,
"Animals, Living — Horses",1890,335906,0,0.0,nodata,19286,0,0.0,nodata,Number,0,
"Meat, Salted Or Fresh",1874,335846,0,0.0,nodata,119403,0,0.0,nodata,Cwt,0,
Of Other Sorts,1895,335842,0,0.0,nodata,136011,0,0.0,nodata,Cwt,0,
Candles — Stearine,1880,335745,335745,1.0,exact01,124577,124577,1.0,exact01,Cwt,5,
"Pictures And Drawings, By Hand",1893,335610,335610,1.0,exact01,33550,33550,1.0,exact01,Number,9,
Pork — Salted (Not Hams),1894,335556,336544,1.0029,within5,225019,225492,1.0021,within5,Cwt,10,
Brimstone,1872,335219,335219,1.0,exact01,1001021,1001021,1.0,exact01,Cwt,3,
Lemons,1893,334904,334874,0.9999,exact01,1081620,1081480,0.9999,exact01,Bushel,7,
Fruit — Almonds,1880,334713,0,0.0,nodata,86763,0,0.0,nodata,Cwt,0,
Preserved Otherwise Than By Salting — Mutton,1895,334607,652595,1.9503,over,200471,0,0.0,nodata,?,11,
Quicksilver,1895,334558,334558,1.0,exact01,3724053,3724053,1.0,exact01,Lb,6,
"Drugs, Unenumerated",1873,334377,0,0.0,nodata,334377,0,0.0,nodata,Value,0,
Valonia,1891,334268,0,0.0,nodata,17202,0,0.0,nodata,Ton,0,
Quicksilver,1884,333918,333918,1.0,exact01,4497748,4497748,1.0,exact01,Lb,5,
Of Other Sorts,1870,333899,0,0.0,nodata,74063,0,0.0,nodata,Cwt,0,
All Other Sorts,1870,333899,0,0.0,nodata,61463,0,0.0,nodata,Value,0,
"Yeast, Dried",1871,333722,0,0.0,nodata,133741,0,0.0,nodata,Cwt,0,
Of Other Sorts,1894,333472,0,0.0,nodata,126095,0,0.0,nodata,Cwt,0,
"Lac, Seed, Shell, Stick, And Dye",1898,333326,813387,2.4402,over,96678,205024,2.1207,over,Cwt,20,
"Lac-Dye, Seedlac, Shellac, And Sticklac",1898,333326,0,0.0,nodata,96678,0,0.0,nodata,Cwt,0,
Valonia,1896,333225,0,0.0,nodata,32808,0,0.0,nodata,Ton,0,
Seeds — Of Other Sorts,1873,333116,0,0.0,nodata,333116,0,0.0,nodata,Value,0,
Leather Manufactures — Boots And Shoes,1890,333011,0,0.0,nodata,99613,0,0.0,nodata,Dozen Pairs,0,
Pepper,1894,332867,0,0.0,nodata,29213004,0,0.0,nodata,Lb,0,
"Glass — Plate, Whether Silvered Or Not",1898,332844,337317,1.0134,within5,280903,280845,0.9998,exact01,Cwt,6,
Wood And Timber — Furniture Hardwoods And Veneers : Mahogany,1868,332732,0,0.0,nodata,41925,0,0.0,nodata,Ton,0,
Mahogany,1868,332732,0,0.0,nodata,41925,0,0.0,nodata,Ton,0,
Oil — Fish : Train Or Blubber,1899,332703,0,0.0,nodata,19891,0,0.0,nodata,Tun,0,
"Flowers, Artificial",1884,332256,0,0.0,nodata,332256,0,0.0,nodata,Value,0,
Fruit — Almonds Of All Kinds,1880,331713,0,0.0,nodata,86763,0,0.0,nodata,Cwt,0,
Plums — Raw,1893,331622,331270,0.9989,within5,777142,777064,0.9999,exact01,Bushel,6,
Rosin,1894,331486,331486,1.0,exact01,1454489,1454489,1.0,exact01,Cwt,3,
"Wood And Timber — Furniture, Hardwoods, And Veneers : Unenumerated",1874,331033,0,0.0,nodata,32360,0,0.0,nodata,Ton,0,
Rosin,1871,330994,0,0.0,nodata,736942,0,0.0,nodata,Cwt,0,
Oatmeal And Groats,1896,330966,330966,1.0,exact01,554750,554750,1.0,exact01,Cwt,3,
"Pictures And Drawings, By Hand",1888,330815,330815,1.0,exact01,38230,38230,1.0,exact01,Number,11,
Silk Manufactures — Of Countries Out Of Europe,1879,330744,0,0.0,nodata,330744,0,0.0,nodata,Value,0,
Ice,1898,330328,330328,1.0,exact01,445224,445224,1.0,exact01,Ton,2,
Gum — Unenumerated,1872,330170,0,0.0,nodata,103571,0,0.0,nodata,Cwt,0,
Of Other Sorts,1872,330170,0,0.0,nodata,103571,0,0.0,nodata,Cwt,0,
All Other Sorts,1872,330170,0,0.0,nodata,457148,0,0.0,nodata,Value,0,
"Old, Fit Only To Be Re-Manufactured",1900,329470,0,0.0,nodata,7557,0,0.0,nodata,Ton,0,
Slates,1898,329201,1099116,3.3387,over,0,0,,noanchor,Load,29,
"Slates, For Roofing Purposes",1898,329201,0,0.0,nodata,59305435,0,0.0,nodata,Number,0,
Leather Manufactures — Boots And Shoes,1886,328844,0,0.0,nodata,103541,0,0.0,nodata,Dozen Pairs,0,
"Flowers, Artificial",1892,328624,0,0.0,nodata,328624,0,0.0,nodata,Value,0,
Leather Manufactures — Unenumerated,1882,328522,0,0.0,nodata,328522,0,0.0,nodata,Value,0,
Leather Manufactures — Boots And Shoes,1876,328479,0,0.0,nodata,109896,0,0.0,nodata,Dozen Pairs,0,
Boots And Shoes,1876,328479,328479,1.0,exact01,0,0,,noanchor,Dozen Pairs,5,
Bristles,1868,328345,0,0.0,nodata,2200203,0,0.0,nodata,Lb,0,
"Buttons And Studs, Not Of Metal",1884,328183,328183,1.0,exact01,4259896,4259896,1.0,exact01,Gross,5,
Poultry And Game (Including Rabbits),1875,328044,0,0.0,nodata,328044,0,0.0,nodata,Value,0,
Rosin,1879,328021,328021,1.0,exact01,1155523,1155523,1.0,exact01,Cwt,2,
Quicksilver,1896,327729,327729,1.0,exact01,3536928,3536928,1.0,exact01,Lb,6,
Dried,1899,327699,0,0.0,nodata,462575,0,0.0,nodata,Cwt,0,
Wrought,1896,327506,0,0.0,nodata,3324,0,0.0,nodata,Cwt,0,
Wrought Or Manufactured,1896,327506,0,0.0,nodata,3324,0,0.0,nodata,Ton,0,
Spices — Cinnamon,1869,327414,0,0.0,nodata,2688332,0,0.0,nodata,Lb,0,
All Other Sorts,1869,327263,0,0.0,nodata,51878,0,0.0,nodata,Value,0,
Candles — Stearine,1879,327227,327227,1.0,exact01,113185,113185,1.0,exact01,Cwt,5,
"Silk — Knubs Or Husks Of Silk, And Waste",1877,327156,343766,1.0508,over,24282,27183,1.1195,over,Cwt,7,
Gum — Arabic,1885,326908,166201,0.5084,under,93532,58205,0.6223,under,Cwt,5,
Arabic,1885,326908,0,0.0,nodata,93532,0,0.0,nodata,Cwt,0,
Rum,1897,326812,0,0.0,nodata,4918673,0,0.0,nodata,Proof Gallon,0,
Sugar — Glucose,1885,326065,0,0.0,nodata,460524,0,0.0,nodata,Cwt,0,
Logwood,1869,326049,0,0.0,nodata,50458,0,0.0,nodata,Ton,0,
Metals — Manufactures,1886,326004,0,0.0,nodata,363629,0,0.0,nodata,Cwt,0,
Rosin,1869,325702,0,0.0,nodata,754998,0,0.0,nodata,Cwt,0,
Nuts And Kernels — Commonly Used For Expressing Oil Therefrom,1870,325542,0,0.0,nodata,23875,0,0.0,nodata,Ton,0,
For Expressing Oil Therefrom,1870,325542,0,0.0,nodata,23875,0,0.0,nodata,Ton,0,
Toys,1872,325242,0,0.0,nodata,325242,0,0.0,nodata,Value,0,
China And Porcelain Ware,1880,324887,324881,1.0,exact01,54562,54569,1.0001,exact01,Cwt,7,
Oil — Turpentine,1877,324533,324533,1.0,exact01,257323,257323,1.0,exact01,Cwt,2,
Of Other Sorts,1871,324229,0,0.0,nodata,95426,0,0.0,nodata,Cwt,0,
All Other Sorts,1871,324229,0,0.0,nodata,387123,0,0.0,nodata,Value,0,
"Seeds — Unenumerated, For Expressing Oil Therefrom",1870,324223,0,0.0,nodata,117341,0,0.0,nodata,Quarter,0,
"Hair — Cow, Ox, Bull, Or Elk",1868,324210,0,0.0,nodata,58508,0,0.0,nodata,Cwt,0,
"Cow, Ox, Bull, Or Elk",1868,324210,0,0.0,nodata,58508,0,0.0,nodata,?,0,
"Train Or Blubber, And Sperm",1888,323680,0,0.0,nodata,0,0,,noanchor,Ton,0,
China And Porcelain Ware,1874,323507,323507,1.0,exact01,41899,41997,1.0023,within5,Cwt,9,
Oil — Fish : Train Or Blubber,1898,323194,0,0.0,nodata,19836,0,0.0,nodata,Tun,0,
Leather Manufactures — Boots And Shoes,1891,322746,0,0.0,nodata,102082,0,0.0,nodata,Dozen Pairs,0,
"Seeds — Unenumerated, For Expressing Oil Therefrom",1875,322476,202525,0.628,under,141184,81464,0.577,under,Quarter,4,
Rags And Other Materials For Making Paper — Linen And Cotton,1868,322228,0,0.0,nodata,17902,0,0.0,nodata,Ton,0,
Madder — Root,1869,321732,0,0.0,nodata,105626,0,0.0,nodata,Cwt,0,
Gum — Unenumerated,1884,321608,321608,1.0,exact01,98232,98232,1.0,exact01,Cwt,18,
Coco Nut,1895,321550,0,0.0,nodata,285016,0,0.0,nodata,Cwt,0,
Sago,1892,321516,0,0.0,nodata,638810,0,0.0,nodata,Cwt,0,
Onions — Raw,1875,321316,321316,1.0,exact01,1695456,1695456,1.0,exact01,Bushel,5,
Embroidery And Needlework,1889,321085,0,0.0,nodata,321085,0,0.0,nodata,Value,0,
Cocoa,1869,320916,0,0.0,nodata,13045991,0,0.0,nodata,Lb,0,
"Pictures And Drawings, By Hand",1892,320440,320440,1.0,exact01,29310,29370,1.002,within5,Number,11,
Manures — Bones For Manure (Whether Burnt Or Not),1895,320051,327594,1.0236,within5,74056,0,0.0,nodata,?,27,
Manures — Bones For Manure,1895,320051,0,0.0,nodata,74056,0,0.0,nodata,Ton,0,
Poultry And Game (Including Rabbits),1877,319994,0,0.0,nodata,319994,0,0.0,nodata,Value,0,
Pork — Salted (Not Hams),1898,319778,319778,1.0,exact01,275993,275993,1.0,exact01,Cwt,8,
Rosin,1885,319586,319583,1.0,exact01,1322354,1318354,0.997,within5,Cwt,6,
Rape,1894,319189,0,0.0,nodata,299046,0,0.0,nodata,Quarter,0,
Clocks,1869,319008,0,0.0,nodata,330412,0,0.0,nodata,Number,0,
Fruit — Figs,1876,318717,318717,1.0,exact01,163163,163163,1.0,exact01,Cwt,6,
"Teeth, Elephants', Sea Cow, And Sea Horse",1872,318693,353454,1.1091,over,11229,10711,0.9539,within5,Cwt,7,
"Buttons And Studs, Not Of Metal",1896,317928,318058,1.0004,exact01,3596917,3599607,1.0007,exact01,Gross,7,
Oil — Turpentine,1871,317877,0,0.0,nodata,178615,0,0.0,nodata,Cwt,0,
Seeds — Of Other Sorts,1879,317668,0,0.0,nodata,408087,0,0.0,nodata,Value,0,
Spices — Unenumerated,1874,317591,317561,0.9999,exact01,8021515,8019065,0.9997,exact01,Lb,9,
Rags And Other Materials For Making Paper — Linen And Cotton,1891,317555,317555,1.0,exact01,32824,32821,0.9999,exact01,Ton,10,
Linen And Cotton Rags,1891,317555,0,0.0,nodata,32824,0,0.0,nodata,Ton,0,
Manufactures Of,1887,317489,0,0.0,nodata,2816653,0,0.0,nodata,Lb,0,
"Buttons And Studs, Not Of Metal",1886,317440,317440,1.0,exact01,3948356,3948356,1.0,exact01,Gross,6,
Ice,1899,317190,317190,1.0,exact01,505142,505142,1.0,exact01,Ton,2,
Tares And Lentils,1868,317117,0,0.0,nodata,863143,0,0.0,nodata,Bushel,0,
Fruit — Almonds,1887,316903,316449,0.9986,within5,99973,99804,0.9983,within5,Cwt,7,
Madder — Garancine,1873,316873,316873,1.0,exact01,43101,43101,1.0,exact01,Cwt,3,
Metal Not Otherwise Enumerated — Wrought,1887,316608,0,0.0,nodata,1951,0,0.0,nodata,Ton,0,
All Other Sorts,1894,316308,0,0.0,nodata,235531,0,0.0,nodata,Value,0,
Kowrie,1899,316220,628574,1.9878,over,116955,233308,1.9949,over,Cwt,6,
Rabbits,1895,315594,337823,1.0704,over,120279,133914,1.1134,over,Cwt,9,
Rabbits (Dead),1895,315594,315602,1.0,exact01,120279,120285,1.0,exact01,Cwt,6,
Rape,1892,315484,0,0.0,nodata,244017,0,0.0,nodata,Quarter,0,
Tow,1899,315403,481142,1.5255,over,6430,9769,1.5193,over,Ton,24,
Bark — For Tanners' Or Dyers' Use,1876,315278,315278,1.0,exact01,672319,0,0.0,nodata,?,7,
Spices — Unenumerated,1875,314880,314880,1.0,exact01,9284146,9284146,1.0,exact01,Lb,11,
"Skins, Furs, And Pelts — Seal",1869,314653,0,0.0,nodata,736336,0,0.0,nodata,Number,0,
Wrought Or Manufactured,1897,314508,0,0.0,nodata,3283,0,0.0,nodata,Ton,0,
"Prepared, And Chocolate",1895,314293,0,0.0,nodata,3058850,0,0.0,nodata,Lb,0,
"Ore, Unenumerated",1895,314009,456050,1.4523,over,45378,0,0.0,nodata,Cwt,26,
Bones Of All Kinds (Except Whalefins),1887,313765,0,0.0,nodata,59231,0,0.0,nodata,Ton,0,
Manures — Bones For Manure (Whether Burnt Or Not),1899,313659,313478,0.9994,exact01,68915,0,0.0,nodata,?,27,
Valonia,1900,313656,0,0.0,nodata,32668,0,0.0,nodata,Ton,0,
Metal Not Otherwise Enumerated — Wrought,1885,313633,0,0.0,nodata,1919,0,0.0,nodata,Ton,0,
Spices — Pepper,1869,313371,0,0.0,nodata,18144284,0,0.0,nodata,Lb,0,
China And Porcelain Ware,1878,313056,313056,1.0,exact01,34981,34981,1.0,exact01,Cwt,7,
Rosin,1876,313007,313007,1.0,exact01,980027,980027,1.0,exact01,Cwt,3,
"Glass — Plate, Whether Silvered Or Not",1896,312744,312744,1.0,exact01,258822,258822,1.0,exact01,Cwt,5,
"Thrown, Dyed Or Not Dyed",1898,312565,312565,1.0,exact01,423607,423574,0.9999,exact01,Lb,4,
Gum — Arabic,1888,312493,312493,1.0,exact01,77728,77728,1.0,exact01,Cwt,17,
"Drugs, Unenumerated",1870,312428,0,0.0,nodata,312428,0,0.0,nodata,Value,0,
Oil — Animal,1880,312382,312382,1.0,exact01,127819,127819,1.0,exact01,Cwt,3,
Animal,1880,312382,0,0.0,nodata,127819,0,0.0,nodata,Cwt,0,
Rabbits,1887,312141,312141,1.0,exact01,117168,117168,1.0,exact01,Cwt,6,
Seeds — Of Other Sorts,1895,312050,0,0.0,nodata,827001,0,0.0,nodata,Value,0,
Gum — Unenumerated,1886,311969,311969,1.0,exact01,88317,88317,1.0,exact01,Cwt,19,
"Drugs — Bark, Peruvian",1890,311377,618966,1.9878,over,116811,218121,1.8673,over,Cwt,19,
Valonia,1894,311119,0,0.0,nodata,24508,0,0.0,nodata,Ton,0,
Other Farinaceous Substances,1873,311002,0,0.0,nodata,311002,0,0.0,nodata,Value,0,
"Buttons And Studs, Not Of Metal",1895,310515,310515,1.0,exact01,3580533,3580503,1.0,exact01,Gross,6,
"Pictures And Drawings, By Hand",1885,310501,310481,0.9999,exact01,31338,31338,1.0,exact01,Number,14,
Spices — Unenumerated,1872,310317,310317,1.0,exact01,9461031,9461253,1.0,exact01,Lb,10,
Sugar — Molasses,1871,310281,0,0.0,nodata,628163,0,0.0,nodata,Cwt,0,
"Wood And Timber — Furniture, Hardwoods, And Veneers : Unenumerated",1879,310217,307217,0.9903,within5,32425,32425,1.0,exact01,Ton,9,
"Pictures And Drawings, By Hand",1894,310208,310208,1.0,exact01,31012,30812,0.9936,within5,Number,10,
Preserved Without Sugar,1893,309240,0,0.0,nodata,37345004,0,0.0,nodata,Lb,0,
Spices — Unenumerated,1886,309131,309158,1.0001,exact01,13830979,13830979,1.0,exact01,Lb,11,
Gum — Unenumerated,1873,309099,309099,1.0,exact01,100048,100048,1.0,exact01,Cwt,12,
Of Other Sorts,1873,309099,0,0.0,nodata,100048,0,0.0,nodata,Cwt,0,
Sponge,1893,308372,308372,1.0,exact01,1695186,1695186,1.0,exact01,Lb,10,
Cherries,1900,308363,0,0.0,nodata,242525,0,0.0,nodata,Bushel,0,
Sago,1880,308335,0,0.0,nodata,381668,0,0.0,nodata,Cwt,0,
Leather Manufactures — Unenumerated,1875,308290,0,0.0,nodata,308290,0,0.0,nodata,Value,0,
Unenumerated,1875,308290,0,0.0,nodata,308290,0,0.0,nodata,Value,0,
Candles — Stearine,1869,308281,0,0.0,nodata,86632,0,0.0,nodata,Cwt,0,
Bristles,1880,308212,308212,1.0,exact01,2164736,2164736,1.0,exact01,Lb,7,
Manures — Bones For Manure,1889,308212,478563,1.5527,over,62135,96856,1.5588,over,Ton,26,
"Flowers, Artificial",1891,308039,0,0.0,nodata,308039,0,0.0,nodata,Value,0,
Seeds — Of Other Sorts,1885,307880,0,0.0,nodata,307880,0,0.0,nodata,Value,0,
Wood And Timber — Unenumerated,1897,307836,0,0.0,nodata,87974,0,0.0,nodata,Load,0,
Saltpetre,1869,307764,0,0.0,nodata,278820,0,0.0,nodata,Cwt,0,
Slates,1897,307732,1727942,5.6151,over,0,0,,noanchor,Load,52,
"Slates, For Roofing Purposes",1897,307732,0,0.0,nodata,51256139,0,0.0,nodata,Number,0,
Rosin,1877,307685,307685,1.0,exact01,964157,964157,1.0,exact01,Cwt,2,
Opium,1886,307666,0,0.0,nodata,521124,0,0.0,nodata,Lb,0,
Sago,1881,307620,0,0.0,nodata,410137,0,0.0,nodata,Cwt,0,
Rape,1895,307348,0,0.0,nodata,325393,0,0.0,nodata,Quarter,0,
"Cocoa Or Chocolate, Ground, Prepared Or In Any Way Manufactured",1895,307057,307057,1.0,exact01,2977813,2977813,1.0,exact01,Lb,8,
Rape,1899,307053,0,0.0,nodata,207648,0,0.0,nodata,Quarter,0,
Wood And Timber — Furniture Hardwoods And Veneers : Mahogany,1887,306606,306706,1.0003,exact01,37650,37650,1.0,exact01,Ton,12,
Mahogany,1887,306606,0,0.0,nodata,37650,0,0.0,nodata,Ton,0,
Pork — Salted (Not Hams),1892,306262,578975,1.8905,over,228354,345076,1.5111,over,Cwt,11,
Saltpetre,1884,306113,0,0.0,nodata,333708,0,0.0,nodata,Cwt,0,
"Lac, Seed, Shell, Stick, And Dye",1869,305913,0,0.0,nodata,68838,0,0.0,nodata,Cwt,0,
Myrobalans,1894,305278,0,0.0,nodata,921786,0,0.0,nodata,Cwt,0,
Leather Manufactures — Unenumerated,1881,305162,0,0.0,nodata,305162,0,0.0,nodata,Value,0,
Toys,1873,305056,0,0.0,nodata,305056,0,0.0,nodata,Value,0,
Cutch And Gambier,1898,304998,601155,1.971,over,19504,38230,1.9601,over,Ton,12,
"Seeds — Unenumerated, For Expressing Oil Therefrom",1885,304577,342646,1.125,over,151488,171184,1.13,over,Quarter,14,
Wood And Timber — Unenumerated,1899,304099,0,0.0,nodata,95697,0,0.0,nodata,Load,0,
Quicksilver,1868,303855,0,0.0,nodata,3431729,0,0.0,nodata,Lb,0,
Beef — Salted,1896,303700,90,0.0003,under,247536,100,0.0004,under,Cwt,2,
Shells Of All Kinds,1887,303682,0,0.0,nodata,303682,0,0.0,nodata,Value,0,
Of Other Sorts,1892,303674,0,0.0,nodata,118378,0,0.0,nodata,Cwt,0,
Brimstone,1871,303663,0,0.0,nodata,935131,0,0.0,nodata,Cwt,0,
Gutta Percha,1893,303593,303493,0.9997,exact01,40490,40490,1.0,exact01,Cwt,7,
Shells Of All Kinds,1888,303371,0,0.0,nodata,303371,0,0.0,nodata,Value,0,
Quicksilver,1894,303362,303362,1.0,exact01,3843791,3843841,1.0,exact01,Lb,5,
Rags And Other Materials For Making Paper — Linen And Cotton,1882,303349,303413,1.0002,exact01,21200,21860,1.0311,within5,Ton,8,
Rabbits,1892,303262,303262,1.0,exact01,107630,107630,1.0,exact01,Cwt,5,
Rabbits (Dead),1892,303262,0,0.0,nodata,107630,0,0.0,nodata,Cwt,0,
"Seeds — Unenumerated, For Expressing Oil Therefrom",1889,303254,303254,1.0,exact01,170792,170792,1.0,exact01,Quarter,15,
Quicksilver,1878,302919,0,0.0,nodata,3232618,0,0.0,nodata,Lb,0,
"Pictures And Drawings, By Hand",1895,302864,305439,1.0085,within5,29684,29817,1.0045,within5,Number,12,
Lead — Ore Of,1898,302507,541392,1.7897,over,43757,79525,1.8174,over,Ton,21,
Spices — Unenumerated,1892,302266,31306,0.1036,under,10222152,1446517,0.1415,under,Lb,3,
Plums — Raw,1894,302105,302553,1.0015,within5,777411,777302,0.9999,exact01,Bushel,6,
Saltpetre,1880,302105,0,0.0,nodata,272538,0,0.0,nodata,Cwt,0,
Plums,1894,302105,0,0.0,nodata,777411,0,0.0,nodata,Bushel,0,
Seeds — Of Other Sorts,1893,301960,0,0.0,nodata,816471,0,0.0,nodata,Value,0,
Metal Not Otherwise Enumerated — Wrought,1893,301953,0,0.0,nodata,2370,0,0.0,nodata,Ton,0,
Wrought,1893,301953,0,0.0,nodata,2371,0,0.0,nodata,Cwt,0,
Wrought Or Manufactured,1893,301953,0,0.0,nodata,2371,0,0.0,nodata,Ton,0,
Pepper,1896,301942,0,0.0,nodata,26113001,0,0.0,nodata,Lb,0,
"Seeds — Unenumerated, For Expressing Oil Therefrom",1874,301874,226950,0.7518,under,104569,76104,0.7278,under,Quarter,3,
Gum — Unenumerated,1878,301858,301858,1.0,exact01,76152,76152,1.0,exact01,Cwt,11,
Of Other Sorts,1878,301858,0,0.0,nodata,76152,0,0.0,nodata,Cwt,0,
Bones For Manure (Whether Burnt Or Not),1900,301803,0,0.0,nodata,68137,0,0.0,nodata,Ton,0,
Plumbago,1898,301361,384602,1.2762,over,14875,24769,1.6651,over,Ton,11,
"Thrown, Dyed Or Not Dyed",1897,301291,300041,0.9959,within5,412116,412056,0.9999,exact01,Lb,4,
Paper — Printed Or Coated,1898,301272,299318,0.9935,within5,93880,93448,0.9954,within5,Cwt,8,
Brimstone,1873,301002,301002,1.0,exact01,913673,913673,1.0,exact01,Cwt,3,
Leather Manufactures — Unenumerated,1894,300898,0,0.0,nodata,300898,0,0.0,nodata,Value,0,
Madder,1868,300630,0,0.0,nodata,128242,0,0.0,nodata,Cwt,0,
Gutta Percha — Raw,1878,300565,300565,1.0,exact01,32912,32912,1.0,exact01,Cwt,3,
Gutta Percha,1878,300565,9021,0.03,under,32912,1859,0.0565,under,Cwt,1,
Gum — Arabic,1869,300433,0,0.0,nodata,67989,0,0.0,nodata,Cwt,0,
Arabic,1869,300433,0,0.0,nodata,67989,0,0.0,nodata,Cwt,0,
Valonia,1897,300324,0,0.0,nodata,29637,0,0.0,nodata,Ton,0,
Other Farinaceous Substances,1874,300268,0,0.0,nodata,300268,0,0.0,nodata,Value,0,
Oleo-Margarine,1900,300253,0,0.0,nodata,181554,0,0.0,nodata,Cwt,0,
Metal Not Otherwise Enumerated — Wrought,1891,299795,0,0.0,nodata,2178,0,0.0,nodata,Ton,0,
Pig And Puddled,1894,299739,299739,1.0,exact01,61975,61975,1.0,exact01,Ton,6,
Silver Ore,1870,299726,0,0.0,nodata,0,0,,noanchor,Value,0,
Quicksilver,1883,299689,299689,1.0,exact01,4088982,4088982,1.0,exact01,Lb,7,
Pepper,1895,299468,0,0.0,nodata,26710660,0,0.0,nodata,Lb,0,
Opium,1899,299390,0,0.0,nodata,596536,0,0.0,nodata,Lb,0,
"Buttons And Studs, Not Of Metal",1885,299157,252265,0.8433,under,3811914,3250674,0.8528,under,Gross,6,
Of Other Sorts,1891,299100,0,0.0,nodata,108596,0,0.0,nodata,Cwt,0,
Wood And Timber — Unenumerated,1894,298981,498877,1.6686,over,69038,0,0.0,nodata,Load,12,
Petroleum,1868,298856,0,0.0,nodata,4324268,0,0.0,nodata,Gallon,0,
Saltpetre,1888,298824,0,0.0,nodata,351052,0,0.0,nodata,Cwt,0,
Sugar — Glucose,1879,298693,0,0.0,nodata,317763,0,0.0,nodata,Cwt,0,
Opium,1889,298436,0,0.0,nodata,492115,0,0.0,nodata,Lb,0,
"Flowers, Artificial",1885,298288,0,0.0,nodata,298288,0,0.0,nodata,Value,0,
Saltpetre,1877,298285,0,0.0,nodata,268175,0,0.0,nodata,Cwt,0,
"Thrown, Dyed Or Not Dyed",1893,298210,298210,1.0,exact01,344622,344622,1.0,exact01,Lb,3,
Silk — Thrown,1893,298210,0,0.0,nodata,344622,0,0.0,nodata,Lb,0,
Rabbits (Dead),1894,297818,0,0.0,nodata,108476,0,0.0,nodata,Cwt,0,
Quicksilver,1900,297243,0,0.0,nodata,2454438,0,0.0,nodata,Lb,0,
Tar,1873,297132,297132,1.0,exact01,215330,215330,1.0,exact01,Barrel,5,
Poultry And Game (Including Rabbits),1876,297018,0,0.0,nodata,297018,0,0.0,nodata,Value,0,
"Manganese, Ore Of",1895,296948,331501,1.1164,over,131519,148273,1.1274,over,Ton,18,
Pears — Raw,1892,296547,296547,1.0,exact01,637211,637211,1.0,exact01,Bushel,8,
Yarn,1896,296059,199963,0.6754,under,5826357,7502985,1.2878,over,Lb,20,
"Wool — Alpaca, Vicuña, And Llama",1896,295758,295758,1.0,exact01,4962080,4962080,1.0,exact01,Lb,4,
Wood And Timber — Unenumerated,1896,295544,939104,3.1775,over,85985,78448,0.9123,under,Load,28,
Gum — Arabic,1886,295464,295464,1.0,exact01,75591,75588,1.0,exact01,Cwt,11,
"Ore, Unenumerated",1898,295325,204456,0.6923,under,0,0,,noanchor,Cwt,15,
Saltpetre,1878,294880,0,0.0,nodata,279601,0,0.0,nodata,Cwt,0,
Toys,1874,294257,0,0.0,nodata,294257,0,0.0,nodata,Value,0,
Logwood,1870,294119,0,0.0,nodata,62187,0,0.0,nodata,Ton,0,
Rags And Other Materials For Making Paper — Linen And Cotton,1874,293566,0,0.0,nodata,17209,0,0.0,nodata,Ton,0,
Rags And Other Materials For Making Paper — Linen And Cotton,1869,293304,0,0.0,nodata,17027,0,0.0,nodata,Ton,0,
Brimstone,1882,292462,292442,0.9999,exact01,945561,945561,1.0,exact01,Cwt,2,
Rosin,1886,292229,292229,1.0,exact01,1168555,1168555,1.0,exact01,Cwt,4,
"Skins And Furs — Goat, Undressed",1880,291980,0,0.0,nodata,2541060,0,0.0,nodata,Number,0,
Pork — Salted (Not Hams),1896,291966,291966,1.0,exact01,255339,255339,1.0,exact01,Cwt,8,
Rosin,1889,291567,291567,1.0,exact01,1321620,1321620,1.0,exact01,Cwt,4,
Fruit — Figs,1881,291427,0,0.0,nodata,138225,0,0.0,nodata,Cwt,0,
Spirits — Geneva,1888,291085,49523,0.1701,under,291085,289021,0.9929,within5,Proof Gallon,2,
Myrobalans,1892,291076,0,0.0,nodata,645937,0,0.0,nodata,Cwt,0,
Rye,1898,291045,297246,1.0213,within5,1057770,1079770,1.0208,within5,Cwt,6,
Saltpetre,1889,291021,0,0.0,nodata,331390,0,0.0,nodata,Cwt,0,
"Wool — Alpaca, Vicuña, And Llama",1895,290797,290797,1.0,exact01,4423860,4423560,0.9999,exact01,Lb,4,
"Alpaca, Vicuña, And Llama",1895,290797,0,0.0,nodata,4423860,0,0.0,nodata,Lb,0,
"Prepared, And Chocolate",1894,290783,0,0.0,nodata,2852104,0,0.0,nodata,Lb,0,
Logwood,1886,290714,0,0.0,nodata,55598,0,0.0,nodata,Ton,0,
Manufactures Of,1888,290573,0,0.0,nodata,3116510,0,0.0,nodata,Lb,0,
Saltpetre,1879,290392,23384,0.0805,under,304331,24638,0.081,under,Cwt,3,
"Buttons And Studs, Not Of Metal",1900,289797,0,0.0,nodata,3216379,0,0.0,nodata,Gross,0,
"Unenumerated, Viz. : Raw",1900,289750,0,0.0,nodata,494722,0,0.0,nodata,Bushel,0,
Lead — Ore Of,1896,289649,553615,1.9113,over,56272,108416,1.9266,over,Ton,21,
Pork — Salted (Not Hams),1893,289577,289274,0.999,within5,186901,186901,1.0,exact01,Cwt,10,
Spices — Unenumerated,1885,289459,61117,0.2111,under,10946199,1806260,0.165,under,Lb,6,
Manufactures Of,1877,289459,0,0.0,nodata,824889,0,0.0,nodata,Lb,0,
Seal Skins,1899,289190,0,0.0,nodata,559472,0,0.0,nodata,Number,0,
Bristles,1869,289140,0,0.0,nodata,2004900,0,0.0,nodata,Lb,0,
Musical Instruments,1871,288676,0,0.0,nodata,288676,0,0.0,nodata,Value,0,
Rabbits,1886,287816,287816,1.0,exact01,104322,104322,1.0,exact01,Cwt,5,
Rabbits,1893,287737,287819,1.0003,exact01,103823,103893,1.0007,exact01,Cwt,6,
Rabbits (Dead),1893,287737,0,0.0,nodata,103823,0,0.0,nodata,Cwt,0,
Candles — Stearine,1871,287611,0,0.0,nodata,83236,0,0.0,nodata,Cwt,0,
Saltpetre,1875,287280,0,0.0,nodata,282550,0,0.0,nodata,Cwt,0,
Silk Manufactures — Of Countries Out Of Europe,1872,287258,0,0.0,nodata,287258,0,0.0,nodata,Value,0,
Rags And Other Materials For Making Paper — Linen And Cotton,1873,287100,0,0.0,nodata,16289,0,0.0,nodata,Ton,0,
Seal Skins,1898,287008,0,0.0,nodata,479046,0,0.0,nodata,Number,0,
Rabbits,1891,286981,286981,1.0,exact01,103685,103685,1.0,exact01,Cwt,5,
Yarn,1900,286898,0,0.0,nodata,5800515,0,0.0,nodata,Lb,0,
Sago,1878,286883,0,0.0,nodata,343601,0,0.0,nodata,Cwt,0,
Metal Not Otherwise Enumerated — Wrought,1894,286696,0,0.0,nodata,2367,0,0.0,nodata,Ton,0,
Wrought,1894,286696,0,0.0,nodata,2368,0,0.0,nodata,Cwt,0,
Wrought Or Manufactured,1894,286696,0,0.0,nodata,2368,0,0.0,nodata,Ton,0,
Other Kinds Of Meal And Flour,1893,286565,0,0.0,nodata,660832,0,0.0,nodata,Cwt,0,
Beef — Salted,1895,286511,13000,0.0454,under,219956,9470,0.0431,under,Cwt,6,
Manures — Bones For Manure,1892,286452,450191,1.5716,over,63603,97677,1.5357,over,Ton,25,
Candles Of All Sorts,1882,286393,280393,0.979,within5,109323,109323,1.0,exact01,Cwt,5,
"Oil — Chemical, Essential, Or Perfumed",1872,286393,285993,0.9986,within5,707409,707409,1.0,exact01,Lb,9,
"Oil — Chemical, Essential, Or Perfumed",1894,286234,285334,0.9969,within5,1450180,1456180,1.0041,within5,Lb,17,
Saltpetre,1883,286187,0,0.0,nodata,285647,0,0.0,nodata,Cwt,0,
"Yeast, Dried",1870,286097,0,0.0,nodata,128641,0,0.0,nodata,Cwt,0,
"Seeds — Unenumerated, For Expressing Oil Therefrom",1886,285989,341906,1.1955,over,161742,192127,1.1879,over,Quarter,10,
Linen Yarn,1877,285942,285942,1.0,exact01,5308395,5308395,1.0,exact01,Lb,3,
Madder — Garancine,1872,285926,285926,1.0,exact01,43313,43313,1.0,exact01,Cwt,3,
Candles — Stearine,1870,285333,0,0.0,nodata,78996,0,0.0,nodata,Cwt,0,
"Pictures And Drawings, By Hand",1898,285279,285379,1.0004,exact01,19805,19796,0.9995,exact01,Number,12,
Rags And Other Materials For Making Paper — Linen And Cotton,1878,285215,285215,1.0,exact01,18771,18771,1.0,exact01,Ton,7,
Silk Manufactures — Of Countries Out Of Europe,1873,284889,0,0.0,nodata,284889,0,0.0,nodata,Value,0,
Pork — Salted (Not Hams),1899,284720,215824,0.758,under,284720,285020,1.0011,within5,Cwt,8,
Quicksilver,1870,284503,0,0.0,nodata,2765780,0,0.0,nodata,Lb,0,
Metal Not Otherwise Enumerated — Wrought,1892,284317,0,0.0,nodata,2230,0,0.0,nodata,Ton,0,
Wrought,1892,284317,0,0.0,nodata,2231,0,0.0,nodata,Cwt,0,
Books,1896,283748,0,0.0,nodata,43851,0,0.0,nodata,Cwt,0,
"Books, Printed, Bound And Unbound, Including Maps And Charts",1896,283748,0,0.0,nodata,43851,0,0.0,nodata,Cwt,0,
Books,1895,283299,0,0.0,nodata,47095,0,0.0,nodata,Cwt,0,
Bark — For Tanners' Or Dyers' Use,1877,282926,282926,1.0,exact01,645662,0,0.0,nodata,?,9,
Opium,1890,282779,0,0.0,nodata,451193,0,0.0,nodata,Lb,0,
Saltpetre,1890,282669,0,0.0,nodata,312767,0,0.0,nodata,Cwt,0,
Brimstone,1876,282079,285746,1.013,within5,876490,876490,1.0,exact01,Cwt,5,
Wood And Timber — Furniture Hardwoods And Veneers : Mahogany,1871,281893,0,0.0,nodata,29335,0,0.0,nodata,Ton,0,
"Meat, Salted Or Fresh",1876,281830,0,0.0,nodata,92556,0,0.0,nodata,Cwt,0,
Wrought Or Manufactured,1895,281781,0,0.0,nodata,2618,0,0.0,nodata,Ton,0,
Wrought,1895,281751,0,0.0,nodata,2618,0,0.0,nodata,Cwt,0,
Valonia,1899,281471,0,0.0,nodata,24336,0,0.0,nodata,Ton,0,
"Manganese, Ore Of",1889,281446,0,0.0,nodata,96031,0,0.0,nodata,Ton,0,
"Wool — Alpaca, Vicuña, And Llama",1879,281311,281311,1.0,exact01,4325783,4325783,1.0,exact01,Lb,3,
Saltpetre,1881,281306,0,0.0,nodata,247127,0,0.0,nodata,Cwt,0,
Sugar — Molasses,1879,281258,281258,1.0,exact01,761389,761389,1.0,exact01,Cwt,6,
Cherries,1899,281236,0,0.0,nodata,281236,0,0.0,nodata,Bushel,0,
Fruit — Almonds,1881,280842,0,0.0,nodata,76634,0,0.0,nodata,Cwt,0,
China And Porcelain Ware,1879,280258,280258,1.0,exact01,36816,36816,1.0,exact01,Cwt,7,
Onions — Raw,1874,279926,279626,0.9989,within5,1370449,1292399,0.943,under,Bushel,5,
China And Porcelain Ware,1877,279888,279888,1.0,exact01,35172,35104,0.9981,within5,Cwt,7,
"Pictures And Drawings, By Hand",1896,279819,280634,1.0029,within5,36863,36972,1.003,within5,Number,12,
Quicksilver,1882,279291,279291,1.0,exact01,3444065,3444165,1.0,exact01,Lb,4,
"Seeds — Unenumerated, For Expressing Oil Therefrom",1869,279256,0,0.0,nodata,101586,0,0.0,nodata,Quarter,0,
Beef — Salted,1893,278997,9562,0.0343,under,200514,5992,0.0299,under,Cwt,4,
Candles — Stearine,1876,278992,278992,1.0,exact01,81514,81514,1.0,exact01,Cwt,4,
Shell Fish : Oysters,1894,278959,0,0.0,nodata,327818,0,0.0,nodata,Cwt,0,
"Buttons And Studs, Not Of Metal",1897,278936,278936,1.0,exact01,3125655,3125655,1.0,exact01,Gross,6,
Leather Manufactures — Unenumerated,1880,278753,0,0.0,nodata,278753,0,0.0,nodata,Value,0,
Unenumerated,1880,278753,0,0.0,nodata,278753,0,0.0,nodata,Value,0,
Metal Not Otherwise Enumerated — Wrought,1888,278637,0,0.0,nodata,1806,0,0.0,nodata,Ton,0,
Ore Of,1898,278635,24855,0.0892,under,1003,1260,1.2562,over,Ton,5,
"Metals And Ores — Gold, Ore Of (Including The Value Of The Gold Contained In Auriferous Ores And Metals",1898,278635,0,0.0,nodata,1003,0,0.0,nodata,Ton,0,
Linen Yarn,1883,278571,628291,2.2554,over,5278356,5336644,1.011,within5,Lb,8,
"Cocoa Or Chocolate, Ground, Prepared Or In Any Way Manufactured",1894,278528,276520,0.9928,within5,2720357,2719994,0.9999,exact01,Lb,8,
Saltpetre (Nitrate Of Potash),1896,278484,659666,2.3688,over,340750,2699887,7.9234,over,Cwt,29,
Saltpetre,1896,278484,0,0.0,nodata,340750,0,0.0,nodata,Cwt,0,
"Buttons And Studs, Not Of Metal",1899,278302,277907,0.9986,within5,3145602,3141671,0.9988,within5,Gross,6,
"Drugs, Unenumerated",1868,278186,0,0.0,nodata,278186,0,0.0,nodata,Value,0,
"Pictures And Drawings, By Hand",1899,277963,277903,0.9998,exact01,18319,18319,1.0,exact01,Number,12,
Oatmeal And Groats,1895,277736,277746,1.0,exact01,468941,468961,1.0,exact01,Cwt,6,
Seeds — Rape,1888,277727,720620,2.5947,over,277727,421820,1.5188,over,Quarter,11,
Coco Nut,1889,277602,0,0.0,nodata,213090,0,0.0,nodata,Cwt,0,
Lace,1868,277450,0,0.0,nodata,277450,0,0.0,nodata,Value,0,
"Books, Printed, Bound And Unbound, Including Maps And Charts",1897,277394,0,0.0,nodata,46484,0,0.0,nodata,Cwt,0,
"Animals, Living — Horses",1889,277388,0,0.0,nodata,13832,0,0.0,nodata,Number,0,
Clocks,1868,277358,0,0.0,nodata,241246,0,0.0,nodata,Number,0,
Shells Of All Kinds,1886,277056,0,0.0,nodata,277056,0,0.0,nodata,Value,0,
Rosin,1878,276912,276912,1.0,exact01,992054,992054,1.0,exact01,Cwt,2,
Rabbits,1888,276612,276612,1.0,exact01,99890,99890,1.0,exact01,Cwt,4,
Sugar — Molasses,1878,276526,276526,1.0,exact01,635398,635398,1.0,exact01,Cwt,8,
Spices — Unenumerated,1876,276422,276422,1.0,exact01,7533328,7533328,1.0,exact01,Lb,12,
Oil — Coco-Nut,1885,276224,0,0.0,nodata,185496,0,0.0,nodata,Cwt,0,
Coco Nut,1885,276224,549280,1.9885,over,185496,368757,1.988,over,Cwt,6,
Steel — Unwrought,1897,276131,0,0.0,nodata,39988,0,0.0,nodata,Ton,0,
"Seeds — Unenumerated, For Expressing Oil Therefrom",1880,276008,276008,1.0,exact01,123754,123754,1.0,exact01,Quarter,6,
Lace,1869,275852,0,0.0,nodata,275852,0,0.0,nodata,Value,0,
"Prepared, And Chocolate",1893,275823,0,0.0,nodata,2740571,0,0.0,nodata,Lb,0,
"Wool — Alpaca, Vicuña, And Llama",1900,275665,0,0.0,nodata,5795796,0,0.0,nodata,Lb,0,
Madder — Garancine,1870,275177,0,0.0,nodata,42195,0,0.0,nodata,Cwt,0,
Tow,1898,275082,353765,1.286,over,4842,20250,4.1822,over,Ton,22,
Other Kinds Of Meal And Flour,1894,274878,0,0.0,nodata,773953,0,0.0,nodata,Cwt,0,
Rags And Other Materials For Making Paper — Linen And Cotton,1879,274836,274836,1.0,exact01,17928,17898,0.9983,within5,Ton,8,
Ice,1900,274761,0,0.0,nodata,449701,0,0.0,nodata,Ton,0,
Of Other Sorts,1877,274577,0,0.0,nodata,86972,0,0.0,nodata,Cwt,0,
Other Farinaceous Substances,1871,274281,0,0.0,nodata,274281,0,0.0,nodata,Value,0,
Fruits And Vegetables Preserved In Sugar,1897,274261,443014,1.6153,over,175497,247848,1.4123,over,Cwt,24,
Books,1890,274251,0,0.0,nodata,32268,0,0.0,nodata,Cwt,0,
Books,1891,274191,0,0.0,nodata,33052,0,0.0,nodata,Cwt,0,
"Glass — Plate, Whether Silvered Or Not",1894,274108,274193,1.0003,exact01,211417,211417,1.0,exact01,Cwt,6,
Sugar — Glucose,1877,273997,1917,0.007,under,276627,2208,0.008,under,Cwt,1,
"Lac, Seed, Shell, Stick, And Dye",1878,273923,273923,1.0,exact01,79593,79593,1.0,exact01,Cwt,3,
Rags And Other Materials For Making Paper — Linen And Cotton,1875,273851,0,0.0,nodata,15792,0,0.0,nodata,Ton,0,
Straw,1870,273846,0,0.0,nodata,199382,0,0.0,nodata,Lb,0,
Seeds — Of Other Sorts,1878,273828,0,0.0,nodata,347232,0,0.0,nodata,Value,0,
"Manganese, Ore Of",1887,273237,273234,1.0,exact01,90383,90383,1.0,exact01,Ton,13,
"Sago, And Flour Or Meal Thereof",1893,273191,545359,1.9963,over,611506,1222412,1.999,over,Cwt,7,
Sago,1893,273191,0,0.0,nodata,611506,0,0.0,nodata,Cwt,0,
All Other Sorts,1896,273150,0,0.0,nodata,178835,0,0.0,nodata,Value,0,
Saltpetre,1885,273074,0,0.0,nodata,324737,0,0.0,nodata,Cwt,0,
Beef — Salted,1898,273004,0,0.0,nodata,208945,0,0.0,nodata,Cwt,0,
Sago,1890,272991,0,0.0,nodata,557018,0,0.0,nodata,Cwt,0,
Madder — Root,1872,272734,268931,0.9861,within5,109796,99946,0.9103,under,Cwt,5,
"Buttons And Studs, Not Of Metal",1887,272600,272600,1.0,exact01,3461177,3431177,0.9913,within5,Gross,6,
Spices — Pepper,1879,272458,272458,1.0,exact01,17532958,17532958,1.0,exact01,Lb,2,
"Flowers, Artificial",1886,272433,0,0.0,nodata,272433,0,0.0,nodata,Value,0,
Dried,1894,272371,0,0.0,nodata,386313,0,0.0,nodata,Cwt,0,
Sago,1875,272193,0,0.0,nodata,360357,0,0.0,nodata,Cwt,0,
Toys,1869,272128,0,0.0,nodata,272128,0,0.0,nodata,Value,0,
Tow,1895,272062,270067,0.9927,within5,14778,17872,1.2094,over,Ton,24,
Other Kinds Of Meal And Flour,1887,272025,0,0.0,nodata,895961,0,0.0,nodata,Cwt,0,
Oil — Turpentine,1876,271618,271618,1.0,exact01,236026,236026,1.0,exact01,Cwt,2,
"House Frames, &Amp;C.",1885,271495,0,0.0,nodata,271495,0,0.0,nodata,Value,0,
"Drugs, Unenumerated",1869,271391,0,0.0,nodata,271391,0,0.0,nodata,Value,0,
Wood And Timber — Unenumerated,1898,271092,0,0.0,nodata,81256,0,0.0,nodata,Load,0,
Figs And Fig Cake,1900,270998,0,0.0,nodata,160608,0,0.0,nodata,Cwt,0,
Valonia,1898,270802,0,0.0,nodata,25882,0,0.0,nodata,Ton,0,
Metal Not Otherwise Enumerated — Wrought,1889,270774,0,0.0,nodata,1761,0,0.0,nodata,Ton,0,
Mahogany,1895,270712,0,0.0,nodata,34818,0,0.0,nodata,Ton,0,
Furniture Wood: Mahogany,1895,270712,0,0.0,nodata,34848,0,0.0,nodata,Ton,0,
Books,1889,270599,0,0.0,nodata,33310,0,0.0,nodata,Cwt,0,
Sago,1891,270380,0,0.0,nodata,548797,0,0.0,nodata,Cwt,0,
"Hair — Cow, Ox, Bull, Or Elk",1872,270322,270292,0.9999,exact01,98231,98331,1.001,within5,Cwt,8,
"Cow, Ox, Bull, Or Elk",1872,270322,0,0.0,nodata,98231,0,0.0,nodata,?,0,
Poultry And Game (Including Rabbits),1874,270264,0,0.0,nodata,270264,0,0.0,nodata,Value,0,
Fruit — Almonds,1884,270150,270150,1.0,exact01,81205,80305,0.9889,within5,Cwt,7,
"Skins, Furs, And Pelts — Seal",1870,270024,0,0.0,nodata,731913,0,0.0,nodata,Number,0,
"Oils — Fish, Train Or Blubber",1897,270021,215751,0.799,under,17678,14642,0.8283,under,Tun,9,
Oil — Fish : Train Or Blubber,1897,270021,0,0.0,nodata,17678,0,0.0,nodata,Tun,0,
Pork — Salted (Not Hams),1895,269829,270385,1.0021,within5,220168,220375,1.0009,exact01,Cwt,10,
Gutta Percha,1886,269808,490651,1.8185,over,40697,78591,1.9311,over,Cwt,7,
"Metal — Unenumerated, Unwrought",1897,269542,265833,0.9862,within5,6762,6936,1.0257,within5,Ton,12,
Unenumerated — Unwrought,1897,269542,0,0.0,nodata,6762,0,0.0,nodata,Ton,0,
Linen Yarn,1880,269301,269271,0.9999,exact01,5958731,5958731,1.0,exact01,Lb,4,
Cork — Unmanufactured,1889,269162,259546,0.9643,within5,21938,21071,0.9605,within5,Ton,8,
Tar,1874,269150,269150,1.0,exact01,233313,233313,1.0,exact01,Barrel,5,
Mares,1895,268990,277030,1.0299,within5,10318,10365,1.0046,within5,Number,20,
Fruit — Figs,1884,268551,0,0.0,nodata,131896,0,0.0,nodata,Cwt,0,
Rosin,1888,268392,268892,1.0019,within5,1310425,1310425,1.0,exact01,Cwt,4,
"Cocoa Or Chocolate, Ground, Prepared Or In Any Way Manufactured",1893,268148,268148,1.0,exact01,2660421,2660121,0.9999,exact01,Lb,8,
Other Kinds Of Meal And Flour,1891,268106,0,0.0,nodata,648349,0,0.0,nodata,Cwt,0,
Saltpetre,1892,267931,0,0.0,nodata,308355,0,0.0,nodata,Cwt,0,
"Seeds — Unenumerated, For Expressing Oil Therefrom",1879,267830,174853,0.6529,under,117870,69347,0.5883,under,Quarter,3,
Other Farinaceous Substances,1868,267381,0,0.0,nodata,267381,0,0.0,nodata,Value,0,
Musical Instruments,1868,266740,0,0.0,nodata,266740,0,0.0,nodata,Value,0,
"Flowers, Artificial",1870,266502,0,0.0,nodata,266502,0,0.0,nodata,Value,0,
Sago,1877,266385,0,0.0,nodata,339882,0,0.0,nodata,Cwt,0,
"Sweetened And Perfumed, Of All Kinds",1895,266362,0,0.0,nodata,139509,0,0.0,nodata,Gallon,0,
"Skins, And Furs — Furs, Rabbit Skins",1895,265940,472948,1.7784,over,35086719,10589065,0.3018,under,Number,34,
Coco Nut,1897,265668,0,0.0,nodata,242731,0,0.0,nodata,Cwt,0,
Sago,1879,265599,0,0.0,nodata,336827,0,0.0,nodata,Cwt,0,
Saltpetre (Nitrate Of Potash),1894,265564,410874,1.5472,over,289363,3678553,12.7126,over,Cwt,30,
Saltpetre,1894,265564,0,0.0,nodata,289363,0,0.0,nodata,Cwt,0,
"Buttons And Studs, Not Of Metal",1894,265387,266382,1.0037,within5,3203058,3229207,1.0082,within5,Gross,6,
Still,1900,265348,0,0.0,nodata,557986,0,0.0,nodata,?,0,
Other Kinds Of Meal And Flour,1890,265250,0,0.0,nodata,662979,0,0.0,nodata,Cwt,0,
Logwood,1887,265243,0,0.0,nodata,48720,0,0.0,nodata,Ton,0,
Mechanical,1895,265118,0,0.0,nodata,25058,0,0.0,nodata,?,0,
Gum — Unenumerated,1876,264995,264995,1.0,exact01,74077,74077,1.0,exact01,Cwt,10,
Of Other Sorts,1876,264995,0,0.0,nodata,74077,0,0.0,nodata,Cwt,0,
Onions — Raw,1873,264876,264876,1.0,exact01,1127995,1127995,1.0,exact01,Bushel,5,
Gum — Arabic,1870,264590,0,0.0,nodata,71963,0,0.0,nodata,Cwt,0,
Vegetables Unenumerated,1878,264525,0,0.0,nodata,264525,0,0.0,nodata,Value,0,
"Vegetables, Raw, Unenumerated",1878,264525,0,0.0,nodata,204525,0,0.0,nodata,Value,0,
"Metal — Unenumerated, Unwrought",1899,264355,273315,1.0339,within5,3262,3728,1.1429,over,Ton,14,
Unenumerated — Unwrought,1899,264355,0,0.0,nodata,3262,0,0.0,nodata,Ton,0,
"Unenumerated, For Expressing Oil Therefrom",1890,264292,0,0.0,nodata,0,0,,noanchor,Bushel,0,
Coco Nut,1891,264228,0,0.0,nodata,186469,0,0.0,nodata,Cwt,0,
Linen Yarn,1871,263832,0,0.0,nodata,4013697,0,0.0,nodata,Lb,0,
"Old, Fit Only To Be Re-Manufactured",1899,263736,265169,1.0054,within5,6234,5973,0.9581,within5,Ton,23,
"Cow, Ox, Bull, Or Elk",1877,263418,0,0.0,nodata,61044,0,0.0,nodata,?,0,
Bark,1890,263259,0,0.0,nodata,579438,0,0.0,nodata,Cwt,0,
Bark — For Tanners' Or Dyers' Use,1878,263110,263110,1.0,exact01,587525,0,0.0,nodata,?,7,
Bark,1878,263110,0,0.0,nodata,587525,0,0.0,nodata,Cwt,0,
"Varnished, Japanned Or Enamelled",1899,263028,263022,1.0,exact01,8228,8228,1.0,exact01,Cwt,6,
Fruit — Figs,1883,262671,0,0.0,nodata,123434,0,0.0,nodata,Cwt,0,
Pepper,1868,262527,0,0.0,nodata,16990144,0,0.0,nodata,Lb,0,
Seeds — Of Other Sorts,1886,262494,0,0.0,nodata,262494,0,0.0,nodata,Value,0,
Manufactures Of,1884,262336,0,0.0,nodata,2612740,0,0.0,nodata,Lb,0,
Ice,1896,262298,262298,1.0,exact01,467333,467333,1.0,exact01,Ton,1,
"Seeds — Unenumerated, For Expressing Oil Therefrom",1882,262029,262029,1.0,exact01,120963,120963,1.0,exact01,Quarter,7,
Shumach,1874,261747,31352,0.1198,under,16514,1759,0.1065,under,Ton,2,
Shell Fish : Oysters,1893,261714,0,0.0,nodata,316873,0,0.0,nodata,Cwt,0,
Coco Nut,1890,261683,0,0.0,nodata,184409,0,0.0,nodata,Cwt,0,
Leather Manufactures — Unenumerated,1879,261611,0,0.0,nodata,261611,0,0.0,nodata,Value,0,
Unenumerated,1879,261611,0,0.0,nodata,261611,0,0.0,nodata,Value,0,
Wood And Timber — Furniture Hardwoods And Veneers : Mahogany,1870,261358,0,0.0,nodata,32732,0,0.0,nodata,Ton,0,
Mahogany,1870,261358,0,0.0,nodata,32732,0,0.0,nodata,Ton,0,
Ice,1893,261250,261250,1.0,exact01,404830,404890,1.0001,exact01,Ton,2,
Maize Or Indian Corn Meal,1897,261120,0,0.0,nodata,1029301,0,0.0,nodata,Cwt,0,
"Skins And Furs — Goat, Undressed",1881,260725,0,0.0,nodata,2263542,0,0.0,nodata,Number,0,
Silk Manufactures — Of Countries Out Of Europe,1876,260331,0,0.0,nodata,260331,0,0.0,nodata,Value,0,
"Wool — Alpaca, Vicuña, And Llama",1899,260061,260061,1.0,exact01,5465498,5459428,0.9989,within5,Lb,3,
Fruit — Almonds,1882,259949,0,0.0,nodata,75374,0,0.0,nodata,Cwt,0,
Toys,1871,259638,0,0.0,nodata,259638,0,0.0,nodata,Value,0,
Hay,1892,259593,259563,0.9999,exact01,61237,61157,0.9987,within5,Ton,10,
Saltpetre,1887,259566,0,0.0,nodata,301048,0,0.0,nodata,Cwt,0,
"Flowers, Artificial",1888,259479,0,0.0,nodata,259479,0,0.0,nodata,Value,0,
Madder — Root,1874,258912,258592,0.9988,within5,148002,143846,0.9719,within5,Cwt,5,
Clocks,1870,258628,0,0.0,nodata,256861,0,0.0,nodata,Number,0,
"Manganese, Ore Of",1868,258520,0,0.0,nodata,50042,0,0.0,nodata,Ton,0,
"Prepared, And Chocolate",1892,258465,0,0.0,nodata,2538460,0,0.0,nodata,Lb,0,
Rape,1897,258233,0,0.0,nodata,185232,0,0.0,nodata,Quarter,0,
Of Other Sorts,1874,258198,0,0.0,nodata,80880,0,0.0,nodata,Cwt,0,
"Ore, Unenumerated",1896,257933,347409,1.3469,over,45061,0,0.0,nodata,Cwt,25,
"Lac, Seed, Shell, Stick, And Dye",1870,257869,0,0.0,nodata,48866,0,0.0,nodata,Cwt,0,
Linen Yarn,1872,257667,0,0.0,nodata,3723260,0,0.0,nodata,Lb,0,
Oleo-Margarine,1898,257595,257335,0.999,within5,173621,173621,1.0,exact01,Cwt,5,
"Wool — Alpaca, Vicuña, And Llama",1893,257403,257452,1.0002,exact01,5184190,5184134,1.0,exact01,Lb,5,
Poultry And Game (Including Rabbits),1873,257389,0,0.0,nodata,257389,0,0.0,nodata,Value,0,
Horse,1899,257298,275825,1.072,over,34863,36919,1.059,over,Cwt,22,
Books,1894,257251,0,0.0,nodata,41409,0,0.0,nodata,Cwt,0,
"Unenumerated, For Expressing Oil Therefrom",1868,257203,0,0.0,nodata,0,0,,noanchor,Bushel,0,
Candles Of All Sorts,1884,256865,1107948,4.3133,over,90979,163207,1.7939,over,Cwt,10,
"Animals, Living — Horses",1884,256789,0,0.0,nodata,12929,0,0.0,nodata,Number,0,
Gum — Arabic,1879,256677,256677,1.0,exact01,88937,88957,1.0002,exact01,Cwt,5,
Arabic,1879,256677,0,0.0,nodata,88957,0,0.0,nodata,Cwt,0,
Rags And Other Materials For Making Paper — Linen And Cotton,1877,256489,256489,1.0,exact01,17130,17130,1.0,exact01,Ton,7,
Seeds — Of Other Sorts,1880,256317,0,0.0,nodata,301596,0,0.0,nodata,Value,0,
Kowrie,1893,255989,513292,2.0051,over,77200,154570,2.0022,over,Cwt,7,
Gum : Kowrie,1893,255989,0,0.0,nodata,77200,0,0.0,nodata,Cwt,0,
"Meat — Salted Or Fresh, Not Otherwise Described",1891,255898,243995,0.9535,within5,113357,106459,0.9391,under,Cwt,9,
"Buttons And Studs, Not Of Metal",1893,255772,255734,0.9999,exact01,3140787,3140681,1.0,exact01,Gross,6,
Fruit — Figs And Fig Cake,1889,255768,255620,0.9994,exact01,169159,169015,0.9991,exact01,Cwt,5,
Cochineal (Including Granilla And Dust),1882,255508,255508,1.0,exact01,26330,26330,1.0,exact01,Cwt,4,
Seeds — Of Other Sorts,1870,255038,0,0.0,nodata,255038,0,0.0,nodata,Value,0,
Sago,1874,254876,0,0.0,nodata,323566,0,0.0,nodata,Cwt,0,
Leather Manufactures — Unenumerated,1874,254833,0,0.0,nodata,254833,0,0.0,nodata,Value,0,
Unenumerated,1874,254833,0,0.0,nodata,251833,0,0.0,nodata,Value,0,
"Books, Printed, Bound And Unbound, Including Maps And Charts",1898,254675,0,0.0,nodata,42848,0,0.0,nodata,Cwt,0,
Fruit — Almonds,1885,254615,254524,0.9996,exact01,81326,81349,1.0003,exact01,Cwt,7,
Madder,1871,254532,0,0.0,nodata,93624,0,0.0,nodata,Cwt,0,
Lead — Ore Of,1899,253912,462776,1.8226,over,29786,53454,1.7946,over,Ton,20,
Pork — Salted (Not Hams),1897,253693,232001,0.9145,under,237206,234205,0.9873,within5,Cwt,10,
Arabic,1881,253335,0,0.0,nodata,101130,0,0.0,nodata,Cwt,0,
Metal Not Otherwise Enumerated — Wrought,1890,253233,0,0.0,nodata,1818,0,0.0,nodata,Ton,0,
Musical Instruments,1869,253102,0,0.0,nodata,253402,0,0.0,nodata,Value,0,
"Buttons And Studs, Not Of Metal",1898,252929,252879,0.9998,exact01,2894968,2894968,1.0,exact01,Gross,6,
Spices — Cinnamon,1870,252875,0,0.0,nodata,2215434,0,0.0,nodata,Lb,0,
"Wool — Alpaca, Vicuña, And Llama",1889,252867,252867,1.0,exact01,4891570,4891570,1.0,exact01,Lb,3,
Gum — Arabic,1882,252814,252814,1.0,exact01,116135,116135,1.0,exact01,Cwt,6,
"Wood And Timber — Furniture, Hardwoods, And Veneers : Unenumerated",1878,252726,252726,1.0,exact01,25117,25117,1.0,exact01,Ton,11,
Steel — Unwrought,1898,252512,0,0.0,nodata,40231,0,0.0,nodata,Ton,0,
Fruit — Figs,1875,252022,252022,1.0,exact01,124609,124609,1.0,exact01,Cwt,6,
Horse,1897,252012,270645,1.0739,over,38868,40278,1.0363,within5,Cwt,21,
Preserved Without Sugar,1894,252011,0,0.0,nodata,42874894,0,0.0,nodata,Lb,0,
Manures — Bones For Manure (Whether Burnt Or Not),1896,251866,247147,0.9813,within5,66681,0,0.0,nodata,?,25,
Manures — Bones For Manure,1896,251866,251866,1.0,exact01,66681,66678,1.0,exact01,Ton,19,
Seeds — Of Other Sorts,1868,251765,0,0.0,nodata,281765,0,0.0,nodata,Value,0,
Tin — Ore Of,1899,251652,0,0.0,nodata,6224,0,0.0,nodata,Ton,0,
"Wool — Alpaca, Vicuña, And Llama",1894,251318,251018,0.9988,within5,4917685,4917682,1.0,exact01,Lb,5,
"Alpaca, Vicuña, And Llama",1894,251318,0,0.0,nodata,4917685,0,0.0,nodata,Lb,0,
"Eggs — Shell Fish, Oysters For Food",1896,251093,0,0.0,nodata,216052,0,0.0,nodata,Cwt,0,
Shell Fish : Oysters,1896,251093,250964,0.9995,exact01,216052,215937,0.9995,exact01,Cwt,4,
Saltpetre,1891,251021,0,0.0,nodata,278782,0,0.0,nodata,Cwt,0,
Fruits And Vegetables Preserved In Sugar,1896,250943,250943,1.0,exact01,148923,148923,1.0,exact01,Cwt,15,
Yarn,1897,250835,407636,1.6251,over,4884952,18743175,3.8369,over,Lb,22,
Fruits And Vegetables Preserved In Sugar,1895,250831,386162,1.5395,over,152982,214820,1.4042,over,Cwt,24,
"Drugs — Bark, Peruvian",1891,250697,443355,1.7685,over,106551,194234,1.8229,over,Cwt,13,
Brimstone,1880,250695,250695,1.0,exact01,927784,927784,1.0,exact01,Cwt,3,
Books,1892,250529,0,0.0,nodata,29522,0,0.0,nodata,Cwt,0,
Rye,1897,250482,293623,1.1722,over,1018940,1224463,1.2017,over,Cwt,7,
Opium,1892,250296,0,0.0,nodata,539210,0,0.0,nodata,Lb,0,
"Wool — Alpaca, Vicuña, And Llama",1882,250181,250181,1.0,exact01,4054733,4054733,1.0,exact01,Lb,4,
Gum — Arabic,1871,250088,0,0.0,nodata,76136,0,0.0,nodata,Cwt,0,
Arabic,1871,250088,0,0.0,nodata,76136,0,0.0,nodata,Cwt,0,
Shells Of All Kinds,1885,249832,0,0.0,nodata,249832,0,0.0,nodata,Value,0,
Gum — Arabic,1868,249805,0,0.0,nodata,59324,0,0.0,nodata,Cwt,0,
Arabic,1868,249805,0,0.0,nodata,59324,0,0.0,nodata,Cwt,0,
Coco Nut,1896,249633,0,0.0,nodata,219198,0,0.0,nodata,Cwt,0,
Paper-Making Materials — Linen And Cotton Rags,1897,249631,0,0.0,nodata,25333,0,0.0,nodata,Ton,0,
Opium,1896,249580,0,0.0,nodata,489235,0,0.0,nodata,Lb,0,
Wood And Timber — Unenumerated,1895,249453,670587,2.6882,over,84581,0,0.0,nodata,Load,32,
Books,1893,249277,0,0.0,nodata,32529,0,0.0,nodata,Cwt,0,
Cocoa,1868,249159,0,0.0,nodata,10140716,0,0.0,nodata,Lb,0,
Seeds — Of Other Sorts,1894,248996,0,0.0,nodata,585804,0,0.0,nodata,Value,0,
Myrobalans,1891,248814,0,0.0,nodata,516107,0,0.0,nodata,Cwt,0,
Ice,1897,248671,248671,1.0,exact01,456011,456011,1.0,exact01,Ton,1,
Ice,1890,248660,248660,1.0,exact01,356341,356341,1.0,exact01,Ton,2,
"Manufactures, Unenumerated",1896,248610,0,0.0,nodata,0,0,,noanchor,Value,0,
Coco Nut,1887,248218,0,0.0,nodata,180792,0,0.0,nodata,Cwt,0,
Rosin,1887,248134,248134,1.0,exact01,1086121,1086121,1.0,exact01,Cwt,3,
Tow,1900,248019,0,0.0,nodata,5039,0,0.0,nodata,Ton,0,
Myrobalans,1889,248016,0,0.0,nodata,645408,0,0.0,nodata,Cwt,0,
Dried,1896,247821,0,0.0,nodata,309456,0,0.0,nodata,Cwt,0,
Leather Manufactures — Unenumerated,1883,247778,0,0.0,nodata,247778,0,0.0,nodata,Value,0,
Logwood,1898,247625,0,0.0,nodata,42374,0,0.0,nodata,Ton,0,
"Wool — Alpaca, Vicuña, And Llama",1897,247620,247620,1.0,exact01,5121543,5121483,1.0,exact01,Lb,5,
Ice,1894,247319,247312,1.0,exact01,402124,402124,1.0,exact01,Ton,1,
Oil — Animal,1887,246960,246960,1.0,exact01,140467,140467,1.0,exact01,Cwt,9,
Animal,1887,246960,0,0.0,nodata,140467,0,0.0,nodata,Cwt,0,
"Wool — Alpaca, Vicuña, And Llama",1868,246875,0,0.0,nodata,1815301,0,0.0,nodata,Lb,0,
Saltpetre (Nitrate Of Potash),1897,246699,418400,1.696,over,330013,4457628,13.5074,over,Cwt,27,
Rape,1900,246620,0,0.0,nodata,134243,0,0.0,nodata,Quarter,0,
"Skins, Furs, And Pelts — Seal",1877,246533,246533,1.0,exact01,763757,763757,1.0,exact01,Number,6,
Nuts And Kernels — Commonly Used For Expressing Oil Therefrom,1868,246456,0,0.0,nodata,22432,0,0.0,nodata,Ton,0,
For Expressing Oil Therefrom,1868,246456,0,0.0,nodata,22432,0,0.0,nodata,Ton,0,
"Slates, For Roofing Purposes",1900,246435,0,0.0,nodata,46462295,0,0.0,nodata,Number,0,
"Yeast, Dried",1869,246344,0,0.0,nodata,120912,0,0.0,nodata,Cwt,0,
"Glass — Plate, Whether Silvered Or Not",1893,246302,246302,1.0,exact01,162147,162147,1.0,exact01,Cwt,6,
"Glass — Plate, Whether Silvered Or Not",1899,246254,283599,1.1517,over,246254,241213,0.9795,within5,Cwt,6,
Sugar — Molasses,1897,246242,41925,0.1703,under,1165574,1320771,1.1332,over,Cwt,10,
Silk Manufactures — Of Countries Out Of Europe,1875,246200,0,0.0,nodata,246200,0,0.0,nodata,Value,0,
"Sweetened And Perfumed, Of All Kinds",1894,246155,0,0.0,nodata,130873,0,0.0,nodata,Gallon,0,
Sponge,1900,246107,0,0.0,nodata,1495274,0,0.0,nodata,Lb,0,
"Oil — Chemical, Essential, Or Perfumed",1900,246105,0,0.0,nodata,1758331,0,0.0,nodata,Lb,0,
Yarn,1899,246061,342170,1.3906,over,4694074,15496497,3.3013,over,Lb,18,
Gum — Unenumerated,1875,245925,245925,1.0,exact01,73908,73908,1.0,exact01,Cwt,10,
Of Other Sorts,1875,245925,0,0.0,nodata,73908,0,0.0,nodata,Cwt,0,
Coco Nut,1888,245867,0,0.0,nodata,191025,0,0.0,nodata,Cwt,0,
Sugar — Molasses,1873,245766,245766,1.0,exact01,520815,520815,1.0,exact01,Cwt,7,
Manures — Bones For Manure (Whether Burnt Or Not),1898,245639,245963,1.0013,within5,59406,0,0.0,nodata,?,26,
"Seeds — Unenumerated, For Expressing Oil Therefrom",1877,245339,245339,1.0,exact01,98588,98588,1.0,exact01,Quarter,6,
Potatoes,1870,245252,0,0.0,nodata,771854,0,0.0,nodata,Cwt,0,
Manures — Guano,1885,245013,245023,1.0,exact01,25258,25258,1.0,exact01,Ton,15,
Sago,1872,244984,0,0.0,nodata,298418,0,0.0,nodata,Cwt,0,
Bristles,1879,244388,240990,0.9861,within5,1631585,1610154,0.9869,within5,Lb,7,
Fruit — Almonds Of All Kinds,1876,244078,0,0.0,nodata,77196,0,0.0,nodata,Cwt,0,
Dried,1898,244059,0,0.0,nodata,287451,0,0.0,nodata,Cwt,0,
Books,1888,243260,0,0.0,nodata,30350,0,0.0,nodata,Cwt,0,
Gum — Arabic,1889,243013,243013,1.0,exact01,65243,65243,1.0,exact01,Cwt,17,
"Skins, And Furs — Furs, Rabbit Skins",1899,242930,242560,0.9985,within5,30332788,30332702,1.0,exact01,Number,6,
Fruits And Vegetables Preserved In Sugar,1893,242502,296976,1.2246,over,141496,164483,1.1625,over,Cwt,24,
Brimstone,1883,242226,243725,1.0062,within5,877646,890054,1.0141,within5,Cwt,8,
Fruit — Almonds,1888,242180,0,0.0,nodata,81403,0,0.0,nodata,Cwt,0,
"Pictures And Drawings, By Hand",1897,241977,240977,0.9959,within5,24129,24129,1.0,exact01,Number,12,
Seeds — Of Other Sorts,1889,241966,0,0.0,nodata,241966,0,0.0,nodata,Value,0,
Brimstone,1881,241796,241796,1.0,exact01,811580,811580,1.0,exact01,Cwt,3,
Plums — Raw,1896,241782,244235,1.0101,within5,560245,531203,0.9482,under,Bushel,8,
Plums,1896,241782,0,0.0,nodata,560245,0,0.0,nodata,Bushel,0,
Oil — Coco-Nut,1874,241561,241561,1.0,exact01,134196,133266,0.9931,within5,Cwt,5,
Coco Nut,1874,241561,0,0.0,nodata,134196,0,0.0,nodata,Cwt,0,
Ice,1889,241301,0,0.0,nodata,342473,0,0.0,nodata,Ton,0,
Brimstone,1878,241237,241237,1.0,exact01,874959,874959,1.0,exact01,Cwt,3,
Dried,1895,241105,0,0.0,nodata,325664,0,0.0,nodata,Cwt,0,
Dried,1892,240962,0,0.0,nodata,305182,0,0.0,nodata,Cwt,0,
Manufactures Of,1876,240827,0,0.0,nodata,871630,0,0.0,nodata,Lb,0,
"Plate, Fluted, Rolled Or Rough",1898,240438,230105,0.957,within5,102260,102230,0.9997,exact01,Cwt,5,
"Sago, And Flour Or Meal Thereof",1894,240304,441847,1.8387,over,682381,1345571,1.9719,over,Cwt,7,
Sago,1894,240304,0,0.0,nodata,682381,0,0.0,nodata,Cwt,0,
Saltpetre,1886,240066,0,0.0,nodata,270876,0,0.0,nodata,Cwt,0,
Leather Manufactures — Boots And Shoes,1875,240000,0,0.0,nodata,0,0,,noanchor,Dozen Pairs,0,
Boots And Shoes,1875,240000,240000,1.0,exact01,0,0,,noanchor,Dozen Pairs,4,
"Manganese, Ore Of",1886,239822,239822,1.0,exact01,73424,73924,1.0068,within5,Ton,14,
Sugar — Glucose,1875,239585,0,0.0,nodata,237997,0,0.0,nodata,Cwt,0,
Leather Manufactures — Unenumerated,1893,239075,0,0.0,nodata,289075,0,0.0,nodata,Value,0,
"Seeds — Unenumerated, For Expressing Oil Therefrom",1876,238887,175010,0.7326,under,106740,71686,0.6716,under,Quarter,6,
Toys,1870,238879,0,0.0,nodata,238879,0,0.0,nodata,Value,0,
Fruit — Almonds,1886,238815,0,0.0,nodata,78015,0,0.0,nodata,Cwt,0,
Fruit — Almonds Of All Kinds,1871,238073,0,0.0,nodata,72899,0,0.0,nodata,Cwt,0,
Saltpetre,1876,238053,0,0.0,nodata,260579,0,0.0,nodata,Cwt,0,
Sago,1876,237903,0,0.0,nodata,338230,0,0.0,nodata,Cwt,0,
Cork — Unmanufactured,1887,237861,237861,1.0,exact01,12339,12339,1.0,exact01,Ton,8,
"Glass — Plate, Whether Silvered Or Not",1895,237809,237821,1.0001,exact01,193136,193138,1.0,exact01,Cwt,7,
"Oil — Chemical, Essential, Or Perfumed",1877,237484,237484,1.0,exact01,655794,655794,1.0,exact01,Lb,8,
China And Porcelain Ware,1872,237467,237527,1.0003,exact01,33740,33740,1.0,exact01,Cwt,8,
Silk Manufactures — Of Countries Out Of Europe,1874,237393,0,0.0,nodata,237393,0,0.0,nodata,Value,0,
Spices — Unenumerated,1891,237364,237364,1.0,exact01,8818602,8818602,1.0,exact01,Lb,14,
"Seeds — Unenumerated, For Expressing Oil Therefrom",1878,237215,237215,1.0,exact01,104218,104218,1.0,exact01,Quarter,7,
"Wood And Timber — Furniture, Hardwoods, And Veneers : Unenumerated",1871,237126,0,0.0,nodata,21421,0,0.0,nodata,Ton,0,
Sago,1873,237057,0,0.0,nodata,298179,0,0.0,nodata,Cwt,0,
"Manganese, Ore Of",1869,236892,0,0.0,nodata,51517,0,0.0,nodata,Ton,0,
Manufactures Of,1878,236611,0,0.0,nodata,1019353,0,0.0,nodata,Lb,0,
Cork — Unmanufactured,1890,236610,233806,0.9881,within5,18111,17743,0.9797,within5,Ton,8,
Zinc — Ore Of,1900,235850,0,0.0,nodata,42008,0,0.0,nodata,Ton,0,
Sago,1868,235834,0,0.0,nodata,273987,0,0.0,nodata,Cwt,0,
Gutta Percha — Raw,1877,235748,235748,1.0,exact01,26068,26068,1.0,exact01,Cwt,3,
Gutta Percha,1877,235748,0,0.0,nodata,26068,0,0.0,nodata,Cwt,0,
Geldings,1893,235684,287145,1.2183,over,16222,11208,0.6909,under,Number,13,
Pig And Puddled,1892,235681,235646,0.9999,exact01,56529,56527,1.0,exact01,Ton,5,
"Eggs — Shell Fish, Oysters For Food",1897,235678,0,0.0,nodata,194560,0,0.0,nodata,Cwt,0,
Shell Fish : Oysters,1897,235678,235625,0.9998,exact01,194560,194518,0.9998,exact01,Cwt,4,
"Unenumerated, Not Sweetened",1875,235486,0,0.0,nodata,2795378,0,0.0,nodata,Proof Gallon,0,
Animal,1889,235354,0,0.0,nodata,118415,0,0.0,nodata,Cwt,0,
Rye,1896,235306,236076,1.0033,within5,982700,1474900,1.5009,over,Cwt,7,
"Seeds — Unenumerated, For Expressing Oil Therefrom",1871,234803,0,0.0,nodata,86859,0,0.0,nodata,Quarter,0,
"Books, Printed, Bound And Unbound, Including Maps And Charts",1899,234170,0,0.0,nodata,43448,0,0.0,nodata,Cwt,0,
Sugar — Molasses,1876,234099,234099,1.0,exact01,498441,498411,0.9999,exact01,Cwt,7,
Seeds — Of Other Sorts,1892,234056,0,0.0,nodata,284056,0,0.0,nodata,Value,0,
Oil — Castor,1892,234041,354507,1.5147,over,176550,268441,1.5205,over,Cwt,9,
"Animals, Living — Horses",1880,233770,233770,1.0,exact01,9264,9264,1.0,exact01,Number,7,
"Books, Printed, Bound And Unbound, Including Maps And Charts",1900,233709,0,0.0,nodata,40904,0,0.0,nodata,Cwt,0,
Shumach,1868,233555,0,0.0,nodata,13251,0,0.0,nodata,Ton,0,
Leather Manufactures — Unenumerated,1876,233204,0,0.0,nodata,233204,0,0.0,nodata,Value,0,
Unenumerated,1876,233204,0,0.0,nodata,233204,0,0.0,nodata,Value,0,
"Seeds — Unenumerated, For Expressing Oil Therefrom",1887,232603,232603,1.0,exact01,133347,133347,1.0,exact01,Quarter,12,
Onions — Raw,1869,232524,0,0.0,nodata,866945,0,0.0,nodata,Bushel,0,
Fruit — Almonds,1883,232260,232256,1.0,exact01,61654,61654,1.0,exact01,Cwt,9,
Logwood,1897,232175,0,0.0,nodata,39297,0,0.0,nodata,Ton,0,
Fruit — Figs And Fig Cake,1890,231969,231864,0.9995,exact01,129856,129851,1.0,exact01,Cwt,5,
Linen Yarn,1885,231962,231962,1.0,exact01,5892025,5892022,1.0,exact01,Lb,4,
"Preserved, Otherwise Than By Salting",1870,231860,0,0.0,nodata,80636,0,0.0,nodata,Cwt,0,
Woollen Yarn — For Fancy Purposes,1893,231796,231796,1.0,exact01,1320619,1320619,1.0,exact01,Lb,4,
"Sweetened And Perfumed, Of All Kinds",1893,231751,0,0.0,nodata,130355,0,0.0,nodata,Gallon,0,
"Yeast, Dried",1868,231719,0,0.0,nodata,116133,0,0.0,nodata,Cwt,0,
Fruit — Figs,1872,231571,0,0.0,nodata,141847,0,0.0,nodata,Cwt,0,
Shumach,1878,231358,0,0.0,nodata,13923,0,0.0,nodata,Ton,0,
Sago,1869,231101,0,0.0,nodata,297511,0,0.0,nodata,Cwt,0,
Beef — Salted,1899,230943,0,0.0,nodata,178183,0,0.0,nodata,Cwt,0,
Cherries,1898,230829,0,0.0,nodata,401810,0,0.0,nodata,Bushel,0,
Embroidery And Needlework,1887,230577,0,0.0,nodata,230577,0,0.0,nodata,Value,0,
"Drugs — Bark, Peruvian",1892,230557,402261,1.7447,over,106401,193430,1.8179,over,Cwt,13,
Sago,1889,230339,0,0.0,nodata,444581,0,0.0,nodata,Cwt,0,
Rags And Other Materials For Making Paper — Linen And Cotton,1876,229972,229972,1.0,exact01,13927,13927,1.0,exact01,Ton,8,
Oil — Animal,1885,229971,229971,1.0,exact01,121498,121498,1.0,exact01,Cwt,8,
Animal,1885,229971,0,0.0,nodata,121198,0,0.0,nodata,Cwt,0,
Spices — Unenumerated,1873,229958,0,0.0,nodata,6601393,0,0.0,nodata,Lb,0,
Paper-Making Materials — Linen And Cotton Rags,1895,229645,225841,0.9834,within5,25033,24554,0.9809,within5,Ton,11,
Linen And Cotton Rags,1895,229645,0,0.0,nodata,25033,0,0.0,nodata,Ton,0,
Fruit — Almonds,1878,229429,0,0.0,nodata,58360,0,0.0,nodata,Cwt,0,
Ice,1895,229336,229336,1.0,exact01,409505,409505,1.0,exact01,Ton,1,
Fruits And Vegetables Preserved In Sugar,1894,229329,255122,1.1125,over,130719,142913,1.0933,over,Cwt,24,
Fruit — Figs And Fig Cake,1891,229218,0,0.0,nodata,133928,0,0.0,nodata,Cwt,0,
Silk Manufactures — Of Countries Out Of Europe,1877,229166,0,0.0,nodata,229166,0,0.0,nodata,Value,0,
Fruit — Almonds Of All Kinds,1878,229129,0,0.0,nodata,58360,0,0.0,nodata,Cwt,0,
"Skins, Furs, And Pelts — Seal",1871,228970,0,0.0,nodata,833709,0,0.0,nodata,Number,0,
Tow,1894,228830,178574,0.7804,under,9774,10632,1.0878,over,Ton,23,
Sago,1886,228716,0,0.0,nodata,479903,0,0.0,nodata,Cwt,0,
Fruits And Vegetables Preserved In Sugar,1900,228715,0,0.0,nodata,120002,0,0.0,nodata,Cwt,0,
Nuts And Kernels — Commonly Used For Expressing Oil Therefrom,1873,228632,228632,1.0,exact01,17075,17075,1.0,exact01,Ton,9,
For Expressing Oil Therefrom,1873,228632,0,0.0,nodata,17075,0,0.0,nodata,Ton,0,
Shumach,1870,228431,0,0.0,nodata,14431,0,0.0,nodata,Ton,0,
Cork — Unmanufactured,1896,228371,229036,1.0029,within5,24535,24644,1.0044,within5,Ton,10,
Cork — Unmanufactured,1885,227960,227960,1.0,exact01,12601,12601,1.0,exact01,Ton,9,
"Platina, Wrought Or Unwrought",1900,227854,0,0.0,nodata,160860,0,0.0,nodata,Oz Troy,0,
"Meat — Salted Or Fresh, Not Otherwise Described",1890,227572,227572,1.0,exact01,103878,103878,1.0,exact01,Cwt,13,
Onions — Raw,1871,227457,0,0.0,nodata,917283,0,0.0,nodata,Bushel,0,
Other Kinds Of Meal And Flour,1886,227247,0,0.0,nodata,467932,0,0.0,nodata,Cwt,0,
Sponge,1897,227246,227216,0.9999,exact01,1915075,1910075,0.9974,within5,Lb,14,
"Sago, And Flour Or Meal Thereof",1895,226868,452907,1.9963,over,694040,1386480,1.9977,over,Cwt,6,
Sago,1895,226868,0,0.0,nodata,694040,0,0.0,nodata,Cwt,0,
"Eggs — Shell Fish, Oysters For Food",1899,226704,226650,0.9998,exact01,201311,0,0.0,nodata,Cwt,4,
Other Kinds Of Meal And Flour,1889,226615,0,0.0,nodata,532593,0,0.0,nodata,Cwt,0,
Sugar — Molasses,1894,226568,240022,1.0594,over,853478,884228,1.036,within5,Cwt,11,
Cork — Unmanufactured,1897,226451,226451,1.0,exact01,25544,25244,0.9883,within5,Ton,10,
Books,1886,226438,4334,0.0191,under,25542,477,0.0187,under,Cwt,1,
"Skins, And Furs — Furs, Rabbit Skins",1894,226219,458791,2.0281,over,30985426,7355890,0.2374,under,Number,35,
"Sweetened And Perfumed, Of All Kinds",1887,226153,0,0.0,nodata,140054,0,0.0,nodata,Gallon,0,
Horse,1895,225992,241973,1.0707,over,34043,37417,1.0991,over,Cwt,23,
Oil — Animal,1888,225835,225835,1.0,exact01,120233,120283,1.0004,exact01,Cwt,8,
Animal,1888,225835,0,0.0,nodata,120283,0,0.0,nodata,Cwt,0,
"Sweetened And Perfumed, Of All Kinds",1892,225363,0,0.0,nodata,133431,0,0.0,nodata,Gallon,0,
"Wool — Alpaca, Vicuña, And Llama",1885,225168,225168,1.0,exact01,4556753,4556753,1.0,exact01,Lb,4,
Potatoes,1871,225068,0,0.0,nodata,847835,0,0.0,nodata,Cwt,0,
"Sweetened And Perfumed, Of All Kinds",1891,224990,0,0.0,nodata,130874,0,0.0,nodata,Gallon,0,
Wood Pulp Board,1900,224958,0,0.0,nodata,467926,0,0.0,nodata,Cwt,0,
"Eggs — Shell Fish, Oysters For Food",1895,224918,0,0.0,nodata,275734,0,0.0,nodata,Cwt,0,
Shell Fish : Oysters,1895,224918,0,0.0,nodata,275734,0,0.0,nodata,Cwt,0,
Shumach,1877,224862,224862,1.0,exact01,13409,13409,1.0,exact01,Ton,3,
Books,1887,224800,8153,0.0363,under,26142,1023,0.0391,under,Cwt,1,
Silk Manufactures — Of Countries Out Of Europe,1878,224787,0,0.0,nodata,224787,0,0.0,nodata,Value,0,
Horns And Hoofs,1878,224500,99628,0.4438,under,6483,2493,0.3845,under,Ton,4,
Horns And Hoofs Of Cattle,1878,224500,0,0.0,nodata,6483,0,0.0,nodata,Ton,0,
Woollen Yarn — For Fancy Purposes,1894,224435,224472,1.0002,exact01,1219965,1217385,0.9979,within5,Lb,6,
"For Other Purposes, Including Berlin Wool And Zephyr Yarn",1896,224419,0,0.0,nodata,1316753,0,0.0,nodata,Lb,0,
Zinc — Ore Of,1899,224374,238339,1.0622,over,37542,39593,1.0546,over,Ton,17,
Plumbago,1896,224239,317646,1.4166,over,13643,21722,1.5922,over,Ton,10,
"Wool — Alpaca, Vicuña, And Llama",1898,224000,224000,1.0,exact01,4853594,4853594,1.0,exact01,Lb,4,
Quicksilver,1869,223722,0,0.0,nodata,2526752,0,0.0,nodata,Lb,0,
Oil — Castor,1894,223384,321381,1.4387,over,193071,283558,1.4687,over,Cwt,11,
Horns And Hoofs,1883,223304,223004,0.9987,within5,6545,6545,1.0,exact01,Ton,21,
"Manganese, Ore Of",1872,223230,223230,1.0,exact01,38934,38934,1.0,exact01,Ton,4,
Horns And Hoofs,1882,223128,223158,1.0001,exact01,6456,6456,1.0,exact01,Ton,13,
"Oil — Chemical, Essential, Or Perfumed",1868,223064,0,0.0,nodata,486249,0,0.0,nodata,Lb,0,
Beads — Of Glass,1868,222993,0,0.0,nodata,3939957,0,0.0,nodata,Lb,0,
Opium,1894,222501,0,0.0,nodata,445582,0,0.0,nodata,Lb,0,
Horns And Hoofs Of Cattle,1877,222351,222351,1.0,exact01,6822,6813,0.9987,within5,Ton,14,
"Pictures And Drawings, By Hand",1900,222284,0,0.0,nodata,15770,0,0.0,nodata,Number,0,
Manures — Unenumerated,1899,222043,0,0.0,nodata,104247,0,0.0,nodata,?,0,
Opium,1898,222036,0,0.0,nodata,426012,0,0.0,nodata,Lb,0,
Wax,1873,221951,221921,0.9999,exact01,42689,42689,1.0,exact01,Cwt,13,
Oleo-Margarine,1897,221861,221861,1.0,exact01,149373,149373,1.0,exact01,Cwt,6,
Madder,1873,221859,221859,1.0,exact01,92493,92493,1.0,exact01,Cwt,5,
All Other Sorts,1868,221781,0,0.0,nodata,26361,0,0.0,nodata,Value,0,
"Animals, Living — Horses",1881,221696,0,0.0,nodata,9950,0,0.0,nodata,Number,0,
Fruit — Almonds Of All Kinds,1868,221463,0,0.0,nodata,54877,0,0.0,nodata,Cwt,0,
Oleo-Margarine,1894,221421,221421,1.0,exact01,96974,96974,1.0,exact01,Cwt,6,
"Metal — Unenumerated, Unwrought",1898,221409,220803,0.9973,within5,5328,5360,1.006,within5,Ton,13,
Unenumerated — Unwrought,1898,221409,0,0.0,nodata,5328,0,0.0,nodata,Ton,0,
Fruit — Almonds Of All Kinds,1874,221207,0,0.0,nodata,77284,0,0.0,nodata,Cwt,0,
Woollen Yarn — For Fancy Purposes,1896,221149,221149,1.0,exact01,1267523,1267323,0.9998,exact01,Lb,5,
"Oil — Chemical, Essential, Or Perfumed",1883,220936,220936,1.0,exact01,779844,746841,0.9577,within5,Lb,14,
Plumbago,1897,220886,360836,1.6336,over,13260,25239,1.9034,over,Ton,10,
Cork — Unmanufactured,1900,220622,0,0.0,nodata,28439,0,0.0,nodata,Ton,0,
Madder — Garancine,1871,220465,0,0.0,nodata,27738,0,0.0,nodata,Cwt,0,
Fruit — Figs,1873,220413,0,0.0,nodata,120347,0,0.0,nodata,Cwt,0,
Shumach,1872,220333,0,0.0,nodata,14614,0,0.0,nodata,Ton,0,
Madder — Garancine,1875,220323,220323,1.0,exact01,25865,25865,1.0,exact01,Cwt,3,
Cork — Unmanufactured,1898,220305,219950,0.9984,within5,24064,24064,1.0,exact01,Ton,11,
Oil — Animal,1878,220264,220264,1.0,exact01,109894,109894,1.0,exact01,Cwt,2,
Animal,1878,220264,0,0.0,nodata,109894,0,0.0,nodata,Cwt,0,
Zinc — Ore Of,1898,220141,236312,1.0735,over,53095,56857,1.0709,over,Ton,18,
"Wool — Alpaca, Vicuña, And Llama",1892,220060,0,0.0,nodata,4794901,0,0.0,nodata,Lb,0,
"Eggs — Shell Fish, Oysters For Food",1898,219883,0,0.0,nodata,194795,0,0.0,nodata,Cwt,0,
Shell Fish : Oysters,1898,219883,0,0.0,nodata,194795,0,0.0,nodata,Cwt,0,
Sago,1883,219660,0,0.0,nodata,333335,0,0.0,nodata,Cwt,0,
"Skins, Furs, And Pelts — Seal",1876,219540,219540,1.0,exact01,607276,607276,1.0,exact01,Number,8,
Sago,1882,219232,0,0.0,nodata,315679,0,0.0,nodata,Cwt,0,
Brass And Bronze Manufactures,1896,219204,0,0.0,nodata,40850,0,0.0,nodata,Cwt,0,
"Brass, Bronze, And Metal Bronzed Or Lacquered, }Manufactures Of",1896,219204,0,0.0,nodata,40850,0,0.0,nodata,Cwt,0,
Lead — Ore Of,1900,219082,0,0.0,nodata,21219,0,0.0,nodata,Ton,0,
"Varnished, Japanned Or Enamelled",1897,219024,213019,0.9726,within5,8131,8131,1.0,exact01,Cwt,7,
Bark — Peruvian,1870,218565,0,0.0,nodata,22639,0,0.0,nodata,Cwt,0,
Leather Manufactures — Unenumerated,1885,218562,0,0.0,nodata,218562,0,0.0,nodata,Value,0,
Toys,1868,218452,0,0.0,nodata,218452,0,0.0,nodata,Value,0,
Sago,1870,218400,0,0.0,nodata,280047,0,0.0,nodata,Cwt,0,
"Cow, Ox, Bull, Or Elk",1874,218396,0,0.0,nodata,73851,0,0.0,nodata,?,0,
Tar,1872,218339,218339,1.0,exact01,189291,189291,1.0,exact01,Barrel,5,
"Varnished, Japanned Or Enamelled",1898,218295,218025,0.9988,within5,6882,6858,0.9965,within5,Cwt,6,
Cork — Unmanufactured,1888,218243,211973,0.9713,within5,14293,14076,0.9848,within5,Ton,8,
Sponge,1892,218155,218155,1.0,exact01,1435119,1435119,1.0,exact01,Lb,9,
Bark — For Tanners' Or Dyers' Use,1875,217919,0,0.0,nodata,471900,0,0.0,nodata,?,0,
Manures — Bones For Manure (Whether Burnt Or Not),1897,217592,222695,1.0235,within5,59228,0,0.0,nodata,?,26,
Linen Yarn,1884,217567,907958,4.1732,over,4675750,6229050,1.3322,over,Lb,8,
Poultry And Game (Including Rabbits),1872,217526,0,0.0,nodata,217526,0,0.0,nodata,Value,0,
Gum : Kowrie,1883,217521,0,0.0,nodata,70289,0,0.0,nodata,Cwt,0,
"Brass, Bronze, And Metal Bronzed Or Lacquered, }Manufactures Of",1900,217236,0,0.0,nodata,45949,0,0.0,nodata,Cwt,0,
Bark,1891,216815,0,0.0,nodata,489846,0,0.0,nodata,Cwt,0,
"Meat, Salted Or Fresh",1873,216681,0,0.0,nodata,79841,0,0.0,nodata,Cwt,0,
Vegetables Unenumerated,1877,216463,0,0.0,nodata,216463,0,0.0,nodata,Value,0,
Woollen Yarn — For Fancy Purposes,1895,216435,0,0.0,nodata,1221101,0,0.0,nodata,Lb,0,
Shumach,1875,216313,0,0.0,nodata,14686,0,0.0,nodata,Ton,0,
Gum — Arabic,1880,216072,216072,1.0,exact01,75397,75367,0.9996,exact01,Cwt,5,
Arabic,1880,216072,0,0.0,nodata,75397,0,0.0,nodata,Cwt,0,
Kowrie,1897,216021,429768,1.9895,over,70775,140408,1.9839,over,Cwt,6,
Beef — Salted,1897,215901,1390,0.0064,under,174936,1102,0.0063,under,Cwt,4,
Sponge,1899,215493,215403,0.9996,exact01,1600452,1600452,1.0,exact01,Lb,13,
Fruits And Vegetables Preserved In Sugar,1892,215365,0,0.0,nodata,106932,0,0.0,nodata,Cwt,0,
Shumach,1883,215298,0,0.0,nodata,14876,0,0.0,nodata,Ton,0,
Dyeing Or Tanning Stuffs — Shunach,1883,215298,15054,0.0699,under,14876,0,0.0,nodata,Ton,4,
Shumach,1876,215253,0,0.0,nodata,12797,0,0.0,nodata,Ton,0,
Rye,1894,215075,217589,1.0117,within5,1009226,1019168,1.0099,within5,Cwt,10,
Saltpetre (Nitrate Of Potash),1900,215065,0,0.0,nodata,252021,0,0.0,nodata,Cwt,0,
"Skins, And Furs — Furs, Rabbit Skins",1900,215020,0,0.0,nodata,33415248,0,0.0,nodata,Number,0,
Paper-Making Materials — Linen And Cotton Rags,1892,214965,0,0.0,nodata,23032,0,0.0,nodata,Ton,0,
Oil — Coco-Nut,1886,214346,214346,1.0,exact01,156775,156775,1.0,exact01,Cwt,8,
Coco Nut,1886,214346,0,0.0,nodata,156775,0,0.0,nodata,Cwt,0,
Rags And Other Materials For Making Paper — Linen And Cotton,1892,214065,214065,1.0,exact01,23032,23032,1.0,exact01,Ton,11,
Linen And Cotton Rags,1892,214065,0,0.0,nodata,23032,0,0.0,nodata,Ton,0,
Fresh (Not Of British Taking) — Herrings,1898,213956,213923,0.9998,exact01,966394,966296,0.9999,exact01,Cwt,4,
"Fresh, Herrings",1898,213956,0,0.0,nodata,966394,0,0.0,nodata,?,0,
Figs And Fig Cake,1899,213954,0,0.0,nodata,143559,0,0.0,nodata,Cwt,0,
Saltpetre (Nitrate Of Potash),1893,213873,339819,1.5889,over,242568,1622840,6.6902,over,Cwt,18,
Saltpetre,1893,213873,0,0.0,nodata,242568,0,0.0,nodata,Cwt,0,
"Skins, Furs, And Pelts — Seal",1868,213679,0,0.0,nodata,780477,0,0.0,nodata,Number,0,
"Brass, Bronze, And Metal Bronzed Or Lacquered, }Manufactures Of",1898,213666,0,0.0,nodata,46404,0,0.0,nodata,Cwt,0,
Saltpetre (Nitrate Of Potash),1895,213653,468415,2.1924,over,228477,3528309,15.4427,over,Cwt,26,
Saltpetre,1895,213653,0,0.0,nodata,228477,0,0.0,nodata,Cwt,0,
Horse,1898,213602,232136,1.0868,over,30668,33246,1.0841,over,Cwt,21,
Gum — Arabic,1887,213477,107131,0.5018,under,46405,26624,0.5737,under,Cwt,5,
"Wool — Alpaca, Vicuña, And Llama",1887,213262,213262,1.0,exact01,4743757,4743757,1.0,exact01,Lb,5,
Horns And Hoofs,1884,213156,213156,1.0,exact01,5882,5882,1.0,exact01,Ton,11,
"Horns, Tips, And Pieces Of Horn, And Hoofs",1900,213096,0,0.0,nodata,6241,0,0.0,nodata,Ton,0,
Fruit — Almonds,1879,212905,0,0.0,nodata,46319,0,0.0,nodata,Cwt,0,
Fruit — Almonds Of All Kinds,1879,212905,0,0.0,nodata,46319,0,0.0,nodata,Cwt,0,
Sugar — Molasses,1895,212696,212696,1.0,exact01,904158,904158,1.0,exact01,Cwt,9,
Figs And Fig Cake,1897,212626,0,0.0,nodata,145881,0,0.0,nodata,Cwt,0,
Oleo-Margarine,1895,212528,212682,1.0007,exact01,103789,103909,1.0012,within5,Cwt,8,
Sugar — Glucose,1876,212323,0,0.0,nodata,221495,0,0.0,nodata,Cwt,0,
"Sweetened Or Mixed, Tested",1899,212263,0,0.0,nodata,113261,0,0.0,nodata,Proof Gallon,0,
Oleo-Margarine,1896,212186,213921,1.0082,within5,120387,121707,1.011,within5,Cwt,9,
"Animals, Living — Horses",1882,212074,0,0.0,nodata,8827,0,0.0,nodata,Number,0,
"Animals, Living — Horses",1883,212033,0,0.0,nodata,10409,0,0.0,nodata,Number,0,
Figs And Fig Cake,1894,211962,0,0.0,nodata,164036,0,0.0,nodata,Cwt,0,
Seeds — Of Other Sorts,1887,211907,0,0.0,nodata,211907,0,0.0,nodata,Value,0,
Plumbago,1894,211846,300972,1.4207,over,14135,22310,1.5784,over,Ton,13,
Cocoa Nut,1874,211561,0,0.0,nodata,134196,0,0.0,nodata,Cwt,0,
"Oil — Chemical, Essential, Or Perfumed",1882,211428,211428,1.0,exact01,659778,659778,1.0,exact01,Lb,8,
Manufactures Of,1883,211408,0,0.0,nodata,2073374,0,0.0,nodata,Lb,0,
Books,1885,211356,0,0.0,nodata,22309,0,0.0,nodata,Cwt,0,
Fruit — Figs And Fig Cake,1886,211276,208277,0.9858,within5,114253,110158,0.9642,within5,Cwt,5,
Fruit — Figs,1886,211276,0,0.0,nodata,114253,0,0.0,nodata,Cwt,0,
Ice,1892,210930,210930,1.0,exact01,351887,351887,1.0,exact01,Ton,2,
Fruit — Figs,1877,210913,210913,1.0,exact01,96910,96920,1.0001,exact01,Cwt,4,
Part Wrought,1893,210782,421532,1.9998,over,4241,8482,2.0,over,Ton,7,
Other Farinaceous Substances,1869,210440,0,0.0,nodata,240440,0,0.0,nodata,Value,0,
Figs And Fig Cake,1892,210437,0,0.0,nodata,151765,0,0.0,nodata,Cwt,0,
"Sweetened And Perfumed, Of All Kinds",1890,210368,0,0.0,nodata,126302,0,0.0,nodata,Gallon,0,
"Oil — Chemical, Essential, Or Perfumed",1884,210241,210241,1.0,exact01,795043,794443,0.9992,exact01,Lb,13,
Oil — Coco-Nut,1882,210054,210054,1.0,exact01,133782,133782,1.0,exact01,Cwt,4,
Coco Nut,1882,210054,0,0.0,nodata,133782,0,0.0,nodata,Cwt,0,
Opium,1897,209818,0,0.0,nodata,443219,0,0.0,nodata,Lb,0,
Myrobalans,1899,209774,0,0.0,nodata,649968,0,0.0,nodata,Cwt,0,
Myrobalans,1890,209518,0,0.0,nodata,514370,0,0.0,nodata,Cwt,0,
Leather Manufactures — Unenumerated,1884,209510,0,0.0,nodata,209510,0,0.0,nodata,Value,0,
Whalebone,1891,209395,0,0.0,nodata,4772,0,0.0,nodata,Cwt,0,
Whalebone (Whalefins),1891,209395,209395,1.0,exact01,4772,4772,1.0,exact01,Cwt,13,
"Brass, Bronze, And Metal Bronzed Or Lacquered, }Manufactures Of",1897,209197,0,0.0,nodata,42908,0,0.0,nodata,Cwt,0,
Kowrie,1894,208954,412182,1.9726,over,74139,148070,1.9972,over,Cwt,4,
Cork — Unmanufactured,1873,208863,208863,1.0,exact01,6814,6814,1.0,exact01,Ton,3,
Logwood,1868,208681,0,0.0,nodata,35468,0,0.0,nodata,Ton,0,
Shumach,1873,208381,0,0.0,nodata,13782,0,0.0,nodata,Ton,0,
Figs And Fig Cake,1896,208243,0,0.0,nodata,143339,0,0.0,nodata,Cwt,0,
Rye,1895,207974,209630,1.008,within5,956420,963193,1.0071,within5,Cwt,11,
Dried,1893,207766,0,0.0,nodata,258082,0,0.0,nodata,Cwt,0,
"Varnished, Japanned Or Enamelled",1900,207162,0,0.0,nodata,6695,0,0.0,nodata,Cwt,0,
Paper-Making Materials — Linen And Cotton Rags,1896,206772,201886,0.9764,within5,21055,20443,0.9709,within5,Ton,9,
Linen And Cotton Rags,1896,206772,0,0.0,nodata,21055,0,0.0,nodata,Ton,0,
"Sago, And Flour Or Meal Thereof",1896,206740,416050,2.0124,over,626588,1256163,2.0048,over,Cwt,7,
Sago,1896,206740,0,0.0,nodata,626588,0,0.0,nodata,Cwt,0,
"Farinaceous Substances — Sago, Sago Meal And Flour",1896,206740,0,0.0,nodata,626588,0,0.0,nodata,Cwt,0,
Yarn,1898,206719,337462,1.6325,over,3968861,13927660,3.5092,over,Lb,23,
Pears — Raw,1896,206674,206893,1.0011,within5,483823,483823,1.0,exact01,Bushel,7,
Shumach,1871,206617,0,0.0,nodata,16481,0,0.0,nodata,Ton,0,
Rye,1893,206168,378405,1.8354,over,726173,1023116,1.4089,over,Cwt,13,
Books,1884,206124,17786,0.0863,under,20352,1677,0.0824,under,Cwt,2,
Horse,1900,205812,0,0.0,nodata,29901,0,0.0,nodata,Cwt,0,
Cork — Unmanufactured,1895,205537,208245,1.0132,within5,17554,18089,1.0305,within5,Ton,10,
Seeds — Of Other Sorts,1897,204883,0,0.0,nodata,548415,0,0.0,nodata,Value,0,
Cork — Unmanufactured,1884,204773,204773,1.0,exact01,11406,11406,1.0,exact01,Ton,6,
Ice,1891,204670,204670,1.0,exact01,337814,337811,1.0,exact01,Ton,1,
Fruit — Figs,1879,204611,204611,1.0,exact01,105327,105327,1.0,exact01,Cwt,3,
Fruit — Almonds Of All Kinds,1872,204592,0,0.0,nodata,70270,0,0.0,nodata,Cwt,0,
Saltpetre (Nitrate Of Potash),1899,204485,280718,1.3728,over,248717,349572,1.4055,over,Cwt,7,
Tobacco — Other Sorts,1897,204457,205453,1.0049,within5,668388,667328,0.9984,within5,Lb,21,
Logwood,1899,204167,0,0.0,nodata,33429,0,0.0,nodata,Ton,0,
"Lac, Seed, Shell, Stick, And Dye",1868,204131,0,0.0,nodata,45834,0,0.0,nodata,Cwt,0,
Bark,1889,204087,0,0.0,nodata,456344,0,0.0,nodata,Cwt,0,
Cork — Unmanufactured,1891,204020,204020,1.0,exact01,13258,13258,1.0,exact01,Ton,8,
"Skins, And Furs — Furs, Rabbit Skins",1896,204013,376772,1.8468,over,30157616,55513376,1.8408,over,Number,13,
"Hair — Cow, Ox, Bull, Or Elk",1873,204010,204010,1.0,exact01,66042,66042,1.0,exact01,Cwt,7,
"Cow, Ox, Bull, Or Elk",1873,204010,0,0.0,nodata,66042,0,0.0,nodata,?,0,
Cork — Unmanufactured,1877,203541,203541,1.0,exact01,6934,6934,1.0,exact01,Ton,5,
"Skins, And Furs — Furs, Rabbit Skins",1897,203524,317912,1.562,over,30213971,12267723,0.406,under,Number,33,
"Oil — Chemical, Essential, Or Perfumed",1870,203251,0,0.0,nodata,488862,0,0.0,nodata,Lb,0,
Saltpetre (Nitrate Of Potash),1898,203225,394725,1.9423,over,262270,4796871,18.2898,over,Cwt,23,
Horns And Hoofs,1892,203057,243886,1.2011,over,6145,7307,1.1891,over,Ton,28,
"Flowers, Artificial",1887,202887,0,0.0,nodata,202887,0,0.0,nodata,Value,0,
Coco Nut,1893,202885,0,0.0,nodata,155347,0,0.0,nodata,Cwt,0,
Brimstone,1879,202589,202589,1.0,exact01,820634,820634,1.0,exact01,Cwt,3,
Horns And Hoofs,1880,202527,202527,1.0,exact01,5763,5763,1.0,exact01,Ton,13,
Horns And Hoofs Of Cattle,1880,202527,0,0.0,nodata,5763,0,0.0,nodata,Ton,0,
Horse,1876,202472,255544,1.2621,over,24311,35873,1.4756,over,Cwt,12,
"For Other Purposes, Including Berlin Wool And Zephyr Yarn",1897,202349,0,0.0,nodata,1166569,0,0.0,nodata,Lb,0,
Wax (Including Ozokerit And Earth Wax),1900,202254,0,0.0,nodata,51616,0,0.0,nodata,Cwt,0,
Silk Manufactures — Of Countries Out Of Europe,1871,202213,0,0.0,nodata,202213,0,0.0,nodata,Value,0,
Books,1883,202128,17821,0.0882,under,19523,1775,0.0909,under,Cwt,2,
Oil — Coco-Nut,1878,201973,201973,1.0,exact01,92015,92915,1.0098,within5,Cwt,5,
Coco Nut,1878,201973,0,0.0,nodata,92915,0,0.0,nodata,Cwt,0,
Preserved Otherwise Than By Salting — Mutton,1896,201842,390666,1.9355,over,122551,0,0.0,nodata,?,10,
Cork — Unmanufactured,1882,201801,0,0.0,nodata,9683,0,0.0,nodata,Ton,0,
Musical Instruments,1870,201676,0,0.0,nodata,201676,0,0.0,nodata,Value,0,
"Sweetened And Perfumed, Of All Kinds",1889,201640,0,0.0,nodata,128883,0,0.0,nodata,Gallon,0,
Shumach,1869,201615,0,0.0,nodata,13234,0,0.0,nodata,Ton,0,
Fresh (Not Of British Taking) — Herrings,1899,201503,196715,0.9762,within5,674619,674487,0.9998,exact01,Cwt,4,
"Fresh, Herrings",1899,201503,0,0.0,nodata,674619,0,0.0,nodata,?,0,
Cork — Unmanufactured,1886,201160,201160,1.0,exact01,11676,11676,1.0,exact01,Ton,8,
"Manganese, Ore Of",1888,201102,201107,1.0,exact01,72088,71588,0.9931,within5,Ton,11,
Seeds — Of Other Sorts,1890,201052,0,0.0,nodata,201052,0,0.0,nodata,Value,0,
Spices — Unenumerated,1869,200907,0,0.0,nodata,9613348,0,0.0,nodata,Lb,0,
Cork — Unmanufactured,1878,200867,200867,1.0,exact01,7017,7017,1.0,exact01,Ton,5,
"Oil — Chemical, Essential, Or Perfumed",1873,200720,200720,1.0,exact01,509436,509436,1.0,exact01,Lb,9,
"Animals, Living — Swine",1878,200703,0,0.0,nodata,55911,0,0.0,nodata,Number,0,
Tow,1893,200434,170826,0.8523,under,10048,10188,1.0139,within5,Ton,22,
Fruit — Almonds,1877,200299,0,0.0,nodata,60547,0,0.0,nodata,Cwt,0,
Fruit — Almonds Of All Kinds,1877,200299,0,0.0,nodata,60547,0,0.0,nodata,Cwt,0,
Ore Of,1895,200269,8372,0.0418,under,851,525,0.6169,under,Ton,5,
Lead — Ore Of,1897,200228,373185,1.8638,over,32301,57877,1.7918,over,Ton,25,
All Other Sorts,1879,200122,0,0.0,nodata,200122,0,0.0,nodata,Value,0,
Gum — Arabic,1873,200083,200083,1.0,exact01,64378,64378,1.0,exact01,Cwt,6,
Arabic,1873,200083,0,0.0,nodata,64378,0,0.0,nodata,Cwt,0,
Plums — Raw,1892,199854,199795,0.9997,exact01,412984,412913,0.9998,exact01,Bushel,5,
Manures — Guano,1889,199783,199783,1.0,exact01,28604,28604,1.0,exact01,Ton,11,
Woollen Yarn — For Fancy Purposes,1897,199557,0,0.0,nodata,1129496,0,0.0,nodata,Lb,0,
Linen Yarn,1881,199555,199555,1.0,exact01,4664358,4664358,1.0,exact01,Lb,4,
Vegetables Unenumerated,1876,199413,0,0.0,nodata,199413,0,0.0,nodata,Value,0,
Gutta Percha — Raw,1871,199337,0,0.0,nodata,26211,0,0.0,nodata,Cwt,0,
Horse,1891,199228,199228,1.0,exact01,31190,31190,1.0,exact01,Cwt,12,
Watches,1869,199207,0,0.0,nodata,199207,0,0.0,nodata,Value,0,
Paper-Making Materials — Linen And Cotton Rags,1893,199155,194266,0.9755,within5,20750,20087,0.968,within5,Ton,9,
Linen And Cotton Rags,1893,199155,0,0.0,nodata,20750,0,0.0,nodata,Ton,0,
Metal Not Otherwise Enumerated — Wrought,1884,198876,0,0.0,nodata,1437,0,0.0,nodata,Ton,0,
Watches,1868,198856,0,0.0,nodata,198856,0,0.0,nodata,Value,0,
Manures — Bones For Manure (Whether Burnt Or Not),1893,198592,0,0.0,nodata,44924,0,0.0,nodata,?,0,
Manures — Bones For Manure,1893,198592,317864,1.6006,over,44924,70552,1.5705,over,Ton,20,
Linen Yarn,1875,198345,198345,1.0,exact01,3336874,3336874,1.0,exact01,Lb,3,
Tobacco — Other Sorts,1896,198199,198264,1.0003,exact01,657822,657852,1.0,exact01,Lb,21,
"Animals, Living — Horses",1887,197679,0,0.0,nodata,11641,0,0.0,nodata,Number,0,
Cork — Unmanufactured,1876,197515,197515,1.0,exact01,7208,7208,1.0,exact01,Ton,4,
Cork — Unmanufactured,1872,197428,197428,1.0,exact01,6722,6722,1.0,exact01,Ton,3,
Sago,1871,197381,0,0.0,nodata,245123,0,0.0,nodata,Cwt,0,
Kowrie,1881,197104,390459,1.981,over,74767,148442,1.9854,over,Cwt,3,
Bark,1884,196845,0,0.0,nodata,433136,0,0.0,nodata,Cwt,0,
Yarn,1875,196673,196673,1.0,exact01,2038969,2038969,1.0,exact01,Lb,5,
Horse,1896,196561,227878,1.1593,over,25919,29957,1.1558,over,Cwt,22,
Manures — Guano,1888,196379,196379,1.0,exact01,24432,24432,1.0,exact01,Ton,12,
Wax,1868,196377,0,0.0,nodata,29352,0,0.0,nodata,Cwt,0,
Gum — Arabic,1896,195752,206865,1.0568,over,80506,84407,1.0485,within5,Cwt,21,
Sago,1884,195680,0,0.0,nodata,346188,0,0.0,nodata,Cwt,0,
"Animals, Living — Horses",1885,195624,0,0.0,nodata,13023,0,0.0,nodata,Number,0,
Rape,1896,195527,0,0.0,nodata,179730,0,0.0,nodata,Quarter,0,
Preserved Otherwise Than By Salting — Mutton,1898,195249,381579,1.9543,over,118314,0,0.0,nodata,?,9,
Preserved Otherwise Than By Salting — Mutton,1894,195166,377569,1.9346,over,112928,0,0.0,nodata,?,10,
Cork — Unmanufactured,1875,195109,195109,1.0,exact01,7200,7200,1.0,exact01,Ton,3,
Oil — Animal,1884,194636,194636,1.0,exact01,95811,95781,0.9997,exact01,Cwt,7,
Animal,1884,194636,0,0.0,nodata,95811,0,0.0,nodata,Cwt,0,
Wax,1896,194630,214701,1.1031,over,43168,47373,1.0974,over,Cwt,42,
Wax (Including Ozokerit And Earth Wax),1896,194630,0,0.0,nodata,43168,0,0.0,nodata,Cwt,0,
Cherries — Raw,1893,194584,194584,1.0,exact01,346148,346148,1.0,exact01,Bushel,4,
Cotton-Seed Cake,1899,194105,0,0.0,nodata,194105,0,0.0,nodata,?,0,
Wax,1895,194047,233433,1.203,over,45851,55126,1.2023,over,Cwt,43,
Embroidery And Needlework,1886,194046,0,0.0,nodata,194046,0,0.0,nodata,Value,0,
Sago,1887,194021,0,0.0,nodata,445456,0,0.0,nodata,Cwt,0,
"Horns, Tips, And Pieces Of Horn, And Hoofs",1899,193840,0,0.0,nodata,6472,0,0.0,nodata,Ton,0,
Paper-Making Materials — Linen And Cotton Rags,1898,193803,0,0.0,nodata,20559,0,0.0,nodata,Ton,0,
Oil — Animal,1883,193597,193597,1.0,exact01,82629,82629,1.0,exact01,Cwt,10,
Animal,1883,193597,0,0.0,nodata,82629,0,0.0,nodata,Cwt,0,
Opium,1895,193569,0,0.0,nodata,383066,0,0.0,nodata,Lb,0,
Onions — Raw,1872,193308,0,0.0,nodata,859031,0,0.0,nodata,Bushel,0,
Horns And Hoofs,1885,193290,193290,1.0,exact01,5700,5700,1.0,exact01,Ton,12,
Brimstone,1884,193094,193094,1.0,exact01,747398,747398,1.0,exact01,Cwt,4,
Seeds — Of Other Sorts,1896,192794,0,0.0,nodata,478135,0,0.0,nodata,Value,0,
Oil — Castor,1893,192701,284569,1.4767,over,152281,226790,1.4893,over,Cwt,10,
Kowrie,1880,192658,374451,1.9436,over,63760,124604,1.9543,over,Cwt,3,
"Animals, Living — Horses",1888,192624,0,0.0,nodata,11505,0,0.0,nodata,Number,0,
Paper-Making Materials — Linen And Cotton Rags,1894,192314,187592,0.9754,within5,20931,20255,0.9677,within5,Ton,8,
Linen And Cotton Rags,1894,192314,0,0.0,nodata,23931,0,0.0,nodata,Ton,0,
Oil — Castor,1896,192069,248053,1.2915,over,166794,214040,1.2833,over,Cwt,9,
Horns And Hoofs,1895,191995,0,0.0,nodata,6692,0,0.0,nodata,Ton,0,
"Horns, Tips, And Pieces Of Horn, And Hoofs",1895,191995,282000,1.4688,over,6692,9261,1.3839,over,Ton,26,
Alkali,1868,191907,0,0.0,nodata,141229,0,0.0,nodata,Cwt,0,
Myrobalans,1900,191859,0,0.0,nodata,631259,0,0.0,nodata,Cwt,0,
"Pickles And Vegetables, Preserved In Salt Or Vinegar",1899,191724,186999,0.9754,within5,2890096,2883708,0.9978,within5,Gallon,7,
Coco Nut,1892,191380,0,0.0,nodata,164569,0,0.0,nodata,Cwt,0,
Plumbago,1890,191244,191244,1.0,exact01,14451,14451,1.0,exact01,Ton,7,
"Sweetened Or Mixed, Tested",1898,191092,0,0.0,nodata,108558,0,0.0,nodata,Proof Gallon,0,
Books,1882,191034,16642,0.0871,under,18247,1801,0.0987,under,Cwt,3,
Myrobalans,1895,190889,0,0.0,nodata,617800,0,0.0,nodata,Cwt,0,
Cork — Unmanufactured,1868,190562,0,0.0,nodata,5845,0,0.0,nodata,Ton,0,
Other Farinaceous Substances,1870,190169,0,0.0,nodata,190469,0,0.0,nodata,Value,0,
Saltpetre,1868,189974,0,0.0,nodata,185922,0,0.0,nodata,Cwt,0,
Other Kinds Of Meal And Flour,1888,189915,0,0.0,nodata,660938,0,0.0,nodata,Cwt,0,
"Animals, Living — Horses",1886,189901,0,0.0,nodata,11026,0,0.0,nodata,Number,0,
"Unenumerated, Not Sweetened",1877,189694,0,0.0,nodata,2455738,0,0.0,nodata,Proof Gallon,0,
"Sweetened And Perfumed, Of All Kinds",1884,189559,0,0.0,nodata,111589,0,0.0,nodata,Gallon,0,
Wax,1880,189543,189543,1.0,exact01,41897,41897,1.0,exact01,Cwt,6,
Horns And Hoofs,1891,189451,189391,0.9997,exact01,6446,6403,0.9933,within5,Ton,17,
Manures — Guano,1892,189433,227663,1.2018,over,27874,32878,1.1795,over,Ton,16,
"Skins And Furs — Goat, Undressed",1879,189311,0,0.0,nodata,1642529,0,0.0,nodata,Number,0,
Cork — Unmanufactured,1899,189018,189012,1.0,exact01,24897,24897,1.0,exact01,Ton,10,
"For Other Purposes, Including Berlin Wool And Zephyr Yarn",1899,188783,0,0.0,nodata,1078960,0,0.0,nodata,Lb,0,
"For Other Purposes, Including Berlin Wool And Zephyr Yarn",1898,188727,0,0.0,nodata,1055056,0,0.0,nodata,Lb,0,
Cork — Unmanufactured,1869,188531,0,0.0,nodata,5780,0,0.0,nodata,Ton,0,
Slates,1896,188356,1807213,9.5947,over,0,0,,noanchor,Load,56,
"Slates, For Roofing Purposes",1896,188356,0,0.0,nodata,37752567,0,0.0,nodata,Number,0,
"Hair — Cow, Ox, Bull, Or Elk",1871,188154,0,0.0,nodata,87492,0,0.0,nodata,Cwt,0,
"Cow, Ox, Bull, Or Elk",1871,188154,0,0.0,nodata,87492,0,0.0,nodata,?,0,
Oil — Animal,1886,188120,188120,1.0,exact01,113482,113482,1.0,exact01,Cwt,10,
Oil — Animal,1879,188105,188105,1.0,exact01,107149,104149,0.972,within5,Cwt,3,
Animal,1879,188105,0,0.0,nodata,107119,0,0.0,nodata,Cwt,0,
Tar,1869,187941,0,0.0,nodata,200733,0,0.0,nodata,Barrel,0,
Cork — Unmanufactured,1892,187924,0,0.0,nodata,12522,0,0.0,nodata,Ton,0,
Fruit — Figs And Fig Cake,1885,187903,0,0.0,nodata,113162,0,0.0,nodata,Cwt,0,
Fruit — Figs,1885,187903,0,0.0,nodata,113162,0,0.0,nodata,Cwt,0,
Sago,1888,187787,0,0.0,nodata,426346,0,0.0,nodata,Cwt,0,
Wax,1899,187722,186501,0.9935,within5,51351,50180,0.9772,within5,Cwt,35,
Wax (Including Ozokerit And Earth Wax),1899,187722,0,0.0,nodata,51351,0,0.0,nodata,Cwt,0,
Stationery,1891,187717,0,0.0,nodata,187717,0,0.0,nodata,Value,0,
Cotton-Seed Cake,1900,187697,0,0.0,nodata,187697,0,0.0,nodata,?,0,
Bark — For Tanners' Or Dyers' Use,1872,187671,0,0.0,nodata,476323,0,0.0,nodata,?,0,
Candles Of All Sorts,1883,187388,187388,1.0,exact01,70921,70921,1.0,exact01,Cwt,7,
Oatmeal And Groats,1893,187268,187268,1.0,exact01,343487,343487,1.0,exact01,Cwt,3,
Plumbago,1869,187111,0,0.0,nodata,12576,0,0.0,nodata,Ton,0,
Hats Or Bonnets — Of Straw,1896,186945,187566,1.0033,within5,939848,946274,1.0068,within5,Lb,9,
Straw,1896,186945,171224,0.9159,under,939848,0,0.0,nodata,Lb,7,
"Hats Or Bonnets, Of Straw, Trimmed Or Untrimmed",1896,186945,0,0.0,nodata,939848,0,0.0,nodata,Lb,0,
Manures — Unenumerated,1898,186520,0,0.0,nodata,80212,0,0.0,nodata,?,0,
Oleo-Margarine,1893,186120,186120,1.0,exact01,86621,86621,1.0,exact01,Cwt,5,
"Sweetened Or Mixed, Tested",1897,186036,0,0.0,nodata,96512,0,0.0,nodata,Proof Gallon,0,
Linen Yarn,1876,185747,185747,1.0,exact01,3414205,3414205,1.0,exact01,Lb,2,
Spices — Ginger,1894,185531,362154,1.952,over,85464,166527,1.9485,over,Cwt,13,
Ginger,1894,185531,0,0.0,nodata,85464,0,0.0,nodata,Cwt,0,
Kowrie,1891,185365,368872,1.99,over,72686,144675,1.9904,over,Cwt,5,
Gum : Kowrie,1891,185365,0,0.0,nodata,72686,0,0.0,nodata,Cwt,0,
Kowrie,1895,185035,366242,1.9793,over,69912,138380,1.9793,over,Cwt,5,
Opium,1893,184990,0,0.0,nodata,368566,0,0.0,nodata,Lb,0,
Plumbago,1891,184727,310661,1.6817,over,12738,21126,1.6585,over,Ton,8,
"Horns, Tips, And Pieces Of Horn, And Hoofs",1898,184721,0,0.0,nodata,6132,0,0.0,nodata,Ton,0,
Sugar — Molasses,1890,184416,184416,1.0,exact01,563687,563687,1.0,exact01,Cwt,8,
"Unenumerated, Not Sweetened",1876,184231,0,0.0,nodata,2324405,0,0.0,nodata,Proof Gallon,0,
"Brass, Bronze, And Metal Bronzed Or Lacquered, }Manufactures Of",1899,183986,0,0.0,nodata,39133,0,0.0,nodata,Cwt,0,
Kowrie,1896,183946,363840,1.978,over,63937,126796,1.9831,over,Cwt,6,
Animal,1890,183690,0,0.0,nodata,93753,0,0.0,nodata,Cwt,0,
Sponge,1894,183595,183595,1.0,exact01,1325133,1325133,1.0,exact01,Lb,9,
"Oil — Chemical, Essential, Or Perfumed",1885,183488,180829,0.9855,within5,805597,795949,0.988,within5,Lb,12,
Leather Manufactures — Unenumerated,1887,183484,0,0.0,nodata,183484,0,0.0,nodata,Value,0,
Brimstone,1885,183373,183373,1.0,exact01,720048,720048,1.0,exact01,Cwt,6,
Horns And Hoofs,1896,183272,0,0.0,nodata,6385,0,0.0,nodata,Ton,0,
"Horns, Tips, And Pieces Of Horn, And Hoofs",1896,183272,223267,1.2182,over,6385,7742,1.2125,over,Ton,24,
Yarn,1876,183259,183259,1.0,exact01,1937063,1937063,1.0,exact01,Lb,5,
Leather Manufactures — Unenumerated,1873,183259,0,0.0,nodata,183529,0,0.0,nodata,Value,0,
Unenumerated,1873,183259,0,0.0,nodata,183529,0,0.0,nodata,Value,0,
Wax,1898,183257,208565,1.1381,over,48732,51532,1.0575,over,Cwt,38,
Wax (Including Ozokerit And Earth Wax),1898,183257,0,0.0,nodata,48732,0,0.0,nodata,Cwt,0,
Sponge,1896,183173,284595,1.5537,over,1545632,2465813,1.5953,over,Lb,15,
"Animals, Living — Swine",1879,183131,0,0.0,nodata,52366,0,0.0,nodata,Number,0,
Animal,1886,183120,0,0.0,nodata,113482,0,0.0,nodata,Cwt,0,
"Farinaceous Substances — Sago, Sago Meal And Flour",1900,182796,0,0.0,nodata,447137,0,0.0,nodata,Cwt,0,
Bark — For Tanners' Or Dyers' Use,1869,182778,0,0.0,nodata,515661,0,0.0,nodata,?,0,
Gum : Kowrie,1884,182693,0,0.0,nodata,62378,0,0.0,nodata,Cwt,0,
Sago,1885,182680,0,0.0,nodata,364307,0,0.0,nodata,Cwt,0,
"Oil — Chemical, Essential, Or Perfumed",1869,182360,0,0.0,nodata,469093,0,0.0,nodata,Lb,0,
Fruit — Almonds Of All Kinds,1875,182345,0,0.0,nodata,62044,0,0.0,nodata,Cwt,0,
Manures — Unenumerated,1896,182249,187419,1.0284,within5,84148,0,0.0,nodata,?,13,
Kowrie,1892,182225,364112,1.9981,over,61569,123016,1.998,over,Cwt,5,
Gum : Kowrie,1892,182225,0,0.0,nodata,61569,0,0.0,nodata,Cwt,0,
"Manufactures, Unenumerated",1895,182100,0,0.0,nodata,717587,0,0.0,nodata,Value,0,
Horse,1890,182059,182059,1.0,exact01,28595,28595,1.0,exact01,Cwt,11,
Horns And Hoofs Of Cattle,1870,182003,0,0.0,nodata,5689,0,0.0,nodata,Ton,0,
Cork — Unmanufactured,1880,181877,0,0.0,nodata,7765,0,0.0,nodata,Ton,0,
Sponge,1898,181754,181749,1.0,exact01,1456308,1450308,0.9959,within5,Lb,13,
Sugar — Molasses,1874,181741,0,0.0,nodata,338552,0,0.0,nodata,Cwt,0,
Mechanical,1896,181713,0,0.0,nodata,24106,0,0.0,nodata,?,0,
Gutta Percha,1888,181560,181560,1.0,exact01,22483,22483,1.0,exact01,Cwt,8,
Tobacco — Other Sorts,1899,181325,0,0.0,nodata,612554,0,0.0,nodata,Lb,0,
Horse,1880,181215,181215,1.0,exact01,27471,27471,1.0,exact01,Cwt,7,
Onions — Raw,1868,181210,0,0.0,nodata,685475,0,0.0,nodata,Bushel,0,
"Meal, Unenumerated",1897,181197,0,0.0,nodata,870004,0,0.0,nodata,Cwt,0,
Spices — Ginger,1893,181181,349876,1.9311,over,61732,119092,1.9292,over,Cwt,13,
Ginger,1893,181181,0,0.0,nodata,61732,0,0.0,nodata,Cwt,0,
"Sweetened And Perfumed, Of All Kinds",1886,181141,0,0.0,nodata,114334,0,0.0,nodata,Gallon,0,
"Wool — Alpaca, Vicuña, And Llama",1880,181097,181097,1.0,exact01,2548056,2548056,1.0,exact01,Lb,4,
Bark,1883,180749,0,0.0,nodata,365106,0,0.0,nodata,Cwt,0,
China And Porcelain Ware,1869,180626,0,0.0,nodata,23137,0,0.0,nodata,Cwt,0,
Sugar — Molasses,1892,180610,192441,1.0655,over,616041,650702,1.0563,over,Cwt,10,
Bark,1880,180586,0,0.0,nodata,449501,0,0.0,nodata,Cwt,0,
Fruit — Figs,1869,180526,0,0.0,nodata,107701,0,0.0,nodata,Cwt,0,
Bark — For Tanners' Or Dyers' Use,1880,180386,180586,1.0011,within5,449501,0,0.0,nodata,?,7,
Horns And Hoofs Of Cattle,1876,179955,179955,1.0,exact01,6313,6313,1.0,exact01,Ton,13,
Plumbago,1893,179911,288990,1.6063,over,10856,17797,1.6394,over,Ton,14,
Horns And Hoofs,1881,179865,179865,1.0,exact01,4948,4948,1.0,exact01,Ton,12,
Horns And Hoofs Of Cattle,1881,179565,0,0.0,nodata,4948,0,0.0,nodata,Ton,0,
"Lac, Seed, Shell, Stick, And Dye",1879,179305,179305,1.0,exact01,51159,51159,1.0,exact01,Cwt,2,
Fruit — Figs,1880,179288,0,0.0,nodata,85913,0,0.0,nodata,Cwt,0,
Gum — Arabic,1878,179118,179118,1.0,exact01,59147,59147,1.0,exact01,Cwt,4,
Arabic,1878,179118,0,0.0,nodata,59147,0,0.0,nodata,Cwt,0,
Myrobalans,1893,179007,0,0.0,nodata,449842,0,0.0,nodata,Cwt,0,
Books,1874,178936,178936,1.0,exact01,16399,16399,1.0,exact01,Cwt,8,
Bark — For Tanners' Or Dyers' Use,1868,178919,0,0.0,nodata,464291,0,0.0,nodata,?,0,
Gum — Arabic,1883,178902,178902,1.0,exact01,80573,80473,0.9988,within5,Cwt,14,
"Animals, Living — Swine",1880,178899,178899,1.0,exact01,51191,51191,1.0,exact01,Number,7,
"Horns, Tips, And Pieces Of Horn, And Hoofs",1897,178845,0,0.0,nodata,6267,0,0.0,nodata,Ton,0,
"Metal — Unenumerated, Unwrought",1900,178699,0,0.0,nodata,2470,0,0.0,nodata,Ton,0,
Horns And Hoofs Of Cattle,1873,178671,178671,1.0,exact01,6215,6215,1.0,exact01,Ton,14,
Horse,1889,178648,178648,1.0,exact01,24166,24166,1.0,exact01,Cwt,11,
Poultry And Game (Including Rabbits),1869,178481,0,0.0,nodata,178481,0,0.0,nodata,Value,0,
Shumach,1886,178464,0,0.0,nodata,13083,0,0.0,nodata,Ton,0,
Manures — Unenumerated,1897,178430,0,0.0,nodata,81664,0,0.0,nodata,?,0,
Zinc — Ore Of,1894,178406,181995,1.0201,within5,45611,46759,1.0252,within5,Ton,14,
Silver Ore,1869,178398,0,0.0,nodata,0,0,,noanchor,Value,0,
Figs And Fig Cake,1895,178325,0,0.0,nodata,138737,0,0.0,nodata,Cwt,0,
Cherries,1897,178131,0,0.0,nodata,312294,0,0.0,nodata,Bushel,0,
Cork — Unmanufactured,1870,177808,0,0.0,nodata,5410,0,0.0,nodata,Ton,0,
Horse,1874,177782,552027,3.1051,over,19102,129761,6.7931,over,Cwt,12,
"Meat — Salted Or Fresh, Not Otherwise Described",1889,177678,177678,1.0,exact01,82862,82862,1.0,exact01,Cwt,13,
Plumbago,1895,177420,251435,1.4172,over,10360,16535,1.596,over,Ton,10,
Manures — Guano,1900,177409,0,0.0,nodata,33636,0,0.0,nodata,Ton,0,
Whalebone (Whalefins),1889,177179,156439,0.8829,under,4469,4049,0.906,under,Cwt,8,
Gum — Arabic,1900,177073,0,0.0,nodata,82995,0,0.0,nodata,Cwt,0,
"Wool — Alpaca, Vicuña, And Llama",1886,177012,177012,1.0,exact01,3926774,3926774,1.0,exact01,Lb,3,
Spices — Unenumerated,1871,177004,0,0.0,nodata,7499215,0,0.0,nodata,Lb,0,
Bark — For Tanners' Or Dyers' Use,1873,176997,0,0.0,nodata,467515,0,0.0,nodata,?,0,
"Pickles And Vegetables, Preserved In Salt Or Vinegar",1900,176948,0,0.0,nodata,2998884,0,0.0,nodata,Gallon,0,
Books,1881,176408,176408,1.0,exact01,16740,16740,1.0,exact01,Cwt,6,
Sugar — Molasses,1893,176332,176332,1.0,exact01,584747,584747,1.0,exact01,Cwt,5,
China And Porcelain Ware,1871,176307,0,0.0,nodata,27200,0,0.0,nodata,Cwt,0,
"Sweetened And Perfumed, Of All Kinds",1883,176187,0,0.0,nodata,112528,0,0.0,nodata,Gallon,0,
Cork — Unmanufactured,1881,176049,176049,1.0,exact01,7941,7941,1.0,exact01,Ton,2,
Books,1880,176029,176029,1.0,exact01,16036,16036,1.0,exact01,Cwt,6,
Cork — Unmanufactured,1874,175758,175758,1.0,exact01,6858,6858,1.0,exact01,Ton,3,
Fruit — Figs And Fig Cake,1888,175521,175513,1.0,exact01,105172,105167,1.0,exact01,Cwt,5,
Fruit — Figs,1888,175521,0,0.0,nodata,105172,0,0.0,nodata,Cwt,0,
Spices — Ginger,1896,175435,175435,1.0,exact01,96217,96217,1.0,exact01,Cwt,12,
Ginger,1896,175435,0,0.0,nodata,96217,0,0.0,nodata,Cwt,0,
Sugar — Molasses,1891,174960,174960,1.0,exact01,559380,559380,1.0,exact01,Cwt,7,
"Oil — Chemical, Essential, Or Perfumed",1871,174916,0,0.0,nodata,530401,0,0.0,nodata,Lb,0,
Paper-Making Materials — Linen And Cotton Rags,1899,174801,0,0.0,nodata,20426,0,0.0,nodata,Ton,0,
Tares And Lentils,1891,174693,174693,1.0,exact01,905563,905563,1.0,exact01,Bushel,7,
Poultry And Game (Including Rabbits),1871,174518,0,0.0,nodata,174518,0,0.0,nodata,Value,0,
"Seeds — Unenumerated, For Expressing Oil Therefrom",1873,174379,84911,0.4869,under,60808,29149,0.4794,under,Quarter,2,
Stationery,1889,174261,0,0.0,nodata,174261,0,0.0,nodata,Value,0,
Horns And Hoofs,1887,174162,174162,1.0,exact01,5517,5516,0.9998,exact01,Ton,14,
Gum — Arabic,1884,174102,174102,1.0,exact01,57529,57529,1.0,exact01,Cwt,8,
Manures — Guano,1887,174086,174086,1.0,exact01,21175,21772,1.0282,within5,Ton,13,
Horns And Hoofs Of Cattle,1869,174039,0,0.0,nodata,6403,0,0.0,nodata,Ton,0,
Pig And Puddled,1893,174038,174018,0.9999,exact01,35357,35317,0.9989,within5,Ton,6,
"Sago, And Flour Or Meal Thereof",1899,173543,345384,1.9902,over,407261,810394,1.9899,over,Cwt,6,
"Farinaceous Substances — Sago, Sago Meal And Flour",1899,173543,0,0.0,nodata,407261,0,0.0,nodata,Cwt,0,
Brimstone,1888,173425,173425,1.0,exact01,773480,773480,1.0,exact01,Cwt,6,
Horns And Hoofs,1889,173344,414326,2.3902,over,5746,347754,60.5211,over,Ton,19,
Candles Of All Sorts,1885,173263,173263,1.0,exact01,64651,64651,1.0,exact01,Cwt,6,
Oil — Turpentine,1869,173252,0,0.0,nodata,119893,0,0.0,nodata,Cwt,0,
Bark,1886,173079,0,0.0,nodata,390738,0,0.0,nodata,Cwt,0,
Books,1873,172885,172885,1.0,exact01,16703,16703,1.0,exact01,Cwt,9,
Brimstone,1889,172787,172787,1.0,exact01,795340,795340,1.0,exact01,Cwt,6,
"Animals, Living — Swine",1876,172727,0,0.0,nodata,43558,0,0.0,nodata,Number,0,
Oil — Castor,1898,172091,227963,1.3247,over,125800,167535,1.3318,over,Cwt,9,
Whalebone,1892,171961,0,0.0,nodata,4739,0,0.0,nodata,Cwt,0,
Whalebone (Whalefins),1892,171961,171658,0.9982,within5,4739,4709,0.9937,within5,Cwt,12,
Ginger,1897,171541,0,0.0,nodata,100652,0,0.0,nodata,Cwt,0,
Zinc — Ore Of,1893,171201,172525,1.0077,within5,35005,35289,1.0081,within5,Ton,15,
Brass And Bronze Manufactures,1895,170981,0,0.0,nodata,32221,0,0.0,nodata,Cwt,0,
"Brass, Bronze, And Metal Bronzed Or Lacquered, }Manufactures Of",1895,170981,0,0.0,nodata,32221,0,0.0,nodata,Cwt,0,
Horse Hair,1884,170962,0,0.0,nodata,20045,0,0.0,nodata,Cwt,0,
Shumach,1879,170692,0,0.0,nodata,12131,0,0.0,nodata,Ton,0,
Whalebone (Whalefins),1884,170635,150128,0.8798,under,4414,2034,0.4608,under,Cwt,9,
Whalebone (Whalefins),1886,170388,135746,0.7967,under,5618,4967,0.8841,under,Cwt,6,
Imitation Lard,1893,170090,0,0.0,nodata,83754,0,0.0,nodata,Cwt,0,
Wax,1869,170062,0,0.0,nodata,26306,0,0.0,nodata,Cwt,0,
Cork — Unmanufactured,1871,169864,0,0.0,nodata,7256,0,0.0,nodata,Ton,0,
"Sweetened And Perfumed, Of All Kinds",1885,169653,0,0.0,nodata,112030,0,0.0,nodata,Gallon,0,
Gum — Arabic,1893,169502,179069,1.0564,over,65745,69377,1.0552,over,Cwt,18,
Sugar — Molasses,1896,169283,169283,1.0,exact01,776586,776586,1.0,exact01,Cwt,7,
Gum — Arabic,1895,169282,173945,1.0275,within5,68351,70052,1.0249,within5,Cwt,19,
Spices — Ginger (Raw),1876,169252,166371,0.983,within5,62164,60751,0.9773,within5,Cwt,6,
Alkali,1900,169158,0,0.0,nodata,322056,0,0.0,nodata,Cwt,0,
Stationery,1892,169145,0,0.0,nodata,169145,0,0.0,nodata,Value,0,
"Unenumerated, Not Sweetened",1874,169086,0,0.0,nodata,1865939,0,0.0,nodata,Proof Gallon,0,
Cork — Unmanufactured,1893,168764,200796,1.1898,over,13667,15033,1.0999,over,Ton,12,
"Wool — Alpaca, Vicuña, And Llama",1881,168713,168713,1.0,exact01,2620294,2620294,1.0,exact01,Lb,3,
Books,1879,168691,168691,1.0,exact01,14670,14670,1.0,exact01,Cwt,6,
Beads — Of Glass,1874,168667,168667,1.0,exact01,3238380,3238380,1.0,exact01,Lb,4,
Safflower,1870,168536,0,0.0,nodata,14597,0,0.0,nodata,Cwt,0,
Gum — Arabic,1899,168510,130573,0.7749,under,67926,39845,0.5866,under,Cwt,11,
Oil — Castor,1895,168493,225062,1.3357,over,159551,213678,1.3392,over,Cwt,10,
Moss Litter,1894,167558,167558,1.0,exact01,126626,126626,1.0,exact01,Ton,4,
Arabic,1877,167503,0,0.0,nodata,54011,0,0.0,nodata,Cwt,0,
Leather Manufactures — Unenumerated,1886,167480,0,0.0,nodata,167480,0,0.0,nodata,Value,0,
Unenumerated — Unwrought,1895,167334,0,0.0,nodata,1929,0,0.0,nodata,Ton,0,
Spices — Ginger,1895,167101,327279,1.9586,over,88260,172856,1.9585,over,Cwt,12,
Ginger,1895,167101,0,0.0,nodata,88260,0,0.0,nodata,Cwt,0,
Fruit — Figs And Fig Cake,1887,166961,166957,1.0,exact01,106749,106746,1.0,exact01,Cwt,4,
Fruit — Figs,1887,166961,0,0.0,nodata,106749,0,0.0,nodata,Cwt,0,
Shumach,1882,166943,0,0.0,nodata,13935,0,0.0,nodata,Ton,0,
Dyeing Or Tanning Stuffs — Shunach,1882,166943,0,0.0,nodata,13935,0,0.0,nodata,Ton,0,
Cherries — Raw,1894,166899,171899,1.03,within5,311215,311215,1.0,exact01,Bushel,4,
Cherries,1894,166859,0,0.0,nodata,311215,0,0.0,nodata,Bushel,0,
Pears — Raw,1895,166696,161819,0.9707,within5,407146,397004,0.9751,within5,Bushel,6,
"Skins, And Furs — Furs, Rabbit Skins",1898,166684,427237,2.5632,over,23626911,29293939,1.2399,over,Number,32,
Bark — For Tanners' Or Dyers' Use,1871,166529,0,0.0,nodata,415598,0,0.0,nodata,?,0,
Books,1878,166420,166420,1.0,exact01,14755,14755,1.0,exact01,Cwt,6,
Zinc — Ore Of,1892,166378,0,0.0,nodata,32695,0,0.0,nodata,Ton,0,
Books,1875,166118,155643,0.9369,under,14610,13376,0.9155,under,Cwt,6,
Tar,1875,166101,165351,0.9955,within5,179553,178668,0.9951,within5,Barrel,5,
Stationery,1893,166094,0,0.0,nodata,166094,0,0.0,nodata,Value,0,
Plums — Raw,1895,166045,165606,0.9974,within5,401080,400886,0.9995,exact01,Bushel,5,
Plums,1895,166045,0,0.0,nodata,401080,0,0.0,nodata,Bushel,0,
Alkali,1874,166014,166085,1.0004,exact01,106576,106576,1.0,exact01,Cwt,7,
"Wool — Other Kinds, And Flocks",1899,165691,165357,0.998,within5,2318934,2303415,0.9933,within5,Lb,6,
Fruit — Figs,1882,165680,0,0.0,nodata,73578,0,0.0,nodata,Cwt,0,
Shumach,1884,165631,0,0.0,nodata,11704,0,0.0,nodata,Ton,0,
Bark — For Tanners' Or Dyers' Use,1870,165584,0,0.0,nodata,493198,0,0.0,nodata,?,0,
"Plate, Fluted, Rolled Or Rough",1897,165340,165340,1.0,exact01,86147,86117,0.9997,exact01,Cwt,5,
Wax,1897,165285,197065,1.1923,over,41830,46789,1.1186,over,Cwt,41,
Wax (Including Ozokerit And Earth Wax),1897,165285,0,0.0,nodata,41830,0,0.0,nodata,Cwt,0,
Cork — Unmanufactured,1879,164812,164782,0.9998,exact01,6461,6461,1.0,exact01,Ton,5,
Manures — Guano,1890,164451,164451,1.0,exact01,27095,27045,0.9982,within5,Ton,10,
Cork — Unmanufactured,1894,163892,165759,1.0114,within5,14673,15060,1.0264,within5,Ton,10,
Yarn And Waste Of,1880,163833,164363,1.0032,within5,4847775,4923971,1.0157,within5,Lb,4,
Spices — Ginger (Raw),1875,163812,163812,1.0,exact01,56903,56583,0.9944,within5,Cwt,6,
"Sago, And Flour Or Meal Thereof",1898,163657,325923,1.9915,over,457271,910881,1.992,over,Cwt,4,
"Farinaceous Substances — Sago, Sago Meal And Flour",1898,163657,0,0.0,nodata,457271,0,0.0,nodata,Cwt,0,
Gutta Percha — Raw,1876,163574,163574,1.0,exact01,21577,21577,1.0,exact01,Cwt,2,
Gutta Percha,1876,163574,4925,0.0301,under,21577,939,0.0435,under,Cwt,2,
Gold — Leaves Of,1894,163571,163571,1.0,exact01,84614380,84614380,1.0,exact01,Number,4,
Whalebone (Whalefins),1890,163455,131084,0.802,under,4994,4276,0.8562,under,Cwt,8,
Plumbago,1889,163336,163336,1.0,exact01,13306,13306,1.0,exact01,Ton,7,
Shumach,1885,162951,0,0.0,nodata,11157,0,0.0,nodata,Ton,0,
Gum — Arabic,1874,162629,160329,0.9859,within5,63648,30658,0.4817,under,Cwt,6,
Arabic,1874,162629,0,0.0,nodata,63648,0,0.0,nodata,Cwt,0,
Whalebone,1893,162608,161625,0.994,within5,4708,4694,0.997,within5,Cwt,17,
Whalebone (Whalefins),1893,162608,162605,1.0,exact01,4708,4708,1.0,exact01,Cwt,14,
Gold — Leaves Of,1893,162481,162481,1.0,exact01,85089000,85089000,1.0,exact01,Number,4,
Straw,1898,162367,162367,1.0,exact01,0,0,,noanchor,Lb,7,
Gum — Arabic,1891,162232,162232,1.0,exact01,62352,62352,1.0,exact01,Cwt,14,
"Manganese, Ore Of",1885,162084,162084,1.0,exact01,47581,47581,1.0,exact01,Ton,12,
Wood Pulp Board,1899,162075,0,0.0,nodata,336741,0,0.0,nodata,Cwt,0,
Horns And Hoofs,1894,162021,0,0.0,nodata,5127,0,0.0,nodata,Ton,0,
"Horns, Tips, And Pieces Of Horn, And Hoofs",1894,162021,0,0.0,nodata,5427,0,0.0,nodata,Ton,0,
Stationery,1895,161869,0,0.0,nodata,161869,0,0.0,nodata,Value,0,
Paper-Making Materials — Linen And Cotton Rags,1900,161867,0,0.0,nodata,16612,0,0.0,nodata,Ton,0,
Bark — For Tanners' Or Dyers' Use,1879,161573,157973,0.9777,within5,417554,0,0.0,nodata,?,7,
Bark,1879,161573,0,0.0,nodata,417554,0,0.0,nodata,Cwt,0,
Asphalt Or Bitumen,1899,161568,155568,0.9629,within5,58124,58034,0.9985,within5,Ton,7,
"Asphalt, Or Bitumen (Other Than Painters' Colours Or Drugs)",1899,161568,0,0.0,nodata,58124,0,0.0,nodata,Ton,0,
Preserved Otherwise Than By Salting — Mutton,1897,161478,307990,1.9073,over,99022,0,0.0,nodata,?,11,
Stationery,1894,161301,0,0.0,nodata,161301,0,0.0,nodata,Value,0,
Horse,1893,161088,174811,1.0852,over,23869,25855,1.0832,over,Cwt,20,
"Eggs — Shell Fish, Oysters For Food",1900,160986,0,0.0,nodata,176073,0,0.0,nodata,Cwt,0,
Horns And Hoofs Of Cattle,1872,160940,143203,0.8898,under,6362,5238,0.8233,under,Ton,12,
Stationery,1890,160920,0,0.0,nodata,160920,0,0.0,nodata,Value,0,
Steel — Unwrought,1869,160655,0,0.0,nodata,10768,0,0.0,nodata,Ton,0,
Shumach,1881,160458,0,0.0,nodata,13096,0,0.0,nodata,Ton,0,
Dyeing Or Tanning Stuffs — Shunach,1881,160458,0,0.0,nodata,13096,0,0.0,nodata,Ton,0,
Fruit — Almonds Of All Kinds,1870,159830,0,0.0,nodata,43807,0,0.0,nodata,Cwt,0,
Gum — Arabic,1890,159701,159754,1.0003,exact01,52810,52810,1.0,exact01,Cwt,17,
Candles Of All Sorts,1887,159531,159531,1.0,exact01,73156,73156,1.0,exact01,Cwt,5,
Lead — Ore Of,1895,159480,281829,1.7672,over,31726,56337,1.7757,over,Ton,23,
Other Kinds Of Meal And Flour,1882,159302,0,0.0,nodata,315913,0,0.0,nodata,Cwt,0,
Oil — Turpentine,1868,159045,0,0.0,nodata,108897,0,0.0,nodata,Cwt,0,
Oil — Animal,1881,158975,158975,1.0,exact01,67893,67893,1.0,exact01,Cwt,5,
Animal,1881,158975,0,0.0,nodata,67893,0,0.0,nodata,Cwt,0,
Horns And Hoofs,1890,158971,158971,1.0,exact01,5360,5351,0.9983,within5,Ton,18,
Fruit — Almonds Of All Kinds,1869,158900,0,0.0,nodata,43187,0,0.0,nodata,Cwt,0,
Sponge,1895,158837,238181,1.4995,over,1288727,1969390,1.5282,over,Lb,13,
Wax,1872,158830,158830,1.0,exact01,27752,27752,1.0,exact01,Cwt,12,
Cotton-Seed Cake,1898,158672,0,0.0,nodata,158672,0,0.0,nodata,?,0,
Myrobalans,1888,158596,0,0.0,nodata,454114,0,0.0,nodata,Cwt,0,
Poultry And Game (Including Rabbits),1870,158482,0,0.0,nodata,158482,0,0.0,nodata,Value,0,
Animal,1891,158480,0,0.0,nodata,82506,0,0.0,nodata,Cwt,0,
China And Porcelain Ware,1868,158463,0,0.0,nodata,18863,0,0.0,nodata,Cwt,0,
Books,1871,158429,0,0.0,nodata,14507,0,0.0,nodata,Cwt,0,
Alkali,1872,158382,158382,1.0,exact01,88416,88416,1.0,exact01,Cwt,6,
Bark,1892,158105,0,0.0,nodata,380337,0,0.0,nodata,Cwt,0,
Figs And Fig Cake,1893,158083,0,0.0,nodata,114167,0,0.0,nodata,Cwt,0,
Brimstone,1886,157919,157724,0.9988,within5,636396,635812,0.9991,exact01,Cwt,5,
"Skins And Furs — Goat, Undressed",1878,157746,0,0.0,nodata,1299389,0,0.0,nodata,Number,0,
Steel — Unwrought,1896,157746,0,0.0,nodata,17491,0,0.0,nodata,Ton,0,
Tares And Lentils,1869,157716,0,0.0,nodata,521245,0,0.0,nodata,Bushel,0,
Oil — Animal,1882,157617,157617,1.0,exact01,67877,67877,1.0,exact01,Cwt,4,
Animal,1882,157617,0,0.0,nodata,67877,0,0.0,nodata,Cwt,0,
Horse,1877,157600,181101,1.1491,over,23217,24343,1.0485,within5,Cwt,13,
Sumach,1895,157221,0,0.0,nodata,15618,0,0.0,nodata,Ton,0,
Books,1877,157203,157203,1.0,exact01,14757,14757,1.0,exact01,Cwt,7,
Tin — Ore Of,1898,157057,0,0.0,nodata,5620,0,0.0,nodata,Ton,0,
Madder — Root,1873,156940,155245,0.9892,within5,76416,75395,0.9866,within5,Cwt,5,
Alkali,1873,156780,156780,1.0,exact01,96178,96178,1.0,exact01,Cwt,7,
Oil — Castor,1899,156751,196951,1.2565,over,118052,149279,1.2645,over,Cwt,9,
Shumach,1887,156720,0,0.0,nodata,13038,0,0.0,nodata,Ton,0,
Plumbago,1892,156707,156807,1.0006,exact01,10243,10243,1.0,exact01,Ton,8,
"Wool — Other Kinds, And Flocks",1900,156685,0,0.0,nodata,2892146,0,0.0,nodata,Lb,0,
Waste Of (Raw And Yarn),1893,156579,182934,1.1683,over,15614994,18844240,1.2068,over,Lb,15,
Gutta Percha,1887,156500,156200,0.9981,within5,24133,24103,0.9988,within5,Cwt,6,
"Sweetened Or Mixed, Tested",1896,156273,0,0.0,nodata,83920,0,0.0,nodata,Proof Gallon,0,
Spices — Ginger,1885,156172,156172,1.0,exact01,82775,82775,1.0,exact01,Cwt,6,
Gold — Leaves Of,1892,156013,156013,1.0,exact01,83005300,83005300,1.0,exact01,Number,4,
Preserved Otherwise Than By Salting — Mutton,1899,156004,302541,1.9393,over,87295,0,0.0,nodata,?,10,
Horns And Hoofs Of Cattle,1874,155949,152916,0.9806,within5,5913,5013,0.8478,under,Ton,13,
Poultry And Game (Including Rabbits),1868,155826,0,0.0,nodata,155826,0,0.0,nodata,Value,0,
"Sago, And Flour Or Meal Thereof",1897,155626,311254,2.0,over,445669,884052,1.9837,over,Cwt,4,
"Farinaceous Substances — Sago, Sago Meal And Flour",1897,155626,0,0.0,nodata,445669,0,0.0,nodata,Cwt,0,
Sugar — Molasses,1883,155450,155410,0.9997,exact01,372683,372683,1.0,exact01,Cwt,16,
Silk Manufactures — Of Countries Out Of Europe,1868,155332,0,0.0,nodata,155332,0,0.0,nodata,Value,0,
Tares And Lentils,1877,155303,155303,1.0,exact01,671362,671362,1.0,exact01,Bushel,3,
Feathers — For Beds,1883,155240,152210,0.9805,within5,34010,34010,1.0,exact01,Cwt,7,
Horns And Hoofs,1893,155165,0,0.0,nodata,4919,0,0.0,nodata,Ton,0,
"Horns, Tips, And Pieces Of Horn, And Hoofs",1893,155165,0,0.0,nodata,4919,0,0.0,nodata,Ton,0,
Preserved Otherwise Than By Salting — Mutton,1893,154818,297345,1.9206,over,83882,0,0.0,nodata,?,10,
Fruit — Figs,1871,154807,0,0.0,nodata,90780,0,0.0,nodata,Cwt,0,
Horse,1887,154564,154564,1.0,exact01,20882,20882,1.0,exact01,Cwt,11,
Sumach,1896,154350,0,0.0,nodata,15172,0,0.0,nodata,Ton,0,
"Manganese, Ore Of",1870,154059,0,0.0,nodata,32703,0,0.0,nodata,Ton,0,
Leather Manufactures — Boots And Shoes,1874,153870,0,0.0,nodata,0,0,,noanchor,Dozen Pairs,0,
Boots And Shoes,1874,153870,153870,1.0,exact01,0,0,,noanchor,Dozen Pairs,4,
Wax,1894,153762,182569,1.1873,over,38973,44259,1.1356,over,Cwt,42,
Horse Hair,1882,153736,0,0.0,nodata,22818,0,0.0,nodata,Cwt,0,
Embroidery And Needlework,1885,153652,0,0.0,nodata,153652,0,0.0,nodata,Value,0,
Cochineal (Including Granilla And Dust),1883,153254,149954,0.9785,within5,21440,21110,0.9846,within5,Cwt,7,
Alkali,1870,153041,0,0.0,nodata,92497,0,0.0,nodata,Cwt,0,
Tar,1876,152969,152969,1.0,exact01,170037,170037,1.0,exact01,Barrel,5,
Myrobalans,1896,152955,0,0.0,nodata,521956,0,0.0,nodata,Cwt,0,
"Hemp — Unenumerated Vegetable Substances, Applicable To The Same Uses As Flax Or Hemp",1895,152919,65494,0.4283,under,9601,7236,0.7537,under,Ton,7,
Horse,1881,152814,152844,1.0002,exact01,26632,26632,1.0,exact01,Cwt,7,
Horse Hair,1869,152631,0,0.0,nodata,19867,0,0.0,nodata,Cwt,0,
Sugar — Glucose,1874,152593,0,0.0,nodata,151395,0,0.0,nodata,Cwt,0,
"Meat, Salted Or Fresh",1869,152503,0,0.0,nodata,53199,0,0.0,nodata,Cwt,0,
"Unenumerated, Not Sweetened",1870,152371,0,0.0,nodata,2023067,0,0.0,nodata,Proof Gallon,0,
Ore Of,1899,152351,40785,0.2677,under,290,1586,5.469,over,Ton,5,
"Metals And Ores — Gold, Ore Of (Including The Value Of The Gold Contained In Auriferous Ores And Metals",1899,152351,0,0.0,nodata,290,0,0.0,nodata,Ton,0,
Tar,1870,152179,0,0.0,nodata,165631,0,0.0,nodata,Barrel,0,
"Unenumerated, Not Sweetened",1886,152126,0,0.0,nodata,2245653,0,0.0,nodata,Proof Gallon,0,
Manufactures Of,1882,151924,0,0.0,nodata,1447739,0,0.0,nodata,Lb,0,
"Sweetened And Perfumed, Of All Kinds",1882,151851,0,0.0,nodata,109772,0,0.0,nodata,Gallon,0,
Horns And Hoofs,1879,151809,78147,0.5148,under,4640,3310,0.7134,under,Ton,2,
Horns And Hoofs Of Cattle,1879,151809,0,0.0,nodata,4640,0,0.0,nodata,Ton,0,
"Pickles And Vegetables, Preserved In Salt Or Vinegar",1898,151581,139094,0.9176,under,2231243,2210504,0.9907,within5,Gallon,7,
Beads — Of Glass,1875,151517,151517,1.0,exact01,2667275,2667275,1.0,exact01,Lb,4,
Fruit — Figs,1870,151442,0,0.0,nodata,106507,0,0.0,nodata,Cwt,0,
Manures — Unenumerated,1895,151260,151260,1.0,exact01,73472,0,0.0,nodata,?,6,
Yarn,1874,151222,150892,0.9978,within5,1524187,1521187,0.998,within5,Lb,5,
Leather Manufactures — Boots And Shoes,1872,151218,0,0.0,nodata,0,0,,noanchor,Dozen Pairs,0,
Boots And Shoes,1872,151218,151218,1.0,exact01,0,0,,noanchor,Dozen Pairs,5,
"Manganese, Ore Of",1873,150983,150983,1.0,exact01,25777,25777,1.0,exact01,Ton,5,
Preserved Otherwise Than By Salting — Mutton,1900,150973,0,0.0,nodata,64462,0,0.0,nodata,?,0,
Bark — Peruvian,1868,150814,0,0.0,nodata,15289,0,0.0,nodata,Cwt,0,
China And Porcelain Ware,1870,150437,0,0.0,nodata,20176,0,0.0,nodata,Cwt,0,
Horse,1886,150209,150209,1.0,exact01,19987,19987,1.0,exact01,Cwt,11,
Books,1876,150099,150099,1.0,exact01,13897,13897,1.0,exact01,Cwt,7,
"Drugs — Bark, Peruvian",1893,149983,273336,1.8224,over,77022,145566,1.8899,over,Cwt,17,
Mechanical,1897,149634,0,0.0,nodata,20326,0,0.0,nodata,?,0,
Gum : Kowrie,1889,149396,0,0.0,nodata,59882,0,0.0,nodata,Cwt,0,
Wax,1885,149253,149253,1.0,exact01,38295,38927,1.0165,within5,Cwt,19,
Gutta Percha — Raw,1875,149223,149223,1.0,exact01,19627,19627,1.0,exact01,Cwt,2,
Tin — Ore Of,1895,149221,7588,0.0509,under,4705,478,0.1016,under,Ton,2,
Books,1872,149189,148889,0.998,within5,14172,14172,1.0,exact01,Cwt,9,
Fruit — Figs,1874,149089,0,0.0,nodata,74168,0,0.0,nodata,Cwt,0,
Bark — Peruvian,1893,149083,0,0.0,nodata,77022,0,0.0,nodata,Cwt,0,
Madder,1874,148830,148830,1.0,exact01,65355,65355,1.0,exact01,Cwt,3,
Tin — Ore Of,1894,148552,148549,1.0,exact01,4437,4407,0.9932,within5,Ton,11,
Galls,1881,148437,148437,1.0,exact01,50006,50006,1.0,exact01,Cwt,3,
Plumbago,1868,148416,0,0.0,nodata,7790,0,0.0,nodata,Ton,0,
Horns And Hoofs,1888,148374,148324,0.9997,exact01,4921,4921,1.0,exact01,Ton,16,
Ginger,1898,148250,0,0.0,nodata,88699,0,0.0,nodata,Cwt,0,
Whalebone (Whalefins),1888,148117,137299,0.927,under,4306,3962,0.9201,under,Cwt,7,
Other Kinds Of Meal And Flour,1877,148116,0,0.0,nodata,220033,0,0.0,nodata,Cwt,0,
Zinc — Ore Of,1895,147890,151211,1.0225,within5,37496,38586,1.0291,within5,Ton,17,
Brimstone,1892,147781,147781,1.0,exact01,521589,521589,1.0,exact01,Cwt,2,
Steel — Unwrought,1873,147740,0,0.0,nodata,9525,0,0.0,nodata,Ton,0,
Silver Ore,1868,147690,0,0.0,nodata,0,0,,noanchor,Value,0,
"Manufactures Of Hair, And Of Goats' Wool",1876,147651,0,0.0,nodata,147651,0,0.0,nodata,Value,0,
"Meal, Unenumerated",1899,147407,0,0.0,nodata,626867,0,0.0,nodata,Cwt,0,
"Unenumerated, Not Sweetened",1869,147372,0,0.0,nodata,1943740,0,0.0,nodata,Proof Gallon,0,
Ore Of,1897,147283,11059,0.0751,under,1057,733,0.6935,under,Ton,5,
"Metals And Ores — Gold, Ore Of (Including The Value Of The Gold Contained In Auriferous Ores And Metals",1897,147283,0,0.0,nodata,1057,0,0.0,nodata,Ton,0,
Sugar — Molasses,1884,147268,147268,1.0,exact01,412094,412094,1.0,exact01,Cwt,7,
Bark,1887,147107,0,0.0,nodata,346556,0,0.0,nodata,Cwt,0,
Bark,1885,147042,0,0.0,nodata,356828,0,0.0,nodata,Cwt,0,
Tar,1877,146876,149199,1.0158,within5,174679,174679,1.0,exact01,Barrel,5,
"Platina, Wrought Or Unwrought",1898,146841,145173,0.9886,within5,108957,108957,1.0,exact01,Oz Troy,4,
Kowrie,1870,146769,0,0.0,nodata,54218,0,0.0,nodata,Cwt,0,
Leather Manufactures — Boots And Shoes,1873,146731,0,0.0,nodata,0,0,,noanchor,Dozen Pairs,0,
Boots And Shoes,1873,146731,146731,1.0,exact01,0,0,,noanchor,Dozen Pairs,4,
Wax,1876,146677,146677,1.0,exact01,33896,33896,1.0,exact01,Cwt,9,
Spices — Ginger,1879,146607,0,0.0,nodata,61840,0,0.0,nodata,Cwt,0,
Silk Manufactures — Of Countries Out Of Europe,1870,146592,0,0.0,nodata,146592,0,0.0,nodata,Value,0,
Plumbago,1874,146501,146501,1.0,exact01,9270,9270,1.0,exact01,Ton,4,
Bark,1895,146491,196611,1.3421,over,384959,479141,1.2447,over,Cwt,16,
Manures — Guano,1894,146361,161329,1.1023,over,28582,30057,1.0516,over,Ton,12,
Unenumerated — Unwrought,1894,145764,0,0.0,nodata,3150,0,0.0,nodata,Ton,0,
Sumach,1899,145729,0,0.0,nodata,13957,0,0.0,nodata,Ton,0,
Other Kinds Of Meal And Flour,1881,145712,0,0.0,nodata,239365,0,0.0,nodata,Cwt,0,
"Asphalt, Or Bitumen (Other Than Painters' Colours Or Drugs)",1900,145671,0,0.0,nodata,52208,0,0.0,nodata,Ton,0,
Shumach,1880,145665,0,0.0,nodata,11620,0,0.0,nodata,Ton,0,
Dyeing Or Tanning Stuffs — Shunach,1880,145665,0,0.0,nodata,11620,0,0.0,nodata,Ton,0,
Beads Of All Sorts,1886,145591,145591,1.0,exact01,1924999,1924909,1.0,exact01,Lb,9,
Manures — Unenumerated,1894,145406,144597,0.9944,within5,77404,0,0.0,nodata,?,11,
Waste Of (Raw And Yarn),1897,145332,221436,1.5237,over,20966005,34419949,1.6417,over,Lb,13,
Waste Of,1897,145332,0,0.0,nodata,20966005,0,0.0,nodata,Lb,0,
Of Other Sorts,1900,145221,0,0.0,nodata,51804,0,0.0,nodata,Cwt,0,
Tin — Ore Of,1896,145183,10595,0.073,under,4872,535,0.1098,under,Ton,3,
Straw,1899,145112,145111,1.0,exact01,0,0,,noanchor,Lb,6,
Feathers — For Beds,1882,144694,144694,1.0,exact01,31291,31291,1.0,exact01,Cwt,5,
"Unenumerated, Not Sweetened",1889,144293,0,0.0,nodata,3199470,0,0.0,nodata,Proof Gallon,0,
Spices — Cinnamon,1871,144146,0,0.0,nodata,1584638,0,0.0,nodata,Lb,0,
Ginger,1899,144080,0,0.0,nodata,75826,0,0.0,nodata,Cwt,0,
Wood And Timber — Staves,1888,143796,1153468,8.0216,over,143796,141087,0.9812,within5,Load,9,
Alkali,1871,143741,0,0.0,nodata,99985,0,0.0,nodata,Cwt,0,
Sugar — Molasses,1889,143662,143612,0.9997,exact01,391475,391475,1.0,exact01,Cwt,8,
Candles Of All Sorts,1886,143652,143664,1.0001,exact01,58242,58248,1.0001,exact01,Cwt,8,
Oleo-Margarine,1892,143651,143621,0.9998,exact01,64264,64264,1.0,exact01,Cwt,5,
Gum — Arabic,1875,143456,143456,1.0,exact01,56856,56856,1.0,exact01,Cwt,6,
Arabic,1875,143456,0,0.0,nodata,56856,0,0.0,nodata,Cwt,0,
"Manufactures Of Hair, And Of Goats' Wool",1893,143243,0,0.0,nodata,143243,0,0.0,nodata,Value,0,
"Manufactures Of Hair, And Of Goats' Wool",1894,142814,0,0.0,nodata,142814,0,0.0,nodata,Value,0,
"Manufactures Of Hair, And Of Goats' Wool",1890,142774,0,0.0,nodata,142774,0,0.0,nodata,Value,0,
Wax,1870,142428,0,0.0,nodata,20471,0,0.0,nodata,Cwt,0,
Other Kinds Of Meal And Flour,1876,142399,0,0.0,nodata,224875,0,0.0,nodata,Cwt,0,
Isinglass,1898,142371,244895,1.7201,over,10178,16884,1.6589,over,Cwt,16,
Horse,1892,142240,142240,1.0,exact01,23594,23594,1.0,exact01,Cwt,11,
Beads — Of Glass,1869,142167,0,0.0,nodata,2552411,0,0.0,nodata,Lb,0,
Isinglass,1899,142126,243772,1.7152,over,10300,17010,1.6515,over,Cwt,16,
Madder — Garancine,1876,142038,142038,1.0,exact01,15398,15398,1.0,exact01,Cwt,3,
"Manufactures Of Hair, And Of Goats' Wool",1889,142031,0,0.0,nodata,142031,0,0.0,nodata,Value,0,
Spices — Ginger,1887,141753,141753,1.0,exact01,74911,74911,1.0,exact01,Cwt,8,
Whalebone,1895,141659,144734,1.0217,within5,4464,4554,1.0202,within5,Cwt,17,
"Unenumerated, Not Sweetened",1884,141654,0,0.0,nodata,1730275,0,0.0,nodata,Proof Gallon,0,
Sugar — Molasses,1877,141315,141315,1.0,exact01,298261,298261,1.0,exact01,Cwt,8,
Gum : Kowrie,1890,141098,0,0.0,nodata,55076,0,0.0,nodata,Cwt,0,
Fruit — Almonds Of All Kinds,1873,140584,0,0.0,nodata,48694,0,0.0,nodata,Cwt,0,
Shumach,1889,140517,0,0.0,nodata,12514,0,0.0,nodata,Ton,0,
"Garden, Unenumerated",1895,140328,140319,0.9999,exact01,4432534,4427534,0.9989,within5,Lb,12,
Garden,1895,140325,0,0.0,nodata,4432534,0,0.0,nodata,Lb,0,
"Manufactures, Unenumerated",1894,140181,0,0.0,nodata,140181,0,0.0,nodata,Value,0,
"Sweetened And Perfumed, Of All Kinds",1876,140151,0,0.0,nodata,131285,0,0.0,nodata,Gallon,0,
Manures — Guano,1899,140075,168657,1.204,over,26911,30401,1.1297,over,Ton,16,
Oil — Castor,1897,139895,183883,1.3144,over,107557,142281,1.3228,over,Cwt,9,
"Perfumery, And Articles Used In The Manufacture Thereof",1895,139386,0,0.0,nodata,1751564,0,0.0,nodata,Lb,0,
"Pickles And Vegetables, Preserved In Salt Or Vinegar",1896,139327,129245,0.9276,under,2244797,2235187,0.9957,within5,Gallon,7,
Fruit — Figs,1878,139293,0,0.0,nodata,67243,0,0.0,nodata,Cwt,0,
Plumbago,1883,139238,139208,0.9998,exact01,10067,10067,1.0,exact01,Ton,9,
Horns And Hoofs,1886,139224,139224,1.0,exact01,4587,4587,1.0,exact01,Ton,13,
Leather Manufactures — Unenumerated,1872,139209,0,0.0,nodata,139209,0,0.0,nodata,Value,0,
Unenumerated,1872,139209,0,0.0,nodata,139209,0,0.0,nodata,Value,0,
Plumbago,1882,139090,139090,1.0,exact01,10156,10156,1.0,exact01,Ton,4,
"Pickles And Vegetables, Preserved In Salt Or Vinegar",1897,139078,137163,0.9862,within5,2130383,2092552,0.9822,within5,Gallon,7,
Sugar — Molasses,1885,139010,0,0.0,nodata,392875,0,0.0,nodata,Cwt,0,
Gold — Leaves Of,1896,138853,138853,1.0,exact01,70483026,70483026,1.0,exact01,Number,5,
Safflower,1871,138808,0,0.0,nodata,15333,0,0.0,nodata,Cwt,0,
Manures — Guano,1891,138642,138642,1.0,exact01,0,0,,noanchor,Ton,12,
Boots And Shoes,1871,138394,0,0.0,nodata,0,0,,noanchor,Dozen Pairs,0,
Galls,1880,138358,138358,1.0,exact01,51083,51083,1.0,exact01,Cwt,3,
Steel — Unwrought,1876,138343,0,0.0,nodata,9230,0,0.0,nodata,Ton,0,
"Meat, Salted Or Fresh",1872,138272,0,0.0,nodata,55354,0,0.0,nodata,Cwt,0,
"Unenumerated, Not Sweetened",1887,138236,0,0.0,nodata,2340078,0,0.0,nodata,Proof Gallon,0,
"Manufactures Of Hair, And Of Goats' Wool",1882,138103,0,0.0,nodata,138103,0,0.0,nodata,Value,0,
"Sweetened And Perfumed, Of All Kinds",1881,137872,0,0.0,nodata,112420,0,0.0,nodata,Gallon,0,
Sugar — Molasses,1886,137763,137763,1.0,exact01,430490,430490,1.0,exact01,Cwt,7,
Books,1868,137580,0,0.0,nodata,10695,0,0.0,nodata,Cwt,0,
Candles Of All Sorts,1888,137307,137248,0.9996,exact01,69823,69801,0.9997,exact01,Cwt,6,
"Sweetened And Perfumed, Of All Kinds",1878,137278,0,0.0,nodata,111154,0,0.0,nodata,Gallon,0,
Bark,1899,136971,0,0.0,nodata,324725,0,0.0,nodata,Cwt,0,
"Bark, For Tanning",1899,136971,0,0.0,nodata,324725,0,0.0,nodata,Cwt,0,
Alkali,1875,136835,136835,1.0,exact01,91392,91392,1.0,exact01,Cwt,7,
Tin — Ore Of,1897,136587,0,0.0,nodata,5261,0,0.0,nodata,Ton,0,
Sumach,1897,136209,0,0.0,nodata,14166,0,0.0,nodata,Ton,0,
"Perfumery, And Articles Used In The Manufacture Thereof",1893,136168,0,0.0,nodata,1493394,0,0.0,nodata,Lb,0,
Cinnamon,1868,136066,0,0.0,nodata,1275626,0,0.0,nodata,Lb,0,
Oatmeal And Groats,1894,135989,136009,1.0001,exact01,239782,239782,1.0,exact01,Cwt,5,
Horse Hair,1883,135802,0,0.0,nodata,16718,0,0.0,nodata,Cwt,0,
Feathers — For Beds,1892,135756,0,0.0,nodata,38115,0,0.0,nodata,Cwt,0,
Sumach,1894,135705,0,0.0,nodata,12616,0,0.0,nodata,Ton,0,
Linen Manufactures,1870,135564,0,0.0,nodata,135564,0,0.0,nodata,Value,0,
Alkali,1869,135550,0,0.0,nodata,97679,0,0.0,nodata,Cwt,0,
Shumach,1888,135410,0,0.0,nodata,12050,0,0.0,nodata,Ton,0,
Gum — Arabic,1894,135119,140642,1.0409,within5,53124,56248,1.0588,over,Cwt,21,
Tares And Lentils,1882,134994,134994,1.0,exact01,595550,595550,1.0,exact01,Bushel,3,
Spices — Ginger,1886,134979,3983,0.0295,under,77337,3030,0.0392,under,Cwt,1,
Bark,1888,134976,0,0.0,nodata,339691,0,0.0,nodata,Cwt,0,
Books,1869,134963,0,0.0,nodata,11463,0,0.0,nodata,Cwt,0,
Cherries — Raw,1892,134847,134847,1.0,exact01,216990,216987,1.0,exact01,Bushel,6,
Hats Or Bonnets — Of Felt,1882,134841,134841,1.0,exact01,686734,686734,1.0,exact01,Number,3,
Wax,1874,134728,134698,0.9998,exact01,26218,26168,0.9981,within5,Cwt,11,
Alkali,1898,134726,133926,0.9941,within5,239741,239732,1.0,exact01,Cwt,7,
Waste Of,1900,134714,0,0.0,nodata,18501970,0,0.0,nodata,Lb,0,
"Perfumery, And Articles Used In The Manufacture Thereof, Except Perfumed Spirits",1898,134688,131688,0.9777,within5,1167893,1167993,1.0001,exact01,Lb,17,
Perfumed,1899,134653,134453,0.9985,within5,56535,57505,1.0172,within5,Gallon,8,
Fresh (Not Of British Taking) — Herrings,1897,134397,134397,1.0,exact01,528039,528039,1.0,exact01,Cwt,4,
"Fish : Fresh, Herrings",1897,134397,0,0.0,nodata,528039,0,0.0,nodata,Cwt,0,
"Fresh, Herrings",1897,134397,0,0.0,nodata,528039,0,0.0,nodata,?,0,
"Perfumery, And Articles Used In The Manufacture Thereof, Except Perfumed Spirits",1899,134132,125132,0.9329,under,1187456,1047456,0.8821,under,Lb,13,
Oil — Turpentine,1870,134027,0,0.0,nodata,89178,0,0.0,nodata,Cwt,0,
Gum — Arabic,1876,133980,62541,0.4668,under,49305,25917,0.5256,under,Cwt,4,
Arabic,1876,133980,0,0.0,nodata,49305,0,0.0,nodata,Cwt,0,
"Sweetened And Perfumed, Of All Kinds",1880,133939,0,0.0,nodata,104560,0,0.0,nodata,Gallon,0,
"Unenumerated, Not Sweetened",1871,133900,0,0.0,nodata,1538059,0,0.0,nodata,Proof Gallon,0,
Alkali,1899,133878,153800,1.1488,over,237761,238738,1.0041,within5,Cwt,7,
Brass And Bronze Manufactures,1894,133877,0,0.0,nodata,22311,0,0.0,nodata,Cwt,0,
"Brass, Bronze, And Metal Bronzed Or Lacquered, }Manufactures Of",1894,133877,0,0.0,nodata,22311,0,0.0,nodata,Cwt,0,
Shumach,1891,133814,0,0.0,nodata,11618,0,0.0,nodata,Ton,0,
Sumach,1891,133814,0,0.0,nodata,11648,0,0.0,nodata,Ton,0,
Shumach,1892,133730,0,0.0,nodata,12286,0,0.0,nodata,Ton,0,
Sumach,1892,133730,0,0.0,nodata,12286,0,0.0,nodata,Ton,0,
Spices — Cinnamon,1875,133567,133567,1.0,exact01,1234567,1234567,1.0,exact01,Lb,2,
Wood Pulp Board,1897,133489,0,0.0,nodata,277351,0,0.0,nodata,Cwt,0,
Gold — Leaves Of,1897,133319,132551,0.9942,within5,68173400,68173400,1.0,exact01,Number,5,
Perfumed,1898,133267,133343,1.0006,exact01,55994,56588,1.0106,within5,Gallon,8,
Tin — Ore Of,1892,133181,139108,1.0445,within5,3458,3746,1.0833,over,Ton,9,
"Animals, Living — Swine",1883,133130,133130,1.0,exact01,38863,38863,1.0,exact01,Number,5,
"Manufactures Of Hair, And Of Goats' Wool",1892,133090,0,0.0,nodata,133090,0,0.0,nodata,Value,0,
Figs And Fig Cake,1898,133052,0,0.0,nodata,100009,0,0.0,nodata,Cwt,0,
Wax,1881,132698,132698,1.0,exact01,30956,30953,0.9999,exact01,Cwt,8,
Bones Of All Kinds (Except Whalefins),1879,132612,0,0.0,nodata,72180,0,0.0,nodata,Ton,0,
Feathers — For Beds,1891,132587,0,0.0,nodata,35601,0,0.0,nodata,Cwt,0,
Moss Litter,1897,132492,131992,0.9962,within5,110546,110546,1.0,exact01,Ton,4,
Horse,1885,132426,132426,1.0,exact01,18107,18107,1.0,exact01,Cwt,12,
Tar,1871,132349,0,0.0,nodata,154315,0,0.0,nodata,Barrel,0,
"Manufactures Of Hair, And Of Goats' Wool",1891,131987,0,0.0,nodata,131987,0,0.0,nodata,Value,0,
Sugar — Molasses,1881,131675,131645,0.9998,exact01,286034,286034,1.0,exact01,Cwt,4,
Perfumed,1897,131376,131267,0.9992,exact01,54305,53795,0.9906,within5,Gallon,8,
"Metal — Unenumerated, Unwrought",1896,131369,136329,1.0378,within5,2469,2616,1.0595,over,Ton,13,
Unenumerated — Unwrought,1896,131369,0,0.0,nodata,2469,0,0.0,nodata,Ton,0,
Bark — For Tanners' Or Dyers' Use,1881,131320,131320,1.0,exact01,325442,0,0.0,nodata,?,7,
Bark,1881,131320,0,0.0,nodata,325442,0,0.0,nodata,Cwt,0,
Boots And Shoes,1870,131034,0,0.0,nodata,0,0,,noanchor,Dozen Pairs,0,
Cavendish Or Negrohead,1900,130960,0,0.0,nodata,3062468,0,0.0,nodata,Lb,0,
Whalebone,1894,130797,132644,1.0141,within5,3143,3149,1.0019,within5,Cwt,16,
Whalebone (Whalefins),1894,130797,124981,0.9555,within5,3143,2921,0.9294,under,Cwt,7,
Hats Or Bonnets — Of Straw,1895,130552,132614,1.0158,within5,729942,745092,1.0208,within5,Lb,10,
Straw,1895,130552,101391,0.7766,under,729912,0,0.0,nodata,Lb,7,
"Manufactures Of Hair, And Of Goats' Wool",1883,130526,0,0.0,nodata,130526,0,0.0,nodata,Value,0,
Whalebone (Whalefins),1887,130504,115817,0.8875,under,4142,3635,0.8776,under,Cwt,7,
Linen Manufactures,1869,130463,0,0.0,nodata,130463,0,0.0,nodata,Value,0,
"Perfumery, And Articles Used In The Manufacture Thereof, Except Perfumed Spirits",1895,130386,130296,0.9993,exact01,1751564,1751564,1.0,exact01,Lb,17,
"Garden, Unenumerated",1894,130205,131543,1.0103,within5,3648122,3663470,1.0042,within5,Lb,13,
Garden,1894,130205,0,0.0,nodata,3648122,0,0.0,nodata,Lb,0,
"Old, Fit Only To Be Re-Manufactured",1898,130177,132575,1.0184,within5,4042,4043,1.0002,exact01,Ton,23,
Ginger,1900,130108,0,0.0,nodata,55740,0,0.0,nodata,Cwt,0,
Whalebone,1896,130013,136051,1.0464,within5,4459,5004,1.1222,over,Cwt,19,
Whalebone (Including Finners),1896,130013,0,0.0,nodata,4459,0,0.0,nodata,Cwt,0,
Yarn,1868,129829,0,0.0,nodata,2870863,0,0.0,nodata,Lb,0,
Tar,1890,129821,129826,1.0,exact01,181141,181141,1.0,exact01,Barrel,8,
Horns And Hoofs Of Cattle,1868,129806,0,0.0,nodata,4823,0,0.0,nodata,Ton,0,
Unenumerated — Unwrought,1893,129714,0,0.0,nodata,2764,0,0.0,nodata,Ton,0,
Manures — Unenumerated,1893,129710,129710,1.0,exact01,69932,0,0.0,nodata,?,12,
Spices — Ginger,1888,129611,129611,1.0,exact01,68743,68748,1.0001,exact01,Cwt,8,
Brimstone,1890,129498,129498,1.0,exact01,568641,568641,1.0,exact01,Cwt,4,
Brimstone,1891,129497,129497,1.0,exact01,428478,428478,1.0,exact01,Cwt,2,
Gum — Arabic,1898,129425,11700,0.0904,under,62153,37377,0.6014,under,Cwt,12,
Fresh (Not Of British Taking) — Herrings,1900,129244,0,0.0,nodata,302382,0,0.0,nodata,Cwt,0,
"Manganese, Ore Of",1871,129122,0,0.0,nodata,29982,0,0.0,nodata,Ton,0,
Garden,1892,128952,0,0.0,nodata,3520884,0,0.0,nodata,Lb,0,
Bark — For Tanners' Or Dyers' Use,1874,128899,0,0.0,nodata,324703,0,0.0,nodata,?,0,
Isinglass,1900,128714,0,0.0,nodata,9211,0,0.0,nodata,Cwt,0,
Feathers — For Beds,1884,128543,128543,1.0,exact01,28443,28443,1.0,exact01,Cwt,7,
"Sweetened And Perfumed, Of All Kinds",1877,128499,0,0.0,nodata,96436,0,0.0,nodata,Gallon,0,
Spices — Cinnamon,1874,128411,128411,1.0,exact01,1176522,1176522,1.0,exact01,Lb,2,
Steel — Unwrought,1874,128380,0,0.0,nodata,7334,0,0.0,nodata,Ton,0,
Tares And Lentils,1876,128333,128333,1.0,exact01,455789,455789,1.0,exact01,Bushel,3,
"Manufactures Of Hair, And Of Goats' Wool",1881,128090,0,0.0,nodata,128090,0,0.0,nodata,Value,0,
Unenumerated,1871,128070,0,0.0,nodata,128070,0,0.0,nodata,Value,0,
Sumach,1893,127803,127803,1.0,exact01,11515,11515,1.0,exact01,Ton,4,
Gum — Arabic,1897,127701,49469,0.3874,under,63208,19894,0.3147,under,Cwt,11,
Myrobalans,1898,127668,0,0.0,nodata,411070,0,0.0,nodata,Cwt,0,
Feathers — For Beds,1874,127653,0,0.0,nodata,21607,0,0.0,nodata,Cwt,0,
Beads — Of Glass,1873,127646,127646,1.0,exact01,2321494,2321494,1.0,exact01,Lb,4,
Straw,1900,127582,0,0.0,nodata,0,0,,noanchor,Lb,0,
"Unenumerated, Not Sweetened",1868,127381,0,0.0,nodata,1486635,0,0.0,nodata,Proof Gallon,0,
Feathers — For Beds,1881,127374,109235,0.8576,under,26636,21490,0.8068,under,Cwt,4,
Perfumed,1896,127354,124354,0.9764,within5,54318,54188,0.9976,within5,Gallon,8,
"Unenumerated, Not Sweetened",1878,127349,0,0.0,nodata,1687195,0,0.0,nodata,Proof Gallon,0,
Bark,1882,127186,127186,1.0,exact01,272145,271545,0.9978,within5,Cwt,5,
Bark,1898,127185,160254,1.26,over,338519,336897,0.9952,within5,Cwt,17,
"Bark, For Tanning",1898,127185,0,0.0,nodata,338519,0,0.0,nodata,Cwt,0,
Horse Hair,1870,127145,0,0.0,nodata,14134,0,0.0,nodata,Cwt,0,
Spices — Cinnamon,1878,127112,127112,1.0,exact01,1527403,1527403,1.0,exact01,Lb,2,
Asphalt Or Bitumen,1898,127022,108983,0.858,under,45667,45577,0.998,within5,Ton,7,
"Asphalt, Or Bitumen (Other Than Painters' Colours Or Drugs)",1898,127022,0,0.0,nodata,45667,0,0.0,nodata,Ton,0,
Wax,1882,126926,126926,1.0,exact01,35538,34638,0.9747,within5,Cwt,7,
"Perfumery, And Articles Used In The Manufacture Thereof",1894,126785,0,0.0,nodata,1643063,0,0.0,nodata,Lb,0,
"Perfumery, And Articles Used In The Manufacture Thereof, Except Perfumed Spirits",1894,126785,126785,1.0,exact01,1643063,1642163,0.9995,exact01,Lb,12,
"Sweetened Or Mixed, Tested",1895,126722,0,0.0,nodata,73526,0,0.0,nodata,Proof Gallon,0,
Wax,1886,126377,126377,1.0,exact01,30826,30826,1.0,exact01,Cwt,17,
Tares And Lentils,1871,126328,0,0.0,nodata,456066,0,0.0,nodata,Bushel,0,
Plumbago,1885,126279,126279,1.0,exact01,10635,10635,1.0,exact01,Ton,6,
Feathers — For Beds,1875,126177,126177,1.0,exact01,22437,22437,1.0,exact01,Cwt,5,
Shumach,1890,126074,0,0.0,nodata,11432,0,0.0,nodata,Ton,0,
Sumach,1890,126074,0,0.0,nodata,11432,0,0.0,nodata,Ton,0,
"Unenumerated, Not Sweetened",1872,126056,0,0.0,nodata,1307428,0,0.0,nodata,Proof Gallon,0,
Wood Pulp Board,1898,126025,0,0.0,nodata,257879,0,0.0,nodata,Cwt,0,
Mares,1894,125758,126047,1.0023,within5,5152,5158,1.0012,within5,Number,18,
"Animals, Living — Sheep And Lambs",1892,125659,125659,1.0,exact01,79048,79048,1.0,exact01,Number,6,
Waste Of (Raw And Yarn),1896,125478,170704,1.3604,over,19503049,28455854,1.459,over,Lb,14,
Waste Of,1896,125478,0,0.0,nodata,19503049,0,0.0,nodata,Lb,0,
Gold — Leaves Of,1898,124992,124992,1.0,exact01,63632700,63632700,1.0,exact01,Number,3,
"Manufactures Of Hair, And Of Goats' Wool",1888,124961,0,0.0,nodata,124961,0,0.0,nodata,Value,0,
Confectionery (Free And Dutiable),1894,124938,0,0.0,nodata,55500,0,0.0,nodata,Cwt,0,
Bark,1894,124904,165440,1.3245,over,320151,395851,1.2365,over,Cwt,15,
Brimstone,1893,124797,124797,1.0,exact01,515115,515115,1.0,exact01,Cwt,4,
Steel — Unwrought,1887,124647,0,0.0,nodata,14727,0,0.0,nodata,Ton,0,
Kowrie,1879,124636,247537,1.9861,over,50999,101438,1.989,over,Cwt,3,
Beads — Of Glass,1870,124183,0,0.0,nodata,2112081,0,0.0,nodata,Lb,0,
"Sweetened And Perfumed, Of All Kinds",1879,123804,0,0.0,nodata,103780,0,0.0,nodata,Gallon,0,
Of Other Sorts,1889,123610,0,0.0,nodata,123610,0,0.0,nodata,Cwt,0,
"Unenumerated, Not Sweetened",1890,123607,0,0.0,nodata,2929096,0,0.0,nodata,Proof Gallon,0,
Wax,1892,123505,123505,1.0,exact01,28197,28197,1.0,exact01,Cwt,17,
Wax,1893,123330,133931,1.086,over,34458,35455,1.0289,within5,Cwt,37,
Maize Or Indian Corn Meal,1896,123313,123313,1.0,exact01,368100,368100,1.0,exact01,Cwt,3,
Gold — Leaves Of,1895,123221,128381,1.0419,within5,66138410,66223410,1.0013,within5,Number,5,
Whalebone (Whalefins),1885,123163,122863,0.9976,within5,3801,3771,0.9921,within5,Cwt,11,
Spices — Ginger,1884,123100,123100,1.0,exact01,55358,55355,0.9999,exact01,Cwt,4,
Arabic,1872,123080,0,0.0,nodata,42837,0,0.0,nodata,Cwt,0,
Spices — Cinnamon,1876,123048,123018,0.9998,exact01,1339060,1339060,1.0,exact01,Lb,2,
"Sweetened And Perfumed, Of All Kinds",1873,122790,0,0.0,nodata,97884,0,0.0,nodata,Gallon,0,
Manufactures Of,1880,122522,0,0.0,nodata,915083,0,0.0,nodata,Lb,0,
Kowrie,1869,122176,0,0.0,nodata,45352,0,0.0,nodata,Cwt,0,
Spices — Unenumerated,1870,122065,0,0.0,nodata,5016332,0,0.0,nodata,Lb,0,
"For Other Purposes, Including Berlin Wool And Zephyr Yarn",1900,121971,0,0.0,nodata,741325,0,0.0,nodata,Lb,0,
Tar,1868,121839,0,0.0,nodata,145402,0,0.0,nodata,Barrel,0,
Bark,1893,121528,0,0.0,nodata,318617,0,0.0,nodata,Cwt,0,
Tares And Lentils,1870,121493,0,0.0,nodata,490115,0,0.0,nodata,Bushel,0,
Linen Yarn,1874,121410,121410,1.0,exact01,1875640,1880640,1.0027,within5,Lb,3,
Spices — Cinnamon,1881,121361,121361,1.0,exact01,1739365,1739365,1.0,exact01,Lb,2,
"Unenumerated, Not Sweetened",1885,121300,0,0.0,nodata,1679693,0,0.0,nodata,Proof Gallon,0,
Spices — Cinnamon,1877,121201,121201,1.0,exact01,1377029,1377029,1.0,exact01,Lb,2,
Wax,1891,121184,121184,1.0,exact01,30328,30278,0.9984,within5,Cwt,16,
"Meat — Salted Or Fresh, Not Otherwise Described",1888,121074,121074,1.0,exact01,56998,56998,1.0,exact01,Cwt,11,
Horse,1894,121069,135949,1.1229,over,19538,21827,1.1172,over,Cwt,23,
Tar,1881,120881,23896,0.1977,under,152337,32504,0.2134,under,Barrel,2,
Ore Of,1896,120803,11452,0.0948,under,2227,573,0.2573,under,Ton,5,
"Metals And Ores — Gold, Ore Of (Including The Value Of The Gold Contained In Auriferous Ores And Metals",1896,120803,0,0.0,nodata,2227,0,0.0,nodata,Ton,0,
"Old, Fit Only To Be Re-Manufactured",1896,120528,121077,1.0046,within5,4197,4207,1.0024,within5,Ton,22,
Isinglass,1884,120500,120500,1.0,exact01,8356,8356,1.0,exact01,Cwt,7,
Hats Or Bonnets — Of Felt,1883,120405,120405,1.0,exact01,699695,699655,0.9999,exact01,Number,6,
"Perfumery, And Articles Used In The Manufacture Thereof",1896,120082,0,0.0,nodata,1110561,0,0.0,nodata,Lb,0,
"Perfumery, And Articles Used In The Manufacture Thereof, Except Perfumed Spirits",1896,120082,129623,1.0795,over,1110561,1138393,1.0251,within5,Lb,19,
Confectionery (Free And Dutiable),1895,119989,0,0.0,nodata,52430,0,0.0,nodata,Cwt,0,
"Sweetened And Perfumed, Of All Kinds",1875,119961,0,0.0,nodata,100420,0,0.0,nodata,Gallon,0,
Wax,1887,119927,119927,1.0,exact01,26488,26488,1.0,exact01,Cwt,18,
Tin — Ore Of,1893,119890,119490,0.9967,within5,3040,3040,1.0,exact01,Ton,8,
Isinglass,1891,119756,119756,1.0,exact01,8856,8856,1.0,exact01,Cwt,8,
"Fish : Fresh, Herrings",1895,119564,0,0.0,nodata,767598,0,0.0,nodata,Cwt,0,
"Fresh, Herrings",1895,119564,0,0.0,nodata,767598,0,0.0,nodata,?,0,
"Lac, Seed, Shell, Stick, And Dye",1885,119511,852,0.0071,under,119511,239,0.002,under,Cwt,1,
Tares And Lentils,1884,119452,119452,1.0,exact01,634676,634676,1.0,exact01,Bushel,7,
"Meat, Salted Or Fresh",1868,119423,0,0.0,nodata,41359,0,0.0,nodata,Cwt,0,
Fresh (Not Of British Taking) — Herrings,1896,119390,119390,1.0,exact01,773591,770582,0.9961,within5,Cwt,4,
"Fish : Fresh, Herrings",1896,119390,0,0.0,nodata,773591,0,0.0,nodata,Cwt,0,
"Fresh, Herrings",1896,119390,0,0.0,nodata,773591,0,0.0,nodata,?,0,
Perfumed,1895,119367,118633,0.9939,within5,52305,52305,1.0,exact01,Gallon,8,
"Unenumerated, Not Sweetened",1883,119366,0,0.0,nodata,1261196,0,0.0,nodata,Proof Gallon,0,
Steel — Unwrought,1875,119224,0,0.0,nodata,7509,0,0.0,nodata,Ton,0,
Animal,1892,119140,0,0.0,nodata,65057,0,0.0,nodata,Cwt,0,
Galls,1885,118908,119008,1.0008,exact01,83268,83268,1.0,exact01,Cwt,7,
Plumbago,1870,118878,0,0.0,nodata,9852,0,0.0,nodata,Ton,0,
Feathers — For Beds,1870,118874,0,0.0,nodata,13062,0,0.0,nodata,Cwt,0,
Books,1870,118871,0,0.0,nodata,10850,0,0.0,nodata,Cwt,0,
"Meal, Unenumerated",1896,118838,0,0.0,nodata,536647,0,0.0,nodata,Cwt,0,
Mica And Tale,1899,118609,0,0.0,nodata,118609,0,0.0,nodata,Cwt,0,
Wax,1875,118549,97652,0.8237,under,25551,22490,0.8802,under,Cwt,8,
Isinglass,1878,118507,118507,1.0,exact01,6103,6103,1.0,exact01,Cwt,6,
Spices — Ginger (Raw),1874,118278,118278,1.0,exact01,38838,38638,0.9949,within5,Cwt,6,
"Perfumery, And Articles Used In The Manufacture Thereof",1897,118221,0,0.0,nodata,1097120,0,0.0,nodata,Lb,0,
"Perfumery, And Articles Used In The Manufacture Thereof, Except Perfumed Spirits",1897,118221,114279,0.9667,within5,1097120,1097120,1.0,exact01,Lb,16,
"Pickles And Vegetables, Preserved In Salt Or Vinegar",1892,118050,118050,1.0,exact01,1819667,1819667,1.0,exact01,Gallon,8,
Manures — Guano,1898,117924,153204,1.2992,over,23644,25040,1.059,over,Ton,14,
Animal,1900,117131,0,0.0,nodata,103892,0,0.0,nodata,Cwt,0,
Spices — Ginger (Raw),1878,117102,114102,0.9744,within5,52231,52231,1.0,exact01,Cwt,6,
Spices — Ginger,1878,117102,0,0.0,nodata,32231,0,0.0,nodata,Cwt,0,
Zinc — Ore Of,1897,116669,125247,1.0735,over,24841,25667,1.0333,within5,Ton,18,
Wax,1877,116603,116603,1.0,exact01,28134,28134,1.0,exact01,Cwt,7,
"Manufactures Of Hair, And Of Goats' Wool",1877,116510,0,0.0,nodata,116510,0,0.0,nodata,Value,0,
Gum : Kowrie,1882,116467,0,0.0,nodata,39621,0,0.0,nodata,Cwt,0,
"Fish : Fresh, Herrings",1894,116379,0,0.0,nodata,956327,0,0.0,nodata,Cwt,0,
"Fresh, Herrings",1894,116379,0,0.0,nodata,956327,0,0.0,nodata,?,0,
Brass And Bronze Manufactures,1893,116344,0,0.0,nodata,18639,0,0.0,nodata,Cwt,0,
"Hair — Cow, Ox, Bull, Or Elk",1882,116248,116248,1.0,exact01,96466,96466,1.0,exact01,Cwt,5,
Spices — Cinnamon,1873,116144,116144,1.0,exact01,1078753,1078753,1.0,exact01,Lb,2,
Moss Litter,1893,116098,116098,1.0,exact01,93426,93426,1.0,exact01,Ton,5,
"Pickles And Vegetables, Preserved In Salt Or Vinegar",1894,116076,115164,0.9921,within5,1979367,1976424,0.9985,within5,Gallon,7,
Spices — Ginger (Raw),1877,115722,115722,1.0,exact01,51964,51964,1.0,exact01,Cwt,7,
"Sweetened And Perfumed, Of All Kinds",1874,115527,0,0.0,nodata,90727,0,0.0,nodata,Gallon,0,
Feathers — For Beds,1889,115462,115462,1.0,exact01,32789,32789,1.0,exact01,Cwt,8,
Tar,1885,115071,114458,0.9947,within5,173164,171883,0.9926,within5,Barrel,8,
Tares And Lentils,1872,114940,114940,1.0,exact01,479100,479100,1.0,exact01,Bushel,3,
"Fish : Fresh, Herrings",1893,114934,0,0.0,nodata,724577,0,0.0,nodata,Cwt,0,
Alkali,1895,114586,114586,1.0,exact01,184114,184114,1.0,exact01,Cwt,7,
Kowrie,1877,114478,227986,1.9915,over,46747,93111,1.9918,over,Cwt,4,
Horse,1888,114457,114457,1.0,exact01,17620,17620,1.0,exact01,Cwt,12,
Sumach,1898,114418,0,0.0,nodata,11659,0,0.0,nodata,Ton,0,
Hats Or Bonnets — Of Felt,1885,114403,114412,1.0001,exact01,775790,775850,1.0001,exact01,Number,6,
Myrobalans,1897,114400,0,0.0,nodata,371909,0,0.0,nodata,Cwt,0,
Plumbago,1872,114373,114373,1.0,exact01,7881,7881,1.0,exact01,Ton,4,
Silk Manufactures — Of Countries Out Of Europe,1869,114354,0,0.0,nodata,114354,0,0.0,nodata,Value,0,
Moss Litter,1896,114196,114646,1.0039,within5,99229,99711,1.0049,within5,Ton,4,
"Feathers And Down, In Beds Or For Beds",1900,114119,0,0.0,nodata,40846,0,0.0,nodata,Cwt,0,
Steel — Unwrought,1868,114110,0,0.0,nodata,7654,0,0.0,nodata,Ton,0,
Hats Or Bonnets — Of Felt,1868,114051,0,0.0,nodata,380171,0,0.0,nodata,Number,0,
Alkali,1876,113615,113615,1.0,exact01,93045,93045,1.0,exact01,Cwt,7,
Bark,1896,113369,152931,1.349,over,309614,391535,1.2646,over,Cwt,15,
"Bark, For Tanning",1896,113369,0,0.0,nodata,309614,0,0.0,nodata,Cwt,0,
Steel — Unwrought,1870,113368,0,0.0,nodata,8070,0,0.0,nodata,Ton,0,
Steel — Unwrought,1885,113057,0,0.0,nodata,11208,0,0.0,nodata,Ton,0,
Yarn,1873,113026,0,0.0,nodata,2646524,0,0.0,nodata,Lb,0,
Wax,1890,112573,113173,1.0053,within5,35948,35918,0.9992,exact01,Cwt,19,
"Lac, Seed, Shell, Stick, And Dye",1884,112479,924714,8.2212,over,112479,224958,2.0,over,Cwt,7,
Perfumed,1894,112475,112475,1.0,exact01,49873,49870,0.9999,exact01,Gallon,8,
Straw,1875,112394,0,0.0,nodata,464651,0,0.0,nodata,Lb,0,
Plumbago,1884,112385,112385,1.0,exact01,8806,8806,1.0,exact01,Ton,4,
Steel — Unwrought,1886,112342,0,0.0,nodata,12082,0,0.0,nodata,Ton,0,
"Platina, Wrought Or Unwrought",1894,112174,112179,1.0,exact01,86844,86844,1.0,exact01,Oz Troy,5,
"Pickles And Vegetables, Preserved In Salt Or Vinegar",1893,112133,111487,0.9942,within5,1822216,1817166,0.9972,within5,Gallon,6,
"Bark, For Tanning",1900,112015,0,0.0,nodata,299415,0,0.0,nodata,Cwt,0,
"Meat — Salted Or Fresh, Not Otherwise Described",1883,111912,111912,1.0,exact01,36353,36353,1.0,exact01,Cwt,9,
Steel — Unwrought,1888,111843,0,0.0,nodata,12076,0,0.0,nodata,Ton,0,
Cotton-Seed Cake,1897,111822,0,0.0,nodata,111822,0,0.0,nodata,?,0,
Embroidery And Needlework,1883,111774,0,0.0,nodata,111774,0,0.0,nodata,Value,0,
"Pickles And Vegetables, Preserved In Salt Or Vinegar",1895,111526,112277,1.0067,within5,1757963,1795783,1.0215,within5,Gallon,7,
Tares And Lentils,1894,111502,176637,1.5842,over,576812,714268,1.2383,over,Bushel,26,
"Meat — Salted Or Fresh, Not Otherwise Described",1886,111468,111468,1.0,exact01,41528,41528,1.0,exact01,Cwt,9,
"Sweetened And Perfumed, Of All Kinds",1872,111421,0,0.0,nodata,89248,0,0.0,nodata,Gallon,0,
"Plums, Commonly Called French Plums, And Prunelloes",1900,111270,0,0.0,nodata,71118,0,0.0,nodata,?,0,
Animal,1877,111229,0,0.0,nodata,51726,0,0.0,nodata,Cwt,0,
Spices — Cinnamon,1879,111048,111048,1.0,exact01,1429519,1429519,1.0,exact01,Lb,2,
Beads — Of Glass,1871,110997,0,0.0,nodata,2095610,0,0.0,nodata,Lb,0,
Spices — Cinnamon,1872,110993,110993,1.0,exact01,1072080,1072080,1.0,exact01,Lb,3,
Hats Or Bonnets — Of Straw,1894,110898,112002,1.01,within5,688384,696804,1.0122,within5,Lb,8,
Straw,1894,110898,151002,1.3616,over,683384,0,0.0,nodata,Lb,8,
Isinglass,1897,110880,167424,1.51,over,8118,14057,1.7316,over,Cwt,16,
Isinglass,1881,110595,110595,1.0,exact01,7273,7273,1.0,exact01,Cwt,7,
Of Other Sorts,1888,110594,0,0.0,nodata,110594,0,0.0,nodata,Cwt,0,
Steel — Unwrought,1872,110545,0,0.0,nodata,7545,0,0.0,nodata,Ton,0,
Sumach,1889,110517,0,0.0,nodata,12514,0,0.0,nodata,Ton,0,
Horns And Hoofs Of Cattle,1871,110466,0,0.0,nodata,5700,0,0.0,nodata,Ton,0,
Tar,1878,110457,110457,1.0,exact01,148582,148582,1.0,exact01,Barrel,3,
Boots And Shoes,1868,110160,0,0.0,nodata,0,0,,noanchor,Dozen Pairs,0,
Tares And Lentils,1893,110068,135785,1.2336,over,599981,752456,1.2541,over,Bushel,12,
"Unenumerated, Not Sweetened",1873,110015,0,0.0,nodata,1260050,0,0.0,nodata,Proof Gallon,0,
"Sweetened Or Mixed, Tested",1893,109964,0,0.0,nodata,68615,0,0.0,nodata,Proof Gallon,0,
"Hair — Cow, Ox, Bull, Or Elk",1890,109749,146345,1.3335,over,109749,109904,1.0014,within5,Cwt,12,
Isinglass,1882,109715,109715,1.0,exact01,6377,6377,1.0,exact01,Cwt,5,
Fruit — Figs,1868,109684,0,0.0,nodata,79637,0,0.0,nodata,Cwt,0,
"Of Other Materials, Trimmed Or Untrimmed",1900,109597,0,0.0,nodata,129926,0,0.0,nodata,Number,0,
Spices — Ginger (Raw),1880,109545,109545,1.0,exact01,49962,49961,1.0,exact01,Cwt,6,
Spices — Ginger,1880,109545,0,0.0,nodata,49962,0,0.0,nodata,Cwt,0,
Bark — Peruvian,1869,109420,0,0.0,nodata,11232,0,0.0,nodata,Cwt,0,
Yarn,1869,109050,0,0.0,nodata,623332,0,0.0,nodata,Lb,0,
Brimstone,1900,109048,0,0.0,nodata,450661,0,0.0,nodata,Cwt,0,
Feathers — For Beds,1876,109045,109045,1.0,exact01,21551,21551,1.0,exact01,Cwt,5,
Feathers — For Beds,1877,109011,102820,0.9432,under,22876,20912,0.9141,under,Cwt,5,
Alkali,1897,109002,110100,1.0101,within5,227394,227394,1.0,exact01,Cwt,10,
Galls,1883,108945,108945,1.0,exact01,39552,39552,1.0,exact01,Cwt,8,
Wax,1889,108857,108857,1.0,exact01,32777,32777,1.0,exact01,Cwt,18,
"Lac, Seed, Shell, Stick, And Dye",1899,108758,882662,8.1158,over,108758,266876,2.4539,over,Cwt,18,
Bark,1897,108707,139998,1.2878,over,313985,390302,1.2431,over,Cwt,15,
"Bark, For Tanning",1897,108707,0,0.0,nodata,313985,0,0.0,nodata,Cwt,0,
"Old, Fit Only To Be Re-Manufactured",1897,108694,110525,1.0168,within5,3282,3248,0.9896,within5,Ton,22,
"Meat — Salted Or Fresh, Not Otherwise Described",1887,108387,108387,1.0,exact01,43680,43680,1.0,exact01,Cwt,11,
Beads Of All Sorts,1882,108277,138756,1.2815,over,2221952,2973775,1.3384,over,Lb,7,
"Manufactures Of Hair, And Of Goats' Wool",1880,107902,0,0.0,nodata,107902,0,0.0,nodata,Value,0,
"Meat, Salted Or Fresh",1871,107814,0,0.0,nodata,42340,0,0.0,nodata,Cwt,0,
Feathers — For Beds,1880,107554,107524,0.9997,exact01,22639,22619,0.9991,exact01,Cwt,5,
"Lac, Seed, Shell, Stick, And Dye",1886,107261,608707,5.675,over,107261,213509,1.9906,over,Cwt,10,
"Plate, Fluted, Rolled Or Rough",1899,107229,107229,1.0,exact01,112900,112900,1.0,exact01,Cwt,5,
Of Other Sorts,1897,106936,0,0.0,nodata,44639,0,0.0,nodata,Cwt,0,
Tares And Lentils,1885,106881,106881,1.0,exact01,581538,581538,1.0,exact01,Bushel,8,
Brass And Bronze Manufactures,1892,106836,0,0.0,nodata,14993,0,0.0,nodata,Cwt,0,
Tar,1899,106773,0,0.0,nodata,131049,0,0.0,nodata,Barrel,0,
Plumbago,1875,106627,106627,1.0,exact01,7088,7088,1.0,exact01,Ton,4,
Safflower,1869,106597,0,0.0,nodata,9544,0,0.0,nodata,Cwt,0,
"Drugs — Bark, Peruvian",1894,106527,181945,1.708,over,58352,102821,1.7621,over,Cwt,14,
Bark — Peruvian,1894,106527,0,0.0,nodata,58352,0,0.0,nodata,Cwt,0,
Embroidery And Needlework,1876,106483,0,0.0,nodata,106483,0,0.0,nodata,Value,0,
Feathers And Down — For Beds,1899,106245,0,0.0,nodata,38228,0,0.0,nodata,Cwt,0,
"Feathers And Down, In Beds Or For Beds",1899,106245,0,0.0,nodata,38228,0,0.0,nodata,Cwt,0,
Plumbago,1880,106057,106057,1.0,exact01,7803,7803,1.0,exact01,Ton,4,
Wax,1884,105813,102933,0.9728,within5,28258,27777,0.983,within5,Cwt,16,
Cherries — Raw,1896,105811,105811,1.0,exact01,219367,219367,1.0,exact01,Bushel,4,
Cherries,1896,105811,0,0.0,nodata,219367,0,0.0,nodata,Bushel,0,
Isinglass,1896,105610,174248,1.6499,over,8488,13233,1.559,over,Cwt,17,
Feathers — For Beds,1888,105526,105526,1.0,exact01,31610,31610,1.0,exact01,Cwt,8,
Beads — Of Glass,1872,105488,105488,1.0,exact01,2093503,2093503,1.0,exact01,Lb,4,
Galls,1888,105188,105188,1.0,exact01,36914,36944,1.0008,exact01,Cwt,9,
Of Other Sorts,1885,104889,0,0.0,nodata,101889,0,0.0,nodata,Cwt,0,
Confectionery,1894,104775,104775,1.0,exact01,53106,53101,0.9999,exact01,Cwt,9,
"Varnished, Japanned Or Enamelled",1895,104674,209348,2.0,over,4210,3110,0.7387,under,Cwt,10,
"Manufactures Of Hair, And Of Goats' Wool",1884,104601,0,0.0,nodata,104601,0,0.0,nodata,Value,0,
Isinglass,1883,104548,101548,0.9713,within5,6146,6116,0.9951,within5,Cwt,11,
"Meat, Salted Or Fresh",1870,104447,0,0.0,nodata,36745,0,0.0,nodata,Cwt,0,
Yarn,1870,104397,0,0.0,nodata,746953,0,0.0,nodata,Lb,0,
Manures — Guano,1896,104354,136869,1.3116,over,20214,24097,1.1921,over,Ton,17,
Galls,1890,104202,104202,1.0,exact01,39605,39605,1.0,exact01,Cwt,9,
Beads Of All Sorts,1899,104116,104120,1.0,exact01,2917941,2917926,1.0,exact01,Lb,8,
"Hair — Cow, Ox, Bull, Or Elk",1892,104069,104069,1.0,exact01,79604,79604,1.0,exact01,Cwt,11,
"Wool — Other Kinds, And Flocks",1898,103880,103015,0.9917,within5,1537995,1427705,0.9283,under,Lb,6,
Alkali,1894,103824,103824,1.0,exact01,155641,155641,1.0,exact01,Cwt,7,
"Wool — Other Kinds, And Flocks",1893,103816,101096,0.9738,within5,1986986,1868792,0.9405,under,Lb,7,
Asphalt Or Bitumen,1897,103816,103777,0.9996,exact01,43840,41980,0.9576,within5,Ton,7,
"Asphalt, Or Bitumen (Other Than Painters' Colours Or Drugs)",1897,103816,0,0.0,nodata,43840,0,0.0,nodata,Ton,0,
Feathers — For Beds,1890,103547,108497,1.0478,within5,30411,30411,1.0,exact01,Cwt,8,
Of Other Sorts,1896,103488,0,0.0,nodata,170411,0,0.0,nodata,Cwt,0,
"Cow, Ox, Bull, Or Elk",1880,103482,0,0.0,nodata,85122,0,0.0,nodata,?,0,
Plumbago,1876,103443,103443,1.0,exact01,6465,6465,1.0,exact01,Ton,4,
Hats Or Bonnets — Of Felt,1869,103418,0,0.0,nodata,314721,0,0.0,nodata,Number,0,
Spices — Cinnamon,1882,103281,97240,0.9415,under,1838039,1644861,0.8949,under,Lb,2,
Perfumed,1893,103227,103227,1.0,exact01,48588,48588,1.0,exact01,Gallon,8,
Alkali,1877,103021,103021,1.0,exact01,90207,90207,1.0,exact01,Cwt,5,
Manures — Unenumerated,1888,102957,152505,1.4812,over,102957,0,0.0,nodata,?,11,
Feathers — For Beds,1885,102817,102814,1.0,exact01,29059,29059,1.0,exact01,Cwt,11,
Madder — Root,1875,102760,102760,1.0,exact01,63981,63981,1.0,exact01,Cwt,4,
Brimstone,1894,102628,102628,1.0,exact01,467925,467925,1.0,exact01,Cwt,2,
Horse Hair,1868,102509,0,0.0,nodata,16056,0,0.0,nodata,Cwt,0,
"Seeds — Unenumerated, For Expressing Oil Therefrom",1872,102417,64683,0.6316,under,36217,20967,0.5789,under,Quarter,2,
"Manganese, Ore Of",1882,102267,102267,1.0,exact01,29766,29766,1.0,exact01,Ton,8,
Brimstone,1897,102209,111209,1.0881,over,449028,419028,0.9332,under,Cwt,4,
Of Other Sorts,1887,101835,0,0.0,nodata,101835,0,0.0,nodata,Cwt,0,
Yarn,1871,101788,0,0.0,nodata,3197053,0,0.0,nodata,Lb,0,
Sugar — Molasses,1887,101778,101778,1.0,exact01,305475,305475,1.0,exact01,Cwt,7,
Feathers — For Beds,1886,101639,101639,1.0,exact01,30348,30348,1.0,exact01,Cwt,9,
Brimstone,1899,101615,101615,1.0,exact01,431218,431218,1.0,exact01,Cwt,3,
Tares And Lentils,1895,101614,235006,2.3127,over,623690,849297,1.3617,over,Bushel,37,
Embroidery And Needlework,1868,101609,0,0.0,nodata,101608,0,0.0,nodata,Value,0,
Confectionery,1895,101606,101606,1.0,exact01,50526,50526,1.0,exact01,Cwt,9,
Kowrie,1868,101601,0,0.0,nodata,45904,0,0.0,nodata,Cwt,0,
"Garden, Unenumerated",1893,101523,99300,0.9781,within5,3664601,3519595,0.9604,within5,Lb,8,
Garden,1893,101523,0,0.0,nodata,3664601,0,0.0,nodata,Lb,0,
Isinglass,1877,101484,101484,1.0,exact01,5386,5386,1.0,exact01,Cwt,6,
Ginger — Raw,1868,101456,0,0.0,nodata,52194,0,0.0,nodata,Cwt,0,
Plumbago,1888,101391,101391,1.0,exact01,8705,8705,1.0,exact01,Ton,7,
Isinglass,1887,101033,101033,1.0,exact01,7023,7023,1.0,exact01,Cwt,8,
"Varnished, Japanned Or Enamelled",1893,100948,451011,4.4678,over,3993,112046,28.0606,over,Cwt,24,
"Old, Fit Only To Be Re-Manufactured",1894,100722,101580,1.0085,within5,3245,3253,1.0025,within5,Ton,21,
"Hair — Cow, Ox, Bull, Or Elk",1893,100480,104866,1.0437,within5,73058,74193,1.0155,within5,Cwt,18,
"Cow, Ox, Bull, Or Elk",1893,100480,0,0.0,nodata,73058,0,0.0,nodata,?,0,
Cows,1899,100415,99215,0.988,within5,5879,5879,1.0,exact01,Number,4,
Of Other Sorts,1890,100332,0,0.0,nodata,106332,0,0.0,nodata,Cwt,0,
Spices — Ginger,1883,100314,99984,0.9967,within5,38112,38112,1.0,exact01,Cwt,9,
Kowrie,1878,100276,199132,1.9858,over,41264,81948,1.9859,over,Cwt,3,
"Sweetened And Perfumed, Of All Kinds",1871,100219,0,0.0,nodata,71544,0,0.0,nodata,Gallon,0,
"Unenumerated, Not Sweetened",1882,100008,0,0.0,nodata,1235049,0,0.0,nodata,Proof Gallon,0,
Animal,1894,99905,0,0.0,nodata,54608,0,0.0,nodata,Cwt,0,
Plumbago,1886,99901,99901,1.0,exact01,8484,8484,1.0,exact01,Ton,5,
"Hair — Cow, Ox, Bull, Or Elk",1897,99855,105350,1.055,over,74247,75642,1.0188,within5,Cwt,19,
"Cow, Ox, Bull, Or Elk",1897,99855,0,0.0,nodata,74247,0,0.0,nodata,?,0,
Tar,1889,99849,99849,1.0,exact01,134524,134524,1.0,exact01,Barrel,7,
Feathers — For Beds,1868,99773,0,0.0,nodata,10905,0,0.0,nodata,Cwt,0,
Spices — Cinnamon,1880,99757,99757,1.0,exact01,1566820,1566820,1.0,exact01,Lb,2,
"Manufactures Of Hair, And Of Goats' Wool",1886,99743,0,0.0,nodata,99743,0,0.0,nodata,Value,0,
Feathers — For Beds,1873,99667,99667,1.0,exact01,17897,17897,1.0,exact01,Cwt,4,
Wax,1871,99529,0,0.0,nodata,16736,0,0.0,nodata,Cwt,0,
Brimstone,1895,99367,99389,1.0002,exact01,498386,498456,1.0001,exact01,Cwt,3,
Galls,1873,99267,99267,1.0,exact01,36721,36721,1.0,exact01,Cwt,6,
Manufactures Of,1875,99073,0,0.0,nodata,777787,0,0.0,nodata,Lb,0,
Zinc — Ore Of,1896,98634,103544,1.0498,within5,21084,22361,1.0606,over,Ton,18,
Imitation Lard,1900,98629,0,0.0,nodata,71332,0,0.0,nodata,Cwt,0,
Whalebone,1897,98518,99632,1.0113,within5,3608,3629,1.0058,within5,Cwt,16,
Whalebone (Including Finners),1897,98518,0,0.0,nodata,3608,0,0.0,nodata,Cwt,0,
All Other Sorts,1880,98344,0,0.0,nodata,98344,0,0.0,nodata,Value,0,
"Hemp — Unenumerated Vegetable Substances, Applicable To The Same Uses As Flax Or Hemp",1900,98257,0,0.0,nodata,6484,0,0.0,nodata,Ton,0,
Of Other Sorts,1884,98232,0,0.0,nodata,98232,0,0.0,nodata,Cwt,0,
"Hats Or Bonnets, Of Straw, Trimmed Or Untrimmed",1900,98227,0,0.0,nodata,178361,0,0.0,nodata,Lb,0,
Tar,1900,98175,0,0.0,nodata,355416,0,0.0,nodata,Barrel,0,
Bark — Peruvian,1898,98132,0,0.0,nodata,45920,0,0.0,nodata,Cwt,0,
Candles Of All Sorts,1889,98122,98122,1.0,exact01,45865,45865,1.0,exact01,Cwt,6,
Galls,1886,98036,98036,1.0,exact01,36222,36222,1.0,exact01,Cwt,8,
"Meal, Unenumerated",1894,97921,102971,1.0516,over,447051,507051,1.1342,over,Cwt,11,
Waste Of,1899,97819,0,0.0,nodata,14028104,0,0.0,nodata,Lb,0,
Spices — Ginger,1889,97716,97712,1.0,exact01,63511,63011,0.9921,within5,Cwt,9,
Confectionery (Free And Dutiable),1893,97702,0,0.0,nodata,47563,0,0.0,nodata,Cwt,0,
"Plums, French, And Pruneloes",1898,97582,0,0.0,nodata,54913,0,0.0,nodata,Cwt,0,
"Plums, Commonly Called French Plums, And Prunelloes",1898,97582,0,0.0,nodata,4013,0,0.0,nodata,?,0,
Spices — Ginger (Raw),1873,97548,97548,1.0,exact01,36363,36363,1.0,exact01,Cwt,6,
Gold — Leaves Of,1899,97286,97286,1.0,exact01,49108570,49108570,1.0,exact01,Number,3,
Liquorice,1888,97227,97227,1.0,exact01,34831,34831,1.0,exact01,Cwt,7,
Wax,1883,97142,97142,1.0,exact01,28192,27892,0.9894,within5,Cwt,23,
"Manufactures Of Hair, And Of Goats' Wool",1868,97101,0,0.0,nodata,97101,0,0.0,nodata,Value,0,
Isinglass,1880,96960,94124,0.9708,within5,5532,5505,0.9951,within5,Cwt,6,
Candles Of All Sorts,1890,96853,96853,1.0,exact01,45433,45433,1.0,exact01,Cwt,4,
Beads Of All Sorts,1894,96765,97123,1.0037,within5,2388669,2392170,1.0015,within5,Lb,13,
Steel — Unwrought,1889,96720,0,0.0,nodata,10868,0,0.0,nodata,Ton,0,
Tares And Lentils,1892,96662,96599,0.9993,exact01,556898,556598,0.9995,exact01,Bushel,6,
"Unenumerated, Not Sweetened",1894,96595,0,0.0,nodata,2028070,0,0.0,nodata,Proof Gallon,0,
"Perfumery, And Articles Used In The Manufacture Thereof, Except Perfumed Spirits",1900,96589,0,0.0,nodata,891849,0,0.0,nodata,Lb,0,
Wax,1879,96574,96574,1.0,exact01,18674,18374,0.9839,within5,Cwt,6,
"Unenumerated, Not Sweetened Or Mixed",1894,96507,96595,1.0009,exact01,2028070,2025070,0.9985,within5,Proof Gallon,9,
"Manganese, Ore Of",1874,96407,96407,1.0,exact01,17582,17642,1.0034,within5,Ton,4,
Kowrie,1876,96388,17880,0.1855,under,38200,7077,0.1853,under,Cwt,2,
Spices — Cinnamon,1883,96252,96252,1.0,exact01,1697770,1697770,1.0,exact01,Lb,6,
Feathers And Down — For Beds,1898,96239,0,0.0,nodata,39199,0,0.0,nodata,Cwt,0,
"Feathers And Down, In Beds Or For Beds",1898,96239,0,0.0,nodata,30199,0,0.0,nodata,Cwt,0,
Alkali,1896,96130,96150,1.0002,exact01,176156,175656,0.9972,within5,Cwt,8,
Feathers — For Beds,1895,96091,0,0.0,nodata,29833,0,0.0,nodata,Cwt,0,
Feathers And Down — For Beds,1895,96091,0,0.0,nodata,29833,0,0.0,nodata,Cwt,0,
Cherries — Raw,1895,96047,96047,1.0,exact01,195632,195602,0.9998,exact01,Bushel,4,
Cherries,1895,96047,0,0.0,nodata,195632,0,0.0,nodata,Bushel,0,
Plumbago,1878,95858,95858,1.0,exact01,6056,6056,1.0,exact01,Ton,4,
Cochineal (Including Granilla And Dust),1886,95688,95688,1.0,exact01,14941,14941,1.0,exact01,Cwt,5,
Tares And Lentils,1875,95670,95670,1.0,exact01,302089,302089,1.0,exact01,Bushel,4,
Straw,1889,95635,0,0.0,nodata,450058,0,0.0,nodata,Lb,0,
"Hair — Cow, Ox, Bull, Or Elk",1885,95617,95647,1.0003,exact01,60980,57980,0.9508,within5,Cwt,9,
"Cow, Ox, Bull, Or Elk",1885,95617,0,0.0,nodata,60980,0,0.0,nodata,?,0,
Gutta Percha — Raw,1869,95616,0,0.0,nodata,15398,0,0.0,nodata,Cwt,0,
Manufactures Of,1873,95601,0,0.0,nodata,863246,0,0.0,nodata,Lb,0,
Embroidery And Needlework,1869,95584,0,0.0,nodata,95584,0,0.0,nodata,Value,0,
"Animals, Living — Swine",1889,95373,95373,1.0,exact01,25324,25324,1.0,exact01,Number,5,
"Horses (Including Ponies), Viz., Stallions",1900,95290,0,0.0,nodata,900,0,0.0,nodata,Number,0,
Steel — Unwrought,1895,95003,0,0.0,nodata,10862,0,0.0,nodata,Ton,0,
Manures — Guano,1893,94721,115534,1.2197,over,18311,20417,1.115,over,Ton,13,
"Unenumerated, Not Sweetened Or Mixed",1893,94677,94677,1.0,exact01,1727786,1727786,1.0,exact01,Proof Gallon,11,
"Unenumerated, Not Sweetened",1893,94677,0,0.0,nodata,1727786,0,0.0,nodata,Proof Gallon,0,
"Manufactures, Unenumerated",1880,94296,0,0.0,nodata,94296,0,0.0,nodata,Value,0,
"Preserved, Otherwise Than By Salting",1869,94260,0,0.0,nodata,32214,0,0.0,nodata,Cwt,0,
Embroidery And Needlework,1875,94105,0,0.0,nodata,94105,0,0.0,nodata,Value,0,
Moss Litter,1895,94032,94032,1.0,exact01,85693,85603,0.9989,within5,Ton,4,
Brimstone,1896,94012,94012,1.0,exact01,452565,452565,1.0,exact01,Cwt,3,
Isinglass,1892,94007,148008,1.5744,over,7467,12432,1.6649,over,Cwt,11,
"Hair — Cow, Ox, Bull, Or Elk",1899,93967,101748,1.0828,over,75040,76835,1.0239,within5,Cwt,20,
Kowrie,1872,93704,93704,1.0,exact01,49748,49748,1.0,exact01,Cwt,2,
Tar,1879,93482,93482,1.0,exact01,140507,140507,1.0,exact01,Barrel,3,
Galls,1868,93352,0,0.0,nodata,25842,0,0.0,nodata,Cwt,0,
"Of Other Materials, Trimmed Or Untrimmed",1898,93196,0,0.0,nodata,1524989,0,0.0,nodata,Number,0,
Confectionery (Free And Dutiable),1896,93173,0,0.0,nodata,40812,0,0.0,nodata,Cwt,0,
Manufactures Of,1874,93036,0,0.0,nodata,868082,0,0.0,nodata,Lb,0,
Animal,1893,92994,0,0.0,nodata,49953,0,0.0,nodata,Cwt,0,
"Wool — Other Kinds, And Flocks",1894,92859,94209,1.0145,within5,1869766,1892920,1.0124,within5,Lb,7,
Madder,1870,92683,0,0.0,nodata,37820,0,0.0,nodata,Cwt,0,
Plumbago,1873,92618,92618,1.0,exact01,5488,5488,1.0,exact01,Ton,4,
Waste Of (Raw And Yarn),1895,92588,132311,1.429,over,14467942,21993677,1.5202,over,Lb,15,
"Manufactures, Unenumerated",1881,92579,0,0.0,nodata,92579,0,0.0,nodata,Value,0,
Isinglass,1890,92393,92593,1.0022,within5,6987,7057,1.01,within5,Cwt,9,
Bark — Peruvian,1900,92187,0,0.0,nodata,41108,0,0.0,nodata,Cwt,0,
Dried Or Preserved,1897,92105,0,0.0,nodata,58674,0,0.0,nodata,Cwt,0,
"Fruit, Dried Or Preserved, Liable To Duty — Dried Or Preserved (Including Dried Apricots) „",1897,92105,0,0.0,nodata,58674,0,0.0,nodata,?,0,
"Unenumerated, Not Sweetened",1891,92057,0,0.0,nodata,1639895,0,0.0,nodata,Proof Gallon,0,
"Hemp — Unenumerated Vegetable Substances, Applicable To The Same Uses As Flax Or Hemp",1896,92011,92011,1.0,exact01,6444,6444,1.0,exact01,Ton,14,
"Unenumerated, Not Sweetened",1879,91991,0,0.0,nodata,1217540,0,0.0,nodata,Proof Gallon,0,
Gutta Percha — Raw,1868,91850,0,0.0,nodata,16279,0,0.0,nodata,Cwt,0,
"Fruit, Dried Or Preserved, Liable To Duty — Dried Or Preserved (Including Dried Apricots) „",1899,91795,0,0.0,nodata,1000,0,0.0,nodata,?,0,
Embroidery And Needlework,1871,91782,0,0.0,nodata,91782,0,0.0,nodata,Value,0,
Straw,1876,91712,0,0.0,nodata,478480,0,0.0,nodata,Lb,0,
Feathers — For Beds,1878,91679,91679,1.0,exact01,20602,20602,1.0,exact01,Cwt,6,
Cows,1900,91616,0,0.0,nodata,5073,0,0.0,nodata,Number,0,
Hats Or Bonnets — Of Felt,1884,91551,91551,1.0,exact01,577992,577992,1.0,exact01,Number,4,
Isinglass,1894,91380,154431,1.69,over,8037,13736,1.7091,over,Cwt,15,
Hats Or Bonnets — Of Straw,1893,91324,91716,1.0043,within5,550934,552257,1.0024,within5,Lb,9,
Straw,1893,91324,72923,0.7985,under,550934,0,0.0,nodata,Lb,8,
Beads Of All Sorts,1890,91237,90406,0.9909,within5,2382710,2359411,0.9902,within5,Lb,6,
Galls,1893,91197,140912,1.5451,over,36121,56159,1.5547,over,Cwt,10,
Sugar — Molasses,1882,91134,91134,1.0,exact01,207974,207974,1.0,exact01,Cwt,6,
Feathers And Down — For Beds,1897,90905,0,0.0,nodata,35937,0,0.0,nodata,Cwt,0,
"Feathers And Down, In Beds Or For Beds",1897,90905,0,0.0,nodata,35937,0,0.0,nodata,Cwt,0,
Isinglass,1889,90892,90892,1.0,exact01,7277,7277,1.0,exact01,Cwt,10,
Kowrie,1875,90864,16117,0.1774,under,34730,5463,0.1573,under,Cwt,3,
Moss Litter,1900,90690,0,0.0,nodata,76925,0,0.0,nodata,Ton,0,
Beads Of All Sorts,1885,90687,86668,0.9557,within5,1570286,1550227,0.9872,within5,Lb,6,
Boots And Shoes,1869,90619,0,0.0,nodata,0,0,,noanchor,Dozen Pairs,0,
"Manufactures, Unenumerated",1890,90612,0,0.0,nodata,0,0,,noanchor,Value,0,
Tar,1880,90594,16822,0.1857,under,131272,25823,0.1967,under,Barrel,3,
Steel — Unwrought,1893,90506,0,0.0,nodata,8934,0,0.0,nodata,Ton,0,
"Old Broken, And Old Broken Steel",1899,90426,0,0.0,nodata,31916,0,0.0,nodata,Ton,0,
Madder,1875,90387,90387,1.0,exact01,38241,38241,1.0,exact01,Cwt,3,
Hats Or Bonnets — Of Straw,1897,90335,89653,0.9925,within5,226936,225445,0.9934,within5,Lb,8,
Straw,1897,90335,206119,2.2817,over,226936,0,0.0,nodata,Lb,7,
"Hats Or Bonnets, Of Straw, Trimmed Or Untrimmed",1897,90335,0,0.0,nodata,226936,0,0.0,nodata,Lb,0,
Hats Or Bonnets — Of Felt,1870,90011,0,0.0,nodata,300042,0,0.0,nodata,Number,0,
Candles Of All Sorts,1891,90010,90040,1.0003,exact01,41456,41456,1.0,exact01,Cwt,4,
Imitation Lard,1899,90010,0,0.0,nodata,78281,0,0.0,nodata,Cwt,0,
Feathers — For Beds,1887,89968,89968,1.0,exact01,23886,23886,1.0,exact01,Cwt,9,
"Plums, Commonly Called French Plums, And Prunelloes",1897,89863,0,0.0,nodata,12336,0,0.0,nodata,?,0,
Manures — Guano,1897,89812,89192,0.9931,within5,16734,16680,0.9968,within5,Ton,12,
Cotton-Seed Cake,1896,89727,0,0.0,nodata,89727,0,0.0,nodata,?,0,
"Of Other Materials, Trimmed Or Untrimmed",1897,89684,0,0.0,nodata,1707589,0,0.0,nodata,Number,0,
Madder,1869,89536,0,0.0,nodata,38139,0,0.0,nodata,Cwt,0,
Liquorice,1868,89482,0,0.0,nodata,37470,0,0.0,nodata,Cwt,0,
Liquorice,1882,89339,89339,1.0,exact01,33272,33272,1.0,exact01,Cwt,4,
"Manufactures Of Hair, And Of Goats' Wool",1887,89336,0,0.0,nodata,89336,0,0.0,nodata,Value,0,
"Of Other Materials, Trimmed Or Untrimmed",1899,89242,0,0.0,nodata,2176939,0,0.0,nodata,Number,0,
"Metals — Manufactures, Unenumerated",1882,89138,0,0.0,nodata,89138,0,0.0,nodata,Value,0,
"Garden, Unenumerated",1897,89108,89018,0.999,within5,2545511,2536421,0.9964,within5,Lb,13,
Imitation Lard,1898,89025,0,0.0,nodata,84454,0,0.0,nodata,Cwt,0,
Beads Of All Sorts,1898,88945,91274,1.0262,within5,2656524,2659575,1.0011,within5,Lb,10,
Beads Of All Sorts,1891,88821,88637,0.9979,within5,2219436,2219390,1.0,exact01,Lb,6,
Beads Of All Sorts,1880,88768,0,0.0,nodata,1986604,0,0.0,nodata,Lb,0,
"Hair — Cow, Ox, Bull, Or Elk",1895,88728,100391,1.1314,over,66319,69474,1.0476,within5,Cwt,21,
"Cow, Ox, Bull, Or Elk",1895,88728,0,0.0,nodata,66319,0,0.0,nodata,?,0,
"Animals, Living — Sheep And Lambs",1893,88530,89224,1.0078,within5,62682,63376,1.0111,within5,Number,6,
Beads Of All Sorts,1895,88514,88903,1.0044,within5,2576188,2496669,0.9691,within5,Lb,9,
Confectionery,1893,88393,107808,1.2196,over,45836,56133,1.2246,over,Cwt,11,
Isinglass,1885,88379,88379,1.0,exact01,6412,6412,1.0,exact01,Cwt,8,
Of Other Sorts,1886,88317,0,0.0,nodata,88317,0,0.0,nodata,Cwt,0,
"Wool — Other Kinds, And Flocks",1896,88226,78886,0.8941,under,1660617,1623912,0.9779,within5,Lb,6,
"Chicory, Raw Or Kiln-Dried",1880,88129,88129,1.0,exact01,142011,142011,1.0,exact01,Cwt,3,
Steel — Unwrought,1884,88052,0,0.0,nodata,6723,0,0.0,nodata,Ton,0,
Isinglass,1895,87972,149711,1.7018,over,7342,12204,1.6622,over,Cwt,16,
Feathers — For Beds,1893,87971,0,0.0,nodata,25373,0,0.0,nodata,Cwt,0,
Feathers And Down — For Beds,1893,87971,87971,1.0,exact01,25373,25373,1.0,exact01,Cwt,10,
"Unenumerated, Not Sweetened",1892,87926,0,0.0,nodata,1591123,0,0.0,nodata,Proof Gallon,0,
Alkali,1882,87886,87886,1.0,exact01,67019,67019,1.0,exact01,Cwt,4,
Isinglass,1893,87663,142739,1.6283,over,7326,12292,1.6779,over,Cwt,18,
"Animals, Living — Swine",1877,87594,0,0.0,nodata,20031,0,0.0,nodata,Number,0,
Manufactures Of,1879,87591,0,0.0,nodata,798772,0,0.0,nodata,Lb,0,
Steel — Unwrought,1891,87568,0,0.0,nodata,8436,0,0.0,nodata,Ton,0,
Feathers — For Beds,1869,87519,0,0.0,nodata,9613,0,0.0,nodata,Cwt,0,
"Wool — Alpaca, Vicuña, And Llama",1883,87494,87494,1.0,exact01,1517977,1517977,1.0,exact01,Lb,5,
"Platina, Wrought Or Unwrought",1897,87477,88631,1.0132,within5,72564,72401,0.9978,within5,Oz Troy,4,
Feathers — For Beds,1896,87425,0,0.0,nodata,26637,0,0.0,nodata,Cwt,0,
Feathers And Down — For Beds,1896,87425,0,0.0,nodata,26637,0,0.0,nodata,Cwt,0,
"Feathers And Down, In Beds Or For Beds",1896,87425,0,0.0,nodata,26637,0,0.0,nodata,Cwt,0,
Embroidery And Needlework,1873,87419,0,0.0,nodata,87419,0,0.0,nodata,Value,0,
Galls,1884,87413,154214,1.7642,over,37307,38242,1.0251,within5,Cwt,10,
Beads Of All Sorts,1887,87323,87117,0.9976,within5,1377642,1372279,0.9961,within5,Lb,7,
Isinglass,1888,87156,87156,1.0,exact01,6824,6824,1.0,exact01,Cwt,10,
Beads — Of Glass,1880,87131,86827,0.9965,within5,1979182,1949182,0.9848,within5,Lb,4,
"Of Other Materials, Trimmed Or Untrimmed",1896,87129,0,0.0,nodata,1149620,0,0.0,nodata,Number,0,
Embroidery And Needlework,1872,87097,0,0.0,nodata,87097,0,0.0,nodata,Value,0,
Unenumerated,1897,86861,0,0.0,nodata,184767,0,0.0,nodata,Value,0,
Straw,1890,86812,0,0.0,nodata,466529,0,0.0,nodata,Lb,0,
Feathers — For Beds,1872,86629,0,0.0,nodata,15964,0,0.0,nodata,Cwt,0,
"Manganese, Ore Of",1875,86450,86450,1.0,exact01,16505,16505,1.0,exact01,Ton,4,
Isinglass,1875,86443,86443,1.0,exact01,4504,4504,1.0,exact01,Cwt,5,
Oil-Seed Cake — Of Other Sorts,1893,86349,115934,1.3426,over,17119,22414,1.3093,over,Ton,13,
Embroidery And Needlework,1874,86279,0,0.0,nodata,86279,0,0.0,nodata,Value,0,
Sugar — Molasses,1880,86251,86251,1.0,exact01,211541,211541,1.0,exact01,Cwt,7,
"Manufactures, Unenumerated",1874,86211,0,0.0,nodata,86211,0,0.0,nodata,Value,0,
"Old, Fit Only To Be Re-Manufactured",1895,85891,87596,1.0199,within5,3223,3404,1.0562,over,Ton,23,
Tar,1895,85865,85865,1.0,exact01,121591,121591,1.0,exact01,Barrel,4,
"Hair — Cow, Ox, Bull, Or Elk",1883,85663,85656,0.9999,exact01,62869,62569,0.9952,within5,Cwt,11,
"Hemp — Unenumerated Vegetable Substances, Applicable To The Same Uses As Flax Or Hemp",1897,85609,0,0.0,nodata,5898,0,0.0,nodata,Ton,0,
Wax,1888,85603,85603,1.0,exact01,26659,26659,1.0,exact01,Cwt,19,
"Chicory, Raw Or Kiln-Dried",1881,85463,85463,1.0,exact01,137495,137495,1.0,exact01,Cwt,3,
Steel — Unwrought,1890,85442,0,0.0,nodata,8144,0,0.0,nodata,Ton,0,
Waste Of (Raw And Yarn),1898,85414,85332,0.999,exact01,13644422,13644425,1.0,exact01,Lb,10,
Waste Of,1898,85414,0,0.0,nodata,13644422,0,0.0,nodata,Lb,0,
Cochineal (Including Granilla And Dust),1885,85380,85380,1.0,exact01,14228,14228,1.0,exact01,Cwt,6,
Embroidery And Needlework,1882,85226,0,0.0,nodata,85226,0,0.0,nodata,Value,0,
Steel — Unwrought,1871,85162,0,0.0,nodata,7610,0,0.0,nodata,Ton,0,
Spices — Ginger,1892,85094,151517,1.7806,over,34411,60911,1.7701,over,Cwt,10,
Ginger,1892,85094,0,0.0,nodata,34411,0,0.0,nodata,Cwt,0,
"Meal, Unenumerated",1900,84886,0,0.0,nodata,329760,0,0.0,nodata,Cwt,0,
Isinglass,1869,84755,0,0.0,nodata,3287,0,0.0,nodata,Cwt,0,
"Garden, Unenumerated",1896,84698,87424,1.0322,within5,2675056,2710596,1.0133,within5,Lb,13,
Garden,1896,84698,0,0.0,nodata,2675056,0,0.0,nodata,Lb,0,
Isinglass,1876,84629,84629,1.0,exact01,4423,4523,1.0226,within5,Cwt,6,
Embroidery And Needlework,1877,84609,0,0.0,nodata,84609,0,0.0,nodata,Value,0,
Paper — Hangings,1874,84547,75577,0.8939,under,11639,10160,0.8729,under,Cwt,1,
Manufactures Of India And China,1869,84446,0,0.0,nodata,172128,0,0.0,nodata,Pieces,0,
Ore Of,1894,84218,8559,0.1016,under,475,606,1.2758,over,Ton,5,
Beads Of All Sorts,1893,84185,85590,1.0167,within5,2131459,2138799,1.0034,within5,Lb,10,
"Animals, Living — Swine",1884,84153,84153,1.0,exact01,26437,26437,1.0,exact01,Number,4,
Cochineal (Including Granilla And Dust),1884,84081,84091,1.0001,exact01,14766,14766,1.0,exact01,Cwt,5,
Plumbago,1887,83958,83958,1.0,exact01,8026,8026,1.0,exact01,Ton,5,
"Hair — Cow, Ox, Bull, Or Elk",1886,83941,124643,1.4849,over,83941,80941,0.9643,within5,Cwt,10,
Wood Pulp Board,1895,83912,0,0.0,nodata,171548,0,0.0,nodata,Cwt,0,
Liquorice,1869,83832,0,0.0,nodata,38146,0,0.0,nodata,Cwt,0,
Liquorice,1891,83786,83786,1.0,exact01,29324,29024,0.9898,within5,Cwt,5,
All Other Sorts,1881,83762,0,0.0,nodata,83762,0,0.0,nodata,Value,0,
Galls,1889,83734,83734,1.0,exact01,32060,32060,1.0,exact01,Cwt,10,
Part Wrought,1894,83558,86476,1.0349,within5,1753,1809,1.0319,within5,Ton,6,
Liquorice,1893,83346,83163,0.9978,within5,34156,34031,0.9963,within5,Cwt,5,
Animal,1896,83205,0,0.0,nodata,64323,0,0.0,nodata,Cwt,0,
All Other Sorts,1886,83159,0,0.0,nodata,83159,0,0.0,nodata,Value,0,
Isinglass,1870,83022,0,0.0,nodata,3530,0,0.0,nodata,Cwt,0,
"Hair — Cow, Ox, Bull, Or Elk",1896,82561,89597,1.0852,over,64247,68799,1.0709,over,Cwt,20,
"Cow, Ox, Bull, Or Elk",1896,82561,0,0.0,nodata,64247,0,0.0,nodata,?,0,
Bones For Manufacturing Purposes,1889,82528,0,0.0,nodata,9752,0,0.0,nodata,Ton,0,
Beads Of All Sorts,1881,82500,0,0.0,nodata,1618625,0,0.0,nodata,Lb,0,
Liquorice,1899,82443,82683,1.0029,within5,34700,34233,0.9865,within5,Cwt,6,
Embroidery And Needlework,1878,82428,0,0.0,nodata,82428,0,0.0,nodata,Value,0,
Feathers — For Beds,1894,82422,0,0.0,nodata,26383,0,0.0,nodata,Cwt,0,
Feathers And Down — For Beds,1894,82422,0,0.0,nodata,26383,0,0.0,nodata,Cwt,0,
"Varnished, Japanned Or Enamelled",1894,82365,82365,1.0,exact01,3210,3231,1.0065,within5,Cwt,5,
"Manganese, Ore Of",1883,82314,82314,1.0,exact01,22362,22362,1.0,exact01,Ton,14,
Kowrie,1885,82266,512250,6.2268,over,82266,163242,1.9843,over,Cwt,6,
Saumur,1899,81978,0,0.0,nodata,155044,0,0.0,nodata,?,0,
Alkali,1883,81952,81952,1.0,exact01,60466,60466,1.0,exact01,Cwt,7,
"Animals, Living — Swine",1881,81917,0,0.0,nodata,24283,0,0.0,nodata,Number,0,
Saumur,1898,81829,0,0.0,nodata,152739,0,0.0,nodata,?,0,
Liquorice,1873,81776,81776,1.0,exact01,29179,29179,1.0,exact01,Cwt,5,
Whalebone (Whalefins),1883,81676,78376,0.9596,within5,2734,2734,1.0,exact01,Cwt,10,
Liquorice,1890,81669,81669,1.0,exact01,27447,27447,1.0,exact01,Cwt,6,
Wood Pulp Board,1896,81580,0,0.0,nodata,175352,0,0.0,nodata,Cwt,0,
Tar,1898,81527,0,0.0,nodata,110049,0,0.0,nodata,Barrel,0,
"Manufactures Of Hair, And Of Goats' Wool",1879,81301,0,0.0,nodata,81301,0,0.0,nodata,Value,0,
"Garden, Unenumerated",1898,81246,81237,0.9999,exact01,2146771,2136655,0.9953,within5,Lb,13,
Liquorice,1889,81226,81226,1.0,exact01,29501,29504,1.0001,exact01,Cwt,6,
"Unenumerated, Not Sweetened Or Mixed",1899,81195,0,0.0,nodata,1258368,0,0.0,nodata,Proof Gallon,0,
Liquorice,1886,81042,81042,1.0,exact01,27019,27019,1.0,exact01,Cwt,6,
Isinglass,1868,81035,0,0.0,nodata,2853,0,0.0,nodata,Cwt,0,
Galls,1891,80995,80995,1.0,exact01,38517,38514,0.9999,exact01,Cwt,7,
Asphalt Or Bitumen,1894,80993,80993,1.0,exact01,24716,24716,1.0,exact01,Ton,6,
Lead — Ore Of,1892,80812,80812,1.0,exact01,18217,18217,1.0,exact01,Ton,14,
Liquorice,1887,80746,80746,1.0,exact01,26378,26378,1.0,exact01,Cwt,5,
Galls,1882,80712,80712,1.0,exact01,30066,30706,1.0213,within5,Cwt,6,
Manufactures Of,1872,80677,0,0.0,nodata,725855,0,0.0,nodata,Lb,0,
Tar,1892,80412,80412,1.0,exact01,131886,131886,1.0,exact01,Barrel,5,
Safflower,1872,80371,25219,0.3138,under,10169,0,0.0,nodata,Cwt,3,
Liquorice,1896,80338,91295,1.1364,over,35252,42455,1.2043,over,Cwt,7,
Isinglass,1886,80307,80307,1.0,exact01,5952,5952,1.0,exact01,Cwt,7,
Whalebone,1899,80292,79348,0.9882,within5,3452,3478,1.0075,within5,Cwt,16,
Whalebone (Including Finners),1899,80292,0,0.0,nodata,3452,0,0.0,nodata,Cwt,0,
"Horses (Including Ponies), Viz., Stallions",1893,80270,0,0.0,nodata,505,0,0.0,nodata,Number,0,
Feathers — For Beds,1879,80238,80238,1.0,exact01,16876,16846,0.9982,within5,Cwt,5,
Beads — Of Glass,1881,80179,80179,1.0,exact01,1613771,1613771,1.0,exact01,Lb,4,
"Meat — Salted Or Fresh, Not Otherwise Described",1885,80156,80126,0.9996,exact01,27776,27776,1.0,exact01,Cwt,8,
Liquorice,1883,80035,80035,1.0,exact01,27960,27960,1.0,exact01,Cwt,7,
Of Felt,1898,80025,0,0.0,nodata,548081,0,0.0,nodata,Number,0,
Tar,1891,79940,79940,1.0,exact01,124868,124868,1.0,exact01,Barrel,8,
Straw,1877,79925,0,0.0,nodata,478541,0,0.0,nodata,Lb,0,
Oil — Animal,1868,79919,0,0.0,nodata,32510,0,0.0,nodata,Cwt,0,
Animal,1868,79919,0,0.0,nodata,32510,0,0.0,nodata,Cwt,0,
Paper — Hangings,1873,79892,79892,1.0,exact01,10573,10573,1.0,exact01,Cwt,2,
"Chicory, Raw Or Kiln-Dried",1873,79758,79758,1.0,exact01,113304,113304,1.0,exact01,Cwt,3,
Beads Of All Sorts,1900,79685,0,0.0,nodata,2165503,0,0.0,nodata,Lb,0,
Beads Of All Sorts,1897,79539,79964,1.0053,within5,2308562,2322372,1.006,within5,Lb,9,
Whalefins,1870,79482,0,0.0,nodata,4260,0,0.0,nodata,Cwt,0,
Spices — Cinnamon,1899,79433,0,0.0,nodata,2770341,0,0.0,nodata,Lb,0,
Tares And Lentils,1879,79396,79396,1.0,exact01,321172,321172,1.0,exact01,Bushel,3,
Candles Of All Sorts,1892,79388,79388,1.0,exact01,38235,38235,1.0,exact01,Cwt,5,
Asphalt Or Bitumen,1893,79352,79352,1.0,exact01,29369,29369,1.0,exact01,Ton,7,
"Platina, Wrought Or Unwrought",1895,79191,79411,1.0028,within5,60529,60679,1.0025,within5,Oz Troy,4,
Alkali,1893,79104,79104,1.0,exact01,87703,87703,1.0,exact01,Cwt,7,
Tares And Lentils,1880,79010,79010,1.0,exact01,312866,312866,1.0,exact01,Bushel,3,
Galls,1878,78963,78963,1.0,exact01,31478,31478,1.0,exact01,Cwt,4,
Asphalt Or Bitumen,1896,78958,78958,1.0,exact01,28611,28611,1.0,exact01,Ton,5,
"Asphalt, Or Bitumen (Other Than Painters' Colours Or Drugs)",1896,78958,0,0.0,nodata,28611,0,0.0,nodata,Ton,0,
Beads Of All Sorts,1896,78803,79534,1.0093,within5,2401456,2412774,1.0047,within5,Lb,12,
All Other Sorts,1889,78555,0,0.0,nodata,78555,0,0.0,nodata,Value,0,
Moss Litter,1899,78548,78548,1.0,exact01,67155,67155,1.0,exact01,Ton,4,
"Animals, Living — Horses",1871,78495,0,0.0,nodata,3448,0,0.0,nodata,Number,0,
Beads Of All Sorts,1889,78216,77956,0.9967,within5,1809993,1801708,0.9954,within5,Lb,7,
Galls,1892,78066,78066,1.0,exact01,31249,31249,1.0,exact01,Cwt,8,
"Unenumerated, Not Sweetened",1881,78009,0,0.0,nodata,947769,0,0.0,nodata,Proof Gallon,0,
Tares And Lentils,1881,77978,77978,1.0,exact01,343207,343207,1.0,exact01,Bushel,3,
"Hair — Cow, Ox, Bull, Or Elk",1894,77943,86327,1.1076,over,63212,65800,1.0409,within5,Cwt,20,
"Cow, Ox, Bull, Or Elk",1894,77943,0,0.0,nodata,63212,0,0.0,nodata,?,0,
"Plate, Fluted, Rolled Or Rough",1896,77931,77931,1.0,exact01,55072,55072,1.0,exact01,Cwt,5,
Imitation Lard,1894,77926,0,0.0,nodata,47974,0,0.0,nodata,Cwt,0,
Alkali,1880,77869,77869,1.0,exact01,67076,67076,1.0,exact01,Cwt,3,
Plumbago,1871,77842,0,0.0,nodata,5688,0,0.0,nodata,Ton,0,
Wax,1878,77784,58501,0.7521,under,12627,9175,0.7266,under,Cwt,8,
Tares And Lentils,1899,77770,268841,3.4569,over,414399,780554,1.8836,over,Bushel,35,
"Chicory, Raw Or Kiln-Dried",1882,77715,77715,1.0,exact01,116939,116219,0.9938,within5,Cwt,2,
Bones For Manufacturing Purposes,1890,77478,0,0.0,nodata,9614,0,0.0,nodata,Ton,0,
Saumur,1900,77474,0,0.0,nodata,153152,0,0.0,nodata,?,0,
Bark — Peruvian,1899,77469,0,0.0,nodata,33579,0,0.0,nodata,Cwt,0,
"Plums, French, And Pruneloes",1896,76970,76970,1.0,exact01,32783,32783,1.0,exact01,Cwt,2,
"Plums, Commonly Called French Plums, And Prunelloes",1896,76970,0,0.0,nodata,32788,0,0.0,nodata,?,0,
Cows,1898,76951,76951,1.0,exact01,4560,4500,0.9868,within5,Number,3,
Galls,1877,76834,76834,1.0,exact01,26425,26425,1.0,exact01,Cwt,6,
Yarn,1872,76826,0,0.0,nodata,2632702,0,0.0,nodata,Lb,0,
Steel — Unwrought,1894,76810,0,0.0,nodata,8587,0,0.0,nodata,Ton,0,
Alkali,1881,76747,76747,1.0,exact01,60134,60134,1.0,exact01,Cwt,3,
Bones For Manufacturing Purposes,1891,76670,0,0.0,nodata,9678,0,0.0,nodata,Ton,0,
Beads — Of Glass,1876,76638,76638,1.0,exact01,1326226,1326226,1.0,exact01,Lb,4,
"Chicory, Raw Or Kiln-Dried",1878,76586,76586,1.0,exact01,120628,120628,1.0,exact01,Cwt,4,
"Manufactures Of Hair, And Of Goats' Wool",1878,76555,0,0.0,nodata,76555,0,0.0,nodata,Value,0,
Liquorice,1900,76335,0,0.0,nodata,31069,0,0.0,nodata,Cwt,0,
Of Felt,1896,76243,0,0.0,nodata,518612,0,0.0,nodata,Number,0,
Yarn And Waste Of,1881,76109,77146,1.0136,within5,2317379,2459953,1.0615,over,Lb,3,
Feathers — For Beds,1871,76074,0,0.0,nodata,15500,0,0.0,nodata,Cwt,0,
Liquorice,1872,75991,75991,1.0,exact01,28000,28000,1.0,exact01,Cwt,5,
"Hemp — Unenumerated Vegetable Substances, Applicable To The Same Uses As Flax Or Hemp",1898,75962,0,0.0,nodata,5620,0,0.0,nodata,Ton,0,
"Hair — Cow, Ox, Bull, Or Elk",1900,75878,0,0.0,nodata,62079,0,0.0,nodata,Cwt,0,
Yarn And Waste Of,1879,75878,75878,1.0,exact01,2400102,2400102,1.0,exact01,Lb,2,
Straw,1885,75786,0,0.0,nodata,397756,0,0.0,nodata,Lb,0,
Steel — Unwrought,1881,75726,0,0.0,nodata,6665,0,0.0,nodata,Ton,0,
Maize Or Indian Corn Meal,1895,75523,75493,0.9996,exact01,164179,164122,0.9997,exact01,Cwt,2,
"Manganese, Ore Of",1884,75435,75135,0.996,within5,26048,26048,1.0,exact01,Ton,11,
Bones For Manufacturing Purposes,1892,75355,0,0.0,nodata,10476,0,0.0,nodata,Ton,0,
Madder — Garancine,1877,75275,75275,1.0,exact01,8993,8993,1.0,exact01,Cwt,4,
Straw,1883,75254,0,0.0,nodata,366664,0,0.0,nodata,Lb,0,
Galls,1869,75034,0,0.0,nodata,21040,0,0.0,nodata,Cwt,0,
Liquorice,1895,74974,88431,1.1795,over,31173,37420,1.2004,over,Cwt,6,
"Horses (Including Ponies), Viz., Stallions",1895,74947,0,0.0,nodata,810,0,0.0,nodata,Number,0,
"Animals, Living — Swine",1888,74784,74784,1.0,exact01,24509,24509,1.0,exact01,Number,4,
"Sauces Or Condiments, Unenumerated",1898,74613,110982,1.4874,over,5191851,8036728,1.548,over,Lb,18,
"Sauces Or Condiments, Unenumerated (Including Table Salt)",1898,74613,0,0.0,nodata,5191851,0,0.0,nodata,Lb,0,
"Metals — Manufactures, Unenumerated",1883,74546,0,0.0,nodata,74546,0,0.0,nodata,Value,0,
Animal,1899,74531,0,0.0,nodata,54373,0,0.0,nodata,Cwt,0,
Of Felt,1895,74476,0,0.0,nodata,523119,0,0.0,nodata,Number,0,
Tares And Lentils,1873,74436,74436,1.0,exact01,328109,328109,1.0,exact01,Bushel,4,
Beads Of All Sorts,1888,74345,74266,0.9989,within5,1717065,1715273,0.999,within5,Lb,7,
Beads Of All Sorts,1883,74330,74330,1.0,exact01,1552914,1552914,1.0,exact01,Lb,10,
Of Felt,1899,74302,0,0.0,nodata,540040,0,0.0,nodata,Number,0,
Of Felt,1897,74296,0,0.0,nodata,569588,0,0.0,nodata,Number,0,
Tar,1896,74080,74080,1.0,exact01,115939,115939,1.0,exact01,Barrel,6,
"Chicory, Raw Or Kiln-Dried",1874,74020,0,0.0,nodata,122707,0,0.0,nodata,Cwt,0,
Plumbago,1877,73981,73981,1.0,exact01,5279,5279,1.0,exact01,Ton,4,
Manures — Unenumerated,1887,73957,120510,1.6295,over,73957,0,0.0,nodata,?,9,
Animal,1895,73894,0,0.0,nodata,48778,0,0.0,nodata,Cwt,0,
Liquorice,1877,73779,73779,1.0,exact01,26653,26653,1.0,exact01,Cwt,4,
"Platina, Wrought Or Unwrought",1896,73745,75108,1.0185,within5,56201,56300,1.0018,within5,Oz Troy,6,
Liquorice,1881,73611,73611,1.0,exact01,28288,28288,1.0,exact01,Cwt,4,
Lead — Ore Of,1894,73325,111410,1.5194,over,15600,23882,1.5309,over,Ton,21,
Plumbago,1879,73272,73272,1.0,exact01,5610,5610,1.0,exact01,Ton,4,
"Animals, Living — Horses",1870,73073,0,0.0,nodata,2387,0,0.0,nodata,Number,0,
Asphalt Or Bitumen,1895,72976,72976,1.0,exact01,26968,26938,0.9989,within5,Ton,5,
Liquorice,1880,72834,72834,1.0,exact01,26025,26025,1.0,exact01,Cwt,4,
Straw,1871,72819,0,0.0,nodata,138334,0,0.0,nodata,Lb,0,
Tares And Lentils,1900,72752,0,0.0,nodata,395427,0,0.0,nodata,Bushel,0,
"Manufactures, Unenumerated",1893,72719,0,0.0,nodata,72710,0,0.0,nodata,Value,0,
"Manufactures, Unenumerated",1875,72670,0,0.0,nodata,72670,0,0.0,nodata,Value,0,
Beads Of All Sorts,1892,72564,72125,0.994,within5,1950189,1943013,0.9963,within5,Lb,7,
Hats Or Bonnets — Of Straw,1899,72254,73139,1.0122,within5,134386,134354,0.9998,exact01,Lb,7,
"Hats Or Bonnets, Of Straw, Trimmed Or Untrimmed",1899,72254,0,0.0,nodata,134386,0,0.0,nodata,Lb,0,
Galls,1887,72212,72212,1.0,exact01,26164,26164,1.0,exact01,Cwt,7,
Confectionery,1892,72197,91137,1.2623,over,27809,37065,1.3328,over,Cwt,11,
Confectionery (Free And Dutiable),1892,72197,0,0.0,nodata,27809,0,0.0,nodata,Cwt,0,
Isinglass,1871,72189,0,0.0,nodata,4266,0,0.0,nodata,Cwt,0,
Spices — Ginger (Raw),1872,72139,72139,1.0,exact01,32174,32074,0.9969,within5,Cwt,7,
Of Other Sorts,1899,71937,0,0.0,nodata,49188,0,0.0,nodata,Cwt,0,
Slates,1895,71689,1424834,19.8752,over,144751,0,0.0,nodata,Load,52,
"Manufactures, Unenumerated",1888,71627,0,0.0,nodata,71627,0,0.0,nodata,Value,0,
Animal,1897,71574,0,0.0,nodata,55244,0,0.0,nodata,Cwt,0,
"Unenumerated, Not Sweetened Or Mixed",1895,71511,68033,0.9514,within5,1517278,1512878,0.9971,within5,Proof Gallon,6,
Unenumerated,1870,71418,0,0.0,nodata,71418,0,0.0,nodata,Value,0,
Tares And Lentils,1898,71377,317215,4.4442,over,345769,765031,2.2125,over,Bushel,38,
"Plums, French, And Pruneloes",1894,71368,0,0.0,nodata,36866,0,0.0,nodata,Cwt,0,
Tar,1894,71356,71356,1.0,exact01,111640,111640,1.0,exact01,Barrel,5,
"Unenumerated, Not Sweetened",1895,71311,0,0.0,nodata,1517278,0,0.0,nodata,Proof Gallon,0,
"Manufactures, Unenumerated",1872,71278,0,0.0,nodata,71278,0,0.0,nodata,Value,0,
Saumur,1897,71254,0,0.0,nodata,141280,0,0.0,nodata,?,0,
"Manganese, Ore Of",1881,71149,71149,1.0,exact01,18743,18743,1.0,exact01,Ton,5,
"Sweetened And Perfumed, Of All Kinds",1870,71010,0,0.0,nodata,71480,0,0.0,nodata,Gallon,0,
"Chicory, Raw Or Kiln-Dried",1879,70947,0,0.0,nodata,120682,0,0.0,nodata,Cwt,0,
Spices — Ginger (Raw),1871,70884,0,0.0,nodata,32723,0,0.0,nodata,Cwt,0,
Embroidery And Needlework,1870,70787,0,0.0,nodata,70787,0,0.0,nodata,Value,0,
"Meal, Unenumerated",1895,70707,0,0.0,nodata,336631,0,0.0,nodata,Cwt,0,
Steel — Unwrought,1877,70687,0,0.0,nodata,5014,0,0.0,nodata,Ton,0,
"Chicory, Raw Or Kiln-Dried",1868,70654,0,0.0,nodata,101429,0,0.0,nodata,Cwt,0,
Tares And Lentils,1886,70288,70288,1.0,exact01,374664,374664,1.0,exact01,Bushel,7,
Alkali,1884,70175,70175,1.0,exact01,66893,66893,1.0,exact01,Cwt,6,
Liquorice,1870,70165,0,0.0,nodata,32808,0,0.0,nodata,Cwt,0,
Steel — Unwrought,1880,70123,0,0.0,nodata,5895,0,0.0,nodata,Ton,0,
"Sauces Or Condiments, Unenumerated (Including Table Salt)",1900,69860,0,0.0,nodata,5832855,0,0.0,nodata,Lb,0,
"Old Broken, And Old Broken Steel",1898,69846,0,0.0,nodata,24231,0,0.0,nodata,Ton,0,
Liquorice,1885,69790,69793,1.0,exact01,23825,23826,1.0,exact01,Cwt,7,
"Manufactures Of Hair, And Of Goats' Wool",1869,69670,0,0.0,nodata,69670,0,0.0,nodata,Value,0,
"Cow, Ox, Bull, Or Elk",1881,69568,0,0.0,nodata,62319,0,0.0,nodata,?,0,
Paper — Hangings,1876,69535,69535,1.0,exact01,10807,10807,1.0,exact01,Cwt,2,
Whalebone (Whalefins),1882,69316,69316,1.0,exact01,3334,3334,1.0,exact01,Cwt,6,
"Chicory, Raw Or Kiln-Dried",1872,69266,69266,1.0,exact01,101504,101504,1.0,exact01,Cwt,3,
Paper — Hangings,1875,69264,69264,1.0,exact01,9797,9797,1.0,exact01,Cwt,2,
Tares And Lentils,1889,69244,69244,1.0,exact01,355588,355588,1.0,exact01,Bushel,8,
Galls,1900,69209,0,0.0,nodata,23761,0,0.0,nodata,Cwt,0,
Tares And Lentils,1896,69191,165583,2.3931,over,394028,454317,1.153,over,Bushel,37,
"Chicory, Raw Or Kiln-Dried",1883,69149,0,0.0,nodata,122215,0,0.0,nodata,Cwt,0,
Tar,1888,69059,0,0.0,nodata,121884,0,0.0,nodata,Barrel,0,
Beads Of All Sorts,1884,69015,69015,1.0,exact01,1465116,1465116,1.0,exact01,Lb,6,
Liquorice,1898,68995,68944,0.9993,exact01,32785,32759,0.9992,exact01,Cwt,6,
Animal,1871,68942,0,0.0,nodata,32821,0,0.0,nodata,Cwt,0,
"Old Broken, And Old Broken Steel",1897,68922,0,0.0,nodata,20408,0,0.0,nodata,Ton,0,
Tar,1887,68826,68826,1.0,exact01,135714,135714,1.0,exact01,Barrel,9,
Liquorice,1876,68718,68718,1.0,exact01,21921,21921,1.0,exact01,Cwt,4,
Bones For Manufacturing Purposes,1895,68566,0,0.0,nodata,11794,0,0.0,nodata,Ton,0,
"Bones, Applicable To Manufacturing Purposes",1895,68566,0,0.0,nodata,11794,0,0.0,nodata,Ton,0,
Galls,1899,68498,68495,1.0,exact01,26163,26163,1.0,exact01,Cwt,8,
"Sauces Or Condiments, Unenumerated",1899,68455,100688,1.4709,over,5794301,9053428,1.5625,over,Lb,19,
"Sauces Or Condiments, Unenumerated (Including Table Salt)",1899,68455,0,0.0,nodata,5794301,0,0.0,nodata,Lb,0,
Tar,1897,68364,63349,0.9266,under,106355,105450,0.9915,within5,Barrel,5,
"Manufactures Of Hair, And Of Goats' Wool",1875,68323,0,0.0,nodata,68323,0,0.0,nodata,Value,0,
Straw,1874,68167,0,0.0,nodata,317152,0,0.0,nodata,Lb,0,
Other Kinds Of Meal And Flour,1874,68072,0,0.0,nodata,93130,0,0.0,nodata,Cwt,0,
"Hair — Cow, Ox, Bull, Or Elk",1898,68048,75872,1.115,over,58413,60100,1.0289,within5,Cwt,20,
Saumur,1896,67952,67952,1.0,exact01,137855,0,0.0,nodata,?,2,
Safflower,1874,67881,30151,0.4442,under,13791,0,0.0,nodata,Cwt,4,
"Manganese, Ore Of",1877,67878,67878,1.0,exact01,13176,13176,1.0,exact01,Ton,6,
Whalefins,1868,67876,0,0.0,nodata,3800,0,0.0,nodata,Cwt,0,
Geneva,1899,67866,0,0.0,nodata,411570,0,0.0,nodata,Proof Gallon,0,
"Wool — Other Kinds, And Flocks",1895,67757,67601,0.9977,within5,1630266,1620366,0.9939,within5,Lb,6,
Manures — Unenumerated,1886,67531,113240,1.6769,over,67531,0,0.0,nodata,?,6,
"Unenumerated, Not Sweetened Or Mixed",1900,67287,0,0.0,nodata,1405097,0,0.0,nodata,Proof Gallon,0,
Tares And Lentils,1887,67284,66984,0.9955,within5,421526,418526,0.9929,within5,Bushel,6,
Isinglass,1873,67252,67252,1.0,exact01,3298,3298,1.0,exact01,Cwt,6,
Of Felt,1893,67186,0,0.0,nodata,451699,0,0.0,nodata,Number,0,
Steel — Unwrought,1882,67172,0,0.0,nodata,5935,0,0.0,nodata,Ton,0,
"Manganese, Ore Of",1880,67070,66070,0.9851,within5,16085,16085,1.0,exact01,Ton,4,
Unenumerated,1868,66414,0,0.0,nodata,61691,0,0.0,nodata,Value,0,
Beads — Of Glass,1877,66260,66260,1.0,exact01,1240976,1240976,1.0,exact01,Lb,4,
"Sauces Or Condiments, Unenumerated",1897,66214,97470,1.472,over,4770757,7396475,1.5504,over,Lb,18,
"Sauces Or Condiments, Unenumerated (Including Table Salt)",1897,66214,0,0.0,nodata,4770757,0,0.0,nodata,Lb,0,
Manufactures Of,1868,66199,0,0.0,nodata,638953,0,0.0,nodata,Lb,0,
Imitation Lard,1895,66012,0,0.0,nodata,48444,0,0.0,nodata,Cwt,0,
Straw,1872,65650,0,0.0,nodata,195577,0,0.0,nodata,Lb,0,
Tar,1886,65619,65232,0.9941,within5,120729,120156,0.9953,within5,Barrel,7,
"Garden, Unenumerated",1899,65481,65481,1.0,exact01,2039204,2039124,1.0,exact01,Lb,12,
Steel — Unwrought,1878,65357,0,0.0,nodata,4583,0,0.0,nodata,Ton,0,
Beads Of All Sorts,1878,65328,0,0.0,nodata,1278646,0,0.0,nodata,Lb,0,
Spices — Cinnamon,1898,65084,0,0.0,nodata,1811672,0,0.0,nodata,Lb,0,
"Unenumerated, Not Sweetened Or Mixed",1897,65063,0,0.0,nodata,1367960,0,0.0,nodata,Proof Gallon,0,
Saumur,1895,65005,0,0.0,nodata,133848,0,0.0,nodata,?,0,
"Chicory, Raw Or Kiln-Dried",1876,64999,0,0.0,nodata,116055,0,0.0,nodata,Cwt,0,
All Other Sorts,1891,64986,0,0.0,nodata,64986,0,0.0,nodata,Value,0,
"All Other Sorts, Undressed And Dressed }(Not Leather)",1891,64986,0,0.0,nodata,459854,0,0.0,nodata,Number,0,
"Garden, Unenumerated",1900,64944,0,0.0,nodata,2070518,0,0.0,nodata,Lb,0,
Of Felt,1894,64930,0,0.0,nodata,438973,0,0.0,nodata,Number,0,
Liquorice,1897,64886,64556,0.9949,within5,29489,29486,0.9999,exact01,Cwt,6,
Galls,1876,64704,64704,1.0,exact01,25884,25884,1.0,exact01,Cwt,5,
Liquorice,1875,64679,64679,1.0,exact01,20921,20921,1.0,exact01,Cwt,4,
Whalefins,1873,64618,64618,1.0,exact01,3544,0,0.0,nodata,Cwt,4,
Liquorice,1894,64599,64447,0.9976,within5,25361,25274,0.9966,within5,Cwt,5,
All Other Skins And Furs,1870,64463,0,0.0,nodata,460699,0,0.0,nodata,Value,0,
"Animals, Living — Swine",1887,64424,64424,1.0,exact01,21965,21965,1.0,exact01,Number,4,
Spices — Ginger,1882,64409,61241,0.9508,within5,25485,23633,0.9273,under,Cwt,4,
"Hemp — Unenumerated Vegetable Substances, Applicable To The Same Uses As Flax Or Hemp",1899,64384,0,0.0,nodata,4183,0,0.0,nodata,Ton,0,
"Chicory, Raw Or Kiln-Dried",1894,64249,64249,1.0,exact01,108040,108040,1.0,exact01,Cwt,3,
"Manufactures Of Hair, And Of Goats' Wool",1874,64166,0,0.0,nodata,64166,0,0.0,nodata,Value,0,
Hats Or Bonnets — Of Straw,1892,64150,64085,0.999,within5,393001,392629,0.9991,exact01,Lb,5,
Straw,1892,64150,174390,2.7185,over,393001,0,0.0,nodata,Lb,6,
"Unenumerated, Not Sweetened Or Mixed",1896,63878,63878,1.0,exact01,1329500,1329500,1.0,exact01,Proof Gallon,10,
"Unenumerated, Not Sweetened",1896,63878,0,0.0,nodata,1329500,0,0.0,nodata,Proof Gallon,0,
Saumur,1894,63877,62825,0.9835,within5,129145,0,0.0,nodata,?,2,
Alkali,1878,63756,63756,1.0,exact01,53821,53821,1.0,exact01,Cwt,4,
Unenumerated,1869,63441,0,0.0,nodata,55392,0,0.0,nodata,Value,0,
Unstemmed,1893,63360,0,0.0,nodata,29184240,0,0.0,nodata,Lb,0,
Galls,1875,63359,100406,1.5847,over,28162,36787,1.3063,over,Cwt,9,
"Animals, Living — Swine",1886,63357,63357,1.0,exact01,21351,21351,1.0,exact01,Number,5,
Safflower,1873,63315,25648,0.4051,under,10076,0,0.0,nodata,Cwt,3,
"Animals, Living — Swine",1885,63248,63248,1.0,exact01,16522,16522,1.0,exact01,Number,3,
Spices — Ginger,1890,63231,63731,1.0079,within5,32639,32639,1.0,exact01,Cwt,10,
Geneva,1898,62958,0,0.0,nodata,352336,0,0.0,nodata,Proof Gallon,0,
Paper — Hangings,1877,62955,62955,1.0,exact01,11995,11995,1.0,exact01,Cwt,2,
"Hair — Cow, Ox, Bull, Or Elk",1884,62937,62937,1.0,exact01,49846,49846,1.0,exact01,Cwt,9,
"Cow, Ox, Bull, Or Elk",1878,62870,0,0.0,nodata,50048,0,0.0,nodata,?,0,
Whalebone,1898,62853,66149,1.0524,over,2475,2541,1.0267,within5,Cwt,14,
Whalebone (Including Finners),1898,62853,0,0.0,nodata,2475,0,0.0,nodata,Cwt,0,
Cochineal (Including Granilla And Dust),1887,62750,62750,1.0,exact01,10089,10089,1.0,exact01,Cwt,2,
Geneva,1897,62735,0,0.0,nodata,358338,0,0.0,nodata,Proof Gallon,0,
Animal,1898,62704,0,0.0,nodata,56723,0,0.0,nodata,Cwt,0,
Liquorice,1884,62618,63288,1.0107,within5,21182,21242,1.0028,within5,Cwt,4,
Steel — Unwrought,1892,62486,0,0.0,nodata,6483,0,0.0,nodata,Ton,0,
"Manufactures, Unenumerated",1891,62483,0,0.0,nodata,0,0,,noanchor,Value,0,
Other Kinds Of Meal And Flour,1873,62434,0,0.0,nodata,79439,0,0.0,nodata,Cwt,0,
"Chicory, Raw Or Kiln-Dried",1887,62375,63077,1.0113,within5,128845,128845,1.0,exact01,Cwt,3,
"Sweetened And Perfumed, Of All Kinds",1869,62314,0,0.0,nodata,62617,0,0.0,nodata,Gallon,0,
Beads — Of Glass,1878,62283,62283,1.0,exact01,1263639,1263639,1.0,exact01,Lb,4,
Cows,1896,62231,62296,1.001,within5,3987,3991,1.001,within5,Number,6,
Confectionery,1891,62147,73816,1.1878,over,22860,29083,1.2722,over,Cwt,9,
Whalefins,1880,62009,62009,1.0,exact01,2145,2145,1.0,exact01,Cwt,4,
Whalebone (Whalefins),1880,62009,0,0.0,nodata,2145,0,0.0,nodata,Cwt,0,
Dried Or Preserved,1899,62000,0,0.0,nodata,62000,0,0.0,nodata,Cwt,0,
"Meal, Unenumerated",1893,61967,61571,0.9936,within5,246561,245009,0.9937,within5,Cwt,8,
Wool — Other Sorts Of Goats' Wool Or Hair,1900,61954,0,0.0,nodata,3851770,0,0.0,nodata,Lb,0,
"All Other Sorts, Undressed And Dressed }(Not Leather)",1895,61776,0,0.0,nodata,387050,0,0.0,nodata,Number,0,
Liquorice,1878,61724,61724,1.0,exact01,23342,23342,1.0,exact01,Cwt,4,
"Manufactures, Unenumerated",1873,61662,0,0.0,nodata,61662,0,0.0,nodata,Value,0,
"Drugs — Bark, Peruvian",1896,61578,104970,1.7047,over,35291,61279,1.7364,over,Cwt,14,
Bark — Peruvian,1896,61578,0,0.0,nodata,35291,0,0.0,nodata,Cwt,0,
"Unenumerated, Not Sweetened Or Mixed",1898,61566,0,0.0,nodata,1015793,0,0.0,nodata,Proof Gallon,0,
"Old, Fit Only To Be Re-Manufactured",1893,61548,62046,1.0081,within5,1924,1940,1.0083,within5,Ton,19,
Geneva,1896,61252,0,0.0,nodata,359088,0,0.0,nodata,Proof Gallon,0,
Tares And Lentils,1874,61072,61072,1.0,exact01,240185,240152,0.9999,exact01,Bushel,4,
"Manufactures, Unenumerated",1870,61050,0,0.0,nodata,61050,0,0.0,nodata,Value,0,
Steel — Unwrought,1879,61035,0,0.0,nodata,5183,0,0.0,nodata,Ton,0,
Hats Or Bonnets — Of Straw,1898,60989,80845,1.3256,over,150441,149662,0.9948,within5,Lb,8,
"Hats Or Bonnets, Of Straw, Trimmed Or Untrimmed",1898,60989,0,0.0,nodata,150441,0,0.0,nodata,Lb,0,
Spices — Ginger (Raw),1870,60973,0,0.0,nodata,33854,0,0.0,nodata,Cwt,0,
Tar,1893,60921,60921,1.0,exact01,107216,107216,1.0,exact01,Barrel,5,
Other Kinds Of Meal And Flour,1875,60907,0,0.0,nodata,83018,0,0.0,nodata,Cwt,0,
Spirits — Geneva,1891,60895,60895,1.0,exact01,337711,337711,1.0,exact01,Proof Gallon,3,
Mares,1893,60865,77036,1.2657,over,2980,2868,0.9624,within5,Number,18,
"Meat — Salted Or Fresh, Not Otherwise Described",1884,60823,60823,1.0,exact01,18472,18772,1.0162,within5,Cwt,5,
"Chicory, Raw Or Kiln-Dried",1875,60746,0,0.0,nodata,105135,0,0.0,nodata,Cwt,0,
Spirits — Geneva,1874,60707,0,0.0,nodata,328446,0,0.0,nodata,Proof Gallon,0,
"Fruit, Dried Or Preserved, Liable To Duty — Dried Or Preserved (Including Dried Apricots) „",1900,60668,0,0.0,nodata,37609,0,0.0,nodata,?,0,
Yarn And Waste Of,1876,60593,60593,1.0,exact01,1706330,1706430,1.0001,exact01,Lb,2,
"Chicory, Raw Or Kiln-Dried",1885,60571,60564,0.9999,exact01,116612,116607,1.0,exact01,Cwt,2,
Steel — Unwrought,1883,60407,0,0.0,nodata,4517,0,0.0,nodata,Ton,0,
Oil — Animal,1873,60152,60152,1.0,exact01,24999,24999,1.0,exact01,Cwt,6,
Animal,1873,60152,0,0.0,nodata,24999,0,0.0,nodata,Cwt,0,
"Chicory, Raw Or Kiln-Dried",1877,60113,60113,1.0,exact01,109207,109207,1.0,exact01,Cwt,3,
Spices — Ginger (Raw),1869,59982,0,0.0,nodata,34535,0,0.0,nodata,Cwt,0,
Straw,1884,59966,0,0.0,nodata,302816,0,0.0,nodata,Lb,0,
Spirits — Geneva,1873,59905,1090,0.0182,under,324496,8939,0.0275,under,Proof Gallon,1,
"Chicory, Raw Or Kiln-Dried",1884,59882,0,0.0,nodata,113210,0,0.0,nodata,Cwt,0,
"Fruit, Dried Or Preserved, Liable To Duty — Dried Or Preserved (Including Dried Apricots) „",1896,59861,0,0.0,nodata,26197,0,0.0,nodata,?,0,
Galls,1895,59815,98088,1.6399,over,26248,43126,1.643,over,Cwt,9,
Straw,1891,59655,0,0.0,nodata,315498,0,0.0,nodata,Lb,0,
"Sweetened And Perfumed, Of All Kinds",1868,59451,0,0.0,nodata,62172,0,0.0,nodata,Gallon,0,
Whalebone (Including Finners),1900,59446,0,0.0,nodata,2923,0,0.0,nodata,Cwt,0,
"Chicory, Raw Or Kiln-Dried",1893,59326,59326,1.0,exact01,99134,99134,1.0,exact01,Cwt,4,
Straw,1878,59303,0,0.0,nodata,308101,0,0.0,nodata,Lb,0,
Cows,1894,59298,59298,1.0,exact01,3513,3513,1.0,exact01,Number,5,
"Manufactures, Unenumerated",1884,59252,0,0.0,nodata,59252,0,0.0,nodata,Value,0,
"All Other Sorts, Undressed And Dressed }(Not Leather)",1892,59143,0,0.0,nodata,469068,0,0.0,nodata,Number,0,
"Old Broken, And Old Broken Steel",1896,59111,0,0.0,nodata,15333,0,0.0,nodata,Ton,0,
Dried Or Preserved,1898,59049,0,0.0,nodata,40133,0,0.0,nodata,Cwt,0,
"Fruit, Dried Or Preserved, Liable To Duty — Dried Or Preserved (Including Dried Apricots) „",1898,59049,0,0.0,nodata,49153,0,0.0,nodata,?,0,
Geneva,1892,58927,0,0.0,nodata,340209,0,0.0,nodata,Proof Gallon,0,
Spices — Cinnamon,1886,58909,672,0.0114,under,1752283,44687,0.0255,under,Lb,1,
Paper — Hangings,1890,58857,58857,1.0,exact01,9174,9504,1.036,within5,Cwt,8,
"Drugs — Bark, Peruvian",1895,58804,89689,1.5252,over,32206,53341,1.6562,over,Cwt,14,
Bark — Peruvian,1895,58804,0,0.0,nodata,32206,0,0.0,nodata,Cwt,0,
Spices — Cinnamon,1885,58726,58726,1.0,exact01,1597504,1597504,1.0,exact01,Lb,3,
Geneva,1895,58644,0,0.0,nodata,332432,0,0.0,nodata,Proof Gallon,0,
"Preserved, Otherwise Than By Salting",1868,58629,0,0.0,nodata,20118,0,0.0,nodata,Cwt,0,
Geneva,1894,58560,0,0.0,nodata,336179,0,0.0,nodata,Proof Gallon,0,
"Chicory, Raw Or Kiln-Dried",1889,58222,0,0.0,nodata,119738,0,0.0,nodata,Cwt,0,
Candles Of All Sorts,1893,58131,59681,1.0267,within5,27041,27404,1.0134,within5,Cwt,6,
"Manufactures, Unenumerated",1889,58073,0,0.0,nodata,58073,0,0.0,nodata,Value,0,
Buckwheat,1898,57855,57365,0.9915,within5,189780,189480,0.9984,within5,Cwt,5,
Manufactures Of India And China,1872,57815,0,0.0,nodata,103013,0,0.0,nodata,Pieces,0,
"Chicory, Raw Or Kiln-Dried",1888,57753,57509,0.9958,within5,108395,107894,0.9954,within5,Cwt,1,
Kowrie,1873,57709,57709,1.0,exact01,34223,34223,1.0,exact01,Cwt,2,
Galls,1896,57670,92621,1.6061,over,23807,39191,1.6462,over,Cwt,9,
"Animals, Living — Swine",1882,57539,57539,1.0,exact01,15670,15670,1.0,exact01,Number,3,
Manufactures Of India And China,1878,57410,0,0.0,nodata,168090,0,0.0,nodata,Pieces,0,
Spirits — Geneva,1876,57376,0,0.0,nodata,326368,0,0.0,nodata,Proof Gallon,0,
Liquorice,1879,57341,57341,1.0,exact01,21432,21402,0.9986,within5,Cwt,4,
Geneva,1893,57157,0,0.0,nodata,323629,0,0.0,nodata,Proof Gallon,0,
Embroidery And Needlework,1884,56983,0,0.0,nodata,56983,0,0.0,nodata,Value,0,
Isinglass,1872,56839,56839,1.0,exact01,3286,3286,1.0,exact01,Cwt,6,
Paper — Hangings,1878,56799,56799,1.0,exact01,12734,12734,1.0,exact01,Cwt,2,
Cavendish Or Negrohead,1898,56751,56751,1.0,exact01,1348375,1348375,1.0,exact01,Lb,8,
"All Other Sorts, Undressed And Dressed }(Not Leather)",1893,56619,0,0.0,nodata,618742,0,0.0,nodata,Number,0,
Spirits — Geneva,1875,56553,56553,1.0,exact01,304854,304854,1.0,exact01,Proof Gallon,2,
Hock,1899,56465,56407,0.999,within5,57787,0,0.0,nodata,?,2,
Spices — Ginger (Raw),1881,56453,56453,1.0,exact01,27310,27310,1.0,exact01,Cwt,4,
Spices — Ginger,1881,56453,0,0.0,nodata,27310,0,0.0,nodata,Cwt,0,
"Chicory, Raw Or Kiln-Dried",1886,56418,56541,1.0022,within5,112467,112402,0.9994,exact01,Cwt,3,
Spirits — Geneva,1890,56414,56395,0.9997,exact01,320428,320369,0.9998,exact01,Proof Gallon,2,
Spirits — Geneva,1872,56385,0,0.0,nodata,305166,0,0.0,nodata,Proof Gallon,0,
Liquorice,1874,56113,56113,1.0,exact01,18641,18341,0.9839,within5,Cwt,6,
Bones For Manufacturing Purposes,1894,56085,0,0.0,nodata,7926,0,0.0,nodata,Ton,0,
"Bones, Applicable To Manufacturing Purposes",1894,56085,0,0.0,nodata,7926,0,0.0,nodata,Ton,0,
"Chicory, Raw Or Kiln-Dried",1871,55915,0,0.0,nodata,77375,0,0.0,nodata,Cwt,0,
Alkali,1886,55828,55828,1.0,exact01,78154,78154,1.0,exact01,Cwt,7,
"Sauces Or Condiments, Unenumerated",1896,55809,85044,1.5238,over,4523611,6942961,1.5348,over,Lb,18,
"Sauces Or Condiments, Unenumerated (Including Table Salt)",1896,55809,0,0.0,nodata,4523611,0,0.0,nodata,Lb,0,
"Meal, Unenumerated",1898,55688,0,0.0,nodata,215214,0,0.0,nodata,Cwt,0,
Paper — Hangings,1879,55511,55511,1.0,exact01,13522,13522,1.0,exact01,Cwt,3,
Paper — Hangings,1880,55402,55402,1.0,exact01,14849,14849,1.0,exact01,Cwt,3,
"Cow, Ox, Bull, Or Elk",1879,55199,0,0.0,nodata,51427,0,0.0,nodata,?,0,
Kowrie,1887,55144,170459,3.0912,over,55144,52144,0.9456,under,Cwt,3,
Liquorice,1871,55120,0,0.0,nodata,19607,0,0.0,nodata,Cwt,0,
Whalefins,1874,54920,54920,1.0,exact01,2911,2911,1.0,exact01,Cwt,2,
Waste Of (Raw And Yarn),1894,54918,93765,1.7074,over,6585961,11494407,1.7453,over,Lb,13,
Tares And Lentils,1890,54824,54824,1.0,exact01,273561,273621,1.0002,exact01,Bushel,8,
"Manufactures Of Hair, And Of Goats' Wool",1870,54762,0,0.0,nodata,54762,0,0.0,nodata,Value,0,
Galls,1897,54642,54642,1.0,exact01,24453,24453,1.0,exact01,Cwt,9,
Spices — Cinnamon,1897,54172,0,0.0,nodata,1554260,0,0.0,nodata,Lb,0,
Galls,1870,54169,0,0.0,nodata,17748,0,0.0,nodata,Cwt,0,
Spirits — Geneva,1885,54108,604,0.0112,under,303158,3682,0.0121,under,Proof Gallon,4,
Galls,1894,53978,74559,1.3813,over,24761,32984,1.3321,over,Cwt,9,
Alkali,1885,53841,53841,1.0,exact01,68503,68603,1.0015,within5,Cwt,6,
Linen Yarn,1870,53750,0,0.0,nodata,3081597,0,0.0,nodata,Lb,0,
Spirits — Geneva,1877,53620,53620,1.0,exact01,298072,298072,1.0,exact01,Proof Gallon,2,
"Plums, French, And Pruneloes",1895,53601,53601,1.0,exact01,21454,21454,1.0,exact01,Cwt,2,
Manufactures Of India And China,1876,53498,0,0.0,nodata,117685,0,0.0,nodata,Pieces,0,
"Chicory, Raw Or Kiln-Dried",1891,53497,0,0.0,nodata,113961,0,0.0,nodata,Cwt,0,
Other Sorts Of Shell Fish,1900,53447,0,0.0,nodata,153774,0,0.0,nodata,Cwt,0,
"Chicory, Raw Or Kiln-Dried",1895,53434,53434,1.0,exact01,112103,112103,1.0,exact01,Cwt,4,
Oil — Castor,1900,53335,0,0.0,nodata,53335,0,0.0,nodata,Cwt,0,
"Plate, Fluted, Rolled Or Rough",1895,53065,53065,1.0,exact01,48990,48990,1.0,exact01,Cwt,4,
Spirits — Geneva,1871,53001,0,0.0,nodata,352025,0,0.0,nodata,Proof Gallon,0,
Spirits — Geneva,1889,52752,52741,0.9998,exact01,304493,304458,0.9999,exact01,Proof Gallon,2,
Of Other Sorts,1898,52715,0,0.0,nodata,45507,0,0.0,nodata,Cwt,0,
"All Other Sorts, Undressed And Dressed }(Not Leather)",1894,52553,0,0.0,nodata,398213,0,0.0,nodata,Number,0,
Oil — Animal,1876,52515,52515,1.0,exact01,26914,26914,1.0,exact01,Cwt,3,
Animal,1876,52515,0,0.0,nodata,26914,0,0.0,nodata,Cwt,0,
Tares And Lentils,1897,52496,271842,5.1783,over,259637,448806,1.7286,over,Bushel,35,
"Sauces Or Condiments, Unenumerated",1895,52482,83999,1.6005,over,5822303,9072457,1.5582,over,Lb,17,
Bark — Peruvian,1897,52463,0,0.0,nodata,24674,0,0.0,nodata,Cwt,0,
"Coals, Cinders, &C — Coals And Culm",1893,52321,82568,1.5781,over,25645,33305,1.2987,over,Ton,8,
"Old Broken, And Old Broken Steel",1894,52290,0,0.0,nodata,16839,0,0.0,nodata,Ton,0,
"Bones, Applicable To Manufacturing Purposes",1900,52160,0,0.0,nodata,11858,0,0.0,nodata,Ton,0,
Madder,1876,52073,52073,1.0,exact01,25570,25570,1.0,exact01,Cwt,3,
All Other Skins And Furs,1869,51878,0,0.0,nodata,426751,0,0.0,nodata,Value,0,
"Manufactures, Unenumerated",1887,51874,0,0.0,nodata,51874,0,0.0,nodata,Value,0,
Candles Of All Sorts,1896,51690,51685,0.9999,exact01,27087,27087,1.0,exact01,Cwt,6,
Manufactures Of,1871,51631,0,0.0,nodata,581815,0,0.0,nodata,Lb,0,
Spirits — Geneva,1882,51618,51618,1.0,exact01,283338,283338,1.0,exact01,Proof Gallon,2,
Whalefins,1872,51558,51558,1.0,exact01,2831,2831,1.0,exact01,Cwt,3,
Spices — Ginger,1891,51553,49742,0.9649,within5,17346,15003,0.8649,under,Cwt,4,
Hock,1898,51429,51375,0.999,within5,52149,0,0.0,nodata,?,2,
Spirits — Geneva,1883,51365,51365,1.0,exact01,281371,281371,1.0,exact01,Proof Gallon,4,
"Manufactures Of Hair, And Of Goats' Wool",1872,51108,0,0.0,nodata,51108,0,0.0,nodata,Value,0,
Cochineal (Including Granilla And Dust),1890,51067,0,0.0,nodata,7808,0,0.0,nodata,Cwt,0,
Spices — Cinnamon,1889,50987,50987,1.0,exact01,1608440,1608440,1.0,exact01,Lb,5,
"Chicory, Raw Or Kiln-Dried",1892,50942,0,0.0,nodata,105199,0,0.0,nodata,Cwt,0,
"Plums, Commonly Called French Plums, And Prunelloes",1899,50762,0,0.0,nodata,1098,0,0.0,nodata,?,0,
Cochineal (Including Granilla And Dust),1889,50749,0,0.0,nodata,8186,0,0.0,nodata,Cwt,0,
Alkali,1888,50687,50687,1.0,exact01,56793,56793,1.0,exact01,Cwt,7,
Spirits — Geneva,1886,50486,49732,0.9851,within5,297410,294304,0.9896,within5,Proof Gallon,2,
"Sauces Or Condiments, Unenumerated",1894,50411,80087,1.5887,over,5247214,7767526,1.4803,over,Lb,16,
Linen Yarn,1873,50409,50409,1.0,exact01,603286,603286,1.0,exact01,Lb,3,
Alkali,1891,50404,50404,1.0,exact01,87168,84138,0.9652,within5,Cwt,6,
Whalebone (Whalefins),1881,50394,0,0.0,nodata,2103,0,0.0,nodata,Cwt,0,
Other Sorts Of Shell Fish,1899,50379,0,0.0,nodata,136121,0,0.0,nodata,Cwt,0,
Cochineal (Including Granilla And Dust),1888,50272,50272,1.0,exact01,7674,7644,0.9961,within5,Cwt,4,
Other Sorts Of Shell Fish,1896,50174,0,0.0,nodata,156638,0,0.0,nodata,Cwt,0,
Unenumerated,1898,50173,0,0.0,nodata,167693,0,0.0,nodata,Value,0,
"Chicory, Raw Or Kiln-Dried",1890,50093,0,0.0,nodata,114843,0,0.0,nodata,Cwt,0,
Lead — Ore Of,1893,49967,72177,1.4445,over,9857,14118,1.4323,over,Ton,22,
Spirits — Geneva,1884,49896,0,0.0,nodata,274852,0,0.0,nodata,Proof Gallon,0,
Paper — Hangings,1885,49796,49796,1.0,exact01,8463,8463,1.0,exact01,Cwt,8,
"Unenumerated, Not Sweetened",1880,49715,0,0.0,nodata,577383,0,0.0,nodata,Proof Gallon,0,
Paper — Hangings,1888,49696,49646,0.999,within5,8140,8130,0.9988,within5,Cwt,8,
Paper — Hangings,1889,49568,49568,1.0,exact01,8013,8013,1.0,exact01,Cwt,8,
Spirits — Geneva,1878,49555,49555,1.0,exact01,285289,285289,1.0,exact01,Proof Gallon,2,
"Skins, Furs, And Pelts — In Any Way Dressed (Not Leather)",1899,49351,0,0.0,nodata,302260,0,0.0,nodata,Number,0,
Whalefins,1879,49272,49272,1.0,exact01,2145,2145,1.0,exact01,Cwt,4,
Whalebone (Whalefins),1879,49272,0,0.0,nodata,2145,0,0.0,nodata,Cwt,0,
"Old Broken, And Old Broken Steel",1895,49244,0,0.0,nodata,15715,0,0.0,nodata,Ton,0,
Tares And Lentils,1878,49197,43982,0.894,under,212773,184447,0.8669,under,Bushel,1,
Cows,1893,48996,49053,1.0012,within5,2908,2915,1.0024,within5,Number,6,
Spirits — Geneva,1881,48677,0,0.0,nodata,264109,0,0.0,nodata,Proof Gallon,0,
All Other Sorts,1882,48674,0,0.0,nodata,48674,0,0.0,nodata,Value,0,
Spices — Cinnamon,1895,48601,47005,0.9672,within5,1645340,1618380,0.9836,within5,Lb,2,
Cinnamon,1895,48601,0,0.0,nodata,1645340,0,0.0,nodata,Lb,0,
Cavendish Or Negrohead,1893,48291,42978,0.89,under,1017474,1012901,0.9955,within5,Lb,2,
Paper — Hangings,1881,48089,48089,1.0,exact01,10205,10205,1.0,exact01,Cwt,3,
Straw,1882,48083,0,0.0,nodata,355369,0,0.0,nodata,Lb,0,
Straw,1887,48050,0,0.0,nodata,219276,0,0.0,nodata,Lb,0,
Straw,1879,48042,0,0.0,nodata,284076,0,0.0,nodata,Lb,0,
Embroidery And Needlework,1879,48038,0,0.0,nodata,48038,0,0.0,nodata,Value,0,
Oil — Animal,1869,47993,0,0.0,nodata,23403,0,0.0,nodata,Cwt,0,
Animal,1869,47993,0,0.0,nodata,23403,0,0.0,nodata,Cwt,0,
Candles Of All Sorts,1895,47875,47875,1.0,exact01,21388,21388,1.0,exact01,Cwt,6,
Pitch,1900,47839,0,0.0,nodata,139993,0,0.0,nodata,Cwt,0,
Whalefins,1878,47737,47737,1.0,exact01,1468,1468,1.0,exact01,Cwt,3,
Whalebone (Whalefins),1878,47737,0,0.0,nodata,1468,0,0.0,nodata,Cwt,0,
"Manufactures Of Hair, And Of Goats' Wool",1873,47610,0,0.0,nodata,47610,0,0.0,nodata,Value,0,
Manufactures Of India And China,1873,47602,0,0.0,nodata,93686,0,0.0,nodata,Pieces,0,
Cochineal (Including Granilla And Dust),1891,47547,47363,0.9961,within5,7911,7876,0.9956,within5,Cwt,2,
Imitation Lard,1896,47536,0,0.0,nodata,39663,0,0.0,nodata,Cwt,0,
"Plate, Fluted, Rolled Or Rough",1893,47308,47311,1.0001,exact01,31324,31328,1.0001,exact01,Cwt,6,
Whalefins,1876,47144,85080,1.8047,over,1799,1054,0.5859,under,Cwt,3,
"Skins, Furs, And Pelts — In Any Way Dressed (Not Leather)",1895,47055,46440,0.9869,within5,253192,252153,0.9959,within5,Number,8,
Buckwheat,1897,46919,46749,0.9964,within5,170264,169444,0.9952,within5,Cwt,7,
Alkali,1887,46847,46847,1.0,exact01,64753,61753,0.9537,within5,Cwt,7,
Other Sorts Of Shell Fish,1898,46792,0,0.0,nodata,113818,0,0.0,nodata,Cwt,0,
Manufactures Of India And China,1868,46773,0,0.0,nodata,98397,0,0.0,nodata,Pieces,0,
Other Sorts Of Shell Fish,1897,46645,0,0.0,nodata,131621,0,0.0,nodata,Cwt,0,
Manufactures Of India And China,1879,46608,0,0.0,nodata,141174,0,0.0,nodata,Pieces,0,
Galls,1874,46555,46555,1.0,exact01,24278,24058,0.9909,within5,Cwt,3,
Straw,1886,46529,0,0.0,nodata,250581,0,0.0,nodata,Lb,0,
Unenumerated,1899,46481,0,0.0,nodata,154525,0,0.0,nodata,Value,0,
Buckwheat,1899,46471,45471,0.9785,within5,144500,144500,1.0,exact01,Cwt,6,
Oil — Animal,1872,46454,46454,1.0,exact01,23111,23111,1.0,exact01,Cwt,4,
Animal,1872,46454,0,0.0,nodata,23111,0,0.0,nodata,Cwt,0,
Spirits — Geneva,1887,46315,0,0.0,nodata,259776,0,0.0,nodata,Proof Gallon,0,
"Horses (Including Ponies), Viz., Stallions",1897,46258,0,0.0,nodata,492,0,0.0,nodata,Number,0,
"Chicory, Raw Or Kiln-Dried",1896,46239,46239,1.0,exact01,103160,103160,1.0,exact01,Cwt,3,
Manufactures Of India And China,1877,46222,0,0.0,nodata,119284,0,0.0,nodata,Pieces,0,
Wool — Other Sorts Of Goats' Wool Or Hair,1898,46088,0,0.0,nodata,3664005,0,0.0,nodata,Lb,0,
Embroidery And Needlework,1881,46024,0,0.0,nodata,46024,0,0.0,nodata,Value,0,
"Plate, Fluted, Rolled Or Rough",1894,45929,46633,1.0153,within5,37517,34881,0.9297,under,Cwt,6,
Paper — Hangings,1872,45923,45593,0.9928,within5,8017,8017,1.0,exact01,Cwt,4,
Paper — Hangings,1887,45878,45878,1.0,exact01,7118,7118,1.0,exact01,Cwt,7,
"Manganese, Ore Of",1879,45873,45873,1.0,exact01,12172,12172,1.0,exact01,Ton,4,
Galls,1879,45865,45865,1.0,exact01,16512,16512,1.0,exact01,Cwt,3,
Cavendish Or Negrohead,1895,45830,45984,1.0034,within5,1083524,1087219,1.0034,within5,Lb,7,
"Manufactures, Unenumerated",1879,45763,0,0.0,nodata,45763,0,0.0,nodata,Value,0,
Madder — Root,1876,45683,45060,0.9864,within5,34243,33794,0.9869,within5,Cwt,5,
Spirits — Geneva,1880,45643,0,0.0,nodata,254503,0,0.0,nodata,Proof Gallon,0,
Manufactures Of,1869,45617,0,0.0,nodata,365676,0,0.0,nodata,Lb,0,
"Manufactures, Unenumerated",1892,45325,0,0.0,nodata,45325,0,0.0,nodata,Value,0,
Wool — Other Goats' Wool Or Hair,1895,45296,3931160,86.7882,over,0,0,,noanchor,?,16,
Wool — Other Goats' Wool Or Hair,1897,45296,1447936,31.9661,over,3259056,51712706,15.8674,over,?,25,
Wool — Other Sorts Of Goats' Wool Or Hair,1897,45296,0,0.0,nodata,3259056,0,0.0,nodata,Lb,0,
Embroidery And Needlework,1880,45240,0,0.0,nodata,45210,0,0.0,nodata,Value,0,
Whalefins,1871,45178,0,0.0,nodata,2853,0,0.0,nodata,Cwt,0,
Paper — Hangings,1891,45169,45166,0.9999,exact01,8223,8222,0.9999,exact01,Cwt,8,
"Wood And Timber — Furniture, Hardwoods, And Veneers : Unenumerated",1870,45034,0,0.0,nodata,19091,0,0.0,nodata,Ton,0,
Kowrie,1886,44724,265341,5.9329,over,44724,89002,1.99,over,Cwt,4,
"Manganese, Ore Of",1876,44659,44659,1.0,exact01,8914,8914,1.0,exact01,Ton,5,
Cavendish Or Negrohead,1896,44631,44631,1.0,exact01,998264,998264,1.0,exact01,Lb,8,
Confectionery,1890,44371,44371,1.0,exact01,14906,14906,1.0,exact01,Cwt,9,
Tobacco — Moselle,1898,44295,43295,0.9774,within5,46224,0,0.0,nodata,?,3,
Spirits — Geneva,1879,44115,0,0.0,nodata,254132,0,0.0,nodata,Proof Gallon,0,
Manufactures Of Iron And Steel — Tyres And Axles,1900,44089,0,0.0,nodata,42250,0,0.0,nodata,Cwt,0,
Cavendish Or Negrohead,1897,44069,44069,1.0,exact01,1007599,1007599,1.0,exact01,Lb,8,
Spices — Cinnamon,1887,44061,44061,1.0,exact01,1099973,1099973,1.0,exact01,Lb,3,
"Madder, Madder Root, Garancine, And Munjeet",1878,43925,0,0.0,nodata,35643,0,0.0,nodata,Cwt,0,
"Horses (Including Ponies), Viz., Stallions",1899,43896,0,0.0,nodata,933,0,0.0,nodata,Number,0,
Paper — Hangings,1884,43698,43698,1.0,exact01,6851,6851,1.0,exact01,Cwt,5,
All Other Sorts,1885,43633,0,0.0,nodata,43633,0,0.0,nodata,Value,0,
Spices — Cinnamon,1896,43456,43456,1.0,exact01,1318980,1318980,1.0,exact01,Lb,5,
Sugar — Glucose,1873,43373,43373,1.0,exact01,36306,36306,1.0,exact01,Cwt,4,
"Manufactures, Unenumerated",1885,43224,0,0.0,nodata,43224,0,0.0,nodata,Value,0,
Pitch,1895,43106,43480,1.0087,within5,138844,140440,1.0115,within5,Cwt,9,
"Coals, Cinders, &C — Coals And Culm",1895,43088,71938,1.6696,over,16265,21790,1.3397,over,Ton,2,
Oil — Animal,1870,42785,0,0.0,nodata,21955,0,0.0,nodata,Cwt,0,
Oil-Seed Cake — Of Other Sorts,1894,42785,810795,18.9504,over,9483,35174,3.7092,over,Ton,43,
Animal,1870,42785,0,0.0,nodata,21955,0,0.0,nodata,Cwt,0,
Hock,1895,42767,42695,0.9983,within5,44675,0,0.0,nodata,?,2,
Spices — Cinnamon,1890,42732,42732,1.0,exact01,1417754,1417754,1.0,exact01,Lb,6,
Beads Of All Sorts,1879,42646,0,0.0,nodata,928000,0,0.0,nodata,Lb,0,
"Manufactures Of Hair, And Of Goats' Wool",1871,42636,0,0.0,nodata,42636,0,0.0,nodata,Value,0,
"Wood And Timber — Furniture, Hardwoods, And Veneers : Unenumerated",1868,42572,0,0.0,nodata,17397,0,0.0,nodata,Ton,0,
Whalefins,1875,42240,35418,0.8385,under,1871,1422,0.76,under,Cwt,2,
"Chicory, Raw Or Kiln-Dried",1870,41923,0,0.0,nodata,88022,0,0.0,nodata,Cwt,0,
"Chicory, Raw Or Kiln-Dried",1897,41597,41597,1.0,exact01,98236,98236,1.0,exact01,Cwt,2,
"Chicory, Raw Or Kiln-Dried",1899,41596,41596,1.0,exact01,92178,92178,1.0,exact01,Cwt,1,
Alkali,1892,41516,41516,1.0,exact01,56245,56245,1.0,exact01,Cwt,7,
Spices — Cinnamon,1891,41484,90159,2.1733,over,1380219,1394448,1.0103,within5,Lb,8,
Fruit — Prunes,1900,41443,0,0.0,nodata,28532,0,0.0,nodata,Cwt,0,
"Animals, Living — Horses",1869,41311,0,0.0,nodata,1849,0,0.0,nodata,Number,0,
Honey,1895,41302,56932,1.3784,over,26032,37059,1.4236,over,Cwt,20,
Animal,1874,41287,0,0.0,nodata,20660,0,0.0,nodata,Cwt,0,
Beads — Of Glass,1879,41250,41250,1.0,exact01,919416,919416,1.0,exact01,Lb,3,
"Chicory, Raw Or Kiln-Dried",1900,41149,0,0.0,nodata,97726,0,0.0,nodata,Cwt,0,
Pitch,1898,41059,41054,0.9999,exact01,128860,128860,1.0,exact01,Cwt,9,
Pitch,1899,41055,38025,0.9262,under,128676,129606,1.0072,within5,Cwt,10,
Tobacco — Moselle,1899,40975,40970,0.9999,exact01,46099,0,0.0,nodata,?,3,
Maize Or Indian Corn Meal,1894,40968,40968,1.0,exact01,87120,87120,1.0,exact01,Cwt,3,
"Chicory, Raw Or Kiln-Dried",1898,40797,40797,1.0,exact01,94335,94335,1.0,exact01,Cwt,3,
Pitch,1897,40775,40715,0.9985,within5,133775,133775,1.0,exact01,Cwt,9,
Spices — Cinnamon,1900,40709,0,0.0,nodata,1648352,0,0.0,nodata,Lb,0,
Hock,1893,40632,40001,0.9845,within5,42685,0,0.0,nodata,?,2,
Confectionery,1888,40494,38886,0.9603,within5,14888,14413,0.9681,within5,Cwt,5,
Paper — Hangings,1882,40361,40361,1.0,exact01,12235,12235,1.0,exact01,Cwt,3,
Manufactures Of India And China,1870,40335,0,0.0,nodata,104261,0,0.0,nodata,Pieces,0,
Paper — Hangings,1883,40273,40273,1.0,exact01,11689,11689,1.0,exact01,Cwt,10,
"Manganese, Ore Of",1878,40225,40225,1.0,exact01,9829,9829,1.0,exact01,Ton,5,
Tobacco — Moselle,1897,40206,40206,1.0,exact01,44599,0,0.0,nodata,?,3,
Manufactures Of India And China,1874,39895,0,0.0,nodata,80521,0,0.0,nodata,Pieces,0,
"Plums, French, And Pruneloes",1897,39863,0,0.0,nodata,12336,0,0.0,nodata,Cwt,0,
Dried Or Preserved,1896,39861,0,0.0,nodata,26197,0,0.0,nodata,Cwt,0,
Galls,1871,39717,0,0.0,nodata,14932,0,0.0,nodata,Cwt,0,
Straw,1880,39634,0,0.0,nodata,248528,0,0.0,nodata,Lb,0,
"Wood And Timber — Furniture, Hardwoods, And Veneers : Unenumerated",1869,39461,0,0.0,nodata,19632,0,0.0,nodata,Ton,0,
Paper — Hangings,1892,39443,38863,0.9853,within5,7734,7584,0.9806,within5,Cwt,4,
"Animals, Living — Horses",1868,39242,0,0.0,nodata,1575,0,0.0,nodata,Number,0,
Manufactures Of,1870,39200,0,0.0,nodata,369119,0,0.0,nodata,Lb,0,
Pitch,1896,39103,39767,1.017,within5,127386,128566,1.0093,within5,Cwt,10,
Buckwheat,1894,38891,38959,1.0017,within5,134893,114461,0.8485,under,Cwt,7,
Straw,1873,38824,0,0.0,nodata,200258,0,0.0,nodata,Lb,0,
Paper — Hangings,1886,38800,38800,1.0,exact01,6535,6535,1.0,exact01,Cwt,7,
Spices — Cinnamon,1893,38649,76382,1.9763,over,1243284,2460146,1.9787,over,Lb,5,
Cinnamon,1893,38649,0,0.0,nodata,1243284,0,0.0,nodata,Lb,0,
Cochineal (Including Granilla And Dust),1895,38411,38178,0.9939,within5,5813,5773,0.9931,within5,Cwt,2,
"Chicory, Raw Or Kiln-Dried",1869,38217,0,0.0,nodata,84002,0,0.0,nodata,Cwt,0,
"Sauces Or Condiments, Unenumerated",1893,38154,60201,1.5778,over,5149796,7213717,1.4008,over,Lb,13,
Hock,1894,38048,37974,0.9981,within5,49014,0,0.0,nodata,?,2,
Yarn And Waste Of,1877,37959,37959,1.0,exact01,1026254,1026254,1.0,exact01,Lb,2,
Manufactures Of Iron And Steel — Tyres And Axles,1899,37843,37843,1.0,exact01,48655,48655,1.0,exact01,Cwt,5,
Kowrie,1874,37805,37805,1.0,exact01,17524,17524,1.0,exact01,Cwt,1,
"Meat — Salted Or Fresh, Not Otherwise Described",1882,37630,37630,1.0,exact01,11472,11472,1.0,exact01,Cwt,4,
Unenumerated,1900,37599,0,0.0,nodata,217036,0,0.0,nodata,Value,0,
Manufactures Of Iron And Steel — Tyres And Axles,1898,37563,37563,1.0,exact01,42899,42830,0.9984,within5,Cwt,5,
"Skins, Furs, And Pelts — In Any Way Dressed (Not Leather)",1894,37524,36958,0.9849,within5,229734,226891,0.9876,within5,Number,7,
"Horses (Including Ponies), Viz., Stallions",1898,37468,0,0.0,nodata,689,0,0.0,nodata,Number,0,
"Manufactures, Unenumerated",1886,37462,0,0.0,nodata,37462,0,0.0,nodata,Value,0,
Oil — Animal,1875,37433,37433,1.0,exact01,20175,20175,1.0,exact01,Cwt,3,
Animal,1875,37433,0,0.0,nodata,20175,0,0.0,nodata,Cwt,0,
Maize Or Indian Corn Meal,1893,37330,37327,0.9999,exact01,70784,70784,1.0,exact01,Cwt,3,
Fruit — Prunes,1899,37268,37268,1.0,exact01,22363,22563,1.0089,within5,Cwt,5,
Candles Of All Sorts,1897,37263,37203,0.9984,within5,19967,19967,1.0,exact01,Cwt,6,
"Madder, Madder Root, Garancine, And Munjeet",1885,36858,464049,12.5902,over,24721,896141,36.2502,over,Cwt,11,
Buckwheat,1895,36826,36831,1.0001,exact01,134570,134590,1.0001,exact01,Cwt,4,
"Skins, And Furs — Skins, Unenumerated, Undressed",1893,36798,0,0.0,nodata,471309,0,0.0,nodata,Number,0,
"Manufactures, Unenumerated",1868,36798,0,0.0,nodata,36798,0,0.0,nodata,Value,0,
Cinnamon,1892,36691,0,0.0,nodata,1136281,0,0.0,nodata,Lb,0,
Cochineal (Including Granilla And Dust),1896,36658,36658,1.0,exact01,5697,5697,1.0,exact01,Cwt,3,
Part Wrought,1896,36614,55233,1.5085,over,732,744,1.0164,within5,Ton,7,
Fruit — Prunes,1898,36411,35502,0.975,within5,24190,24190,1.0,exact01,Cwt,5,
Buckwheat,1896,36360,36905,1.015,within5,136556,135485,0.9922,within5,Cwt,7,
Sugar — Glucose,1872,36337,36337,1.0,exact01,29700,29700,1.0,exact01,Cwt,4,
Part Wrought,1899,36078,35388,0.9809,within5,502,495,0.9861,within5,Ton,7,
All Other Sorts,1887,36068,0,0.0,nodata,36068,0,0.0,nodata,Value,0,
Other Kinds Of Meal And Flour,1868,35918,0,0.0,nodata,36693,0,0.0,nodata,Cwt,0,
Tobacco — Moselle,1896,35828,35823,0.9999,exact01,49444,0,0.0,nodata,?,3,
Linen Yarn,1869,35681,0,0.0,nodata,2018363,0,0.0,nodata,Lb,0,
Hats Or Bonnets — Of Felt,1871,35623,0,0.0,nodata,172437,0,0.0,nodata,Number,0,
Hock,1900,35546,0,0.0,nodata,51531,0,0.0,nodata,?,0,
Tobacco — Moselle,1893,35040,35025,0.9996,exact01,40224,0,0.0,nodata,?,3,
"Manufactures, Unenumerated",1869,34981,0,0.0,nodata,34981,0,0.0,nodata,Value,0,
Whalefins,1869,34958,0,0.0,nodata,1680,0,0.0,nodata,Cwt,0,
Buckwheat,1900,34732,0,0.0,nodata,110280,0,0.0,nodata,Cwt,0,
"Old Broken, And Old Broken Steel",1893,34554,0,0.0,nodata,13962,0,0.0,nodata,Ton,0,
Mica And Tale,1896,34509,0,0.0,nodata,34509,0,0.0,nodata,Cwt,0,
Manufactures Of Iron And Steel — Tyres And Axles,1896,34503,43369,1.257,over,45605,39602,0.8684,under,Cwt,7,
Paper — Hangings,1870,34422,0,0.0,nodata,8196,0,0.0,nodata,Cwt,0,
Dried Or Preserved,1895,34371,0,0.0,nodata,21652,0,0.0,nodata,Cwt,0,
"Skins, And Furs — Skins In Any Way Dressed (Not Leather)",1900,34363,0,0.0,nodata,315630,0,0.0,nodata,Number,0,
Hats Or Bonnets — Of Felt,1873,34358,34358,1.0,exact01,198201,198201,1.0,exact01,Number,3,
Paper — Hangings,1894,34275,1891095,55.1742,over,9060,826506,91.2258,over,Cwt,37,
Bones For Manufacturing Purposes,1893,33899,0,0.0,nodata,5049,0,0.0,nodata,Ton,0,
"Bones, Applicable To Manufacturing Purposes",1893,33899,0,0.0,nodata,5049,0,0.0,nodata,Ton,0,
Madder,1877,33871,33871,1.0,exact01,19675,19675,1.0,exact01,Cwt,3,
Paper — Hangings,1893,33768,33628,0.9959,within5,7230,7209,0.9971,within5,Cwt,5,
Cochineal (Including Granilla And Dust),1892,33763,33341,0.9875,within5,5456,5374,0.985,within5,Cwt,2,
"Plate — Of Silver, Gilt Or Ungilt",1900,33703,0,0.0,nodata,112691,0,0.0,nodata,Oz Troy,0,
Other Kinds Of Meal And Flour,1872,33626,0,0.0,nodata,42800,0,0.0,nodata,Cwt,0,
Honey,1894,33545,37372,1.1141,over,21935,22040,1.0048,within5,Cwt,19,
Tobacco — Moselle,1900,33498,0,0.0,nodata,50615,0,0.0,nodata,?,0,
"Horses (Including Ponies), Viz., Stallions",1896,33353,0,0.0,nodata,498,0,0.0,nodata,Number,0,
All Other Sorts,1890,33345,0,0.0,nodata,33345,0,0.0,nodata,Value,0,
"Madder, Madder Root, Garancine, And Munjeet",1882,33207,33207,1.0,exact01,23397,23397,1.0,exact01,Cwt,5,
Hats Or Bonnets — Of Felt,1872,33185,30185,0.9096,under,172724,166694,0.9651,within5,Number,3,
Imitation Lard,1897,33160,0,0.0,nodata,39988,0,0.0,nodata,Cwt,0,
Sugar — Glucose,1870,33142,0,0.0,nodata,39509,0,0.0,nodata,Cwt,0,
Mica And Tale,1897,33141,0,0.0,nodata,33141,0,0.0,nodata,Cwt,0,
Buckwheat,1893,32599,32740,1.0043,within5,107290,107684,1.0037,within5,Cwt,5,
Straw,1881,32556,0,0.0,nodata,256909,0,0.0,nodata,Lb,0,
Spirits — Geneva,1870,32498,0,0.0,nodata,308983,0,0.0,nodata,Proof Gallon,0,
Spirits — Geneva,1869,32325,0,0.0,nodata,281813,0,0.0,nodata,Proof Gallon,0,
Spices — Cinnamon,1894,32243,64035,1.986,over,1222521,2376812,1.9442,over,Lb,5,
Cinnamon,1894,32243,0,0.0,nodata,1222521,0,0.0,nodata,Lb,0,
"Bones, Applicable To Manufacturing Purposes",1896,32001,0,0.0,nodata,7098,0,0.0,nodata,Ton,0,
Alkali,1889,31753,31753,1.0,exact01,47464,47514,1.0011,within5,Cwt,7,
Pitch,1891,31725,31725,1.0,exact01,91305,94299,1.0328,within5,Cwt,6,
Candles Of All Sorts,1894,31606,33432,1.0578,over,14878,15580,1.0472,within5,Cwt,6,
"Plate — Of Silver, Gilt Or Ungilt",1898,31301,29948,0.9568,within5,109211,109211,1.0,exact01,Oz Troy,9,
"Manufactures, Unenumerated",1871,31258,0,0.0,nodata,31258,0,0.0,nodata,Value,0,
"Coals, Cinders, &C — Coals And Culm",1894,31092,0,0.0,nodata,10313,0,0.0,nodata,Ton,0,
Pitch,1894,31072,31148,1.0024,within5,107237,107613,1.0035,within5,Cwt,9,
"Madder, Madder Root, Garancine, And Munjeet",1884,31070,31070,1.0,exact01,23208,23208,1.0,exact01,Cwt,3,
Cows,1895,31049,31155,1.0034,within5,1880,1896,1.0085,within5,Number,7,
Wool — Other Goats' Wool Or Hair,1894,31012,2105696,67.8994,over,0,0,,noanchor,?,17,
Wool — Other Goats' Wool Or Hair,1896,31012,1327705,42.8126,over,2156233,39904477,18.5066,over,?,25,
Wool — Other Sorts Of Goats' Wool Or Hair,1896,31012,0,0.0,nodata,2156233,0,0.0,nodata,Lb,0,
Fruit — Prunes,1897,30963,30963,1.0,exact01,21062,21062,1.0,exact01,Cwt,5,
Fruit — Prunes,1896,30946,30946,1.0,exact01,24062,24062,1.0,exact01,Cwt,5,
"Horses (Including Ponies), Viz., Stallions",1894,30778,0,0.0,nodata,764,0,0.0,nodata,Number,0,
"Plate — Of Silver, Gilt Or Ungilt",1894,30547,33925,1.1106,over,89361,91484,1.0238,within5,Oz Troy,10,
Wool — Other Sorts Of Goats' Wool Or Hair,1899,29886,0,0.0,nodata,2422995,0,0.0,nodata,Lb,0,
Honey,1900,29660,0,0.0,nodata,18873,0,0.0,nodata,Cwt,0,
"Shot, Large And Small",1900,29501,0,0.0,nodata,0,0,,noanchor,?,0,
Cochineal (Including Granilla And Dust),1898,29407,29172,0.992,within5,4961,4917,0.9911,within5,Cwt,2,
Honey,1896,29296,31070,1.0606,over,19975,21123,1.0575,over,Cwt,19,
Alkali,1890,29240,29240,1.0,exact01,37341,37339,0.9999,exact01,Cwt,7,
Cochineal (Including Granilla And Dust),1897,29103,29076,0.9991,exact01,4729,4724,0.9989,within5,Cwt,2,
Honey,1893,29071,30860,1.0615,over,18392,19720,1.0722,over,Cwt,19,
Confectionery,1889,28907,28670,0.9918,within5,8168,8081,0.9893,within5,Cwt,6,
Geneva,1868,28852,0,0.0,nodata,246710,0,0.0,nodata,Proof Gallon,0,
Sugar — Glucose,1869,28748,0,0.0,nodata,33869,0,0.0,nodata,Cwt,0,
Manufactures Of India And China,1875,28643,0,0.0,nodata,58583,0,0.0,nodata,Pieces,0,
All Other Sorts,1884,28463,0,0.0,nodata,28463,0,0.0,nodata,Value,0,
"Madder, Madder Root, Garancine, And Munjeet",1883,28420,28415,0.9998,exact01,21709,21679,0.9986,within5,Cwt,5,
"Madder, Madder Root, Garancine, And Munjeet",1881,28412,0,0.0,nodata,19986,0,0.0,nodata,Cwt,0,
Sperm,1895,27935,0,0.0,nodata,953,0,0.0,nodata,Ton,0,
Spermi,1895,27935,0,0.0,nodata,953,0,0.0,nodata,Ton,0,
Pitch And Tar :Pitch,1883,27766,0,0.0,nodata,93161,0,0.0,nodata,Cwt,0,
Candles Of All Sorts,1898,27740,27830,1.0032,within5,13877,13877,1.0,exact01,Cwt,6,
Pitch,1893,27714,27657,0.9979,within5,95226,95076,0.9984,within5,Cwt,7,
Oil-Seed Cake — Of Other Sorts,1897,27705,967617,34.9257,over,7078,97284,13.7446,over,Ton,42,
Yarn And Waste Of,1878,27684,27684,1.0,exact01,751526,751526,1.0,exact01,Lb,2,
Honey,1898,27670,29362,1.0611,over,20864,22520,1.0794,over,Cwt,16,
Paper — Hangings,1871,27634,0,0.0,nodata,5151,0,0.0,nodata,Cwt,0,
Mica And Tale,1898,27519,0,0.0,nodata,27519,0,0.0,nodata,Cwt,0,
"Bones, Applicable To Manufacturing Purposes",1898,27441,0,0.0,nodata,6519,0,0.0,nodata,Ton,0,
Cochineal (Including Granilla And Dust),1893,27226,26998,0.9916,within5,4471,4426,0.9899,within5,Cwt,2,
All Other Sorts,1883,27183,0,0.0,nodata,27183,0,0.0,nodata,Value,0,
Sperm,1893,27178,0,0.0,nodata,602,0,0.0,nodata,Ton,0,
Honey,1899,27124,29158,1.075,over,16632,17945,1.0789,over,Cwt,16,
Pitch,1892,26894,26814,0.997,within5,96251,96124,0.9987,within5,Cwt,5,
Pitch,1889,26893,26884,0.9997,exact01,100796,100766,0.9997,exact01,Cwt,6,
Pitch And Tar :Pitch,1889,26893,0,0.0,nodata,100796,0,0.0,nodata,Cwt,0,
"Madder, Madder Root, Garancine, And Munjeet",1886,26812,26812,1.0,exact01,21395,21395,1.0,exact01,Cwt,5,
Cochineal (Including Granilla And Dust),1894,26774,26809,1.0013,within5,4577,4583,1.0013,within5,Cwt,4,
Manufactures Of India And China,1880,26601,0,0.0,nodata,77581,0,0.0,nodata,Pieces,0,
Sperm,1894,26579,0,0.0,nodata,747,0,0.0,nodata,Ton,0,
Spermi,1894,26579,0,0.0,nodata,747,0,0.0,nodata,Ton,0,
Pitch,1890,26578,26572,0.9998,exact01,82837,82833,1.0,exact01,Cwt,7,
Pitch And Tar :Pitch,1890,26578,0,0.0,nodata,82837,0,0.0,nodata,Cwt,0,
"Madder, Madder Root, Garancine, And Munjeet",1879,26551,0,0.0,nodata,22952,0,0.0,nodata,Cwt,0,
Manufactures Of India And China,1881,26406,0,0.0,nodata,68747,0,0.0,nodata,Pieces,0,
Dried Or Preserved,1894,26395,0,0.0,nodata,18904,0,0.0,nodata,Cwt,0,
All Other Skins And Furs,1868,26361,0,0.0,nodata,433881,0,0.0,nodata,Value,0,
Sperm,1898,26154,0,0.0,nodata,837,0,0.0,nodata,Ton,0,
Spermi,1898,26154,0,0.0,nodata,837,0,0.0,nodata,Ton,0,
Fruit — Prunes,1893,26128,26095,0.9987,within5,21659,21674,1.0007,exact01,Cwt,4,
"Plate — Of Silver, Gilt Or Ungilt",1893,26099,25049,0.9598,within5,72043,73684,1.0228,within5,Oz Troy,10,
"Coals, Cinders, &C — Coals And Culm",1896,26015,44227,1.7001,over,15750,22050,1.4,over,Ton,5,
"Coals, Culm, Cinders, And Shale",1896,26015,0,0.0,nodata,15750,0,0.0,nodata,Ton,0,
Fruit — Prunes,1894,25623,25037,0.9771,within5,27925,27950,1.0009,exact01,Cwt,5,
Manufactures Of India And China,1871,25446,0,0.0,nodata,39518,0,0.0,nodata,Pieces,0,
Dye Woods — Unenumerated,1887,24807,131900,5.317,over,24807,21306,0.8589,under,Ton,14,
Ore Of,1893,24665,8755,0.355,under,241,454,1.8838,over,Ton,5,
Sugar — Glucose,1871,24593,0,0.0,nodata,22046,0,0.0,nodata,Cwt,0,
Pitch And Tar :Pitch,1884,24455,0,0.0,nodata,86649,0,0.0,nodata,Cwt,0,
"Madder, Madder Root, Garancine, And Munjeet",1880,24345,0,0.0,nodata,22868,0,0.0,nodata,Cwt,0,
Dye Woods — Unenumerated,1890,24321,108127,4.4458,over,24321,19169,0.7882,under,Ton,13,
Pitch And Tar :Pitch,1882,24321,0,0.0,nodata,74195,0,0.0,nodata,Cwt,0,
"Madder, Madder Root, Garancine, And Munjeet",1887,24177,24177,1.0,exact01,19347,19347,1.0,exact01,Cwt,6,
Fruit — Prunes,1895,24024,23124,0.9625,within5,21130,21130,1.0,exact01,Cwt,5,
"Leaf, Not Gold",1899,23947,0,0.0,nodata,117749,0,0.0,nodata,Packets,0,
Cider And Perry,1893,23814,23780,0.9986,within5,558108,557622,0.9991,exact01,Gallon,3,
"Bones, Applicable To Manufacturing Purposes",1899,23780,0,0.0,nodata,3991,0,0.0,nodata,Ton,0,
Paper — Hangings,1868,23772,0,0.0,nodata,5660,0,0.0,nodata,Cwt,0,
Not Tested,1896,23731,0,0.0,nodata,13832,0,0.0,nodata,Gallon,0,
"Liqueurs, Cordials, &Amp;C., Not Tested }",1896,23731,0,0.0,nodata,13832,0,0.0,nodata,Casks Gallons,0,
Part Wrought,1897,23711,32837,1.3849,over,470,647,1.3766,over,Ton,6,
Pitch,1877,23450,23450,1.0,exact01,81558,81558,1.0,exact01,Cwt,2,
Oil-Seed Cake — Of Other Sorts,1895,23353,696033,29.8049,over,6070,44724,7.368,over,Ton,43,
"Confectionery, In The Manufacture Of Which Spirit Has Been Used",1899,23250,23070,0.9923,within5,265462,265402,0.9998,exact01,Lb,5,
Candles Of All Sorts,1900,23182,0,0.0,nodata,11555,0,0.0,nodata,Cwt,0,
"Bones, Applicable To Manufacturing Purposes",1897,23173,0,0.0,nodata,5296,0,0.0,nodata,Ton,0,
Part Wrought,1895,23111,26011,1.1255,over,507,565,1.1144,over,Ton,6,
Not Tested,1897,23019,0,0.0,nodata,13869,0,0.0,nodata,Gallon,0,
"Liqueurs, Cordials, &Amp;C., Not Tested }",1897,23019,0,0.0,nodata,13869,0,0.0,nodata,Casks Gallons,0,
Oil-Seed Cake — Of Other Sorts,1896,22979,654271,28.4726,over,5744,51830,9.0233,over,Ton,41,
"Confectionery, In The Manufacture Of Which Spirit Has Been Used",1898,22963,22963,1.0,exact01,247589,247589,1.0,exact01,Lb,5,
"Plate — Of Silver, Gilt Or Ungilt",1897,22576,22511,0.9971,within5,72530,72449,0.9989,within5,Oz Troy,9,
Pitch,1870,22472,0,0.0,nodata,55818,0,0.0,nodata,Cwt,0,
Pitch And Tar :Pitch,1870,22472,0,0.0,nodata,55818,0,0.0,nodata,Cwt,0,
"Plate — Of Silver, Gilt Or Ungilt",1895,22359,22394,1.0016,within5,70634,70779,1.0021,within5,Oz Troy,9,
Manufactures Of Iron And Steel — Tyres And Axles,1895,22144,23028,1.0399,within5,35632,37557,1.054,over,Cwt,6,
Spices — Unenumerated,1868,22079,0,0.0,nodata,4372624,0,0.0,nodata,Lb,0,
Honey,1897,22061,24136,1.0941,over,15107,16721,1.1068,over,Cwt,18,
Cider And Perry,1895,21826,21863,1.0017,within5,603190,603846,1.0011,within5,Gallon,6,
Candles Of All Sorts,1899,21822,21819,0.9999,exact01,11636,11635,0.9999,exact01,Cwt,6,
Safflower,1880,21789,0,0.0,nodata,3756,0,0.0,nodata,Cwt,0,
Silk — Spun Silk Yarn,1899,21741,21741,1.0,exact01,60128,0,0.0,nodata,Lb,4,
"Spun Silk Yarn, Dyed Or Not Dyed",1899,21741,0,0.0,nodata,60128,0,0.0,nodata,Lb,0,
"Liqueurs, Cordials, &Amp;C., Not Tested }",1899,21686,0,0.0,nodata,14573,0,0.0,nodata,Casks Gallons,0,
Geneva,1900,21652,0,0.0,nodata,182561,0,0.0,nodata,Proof Gallon,0,
Not Tested,1899,21636,0,0.0,nodata,14573,0,0.0,nodata,Gallon,0,
Not Tested,1898,21555,0,0.0,nodata,12891,0,0.0,nodata,Gallon,0,
"Liqueurs, Cordials, &Amp;C., Not Tested }",1898,21555,0,0.0,nodata,12891,0,0.0,nodata,Casks Gallons,0,
Pitch,1881,21429,21429,1.0,exact01,72003,72003,1.0,exact01,Cwt,4,
"Dyeing Or Tanning Stuffs — Madder, Madder Root, Garanoine, And Munjeet",1886,21395,0,0.0,nodata,21395,0,0.0,nodata,Cwt,0,
"Milk And Cream, Fresh Or Preserved, Other Than Condensed Milk",1894,21371,0,0.0,nodata,161633,0,0.0,nodata,Gallon,0,
Pitch And Tar :Pitch,1873,21346,0,0.0,nodata,50493,0,0.0,nodata,Cwt,0,
"Confectionery, In The Manufacture Of Which Spirit Has Been Used",1900,21311,0,0.0,nodata,236123,0,0.0,nodata,Lb,0,
"Plate — Of Silver, Gilt Or Ungilt",1896,21268,21208,0.9972,within5,62359,62054,0.9951,within5,Oz Troy,8,
"Skins, Furs, And Pelts — Unenumerated : Undressed",1898,20858,0,0.0,nodata,226862,0,0.0,nodata,Number,0,
Vegetable,1893,20752,0,0.0,nodata,40438,0,0.0,nodata,?,0,
Cochineal (Including Granilla And Dust),1899,20587,20587,1.0,exact01,3823,3790,0.9914,within5,Cwt,2,
Other Kinds Of Meal And Flour,1870,20358,0,0.0,nodata,33695,0,0.0,nodata,Cwt,0,
Margarine Cheese,1900,20333,0,0.0,nodata,12132,0,0.0,nodata,?,0,
Other Kinds Of Meal And Flour,1871,20307,0,0.0,nodata,19390,0,0.0,nodata,Cwt,0,
Not Tested,1895,20273,0,0.0,nodata,13678,0,0.0,nodata,Gallon,0,
"Skins, Furs, And Pelts — Unenumerated : Undressed",1899,20262,0,0.0,nodata,173021,0,0.0,nodata,Number,0,
"Manufactures, Unenumerated",1876,20216,0,0.0,nodata,20216,0,0.0,nodata,Value,0,
"Confectionery, In The Manufacture Of Which Spirit Has Been Used",1894,20163,22041,1.0931,over,268155,314337,1.1722,over,Lb,6,
"Skins, Furs, And Pelts — Unenumerated : Undressed",1897,20009,0,0.0,nodata,241561,0,0.0,nodata,Number,0,
"Milk And Cream, Fresh Or Preserved, Other Than Condensed Milk",1895,19991,19991,1.0,exact01,126995,126995,1.0,exact01,Gallon,4,
"Skins, And Furs — Skins In Any Way Dressed (Not Leather)",1893,19821,0,0.0,nodata,147433,0,0.0,nodata,Number,0,
"Spun Silk Yarn, Dyed Or Not Dyed",1900,19727,0,0.0,nodata,68264,0,0.0,nodata,Lb,0,
Madder — Root,1877,19496,19171,0.9833,within5,19491,19240,0.9871,within5,Cwt,4,
Dyeing Or Tanning Stuffs — Madder Root And Munjeet,1877,19496,0,0.0,nodata,19491,0,0.0,nodata,Cwt,0,
Pitch,1885,19483,0,0.0,nodata,70449,0,0.0,nodata,Cwt,0,
Pitch And Tar :Pitch,1885,19483,0,0.0,nodata,70449,0,0.0,nodata,Cwt,0,
Pitch And Tar :Pitch,1887,19465,0,0.0,nodata,76744,0,0.0,nodata,Cwt,0,
"Dyeing Or Tanning Stuffs — Madder, Madder Root, Garanoine, And Munjeet",1887,19347,0,0.0,nodata,19347,0,0.0,nodata,Cwt,0,
Not Tested,1893,19160,0,0.0,nodata,13152,0,0.0,nodata,Gallon,0,
Margarine Cheese,1897,19144,0,0.0,nodata,11885,0,0.0,nodata,?,0,
Imitation Cheese,1897,19144,0,0.0,nodata,11885,0,0.0,nodata,Cwt,0,
"Skins, Furs, And Pelts — In Any Way Dressed (Not Leather)",1896,19022,18698,0.983,within5,148033,147485,0.9963,within5,Number,7,
"Madder, Madder Root, Garancine, And Munjeet",1888,18997,18997,1.0,exact01,14201,14204,1.0002,exact01,Cwt,5,
Pitch And Tar :Pitch,1888,18752,0,0.0,nodata,69065,0,0.0,nodata,Cwt,0,
Paper — Hangings,1869,18625,0,0.0,nodata,4435,0,0.0,nodata,Cwt,0,
Pitch,1869,18371,0,0.0,nodata,46953,0,0.0,nodata,Cwt,0,
Pitch And Tar :Pitch,1869,18371,0,0.0,nodata,46953,0,0.0,nodata,Cwt,0,
Madder,1881,18339,18339,1.0,exact01,12493,12493,1.0,exact01,Cwt,3,
"Metal — Leaf, Not Gold",1895,18173,3506346,192.9426,over,186727,2131548,11.4153,over,Packets,38,
"Leaf, Not Gold",1895,18173,18173,1.0,exact01,186727,186727,1.0,exact01,Packets,4,
Mica And Tale,1895,18094,0,0.0,nodata,18094,0,0.0,nodata,Cwt,0,
"Confectionery, In The Manufacture Of Which Spirit Has Been Used",1897,17995,17935,0.9967,within5,219573,219573,1.0,exact01,Lb,5,
Pitch,1878,17831,0,0.0,nodata,80918,0,0.0,nodata,Cwt,0,
Pitch,1874,17671,17671,1.0,exact01,37701,37701,1.0,exact01,Cwt,2,
"Coals, Cinders, &C — Coals And Culm",1897,17511,0,0.0,nodata,9454,0,0.0,nodata,Ton,0,
"Coals, Culm, Cinders, And Shale",1897,17511,0,0.0,nodata,9454,0,0.0,nodata,Ton,0,
Not Tested,1894,17375,0,0.0,nodata,11396,0,0.0,nodata,Gallon,0,
Cider And Perry,1894,17309,17397,1.0051,within5,431155,432808,1.0038,within5,Gallon,6,
Cider And Perry,1897,17270,17270,1.0,exact01,500759,500759,1.0,exact01,Gallon,6,
Dye Woods — Unenumerated,1888,17232,90030,5.2246,over,17232,17292,1.0035,within5,Ton,17,
"Madder, Madder Root, Garancine, And Munjeet",1889,17184,17184,1.0,exact01,14236,14236,1.0,exact01,Cwt,5,
"Metal — Leaf, Not Gold",1896,16845,159798,9.4864,over,180985,186474,1.0303,within5,Packets,22,
"Leaf, Not Gold",1896,16845,0,0.0,nodata,180985,0,0.0,nodata,Packets,0,
Vinegar,1895,16738,17117,1.0226,within5,220064,228378,1.0378,within5,Gallon,5,
"Manufactures, Unenumerated",1877,16690,0,0.0,nodata,16690,0,0.0,nodata,Value,0,
Pitch,1880,16687,16687,1.0,exact01,63430,63427,1.0,exact01,Cwt,3,
"Coals, Cinders, &C — Coals And Culm",1898,16310,0,0.0,nodata,11015,0,0.0,nodata,Ton,0,
"Coals, Culm, Cinders, And Shale",1898,16310,0,0.0,nodata,11015,0,0.0,nodata,Ton,0,
"Confectionery, In The Manufacture Of Which Spirit Has Been Used",1895,16279,17239,1.059,over,190708,204684,1.0733,over,Lb,6,
Cider And Perry,1900,15925,0,0.0,nodata,436592,0,0.0,nodata,Gallon,0,
"Madder, Madder Root, Garancine, And Munjeet",1891,15853,0,0.0,nodata,11477,0,0.0,nodata,Cwt,0,
Safflower,1878,15772,0,0.0,nodata,3459,0,0.0,nodata,Cwt,0,
"Leaf, Not Gold",1898,15689,0,0.0,nodata,109940,0,0.0,nodata,Packets,0,
Dyeing Or Tanning Stuffs — Madder Root And Munjeet,1876,15683,0,0.0,nodata,34243,0,0.0,nodata,Cwt,0,
"Skins, Furs, And Pelts — Unenumerated : Undressed",1896,15562,23186,1.4899,over,164033,241453,1.472,over,Number,10,
"Madder, Madder Root, Garancine, And Munjeet",1890,15515,15545,1.0019,within5,11373,11373,1.0,exact01,Cwt,6,
"Leaf, Not Gold",1894,15447,15440,0.9995,exact01,147818,146430,0.9906,within5,Packets,4,
"Metal — Leaf, Not Gold",1894,15417,1166229,75.6457,over,147818,744951,5.0397,over,Packets,32,
Other Materials,1897,15385,0,0.0,nodata,20326,0,0.0,nodata,Ton,0,
Margarine Cheese,1898,15327,0,0.0,nodata,10165,0,0.0,nodata,?,0,
Imitation Cheese,1898,15327,0,0.0,nodata,10165,0,0.0,nodata,Cwt,0,
Pitch,1868,15161,0,0.0,nodata,37126,0,0.0,nodata,Cwt,0,
Pitch And Tar :Pitch,1868,15161,0,0.0,nodata,37126,0,0.0,nodata,Cwt,0,
Madder,1879,15124,15424,1.0198,within5,13712,13712,1.0,exact01,Cwt,3,
"Sweetened Or Mixed, Tested",1900,15078,0,0.0,nodata,0,0,,noanchor,Proof Gallon,0,
"Skins, Furs, And Pelts — Unenumerated : Undressed",1894,15029,15029,1.0,exact01,168479,168479,1.0,exact01,Number,7,
Other Materials,1899,14940,0,0.0,nodata,16783,0,0.0,nodata,Ton,0,
Part Wrought,1900,14830,0,0.0,nodata,201,0,0.0,nodata,Ton,0,
Pitch,1875,14801,14801,1.0,exact01,35921,35921,1.0,exact01,Cwt,2,
"Skins, Furs, And Pelts — Unenumerated : Undressed",1895,14721,21951,1.4911,over,133858,200684,1.4992,over,Number,11,
Vinegar,1894,14711,14709,0.9999,exact01,215852,215812,0.9998,exact01,Gallon,5,
Dye Woods — Unenumerated,1896,14705,88903,6.0458,over,14705,17811,1.2112,over,Ton,25,
"Confectionery, In The Manufacture Of Which Spirit Has Been Used",1896,14565,14556,0.9994,exact01,185478,185478,1.0,exact01,Lb,5,
Cider And Perry,1898,14514,14514,1.0,exact01,391739,391739,1.0,exact01,Gallon,6,
"Animals, Living — Swine",1890,14474,14474,1.0,exact01,4036,4036,1.0,exact01,Number,4,
Ivory — Vegetable,1894,14440,4627941,320.4945,over,33076,0,0.0,nodata,?,14,
Vegetable,1894,14440,4598377,318.4472,over,33076,0,0.0,nodata,?,3,
Pitch,1872,14342,14342,1.0,exact01,35482,35482,1.0,exact01,Cwt,2,
Pitch And Tar :Pitch,1872,14342,0,0.0,nodata,35482,0,0.0,nodata,Cwt,0,
Pitch,1876,14293,14293,1.0,exact01,35606,35606,1.0,exact01,Cwt,2,
Sperm,1899,14293,0,0.0,nodata,467,0,0.0,nodata,Ton,0,
Safflower,1876,14209,7566,0.5325,under,3751,0,0.0,nodata,Cwt,1,
"Dyeing Or Tanning Stuffs — Madder, Madder Root, Garanoine, And Munjeet",1888,14204,0,0.0,nodata,14204,0,0.0,nodata,Cwt,0,
"Metal — Leaf, Not Gold",1893,14045,183496,13.0649,over,167890,171739,1.0229,within5,Packets,22,
Cochineal (Including Granilla And Dust),1900,14038,0,0.0,nodata,2907,0,0.0,nodata,Cwt,0,
Safflower,1881,13941,0,0.0,nodata,3072,0,0.0,nodata,Cwt,0,
Cider And Perry,1899,13786,13786,1.0,exact01,383848,383848,1.0,exact01,Gallon,5,
Gunpowder,1893,13623,13623,1.0,exact01,1838,1838,1.0,exact01,Cwt,4,
Perfumed,1900,13178,0,0.0,nodata,0,0,,noanchor,Gallon,0,
Other Materials,1898,13171,0,0.0,nodata,18701,0,0.0,nodata,Ton,0,
Pitch,1879,12979,12979,1.0,exact01,57188,57188,1.0,exact01,Cwt,2,
Vinegar,1900,12958,0,0.0,nodata,193354,0,0.0,nodata,Gallon,0,
Tobacco — Burgundy,1899,12845,12842,0.9998,exact01,17391,0,0.0,nodata,?,4,
"Cards, Playing",1900,12771,0,0.0,nodata,32541,0,0.0,nodata,Dozen Packs,0,
Safflower,1875,12762,0,0.0,nodata,3031,0,0.0,nodata,Cwt,0,
Dried Or Preserved,1893,12749,0,0.0,nodata,27063,0,0.0,nodata,Cwt,0,
Vinegar,1899,12744,12650,0.9926,within5,210313,203073,0.9656,within5,Gallon,5,
Ivory — Vegetable,1896,12653,4168608,329.4561,over,39129,0,0.0,nodata,?,12,
Vegetable,1896,12653,4153993,328.301,over,30129,0,0.0,nodata,?,3,
"Manufactures, Unenumerated",1878,12631,0,0.0,nodata,12631,0,0.0,nodata,Value,0,
"Madder, Madder Root, Garancine, And Munjeet",1894,12563,874621,69.6188,over,8744,1919275,219.4962,over,Cwt,18,
"Animals, Living — Swine",1892,12465,12465,1.0,exact01,3826,3826,1.0,exact01,Number,3,
"Metal — Leaf, Not Gold",1897,12434,1787168,143.7323,over,124027,1248280,10.0646,over,Packets,37,
"Leaf, Not Gold",1897,12434,12134,0.9759,within5,124027,124027,1.0,exact01,Packets,3,
In The Manufacture Of Which Spirit Has Been Used,1894,12355,0,0.0,nodata,181737,0,0.0,nodata,?,0,
"Cocoa Or Chocolate, In The Manufacture Of Which Spirit Has Been Used",1894,12255,12205,0.9959,within5,131737,131737,1.0,exact01,Lb,4,
"Coals, Culm, Cinders, And Shale",1900,12154,0,0.0,nodata,9949,0,0.0,nodata,Ton,0,
Tobacco — Burgundy,1898,11693,11205,0.9583,within5,14564,0,0.0,nodata,?,3,
Dye Woods — Unenumerated,1899,11645,0,0.0,nodata,11645,0,0.0,nodata,Ton,0,
"Sweetened Or Mixed, Tested",1894,11615,0,0.0,nodata,69604,0,0.0,nodata,Proof Gallon,0,
Vinegar,1893,11477,11477,1.0,exact01,172642,172642,1.0,exact01,Gallon,4,
"Dyeing Or Tanning Stuffs — Madder, Madder Root, Garanoine, And Munjeet",1890,11373,0,0.0,nodata,11378,0,0.0,nodata,Cwt,0,
"Milk And Cream, Fresh Or Preserved, Other Than Condensed Milk",1898,11293,10171,0.9006,under,19691,10536,0.5351,under,Gallon,5,
"Madder, Madder Root, Garancine, And Munjeet",1893,11039,547229,49.5723,over,7006,909603,129.832,over,Cwt,19,
Cider And Perry,1896,11036,11105,1.0063,within5,321016,321867,1.0027,within5,Gallon,6,
"Shot, Large And Small",1894,10937,10937,1.0,exact01,0,0,,noanchor,?,2,
Other Materials,1896,10886,0,0.0,nodata,24106,0,0.0,nodata,Ton,0,
Sperm,1897,10856,0,0.0,nodata,451,0,0.0,nodata,Ton,0,
Spermi,1897,10856,0,0.0,nodata,451,0,0.0,nodata,Ton,0,
Madder — Root,1878,10825,10435,0.964,within5,11202,10917,0.9746,within5,Cwt,3,
Dyeing Or Tanning Stuffs — Madder Root And Munjeet,1878,10825,0,0.0,nodata,11202,0,0.0,nodata,Cwt,0,
Vinegar,1897,10788,10788,1.0,exact01,199497,199488,1.0,exact01,Gallon,5,
Tobacco — Burgundy,1900,10699,0,0.0,nodata,14738,0,0.0,nodata,?,0,
Sperm,1896,10676,0,0.0,nodata,376,0,0.0,nodata,Ton,0,
Spermi,1896,10676,0,0.0,nodata,376,0,0.0,nodata,Ton,0,
"Cards, Playing",1896,10555,10475,0.9924,within5,41350,41197,0.9963,within5,Dozen Packs,7,
"Swords, Cutlasses, Matchets, Bayonets",1900,10505,0,0.0,nodata,2274,0,0.0,nodata,Cwt,0,
Other Kinds Of Meal And Flour,1869,10269,0,0.0,nodata,21682,0,0.0,nodata,Cwt,0,
Vinegar,1898,10244,10227,0.9983,within5,173639,173199,0.9975,within5,Gallon,5,
In The Manufacture Of Which Spirit Has Been Used,1899,10240,0,0.0,nodata,109754,0,0.0,nodata,?,0,
"Madder, Madder Root, Garancine, And Munjeet",1892,10237,10237,1.0,exact01,6891,6891,1.0,exact01,Cwt,4,
Pitch,1871,10211,0,0.0,nodata,31591,0,0.0,nodata,Cwt,0,
Pitch And Tar :Pitch,1871,10211,0,0.0,nodata,31591,0,0.0,nodata,Cwt,0,
"Cards, Playing",1899,10200,10207,1.0007,exact01,42279,42279,1.0,exact01,Dozen Packs,5,
Margarine Cheese,1899,10136,0,0.0,nodata,5731,0,0.0,nodata,?,0,
Imitation Cheese,1899,10136,0,0.0,nodata,5731,0,0.0,nodata,Cwt,0,
"Beer And Ale: Mum, Spruce Or Black } Beer, Berlin White Beer, And Other Similar Preparations",1896,10104,0,0.0,nodata,1568,0,0.0,nodata,Barrels Of Gallons,0,
"Manufactures, Piece Goods, Muslins",1899,10102,0,0.0,nodata,540042,0,0.0,nodata,Yard,0,
"Cards, Playing",1897,10062,9589,0.953,within5,43218,34100,0.789,under,Dozen Packs,5,
Vinegar,1896,9984,9984,1.0,exact01,186237,186237,1.0,exact01,Gallon,5,
Dye Woods — Unenumerated,1898,9963,0,0.0,nodata,9963,0,0.0,nodata,Ton,0,
"Beer And Ale: Mum, Spruce Or Black } Beer, Berlin White Beer, And Other Similar Preparations",1897,9898,0,0.0,nodata,1518,0,0.0,nodata,Barrels Of Gallons,0,
"Milk And Cream, Fresh Or Preserved, Other Than Condensed Milk",1897,9848,9543,0.969,within5,10006,9975,0.9969,within5,Gallon,6,
"Manufactures, Piece Goods, Muslins",1900,9790,0,0.0,nodata,565442,0,0.0,nodata,Yard,0,
Gunpowder,1894,9644,16041,1.6633,over,1981,2004,1.0116,within5,Cwt,7,
"Manufactures, Piece Goods, Muslins",1896,9610,0,0.0,nodata,526603,0,0.0,nodata,Yard,0,
Safflower,1877,9467,0,0.0,nodata,2162,0,0.0,nodata,Cwt,0,
In The Manufacture Of Which Spirit Has Been Used,1900,9412,0,0.0,nodata,106087,0,0.0,nodata,?,0,
"Cards, Playing",1898,9355,9355,1.0,exact01,43538,43538,1.0,exact01,Dozen Packs,6,
In The Manufacture Of Which Spirit Has Been Used,1898,9324,0,0.0,nodata,99196,0,0.0,nodata,?,0,
"Confectionery, In The Manufacture Of Which Spirit Has Been Used",1893,9306,9309,1.0003,exact01,193424,193434,1.0001,exact01,Lb,2,
"Beer And Ale: Mum, Spruce Or Black } Beer, Berlin White Beer, And Other Similar Preparations",1899,9173,0,0.0,nodata,1492,0,0.0,nodata,Barrels Of Gallons,0,
"Manufactures, Piece Goods, Muslins",1895,9001,0,0.0,nodata,554470,0,0.0,nodata,Yard,0,
"Sparkling, Red: Burgundy",1897,8988,0,0.0,nodata,12028,0,0.0,nodata,?,0,
"Beer And Ale: Mum, Spruce Or Black } Beer, Berlin White Beer, And Other Similar Preparations",1900,8849,0,0.0,nodata,1416,0,0.0,nodata,Barrels Of Gallons,0,
Other Materials,1894,8726,0,0.0,nodata,34662,0,0.0,nodata,Ton,0,
Dye Woods — Unenumerated,1897,8680,60374,6.9555,over,8080,10367,1.283,over,Ton,21,
"Sparkling, Red: Burgundy",1893,8654,0,0.0,nodata,11133,0,0.0,nodata,?,0,
"Sparkling, Red: Burgundy",1895,8652,0,0.0,nodata,12122,0,0.0,nodata,?,0,
"Swords, Cutlasses, Matchets, Bayonets",1894,8494,8479,0.9982,within5,2390,2389,0.9996,exact01,Cwt,6,
Other Materials,1895,8479,0,0.0,nodata,25058,0,0.0,nodata,Ton,0,
Madder — Garancine,1878,8471,8461,0.9988,within5,2582,2582,1.0,exact01,Cwt,2,
"Sparkling, Red: Burgundy",1896,8429,0,0.0,nodata,12045,0,0.0,nodata,?,0,
Vegetable,1900,8211,0,0.0,nodata,13972,0,0.0,nodata,?,0,
"Beer And Ale: Mum, Spruce Or Black } Beer, Berlin White Beer, And Other Similar Preparations",1898,8140,0,0.0,nodata,1367,0,0.0,nodata,Barrels Of Gallons,0,
"Madder, Madder Root, Garancine, And Munjeet",1895,8110,629871,77.666,over,6054,1309768,216.3475,over,Cwt,15,
"Skins, Furs, And Pelts — In Any Way Dressed (Not Leather)",1898,8096,0,0.0,nodata,44443,0,0.0,nodata,Number,0,
"Shot, Large And Small",1896,8063,0,0.0,nodata,0,0,,noanchor,?,0,
Other Materials,1893,7896,0,0.0,nodata,30358,0,0.0,nodata,Ton,0,
"Manufactures, Piece Goods, Muslins",1897,7808,0,0.0,nodata,465570,0,0.0,nodata,Yard,0,
"Madder, Madder Root, Garancine, And Munjeet",1896,7684,501950,65.324,over,5217,1050976,201.4522,over,Cwt,18,
"Manufactures, Piece Goods, Muslins",1898,7676,0,0.0,nodata,432630,0,0.0,nodata,Yard,0,
"Manufactures, Piece Goods, Muslins",1894,7650,0,0.0,nodata,464260,0,0.0,nodata,Yard,0,
"Sparkling, Red: Burgundy",1894,7583,0,0.0,nodata,16359,0,0.0,nodata,?,0,
"Cocoa Or Chocolate, In The Manufacture Of Which Spirit Has Been Used",1893,7575,408389,53.9127,over,86150,166503,1.9327,over,Lb,6,
"Cards, Playing",1895,7539,7514,0.9967,within5,26456,26087,0.9861,within5,Dozen Packs,6,
"Shot, Large And Small",1898,7363,0,0.0,nodata,8163,0,0.0,nodata,?,0,
"Shot, Large And Small",1899,7332,0,0.0,nodata,7073,0,0.0,nodata,?,0,
Ivory — Vegetable,1897,7330,3932555,536.5014,over,16412,0,0.0,nodata,?,9,
Vegetable,1897,7330,3922866,535.1795,over,16412,0,0.0,nodata,?,3,
Madder — Root,1879,7239,7239,1.0,exact01,7751,7751,1.0,exact01,Cwt,2,
Dyeing Or Tanning Stuffs — Madder Root And Munjeet,1879,7239,0,0.0,nodata,7751,0,0.0,nodata,Cwt,0,
In The Manufacture Of Which Spirit Has Been Used,1895,7236,0,0.0,nodata,81037,0,0.0,nodata,?,0,
"Cocoa Or Chocolate, In The Manufacture Of Which Spirit Has Been Used",1895,7235,4693412,648.7093,over,81037,1030750,12.7195,over,Lb,27,
Safflower,1884,7109,0,0.0,nodata,1794,0,0.0,nodata,Cwt,0,
"Manufactures, Piece Goods, Muslins",1893,6938,0,0.0,nodata,379769,0,0.0,nodata,Yard,0,
Ivory — Vegetable,1899,6931,6861,0.9899,within5,17188,0,0.0,nodata,?,6,
Vegetable,1899,6931,0,0.0,nodata,17188,0,0.0,nodata,?,0,
Imported In Bottles — Other Sorts,1894,6929,0,0.0,nodata,8450,0,0.0,nodata,?,0,
Dyeing Or Tanning Stuffs — Madder Root And Munjeet,1880,6901,0,0.0,nodata,10046,0,0.0,nodata,Cwt,0,
"Cocoa Or Chocolate, In The Manufacture Of Which Spirit Has Been Used",1897,6884,6884,1.0,exact01,75233,75233,1.0,exact01,Lb,4,
In The Manufacture Of Which Spirit Has Been Used,1897,6884,0,0.0,nodata,75233,0,0.0,nodata,?,0,
Sugar — Glucose,1868,6876,0,0.0,nodata,8684,0,0.0,nodata,Cwt,0,
"Cards, Playing",1894,6828,6794,0.995,within5,31965,31825,0.9956,within5,Dozen Packs,5,
"Skins, Furs, And Pelts — In Any Way Dressed (Not Leather)",1897,6802,0,0.0,nodata,55367,0,0.0,nodata,Number,0,
"Shot, Large And Small",1895,6532,6532,1.0,exact01,8054,0,0.0,nodata,?,2,
Ivory — Vegetable,1895,6389,4357609,682.0487,over,12988,0,0.0,nodata,?,13,
Vegetable,1895,6389,4332019,678.0434,over,12988,0,0.0,nodata,?,4,
Safflower,1888,6283,0,0.0,nodata,1628,0,0.0,nodata,Cwt,0,
Malt,1896,6069,6114,1.0074,within5,3881,3896,1.0039,within5,Quarter,4,
"Swords, Cutlasses, Matchets, Bayonets",1898,6043,2901,0.4801,under,1834,1916,1.0447,within5,Cwt,5,
Safflower,1886,5934,0,0.0,nodata,1394,0,0.0,nodata,Cwt,0,
Ivory — Vegetable,1898,5849,3762285,643.2356,over,12716,0,0.0,nodata,?,11,
Vegetable,1898,5849,3758299,642.5541,over,12716,0,0.0,nodata,?,5,
Ore Of,1892,5710,0,0.0,nodata,199,0,0.0,nodata,Ton,0,
Imported In Bottles — Other Sorts,1895,5679,0,0.0,nodata,6826,0,0.0,nodata,?,0,
Chloral Hydrate,1900,5658,0,0.0,nodata,25035,0,0.0,nodata,Lb,0,
Malt,1893,5653,5653,1.0,exact01,4509,4509,1.0,exact01,Quarter,2,
Malt,1894,5642,5642,1.0,exact01,3579,3579,1.0,exact01,Quarter,3,
"Milk And Cream, Fresh Or Preserved, Other Than Condensed Milk",1896,5489,5399,0.9836,within5,22776,22326,0.9802,within5,Gallon,5,
Gunpowder,1897,5441,5441,1.0,exact01,786,786,1.0,exact01,Cwt,3,
Safflower,1879,5427,0,0.0,nodata,1148,0,0.0,nodata,Cwt,0,
Dyeing Or Tanning Stuffs — Madder Root And Munjeet,1881,5378,0,0.0,nodata,5636,0,0.0,nodata,Cwt,0,
Imitation Rum,1892,5116,5116,1.0,exact01,71247,71247,1.0,exact01,Proof Gallon,2,
Imported In Bottles — Other Sorts,1896,5026,0,0.0,nodata,7822,0,0.0,nodata,?,0,
Malt,1895,5024,5024,1.0,exact01,2778,2778,1.0,exact01,Quarter,4,
In The Manufacture Of Which Spirit Has Been Used,1896,4990,0,0.0,nodata,51603,0,0.0,nodata,?,0,
Imported In Bottles — Other Sorts,1897,4979,0,0.0,nodata,5812,0,0.0,nodata,?,0,
"Madder, Madder Root, Garancine, And Munjeet",1897,4911,403990,82.2623,over,3793,745737,196.6088,over,Cwt,14,
Safflower,1882,4848,0,0.0,nodata,1298,0,0.0,nodata,Cwt,0,
Madder — Garancine,1881,4695,4695,1.0,exact01,1857,1857,1.0,exact01,Cwt,1,
Chloral Hydrate,1896,4660,4660,1.0,exact01,21911,21911,1.0,exact01,Lb,3,
Chloral Hydrate,1899,4398,0,0.0,nodata,21899,0,0.0,nodata,Lb,0,
"Swords, Cutlasses, Matchets, Bayonets",1897,4396,4375,0.9952,within5,2036,2029,0.9966,within5,Cwt,5,
"Cocoa Or Chocolate, In The Manufacture Of Which Spirit Has Been Used",1896,4390,4990,1.1367,over,51693,51603,0.9983,within5,Lb,4,
"Madder, Madder Root, Garancine, And Munjeet",1898,4388,4388,1.0,exact01,0,0,,noanchor,Cwt,4,
Chloral Hydrate,1897,4244,0,0.0,nodata,24074,0,0.0,nodata,Lb,0,
"Cards, Playing",1893,4134,3972,0.9608,within5,16491,15777,0.9567,within5,Dozen Packs,6,
"Shot, Large And Small",1897,3978,0,0.0,nodata,5234,0,0.0,nodata,?,0,
Madder — Garancine,1879,3888,3888,1.0,exact01,1489,1489,1.0,exact01,Cwt,2,
Chloral Hydrate,1898,3789,0,0.0,nodata,21161,0,0.0,nodata,Lb,0,
Imitation Rum,1893,3770,3770,1.0,exact01,57063,57063,1.0,exact01,Proof Gallon,5,
Gunpowder,1895,3678,3738,1.0163,within5,1108,1121,1.0117,within5,Cwt,5,
Chloral Hydrate,1895,3610,3610,1.0,exact01,18795,18795,1.0,exact01,Lb,3,
Containing Not More Than 50 Per Cent. Of Chocolate With Spirit,1899,3570,0,0.0,nodata,34303,0,0.0,nodata,Lb,0,
Safflower,1883,3511,0,0.0,nodata,980,0,0.0,nodata,Cwt,0,
Imitation Rum,1899,3421,1118863,327.0573,over,49681,2392104,48.1493,over,Proof Gallon,20,
Imitation Rum,1900,3420,0,0.0,nodata,42552,0,0.0,nodata,Proof Gallon,0,
Roasted Or Ground,1896,3409,3409,1.0,exact01,355009,355009,1.0,exact01,Lb,6,
"Swords, Cutlasses, Matchets, Bayonets",1896,3408,3408,1.0,exact01,1296,1296,1.0,exact01,Cwt,6,
Imitation Rum,1891,3400,3400,1.0,exact01,45036,45036,1.0,exact01,Proof Gallon,2,
"Coals, Cinders, &C — Coals And Culm",1899,3397,0,0.0,nodata,1749,0,0.0,nodata,Ton,0,
"Coals, Culm, Cinders, And Shale",1899,3397,0,0.0,nodata,1749,0,0.0,nodata,Ton,0,
"Kiln-Dried, Roasted, Or Ground",1900,3369,0,0.0,nodata,68547,0,0.0,nodata,Lb,0,
Imported In Bottles — Other Sorts,1900,3243,0,0.0,nodata,4281,0,0.0,nodata,?,0,
Containing Not More Than 50 Per Cent. Of Chocolate With Spirit,1900,3194,0,0.0,nodata,36937,0,0.0,nodata,Lb,0,
"Swords, Cutlasses, Matchets, Bayonets",1899,3152,3052,0.9683,within5,1450,1450,1.0,exact01,Cwt,5,
Safflower,1887,3122,0,0.0,nodata,710,0,0.0,nodata,Cwt,0,
Containing Not More Than 50 Per Cent. Of Chocolate,1900,3067,0,0.0,nodata,37546,0,0.0,nodata,Lb,0,
Chloral Hydrate,1894,3062,3032,0.9902,within5,18360,18083,0.9849,within5,Lb,3,
Chloral Hydrate,1893,2928,2928,1.0,exact01,20045,20016,0.9986,within5,Lb,3,
Safflower,1885,2907,0,0.0,nodata,715,0,0.0,nodata,Cwt,0,
Roasted Or Ground,1895,2870,2870,1.0,exact01,187874,187874,1.0,exact01,Lb,6,
Containing Not More Than 50 Per Cent. Of Chocolate With Spirit,1898,2713,0,0.0,nodata,25668,0,0.0,nodata,Lb,0,
Husks And Shells,1898,2410,0,0.0,nodata,9727,0,0.0,nodata,Cwt,0,
Roasted Or Ground,1894,2393,1011830,422.8291,over,143029,31317763,218.9609,over,Lb,18,
Containing Not More Than 50 Per Cent. Of Chocolate With Spirit,1896,2340,0,0.0,nodata,22796,0,0.0,nodata,Lb,0,
"Swords, Cutlasses, Matchets, Bayonets",1895,2322,2560,1.1025,over,607,675,1.112,over,Cwt,6,
Imported In Bottles — Other Sorts,1899,2270,0,0.0,nodata,3159,0,0.0,nodata,?,0,
Roasted Or Ground,1897,2255,2255,1.0,exact01,188658,188649,1.0,exact01,Lb,5,
Malt,1897,2141,2108,0.9846,within5,1353,1353,1.0,exact01,Quarter,2,
Containing Not More Than 50 Per Cent. Of Chocolate With Spirit,1897,2076,0,0.0,nodata,26792,0,0.0,nodata,Lb,0,
Malt,1900,2044,0,0.0,nodata,928,0,0.0,nodata,Quarter,0,
Gunpowder,1896,2040,2040,1.0,exact01,594,594,1.0,exact01,Cwt,2,
Imported In Bottles — Other Sorts,1898,1957,0,0.0,nodata,2558,0,0.0,nodata,?,0,
"Coin, Gold And Silver (See Table No. 15)",1898,1950,0,0.0,nodata,1950,0,0.0,nodata,Lb,0,
Safflower,1896,1903,0,0.0,nodata,536,0,0.0,nodata,Cwt,0,
Roasted Or Ground,1900,1812,0,0.0,nodata,104822,0,0.0,nodata,Lb,0,
"Animals, Living — Swine",1891,1809,1809,1.0,exact01,542,542,1.0,exact01,Number,2,
Safflower,1894,1742,0,0.0,nodata,401,0,0.0,nodata,Cwt,0,
Imitation Rum,1894,1737,1442628,830.5285,over,31206,3643421,116.7539,over,Proof Gallon,20,
Imitation Rum,1897,1718,1344656,782.6868,over,28651,3150177,109.95,over,Proof Gallon,20,
Containing Not More Than 50 Per Cent. Of Chocolate With Spirit,1895,1705,0,0.0,nodata,17983,0,0.0,nodata,Lb,0,
Husks And Shells,1897,1697,1275,0.7513,under,3883,3879,0.999,within5,Cwt,2,
Gunpowder,1898,1597,1597,1.0,exact01,405,405,1.0,exact01,Cwt,3,
Imitation Rum,1895,1586,1192160,751.6772,over,27918,2842196,101.8051,over,Proof Gallon,19,
"Coin, Gold And Silver (See Table No. 15)",1897,1575,0,0.0,nodata,1575,0,0.0,nodata,Lb,0,
Snuff,1893,1551,1557,1.0039,within5,6634,6603,0.9953,within5,Lb,3,
Gunpowder,1899,1550,1559,1.0058,within5,751,751,1.0,exact01,Cwt,1,
Tobacco — Burgundy,1897,1519,10183,6.7038,over,13547,0,0.0,nodata,?,4,
Tobacco — Burgundy,1896,1505,7957,5.287,over,14208,0,0.0,nodata,?,3,
Containing Not More Than 50 Per Cent. Of Chocolate,1898,1458,0,0.0,nodata,19760,0,0.0,nodata,Lb,0,
Imitation Rum,1896,1441,1240307,860.7266,over,26324,2799517,106.3485,over,Proof Gallon,20,
Malt,1898,1435,1435,1.0,exact01,828,828,1.0,exact01,Quarter,3,
Roasted Or Ground,1898,1400,1400,1.0,exact01,108769,108769,1.0,exact01,Lb,7,
Calves,1896,1369,1369,1.0,exact01,205,205,1.0,exact01,Number,4,
"Coin, Gold And Silver (See Table No. 15)",1896,1319,0,0.0,nodata,1319,0,0.0,nodata,Lb,0,
Collodium,1893,1295,924650,714.0154,over,1942,1425836,734.2101,over,Gallon,14,
Imitation Rum,1898,1289,1068695,829.0884,over,17325,2376585,137.1766,over,Proof Gallon,18,
"Coin, Gold And Silver (See Table No. 15)",1894,1270,0,0.0,nodata,1270,0,0.0,nodata,Lb,0,
Tobacco — Burgundy,1893,1237,2068,1.6718,over,1252,0,0.0,nodata,?,4,
Madder — Garancine,1880,1229,1229,1.0,exact01,493,493,1.0,exact01,Cwt,1,
Safflower,1890,1182,0,0.0,nodata,325,0,0.0,nodata,Cwt,0,
Calves,1895,1179,1195,1.0136,within5,348,352,1.0115,within5,Number,5,
Calves,1900,1179,0,0.0,nodata,230,0,0.0,nodata,Number,0,
Roasted Or Ground,1899,1123,1123,1.0,exact01,79024,79024,1.0,exact01,Lb,6,
Malt,1899,1119,1000,0.8937,under,694,606,0.8732,under,Quarter,3,
Sulphuric,1893,1098,1098,1.0,exact01,4245,4246,1.0002,exact01,Gallon,2,
Containing Not More Than 50 Per Cent. Of Chocolate,1899,1079,0,0.0,nodata,10339,0,0.0,nodata,Lb,0,
Calves,1897,1050,1050,1.0,exact01,203,203,1.0,exact01,Number,3,
Swine,1898,1020,0,0.0,nodata,450,0,0.0,nodata,Number,0,
"Kiln-Dried, Roasted, Or Ground",1899,977,938,0.9601,within5,22155,21247,0.959,within5,Lb,6,
Gold,1900,975,0,0.0,nodata,140,0,0.0,nodata,Oz Troy,0,
"Coin, Gold And Silver (See Table No. 15)",1895,958,0,0.0,nodata,958,0,0.0,nodata,Lb,0,
Calves,1899,932,601,0.6448,under,193,191,0.9896,within5,Number,4,
Gold,1899,930,295885,318.1559,over,23,0,0.0,nodata,Oz Troy,16,
Sulphuric,1894,927,927,1.0,exact01,3739,3739,1.0,exact01,Gallon,1,
Butyric,1900,898,0,0.0,nodata,1354,0,0.0,nodata,Gallon,0,
"Kiln-Dried, Roasted, Or Ground",1898,883,768,0.8698,under,18359,16398,0.8932,under,Lb,6,
Safflower,1897,883,0,0.0,nodata,313,0,0.0,nodata,Cwt,0,
"Kiln-Dried, Roasted, Or Ground",1895,882,1696,1.9229,over,17471,33266,1.9041,over,Lb,8,
Containing Not More Than 50 Per Cent. Of Chocolate,1897,851,0,0.0,nodata,11553,0,0.0,nodata,Lb,0,
Butyric,1898,840,0,0.0,nodata,390,0,0.0,nodata,Gallon,0,
Containing Not More Than 50 Per Cent. Of Chocolate,1896,836,0,0.0,nodata,12095,0,0.0,nodata,Lb,0,
Safflower,1889,830,0,0.0,nodata,190,0,0.0,nodata,Cwt,0,
Tobacco — Burgundy,1895,827,8688,10.5054,over,863,0,0.0,nodata,?,3,
"Soap, Transparent, In The Manufacture Of Which Spirit Has Been Used",1896,809,0,0.0,nodata,14595,0,0.0,nodata,Lb,0,
Snuff,1895,800,800,1.0,exact01,3389,3389,1.0,exact01,Lb,2,
"Soap, Transparent, In The Manufacture Of Which Spirit Has Been Used",1897,793,0,0.0,nodata,13397,0,0.0,nodata,Lb,0,
Husks And Shells,1899,782,0,0.0,nodata,3079,0,0.0,nodata,Cwt,0,
"Soap, Transparent, In The Manufacture Of Which Spirit Has Been Used",1898,774,0,0.0,nodata,12164,0,0.0,nodata,Lb,0,
"Kiln-Dried, Roasted, Or Ground",1893,771,1425,1.8482,over,14471,27034,1.8682,over,Lb,8,
Husks And Shells,1896,761,749,0.9842,within5,2384,2366,0.9924,within5,Cwt,2,
Sulphuric,1898,754,0,0.0,nodata,3539,0,0.0,nodata,Gallon,0,
Margarine Cheese,1896,718,0,0.0,nodata,421,0,0.0,nodata,?,0,
Imitation Cheese,1896,718,0,0.0,nodata,421,0,0.0,nodata,Cwt,0,
"Kiln-Dried, Roasted, Or Ground",1896,708,1414,1.9972,over,13572,27054,1.9934,over,Lb,8,
Calves,1894,679,689,1.0147,within5,133,135,1.015,within5,Number,5,
"Kiln-Dried, Roasted, Or Ground",1894,663,1291,1.9472,over,12914,24902,1.9283,over,Lb,8,
Sulphuric,1900,663,0,0.0,nodata,3107,0,0.0,nodata,Gallon,0,
Husks And Shells,1900,658,0,0.0,nodata,2222,0,0.0,nodata,Cwt,0,
Husks And Shells,1894,632,626,0.9905,within5,1416,1393,0.9838,within5,Cwt,2,
"Kiln-Dried, Roasted, Or Ground",1897,631,595,0.9429,under,12054,11323,0.9394,under,Lb,6,
Snuff,1894,627,629,1.0032,within5,2662,2670,1.003,within5,Lb,3,
"Soap, Transparent, In The Manufacture Of Which Spirit Has Been Used",1895,625,625,1.0,exact01,13842,13842,1.0,exact01,Lb,4,
Tobacco — Burgundy,1894,622,7538,12.119,over,11064,0,0.0,nodata,?,4,
Sulphuric,1897,609,0,0.0,nodata,3626,0,0.0,nodata,Gallon,0,
"Chicory : Other Vegetable Matter, Applicable To The Uses Of Chicory Or Of Coffee",1896,606,0,0.0,nodata,338,0,0.0,nodata,Cwt,0,
"Soap, Transparent, In The Manufacture Of Which Spirit Has Been Used",1899,604,0,0.0,nodata,10862,0,0.0,nodata,Lb,0,
Sulphuric,1895,575,575,1.0,exact01,2382,2382,1.0,exact01,Gallon,2,
"Chicory And Coffee, Roasted Or Ground Mixed",1894,549,0,0.0,nodata,27760,0,0.0,nodata,Lb,0,
Imitation Cheese,1893,542,0,0.0,nodata,277,0,0.0,nodata,Cwt,0,
Snuff,1897,541,540,0.9982,within5,2254,2248,0.9973,within5,Lb,2,
Sulphuric,1896,538,538,1.0,exact01,2296,2296,1.0,exact01,Gallon,2,
Butyric,1899,535,0,0.0,nodata,426,0,0.0,nodata,Gallon,0,
Collodium,1898,528,523,0.9905,within5,1950,1950,1.0,exact01,Gallon,1,
Butyric,1895,525,525,1.0,exact01,350,350,1.0,exact01,Gallon,1,
"Soap, Transparent, In The Manufacture Of Which Spirit Has Been Used",1900,511,0,0.0,nodata,11364,0,0.0,nodata,Lb,0,
Collodium,1897,497,1104722,2222.7807,over,1575,1382763,877.9448,over,Gallon,15,
Butyric,1896,483,483,1.0,exact01,382,382,1.0,exact01,Gallon,1,
Collodium,1894,470,884137,1881.1426,over,1270,1516461,1194.0638,over,Gallon,14,
Husks And Shells,1895,467,467,1.0,exact01,1447,1447,1.0,exact01,Cwt,1,
Plate — Of Gold,1893,465,465,1.0,exact01,55,55,1.0,exact01,Oz Troy,2,
Husks And Shells,1893,428,448,1.0467,within5,1359,1388,1.0213,within5,Cwt,4,
Butyric,1897,420,0,0.0,nodata,351,0,0.0,nodata,Gallon,0,
Chloroform,1898,416,0,0.0,nodata,4057,0,0.0,nodata,Lb,0,
"Animals, Living — Swine",1893,413,413,1.0,exact01,138,138,1.0,exact01,Number,2,
Chloroform,1897,409,0,0.0,nodata,3463,0,0.0,nodata,Lb,0,
Sulphuric,1899,407,0,0.0,nodata,1395,0,0.0,nodata,Gallon,0,
Collodium,1896,402,792085,1970.3607,over,1819,1192272,655.4546,over,Gallon,17,
Containing Not More Than 50 Per Cent. Of Chocolate,1895,399,0,0.0,nodata,4530,0,0.0,nodata,Lb,0,
"And Coffee, Roasted And Ground, Mixed",1896,397,0,0.0,nodata,21541,0,0.0,nodata,?,0,
"Chicory And Coffee, Roasted Or Ground Mixed",1896,397,0,0.0,nodata,21541,0,0.0,nodata,Lb,0,
Collodium,1900,395,0,0.0,nodata,1203,0,0.0,nodata,Gallon,0,
"Chicory And Coffee, Roasted Or Ground Mixed",1895,384,0,0.0,nodata,25220,0,0.0,nodata,Lb,0,
Safflower,1891,365,0,0.0,nodata,78,0,0.0,nodata,Cwt,0,
Chloroform,1895,349,349,1.0,exact01,3694,3694,1.0,exact01,Lb,2,
Safflower,1892,345,0,0.0,nodata,130,0,0.0,nodata,Cwt,0,
Collodium,1899,336,318,0.9464,under,307,854,2.7818,over,Gallon,2,
Calves,1893,318,318,1.0,exact01,74,73,0.9865,within5,Number,3,
Collodium,1895,307,804147,2619.3713,over,953,1285972,1349.3935,over,Gallon,15,
Chloroform,1896,267,267,1.0,exact01,3163,3163,1.0,exact01,Lb,2,
Chloroform,1899,259,0,0.0,nodata,1814,0,0.0,nodata,Lb,0,
Ether — Acetic,1900,244,0,0.0,nodata,5294,0,0.0,nodata,Lb,0,
Plate — Of Gold,1897,241,241,1.0,exact01,51,51,1.0,exact01,Oz Troy,2,
Chloroform,1894,221,206,0.9321,under,1715,1696,0.9889,within5,Lb,1,
"And Coffee, Roasted And Ground, Mixed",1898,213,0,0.0,nodata,9489,0,0.0,nodata,?,0,
"Chicory And Coffee, Roasted Or Ground Mixed",1898,213,0,0.0,nodata,9489,0,0.0,nodata,Lb,0,
"And Coffee, Roasted And Ground, Mixed",1897,209,0,0.0,nodata,13629,0,0.0,nodata,?,0,
"Chicory And Coffee, Roasted Or Ground Mixed",1897,209,0,0.0,nodata,13629,0,0.0,nodata,Lb,0,
Chloroform,1893,206,206,1.0,exact01,1837,1837,1.0,exact01,Lb,1,
Butyric,1894,195,195,1.0,exact01,162,162,1.0,exact01,Gallon,1,
Ether — Acetic,1895,194,194,1.0,exact01,2870,2870,1.0,exact01,Lb,2,
Snuff,1899,168,108,0.6429,under,0,0,,noanchor,Lb,2,
"Liqueurs, Cordials, &Amp;C., Not Tested }",1900,156,0,0.0,nodata,636,0,0.0,nodata,Casks Gallons,0,
Ether — Acetic,1898,150,0,0.0,nodata,2594,0,0.0,nodata,Lb,0,
Imitation Cheese,1894,148,0,0.0,nodata,118,0,0.0,nodata,Cwt,0,
Safflower,1893,140,0,0.0,nodata,32,0,0.0,nodata,Cwt,0,
Safflower,1898,120,0,0.0,nodata,0,0,,noanchor,Cwt,0,
Ether — Acetic,1893,119,119,1.0,exact01,2050,2090,1.0195,within5,Lb,1,
Ether — Acetic,1899,119,0,0.0,nodata,2508,0,0.0,nodata,Lb,0,
Plate — Of Gold,1895,112,112,1.0,exact01,14,14,1.0,exact01,Oz Troy,1,
Chloroform,1900,108,0,0.0,nodata,1454,0,0.0,nodata,Lb,0,
Imitation Cheese,1895,106,0,0.0,nodata,68,0,0.0,nodata,Cwt,0,
"And Coffee, Roasted And Ground, Mixed",1899,98,0,0.0,nodata,8450,0,0.0,nodata,?,0,
"Chicory And Coffee, Roasted Or Ground Mixed",1899,93,0,0.0,nodata,3450,0,0.0,nodata,Lb,0,
Ether — Acetic,1897,82,0,0.0,nodata,2043,0,0.0,nodata,Lb,0,
"And Coffee, Roasted And Ground, Mixed",1900,73,0,0.0,nodata,1966,0,0.0,nodata,?,0,
Ether — Acetic,1894,62,62,1.0,exact01,668,668,1.0,exact01,Lb,1,
Safflower,1899,62,0,0.0,nodata,20,0,0.0,nodata,Cwt,0,
"Chicory : Other Vegetable Matter, Applicable To The Uses Of Chicory Or Of Coffee",1894,58,0,0.0,nodata,26,0,0.0,nodata,Cwt,0,
"Chicory : Other Vegetable Matter, Applicable To The Uses Of Chicory Or Of Coffee",1897,55,0,0.0,nodata,21,0,0.0,nodata,Cwt,0,
Ether — Acetic,1896,47,47,1.0,exact01,540,540,1.0,exact01,Lb,1,
Plate — Of Gold,1896,40,40,1.0,exact01,6,6,1.0,exact01,Oz Troy,1,
"Chicory : Other Vegetable Matter, Applicable To The Uses Of Chicory Or Of Coffee",1895,36,0,0.0,nodata,16,0,0.0,nodata,Cwt,0,
Iodide Of,1894,32,0,0.0,nodata,1,0,0.0,nodata,Gallon,0,
"Chicory : Other Vegetable Matter, Applicable To The Uses Of Chicory Or Of Coffee",1898,29,0,0.0,nodata,13,0,0.0,nodata,Cwt,0,
"Chicory : Other Vegetable Matter, Applicable To The Uses Of Chicory Or Of Coffee",1899,22,0,0.0,nodata,10,0,0.0,nodata,Cwt,0,
"Animals, Living — Swine",1894,16,16,1.0,exact01,8,8,1.0,exact01,Number,1,
Iodide Of,1900,15,0,0.0,nodata,2,0,0.0,nodata,Gallon,0,
Safflower,1895,12,0,0.0,nodata,4,0,0.0,nodata,Cwt,0,
Swine,1896,10,0,0.0,nodata,4,0,0.0,nodata,Number,0,
Snuff,1896,6,2,0.3333,under,143,55,0.3846,under,Lb,1,
Iodide Of,1898,6,6,1.0,exact01,1,1,1.0,exact01,Gallon,1,
Snuff,1900,4,0,0.0,nodata,52,0,0.0,nodata,Lb,0,
Iodide Of,1895,2,2,1.0,exact01,1,1,1.0,exact01,Gallon,1,
Iodide Of,1896,2,2,1.0,exact01,1,1,1.0,exact01,Gallon,1,
